{"type":"FeatureCollection","features":[{"type":"Feature","geometry":{"type":"Polygon","coordinates":[[[-69.10348,44.01049],[-69.10256,44.01065],[-69.10255,44.01097],[-69.10328,44.01133],[-69.10348,44.01049]]]},"properties":{}},{"type":"Feature","geometry":{"type":"Polygon","coordinates":[[[-69.13793,43.98001],[-69.13721,43.98103],[-69.13758,43.9818],[-69.13836,43.98065],[-69.13793,43.98001]]]},"properties":{}},{"type":"Feature","geometry":{"type":"Polygon","coordinates":[[[-69.1132,44.02318],[-69.11222,44.02378],[-69.1139,44.02341],[-69.1132,44.02318]]]},"properties":{}},{"type":"Feature","geometry":{"type":"Polygon","coordinates":[[[-69.08464,43.96926],[-69.07997,43.96855],[-69.07912,43.969],[-69.08258,43.97039],[-69.08464,43.96926]]]},"properties":{}},{"type":"Feature","geometry":{"type":"Polygon","coordinates":[[[-69.111,43.98034],[-69.11021,43.98027],[-69.11034,43.98079],[-69.111,43.98034]]]},"properties":{}},{"type":"Feature","geometry":{"type":"Polygon","coordinates":[[[-69.088,43.98575],[-69.08878,43.98162],[-69.09249,43.98133],[-69.09396,43.97914],[-69.09411,43.98109],[-69.09477,43.98144],[-69.09632,43.97911],[-69.09663,43.98094],[-69.09549,43.9836],[-69.09132,43.98422],[-69.09006,43.98631],[-69.088,43.98575]]]},"properties":{}},{"type":"Feature","geometry":{"type":"Polygon","coordinates":[[[-69.07687,44.0133],[-69.07616,44.01409],[-69.07691,44.01452],[-69.07687,44.0133]]]},"properties":{}},{"type":"Feature","geometry":{"type":"Polygon","coordinates":[[[-69.08246,43.98768],[-69.08096,43.9888],[-69.08071,43.98681],[-69.08123,43.98676],[-69.08246,43.98768]]]},"properties":{}},{"type":"Feature","geometry":{"type":"Polygon","coordinates":[[[-69.075,43.98667],[-69.075,43.98982],[-69.0756,43.98983],[-69.075,43.99095],[-69.0754,43.99095],[-69.07674,43.99043],[-69.07702,43.98916],[-69.07896,43.98732],[-69.07773,43.98642],[-69.07723,43.98744],[-69.075,43.98667]]]},"properties":{}},{"type":"Feature","geometry":{"type":"Polygon","coordinates":[[[-69.09253,43.98964],[-69.09256,43.98879],[-69.0935,43.98877],[-69.09357,43.9891],[-69.09253,43.98964]]]},"properties":{}},{"type":"Feature","geometry":{"type":"Polygon","coordinates":[[[-69.08552,43.98363],[-69.08579,43.986],[-69.08513,43.98649],[-69.08604,43.98723],[-69.08683,43.98514],[-69.08552,43.98363]]]},"properties":{}},{"type":"Feature","geometry":{"type":"Polygon","coordinates":[[[-69.1411,43.98475],[-69.14026,43.98486],[-69.13971,43.98317],[-69.14083,43.98126],[-69.14472,43.98002],[-69.14544,43.98128],[-69.14509,43.98357],[-69.14255,43.98678],[-69.14316,43.98764],[-69.142,43.98774],[-69.1411,43.98475]]]},"properties":{}},{"type":"Feature","geometry":{"type":"Polygon","coordinates":[[[-69.13817,43.97856],[-69.13701,43.9792],[-69.13797,43.97954],[-69.13817,43.97856]]]},"properties":{}},{"type":"Feature","geometry":{"type":"Polygon","coordinates":[[[-69.07738,43.98179],[-69.075,43.98071],[-69.075,43.97849],[-69.07881,43.97747],[-69.07861,43.97621],[-69.0775,43.97633],[-69.07764,43.97523],[-69.07622,43.97458],[-69.07678,43.97358],[-69.07855,43.97373],[-69.08023,43.97962],[-69.08124,43.98],[-69.07896,43.98138],[-69.07951,43.98232],[-69.07863,43.98373],[-69.07763,43.98335],[-69.07738,43.98179]]]},"properties":{}},{"type":"Feature","geometry":{"type":"Polygon","coordinates":[[[-69.13308,43.99777],[-69.13233,43.99862],[-69.13232,43.99755],[-69.13308,43.99777]]]},"properties":{}},{"type":"Feature","geometry":{"type":"Polygon","coordinates":[[[-69.12048,44.00369],[-69.11998,44.00167],[-69.12154,44.00107],[-69.12138,44.00023],[-69.11693,43.99962],[-69.11724,44.0004],[-69.11566,44.00104],[-69.11122,44.00075],[-69.11001,44.0002],[-69.10956,43.99896],[-69.1101,43.99767],[-69.11356,43.9951],[-69.1217,43.99541],[-69.1213,43.99614],[-69.12257,43.99765],[-69.12559,43.99656],[-69.12541,43.99857],[-69.12708,43.99859],[-69.12654,43.99923],[-69.12757,44.0002],[-69.12612,44.00378],[-69.1241,44.00473],[-69.12389,44.00558],[-69.12323,44.00446],[-69.12048,44.00369]]]},"properties":{}},{"type":"Feature","geometry":{"type":"Polygon","coordinates":[[[-69.12709,43.98107],[-69.12408,43.98026],[-69.12372,43.97827],[-69.12568,43.97773],[-69.12953,43.97815],[-69.13045,43.9778],[-69.13072,43.97662],[-69.13274,43.97635],[-69.13225,43.97781],[-69.13418,43.97904],[-69.13366,43.97968],[-69.13423,43.98403],[-69.13265,43.98376],[-69.1323,43.98432],[-69.13148,43.98299],[-69.13077,43.98355],[-69.12985,43.98145],[-69.12872,43.9827],[-69.12709,43.98107]]]},"properties":{}},{"type":"Feature","geometry":{"type":"Polygon","coordinates":[[[-69.11732,43.99154],[-69.11528,43.99271],[-69.11562,43.99448],[-69.11824,43.99337],[-69.11694,43.99197],[-69.11732,43.99154]]]},"properties":{}},{"type":"Feature","geometry":{"type":"Polygon","coordinates":[[[-69.11179,44.0176],[-69.11118,44.01827],[-69.10955,44.01709],[-69.11063,44.01628],[-69.11179,44.0176]]]},"properties":{}},{"type":"Feature","geometry":{"type":"Polygon","coordinates":[[[-69.08202,43.98189],[-69.08085,43.98204],[-69.08101,43.98282],[-69.08202,43.98189]]]},"properties":{}},{"type":"Feature","geometry":{"type":"Polygon","coordinates":[[[-69.1241,44.02151],[-69.12051,44.02191],[-69.11991,44.025],[-69.15,44.025],[-69.15,44.00252],[-69.14917,44.00191],[-69.15,43.99831],[-69.14842,43.9962],[-69.1496,43.99585],[-69.15,43.9936],[-69.14912,43.9933],[-69.14871,43.99184],[-69.14738,43.99309],[-69.14629,43.99308],[-69.14819,43.98988],[-69.14749,43.98878],[-69.14932,43.98603],[-69.14636,43.98628],[-69.14447,43.98994],[-69.14004,43.99353],[-69.13864,43.9933],[-69.13815,43.99595],[-69.13566,43.99733],[-69.13571,43.99934],[-69.13754,44.00054],[-69.14042,43.99996],[-69.14371,43.99631],[-69.14507,43.99749],[-69.14874,43.99727],[-69.14948,43.99811],[-69.14647,44.00077],[-69.14161,44.00183],[-69.14209,44.00238],[-69.14111,44.005],[-69.13888,44.00771],[-69.13939,44.00825],[-69.13874,44.00897],[-69.13543,44.01033],[-69.13837,44.00849],[-69.13886,44.00469],[-69.13604,44.00285],[-69.13233,44.004],[-69.13161,44.00668],[-69.12869,44.0103],[-69.12684,44.00939],[-69.12747,44.00755],[-69.12429,44.00594],[-69.12336,44.00666],[-69.12379,44.00815],[-69.1252,44.00839],[-69.1263,44.0097],[-69.12575,44.01332],[-69.12743,44.01099],[-69.12839,44.01104],[-69.12826,44.01221],[-69.12938,44.01305],[-69.1288,44.01535],[-69.13009,44.01643],[-69.12872,44.01667],[-69.12911,44.01735],[-69.12794,44.01753],[-69.1241,44.02151]]]},"properties":{}},{"type":"Feature","geometry":{"type":"Polygon","coordinates":[[[-69.06195,44.00023],[-69.06178,43.99938],[-69.05967,43.99897],[-69.06006,43.99815],[-69.05896,43.99772],[-69.05927,43.99689],[-69.0577,43.99746],[-69.05542,43.99579],[-69.05328,43.99601],[-69.05067,43.99791],[-69.05049,44.00084],[-69.0462,44.0026],[-69.04524,44.00469],[-69.0493,44.00668],[-69.05218,44.00608],[-69.05374,44.00485],[-69.05197,44.004],[-69.05237,44.00247],[-69.05439,44.00047],[-69.05951,43.99969],[-69.06068,44.00075],[-69.06195,44.00023]]]},"properties":{}},{"type":"Feature","geometry":{"type":"Polygon","coordinates":[[[-69.07283,43.98989],[-69.06904,43.99024],[-69.06788,43.98862],[-69.06929,43.98705],[-69.06902,43.98627],[-69.07046,43.98626],[-69.07202,43.98914],[-69.07272,43.98883],[-69.07294,43.9869],[-69.07426,43.98689],[-69.07345,43.98638],[-69.07471,43.98608],[-69.07487,43.99002],[-69.07387,43.99085],[-69.07283,43.98989]]]},"properties":{}},{"type":"Feature","geometry":{"type":"Polygon","coordinates":[[[-69.03524,44.02145],[-69.03476,44.02285],[-69.03501,44.0231],[-69.03594,44.02184],[-69.03524,44.02145]]]},"properties":{}},{"type":"Feature","geometry":{"type":"Polygon","coordinates":[[[-69.075,43.97882],[-69.07368,43.97918],[-69.0728,43.98122],[-69.075,43.98071],[-69.075,43.97882]]]},"properties":{}},{"type":"Feature","geometry":{"type":"Polygon","coordinates":[[[-69.05481,43.99392],[-69.05643,43.99385],[-69.05789,43.9947],[-69.05577,43.99592],[-69.05481,43.99392]]]},"properties":{}},{"type":"Feature","geometry":{"type":"Polygon","coordinates":[[[-69.04935,44.01075],[-69.0483,44.0097],[-69.04845,44.00865],[-69.05053,44.0098],[-69.04935,44.01075]]]},"properties":{}},{"type":"Feature","geometry":{"type":"Polygon","coordinates":[[[-69.0664,43.99591],[-69.06723,43.99531],[-69.0658,43.99511],[-69.06604,43.99351],[-69.06761,43.99208],[-69.06697,43.99081],[-69.07111,43.9909],[-69.07216,43.9927],[-69.06875,43.99427],[-69.06772,43.99579],[-69.0664,43.99591]]]},"properties":{}},{"type":"Feature","geometry":{"type":"Polygon","coordinates":[[[-69.07333,44.02168],[-69.07078,44.02048],[-69.06988,44.02119],[-69.07074,44.02244],[-69.07289,44.02309],[-69.07364,44.02253],[-69.07333,44.02168]]]},"properties":{}},{"type":"Feature","geometry":{"type":"Polygon","coordinates":[[[-69.06237,44.01508],[-69.0635,44.01308],[-69.05669,44.01249],[-69.05909,44.01493],[-69.06237,44.01508]]]},"properties":{}},{"type":"Feature","geometry":{"type":"Polygon","coordinates":[[[-69.04869,44.01243],[-69.0474,44.01289],[-69.04703,44.01373],[-69.0483,44.01388],[-69.04869,44.01243]]]},"properties":{}},{"type":"Feature","geometry":{"type":"Polygon","coordinates":[[[-69.06909,44.01182],[-69.06731,44.01178],[-69.06688,44.01101],[-69.06669,44.00889],[-69.06877,44.00764],[-69.06787,44.00625],[-69.0688,44.0071],[-69.0716,44.00657],[-69.07184,44.00797],[-69.07044,44.00897],[-69.0721,44.00956],[-69.07241,44.01215],[-69.06981,44.01265],[-69.06909,44.01182]]]},"properties":{}},{"type":"Feature","geometry":{"type":"Polygon","coordinates":[[[-69.05366,43.99579],[-69.05375,43.99521],[-69.05515,43.99447],[-69.05532,43.99531],[-69.05366,43.99579]]]},"properties":{}},{"type":"Feature","geometry":{"type":"Polygon","coordinates":[[[-69.06156,44.01039],[-69.06424,44.01001],[-69.06435,44.00902],[-69.06478,44.00897],[-69.06475,44.01123],[-69.06156,44.01039]]]},"properties":{}},{"type":"Feature","geometry":{"type":"Polygon","coordinates":[[[-69.06933,44.01741],[-69.06749,44.01675],[-69.06646,44.01709],[-69.06842,44.01633],[-69.06933,44.01741]]]},"properties":{}},{"type":"Feature","geometry":{"type":"Polygon","coordinates":[[[-69.07027,43.99966],[-69.07044,43.99898],[-69.06989,43.99846],[-69.06979,43.99926],[-69.07027,43.99966]]]},"properties":{}},{"type":"Feature","geometry":{"type":"Polygon","coordinates":[[[-69.0464,44.00906],[-69.04524,44.00769],[-69.04729,44.00819],[-69.04634,44.00835],[-69.0464,44.00906]]]},"properties":{}},{"type":"Feature","geometry":{"type":"Polygon","coordinates":[[[-69.05841,44.00686],[-69.05516,44.00741],[-69.05448,44.00486],[-69.05719,44.00305],[-69.05883,44.00306],[-69.05841,44.00686]]]},"properties":{}},{"type":"Feature","geometry":{"type":"Polygon","coordinates":[[[-69.07139,44.00401],[-69.07127,44.0031],[-69.07074,44.00309],[-69.07139,44.00401]]]},"properties":{}},{"type":"Feature","geometry":{"type":"Polygon","coordinates":[[[-69.07376,43.96369],[-69.07175,43.9646],[-69.07168,43.96531],[-69.07433,43.96473],[-69.07376,43.96369]]]},"properties":{}},{"type":"Feature","geometry":{"type":"Polygon","coordinates":[[[-68.86194,44.025],[-68.86143,44.02475],[-68.86052,44.02488],[-68.86056,44.025],[-68.86194,44.025]]]},"properties":{}},{"type":"Feature","geometry":{"type":"Polygon","coordinates":[[[-68.8841,44.02396],[-68.88397,44.02317],[-68.88305,44.02351],[-68.88348,44.02399],[-68.8841,44.02396]]]},"properties":{}},{"type":"Feature","geometry":{"type":"Polygon","coordinates":[[[-68.80911,44.00994],[-68.80931,44.01105],[-68.81147,44.01034],[-68.8103,44.01047],[-68.80911,44.00994]]]},"properties":{}},{"type":"Feature","geometry":{"type":"Polygon","coordinates":[[[-68.79638,44.025],[-68.79758,44.02323],[-68.80029,44.02311],[-68.7975,44.02475],[-68.79638,44.025]]]},"properties":{}},{"type":"Feature","geometry":{"type":"Polygon","coordinates":[[[-68.80301,44.01293],[-68.80695,44.01085],[-68.80819,44.01138],[-68.8055,44.01279],[-68.80301,44.01293]]]},"properties":{}},{"type":"Feature","geometry":{"type":"Polygon","coordinates":[[[-68.79643,44.00534],[-68.79632,44.00609],[-68.79531,44.00605],[-68.79612,44.00635],[-68.79626,44.008],[-68.79278,44.0109],[-68.79559,44.01143],[-68.80037,44.00721],[-68.79904,44.00611],[-68.79961,44.00435],[-68.79851,44.00541],[-68.79643,44.00534]]]},"properties":{}},{"type":"Feature","geometry":{"type":"Polygon","coordinates":[[[-68.79222,44.01648],[-68.79515,44.01468],[-68.79411,44.01563],[-68.79222,44.01648]]]},"properties":{}},{"type":"Feature","geometry":{"type":"Polygon","coordinates":[[[-68.76804,44.01226],[-68.76725,44.01338],[-68.76865,44.01413],[-68.77302,44.01368],[-68.77246,44.01194],[-68.77384,44.01082],[-68.77167,44.01057],[-68.76804,44.01226]]]},"properties":{}},{"type":"Feature","geometry":{"type":"Polygon","coordinates":[[[-68.77231,44.00865],[-68.77198,44.00739],[-68.77349,44.00697],[-68.77331,44.00792],[-68.77231,44.00865]]]},"properties":{}},{"type":"Feature","geometry":{"type":"Polygon","coordinates":[[[-68.77033,44.00795],[-68.77048,44.00746],[-68.77107,44.00704],[-68.77133,44.00783],[-68.77033,44.00795]]]},"properties":{}},{"type":"Feature","geometry":{"type":"Polygon","coordinates":[[[-68.76528,44.00859],[-68.76601,44.00875],[-68.76624,44.00916],[-68.76551,44.00924],[-68.76528,44.00859]]]},"properties":{}},{"type":"Feature","geometry":{"type":"Polygon","coordinates":[[[-68.72717,44.0146],[-68.72622,44.01468],[-68.72628,44.01391],[-68.72642,44.01395],[-68.72717,44.0146]]]},"properties":{}},{"type":"Feature","geometry":{"type":"Polygon","coordinates":[[[-69.10988,44.03274],[-69.10969,44.03391],[-69.10734,44.03565],[-69.10327,44.03393],[-69.10561,44.03357],[-69.10672,44.03224],[-69.10988,44.03274]]]},"properties":{}},{"type":"Feature","geometry":{"type":"Polygon","coordinates":[[[-69.10685,44.0987],[-69.10498,44.09912],[-69.10496,44.09997],[-69.10489,44.09786],[-69.10277,44.09668],[-69.1005,44.09662],[-69.1021,44.09647],[-69.10236,44.09501],[-69.10154,44.09489],[-69.10292,44.09429],[-69.10097,44.09354],[-69.10289,44.09285],[-69.1038,44.09365],[-69.10499,44.09223],[-69.10711,44.09186],[-69.10709,44.08979],[-69.10336,44.08749],[-69.10294,44.08525],[-69.10302,44.08279],[-69.10486,44.07776],[-69.10178,44.07904],[-69.09961,44.0816],[-69.09269,44.0847],[-69.09197,44.08588],[-69.08915,44.08508],[-69.08485,44.0874],[-69.08178,44.08794],[-69.07605,44.09123],[-69.075,44.09101],[-69.075,44.06164],[-69.07638,44.06103],[-69.07622,44.06196],[-69.07937,44.06501],[-69.07927,44.06341],[-69.08246,44.06291],[-69.07967,44.06261],[-69.08012,44.06091],[-69.07907,44.05943],[-69.07955,44.05805],[-69.07801,44.05962],[-69.07662,44.05968],[-69.07875,44.05817],[-69.08013,44.05527],[-69.07878,44.05297],[-69.07606,44.05073],[-69.075,44.04857],[-69.075,44.04545],[-69.07652,44.04468],[-69.0767,44.04304],[-69.07979,44.04189],[-69.08689,44.04038],[-69.09327,44.0407],[-69.09474,44.03972],[-69.09523,44.03809],[-69.09685,44.03878],[-69.09794,44.03823],[-69.09853,44.03716],[-69.09739,44.03596],[-69.09958,44.03454],[-69.10502,44.03823],[-69.10931,44.03736],[-69.11003,44.03622],[-69.11159,44.03691],[-69.11085,44.03721],[-69.11073,44.03924],[-69.11237,44.04115],[-69.1123,44.04264],[-69.10616,44.04615],[-69.10521,44.04564],[-69.10489,44.04704],[-69.10143,44.04866],[-69.10596,44.04733],[-69.10679,44.04842],[-69.10634,44.05017],[-69.10507,44.05101],[-69.10553,44.05137],[-69.10736,44.04928],[-69.10974,44.04988],[-69.11196,44.04918],[-69.11472,44.04609],[-69.11488,44.04462],[-69.1182,44.04222],[-69.12196,44.04229],[-69.1263,44.04096],[-69.12833,44.04321],[-69.12693,44.043],[-69.12537,44.04499],[-69.12304,44.04567],[-69.12257,44.04791],[-69.12323,44.04895],[-69.12098,44.04959],[-69.11953,44.05177],[-69.12042,44.05214],[-69.12226,44.05053],[-69.1262,44.05178],[-69.12672,44.04791],[-69.12906,44.04623],[-69.13256,44.04012],[-69.13203,44.03883],[-69.13293,44.03608],[-69.13547,44.0355],[-69.13723,44.03651],[-69.13785,44.0354],[-69.13654,44.03515],[-69.13626,44.03433],[-69.13738,44.03301],[-69.13646,44.03161],[-69.13532,44.03436],[-69.13177,44.0338],[-69.1309,44.03575],[-69.12563,44.0381],[-69.12466,44.03759],[-69.12214,44.03961],[-69.12159,44.03781],[-69.11947,44.0379],[-69.11957,44.03634],[-69.12114,44.03512],[-69.11897,44.03443],[-69.12271,44.03381],[-69.12225,44.03258],[-69.12004,44.03232],[-69.11622,44.0348],[-69.11461,44.03487],[-69.11358,44.03275],[-69.11514,44.03189],[-69.11327,44.02893],[-69.11529,44.0259],[-69.11881,44.02622],[-69.11991,44.025],[-69.15,44.025],[-69.15,44.1],[-69.10737,44.1],[-69.10685,44.0987]]]},"properties":{}},{"type":"Feature","geometry":{"type":"Polygon","coordinates":[[[-69.07247,44.03698],[-69.06761,44.0405],[-69.07144,44.04248],[-69.07415,44.04065],[-69.07479,44.03932],[-69.07247,44.03698]]]},"properties":{}},{"type":"Feature","geometry":{"type":"Polygon","coordinates":[[[-69.075,44.04545],[-69.075,44.04857],[-69.07337,44.04689],[-69.075,44.04545]]]},"properties":{}},{"type":"Feature","geometry":{"type":"Polygon","coordinates":[[[-69.05464,44.09199],[-69.0547,44.0948],[-69.05832,44.09446],[-69.05891,44.09287],[-69.05788,44.09294],[-69.05778,44.09195],[-69.0608,44.09059],[-69.06125,44.08887],[-69.06316,44.08828],[-69.06407,44.08838],[-69.06509,44.09123],[-69.06927,44.09162],[-69.07311,44.09048],[-69.075,44.09101],[-69.075,44.06164],[-69.07276,44.06179],[-69.07103,44.05971],[-69.07177,44.05902],[-69.07113,44.05861],[-69.06978,44.06055],[-69.07172,44.0621],[-69.07095,44.06263],[-69.0715,44.06284],[-69.07118,44.06604],[-69.06575,44.06943],[-69.06131,44.07031],[-69.05944,44.06943],[-69.05853,44.06985],[-69.0532,44.07777],[-69.05436,44.0811],[-69.05407,44.0829],[-69.05278,44.08382],[-69.05361,44.08465],[-69.05246,44.08465],[-69.0536,44.08493],[-69.05331,44.08593],[-69.04992,44.08729],[-69.04844,44.08668],[-69.04804,44.08541],[-69.04683,44.0896],[-69.04522,44.09006],[-69.04356,44.09217],[-69.04881,44.09315],[-69.0512,44.09492],[-69.05149,44.09379],[-69.05256,44.09351],[-69.0528,44.09193],[-69.05464,44.09199]]]},"properties":{}},{"type":"Feature","geometry":{"type":"Polygon","coordinates":[[[-69.06232,44.06774],[-69.06322,44.06797],[-69.06292,44.0673],[-69.06232,44.06774]]]},"properties":{}},{"type":"Feature","geometry":{"type":"Polygon","coordinates":[[[-69.03844,44.04083],[-69.03989,44.04192],[-69.03737,44.04321],[-69.03739,44.04179],[-69.03844,44.04083]]]},"properties":{}},{"type":"Feature","geometry":{"type":"Polygon","coordinates":[[[-69.04777,44.06903],[-69.04601,44.06793],[-69.04336,44.06823],[-69.04756,44.06661],[-69.04773,44.0656],[-69.04623,44.06466],[-69.04692,44.06115],[-69.0481,44.06074],[-69.0489,44.06226],[-69.05071,44.06272],[-69.05118,44.06402],[-69.05011,44.06652],[-69.05065,44.06808],[-69.04777,44.06903]]]},"properties":{}},{"type":"Feature","geometry":{"type":"Polygon","coordinates":[[[-69.03628,44.08398],[-69.03809,44.085],[-69.03809,44.08618],[-69.03912,44.08468],[-69.04219,44.08288],[-69.04292,44.08047],[-69.04401,44.08018],[-69.04526,44.0781],[-69.04558,44.07428],[-69.0432,44.07527],[-69.04106,44.07365],[-69.03878,44.07443],[-69.03746,44.07403],[-69.03249,44.07846],[-69.0319,44.07911],[-69.03237,44.08076],[-69.0356,44.0826],[-69.03628,44.08398]]]},"properties":{}},{"type":"Feature","geometry":{"type":"Polygon","coordinates":[[[-69.04141,44.03578],[-69.04175,44.03668],[-69.04208,44.03583],[-69.04141,44.03578]]]},"properties":{}},{"type":"Feature","geometry":{"type":"Polygon","coordinates":[[[-68.87405,44.02597],[-68.87524,44.02603],[-68.8746,44.02541],[-68.87405,44.02597]]]},"properties":{}},{"type":"Feature","geometry":{"type":"Polygon","coordinates":[[[-68.90853,44.04491],[-68.90601,44.04464],[-68.90741,44.04401],[-68.90853,44.04491]]]},"properties":{}},{"type":"Feature","geometry":{"type":"Polygon","coordinates":[[[-68.88821,44.06365],[-68.88787,44.06301],[-68.88832,44.06287],[-68.88875,44.06328],[-68.88821,44.06365]]]},"properties":{}},{"type":"Feature","geometry":{"type":"Polygon","coordinates":[[[-68.90573,44.05334],[-68.90426,44.05308],[-68.90394,44.05387],[-68.90524,44.05407],[-68.90573,44.05334]]]},"properties":{}},{"type":"Feature","geometry":{"type":"Polygon","coordinates":[[[-68.916,44.04699],[-68.91706,44.04696],[-68.91811,44.04593],[-68.91746,44.04586],[-68.916,44.04699]]]},"properties":{}},{"type":"Feature","geometry":{"type":"Polygon","coordinates":[[[-68.90873,44.04949],[-68.90712,44.04794],[-68.90734,44.04722],[-68.90916,44.04851],[-68.90873,44.04949]]]},"properties":{}},{"type":"Feature","geometry":{"type":"Polygon","coordinates":[[[-68.91109,44.04598],[-68.90947,44.04358],[-68.90997,44.04311],[-68.91227,44.04255],[-68.91338,44.04485],[-68.91269,44.0458],[-68.91109,44.04598]]]},"properties":{}},{"type":"Feature","geometry":{"type":"Polygon","coordinates":[[[-68.89028,44.08412],[-68.88881,44.08352],[-68.88922,44.08319],[-68.89028,44.08412]]]},"properties":{}},{"type":"Feature","geometry":{"type":"Polygon","coordinates":[[[-68.89842,44.06091],[-68.89633,44.05824],[-68.89678,44.05593],[-68.89568,44.05457],[-68.89677,44.0531],[-68.89966,44.05579],[-68.89973,44.05647],[-68.89829,44.05683],[-68.8993,44.06017],[-68.89842,44.06091]]]},"properties":{}},{"type":"Feature","geometry":{"type":"Polygon","coordinates":[[[-68.8775,44.06348],[-68.87634,44.06511],[-68.8771,44.06647],[-68.87991,44.06477],[-68.8775,44.06348]]]},"properties":{}},{"type":"Feature","geometry":{"type":"Polygon","coordinates":[[[-68.91225,44.05],[-68.91337,44.05097],[-68.91441,44.05114],[-68.91391,44.04958],[-68.91225,44.05]]]},"properties":{}},{"type":"Feature","geometry":{"type":"Polygon","coordinates":[[[-68.90286,44.03303],[-68.90153,44.03213],[-68.90084,44.03247],[-68.9008,44.03466],[-68.90225,44.03463],[-68.90216,44.03306],[-68.90286,44.03303]]]},"properties":{}},{"type":"Feature","geometry":{"type":"Polygon","coordinates":[[[-68.87501,44.07347],[-68.8745,44.07378],[-68.87376,44.07364],[-68.87347,44.07324],[-68.87501,44.07347]]]},"properties":{}},{"type":"Feature","geometry":{"type":"Polygon","coordinates":[[[-68.91039,44.08862],[-68.91206,44.08733],[-68.91293,44.08518],[-68.91388,44.08513],[-68.91392,44.08853],[-68.91257,44.08918],[-68.91039,44.08862]]]},"properties":{}},{"type":"Feature","geometry":{"type":"Polygon","coordinates":[[[-68.91179,44.04213],[-68.91229,44.04133],[-68.91095,44.04154],[-68.91092,44.04177],[-68.91179,44.04213]]]},"properties":{}},{"type":"Feature","geometry":{"type":"Polygon","coordinates":[[[-68.89667,44.04978],[-68.89505,44.04982],[-68.8963,44.05041],[-68.89667,44.04978]]]},"properties":{}},{"type":"Feature","geometry":{"type":"Polygon","coordinates":[[[-68.88708,44.08775],[-68.88917,44.08683],[-68.88971,44.08574],[-68.88776,44.08536],[-68.88522,44.08607],[-68.8853,44.08741],[-68.88708,44.08775]]]},"properties":{}},{"type":"Feature","geometry":{"type":"Polygon","coordinates":[[[-68.90222,44.06579],[-68.90243,44.06653],[-68.9021,44.06656],[-68.90192,44.06628],[-68.90222,44.06579]]]},"properties":{}},{"type":"Feature","geometry":{"type":"Polygon","coordinates":[[[-68.90748,44.06036],[-68.90835,44.06071],[-68.90845,44.05952],[-68.90748,44.06036]]]},"properties":{}},{"type":"Feature","geometry":{"type":"Polygon","coordinates":[[[-68.88876,44.03765],[-68.88763,44.03693],[-68.88714,44.03612],[-68.88653,44.03421],[-68.88408,44.03271],[-68.88427,44.0314],[-68.89018,44.03279],[-68.88982,44.03053],[-68.89194,44.03061],[-68.89315,44.03332],[-68.89214,44.0349],[-68.89345,44.03681],[-68.89149,44.03874],[-68.89243,44.0396],[-68.89066,44.03902],[-68.88974,44.03982],[-68.8882,44.03902],[-68.88876,44.03765]]]},"properties":{}},{"type":"Feature","geometry":{"type":"Polygon","coordinates":[[[-68.88553,44.06678],[-68.88629,44.06616],[-68.88535,44.06633],[-68.88553,44.06678]]]},"properties":{}},{"type":"Feature","geometry":{"type":"Polygon","coordinates":[[[-68.89888,44.06676],[-68.89712,44.06506],[-68.89811,44.06438],[-68.89813,44.06203],[-68.90073,44.0633],[-68.90182,44.06615],[-68.90081,44.06703],[-68.89888,44.06676]]]},"properties":{}},{"type":"Feature","geometry":{"type":"Polygon","coordinates":[[[-68.85429,44.03988],[-68.85307,44.03968],[-68.85298,44.04042],[-68.85429,44.03988]]]},"properties":{}},{"type":"Feature","geometry":{"type":"Polygon","coordinates":[[[-68.87627,44.06151],[-68.87415,44.06084],[-68.87233,44.05882],[-68.87672,44.05799],[-68.87751,44.05931],[-68.87989,44.05908],[-68.88123,44.06027],[-68.88044,44.06141],[-68.87925,44.06106],[-68.87654,44.06235],[-68.87627,44.06151]]]},"properties":{}},{"type":"Feature","geometry":{"type":"Polygon","coordinates":[[[-68.91106,44.05307],[-68.9091,44.0506],[-68.91253,44.05087],[-68.91371,44.05173],[-68.91326,44.05298],[-68.91203,44.0536],[-68.91106,44.05307]]]},"properties":{}},{"type":"Feature","geometry":{"type":"Polygon","coordinates":[[[-68.90335,44.06224],[-68.9012,44.05866],[-68.90321,44.06028],[-68.90369,44.05905],[-68.90523,44.05969],[-68.90578,44.06207],[-68.90486,44.06218],[-68.90391,44.06117],[-68.90408,44.0623],[-68.90335,44.06224]]]},"properties":{}},{"type":"Feature","geometry":{"type":"Polygon","coordinates":[[[-68.89262,44.05692],[-68.89348,44.05721],[-68.89367,44.05792],[-68.89294,44.0581],[-68.89262,44.05692]]]},"properties":{}},{"type":"Feature","geometry":{"type":"Polygon","coordinates":[[[-68.88794,44.08069],[-68.8866,44.0812],[-68.88658,44.079],[-68.88831,44.07948],[-68.88794,44.08069]]]},"properties":{}},{"type":"Feature","geometry":{"type":"Polygon","coordinates":[[[-68.86864,44.04647],[-68.86773,44.04533],[-68.86632,44.04593],[-68.8652,44.04517],[-68.86405,44.04287],[-68.86495,44.04196],[-68.86404,44.0407],[-68.86092,44.04161],[-68.85997,44.04037],[-68.86132,44.0396],[-68.86477,44.0398],[-68.86848,44.03818],[-68.8573,44.03847],[-68.85497,44.03567],[-68.85363,44.03622],[-68.85328,44.03519],[-68.85408,44.03426],[-68.85332,44.03405],[-68.85668,44.03372],[-68.85921,44.03544],[-68.85943,44.03394],[-68.85774,44.03233],[-68.85555,44.03299],[-68.85,44.03285],[-68.85,44.03186],[-68.85142,44.03232],[-68.85118,44.03166],[-68.85201,44.03141],[-68.85003,44.02802],[-68.85221,44.0277],[-68.85434,44.02884],[-68.85716,44.0288],[-68.85813,44.03038],[-68.85794,44.03175],[-68.86005,44.03247],[-68.8615,44.03003],[-68.86377,44.02933],[-68.86211,44.02756],[-68.86242,44.02652],[-68.85968,44.02571],[-68.86194,44.025],[-68.86337,44.02584],[-68.86296,44.02682],[-68.86477,44.02789],[-68.86527,44.02919],[-68.8647,44.02961],[-68.86591,44.0306],[-68.86598,44.03126],[-68.864,44.03167],[-68.8684,44.03251],[-68.86979,44.03197],[-68.86912,44.03291],[-68.87013,44.03299],[-68.87051,44.03419],[-68.86947,44.03357],[-68.86896,44.03484],[-68.87237,44.03625],[-68.86997,44.03579],[-68.86937,44.03668],[-68.87094,44.03748],[-68.87104,44.03865],[-68.87323,44.03928],[-68.87402,44.04036],[-68.8726,44.04144],[-68.8732,44.04257],[-68.87212,44.04351],[-68.87213,44.04477],[-68.87077,44.04406],[-68.87071,44.04604],[-68.86864,44.04647]]]},"properties":{}},{"type":"Feature","geometry":{"type":"Polygon","coordinates":[[[-68.86347,44.0424],[-68.86276,44.04244],[-68.86332,44.04306],[-68.86347,44.0424]]]},"properties":{}},{"type":"Feature","geometry":{"type":"Polygon","coordinates":[[[-68.86289,44.04439],[-68.86394,44.04558],[-68.86444,44.04542],[-68.86401,44.0441],[-68.86289,44.04439]]]},"properties":{}},{"type":"Feature","geometry":{"type":"Polygon","coordinates":[[[-68.86513,44.04881],[-68.86576,44.04972],[-68.86548,44.05028],[-68.86481,44.04968],[-68.86513,44.04881]]]},"properties":{}},{"type":"Feature","geometry":{"type":"Polygon","coordinates":[[[-68.89838,44.03604],[-68.89732,44.03588],[-68.8979,44.03554],[-68.89838,44.03604]]]},"properties":{}},{"type":"Feature","geometry":{"type":"Polygon","coordinates":[[[-68.91812,44.06625],[-68.92023,44.06614],[-68.92026,44.06584],[-68.91812,44.06625]]]},"properties":{}},{"type":"Feature","geometry":{"type":"Polygon","coordinates":[[[-68.8832,44.07207],[-68.8839,44.07181],[-68.88442,44.07225],[-68.88387,44.07275],[-68.8832,44.07207]]]},"properties":{}},{"type":"Feature","geometry":{"type":"Polygon","coordinates":[[[-68.90648,44.08405],[-68.9026,44.08413],[-68.90121,44.08321],[-68.89951,44.08327],[-68.89865,44.08189],[-68.89819,44.08264],[-68.89717,44.08251],[-68.89565,44.08126],[-68.89627,44.08017],[-68.89503,44.07407],[-68.89542,44.06837],[-68.89712,44.06921],[-68.89806,44.071],[-68.89771,44.0729],[-68.89987,44.07659],[-68.89994,44.07471],[-68.90248,44.07704],[-68.90338,44.0811],[-68.90461,44.0774],[-68.90738,44.07876],[-68.90572,44.08169],[-68.90648,44.08405]]]},"properties":{}},{"type":"Feature","geometry":{"type":"Polygon","coordinates":[[[-68.89339,44.06356],[-68.89297,44.06239],[-68.89363,44.06178],[-68.89658,44.06297],[-68.89544,44.0636],[-68.89559,44.06502],[-68.89339,44.06356]]]},"properties":{}},{"type":"Feature","geometry":{"type":"Polygon","coordinates":[[[-68.85277,44.09628],[-68.85001,44.09765],[-68.85029,44.09994],[-68.85749,44.1],[-68.85668,44.09765],[-68.85485,44.09563],[-68.85504,44.09371],[-68.85383,44.09307],[-68.85532,44.09258],[-68.85518,44.09053],[-68.85546,44.0896],[-68.85612,44.09309],[-68.85511,44.09338],[-68.85537,44.09489],[-68.85629,44.09463],[-68.85744,44.09828],[-68.85855,44.09773],[-68.85828,44.1],[-68.87933,44.1],[-68.87985,44.0954],[-68.88142,44.09349],[-68.8822,44.08846],[-68.88119,44.08746],[-68.8799,44.08877],[-68.87741,44.0878],[-68.87867,44.08677],[-68.88053,44.0874],[-68.88093,44.08679],[-68.88019,44.0859],[-68.88076,44.08575],[-68.88235,44.08728],[-68.8838,44.08674],[-68.88346,44.08302],[-68.88382,44.08192],[-68.88481,44.08195],[-68.88474,44.08037],[-68.88365,44.08048],[-68.88304,44.07964],[-68.88455,44.07957],[-68.88493,44.07878],[-68.88332,44.07819],[-68.88378,44.07759],[-68.88038,44.07654],[-68.87973,44.07417],[-68.8764,44.07324],[-68.87489,44.07435],[-68.8758,44.0757],[-68.87553,44.07718],[-68.87508,44.07642],[-68.87405,44.07592],[-68.87375,44.07615],[-68.87367,44.08004],[-68.8747,44.07995],[-68.87466,44.08126],[-68.8732,44.08369],[-68.87148,44.08283],[-68.87228,44.08205],[-68.87152,44.08152],[-68.86983,44.08138],[-68.87051,44.08039],[-68.87261,44.08008],[-68.87188,44.07846],[-68.86903,44.07903],[-68.86781,44.07867],[-68.8684,44.07798],[-68.86542,44.0789],[-68.86534,44.07828],[-68.86762,44.07726],[-68.86814,44.07626],[-68.86601,44.07596],[-68.86531,44.07627],[-68.86565,44.07694],[-68.86499,44.07711],[-68.86426,44.07449],[-68.8628,44.07366],[-68.86461,44.07271],[-68.86253,44.07149],[-68.86311,44.06943],[-68.85966,44.06923],[-68.8605,44.06729],[-68.86341,44.06532],[-68.86374,44.06383],[-68.86488,44.06385],[-68.8646,44.06271],[-68.86661,44.0612],[-68.86676,44.05941],[-68.86571,44.0588],[-68.86713,44.0581],[-68.86819,44.06046],[-68.86729,44.06031],[-68.86712,44.06133],[-68.86842,44.0615],[-68.86789,44.06187],[-68.86953,44.0629],[-68.86878,44.06397],[-68.8686,44.06306],[-68.86704,44.06322],[-68.86701,44.06538],[-68.8678,44.06456],[-68.86987,44.06457],[-68.87022,44.06606],[-68.86909,44.06644],[-68.87026,44.0669],[-68.87046,44.06799],[-68.873,44.06879],[-68.87211,44.06954],[-68.87261,44.07078],[-68.87106,44.07061],[-68.87179,44.07168],[-68.87276,44.07094],[-68.87516,44.07275],[-68.87776,44.07232],[-68.87596,44.07173],[-68.87666,44.071],[-68.88015,44.07138],[-68.88171,44.07045],[-68.87847,44.07047],[-68.88236,44.06644],[-68.87959,44.06596],[-68.87687,44.06715],[-68.87502,44.06363],[-68.86944,44.06217],[-68.87067,44.06103],[-68.87202,44.06172],[-68.8729,44.06133],[-68.87073,44.05759],[-68.87555,44.05695],[-68.87414,44.05338],[-68.86916,44.05092],[-68.86933,44.05442],[-68.86729,44.05438],[-68.86641,44.05525],[-68.86215,44.05397],[-68.86157,44.05309],[-68.86246,44.05281],[-68.86201,44.05135],[-68.86053,44.05019],[-68.86083,44.04917],[-68.86191,44.05],[-68.86215,44.04672],[-68.86057,44.04568],[-68.85782,44.04538],[-68.85678,44.04681],[-68.85611,44.04672],[-68.857,44.04578],[-68.85663,44.04453],[-68.85214,44.0432],[-68.85036,44.04028],[-68.85,44.09706],[-68.85169,44.09628],[-68.85131,44.09339],[-68.85277,44.09628]]]},"properties":{}},{"type":"Feature","geometry":{"type":"Polygon","coordinates":[[[-68.88158,44.09989],[-68.89729,44.09981],[-68.89719,44.0983],[-68.89896,44.09787],[-68.8983,44.09682],[-68.899,44.09539],[-68.90047,44.0969],[-68.90271,44.09672],[-68.90233,44.09406],[-68.89982,44.09352],[-68.90179,44.09304],[-68.9021,44.09202],[-68.90093,44.09099],[-68.90229,44.09032],[-68.90442,44.0912],[-68.90605,44.08935],[-68.90175,44.08712],[-68.9003,44.08475],[-68.89832,44.08416],[-68.89771,44.08458],[-68.89907,44.08631],[-68.89645,44.08675],[-68.89525,44.08792],[-68.89653,44.0898],[-68.89624,44.09065],[-68.8917,44.08927],[-68.89131,44.08801],[-68.88609,44.08811],[-68.8853,44.0885],[-68.88628,44.08866],[-68.88506,44.0892],[-68.88482,44.09084],[-68.88282,44.09186],[-68.88257,44.09486],[-68.88357,44.09556],[-68.88346,44.09671],[-68.8831,44.09746],[-68.88234,44.09726],[-68.88263,44.09812],[-68.88158,44.09989]]]},"properties":{}},{"type":"Feature","geometry":{"type":"Polygon","coordinates":[[[-68.89023,44.0709],[-68.88779,44.07016],[-68.88719,44.07054],[-68.88774,44.07138],[-68.89009,44.07169],[-68.89023,44.0709]]]},"properties":{}},{"type":"Feature","geometry":{"type":"Polygon","coordinates":[[[-68.90422,44.09847],[-68.90426,44.0997],[-68.90328,44.1],[-68.90798,44.1],[-68.90784,44.09904],[-68.90947,44.0989],[-68.90981,44.09788],[-68.91231,44.0965],[-68.91095,44.09468],[-68.90905,44.09502],[-68.90787,44.09431],[-68.90422,44.09847]]]},"properties":{}},{"type":"Feature","geometry":{"type":"Polygon","coordinates":[[[-68.91452,44.07383],[-68.9146,44.07312],[-68.91571,44.0732],[-68.91572,44.07362],[-68.91452,44.07383]]]},"properties":{}},{"type":"Feature","geometry":{"type":"Polygon","coordinates":[[[-68.90835,44.0754],[-68.90651,44.07448],[-68.90851,44.07516],[-68.90835,44.0754]]]},"properties":{}},{"type":"Feature","geometry":{"type":"Polygon","coordinates":[[[-68.8893,44.07472],[-68.88847,44.07351],[-68.89019,44.07465],[-68.8893,44.07472]]]},"properties":{}},{"type":"Feature","geometry":{"type":"Polygon","coordinates":[[[-68.86643,44.07445],[-68.86509,44.07393],[-68.86518,44.07339],[-68.86715,44.07353],[-68.86643,44.07445]]]},"properties":{}},{"type":"Feature","geometry":{"type":"Polygon","coordinates":[[[-68.78386,44.0548],[-68.78447,44.05364],[-68.78531,44.05366],[-68.78472,44.05517],[-68.78386,44.0548]]]},"properties":{}},{"type":"Feature","geometry":{"type":"Polygon","coordinates":[[[-68.80119,44.09158],[-68.80279,44.09174],[-68.80297,44.0925],[-68.80186,44.09278],[-68.80119,44.09158]]]},"properties":{}},{"type":"Feature","geometry":{"type":"Polygon","coordinates":[[[-68.80812,44.09048],[-68.80734,44.09255],[-68.80673,44.09123],[-68.8065,44.09314],[-68.80565,44.09327],[-68.80616,44.09436],[-68.80361,44.09493],[-68.80461,44.09338],[-68.80452,44.09214],[-68.80331,44.09174],[-68.80365,44.09063],[-68.80488,44.0901],[-68.80523,44.09076],[-68.8079,44.091],[-68.80812,44.09048]]]},"properties":{}},{"type":"Feature","geometry":{"type":"Polygon","coordinates":[[[-68.81951,44.09268],[-68.81768,44.09373],[-68.81465,44.09324],[-68.81424,44.09419],[-68.81613,44.09509],[-68.816,44.09627],[-68.81126,44.09815],[-68.80994,44.0975],[-68.81112,44.09681],[-68.81053,44.09531],[-68.80652,44.09715],[-68.80664,44.09638],[-68.80478,44.09655],[-68.80742,44.09535],[-68.80672,44.09461],[-68.80812,44.09381],[-68.80771,44.09301],[-68.80844,44.09204],[-68.8092,44.09227],[-68.80898,44.09114],[-68.81131,44.09197],[-68.81079,44.09125],[-68.81157,44.09035],[-68.81583,44.08873],[-68.81528,44.08776],[-68.82108,44.0845],[-68.82259,44.0841],[-68.82315,44.08471],[-68.82417,44.08371],[-68.82591,44.08362],[-68.82695,44.08602],[-68.82833,44.08575],[-68.82827,44.08766],[-68.82601,44.08807],[-68.82602,44.08659],[-68.82366,44.08692],[-68.82249,44.08811],[-68.82399,44.0891],[-68.82292,44.08966],[-68.82179,44.08873],[-68.82082,44.0891],[-68.82134,44.0902],[-68.81951,44.09268]]]},"properties":{}},{"type":"Feature","geometry":{"type":"Polygon","coordinates":[[[-68.79689,44.1],[-68.79553,44.09882],[-68.79558,44.1],[-68.79689,44.1]]]},"properties":{}},{"type":"Feature","geometry":{"type":"Polygon","coordinates":[[[-68.79606,44.09841],[-68.79425,44.09418],[-68.79283,44.09291],[-68.79215,44.09317],[-68.79256,44.09529],[-68.79421,44.09674],[-68.7928,44.09828],[-68.79606,44.09841]]]},"properties":{}},{"type":"Feature","geometry":{"type":"Polygon","coordinates":[[[-68.79837,44.09701],[-68.79733,44.09524],[-68.79675,44.09528],[-68.79837,44.09701]]]},"properties":{}},{"type":"Feature","geometry":{"type":"Polygon","coordinates":[[[-68.775,44.07804],[-68.775,44.07946],[-68.77548,44.07952],[-68.77558,44.07878],[-68.775,44.07804]]]},"properties":{}},{"type":"Feature","geometry":{"type":"Polygon","coordinates":[[[-68.81759,44.09932],[-68.81416,44.1],[-68.81925,44.09998],[-68.81759,44.09932]]]},"properties":{}},{"type":"Feature","geometry":{"type":"Polygon","coordinates":[[[-68.77697,44.0791],[-68.77552,44.08047],[-68.77617,44.08116],[-68.77562,44.08146],[-68.77958,44.08132],[-68.77697,44.0791]]]},"properties":{}},{"type":"Feature","geometry":{"type":"Polygon","coordinates":[[[-68.80215,44.08562],[-68.80137,44.08603],[-68.8009,44.08587],[-68.8013,44.08552],[-68.80215,44.08562]]]},"properties":{}},{"type":"Feature","geometry":{"type":"Polygon","coordinates":[[[-68.80992,44.0872],[-68.80786,44.08598],[-68.80705,44.08665],[-68.80845,44.08795],[-68.80992,44.0872]]]},"properties":{}},{"type":"Feature","geometry":{"type":"Polygon","coordinates":[[[-68.8422,44.09812],[-68.84029,44.1],[-68.84249,44.1],[-68.8422,44.09812]]]},"properties":{}},{"type":"Feature","geometry":{"type":"Polygon","coordinates":[[[-68.81415,44.08614],[-68.81431,44.08548],[-68.81545,44.08532],[-68.8154,44.08576],[-68.81415,44.08614]]]},"properties":{}},{"type":"Feature","geometry":{"type":"Polygon","coordinates":[[[-68.8125,44.08359],[-68.81475,44.08415],[-68.81497,44.08481],[-68.81387,44.08531],[-68.81243,44.08474],[-68.8125,44.08359]]]},"properties":{}},{"type":"Feature","geometry":{"type":"Polygon","coordinates":[[[-68.79995,44.09915],[-68.79911,44.1],[-68.80277,44.09994],[-68.80198,44.09963],[-68.80283,44.09938],[-68.80237,44.09901],[-68.80157,44.09957],[-68.79995,44.09915]]]},"properties":{}},{"type":"Feature","geometry":{"type":"Polygon","coordinates":[[[-68.80522,44.09865],[-68.80531,44.1],[-68.80687,44.09994],[-68.80679,44.09962],[-68.80522,44.09865]]]},"properties":{}},{"type":"Feature","geometry":{"type":"Polygon","coordinates":[[[-68.83203,44.04146],[-68.83173,44.04198],[-68.83321,44.04174],[-68.83362,44.03991],[-68.83689,44.04052],[-68.83585,44.03895],[-68.83782,44.03696],[-68.83674,44.03599],[-68.83506,44.03595],[-68.83519,44.03501],[-68.83354,44.03364],[-68.83172,44.03405],[-68.83267,44.0366],[-68.82979,44.0372],[-68.83053,44.03824],[-68.82947,44.03885],[-68.83135,44.03961],[-68.82939,44.03936],[-68.82857,44.04057],[-68.83098,44.04067],[-68.83203,44.04146]],[[-68.83157,44.03954],[-68.83206,44.03972],[-68.83236,44.03914],[-68.83157,44.03954]]]},"properties":{}},{"type":"Feature","geometry":{"type":"Polygon","coordinates":[[[-68.83982,44.04061],[-68.83853,44.03979],[-68.83994,44.03996],[-68.83982,44.04061]]]},"properties":{}},{"type":"Feature","geometry":{"type":"Polygon","coordinates":[[[-68.83659,44.09576],[-68.83642,44.1],[-68.84036,44.09894],[-68.84041,44.09706],[-68.83918,44.09677],[-68.83927,44.096],[-68.83751,44.09442],[-68.83659,44.09576]]]},"properties":{}},{"type":"Feature","geometry":{"type":"Polygon","coordinates":[[[-68.82472,44.09776],[-68.825,44.09517],[-68.82701,44.09279],[-68.82605,44.092],[-68.82836,44.09046],[-68.83411,44.09278],[-68.83642,44.09511],[-68.83546,44.0963],[-68.83585,44.09739],[-68.83371,44.1],[-68.82822,44.09995],[-68.82827,44.09942],[-68.82657,44.09914],[-68.82686,44.09815],[-68.82472,44.09776]]]},"properties":{}},{"type":"Feature","geometry":{"type":"Polygon","coordinates":[[[-68.81951,44.1],[-68.81848,44.09697],[-68.82297,44.09299],[-68.82459,44.09363],[-68.82436,44.09636],[-68.82183,44.09617],[-68.82317,44.09788],[-68.82305,44.1],[-68.81951,44.1]]]},"properties":{}},{"type":"Feature","geometry":{"type":"Polygon","coordinates":[[[-68.83104,44.04117],[-68.83001,44.04168],[-68.83114,44.04167],[-68.83104,44.04117]]]},"properties":{}},{"type":"Feature","geometry":{"type":"Polygon","coordinates":[[[-68.79008,44.05417],[-68.78837,44.05633],[-68.78832,44.05772],[-68.79272,44.05662],[-68.79426,44.05763],[-68.79425,44.05457],[-68.7926,44.05494],[-68.79008,44.05417]]]},"properties":{}},{"type":"Feature","geometry":{"type":"Polygon","coordinates":[[[-68.79318,44.03732],[-68.79308,44.03985],[-68.79168,44.04019],[-68.79018,44.0392],[-68.79028,44.03725],[-68.79169,44.03506],[-68.79401,44.03543],[-68.79318,44.03732]]]},"properties":{}},{"type":"Feature","geometry":{"type":"Polygon","coordinates":[[[-68.79575,44.05073],[-68.79429,44.04964],[-68.79452,44.04715],[-68.79697,44.04496],[-68.79726,44.04375],[-68.79999,44.0431],[-68.79935,44.04468],[-68.79817,44.04419],[-68.79838,44.04658],[-68.79763,44.04826],[-68.799,44.04768],[-68.80041,44.04846],[-68.79879,44.04986],[-68.79575,44.05073]]]},"properties":{}},{"type":"Feature","geometry":{"type":"Polygon","coordinates":[[[-68.78411,44.05767],[-68.78358,44.05892],[-68.78474,44.05963],[-68.7845,44.058],[-68.78411,44.05767]]]},"properties":{}},{"type":"Feature","geometry":{"type":"Polygon","coordinates":[[[-68.8458,44.0974],[-68.84567,44.09663],[-68.84432,44.09602],[-68.84414,44.09661],[-68.84304,44.09646],[-68.84219,44.09531],[-68.84335,44.09239],[-68.84078,44.09422],[-68.83902,44.09345],[-68.83934,44.09179],[-68.83896,44.09248],[-68.83581,44.09267],[-68.83654,44.09185],[-68.8332,44.0913],[-68.83143,44.09187],[-68.83165,44.09114],[-68.83046,44.09032],[-68.83115,44.08885],[-68.83663,44.08774],[-68.83492,44.08707],[-68.83775,44.08671],[-68.8392,44.08545],[-68.842,44.08529],[-68.84367,44.08702],[-68.8443,44.08646],[-68.84423,44.08499],[-68.84263,44.08355],[-68.84242,44.08158],[-68.84302,44.08078],[-68.84485,44.08082],[-68.84401,44.08062],[-68.8428,44.07881],[-68.84322,44.07847],[-68.84049,44.07822],[-68.83887,44.07499],[-68.83938,44.07391],[-68.83804,44.07286],[-68.83636,44.06843],[-68.83537,44.07115],[-68.83698,44.07219],[-68.83662,44.07294],[-68.83884,44.0752],[-68.8391,44.07691],[-68.83593,44.0781],[-68.83735,44.07938],[-68.83602,44.08001],[-68.83808,44.0806],[-68.83554,44.08119],[-68.83714,44.08165],[-68.83934,44.08072],[-68.8388,44.082],[-68.84088,44.08154],[-68.84114,44.08249],[-68.84044,44.08312],[-68.84155,44.08325],[-68.84063,44.08453],[-68.83629,44.08466],[-68.83219,44.08622],[-68.82975,44.08603],[-68.82739,44.08381],[-68.82886,44.08327],[-68.82952,44.08427],[-68.83006,44.08281],[-68.83275,44.08177],[-68.82862,44.08195],[-68.82741,44.08116],[-68.82263,44.08183],[-68.82284,44.08084],[-68.82166,44.08028],[-68.81845,44.08107],[-68.81805,44.08242],[-68.81542,44.08159],[-68.81398,44.08222],[-68.81476,44.08275],[-68.81353,44.08301],[-68.81142,44.08255],[-68.81112,44.08138],[-68.80552,44.08344],[-68.80403,44.08226],[-68.8023,44.08435],[-68.80094,44.08457],[-68.8016,44.08372],[-68.80125,44.08213],[-68.80352,44.08053],[-68.80671,44.08008],[-68.80688,44.07939],[-68.80389,44.07881],[-68.80397,44.07736],[-68.80492,44.07739],[-68.80523,44.07723],[-68.8034,44.07712],[-68.80151,44.07805],[-68.8016,44.07659],[-68.8002,44.07668],[-68.79991,44.07834],[-68.79735,44.07882],[-68.79896,44.07954],[-68.79887,44.08104],[-68.79742,44.08178],[-68.79747,44.08291],[-68.79555,44.08356],[-68.79569,44.08445],[-68.79435,44.08429],[-68.79499,44.08492],[-68.79432,44.08546],[-68.79333,44.08543],[-68.79294,44.0835],[-68.79217,44.08623],[-68.79028,44.08497],[-68.79005,44.08415],[-68.79105,44.08384],[-68.7902,44.08356],[-68.7901,44.08226],[-68.79115,44.0827],[-68.79273,44.08184],[-68.79018,44.08077],[-68.78991,44.08145],[-68.78954,44.07985],[-68.78888,44.08015],[-68.78954,44.08197],[-68.78911,44.08353],[-68.7871,44.08199],[-68.79042,44.08701],[-68.78975,44.08888],[-68.7913,44.0897],[-68.79174,44.09087],[-68.78988,44.09404],[-68.78694,44.09509],[-68.7853,44.09376],[-68.7879,44.09245],[-68.78826,44.09038],[-68.78735,44.08971],[-68.78541,44.08997],[-68.78335,44.08766],[-68.78344,44.08583],[-68.78153,44.08571],[-68.7819,44.08134],[-68.78054,44.08036],[-68.78093,44.07891],[-68.78,44.07756],[-68.78073,44.07684],[-68.77935,44.07559],[-68.78299,44.0748],[-68.78635,44.07838],[-68.78646,44.07659],[-68.78108,44.07124],[-68.77981,44.06818],[-68.77998,44.06629],[-68.77779,44.06514],[-68.77641,44.06529],[-68.775,44.06374],[-68.7765,44.06375],[-68.77737,44.06263],[-68.77921,44.06366],[-68.77991,44.06055],[-68.78003,44.06189],[-68.78194,44.06299],[-68.78496,44.0612],[-68.78474,44.05972],[-68.78638,44.06005],[-68.78758,44.05895],[-68.78974,44.05888],[-68.79047,44.05767],[-68.79675,44.06032],[-68.79606,44.0577],[-68.79928,44.05369],[-68.79896,44.05184],[-68.80133,44.0483],[-68.80153,44.04891],[-68.80268,44.04838],[-68.80681,44.04561],[-68.80885,44.04758],[-68.81274,44.04772],[-68.81349,44.04652],[-68.81163,44.0467],[-68.81143,44.04545],[-68.81054,44.04575],[-68.80701,44.0439],[-68.80972,44.04163],[-68.80962,44.04104],[-68.80718,44.04052],[-68.80729,44.03925],[-68.8051,44.038],[-68.80729,44.03559],[-68.81101,44.03623],[-68.81153,44.03443],[-68.81374,44.03482],[-68.81484,44.03314],[-68.81847,44.03206],[-68.82081,44.03289],[-68.82489,44.03236],[-68.82589,44.0331],[-68.82784,44.03196],[-68.8278,44.03277],[-68.82899,44.03358],[-68.82855,44.037],[-68.82675,44.03851],[-68.82731,44.03979],[-68.8242,44.04184],[-68.82521,44.0417],[-68.82521,44.0428],[-68.82755,44.04353],[-68.82523,44.04439],[-68.82458,44.04665],[-68.82602,44.0476],[-68.82751,44.0471],[-68.82799,44.04807],[-68.82921,44.04718],[-68.8274,44.04508],[-68.8277,44.04281],[-68.8288,44.0422],[-68.83332,44.04281],[-68.83236,44.04337],[-68.83375,44.04417],[-68.8331,44.04496],[-68.83396,44.04537],[-68.83336,44.04595],[-68.83401,44.04574],[-68.8334,44.04604],[-68.83422,44.04601],[-68.8338,44.04653],[-68.83279,44.04605],[-68.83303,44.04724],[-68.83568,44.04694],[-68.83563,44.04582],[-68.83957,44.04364],[-68.83915,44.04305],[-68.83975,44.04356],[-68.83914,44.04296],[-68.83939,44.04281],[-68.84004,44.0436],[-68.8409,44.04262],[-68.84156,44.04284],[-68.84061,44.04439],[-68.8442,44.0448],[-68.84439,44.04624],[-68.84559,44.04715],[-68.84539,44.04654],[-68.84666,44.04612],[-68.84652,44.0432],[-68.8493,44.04204],[-68.84607,44.04211],[-68.84392,44.04068],[-68.8459,44.04024],[-68.8468,44.03915],[-68.84854,44.03909],[-68.85,44.04029],[-68.85,44.09706],[-68.8481,44.09728],[-68.84758,44.09652],[-68.84757,44.09773],[-68.8458,44.0974]]]},"properties":{}},{"type":"Feature","geometry":{"type":"Polygon","coordinates":[[[-68.85,44.03186],[-68.85,44.03285],[-68.84886,44.03221],[-68.84907,44.0318],[-68.85,44.03186]]]},"properties":{}},{"type":"Feature","geometry":{"type":"Polygon","coordinates":[[[-68.77256,44.07882],[-68.77276,44.07738],[-68.775,44.07733],[-68.775,44.07946],[-68.77256,44.07882]]]},"properties":{}},{"type":"Feature","geometry":{"type":"Polygon","coordinates":[[[-68.77076,44.07213],[-68.76994,44.07146],[-68.76989,44.06978],[-68.7727,44.07078],[-68.77217,44.07188],[-68.77076,44.07213]]]},"properties":{}},{"type":"Feature","geometry":{"type":"Polygon","coordinates":[[[-69.08163,44.15694],[-69.07981,44.16133],[-69.07772,44.16369],[-69.07768,44.16789],[-69.07512,44.17238],[-69.075,44.175],[-69.15,44.175],[-69.15,44.1],[-69.10737,44.1],[-69.10725,44.10143],[-69.10638,44.10142],[-69.10725,44.1017],[-69.10604,44.10171],[-69.10657,44.10266],[-69.10527,44.10241],[-69.10466,44.1033],[-69.10323,44.10251],[-69.10276,44.10283],[-69.10415,44.10357],[-69.10264,44.10344],[-69.10289,44.10451],[-69.10075,44.10396],[-69.10152,44.1054],[-69.102,44.10488],[-69.10392,44.10545],[-69.10262,44.106],[-69.10326,44.10607],[-69.10351,44.1076],[-69.10582,44.1075],[-69.10629,44.10484],[-69.10711,44.10457],[-69.10738,44.10578],[-69.10893,44.1056],[-69.1078,44.10635],[-69.10771,44.10767],[-69.10858,44.10794],[-69.10787,44.10838],[-69.10859,44.10858],[-69.10771,44.10881],[-69.10861,44.10975],[-69.10757,44.11108],[-69.10555,44.11144],[-69.10414,44.11075],[-69.10344,44.11107],[-69.10416,44.11199],[-69.10305,44.11137],[-69.10061,44.11321],[-69.10145,44.11384],[-69.10066,44.11444],[-69.10152,44.11633],[-69.10046,44.11824],[-69.0941,44.11996],[-69.0911,44.11909],[-69.09031,44.11811],[-69.09073,44.1174],[-69.08873,44.11709],[-69.08694,44.11443],[-69.08552,44.11411],[-69.08368,44.11548],[-69.08193,44.11533],[-69.08107,44.11756],[-69.07893,44.11857],[-69.08004,44.11953],[-69.08009,44.12073],[-69.07697,44.1251],[-69.07592,44.12945],[-69.07619,44.13434],[-69.08128,44.13383],[-69.08554,44.1347],[-69.08973,44.13169],[-69.09109,44.13229],[-69.09267,44.13468],[-69.08955,44.13854],[-69.08641,44.14023],[-69.08411,44.13943],[-69.08272,44.13985],[-69.07955,44.14323],[-69.07971,44.14406],[-69.08164,44.14419],[-69.08232,44.14547],[-69.07809,44.14957],[-69.07834,44.15193],[-69.07981,44.15248],[-69.07972,44.15424],[-69.08163,44.15694]]]},"properties":{}},{"type":"Feature","geometry":{"type":"Polygon","coordinates":[[[-69.07319,44.13776],[-69.073,44.13702],[-69.07386,44.13673],[-69.07319,44.13776]]]},"properties":{}},{"type":"Feature","geometry":{"type":"Polygon","coordinates":[[[-69.06116,44.16525],[-69.05959,44.16642],[-69.06106,44.1668],[-69.06116,44.16525]]]},"properties":{}},{"type":"Feature","geometry":{"type":"Polygon","coordinates":[[[-69.05469,44.17194],[-69.05321,44.17277],[-69.05321,44.175],[-69.06263,44.175],[-69.06322,44.17411],[-69.06284,44.17279],[-69.05962,44.17208],[-69.0605,44.1683],[-69.05904,44.16907],[-69.05917,44.17076],[-69.05777,44.17353],[-69.055,44.17302],[-69.05469,44.17194]]]},"properties":{}},{"type":"Feature","geometry":{"type":"Polygon","coordinates":[[[-69.075,44.17274],[-69.07427,44.17464],[-69.07421,44.175],[-69.075,44.175],[-69.075,44.17274]]]},"properties":{}},{"type":"Feature","geometry":{"type":"Polygon","coordinates":[[[-68.925,44.12725],[-68.925,44.13552],[-68.92767,44.13499],[-68.93345,44.13173],[-68.93504,44.12926],[-68.93376,44.12728],[-68.93197,44.12805],[-68.93087,44.12761],[-68.92941,44.1251],[-68.93285,44.12219],[-68.9358,44.12094],[-68.93594,44.11906],[-68.94038,44.11735],[-68.94078,44.11619],[-68.94236,44.11531],[-68.94415,44.11271],[-68.94258,44.1099],[-68.94035,44.11078],[-68.93813,44.11054],[-68.93637,44.10941],[-68.93546,44.10977],[-68.93505,44.1106],[-68.93609,44.11092],[-68.93634,44.11194],[-68.93525,44.1138],[-68.93664,44.11517],[-68.93625,44.11656],[-68.93312,44.11764],[-68.93331,44.11874],[-68.93181,44.12016],[-68.93221,44.12098],[-68.9285,44.12326],[-68.92864,44.12392],[-68.925,44.12725]]]},"properties":{}},{"type":"Feature","geometry":{"type":"Polygon","coordinates":[[[-68.97985,44.17342],[-68.97976,44.175],[-68.98319,44.175],[-68.98409,44.17204],[-68.98162,44.17136],[-68.97985,44.17342]]]},"properties":{}},{"type":"Feature","geometry":{"type":"Polygon","coordinates":[[[-68.97759,44.16001],[-68.97825,44.16076],[-68.978,44.15959],[-68.97759,44.16001]]]},"properties":{}},{"type":"Feature","geometry":{"type":"Polygon","coordinates":[[[-68.89961,44.12797],[-68.89869,44.12891],[-68.89911,44.1276],[-68.89961,44.12797]]]},"properties":{}},{"type":"Feature","geometry":{"type":"Polygon","coordinates":[[[-68.90662,44.10681],[-68.90713,44.10761],[-68.9072,44.10614],[-68.90662,44.10681]]]},"properties":{}},{"type":"Feature","geometry":{"type":"Polygon","coordinates":[[[-68.90968,44.10578],[-68.91048,44.1051],[-68.91009,44.10449],[-68.90978,44.105],[-68.90968,44.10578]]]},"properties":{}},{"type":"Feature","geometry":{"type":"Polygon","coordinates":[[[-68.85387,44.10594],[-68.85283,44.10363],[-68.85474,44.10272],[-68.85338,44.10148],[-68.85279,44.10211],[-68.85046,44.10109],[-68.85045,44.1],[-68.85749,44.1],[-68.85761,44.10171],[-68.85578,44.1027],[-68.85698,44.10352],[-68.85665,44.10513],[-68.85459,44.10504],[-68.85387,44.10594]]]},"properties":{}},{"type":"Feature","geometry":{"type":"Polygon","coordinates":[[[-68.85032,44.10182],[-68.85,44.10299],[-68.8509,44.10275],[-68.85032,44.10182]]]},"properties":{}},{"type":"Feature","geometry":{"type":"Polygon","coordinates":[[[-68.85023,44.1116],[-68.85,44.11016],[-68.85285,44.10967],[-68.85237,44.10865],[-68.85391,44.1083],[-68.85439,44.10917],[-68.85266,44.11077],[-68.8511,44.11199],[-68.85023,44.1116]]]},"properties":{}},{"type":"Feature","geometry":{"type":"Polygon","coordinates":[[[-68.85,44.14535],[-68.85,44.175],[-68.8643,44.175],[-68.86367,44.17387],[-68.86482,44.17251],[-68.87154,44.171],[-68.87734,44.16765],[-68.87908,44.16533],[-68.88747,44.16102],[-68.88839,44.15835],[-68.88702,44.15688],[-68.88422,44.157],[-68.88397,44.15565],[-68.88215,44.15658],[-68.8812,44.15833],[-68.87998,44.15563],[-68.87736,44.15684],[-68.87474,44.15688],[-68.87544,44.1556],[-68.8794,44.15424],[-68.88404,44.15048],[-68.88815,44.14883],[-68.88516,44.15208],[-68.88702,44.15336],[-68.88868,44.15199],[-68.89047,44.15257],[-68.89087,44.15331],[-68.88912,44.15493],[-68.89013,44.15537],[-68.89195,44.15475],[-68.89997,44.14831],[-68.89533,44.15481],[-68.89105,44.15624],[-68.89245,44.15814],[-68.90236,44.15311],[-68.90784,44.15343],[-68.91002,44.15135],[-68.90986,44.14901],[-68.91103,44.14818],[-68.91383,44.14773],[-68.91564,44.14865],[-68.91666,44.14832],[-68.91962,44.14557],[-68.92148,44.14242],[-68.92313,44.1414],[-68.92347,44.14011],[-68.9221,44.13966],[-68.92151,44.13822],[-68.91914,44.13908],[-68.91804,44.13754],[-68.92164,44.13539],[-68.92288,44.13598],[-68.925,44.13552],[-68.925,44.12725],[-68.92337,44.12797],[-68.91688,44.12806],[-68.91529,44.12943],[-68.91508,44.13002],[-68.9162,44.13014],[-68.91338,44.13348],[-68.91171,44.13341],[-68.91001,44.13488],[-68.909,44.13405],[-68.90642,44.13707],[-68.90011,44.1399],[-68.89741,44.14256],[-68.89657,44.14223],[-68.89788,44.14076],[-68.90269,44.13795],[-68.90248,44.13691],[-68.90554,44.13511],[-68.90547,44.13427],[-68.90934,44.13227],[-68.90874,44.13132],[-68.90604,44.13184],[-68.90064,44.13675],[-68.89478,44.13916],[-68.89251,44.14091],[-68.89325,44.14133],[-68.88716,44.14604],[-68.88473,44.14625],[-68.88442,44.14566],[-68.87937,44.1466],[-68.87649,44.14549],[-68.87222,44.14707],[-68.87163,44.14624],[-68.87392,44.14405],[-68.87154,44.14462],[-68.8752,44.14284],[-68.87464,44.14229],[-68.8758,44.1411],[-68.8752,44.1404],[-68.87726,44.13959],[-68.87717,44.13875],[-68.8783,44.13882],[-68.87769,44.13835],[-68.87827,44.13781],[-68.87632,44.13591],[-68.87757,44.13574],[-68.87878,44.13396],[-68.87845,44.1332],[-68.87908,44.13451],[-68.88098,44.1333],[-68.88124,44.13519],[-68.88274,44.13611],[-68.88464,44.1361],[-68.88087,44.13779],[-68.88551,44.13773],[-68.89048,44.13313],[-68.88946,44.13121],[-68.88982,44.13056],[-68.89034,44.13183],[-68.8913,44.13164],[-68.89117,44.13257],[-68.89266,44.13141],[-68.88996,44.13001],[-68.89039,44.12854],[-68.88639,44.13015],[-68.88432,44.12918],[-68.88412,44.13105],[-68.88525,44.13057],[-68.88618,44.13164],[-68.88356,44.13235],[-68.88052,44.13147],[-68.88074,44.1303],[-68.87993,44.12981],[-68.88044,44.12949],[-68.87756,44.12887],[-68.87795,44.12843],[-68.87644,44.12708],[-68.87466,44.12755],[-68.8731,44.12666],[-68.87224,44.12738],[-68.87247,44.1269],[-68.87049,44.12668],[-68.86804,44.12776],[-68.8649,44.12723],[-68.86348,44.12864],[-68.86448,44.12924],[-68.86281,44.12926],[-68.86055,44.12769],[-68.8618,44.1274],[-68.85777,44.12626],[-68.85772,44.12743],[-68.8584,44.12761],[-68.85759,44.12816],[-68.86032,44.12809],[-68.8589,44.12924],[-68.85883,44.13095],[-68.86077,44.13162],[-68.86028,44.13249],[-68.86102,44.13425],[-68.86347,44.13594],[-68.86237,44.1367],[-68.86447,44.13731],[-68.86445,44.13813],[-68.86291,44.13897],[-68.86687,44.13951],[-68.86013,44.14106],[-68.85918,44.14219],[-68.86041,44.14403],[-68.86243,44.14405],[-68.86259,44.14525],[-68.85966,44.14519],[-68.85868,44.14662],[-68.86186,44.14604],[-68.86297,44.14664],[-68.85865,44.14822],[-68.85384,44.14762],[-68.85299,44.1487],[-68.85253,44.14816],[-68.85361,44.14674],[-68.85315,44.14571],[-68.85529,44.14509],[-68.85881,44.14189],[-68.85297,44.13998],[-68.85368,44.13864],[-68.85062,44.13801],[-68.85,44.14418],[-68.85078,44.14477],[-68.85,44.14535]]]},"properties":{}},{"type":"Feature","geometry":{"type":"Polygon","coordinates":[[[-68.85,44.10463],[-68.8517,44.10479],[-68.85234,44.10564],[-68.85157,44.1076],[-68.85,44.10757],[-68.85,44.10463]]]},"properties":{}},{"type":"Feature","geometry":{"type":"Polygon","coordinates":[[[-68.85043,44.12632],[-68.85135,44.12608],[-68.85149,44.12529],[-68.85336,44.12502],[-68.85281,44.12306],[-68.85146,44.12222],[-68.85,44.12306],[-68.85043,44.12632]]]},"properties":{}},{"type":"Feature","geometry":{"type":"Polygon","coordinates":[[[-68.88665,44.12502],[-68.8891,44.12513],[-68.89678,44.12271],[-68.89839,44.12338],[-68.90164,44.12118],[-68.90148,44.11912],[-68.90758,44.11454],[-68.9098,44.11136],[-68.9092,44.1099],[-68.90711,44.10994],[-68.90439,44.11291],[-68.90608,44.10927],[-68.9057,44.10638],[-68.90451,44.10577],[-68.90605,44.10536],[-68.90692,44.10377],[-68.90679,44.10603],[-68.90792,44.10494],[-68.9089,44.10045],[-68.90309,44.1],[-68.90157,44.1028],[-68.90151,44.10157],[-68.90085,44.10161],[-68.90151,44.10323],[-68.90063,44.10361],[-68.90107,44.10397],[-68.8996,44.10675],[-68.90004,44.10732],[-68.90091,44.10693],[-68.90161,44.11059],[-68.90052,44.11295],[-68.89856,44.11529],[-68.89946,44.11312],[-68.8983,44.11253],[-68.89925,44.11015],[-68.8999,44.11033],[-68.89944,44.10924],[-68.90041,44.10984],[-68.90061,44.10842],[-68.90017,44.1079],[-68.89947,44.10868],[-68.89808,44.10609],[-68.89604,44.10594],[-68.89709,44.10426],[-68.89633,44.10366],[-68.89682,44.1],[-68.8812,44.1],[-68.8808,44.10116],[-68.87933,44.1],[-68.85828,44.1],[-68.85946,44.10254],[-68.86082,44.10241],[-68.86084,44.10303],[-68.86669,44.10016],[-68.86916,44.10209],[-68.86429,44.10617],[-68.86091,44.11115],[-68.86247,44.11144],[-68.86295,44.11264],[-68.86436,44.11276],[-68.8657,44.11435],[-68.86766,44.11347],[-68.86909,44.11455],[-68.87614,44.11366],[-68.87714,44.11466],[-68.8715,44.11524],[-68.8719,44.1166],[-68.87282,44.11584],[-68.8724,44.1175],[-68.87319,44.11735],[-68.87315,44.1183],[-68.87423,44.11884],[-68.87015,44.11847],[-68.8715,44.11787],[-68.86892,44.11573],[-68.86795,44.11635],[-68.86866,44.11919],[-68.86374,44.11631],[-68.86291,44.11667],[-68.86362,44.11851],[-68.86836,44.12092],[-68.86926,44.12059],[-68.86953,44.12132],[-68.88124,44.12345],[-68.88284,44.12482],[-68.88544,44.12473],[-68.88635,44.12434],[-68.88669,44.12291],[-68.88877,44.12283],[-68.88665,44.12502]]]},"properties":{}},{"type":"Feature","geometry":{"type":"Polygon","coordinates":[[[-68.83314,44.13044],[-68.82993,44.13112],[-68.82818,44.13065],[-68.83119,44.12863],[-68.83314,44.13044]]]},"properties":{}},{"type":"Feature","geometry":{"type":"Polygon","coordinates":[[[-68.80737,44.16325],[-68.80622,44.16317],[-68.80604,44.16334],[-68.80665,44.16389],[-68.80737,44.16325]]]},"properties":{}},{"type":"Feature","geometry":{"type":"Polygon","coordinates":[[[-68.79892,44.14895],[-68.79956,44.14927],[-68.79951,44.14969],[-68.79912,44.14956],[-68.79892,44.14895]]]},"properties":{}},{"type":"Feature","geometry":{"type":"Polygon","coordinates":[[[-68.80068,44.14389],[-68.7988,44.14316],[-68.79461,44.1463],[-68.7917,44.14645],[-68.79358,44.14512],[-68.79445,44.14306],[-68.79671,44.14258],[-68.7989,44.14072],[-68.80107,44.1405],[-68.80258,44.13907],[-68.80312,44.14126],[-68.80132,44.14165],[-68.80182,44.14256],[-68.80064,44.14295],[-68.80068,44.14389]]]},"properties":{}},{"type":"Feature","geometry":{"type":"Polygon","coordinates":[[[-68.79674,44.1372],[-68.79618,44.13677],[-68.79573,44.13715],[-68.79674,44.1372]]]},"properties":{}},{"type":"Feature","geometry":{"type":"Polygon","coordinates":[[[-68.81613,44.14742],[-68.81549,44.14805],[-68.81491,44.14777],[-68.8154,44.14736],[-68.81613,44.14742]]]},"properties":{}},{"type":"Feature","geometry":{"type":"Polygon","coordinates":[[[-68.84212,44.12952],[-68.84075,44.12936],[-68.84119,44.12848],[-68.83872,44.12581],[-68.83965,44.12211],[-68.84008,44.12176],[-68.84069,44.12301],[-68.84126,44.12255],[-68.84032,44.11894],[-68.83835,44.11737],[-68.84009,44.11604],[-68.83913,44.11556],[-68.83639,44.11515],[-68.83573,44.11681],[-68.83062,44.11746],[-68.82687,44.12105],[-68.82456,44.12101],[-68.8193,44.12305],[-68.81781,44.12026],[-68.81442,44.11835],[-68.81518,44.11692],[-68.8142,44.11613],[-68.80683,44.1168],[-68.80601,44.11568],[-68.80608,44.11355],[-68.80383,44.11289],[-68.80781,44.10984],[-68.80806,44.10836],[-68.80712,44.10634],[-68.80767,44.10446],[-68.81022,44.10374],[-68.8113,44.10201],[-68.81621,44.10216],[-68.8141,44.10122],[-68.81416,44.1],[-68.82305,44.1],[-68.82244,44.10204],[-68.82297,44.10502],[-68.82422,44.10011],[-68.82738,44.1012],[-68.82864,44.10093],[-68.82899,44.1],[-68.83371,44.1],[-68.8332,44.10177],[-68.83189,44.1022],[-68.83289,44.10263],[-68.83617,44.10174],[-68.83721,44.10088],[-68.83642,44.1],[-68.83817,44.1],[-68.83923,44.1016],[-68.83775,44.10296],[-68.83953,44.10211],[-68.84003,44.10282],[-68.84287,44.10121],[-68.84426,44.10174],[-68.84419,44.10246],[-68.84308,44.10274],[-68.84589,44.1039],[-68.84462,44.10426],[-68.84536,44.10488],[-68.84369,44.10534],[-68.84695,44.1067],[-68.84624,44.10714],[-68.84679,44.10748],[-68.84381,44.10711],[-68.84609,44.10842],[-68.84444,44.10825],[-68.84543,44.10868],[-68.84448,44.10962],[-68.84746,44.10948],[-68.84891,44.11066],[-68.85,44.11016],[-68.85,44.11148],[-68.84905,44.11283],[-68.8491,44.11159],[-68.84736,44.11253],[-68.84662,44.11514],[-68.84231,44.11577],[-68.84666,44.1164],[-68.8476,44.1175],[-68.84597,44.11752],[-68.84651,44.11899],[-68.84496,44.11936],[-68.84593,44.12046],[-68.84504,44.12177],[-68.84657,44.12248],[-68.84419,44.12157],[-68.84347,44.12253],[-68.84417,44.12309],[-68.84247,44.12251],[-68.84624,44.1252],[-68.85,44.12306],[-68.84999,44.12559],[-68.84624,44.12666],[-68.84549,44.12807],[-68.84464,44.12769],[-68.84447,44.13092],[-68.84379,44.13049],[-68.84245,44.13136],[-68.84212,44.12952]]]},"properties":{}},{"type":"Feature","geometry":{"type":"Polygon","coordinates":[[[-68.7955,44.10128],[-68.79558,44.1],[-68.79689,44.1],[-68.79661,44.10151],[-68.7955,44.10128]]]},"properties":{}},{"type":"Feature","geometry":{"type":"Polygon","coordinates":[[[-68.84148,44.1],[-68.84029,44.1],[-68.83999,44.10036],[-68.84035,44.10038],[-68.84148,44.1]]]},"properties":{}},{"type":"Feature","geometry":{"type":"Polygon","coordinates":[[[-68.84238,44.10053],[-68.84197,44.1],[-68.84162,44.1],[-68.84278,44.1],[-68.84238,44.10053]]]},"properties":{}},{"type":"Feature","geometry":{"type":"Polygon","coordinates":[[[-68.79883,44.1003],[-68.80186,44.10208],[-68.80388,44.10145],[-68.80275,44.1],[-68.79883,44.1003]]]},"properties":{}},{"type":"Feature","geometry":{"type":"Polygon","coordinates":[[[-68.85,44.13991],[-68.84418,44.14196],[-68.84291,44.14331],[-68.84387,44.14397],[-68.84599,44.14316],[-68.85,44.14418],[-68.85,44.13991]]]},"properties":{}},{"type":"Feature","geometry":{"type":"Polygon","coordinates":[[[-68.82163,44.17072],[-68.82267,44.17441],[-68.82374,44.175],[-68.85,44.175],[-68.85,44.14535],[-68.84702,44.14543],[-68.84506,44.14711],[-68.84583,44.14927],[-68.84535,44.14975],[-68.84081,44.14802],[-68.83522,44.14771],[-68.83431,44.14832],[-68.83454,44.14926],[-68.83086,44.15036],[-68.83046,44.1524],[-68.82742,44.15202],[-68.82712,44.15266],[-68.82841,44.1539],[-68.82425,44.15262],[-68.82507,44.15076],[-68.8232,44.14962],[-68.82152,44.15022],[-68.82405,44.14796],[-68.82649,44.14698],[-68.82825,44.14372],[-68.82052,44.14418],[-68.8192,44.14537],[-68.81917,44.14648],[-68.81665,44.14762],[-68.81437,44.15156],[-68.81473,44.15252],[-68.81689,44.15266],[-68.8173,44.15362],[-68.81655,44.15446],[-68.80687,44.15821],[-68.8085,44.15968],[-68.80853,44.16081],[-68.81113,44.16146],[-68.81476,44.15977],[-68.81893,44.16142],[-68.81984,44.16482],[-68.81853,44.1664],[-68.81962,44.1676],[-68.81954,44.17072],[-68.82163,44.17072]]]},"properties":{}},{"type":"Feature","geometry":{"type":"Polygon","coordinates":[[[-68.85,44.109],[-68.84945,44.10933],[-68.84859,44.10953],[-68.84954,44.11011],[-68.85,44.109]]]},"properties":{}},{"type":"Feature","geometry":{"type":"Polygon","coordinates":[[[-68.84963,44.10788],[-68.84891,44.10473],[-68.85,44.10463],[-68.84963,44.10788]]]},"properties":{}},{"type":"Feature","geometry":{"type":"Polygon","coordinates":[[[-68.85,44.10299],[-68.84867,44.10233],[-68.85,44.10191],[-68.85,44.10299]]]},"properties":{}},{"type":"Feature","geometry":{"type":"Polygon","coordinates":[[[-68.8398,44.13133],[-68.84019,44.13072],[-68.84103,44.13124],[-68.84079,44.13141],[-68.8398,44.13133]]]},"properties":{}},{"type":"Feature","geometry":{"type":"Polygon","coordinates":[[[-68.79215,44.1367],[-68.79195,44.1385],[-68.78829,44.14083],[-68.78712,44.1438],[-68.7845,44.14401],[-68.78383,44.14531],[-68.78233,44.1454],[-68.78046,44.14301],[-68.78231,44.14132],[-68.78739,44.13942],[-68.78889,44.13722],[-68.79215,44.1367]]]},"properties":{}},{"type":"Feature","geometry":{"type":"Polygon","coordinates":[[[-68.81212,44.14644],[-68.80434,44.14819],[-68.80215,44.15129],[-68.80405,44.15306],[-68.80517,44.15182],[-68.81283,44.1497],[-68.81402,44.14854],[-68.81176,44.14807],[-68.81212,44.14644]]]},"properties":{}},{"type":"Feature","geometry":{"type":"Polygon","coordinates":[[[-68.80797,44.14387],[-68.80621,44.14338],[-68.80572,44.14236],[-68.80733,44.14067],[-68.80606,44.1392],[-68.80751,44.13732],[-68.80814,44.13779],[-68.8087,44.13714],[-68.81065,44.13826],[-68.81161,44.13796],[-68.81198,44.13684],[-68.81282,44.13732],[-68.81471,44.13666],[-68.81399,44.13622],[-68.8179,44.13691],[-68.8196,44.13531],[-68.81884,44.13463],[-68.81952,44.13419],[-68.82643,44.13618],[-68.82507,44.13851],[-68.82359,44.13832],[-68.82403,44.13979],[-68.82135,44.13899],[-68.82215,44.14018],[-68.82065,44.1408],[-68.81933,44.1401],[-68.81734,44.14069],[-68.81542,44.14019],[-68.81581,44.141],[-68.81445,44.14032],[-68.8128,44.14169],[-68.81114,44.14176],[-68.81139,44.14265],[-68.80797,44.14387]]]},"properties":{}},{"type":"Feature","geometry":{"type":"Polygon","coordinates":[[[-68.71087,44.16871],[-68.70941,44.17079],[-68.70801,44.17103],[-68.70912,44.1724],[-68.70688,44.175],[-68.71959,44.175],[-68.72041,44.17412],[-68.72102,44.17079],[-68.71955,44.16956],[-68.72003,44.16847],[-68.71951,44.16788],[-68.71393,44.17126],[-68.71163,44.17017],[-68.71275,44.16895],[-68.71087,44.16871]]]},"properties":{}},{"type":"Feature","geometry":{"type":"Polygon","coordinates":[[[-68.70051,44.16234],[-68.7,44.15984],[-68.70112,44.15917],[-68.70528,44.1576],[-68.70887,44.15745],[-68.70907,44.15806],[-68.70761,44.1591],[-68.70306,44.16],[-68.70314,44.16118],[-68.70569,44.16157],[-68.70051,44.16234]]]},"properties":{}},{"type":"Feature","geometry":{"type":"Polygon","coordinates":[[[-68.70491,44.16499],[-68.7,44.16499],[-68.7,44.175],[-68.70419,44.17478],[-68.70654,44.16791],[-68.70666,44.16672],[-68.70519,44.16669],[-68.70491,44.16499]]]},"properties":{}},{"type":"Feature","geometry":{"type":"Polygon","coordinates":[[[-68.70868,44.12493],[-68.70656,44.1249],[-68.70551,44.12567],[-68.70642,44.12625],[-68.71031,44.126],[-68.70859,44.12594],[-68.70868,44.12493]]]},"properties":{}},{"type":"Feature","geometry":{"type":"Polygon","coordinates":[[[-68.71054,44.12341],[-68.70968,44.12396],[-68.70939,44.12367],[-68.71054,44.12341]]]},"properties":{}},{"type":"Feature","geometry":{"type":"Polygon","coordinates":[[[-68.71148,44.1493],[-68.70906,44.15007],[-68.71019,44.15032],[-68.71148,44.1493]]]},"properties":{}},{"type":"Feature","geometry":{"type":"Polygon","coordinates":[[[-68.70123,44.13375],[-68.70379,44.13384],[-68.70358,44.13487],[-68.70063,44.13466],[-68.70123,44.13375]]]},"properties":{}},{"type":"Feature","geometry":{"type":"Polygon","coordinates":[[[-68.70269,44.144],[-68.70077,44.14536],[-68.70108,44.14606],[-68.70509,44.14526],[-68.70475,44.14432],[-68.70269,44.144]]]},"properties":{}},{"type":"Feature","geometry":{"type":"Polygon","coordinates":[[[-68.72029,44.1671],[-68.71815,44.16682],[-68.7201,44.16625],[-68.72029,44.1671]]]},"properties":{}},{"type":"Feature","geometry":{"type":"Polygon","coordinates":[[[-68.70874,44.15493],[-68.71081,44.15551],[-68.70856,44.15531],[-68.70874,44.15493]]]},"properties":{}},{"type":"Feature","geometry":{"type":"Polygon","coordinates":[[[-68.64975,44.11029],[-68.65249,44.10913],[-68.64735,44.10891],[-68.64633,44.10799],[-68.64377,44.10867],[-68.64214,44.10825],[-68.64259,44.1072],[-68.64148,44.10504],[-68.64028,44.10436],[-68.63804,44.10462],[-68.63691,44.10323],[-68.63786,44.10153],[-68.63735,44.10034],[-68.64066,44.1],[-68.64485,44.10163],[-68.65213,44.10174],[-68.6502,44.1047],[-68.64756,44.10551],[-68.64814,44.10671],[-68.65493,44.10576],[-68.65901,44.10753],[-68.65877,44.10903],[-68.65811,44.109],[-68.65845,44.11006],[-68.65602,44.11088],[-68.65356,44.11119],[-68.64975,44.11029]]]},"properties":{}},{"type":"Feature","geometry":{"type":"Polygon","coordinates":[[[-68.62837,44.1],[-68.625,44.1],[-68.625,44.10185],[-68.62818,44.10145],[-68.62837,44.1]]]},"properties":{}},{"type":"Feature","geometry":{"type":"Polygon","coordinates":[[[-68.65168,44.17425],[-68.65055,44.17489],[-68.7,44.175],[-68.7,44.16499],[-68.69582,44.16686],[-68.69276,44.1666],[-68.69552,44.16517],[-68.69228,44.16516],[-68.69195,44.16431],[-68.69347,44.16303],[-68.69647,44.16336],[-68.7,44.16235],[-68.7,44.15984],[-68.69965,44.15897],[-68.69602,44.15733],[-68.69751,44.1566],[-68.69726,44.15552],[-68.69139,44.15514],[-68.69072,44.15451],[-68.69161,44.15396],[-68.69124,44.15334],[-68.68925,44.15374],[-68.6899,44.15276],[-68.68727,44.15307],[-68.68712,44.15238],[-68.68399,44.15148],[-68.68088,44.15163],[-68.68133,44.15026],[-68.6831,44.15058],[-68.68544,44.14943],[-68.68487,44.14888],[-68.68633,44.14804],[-68.68432,44.14733],[-68.68357,44.14819],[-68.68115,44.14747],[-68.67827,44.14808],[-68.68,44.14964],[-68.67976,44.15061],[-68.68098,44.15053],[-68.67929,44.15266],[-68.6781,44.15249],[-68.67702,44.15],[-68.67566,44.1493],[-68.66847,44.15122],[-68.67121,44.15384],[-68.67027,44.15467],[-68.66734,44.15494],[-68.66776,44.15434],[-68.66622,44.15411],[-68.66547,44.15502],[-68.66439,44.15468],[-68.66582,44.15548],[-68.66369,44.15612],[-68.66237,44.15386],[-68.66164,44.15431],[-68.66202,44.15537],[-68.66035,44.15376],[-68.66036,44.15474],[-68.65511,44.15574],[-68.65502,44.15675],[-68.6521,44.15565],[-68.64831,44.1564],[-68.64721,44.15782],[-68.64637,44.15714],[-68.64365,44.15889],[-68.64175,44.15841],[-68.64188,44.15905],[-68.63976,44.1607],[-68.63975,44.16231],[-68.6384,44.16323],[-68.63858,44.16492],[-68.63965,44.16584],[-68.645,44.16449],[-68.64516,44.1651],[-68.64763,44.16557],[-68.64822,44.1676],[-68.64597,44.16801],[-68.65113,44.16894],[-68.6499,44.16979],[-68.64733,44.16935],[-68.64443,44.17307],[-68.6472,44.17392],[-68.649,44.17198],[-68.65034,44.17254],[-68.65181,44.1721],[-68.65168,44.17425]]]},"properties":{}},{"type":"Feature","geometry":{"type":"Polygon","coordinates":[[[-68.62549,44.17201],[-68.625,44.175],[-68.64271,44.175],[-68.64125,44.17258],[-68.64011,44.17267],[-68.63903,44.17147],[-68.6347,44.17153],[-68.62991,44.16958],[-68.62772,44.1702],[-68.62783,44.17083],[-68.62549,44.17201]]]},"properties":{}},{"type":"Feature","geometry":{"type":"Polygon","coordinates":[[[-68.625,44.12173],[-68.6251,44.12551],[-68.629,44.1244],[-68.6289,44.12304],[-68.62578,44.12132],[-68.625,44.12173]]]},"properties":{}},{"type":"Feature","geometry":{"type":"Polygon","coordinates":[[[-68.69307,44.10998],[-68.69354,44.10905],[-68.69421,44.10936],[-68.69307,44.10998]]]},"properties":{}},{"type":"Feature","geometry":{"type":"Polygon","coordinates":[[[-68.66542,44.10746],[-68.6676,44.1083],[-68.66789,44.1093],[-68.66522,44.10973],[-68.66466,44.10818],[-68.66542,44.10746]]]},"properties":{}},{"type":"Feature","geometry":{"type":"Polygon","coordinates":[[[-68.67203,44.10374],[-68.67152,44.10518],[-68.6729,44.10523],[-68.67284,44.10422],[-68.67203,44.10374]]]},"properties":{}},{"type":"Feature","geometry":{"type":"Polygon","coordinates":[[[-68.64314,44.11171],[-68.6445,44.11237],[-68.64652,44.11144],[-68.64582,44.11064],[-68.64314,44.11171]]]},"properties":{}},{"type":"Feature","geometry":{"type":"Polygon","coordinates":[[[-68.66501,44.11363],[-68.66377,44.11318],[-68.66533,44.11334],[-68.66501,44.11363]]]},"properties":{}},{"type":"Feature","geometry":{"type":"Polygon","coordinates":[[[-68.66946,44.14885],[-68.66856,44.14845],[-68.67008,44.14808],[-68.66946,44.14885]]]},"properties":{}},{"type":"Feature","geometry":{"type":"Polygon","coordinates":[[[-68.68226,44.13868],[-68.68142,44.14013],[-68.68009,44.14053],[-68.68134,44.14199],[-68.67891,44.14444],[-68.67491,44.14682],[-68.67401,44.14694],[-68.6744,44.14583],[-68.67265,44.14518],[-68.67119,44.14742],[-68.66809,44.14753],[-68.66867,44.1467],[-68.66745,44.1453],[-68.66872,44.14342],[-68.67112,44.14346],[-68.67679,44.14147],[-68.66895,44.14285],[-68.66676,44.14096],[-68.66754,44.14023],[-68.66716,44.139],[-68.66853,44.13835],[-68.6681,44.13763],[-68.67272,44.1383],[-68.67332,44.13915],[-68.67655,44.13818],[-68.67927,44.13833],[-68.67935,44.13774],[-68.68226,44.13868]]]},"properties":{}},{"type":"Feature","geometry":{"type":"Polygon","coordinates":[[[-68.65309,44.1415],[-68.64944,44.14224],[-68.65002,44.14328],[-68.64899,44.14305],[-68.64905,44.14533],[-68.65054,44.14615],[-68.6551,44.14546],[-68.65522,44.14402],[-68.65309,44.1415]]]},"properties":{}},{"type":"Feature","geometry":{"type":"Polygon","coordinates":[[[-68.66668,44.13705],[-68.67024,44.13665],[-68.66817,44.13661],[-68.66703,44.13504],[-68.66568,44.13525],[-68.66668,44.13705]]]},"properties":{}},{"type":"Feature","geometry":{"type":"Polygon","coordinates":[[[-68.65042,44.1336],[-68.65165,44.13266],[-68.65177,44.13385],[-68.65042,44.1336]]]},"properties":{}},{"type":"Feature","geometry":{"type":"Polygon","coordinates":[[[-68.6696,44.13191],[-68.67016,44.13239],[-68.67204,44.13131],[-68.67021,44.13141],[-68.6696,44.13191]]]},"properties":{}},{"type":"Feature","geometry":{"type":"Polygon","coordinates":[[[-68.65799,44.12824],[-68.65606,44.12976],[-68.65141,44.12891],[-68.65221,44.12722],[-68.65724,44.12713],[-68.65799,44.12824]]]},"properties":{}},{"type":"Feature","geometry":{"type":"Polygon","coordinates":[[[-68.6268,44.10705],[-68.62889,44.10776],[-68.62965,44.10724],[-68.62792,44.1065],[-68.6268,44.10705]]]},"properties":{}},{"type":"Feature","geometry":{"type":"Polygon","coordinates":[[[-68.64314,44.14424],[-68.64042,44.14354],[-68.64153,44.14385],[-68.64093,44.14487],[-68.64289,44.14512],[-68.64314,44.14424]]]},"properties":{}},{"type":"Feature","geometry":{"type":"Polygon","coordinates":[[[-68.64498,44.12616],[-68.64608,44.12652],[-68.64587,44.12708],[-68.64502,44.12713],[-68.64498,44.12616]]]},"properties":{}},{"type":"Feature","geometry":{"type":"Polygon","coordinates":[[[-68.63374,44.14997],[-68.63187,44.15056],[-68.63183,44.15212],[-68.6288,44.15258],[-68.62938,44.15159],[-68.62708,44.15148],[-68.62864,44.14924],[-68.62677,44.1485],[-68.6339,44.14535],[-68.63427,44.14747],[-68.63556,44.14796],[-68.63374,44.14997]]]},"properties":{}},{"type":"Feature","geometry":{"type":"Polygon","coordinates":[[[-68.63952,44.14646],[-68.63802,44.14724],[-68.63719,44.14681],[-68.63842,44.14616],[-68.63952,44.14646]]]},"properties":{}},{"type":"Feature","geometry":{"type":"Polygon","coordinates":[[[-68.68407,44.12505],[-68.68211,44.12381],[-68.68365,44.12291],[-68.68663,44.12329],[-68.68794,44.12478],[-68.68407,44.12505]]]},"properties":{}},{"type":"Feature","geometry":{"type":"Polygon","coordinates":[[[-68.64421,44.14355],[-68.64483,44.14368],[-68.64545,44.1435],[-68.64456,44.14264],[-68.64421,44.14355]]]},"properties":{}},{"type":"Feature","geometry":{"type":"Polygon","coordinates":[[[-68.65103,44.14726],[-68.65062,44.14816],[-68.65156,44.14759],[-68.65103,44.14726]]]},"properties":{}},{"type":"Feature","geometry":{"type":"Polygon","coordinates":[[[-68.63744,44.12776],[-68.63407,44.12939],[-68.63029,44.12836],[-68.6328,44.12606],[-68.63745,44.12389],[-68.64018,44.12415],[-68.64011,44.12565],[-68.6387,44.12728],[-68.64003,44.12769],[-68.63969,44.12824],[-68.63792,44.12886],[-68.63744,44.12776]]]},"properties":{}},{"type":"Feature","geometry":{"type":"Polygon","coordinates":[[[-68.6258,44.14868],[-68.62571,44.14929],[-68.62516,44.14857],[-68.6258,44.14868]]]},"properties":{}},{"type":"Feature","geometry":{"type":"Polygon","coordinates":[[[-68.64776,44.13409],[-68.64704,44.1308],[-68.64463,44.1311],[-68.64433,44.13205],[-68.64176,44.13353],[-68.64113,44.1353],[-68.64505,44.13572],[-68.64488,44.13475],[-68.64776,44.13409]]]},"properties":{}},{"type":"Feature","geometry":{"type":"Polygon","coordinates":[[[-68.69437,44.11621],[-68.69357,44.11696],[-68.69547,44.11705],[-68.69664,44.11626],[-68.69437,44.11621]]]},"properties":{}},{"type":"Feature","geometry":{"type":"Polygon","coordinates":[[[-68.6337,44.13742],[-68.63033,44.13688],[-68.62709,44.13454],[-68.62841,44.13398],[-68.6311,44.13456],[-68.6341,44.13645],[-68.6337,44.13742]]]},"properties":{}},{"type":"Feature","geometry":{"type":"Polygon","coordinates":[[[-68.65905,44.14148],[-68.65963,44.14028],[-68.65917,44.13961],[-68.65849,44.14082],[-68.65905,44.14148]]]},"properties":{}},{"type":"Feature","geometry":{"type":"Polygon","coordinates":[[[-68.65467,44.1494],[-68.65355,44.14994],[-68.65309,44.14911],[-68.65444,44.14802],[-68.65467,44.1494]]]},"properties":{}},{"type":"Feature","geometry":{"type":"Polygon","coordinates":[[[-68.64411,44.14908],[-68.64155,44.15093],[-68.6411,44.15235],[-68.64597,44.15107],[-68.64597,44.15173],[-68.64696,44.15187],[-68.6487,44.15105],[-68.64762,44.15049],[-68.64801,44.14936],[-68.64647,44.14852],[-68.64411,44.14908]]]},"properties":{}},{"type":"Feature","geometry":{"type":"Polygon","coordinates":[[[-69.07596,44.18321],[-69.075,44.18381],[-69.075,44.25],[-69.15,44.25],[-69.15,44.175],[-69.075,44.175],[-69.075,44.18314],[-69.07596,44.18321]]]},"properties":{}},{"type":"Feature","geometry":{"type":"Polygon","coordinates":[[[-69.075,44.18816],[-69.07354,44.18655],[-69.075,44.18381],[-69.075,44.18816]]]},"properties":{}},{"type":"Feature","geometry":{"type":"Polygon","coordinates":[[[-69.03592,44.23727],[-69.03091,44.24328],[-69.03121,44.24514],[-69.02987,44.24822],[-69.02652,44.25],[-69.075,44.25],[-69.075,44.18822],[-69.07284,44.18628],[-69.07083,44.1869],[-69.07151,44.18508],[-69.07042,44.18207],[-69.06263,44.175],[-69.05321,44.175],[-69.0535,44.17605],[-69.05589,44.17648],[-69.05746,44.18157],[-69.05648,44.18945],[-69.05372,44.19129],[-69.05154,44.19528],[-69.05374,44.1992],[-69.05537,44.2002],[-69.05477,44.20295],[-69.05821,44.20328],[-69.05934,44.2056],[-69.06433,44.21025],[-69.0626,44.21166],[-69.06119,44.21035],[-69.06082,44.20827],[-69.05931,44.2084],[-69.05639,44.21001],[-69.05558,44.21326],[-69.05298,44.2164],[-69.05053,44.21675],[-69.04792,44.21596],[-69.04819,44.21343],[-69.04955,44.21229],[-69.04669,44.21057],[-69.04546,44.2136],[-69.04291,44.21528],[-69.04441,44.21913],[-69.04308,44.2245],[-69.04381,44.22524],[-69.04109,44.23068],[-69.0406,44.23355],[-69.03592,44.23727]]]},"properties":{}},{"type":"Feature","geometry":{"type":"Polygon","coordinates":[[[-69.07344,44.17863],[-69.07319,44.17632],[-69.075,44.175],[-69.075,44.18058],[-69.07344,44.17863]]]},"properties":{}},{"type":"Feature","geometry":{"type":"Polygon","coordinates":[[[-69.04632,44.20919],[-69.04585,44.20966],[-69.0465,44.21016],[-69.04772,44.21],[-69.04632,44.20919]]]},"properties":{}},{"type":"Feature","geometry":{"type":"Polygon","coordinates":[[[-69.05127,44.20319],[-69.04869,44.20194],[-69.04844,44.20142],[-69.05054,44.20143],[-69.05145,44.20249],[-69.05127,44.20319]]]},"properties":{}},{"type":"Feature","geometry":{"type":"Polygon","coordinates":[[[-68.95645,44.20451],[-68.95246,44.20458],[-68.95336,44.20769],[-68.95625,44.20756],[-68.95645,44.20451]]]},"properties":{}},{"type":"Feature","geometry":{"type":"Polygon","coordinates":[[[-68.94531,44.24926],[-68.94488,44.25],[-68.96558,44.25],[-68.95733,44.24676],[-68.95518,44.24372],[-68.95325,44.24509],[-68.95226,44.24933],[-68.94531,44.24926]]]},"properties":{}},{"type":"Feature","geometry":{"type":"Polygon","coordinates":[[[-68.93312,44.24213],[-68.9329,44.24092],[-68.93864,44.23624],[-68.93832,44.23316],[-68.94026,44.22679],[-68.94232,44.22307],[-68.94574,44.22048],[-68.95116,44.21864],[-68.95172,44.21978],[-68.94967,44.22197],[-68.94803,44.22549],[-68.94635,44.22672],[-68.94455,44.23061],[-68.94278,44.23218],[-68.94249,44.23348],[-68.93841,44.23681],[-68.93743,44.24072],[-68.93628,44.24176],[-68.93312,44.24213]]]},"properties":{}},{"type":"Feature","geometry":{"type":"Polygon","coordinates":[[[-68.94207,44.19791],[-68.94153,44.1998],[-68.94256,44.19867],[-68.94207,44.19791]]]},"properties":{}},{"type":"Feature","geometry":{"type":"Polygon","coordinates":[[[-68.93445,44.24372],[-68.93216,44.24814],[-68.93757,44.24484],[-68.93594,44.24357],[-68.93445,44.24372]]]},"properties":{}},{"type":"Feature","geometry":{"type":"Polygon","coordinates":[[[-68.96503,44.17786],[-68.96349,44.1774],[-68.96274,44.1784],[-68.96411,44.17947],[-68.96334,44.18105],[-68.965,44.17969],[-68.96503,44.17786]]]},"properties":{}},{"type":"Feature","geometry":{"type":"Polygon","coordinates":[[[-68.98319,44.175],[-68.97976,44.175],[-68.98019,44.17593],[-68.98319,44.175]]]},"properties":{}},{"type":"Feature","geometry":{"type":"Polygon","coordinates":[[[-68.9641,44.19558],[-68.96262,44.19484],[-68.96409,44.19297],[-68.96243,44.19173],[-68.96273,44.19091],[-68.96147,44.1897],[-68.95973,44.1905],[-68.95858,44.19251],[-68.96012,44.19462],[-68.95774,44.19631],[-68.95885,44.19826],[-68.9575,44.20209],[-68.95989,44.20053],[-68.9634,44.20047],[-68.9644,44.19906],[-68.9641,44.19558]]]},"properties":{}},{"type":"Feature","geometry":{"type":"Polygon","coordinates":[[[-68.96181,44.23303],[-68.96376,44.23052],[-68.9638,44.22979],[-68.96224,44.2305],[-68.96181,44.23303]]]},"properties":{}},{"type":"Feature","geometry":{"type":"Polygon","coordinates":[[[-68.95775,44.23426],[-68.9599,44.23357],[-68.96047,44.23245],[-68.95829,44.23295],[-68.95775,44.23426]]]},"properties":{}},{"type":"Feature","geometry":{"type":"Polygon","coordinates":[[[-68.92674,44.23227],[-68.92505,44.23541],[-68.925,44.24457],[-68.9274,44.24216],[-68.92956,44.23685],[-68.93117,44.23648],[-68.93156,44.23523],[-68.93103,44.23402],[-68.93164,44.23295],[-68.93002,44.23111],[-68.92912,44.23259],[-68.92674,44.23227]]]},"properties":{}},{"type":"Feature","geometry":{"type":"Polygon","coordinates":[[[-68.85,44.24801],[-68.85,44.24995],[-68.85135,44.24868],[-68.85093,44.248],[-68.85157,44.24699],[-68.85,44.24801]]]},"properties":{}},{"type":"Feature","geometry":{"type":"Polygon","coordinates":[[[-68.85,44.22993],[-68.85,44.23659],[-68.85058,44.2367],[-68.85157,44.23414],[-68.85088,44.23234],[-68.85247,44.22921],[-68.8516,44.22842],[-68.85,44.22993]]]},"properties":{}},{"type":"Feature","geometry":{"type":"Polygon","coordinates":[[[-68.8643,44.175],[-68.85,44.175],[-68.85,44.18156],[-68.85952,44.17629],[-68.8643,44.175]]]},"properties":{}},{"type":"Feature","geometry":{"type":"Polygon","coordinates":[[[-68.91446,44.25],[-68.91266,44.24874],[-68.91332,44.24464],[-68.925,44.23623],[-68.92499,44.24468],[-68.92081,44.24729],[-68.922,44.24759],[-68.9226,44.24976],[-68.9238,44.25],[-68.92149,44.25],[-68.92045,44.24928],[-68.91967,44.25],[-68.91446,44.25]]]},"properties":{}},{"type":"Feature","geometry":{"type":"Polygon","coordinates":[[[-68.86436,44.21305],[-68.86302,44.21521],[-68.86327,44.21542],[-68.86547,44.21414],[-68.86577,44.21315],[-68.86436,44.21305]]]},"properties":{}},{"type":"Feature","geometry":{"type":"Polygon","coordinates":[[[-68.83233,44.22386],[-68.83458,44.22273],[-68.83498,44.22294],[-68.83415,44.22402],[-68.83233,44.22386]]]},"properties":{}},{"type":"Feature","geometry":{"type":"Polygon","coordinates":[[[-68.78803,44.23359],[-68.78365,44.23131],[-68.78373,44.22768],[-68.78109,44.22615],[-68.7854,44.22517],[-68.78839,44.22604],[-68.79292,44.22605],[-68.79525,44.2251],[-68.79536,44.22432],[-68.7975,44.22413],[-68.7973,44.22564],[-68.79546,44.22709],[-68.79971,44.2314],[-68.79891,44.23555],[-68.79131,44.23657],[-68.78763,44.23491],[-68.78803,44.23359]]]},"properties":{}},{"type":"Feature","geometry":{"type":"Polygon","coordinates":[[[-68.83058,44.23085],[-68.82801,44.22904],[-68.82431,44.22922],[-68.82535,44.23022],[-68.82353,44.23114],[-68.824,44.23327],[-68.82316,44.23514],[-68.82239,44.2313],[-68.82143,44.22975],[-68.81964,44.229],[-68.81893,44.22722],[-68.81812,44.22665],[-68.8196,44.22912],[-68.81885,44.23137],[-68.82028,44.23477],[-68.81657,44.23842],[-68.81876,44.24076],[-68.8184,44.24252],[-68.82144,44.24257],[-68.8274,44.24074],[-68.82722,44.23675],[-68.82788,44.23555],[-68.83085,44.23456],[-68.83114,44.23371],[-68.83058,44.23085]]]},"properties":{}},{"type":"Feature","geometry":{"type":"Polygon","coordinates":[[[-68.80667,44.23669],[-68.80493,44.23735],[-68.80318,44.2377],[-68.80531,44.2387],[-68.80667,44.23669]]]},"properties":{}},{"type":"Feature","geometry":{"type":"Polygon","coordinates":[[[-68.775,44.20972],[-68.775,44.21911],[-68.77635,44.21703],[-68.78244,44.21436],[-68.78413,44.21172],[-68.78631,44.21146],[-68.78539,44.21051],[-68.78562,44.20971],[-68.7811,44.20594],[-68.7815,44.20362],[-68.78396,44.20301],[-68.78383,44.20137],[-68.77984,44.20137],[-68.77883,44.20272],[-68.77762,44.20283],[-68.77691,44.20627],[-68.7776,44.20725],[-68.775,44.20972]]]},"properties":{}},{"type":"Feature","geometry":{"type":"Polygon","coordinates":[[[-68.8297,44.2167],[-68.82902,44.2182],[-68.82524,44.22052],[-68.82493,44.22143],[-68.82583,44.22298],[-68.82527,44.22333],[-68.82444,44.22227],[-68.82371,44.22286],[-68.82413,44.22549],[-68.82188,44.22085],[-68.82251,44.21833],[-68.82404,44.21835],[-68.82622,44.21672],[-68.8297,44.2167]]]},"properties":{}},{"type":"Feature","geometry":{"type":"Polygon","coordinates":[[[-68.84893,44.2177],[-68.84863,44.21889],[-68.84903,44.21923],[-68.8494,44.21857],[-68.84893,44.2177]]]},"properties":{}},{"type":"Feature","geometry":{"type":"Polygon","coordinates":[[[-68.81725,44.18921],[-68.81406,44.18808],[-68.8137,44.18692],[-68.81716,44.18681],[-68.8181,44.18856],[-68.81941,44.18873],[-68.81725,44.18921]]]},"properties":{}},{"type":"Feature","geometry":{"type":"Polygon","coordinates":[[[-68.81192,44.22473],[-68.8125,44.22393],[-68.81213,44.22201],[-68.81134,44.22362],[-68.81192,44.22473]]]},"properties":{}},{"type":"Feature","geometry":{"type":"Polygon","coordinates":[[[-68.79603,44.17967],[-68.79339,44.17945],[-68.79062,44.18085],[-68.79608,44.18168],[-68.79715,44.18104],[-68.79603,44.17967]]]},"properties":{}},{"type":"Feature","geometry":{"type":"Polygon","coordinates":[[[-68.80983,44.2287],[-68.81207,44.2263],[-68.81085,44.2268],[-68.80983,44.2287]]]},"properties":{}},{"type":"Feature","geometry":{"type":"Polygon","coordinates":[[[-68.81449,44.20757],[-68.81217,44.20654],[-68.8131,44.20615],[-68.81449,44.20757]]]},"properties":{}},{"type":"Feature","geometry":{"type":"Polygon","coordinates":[[[-68.81177,44.23324],[-68.81048,44.2341],[-68.812,44.23214],[-68.81177,44.23324]]]},"properties":{}},{"type":"Feature","geometry":{"type":"Polygon","coordinates":[[[-68.81001,44.22982],[-68.80643,44.23312],[-68.80479,44.23252],[-68.80711,44.23045],[-68.81001,44.22982]]]},"properties":{}},{"type":"Feature","geometry":{"type":"Polygon","coordinates":[[[-68.78606,44.18905],[-68.78327,44.1903],[-68.78266,44.18924],[-68.78533,44.18762],[-68.78606,44.18905]]]},"properties":{}},{"type":"Feature","geometry":{"type":"Polygon","coordinates":[[[-68.82693,44.1861],[-68.82329,44.18523],[-68.82186,44.18256],[-68.82003,44.18212],[-68.81892,44.18054],[-68.81905,44.17914],[-68.82347,44.179],[-68.82512,44.17803],[-68.82584,44.17534],[-68.82374,44.175],[-68.85,44.175],[-68.85,44.18156],[-68.84693,44.18281],[-68.84491,44.18484],[-68.84315,44.18487],[-68.84248,44.18332],[-68.84018,44.18203],[-68.83443,44.18303],[-68.83221,44.18528],[-68.83102,44.18479],[-68.82693,44.1861]]]},"properties":{}},{"type":"Feature","geometry":{"type":"Polygon","coordinates":[[[-68.81895,44.19534],[-68.81915,44.19714],[-68.81603,44.19568],[-68.81777,44.19392],[-68.8211,44.1931],[-68.81895,44.19534]]]},"properties":{}},{"type":"Feature","geometry":{"type":"Polygon","coordinates":[[[-68.81702,44.17797],[-68.81649,44.17764],[-68.81615,44.17838],[-68.81638,44.17843],[-68.81702,44.17797]]]},"properties":{}},{"type":"Feature","geometry":{"type":"Polygon","coordinates":[[[-68.80385,44.23613],[-68.80296,44.23682],[-68.80204,44.23613],[-68.8036,44.23454],[-68.80466,44.23515],[-68.80375,44.23519],[-68.80385,44.23613]]]},"properties":{}},{"type":"Feature","geometry":{"type":"Polygon","coordinates":[[[-68.85,44.24801],[-68.84742,44.24933],[-68.84751,44.24987],[-68.85,44.25],[-68.85,44.24801]]]},"properties":{}},{"type":"Feature","geometry":{"type":"Polygon","coordinates":[[[-68.80568,44.18202],[-68.80456,44.18201],[-68.80345,44.18275],[-68.80532,44.18278],[-68.80568,44.18202]]]},"properties":{}},{"type":"Feature","geometry":{"type":"Polygon","coordinates":[[[-68.84897,44.23568],[-68.84936,44.23334],[-68.84707,44.23096],[-68.84875,44.22977],[-68.85,44.22993],[-68.85,44.23659],[-68.84897,44.23568]]]},"properties":{}},{"type":"Feature","geometry":{"type":"Polygon","coordinates":[[[-68.79948,44.20819],[-68.79716,44.2098],[-68.79689,44.21056],[-68.80064,44.21026],[-68.80161,44.20833],[-68.79948,44.20819]]]},"properties":{}},{"type":"Feature","geometry":{"type":"Polygon","coordinates":[[[-68.75497,44.22343],[-68.75238,44.22499],[-68.7557,44.22425],[-68.75497,44.22343]]]},"properties":{}},{"type":"Feature","geometry":{"type":"Polygon","coordinates":[[[-68.7739,44.20171],[-68.77157,44.20296],[-68.7719,44.20444],[-68.77387,44.20341],[-68.7739,44.20171]]]},"properties":{}},{"type":"Feature","geometry":{"type":"Polygon","coordinates":[[[-68.70524,44.17796],[-68.70503,44.17844],[-68.7044,44.1785],[-68.70443,44.17827],[-68.70524,44.17796]]]},"properties":{}},{"type":"Feature","geometry":{"type":"Polygon","coordinates":[[[-68.74967,44.24463],[-68.74942,44.24365],[-68.7503,44.24243],[-68.75602,44.24147],[-68.75852,44.24012],[-68.76091,44.24032],[-68.76155,44.24153],[-68.76449,44.24128],[-68.76494,44.24318],[-68.76292,44.24732],[-68.761,44.248],[-68.75818,44.24635],[-68.75304,44.24617],[-68.74967,44.24463]]]},"properties":{}},{"type":"Feature","geometry":{"type":"Polygon","coordinates":[[[-68.74211,44.2469],[-68.73925,44.24635],[-68.73893,44.24599],[-68.74006,44.24513],[-68.74356,44.24641],[-68.74211,44.2469]]]},"properties":{}},{"type":"Feature","geometry":{"type":"Polygon","coordinates":[[[-68.70394,44.175],[-68.7,44.175],[-68.7,44.17923],[-68.70348,44.17732],[-68.70394,44.175]]]},"properties":{}},{"type":"Feature","geometry":{"type":"Polygon","coordinates":[[[-68.70293,44.24462],[-68.70172,44.24444],[-68.70069,44.24554],[-68.7021,44.2456],[-68.70293,44.24462]]]},"properties":{}},{"type":"Feature","geometry":{"type":"Polygon","coordinates":[[[-68.77377,44.21944],[-68.77128,44.21784],[-68.76909,44.21857],[-68.76727,44.21733],[-68.77169,44.21172],[-68.775,44.20972],[-68.775,44.21911],[-68.77377,44.21944]]]},"properties":{}},{"type":"Feature","geometry":{"type":"Polygon","coordinates":[[[-68.7742,44.19962],[-68.7713,44.1993],[-68.77045,44.20071],[-68.77143,44.20099],[-68.77284,44.19966],[-68.7742,44.19962]]]},"properties":{}},{"type":"Feature","geometry":{"type":"Polygon","coordinates":[[[-68.7,44.18278],[-68.7,44.23257],[-68.70234,44.23221],[-68.70511,44.23399],[-68.70675,44.23106],[-68.70863,44.23013],[-68.70713,44.22858],[-68.70975,44.22769],[-68.70897,44.22597],[-68.71156,44.22621],[-68.71288,44.22777],[-68.71441,44.22794],[-68.71899,44.22683],[-68.71927,44.22726],[-68.71833,44.22766],[-68.71752,44.22833],[-68.71643,44.22978],[-68.71561,44.22995],[-68.71643,44.23049],[-68.71844,44.22773],[-68.72383,44.22705],[-68.73277,44.22119],[-68.73117,44.21936],[-68.7263,44.21873],[-68.72641,44.21747],[-68.72434,44.21596],[-68.72532,44.21514],[-68.7226,44.21484],[-68.72068,44.21318],[-68.71779,44.21367],[-68.71707,44.21209],[-68.71944,44.2111],[-68.71625,44.21063],[-68.71429,44.2117],[-68.71499,44.21196],[-68.71503,44.21222],[-68.71314,44.21231],[-68.71233,44.21186],[-68.71219,44.21042],[-68.7106,44.21026],[-68.71037,44.20902],[-68.7174,44.20728],[-68.71645,44.20614],[-68.71443,44.20736],[-68.71312,44.20723],[-68.70986,44.20493],[-68.71111,44.20421],[-68.71032,44.20261],[-68.71365,44.20005],[-68.7134,44.19736],[-68.71233,44.19594],[-68.71278,44.19378],[-68.71108,44.19141],[-68.70411,44.19301],[-68.70579,44.19189],[-68.70515,44.18996],[-68.70862,44.18993],[-68.70808,44.19042],[-68.71216,44.18969],[-68.71748,44.1872],[-68.71858,44.18425],[-68.71811,44.18344],[-68.71944,44.18105],[-68.71831,44.17989],[-68.71859,44.17931],[-68.71754,44.17909],[-68.71789,44.17671],[-68.71725,44.17585],[-68.71959,44.175],[-68.70589,44.17536],[-68.70529,44.17736],[-68.70678,44.17965],[-68.70396,44.18165],[-68.7,44.18278]]]},"properties":{}},{"type":"Feature","geometry":{"type":"Polygon","coordinates":[[[-68.72588,44.20416],[-68.72203,44.20198],[-68.72147,44.20086],[-68.72186,44.20014],[-68.7212,44.19976],[-68.72312,44.19795],[-68.725,44.19786],[-68.72723,44.19953],[-68.7284,44.20167],[-68.73147,44.20256],[-68.72988,44.20242],[-68.72588,44.20416]]]},"properties":{}},{"type":"Feature","geometry":{"type":"Polygon","coordinates":[[[-68.72157,44.20543],[-68.71798,44.20621],[-68.71816,44.20826],[-68.71695,44.20937],[-68.7188,44.2092],[-68.71907,44.20721],[-68.72157,44.20543]]]},"properties":{}},{"type":"Feature","geometry":{"type":"Polygon","coordinates":[[[-68.63614,44.23481],[-68.63441,44.23579],[-68.625,44.23602],[-68.625,44.25],[-68.69412,44.25],[-68.69713,44.2472],[-68.69649,44.24604],[-68.69817,44.24138],[-68.69747,44.24061],[-68.69754,44.23675],[-68.6914,44.23381],[-68.69068,44.23225],[-68.68706,44.23175],[-68.68446,44.23017],[-68.68301,44.23058],[-68.68491,44.22757],[-68.6806,44.22671],[-68.6787,44.22554],[-68.67905,44.22446],[-68.68428,44.22298],[-68.68481,44.22415],[-68.68599,44.22361],[-68.68682,44.22491],[-68.68778,44.22478],[-68.68779,44.22698],[-68.69296,44.22659],[-68.69909,44.23266],[-68.7,44.23257],[-68.7,44.18278],[-68.6975,44.18395],[-68.69745,44.18177],[-68.69514,44.1827],[-68.69827,44.17989],[-68.69949,44.18008],[-68.7,44.175],[-68.65198,44.175],[-68.65121,44.17659],[-68.65246,44.17706],[-68.65216,44.17753],[-68.6487,44.1773],[-68.64688,44.17849],[-68.64623,44.17797],[-68.64366,44.1801],[-68.64549,44.17758],[-68.64335,44.17807],[-68.64271,44.175],[-68.625,44.175],[-68.625,44.17849],[-68.62729,44.17842],[-68.62837,44.17897],[-68.62834,44.18],[-68.63249,44.17956],[-68.63521,44.18139],[-68.63614,44.18157],[-68.63638,44.18069],[-68.63729,44.18194],[-68.64197,44.18306],[-68.64165,44.18396],[-68.64305,44.18449],[-68.64255,44.18495],[-68.64326,44.18578],[-68.64388,44.18523],[-68.64534,44.18564],[-68.64575,44.18473],[-68.64237,44.18327],[-68.64311,44.18222],[-68.64222,44.18133],[-68.64287,44.18088],[-68.6429,44.18153],[-68.64684,44.1827],[-68.6496,44.18255],[-68.64773,44.18511],[-68.64864,44.1863],[-68.65074,44.18627],[-68.65155,44.18769],[-68.65992,44.18844],[-68.66036,44.18921],[-68.65489,44.19236],[-68.65737,44.19275],[-68.65977,44.19198],[-68.66089,44.19268],[-68.65213,44.1945],[-68.65046,44.19414],[-68.65014,44.19483],[-68.65091,44.19515],[-68.6496,44.19611],[-68.65046,44.19784],[-68.664,44.19759],[-68.66059,44.19937],[-68.65751,44.19986],[-68.66204,44.20113],[-68.66505,44.20109],[-68.66173,44.20364],[-68.66344,44.20497],[-68.65966,44.20411],[-68.65956,44.20329],[-68.65823,44.20289],[-68.65662,44.20311],[-68.6558,44.20191],[-68.65237,44.20268],[-68.65588,44.20425],[-68.6572,44.20558],[-68.6569,44.20621],[-68.65854,44.20712],[-68.65799,44.20817],[-68.65875,44.20943],[-68.65759,44.21051],[-68.65772,44.21203],[-68.65833,44.21195],[-68.65816,44.21109],[-68.66199,44.20961],[-68.66174,44.20911],[-68.66436,44.20849],[-68.66483,44.20522],[-68.66699,44.20376],[-68.66789,44.20398],[-68.66652,44.20644],[-68.66711,44.20708],[-68.66602,44.20722],[-68.66731,44.20822],[-68.66691,44.20982],[-68.66774,44.2102],[-68.67262,44.20977],[-68.67443,44.20728],[-68.67609,44.20905],[-68.6789,44.20818],[-68.6816,44.20836],[-68.68087,44.20955],[-68.67611,44.21109],[-68.67444,44.2132],[-68.67476,44.214],[-68.67597,44.21405],[-68.67463,44.21616],[-68.67265,44.21555],[-68.67273,44.21356],[-68.67184,44.21279],[-68.67337,44.21209],[-68.67255,44.2117],[-68.67103,44.21293],[-68.66937,44.21271],[-68.66818,44.21403],[-68.66261,44.21526],[-68.66132,44.21649],[-68.65983,44.21538],[-68.65753,44.21633],[-68.65649,44.21573],[-68.6546,44.21849],[-68.65625,44.21933],[-68.65586,44.22013],[-68.65406,44.21926],[-68.65407,44.21813],[-68.65199,44.21718],[-68.6498,44.21876],[-68.65011,44.21709],[-68.64819,44.21574],[-68.65225,44.21495],[-68.6535,44.2139],[-68.65366,44.2123],[-68.6529,44.21183],[-68.65367,44.21057],[-68.65554,44.21057],[-68.65287,44.20873],[-68.65469,44.20777],[-68.64964,44.20655],[-68.64926,44.20828],[-68.64638,44.20873],[-68.64541,44.20819],[-68.64801,44.20789],[-68.64698,44.20677],[-68.64576,44.20771],[-68.64413,44.20616],[-68.64029,44.20726],[-68.63836,44.20665],[-68.6392,44.20547],[-68.64055,44.20554],[-68.64001,44.20414],[-68.63755,44.20318],[-68.63473,44.20438],[-68.63619,44.20289],[-68.63495,44.20203],[-68.62989,44.20314],[-68.6308,44.2022],[-68.63064,44.20063],[-68.62517,44.19974],[-68.625,44.205],[-68.62628,44.20651],[-68.62949,44.20687],[-68.6268,44.20858],[-68.6275,44.20904],[-68.62862,44.20791],[-68.6293,44.20833],[-68.62872,44.21083],[-68.6296,44.21111],[-68.62572,44.21092],[-68.62614,44.21184],[-68.625,44.2111],[-68.625,44.21557],[-68.62801,44.215],[-68.62952,44.21559],[-68.63075,44.21504],[-68.62998,44.2137],[-68.63279,44.21479],[-68.63533,44.21322],[-68.63561,44.21467],[-68.63733,44.21541],[-68.64705,44.21565],[-68.64702,44.21636],[-68.64463,44.21676],[-68.64233,44.21866],[-68.63614,44.21721],[-68.63448,44.2193],[-68.63342,44.21867],[-68.62863,44.219],[-68.62859,44.2208],[-68.62602,44.22218],[-68.62762,44.224],[-68.63238,44.22414],[-68.63262,44.22435],[-68.62962,44.22502],[-68.63051,44.22546],[-68.63028,44.22633],[-68.62539,44.22695],[-68.625,44.22815],[-68.62838,44.22848],[-68.62621,44.22937],[-68.625,44.2289],[-68.625,44.23134],[-68.62771,44.23102],[-68.62683,44.23246],[-68.62527,44.23228],[-68.625,44.23344],[-68.62744,44.23327],[-68.62834,44.23408],[-68.63298,44.23287],[-68.63479,44.2306],[-68.63576,44.23194],[-68.63261,44.23496],[-68.63614,44.23481]],[[-68.68089,44.21998],[-68.6809,44.21919],[-68.67781,44.21849],[-68.67805,44.21769],[-68.67698,44.21698],[-68.67574,44.21726],[-68.67896,44.22033],[-68.67944,44.22226],[-68.6789,44.22321],[-68.68246,44.22337],[-68.68337,44.22263],[-68.68234,44.22225],[-68.68492,44.21919],[-68.68089,44.21998]]]},"properties":{}},{"type":"Feature","geometry":{"type":"Polygon","coordinates":[[[-68.64239,44.2024],[-68.6427,44.20353],[-68.64141,44.20336],[-68.64155,44.20303],[-68.64239,44.2024]]]},"properties":{}},{"type":"Feature","geometry":{"type":"Polygon","coordinates":[[[-68.65092,44.20444],[-68.64947,44.20424],[-68.65097,44.20415],[-68.65092,44.20444]]]},"properties":{}},{"type":"Feature","geometry":{"type":"Polygon","coordinates":[[[-68.65344,44.21623],[-68.65153,44.21644],[-68.65192,44.21588],[-68.65344,44.21623]]]},"properties":{}},{"type":"Feature","geometry":{"type":"Polygon","coordinates":[[[-68.63874,44.19757],[-68.63686,44.19675],[-68.63693,44.19534],[-68.63401,44.19517],[-68.63425,44.1946],[-68.63762,44.19434],[-68.63589,44.19327],[-68.63293,44.19348],[-68.63111,44.19536],[-68.62859,44.19528],[-68.62718,44.19427],[-68.62563,44.19492],[-68.625,44.19326],[-68.625,44.18058],[-68.62606,44.18008],[-68.62704,44.18138],[-68.62716,44.1806],[-68.62836,44.18058],[-68.63237,44.18157],[-68.63582,44.18298],[-68.6378,44.18486],[-68.63974,44.18449],[-68.63681,44.18616],[-68.63892,44.18541],[-68.64302,44.18627],[-68.64578,44.18836],[-68.64675,44.19006],[-68.64585,44.19119],[-68.63823,44.19171],[-68.63665,44.19299],[-68.6435,44.19498],[-68.64298,44.19639],[-68.64138,44.1963],[-68.64024,44.19754],[-68.63927,44.19696],[-68.63874,44.19757]]]},"properties":{}},{"type":"Feature","geometry":{"type":"Polygon","coordinates":[[[-68.68089,44.21998],[-68.6809,44.21919],[-68.67781,44.21849],[-68.67805,44.21769],[-68.67698,44.21698],[-68.67574,44.21726],[-68.67896,44.22033],[-68.67944,44.22226],[-68.6789,44.22321],[-68.68246,44.22337],[-68.68337,44.22263],[-68.68234,44.22225],[-68.68492,44.21919],[-68.68089,44.21998]]]},"properties":{}},{"type":"Feature","geometry":{"type":"Polygon","coordinates":[[[-68.6475,44.17681],[-68.64585,44.1772],[-68.64623,44.17598],[-68.6475,44.17681]]]},"properties":{}},{"type":"Feature","geometry":{"type":"Polygon","coordinates":[[[-68.65506,44.21245],[-68.6559,44.21232],[-68.65597,44.2112],[-68.65545,44.2113],[-68.65506,44.21245]]]},"properties":{}},{"type":"Feature","geometry":{"type":"Polygon","coordinates":[[[-69.00237,44.29565],[-69.0,44.2963],[-69.0,44.325],[-69.075,44.325],[-69.075,44.25],[-69.02652,44.25],[-69.01665,44.2583],[-69.01232,44.26632],[-69.00768,44.26998],[-69.00707,44.27302],[-69.00524,44.27479],[-69.0054,44.27813],[-69.0065,44.27924],[-69.00591,44.28043],[-69.00712,44.28037],[-69.00812,44.28172],[-69.00743,44.28306],[-69.01092,44.28361],[-69.01182,44.28484],[-69.01041,44.2837],[-69.00784,44.28347],[-69.00545,44.2856],[-69.00439,44.28849],[-69.00122,44.29048],[-69.00348,44.29449],[-69.00284,44.29595],[-69.0037,44.29593],[-69.0052,44.29775],[-69.00486,44.29983],[-69.00695,44.29984],[-69.00464,44.30032],[-69.00452,44.2979],[-69.00209,44.29706],[-69.00237,44.29565]]]},"properties":{}},{"type":"Feature","geometry":{"type":"Polygon","coordinates":[[[-68.94966,44.26733],[-68.94633,44.26709],[-68.94674,44.26552],[-68.94909,44.26628],[-68.94979,44.26562],[-68.94959,44.26469],[-68.94784,44.26387],[-68.94309,44.265],[-68.94592,44.2615],[-68.94612,44.25867],[-68.94501,44.25832],[-68.94466,44.25729],[-68.94168,44.25925],[-68.93888,44.25844],[-68.9393,44.25913],[-68.93925,44.25949],[-68.93896,44.25876],[-68.93586,44.25834],[-68.93667,44.25823],[-68.93578,44.25772],[-68.93613,44.25622],[-68.94045,44.25573],[-68.94488,44.25],[-68.96558,44.25],[-68.96675,44.2511],[-68.96425,44.25591],[-68.96551,44.25837],[-68.96375,44.26032],[-68.96317,44.26021],[-68.96293,44.25762],[-68.95806,44.25748],[-68.95527,44.26382],[-68.95523,44.26556],[-68.9564,44.26669],[-68.95333,44.27225],[-68.95146,44.27217],[-68.95014,44.27037],[-68.94966,44.26733]]]},"properties":{}},{"type":"Feature","geometry":{"type":"Polygon","coordinates":[[[-68.93243,44.31824],[-68.93072,44.31668],[-68.93313,44.31577],[-68.93341,44.31731],[-68.93243,44.31824]]]},"properties":{}},{"type":"Feature","geometry":{"type":"Polygon","coordinates":[[[-68.925,44.26335],[-68.925,44.26486],[-68.92529,44.26443],[-68.925,44.26335]]]},"properties":{}},{"type":"Feature","geometry":{"type":"Polygon","coordinates":[[[-68.93895,44.27497],[-68.93627,44.27542],[-68.9372,44.274],[-68.9367,44.27341],[-68.93458,44.27369],[-68.93311,44.27226],[-68.93406,44.26971],[-68.9377,44.26872],[-68.93706,44.27182],[-68.93849,44.27293],[-68.93828,44.27394],[-68.93998,44.27473],[-68.93998,44.27611],[-68.93895,44.27497]]]},"properties":{}},{"type":"Feature","geometry":{"type":"Polygon","coordinates":[[[-68.925,44.28442],[-68.925,44.30558],[-68.92907,44.30206],[-68.92798,44.30066],[-68.92833,44.29893],[-68.93033,44.29798],[-68.92865,44.29653],[-68.92958,44.2939],[-68.93305,44.29291],[-68.93278,44.29158],[-68.93478,44.29077],[-68.93745,44.29064],[-68.9382,44.29194],[-68.93748,44.29016],[-68.93832,44.28812],[-68.93762,44.28783],[-68.93763,44.28598],[-68.93882,44.2843],[-68.9402,44.28482],[-68.94016,44.28368],[-68.94207,44.28383],[-68.94338,44.28187],[-68.94279,44.28099],[-68.94189,44.28203],[-68.9394,44.28086],[-68.93788,44.28222],[-68.93589,44.28247],[-68.93294,44.28673],[-68.93179,44.28698],[-68.92793,44.29066],[-68.92632,44.29048],[-68.92611,44.28875],[-68.92744,44.2856],[-68.92639,44.28454],[-68.925,44.28442]]]},"properties":{}},{"type":"Feature","geometry":{"type":"Polygon","coordinates":[[[-68.94603,44.26956],[-68.94338,44.26878],[-68.94269,44.27071],[-68.94409,44.2752],[-68.94764,44.27791],[-68.94893,44.27366],[-68.94603,44.26956]]]},"properties":{}},{"type":"Feature","geometry":{"type":"Polygon","coordinates":[[[-68.95686,44.31881],[-68.95874,44.31748],[-68.9614,44.31812],[-68.96074,44.31696],[-68.9615,44.31527],[-68.95957,44.3159],[-68.95836,44.31506],[-68.96325,44.31098],[-68.96192,44.31016],[-68.96223,44.30934],[-68.96871,44.30693],[-68.96933,44.30598],[-68.96857,44.30531],[-68.97078,44.3038],[-68.97329,44.30365],[-68.97361,44.30064],[-68.97776,44.29793],[-68.9793,44.2951],[-68.9802,44.29485],[-68.98141,44.29659],[-68.98081,44.2975],[-68.98122,44.29866],[-68.9833,44.29946],[-68.99559,44.29799],[-69.0,44.2963],[-69.0,44.325],[-68.95413,44.325],[-68.95417,44.32369],[-68.9582,44.32016],[-68.95686,44.31881]]]},"properties":{}},{"type":"Feature","geometry":{"type":"Polygon","coordinates":[[[-68.9278,44.26525],[-68.9271,44.26593],[-68.92747,44.2647],[-68.9278,44.26525]]]},"properties":{}},{"type":"Feature","geometry":{"type":"Polygon","coordinates":[[[-68.94143,44.26605],[-68.93967,44.26683],[-68.93812,44.26685],[-68.94069,44.26795],[-68.94267,44.26772],[-68.94133,44.26727],[-68.94143,44.26605]]]},"properties":{}},{"type":"Feature","geometry":{"type":"Polygon","coordinates":[[[-68.9392,44.28959],[-68.93993,44.2895],[-68.93998,44.28815],[-68.93973,44.28921],[-68.9392,44.28959]]]},"properties":{}},{"type":"Feature","geometry":{"type":"Polygon","coordinates":[[[-68.89799,44.32282],[-68.89527,44.32094],[-68.89495,44.31907],[-68.89362,44.31764],[-68.89679,44.31715],[-68.89831,44.3189],[-68.90011,44.31938],[-68.90216,44.31839],[-68.90196,44.31652],[-68.9,44.31596],[-68.90052,44.31476],[-68.89975,44.31314],[-68.90117,44.31233],[-68.90171,44.31028],[-68.90081,44.30905],[-68.90228,44.30753],[-68.90046,44.3056],[-68.89811,44.30655],[-68.8983,44.30777],[-68.89751,44.30824],[-68.89418,44.30642],[-68.89455,44.30544],[-68.89366,44.305],[-68.89307,44.3055],[-68.89015,44.3048],[-68.88991,44.30569],[-68.88883,44.30584],[-68.88891,44.30467],[-68.88694,44.30474],[-68.88704,44.30323],[-68.89031,44.29785],[-68.89275,44.29682],[-68.8941,44.2973],[-68.89599,44.29536],[-68.8968,44.29268],[-68.89519,44.29148],[-68.89555,44.29048],[-68.90074,44.28569],[-68.90039,44.28482],[-68.89891,44.2846],[-68.89907,44.28371],[-68.90427,44.28017],[-68.90465,44.27691],[-68.90682,44.27269],[-68.90666,44.26979],[-68.90901,44.26849],[-68.90862,44.26784],[-68.90654,44.26832],[-68.90817,44.26635],[-68.90851,44.26416],[-68.90767,44.2639],[-68.90941,44.26142],[-68.90605,44.26134],[-68.90735,44.26006],[-68.90695,44.25912],[-68.91183,44.25542],[-68.91446,44.25],[-68.91967,44.25],[-68.91767,44.25119],[-68.9187,44.25307],[-68.91793,44.25457],[-68.9139,44.25837],[-68.91505,44.25916],[-68.92082,44.2578],[-68.92103,44.25697],[-68.92093,44.25767],[-68.92301,44.25772],[-68.92373,44.2592],[-68.92198,44.26044],[-68.92266,44.26194],[-68.92082,44.26326],[-68.92188,44.2639],[-68.92462,44.26306],[-68.925,44.26486],[-68.92428,44.26555],[-68.92438,44.26466],[-68.92294,44.26437],[-68.92075,44.26597],[-68.92099,44.26812],[-68.9186,44.27055],[-68.91991,44.27122],[-68.91965,44.27295],[-68.92048,44.27368],[-68.91858,44.27707],[-68.91502,44.27806],[-68.91648,44.27864],[-68.91416,44.28165],[-68.91831,44.27928],[-68.91968,44.27993],[-68.92267,44.27959],[-68.92253,44.28388],[-68.92139,44.2852],[-68.9205,44.28461],[-68.91985,44.2864],[-68.91425,44.28933],[-68.91404,44.29011],[-68.91907,44.28747],[-68.92032,44.28816],[-68.92067,44.28679],[-68.925,44.28442],[-68.925,44.30558],[-68.91551,44.312],[-68.9132,44.31064],[-68.91282,44.31185],[-68.90882,44.31314],[-68.9067,44.31208],[-68.90501,44.3098],[-68.90378,44.3113],[-68.90503,44.31388],[-68.90328,44.31422],[-68.90319,44.31336],[-68.90178,44.31326],[-68.90225,44.3143],[-68.90163,44.31498],[-68.90557,44.31525],[-68.9076,44.31706],[-68.90905,44.31649],[-68.90837,44.31542],[-68.90947,44.31484],[-68.9122,44.31575],[-68.91244,44.3175],[-68.90893,44.31839],[-68.90818,44.31945],[-68.90754,44.31882],[-68.90563,44.3195],[-68.90325,44.32115],[-68.9033,44.32256],[-68.90125,44.3239],[-68.90087,44.325],[-68.89819,44.325],[-68.89799,44.32282]]]},"properties":{}},{"type":"Feature","geometry":{"type":"Polygon","coordinates":[[[-68.9238,44.25],[-68.92149,44.25],[-68.92137,44.2526],[-68.92419,44.2511],[-68.9238,44.25]]]},"properties":{}},{"type":"Feature","geometry":{"type":"Polygon","coordinates":[[[-68.91726,44.32421],[-68.91604,44.325],[-68.91751,44.325],[-68.91726,44.32421]]]},"properties":{}},{"type":"Feature","geometry":{"type":"Polygon","coordinates":[[[-68.86053,44.25628],[-68.85906,44.26011],[-68.85969,44.26103],[-68.86316,44.25898],[-68.86194,44.25678],[-68.862,44.25513],[-68.86053,44.25628]]]},"properties":{}},{"type":"Feature","geometry":{"type":"Polygon","coordinates":[[[-68.79031,44.325],[-68.79034,44.32351],[-68.78926,44.32238],[-68.78913,44.32009],[-68.78986,44.31919],[-68.78811,44.31746],[-68.78937,44.31495],[-68.78972,44.31671],[-68.79045,44.3165],[-68.79145,44.31829],[-68.79095,44.31671],[-68.79217,44.31494],[-68.79151,44.311],[-68.79262,44.30883],[-68.7951,44.30766],[-68.80146,44.30832],[-68.80214,44.30873],[-68.80145,44.31079],[-68.8025,44.31136],[-68.80455,44.31117],[-68.80649,44.30935],[-68.8102,44.30891],[-68.81178,44.309],[-68.81703,44.31165],[-68.82339,44.31059],[-68.82646,44.31131],[-68.82761,44.31256],[-68.82533,44.3136],[-68.82812,44.3162],[-68.82771,44.32054],[-68.82516,44.32234],[-68.82491,44.32392],[-68.82261,44.325],[-68.79031,44.325]]]},"properties":{}},{"type":"Feature","geometry":{"type":"Polygon","coordinates":[[[-68.8281,44.28996],[-68.82817,44.29064],[-68.82883,44.29024],[-68.8281,44.28996]]]},"properties":{}},{"type":"Feature","geometry":{"type":"Polygon","coordinates":[[[-68.831,44.26637],[-68.83102,44.2673],[-68.83024,44.26754],[-68.82998,44.26688],[-68.831,44.26637]]]},"properties":{}},{"type":"Feature","geometry":{"type":"Polygon","coordinates":[[[-68.8241,44.29108],[-68.8246,44.29236],[-68.82338,44.2928],[-68.82239,44.29303],[-68.82238,44.29216],[-68.82083,44.29185],[-68.81928,44.29254],[-68.81964,44.29055],[-68.82476,44.29067],[-68.8241,44.29108]]]},"properties":{}},{"type":"Feature","geometry":{"type":"Polygon","coordinates":[[[-68.77535,44.31903],[-68.775,44.325],[-68.7886,44.325],[-68.78752,44.32419],[-68.78803,44.32224],[-68.78737,44.32063],[-68.78695,44.32157],[-68.78523,44.32169],[-68.78358,44.31945],[-68.78206,44.31932],[-68.78129,44.32027],[-68.78152,44.3216],[-68.77836,44.3226],[-68.7762,44.31915],[-68.77535,44.31903]]]},"properties":{}},{"type":"Feature","geometry":{"type":"Polygon","coordinates":[[[-68.81273,44.29477],[-68.81167,44.2948],[-68.81164,44.29432],[-68.81273,44.29477]]]},"properties":{}},{"type":"Feature","geometry":{"type":"Polygon","coordinates":[[[-68.82731,44.26226],[-68.8293,44.26047],[-68.8238,44.25714],[-68.82141,44.25692],[-68.81678,44.25829],[-68.81783,44.25954],[-68.82198,44.25938],[-68.82209,44.26082],[-68.82378,44.26212],[-68.82731,44.26226]]]},"properties":{}},{"type":"Feature","geometry":{"type":"Polygon","coordinates":[[[-68.84177,44.25963],[-68.84115,44.26186],[-68.83997,44.26036],[-68.84177,44.25963]]]},"properties":{}},{"type":"Feature","geometry":{"type":"Polygon","coordinates":[[[-68.80821,44.29443],[-68.81075,44.29344],[-68.80507,44.2907],[-68.80207,44.29007],[-68.80072,44.28891],[-68.8032,44.29122],[-68.80449,44.29374],[-68.80821,44.29443]]]},"properties":{}},{"type":"Feature","geometry":{"type":"Polygon","coordinates":[[[-68.77959,44.3062],[-68.78261,44.30738],[-68.78263,44.30808],[-68.77934,44.30723],[-68.77959,44.3062]]]},"properties":{}},{"type":"Feature","geometry":{"type":"Polygon","coordinates":[[[-68.79504,44.28498],[-68.79349,44.2823],[-68.795,44.28046],[-68.79285,44.28087],[-68.78615,44.28448],[-68.79393,44.28636],[-68.79701,44.28557],[-68.79504,44.28498]]]},"properties":{}},{"type":"Feature","geometry":{"type":"Polygon","coordinates":[[[-68.83218,44.26652],[-68.83444,44.26551],[-68.83575,44.26604],[-68.83302,44.26688],[-68.83218,44.26652]]]},"properties":{}},{"type":"Feature","geometry":{"type":"Polygon","coordinates":[[[-68.78583,44.30755],[-68.78464,44.30853],[-68.78347,44.30831],[-68.7845,44.30736],[-68.78583,44.30755]]]},"properties":{}},{"type":"Feature","geometry":{"type":"Polygon","coordinates":[[[-68.78411,44.28559],[-68.78475,44.28621],[-68.78435,44.2869],[-68.78411,44.28559]]]},"properties":{}},{"type":"Feature","geometry":{"type":"Polygon","coordinates":[[[-68.74354,44.30886],[-68.74285,44.3086],[-68.74185,44.30958],[-68.74302,44.30943],[-68.74354,44.30886]]]},"properties":{}},{"type":"Feature","geometry":{"type":"Polygon","coordinates":[[[-68.74027,44.28191],[-68.74136,44.2824],[-68.74064,44.28357],[-68.74136,44.28406],[-68.7431,44.28251],[-68.74106,44.28155],[-68.74027,44.28191]]]},"properties":{}},{"type":"Feature","geometry":{"type":"Polygon","coordinates":[[[-68.72832,44.26461],[-68.72961,44.26518],[-68.72949,44.26549],[-68.72872,44.26565],[-68.72832,44.26461]]]},"properties":{}},{"type":"Feature","geometry":{"type":"Polygon","coordinates":[[[-68.73157,44.26771],[-68.72996,44.26883],[-68.72736,44.26949],[-68.72862,44.27051],[-68.73098,44.27011],[-68.73158,44.26897],[-68.73281,44.26877],[-68.73145,44.26864],[-68.73157,44.26771]]]},"properties":{}},{"type":"Feature","geometry":{"type":"Polygon","coordinates":[[[-68.71576,44.26884],[-68.71472,44.26895],[-68.7136,44.26811],[-68.71497,44.26824],[-68.71576,44.26884]]]},"properties":{}},{"type":"Feature","geometry":{"type":"Polygon","coordinates":[[[-68.73519,44.28607],[-68.73341,44.28439],[-68.73768,44.28487],[-68.73664,44.28586],[-68.73519,44.28607]]]},"properties":{}},{"type":"Feature","geometry":{"type":"Polygon","coordinates":[[[-68.73561,44.26037],[-68.73386,44.2603],[-68.73084,44.26279],[-68.7315,44.26377],[-68.73604,44.26344],[-68.73675,44.26463],[-68.73587,44.26564],[-68.73781,44.2664],[-68.7387,44.26828],[-68.74045,44.26851],[-68.74206,44.26704],[-68.74553,44.26675],[-68.74827,44.26537],[-68.74935,44.26621],[-68.74797,44.26846],[-68.75112,44.26844],[-68.75584,44.27067],[-68.75779,44.27056],[-68.75776,44.26881],[-68.75445,44.26773],[-68.75413,44.26561],[-68.75205,44.26495],[-68.75411,44.26386],[-68.75351,44.26224],[-68.74963,44.26312],[-68.74789,44.26169],[-68.7439,44.26163],[-68.74031,44.26267],[-68.73561,44.26037]]]},"properties":{}},{"type":"Feature","geometry":{"type":"Polygon","coordinates":[[[-68.73844,44.25931],[-68.73758,44.25823],[-68.73884,44.25857],[-68.73844,44.25931]]]},"properties":{}},{"type":"Feature","geometry":{"type":"Polygon","coordinates":[[[-68.7707,44.32281],[-68.77188,44.325],[-68.775,44.325],[-68.775,44.31878],[-68.77086,44.32057],[-68.7707,44.32281]]]},"properties":{}},{"type":"Feature","geometry":{"type":"Polygon","coordinates":[[[-68.73403,44.27097],[-68.73288,44.27068],[-68.73182,44.27112],[-68.73381,44.27155],[-68.73403,44.27097]]]},"properties":{}},{"type":"Feature","geometry":{"type":"Polygon","coordinates":[[[-68.7,44.30996],[-68.7,44.325],[-68.72934,44.325],[-68.72922,44.32362],[-68.72752,44.32318],[-68.72393,44.32044],[-68.71957,44.31937],[-68.72014,44.32052],[-68.7195,44.32078],[-68.71453,44.31866],[-68.71335,44.31759],[-68.714,44.31715],[-68.71332,44.31628],[-68.70918,44.31416],[-68.70484,44.31337],[-68.70313,44.31122],[-68.7,44.30996]]]},"properties":{}},{"type":"Feature","geometry":{"type":"Polygon","coordinates":[[[-68.73335,44.30876],[-68.7303,44.30603],[-68.72415,44.30356],[-68.72302,44.30214],[-68.72057,44.30112],[-68.71917,44.30154],[-68.71757,44.29988],[-68.71501,44.29987],[-68.71315,44.29799],[-68.711,44.29742],[-68.71012,44.29829],[-68.71037,44.29907],[-68.70843,44.29886],[-68.70826,44.29766],[-68.70475,44.29553],[-68.70415,44.29424],[-68.70465,44.2927],[-68.70133,44.2923],[-68.7,44.29134],[-68.7,44.27106],[-68.70271,44.27122],[-68.7065,44.27366],[-68.71118,44.27413],[-68.71288,44.27602],[-68.71549,44.27684],[-68.7162,44.27902],[-68.71972,44.27914],[-68.71852,44.28064],[-68.71922,44.28167],[-68.72005,44.28179],[-68.72079,44.28036],[-68.72526,44.28213],[-68.72629,44.28427],[-68.72772,44.28487],[-68.72656,44.28798],[-68.72741,44.28956],[-68.72615,44.2898],[-68.72488,44.28853],[-68.72235,44.28908],[-68.72189,44.28826],[-68.71914,44.28849],[-68.71988,44.28956],[-68.72094,44.28927],[-68.72069,44.29036],[-68.7228,44.28963],[-68.72808,44.29107],[-68.72439,44.29197],[-68.72993,44.29184],[-68.73279,44.2944],[-68.73569,44.29487],[-68.73565,44.29561],[-68.73746,44.29695],[-68.74013,44.29633],[-68.74381,44.29703],[-68.74168,44.29901],[-68.74338,44.29955],[-68.74383,44.30073],[-68.74198,44.30233],[-68.74155,44.30342],[-68.74241,44.30551],[-68.74057,44.30754],[-68.73735,44.30735],[-68.73635,44.30838],[-68.73335,44.30876]]]},"properties":{}},{"type":"Feature","geometry":{"type":"Polygon","coordinates":[[[-68.76922,44.31982],[-68.76975,44.3202],[-68.7694,44.32059],[-68.76913,44.32042],[-68.76922,44.31982]]]},"properties":{}},{"type":"Feature","geometry":{"type":"Polygon","coordinates":[[[-68.72519,44.27921],[-68.72621,44.27863],[-68.72414,44.27773],[-68.72373,44.27861],[-68.72519,44.27921]]]},"properties":{}},{"type":"Feature","geometry":{"type":"Polygon","coordinates":[[[-68.74756,44.29895],[-68.74735,44.30064],[-68.74965,44.30128],[-68.74929,44.29939],[-68.74756,44.29895]]]},"properties":{}},{"type":"Feature","geometry":{"type":"Polygon","coordinates":[[[-68.92779,44.32503],[-68.92573,44.32722],[-68.92538,44.3293],[-68.92622,44.3302],[-68.92874,44.32763],[-68.92779,44.32503]]]},"properties":{}},{"type":"Feature","geometry":{"type":"Polygon","coordinates":[[[-68.98862,44.39434],[-68.98483,44.39632],[-68.98257,44.39864],[-68.98259,44.4],[-69.0,44.4],[-69.0,44.325],[-68.95413,44.325],[-68.95205,44.33557],[-68.95272,44.33732],[-68.95618,44.33997],[-68.95194,44.33931],[-68.94965,44.3402],[-68.95044,44.34253],[-68.94953,44.34474],[-68.95083,44.34715],[-68.94933,44.34922],[-68.94941,44.35148],[-68.94813,44.35372],[-68.94866,44.35687],[-68.9541,44.3631],[-68.95657,44.36921],[-68.95995,44.37167],[-68.96129,44.37183],[-68.9614,44.37318],[-68.96032,44.37392],[-68.96064,44.37482],[-68.96646,44.37909],[-68.96736,44.38046],[-68.9668,44.3812],[-68.97367,44.38289],[-68.97586,44.38511],[-68.97817,44.38617],[-68.97965,44.38453],[-68.9835,44.38493],[-68.9841,44.3859],[-68.98306,44.38646],[-68.98406,44.38856],[-68.98989,44.39482],[-68.98862,44.39434]]]},"properties":{}},{"type":"Feature","geometry":{"type":"Polygon","coordinates":[[[-68.87347,44.3506],[-68.86792,44.35038],[-68.86711,44.35135],[-68.86854,44.35164],[-68.86883,44.35248],[-68.87179,44.3526],[-68.87348,44.35225],[-68.87347,44.3506]]]},"properties":{}},{"type":"Feature","geometry":{"type":"Polygon","coordinates":[[[-68.88005,44.39321],[-68.87972,44.38824],[-68.87755,44.38504],[-68.87445,44.38316],[-68.86971,44.38223],[-68.86722,44.37955],[-68.86868,44.37833],[-68.86561,44.37546],[-68.86668,44.3712],[-68.86497,44.36986],[-68.86645,44.36848],[-68.86619,44.36747],[-68.86053,44.36518],[-68.86209,44.36265],[-68.86481,44.36111],[-68.86607,44.35935],[-68.87005,44.36137],[-68.8755,44.35847],[-68.87678,44.35695],[-68.87771,44.35487],[-68.87719,44.35324],[-68.87638,44.35305],[-68.8783,44.35144],[-68.87849,44.34963],[-68.87516,44.34675],[-68.87372,44.34696],[-68.87301,44.34473],[-68.87134,44.34459],[-68.88343,44.33786],[-68.88413,44.33861],[-68.88245,44.3412],[-68.88464,44.34316],[-68.8853,44.34521],[-68.89036,44.34434],[-68.89248,44.34502],[-68.89345,44.344],[-68.89297,44.34216],[-68.89577,44.34274],[-68.89485,44.34166],[-68.89677,44.34147],[-68.89547,44.34073],[-68.89141,44.34246],[-68.89094,44.34112],[-68.88903,44.34078],[-68.88998,44.33886],[-68.88827,44.33821],[-68.89073,44.33734],[-68.89095,44.33626],[-68.89268,44.33506],[-68.89286,44.33191],[-68.89395,44.33029],[-68.89332,44.32864],[-68.89146,44.32864],[-68.89191,44.32682],[-68.89273,44.32667],[-68.8928,44.32799],[-68.89425,44.32835],[-68.89762,44.32677],[-68.89819,44.325],[-68.90087,44.325],[-68.90142,44.32578],[-68.9031,44.325],[-68.90579,44.32968],[-68.90525,44.33103],[-68.90745,44.3316],[-68.90872,44.33302],[-68.90889,44.33248],[-68.9093,44.33296],[-68.90889,44.33114],[-68.90976,44.33027],[-68.91052,44.33103],[-68.911,44.33011],[-68.9125,44.33036],[-68.91275,44.32937],[-68.91353,44.33043],[-68.91523,44.32957],[-68.91485,44.32851],[-68.91598,44.32758],[-68.91502,44.32664],[-68.91604,44.325],[-68.91763,44.32502],[-68.91797,44.32632],[-68.91617,44.32717],[-68.91693,44.32833],[-68.91771,44.32827],[-68.91844,44.33053],[-68.91924,44.33036],[-68.9183,44.33288],[-68.91935,44.33473],[-68.91871,44.33647],[-68.91754,44.33764],[-68.91727,44.33688],[-68.91629,44.33754],[-68.91558,44.33645],[-68.91483,44.33746],[-68.91379,44.33617],[-68.91268,44.33694],[-68.91214,44.33936],[-68.91028,44.34114],[-68.91026,44.34218],[-68.90914,44.34247],[-68.91047,44.34346],[-68.9085,44.34479],[-68.90856,44.34623],[-68.90544,44.34647],[-68.9036,44.34924],[-68.90696,44.34871],[-68.90864,44.35003],[-68.90836,44.35251],[-68.90969,44.35228],[-68.91202,44.35337],[-68.91082,44.35646],[-68.91206,44.35796],[-68.90883,44.3622],[-68.90927,44.36289],[-68.90861,44.36389],[-68.91092,44.36417],[-68.91069,44.3658],[-68.90804,44.36879],[-68.90622,44.37307],[-68.90355,44.37301],[-68.9011,44.37503],[-68.90289,44.37839],[-68.90035,44.37942],[-68.89713,44.37954],[-68.88712,44.37742],[-68.88448,44.37762],[-68.88178,44.37932],[-68.88104,44.3806],[-68.88197,44.38425],[-68.88009,44.3883],[-68.88255,44.39101],[-68.88005,44.39321]]]},"properties":{}},{"type":"Feature","geometry":{"type":"Polygon","coordinates":[[[-68.92414,44.33417],[-68.92436,44.33626],[-68.92351,44.33712],[-68.92303,44.33586],[-68.92414,44.33417]]]},"properties":{}},{"type":"Feature","geometry":{"type":"Polygon","coordinates":[[[-68.80248,44.36659],[-68.8023,44.36784],[-68.80419,44.36704],[-68.8039,44.36618],[-68.80248,44.36659]]]},"properties":{}},{"type":"Feature","geometry":{"type":"Polygon","coordinates":[[[-68.81264,44.35824],[-68.80898,44.36351],[-68.81007,44.36444],[-68.80967,44.36677],[-68.8077,44.36932],[-68.80898,44.36971],[-68.80869,44.37101],[-68.81049,44.36998],[-68.81022,44.36832],[-68.81134,44.36653],[-68.81322,44.36628],[-68.81385,44.3678],[-68.81564,44.36658],[-68.81508,44.3623],[-68.81414,44.36164],[-68.816,44.35999],[-68.81562,44.35773],[-68.81264,44.35824]]]},"properties":{}},{"type":"Feature","geometry":{"type":"Polygon","coordinates":[[[-68.79696,44.37771],[-68.79567,44.37806],[-68.7956,44.3764],[-68.7943,44.37545],[-68.79258,44.37782],[-68.79145,44.37779],[-68.79187,44.37637],[-68.78838,44.37608],[-68.78855,44.37412],[-68.78588,44.37469],[-68.78427,44.37355],[-68.78541,44.37038],[-68.77989,44.36803],[-68.77895,44.36699],[-68.78,44.36493],[-68.7785,44.36333],[-68.77671,44.36345],[-68.77618,44.36153],[-68.775,44.36093],[-68.775,44.35129],[-68.7775,44.3494],[-68.77562,44.34979],[-68.77657,44.34936],[-68.77655,44.34853],[-68.77597,44.34791],[-68.775,44.34834],[-68.775,44.34682],[-68.77676,44.34378],[-68.77708,44.341],[-68.77772,44.34053],[-68.77896,44.3404],[-68.77935,44.34005],[-68.775,44.34071],[-68.775,44.325],[-68.7886,44.325],[-68.79,44.32714],[-68.79108,44.3273],[-68.79109,44.32822],[-68.79353,44.3267],[-68.79121,44.32571],[-68.79197,44.325],[-68.82261,44.325],[-68.81797,44.32688],[-68.82069,44.32784],[-68.82165,44.32964],[-68.82428,44.33122],[-68.82549,44.33419],[-68.82338,44.34065],[-68.8236,44.3419],[-68.82083,44.34452],[-68.82162,44.34633],[-68.82055,44.34836],[-68.82147,44.35038],[-68.82055,44.35234],[-68.81762,44.35327],[-68.81658,44.35247],[-68.81266,44.35288],[-68.81021,44.35597],[-68.81008,44.35409],[-68.80894,44.35417],[-68.80785,44.35771],[-68.80566,44.35998],[-68.80458,44.35996],[-68.80329,44.35754],[-68.80283,44.35904],[-68.80083,44.36024],[-68.80106,44.36208],[-68.80027,44.36323],[-68.7979,44.36417],[-68.79543,44.36375],[-68.79531,44.36458],[-68.79374,44.36383],[-68.78995,44.3686],[-68.78727,44.37009],[-68.78765,44.3717],[-68.7914,44.37193],[-68.79304,44.37436],[-68.79568,44.37402],[-68.79568,44.37477],[-68.79808,44.37507],[-68.79885,44.37574],[-68.79875,44.37767],[-68.79764,44.37946],[-68.79696,44.37771]]]},"properties":{}},{"type":"Feature","geometry":{"type":"Polygon","coordinates":[[[-68.80166,44.36653],[-68.80111,44.36629],[-68.80015,44.36746],[-68.80053,44.36745],[-68.80166,44.36653]]]},"properties":{}},{"type":"Feature","geometry":{"type":"Polygon","coordinates":[[[-68.775,44.3835],[-68.775,44.39447],[-68.77706,44.39384],[-68.77704,44.3924],[-68.77825,44.39225],[-68.7776,44.38878],[-68.78037,44.38895],[-68.77858,44.38635],[-68.77973,44.3841],[-68.77885,44.38337],[-68.775,44.3835]]]},"properties":{}},{"type":"Feature","geometry":{"type":"Polygon","coordinates":[[[-68.79148,44.38116],[-68.79072,44.37912],[-68.78997,44.38132],[-68.79148,44.38116]]]},"properties":{}},{"type":"Feature","geometry":{"type":"Polygon","coordinates":[[[-68.78859,44.37933],[-68.78508,44.38004],[-68.78465,44.37992],[-68.78549,44.37769],[-68.78727,44.37766],[-68.78646,44.37852],[-68.78859,44.37933]]]},"properties":{}},{"type":"Feature","geometry":{"type":"Polygon","coordinates":[[[-68.78934,44.39586],[-68.78837,44.4],[-68.79101,44.4],[-68.79774,44.39756],[-68.80494,44.39675],[-68.80465,44.39846],[-68.80308,44.4],[-68.81089,44.4],[-68.81134,44.39733],[-68.81275,44.39522],[-68.81532,44.39465],[-68.81837,44.3958],[-68.82162,44.39443],[-68.82034,44.38923],[-68.82082,44.38355],[-68.81908,44.38135],[-68.8147,44.38252],[-68.81029,44.3814],[-68.80637,44.38367],[-68.79726,44.38661],[-68.79684,44.38605],[-68.79547,44.38758],[-68.79582,44.38838],[-68.79522,44.38835],[-68.79515,44.38848],[-68.79548,44.38942],[-68.79466,44.39079],[-68.78906,44.39417],[-68.78934,44.39586]]]},"properties":{}},{"type":"Feature","geometry":{"type":"Polygon","coordinates":[[[-68.79466,44.37854],[-68.79351,44.37795],[-68.79302,44.3785],[-68.79384,44.37953],[-68.79466,44.37854]]]},"properties":{}},{"type":"Feature","geometry":{"type":"Polygon","coordinates":[[[-68.80956,44.37527],[-68.80784,44.37367],[-68.8049,44.37345],[-68.80193,44.37764],[-68.80271,44.37794],[-68.80409,44.37578],[-68.8052,44.37602],[-68.80536,44.37706],[-68.80916,44.37617],[-68.80956,44.37527]]]},"properties":{}},{"type":"Feature","geometry":{"type":"Polygon","coordinates":[[[-68.775,44.34163],[-68.775,44.34543],[-68.77615,44.34246],[-68.77602,44.34155],[-68.775,44.34163]]]},"properties":{}},{"type":"Feature","geometry":{"type":"Polygon","coordinates":[[[-68.70366,44.39891],[-68.70466,44.39601],[-68.70254,44.39659],[-68.7,44.39558],[-68.7,44.4],[-68.70094,44.39807],[-68.7025,44.39789],[-68.70366,44.39891]]]},"properties":{}},{"type":"Feature","geometry":{"type":"Polygon","coordinates":[[[-68.76907,44.34172],[-68.77031,44.34209],[-68.77178,44.34134],[-68.77168,44.34069],[-68.77318,44.34163],[-68.775,44.34071],[-68.775,44.33062],[-68.77415,44.3307],[-68.77276,44.33315],[-68.77324,44.33854],[-68.77235,44.33726],[-68.77224,44.33435],[-68.77021,44.33433],[-68.76957,44.33517],[-68.76883,44.33705],[-68.76958,44.34077],[-68.76907,44.34172]]]},"properties":{}},{"type":"Feature","geometry":{"type":"Polygon","coordinates":[[[-68.76298,44.37101],[-68.76296,44.36943],[-68.76467,44.37058],[-68.76394,44.37156],[-68.76298,44.37101]]]},"properties":{}},{"type":"Feature","geometry":{"type":"Polygon","coordinates":[[[-68.76984,44.37861],[-68.76967,44.37765],[-68.77087,44.37793],[-68.77048,44.37857],[-68.76984,44.37861]]]},"properties":{}},{"type":"Feature","geometry":{"type":"Polygon","coordinates":[[[-68.76883,44.36782],[-68.76803,44.36754],[-68.7674,44.36663],[-68.76993,44.36678],[-68.76883,44.36782]]]},"properties":{}},{"type":"Feature","geometry":{"type":"Polygon","coordinates":[[[-68.73801,44.33528],[-68.73539,44.33484],[-68.73737,44.33369],[-68.73977,44.33394],[-68.7407,44.33595],[-68.7402,44.33673],[-68.73843,44.33685],[-68.73801,44.33528]]]},"properties":{}},{"type":"Feature","geometry":{"type":"Polygon","coordinates":[[[-68.775,44.34682],[-68.775,44.34834],[-68.77493,44.34835],[-68.77453,44.348],[-68.775,44.34682]]]},"properties":{}},{"type":"Feature","geometry":{"type":"Polygon","coordinates":[[[-68.70543,44.39824],[-68.70599,44.3987],[-68.70519,44.4],[-68.76412,44.4],[-68.76653,44.39757],[-68.76864,44.39945],[-68.77017,44.39972],[-68.77299,44.39754],[-68.775,44.39447],[-68.775,44.3835],[-68.76996,44.3823],[-68.76905,44.38097],[-68.76567,44.38147],[-68.76371,44.38096],[-68.76053,44.37905],[-68.75834,44.38013],[-68.7571,44.37989],[-68.75899,44.37925],[-68.75896,44.37752],[-68.75813,44.37657],[-68.75893,44.37612],[-68.75875,44.37457],[-68.76448,44.37682],[-68.76489,44.37515],[-68.75834,44.37208],[-68.76102,44.37111],[-68.75883,44.36934],[-68.76076,44.36639],[-68.75844,44.36401],[-68.75726,44.36409],[-68.7556,44.36147],[-68.75749,44.36085],[-68.75891,44.36342],[-68.76148,44.36455],[-68.76312,44.36189],[-68.76391,44.35829],[-68.76587,44.35741],[-68.76715,44.35919],[-68.76984,44.3595],[-68.77061,44.35888],[-68.77365,44.36031],[-68.774,44.36173],[-68.775,44.36093],[-68.775,44.35129],[-68.77337,44.35208],[-68.77319,44.35334],[-68.77172,44.35305],[-68.77033,44.35356],[-68.77002,44.3535],[-68.77164,44.35274],[-68.77083,44.3505],[-68.773,44.34963],[-68.77342,44.34598],[-68.77488,44.34593],[-68.775,44.34163],[-68.77095,44.34275],[-68.7711,44.34497],[-68.76969,44.34299],[-68.76871,44.34392],[-68.7654,44.34329],[-68.76343,44.344],[-68.76569,44.34262],[-68.76676,44.34294],[-68.76707,44.34122],[-68.76799,44.34098],[-68.76699,44.33986],[-68.76708,44.33772],[-68.76569,44.33828],[-68.76712,44.33645],[-68.76508,44.3348],[-68.76585,44.33177],[-68.76639,44.33245],[-68.76785,44.33162],[-68.76738,44.33117],[-68.7682,44.32661],[-68.76699,44.32547],[-68.76816,44.32543],[-68.76803,44.32521],[-68.76661,44.32517],[-68.76584,44.32706],[-68.76425,44.32696],[-68.7642,44.32827],[-68.76241,44.32885],[-68.76022,44.33131],[-68.75967,44.33431],[-68.76065,44.33602],[-68.75953,44.33922],[-68.75851,44.34002],[-68.75954,44.34148],[-68.75646,44.34439],[-68.75595,44.34594],[-68.75282,44.34791],[-68.75366,44.34946],[-68.7555,44.34917],[-68.7545,44.3502],[-68.75444,44.35183],[-68.75346,44.3501],[-68.75274,44.35063],[-68.75017,44.35146],[-68.75284,44.35033],[-68.7505,44.3494],[-68.74912,44.34986],[-68.74943,44.34825],[-68.74835,44.34703],[-68.75013,44.34666],[-68.75159,44.34426],[-68.74938,44.3414],[-68.7534,44.33919],[-68.75286,44.33729],[-68.75371,44.33619],[-68.75287,44.33524],[-68.75395,44.33264],[-68.75139,44.3303],[-68.74634,44.33107],[-68.744,44.33069],[-68.74546,44.33289],[-68.74595,44.33691],[-68.74425,44.33827],[-68.74443,44.33946],[-68.74301,44.34128],[-68.74095,44.34207],[-68.74009,44.34174],[-68.74148,44.3401],[-68.73611,44.34019],[-68.72741,44.33444],[-68.72864,44.33233],[-68.73157,44.3333],[-68.73396,44.33207],[-68.73197,44.33057],[-68.73208,44.32859],[-68.73315,44.32827],[-68.73223,44.32773],[-68.73265,44.32669],[-68.72934,44.325],[-68.7,44.325],[-68.7,44.3935],[-68.70072,44.39181],[-68.70134,44.39316],[-68.702,44.39332],[-68.70151,44.39187],[-68.70291,44.3912],[-68.70343,44.39345],[-68.70556,44.39449],[-68.70516,44.3953],[-68.70619,44.39668],[-68.70543,44.39824]]]},"properties":{}},{"type":"Feature","geometry":{"type":"Polygon","coordinates":[[[-68.77008,44.3795],[-68.77123,44.38021],[-68.77108,44.38073],[-68.77008,44.38033],[-68.77008,44.3795]]]},"properties":{}},{"type":"Feature","geometry":{"type":"Polygon","coordinates":[[[-68.7719,44.33173],[-68.77165,44.32898],[-68.7712,44.32968],[-68.7699,44.32802],[-68.77257,44.32665],[-68.77188,44.325],[-68.775,44.325],[-68.775,44.33049],[-68.77364,44.32954],[-68.77371,44.3288],[-68.77253,44.33194],[-68.7719,44.33173]]]},"properties":{}},{"type":"Feature","geometry":{"type":"Polygon","coordinates":[[[-68.87372,44.47291],[-68.8703,44.47338],[-68.86889,44.475],[-68.925,44.475],[-68.92492,44.45501],[-68.92281,44.45585],[-68.92222,44.45631],[-68.92264,44.45727],[-68.92115,44.45773],[-68.91883,44.45706],[-68.91656,44.45516],[-68.90958,44.45491],[-68.90902,44.45276],[-68.90791,44.45192],[-68.89899,44.45247],[-68.89843,44.45114],[-68.89887,44.4525],[-68.89808,44.45289],[-68.89633,44.45042],[-68.89794,44.45389],[-68.89717,44.45665],[-68.8974,44.46371],[-68.89673,44.46462],[-68.89745,44.46521],[-68.89725,44.46653],[-68.89801,44.4668],[-68.89716,44.46796],[-68.89777,44.46888],[-68.89491,44.46792],[-68.89436,44.46818],[-68.89502,44.46855],[-68.8952,44.46913],[-68.89267,44.46846],[-68.88706,44.46328],[-68.88477,44.46285],[-68.88238,44.45682],[-68.88352,44.45502],[-68.88649,44.45359],[-68.8883,44.45116],[-68.88966,44.44695],[-68.89153,44.44467],[-68.8929,44.44444],[-68.89167,44.44382],[-68.89004,44.44083],[-68.88998,44.43804],[-68.88895,44.43683],[-68.88893,44.43533],[-68.88568,44.43036],[-68.88012,44.42806],[-68.87519,44.43027],[-68.87461,44.43241],[-68.86988,44.43594],[-68.87179,44.44165],[-68.87018,44.44493],[-68.87173,44.44916],[-68.87213,44.45318],[-68.87975,44.45507],[-68.88153,44.45617],[-68.88325,44.46263],[-68.88097,44.46481],[-68.8778,44.46456],[-68.87835,44.4669],[-68.87731,44.46762],[-68.87655,44.46996],[-68.87393,44.47143],[-68.87372,44.47291]]]},"properties":{}},{"type":"Feature","geometry":{"type":"Polygon","coordinates":[[[-68.85,44.45009],[-68.85,44.47221],[-68.85642,44.46819],[-68.85872,44.45913],[-68.8603,44.45516],[-68.86168,44.45404],[-68.86107,44.45199],[-68.86178,44.45032],[-68.85996,44.44662],[-68.85684,44.44616],[-68.85,44.45009]]]},"properties":{}},{"type":"Feature","geometry":{"type":"Polygon","coordinates":[[[-68.79101,44.4],[-68.78837,44.4],[-68.78953,44.40103],[-68.79101,44.4]]]},"properties":{}},{"type":"Feature","geometry":{"type":"Polygon","coordinates":[[[-68.77619,44.4038],[-68.77603,44.40629],[-68.775,44.40712],[-68.775,44.475],[-68.78323,44.475],[-68.78505,44.47032],[-68.78557,44.46141],[-68.78361,44.45873],[-68.78314,44.46011],[-68.7825,44.46041],[-68.78313,44.45726],[-68.78194,44.4538],[-68.78256,44.44749],[-68.78429,44.44734],[-68.78931,44.45167],[-68.7943,44.45178],[-68.79816,44.45038],[-68.8004,44.44654],[-68.80012,44.43781],[-68.80144,44.43407],[-68.80868,44.43091],[-68.81225,44.43029],[-68.8148,44.42837],[-68.81627,44.42623],[-68.81647,44.41904],[-68.81809,44.41712],[-68.81851,44.41443],[-68.81958,44.41429],[-68.82169,44.40797],[-68.81874,44.40337],[-68.81729,44.40251],[-68.81348,44.40316],[-68.80972,44.40537],[-68.8085,44.40507],[-68.80801,44.40286],[-68.81089,44.4],[-68.80308,44.4],[-68.78897,44.40418],[-68.78129,44.40093],[-68.77881,44.40238],[-68.77874,44.40468],[-68.77619,44.4038]]]},"properties":{}},{"type":"Feature","geometry":{"type":"Polygon","coordinates":[[[-68.82446,44.46775],[-68.8131,44.4706],[-68.80946,44.46882],[-68.81197,44.46652],[-68.81564,44.46512],[-68.82151,44.46527],[-68.82871,44.4623],[-68.83422,44.45646],[-68.84048,44.45461],[-68.84303,44.45167],[-68.85,44.45009],[-68.85,44.47221],[-68.84936,44.47356],[-68.85,44.475],[-68.83099,44.475],[-68.82605,44.47051],[-68.82674,44.46916],[-68.82632,44.46825],[-68.82446,44.46775]]]},"properties":{}},{"type":"Feature","geometry":{"type":"Polygon","coordinates":[[[-68.65198,44.08048],[-68.65062,44.08055],[-68.65202,44.0808],[-68.65198,44.08048]]]},"properties":{}},{"type":"Feature","geometry":{"type":"Polygon","coordinates":[[[-68.63393,44.09685],[-68.634,44.09604],[-68.63624,44.09641],[-68.63515,44.09697],[-68.63393,44.09685]]]},"properties":{}},{"type":"Feature","geometry":{"type":"Polygon","coordinates":[[[-68.68701,44.27511],[-68.68846,44.27309],[-68.68652,44.272],[-68.68495,44.27183],[-68.68302,44.27374],[-68.68441,44.2735],[-68.68414,44.27511],[-68.68701,44.27511]]]},"properties":{}},{"type":"Feature","geometry":{"type":"Polygon","coordinates":[[[-68.63084,44.01663],[-68.63076,44.01602],[-68.63003,44.01684],[-68.63084,44.01663]]]},"properties":{}},{"type":"Feature","geometry":{"type":"Polygon","coordinates":[[[-68.69901,44.27273],[-68.69576,44.27213],[-68.69571,44.27313],[-68.69199,44.27424],[-68.69202,44.27511],[-68.7,44.27511],[-68.7,44.27106],[-68.69901,44.27273]]]},"properties":{}},{"type":"Feature","geometry":{"type":"Polygon","coordinates":[[[-68.63085,44.0968],[-68.63135,44.09733],[-68.63027,44.09715],[-68.63085,44.0968]]]},"properties":{}},{"type":"Feature","geometry":{"type":"Polygon","coordinates":[[[-68.69412,44.25],[-68.67482,44.25],[-68.67481,44.27511],[-68.67717,44.27511],[-68.67758,44.27429],[-68.67652,44.2731],[-68.67627,44.27097],[-68.67702,44.2665],[-68.68229,44.261],[-68.6847,44.26049],[-68.69296,44.25281],[-68.69412,44.25]]]},"properties":{}},{"type":"Feature","geometry":{"type":"Polygon","coordinates":[[[-68.65287,44.00381],[-68.65314,44.00429],[-68.65507,44.00298],[-68.65652,44.0037],[-68.65693,44.00658],[-68.65337,44.00557],[-68.65287,44.00381]]]},"properties":{}},{"type":"Feature","geometry":{"type":"Polygon","coordinates":[[[-68.63659,44.08578],[-68.63624,44.08523],[-68.63478,44.08636],[-68.63659,44.08578]]]},"properties":{}},{"type":"Feature","geometry":{"type":"Polygon","coordinates":[[[-68.66734,44.07912],[-68.66597,44.07946],[-68.66538,44.07899],[-68.66577,44.07817],[-68.66295,44.07748],[-68.66048,44.07561],[-68.6592,44.07613],[-68.65948,44.07808],[-68.65733,44.07854],[-68.65344,44.07772],[-68.64736,44.08012],[-68.64324,44.07917],[-68.63612,44.08085],[-68.63394,44.08011],[-68.63513,44.07817],[-68.63859,44.076],[-68.64186,44.07525],[-68.64279,44.07416],[-68.64257,44.07305],[-68.64423,44.07272],[-68.64751,44.07034],[-68.65576,44.06903],[-68.65962,44.06927],[-68.66214,44.07127],[-68.66087,44.07222],[-68.65721,44.07282],[-68.65662,44.07355],[-68.65811,44.07387],[-68.65815,44.07465],[-68.66001,44.07394],[-68.6593,44.07324],[-68.66001,44.07384],[-68.66539,44.07361],[-68.66745,44.07259],[-68.67017,44.07301],[-68.67033,44.07605],[-68.66782,44.07775],[-68.66734,44.07912]]]},"properties":{}},{"type":"Feature","geometry":{"type":"Polygon","coordinates":[[[-68.62867,44.02165],[-68.62867,44.08422],[-68.63108,44.08371],[-68.63086,44.0821],[-68.629,44.08056],[-68.62916,44.07934],[-68.63168,44.07744],[-68.63406,44.07693],[-68.63655,44.07418],[-68.63772,44.07454],[-68.638,44.07358],[-68.64109,44.07255],[-68.64377,44.06887],[-68.64403,44.06714],[-68.64579,44.06642],[-68.64639,44.06491],[-68.64894,44.06412],[-68.65145,44.06467],[-68.65234,44.062],[-68.65344,44.06167],[-68.65242,44.06067],[-68.65486,44.05889],[-68.65504,44.05407],[-68.659,44.0503],[-68.65908,44.04881],[-68.65798,44.04815],[-68.65681,44.04846],[-68.65452,44.05278],[-68.65163,44.05107],[-68.65477,44.04965],[-68.65382,44.04841],[-68.6555,44.04836],[-68.65602,44.04759],[-68.65483,44.04504],[-68.652,44.04854],[-68.65124,44.051],[-68.64887,44.05188],[-68.64682,44.05537],[-68.64427,44.05603],[-68.64529,44.05616],[-68.64485,44.0567],[-68.64349,44.05586],[-68.64484,44.05439],[-68.64333,44.05247],[-68.64063,44.05102],[-68.63928,44.04652],[-68.64058,44.04459],[-68.64094,44.0464],[-68.64601,44.04465],[-68.6466,44.04398],[-68.6451,44.04318],[-68.64545,44.04222],[-68.64467,44.04123],[-68.6497,44.04137],[-68.64931,44.04034],[-68.6507,44.04013],[-68.65131,44.03819],[-68.65357,44.0381],[-68.65323,44.03565],[-68.65602,44.03248],[-68.6546,44.03069],[-68.65548,44.02983],[-68.65266,44.03006],[-68.64792,44.02921],[-68.64665,44.02831],[-68.64862,44.02773],[-68.65155,44.02858],[-68.65515,44.02806],[-68.65711,44.02414],[-68.65976,44.02252],[-68.65887,44.02129],[-68.65975,44.02074],[-68.65934,44.01948],[-68.66008,44.01893],[-68.65953,44.0184],[-68.66089,44.01647],[-68.65793,44.01546],[-68.65686,44.01425],[-68.65607,44.01089],[-68.65772,44.00961],[-68.65509,44.00819],[-68.65379,44.00641],[-68.65249,44.00689],[-68.65219,44.00808],[-68.65092,44.00761],[-68.65167,44.00793],[-68.6509,44.00828],[-68.65166,44.00958],[-68.65034,44.01147],[-68.64689,44.01293],[-68.64871,44.01395],[-68.64881,44.0149],[-68.6445,44.01486],[-68.64387,44.01566],[-68.64471,44.01625],[-68.64351,44.01665],[-68.64085,44.01608],[-68.63964,44.01668],[-68.63887,44.01567],[-68.63801,44.01706],[-68.63866,44.01892],[-68.63654,44.01979],[-68.63472,44.01907],[-68.63507,44.01773],[-68.63259,44.0169],[-68.63176,44.01789],[-68.62994,44.01701],[-68.62871,44.01732],[-68.63112,44.02118],[-68.62867,44.02165]]]},"properties":{}},{"type":"Feature","geometry":{"type":"Polygon","coordinates":[[[-69.0,44.4],[-69.0,44.325],[-69.03686,44.325],[-69.03686,44.4],[-69.0,44.4]]]},"properties":{}},{"type":"Feature","geometry":{"type":"Polygon","coordinates":[[[-68.7584,44.80265],[-68.7495,44.80815],[-68.74944,44.81122],[-68.86595,44.81122],[-68.86595,44.65011],[-68.91042,44.65011],[-68.91042,44.54244],[-68.86925,44.54244],[-68.86925,44.47592],[-69.03686,44.47592],[-69.03686,44.475],[-68.86889,44.475],[-68.86197,44.48006],[-68.85838,44.47837],[-68.85686,44.47977],[-68.85493,44.47845],[-68.8524,44.48251],[-68.84958,44.48409],[-68.84812,44.48301],[-68.84557,44.47798],[-68.84364,44.47867],[-68.84206,44.47788],[-68.84294,44.47886],[-68.84289,44.47978],[-68.8432,44.48023],[-68.84315,44.48056],[-68.84162,44.47823],[-68.84084,44.47842],[-68.83914,44.477],[-68.84154,44.4763],[-68.84366,44.47717],[-68.84492,44.47634],[-68.84557,44.47789],[-68.8482,44.47618],[-68.84951,44.47659],[-68.85002,44.475],[-68.83099,44.475],[-68.83809,44.48334],[-68.83734,44.48465],[-68.83444,44.48534],[-68.8342,44.48955],[-68.83194,44.48951],[-68.83069,44.49266],[-68.82914,44.49264],[-68.82802,44.49117],[-68.8267,44.49554],[-68.82221,44.4925],[-68.8188,44.49512],[-68.81821,44.49859],[-68.81512,44.49944],[-68.81556,44.49978],[-68.81553,44.50025],[-68.81355,44.49765],[-68.81165,44.49692],[-68.80901,44.49728],[-68.80829,44.49864],[-68.80935,44.50092],[-68.8059,44.50474],[-68.80635,44.50624],[-68.80877,44.50873],[-68.81045,44.51347],[-68.80678,44.5152],[-68.80591,44.51922],[-68.80666,44.52056],[-68.80637,44.52411],[-68.80676,44.52458],[-68.80764,44.52333],[-68.80835,44.52353],[-68.80857,44.52531],[-68.80644,44.53448],[-68.80722,44.53897],[-68.80656,44.53943],[-68.80689,44.54082],[-68.80589,44.54455],[-68.80839,44.54865],[-68.8086,44.55284],[-68.80823,44.55552],[-68.80707,44.55624],[-68.80554,44.55924],[-68.80355,44.56063],[-68.80345,44.56228],[-68.80049,44.56516],[-68.80234,44.56792],[-68.81218,44.57068],[-68.8166,44.57453],[-68.81814,44.57488],[-68.81846,44.57587],[-68.82018,44.57594],[-68.82094,44.5771],[-68.82045,44.57952],[-68.82206,44.57996],[-68.82357,44.58197],[-68.8289,44.59379],[-68.83577,44.60001],[-68.84437,44.60208],[-68.84627,44.60077],[-68.84705,44.60136],[-68.85064,44.60119],[-68.85404,44.59752],[-68.85373,44.59684],[-68.8568,44.59653],[-68.8589,44.59454],[-68.85861,44.59187],[-68.85702,44.5896],[-68.85826,44.58977],[-68.85832,44.59143],[-68.85993,44.59341],[-68.8622,44.59093],[-68.86108,44.58792],[-68.86028,44.58754],[-68.86083,44.58753],[-68.86062,44.58669],[-68.85991,44.5859],[-68.85855,44.58607],[-68.85956,44.58547],[-68.85566,44.58164],[-68.85439,44.57386],[-68.8551,44.57151],[-68.85292,44.57009],[-68.85386,44.5676],[-68.85626,44.56688],[-68.85712,44.56207],[-68.85485,44.56156],[-68.85423,44.56427],[-68.85087,44.56525],[-68.85162,44.56427],[-68.85117,44.56285],[-68.85029,44.56289],[-68.85272,44.56162],[-68.85448,44.55925],[-68.85705,44.56087],[-68.85809,44.55965],[-68.85753,44.55811],[-68.8564,44.55873],[-68.85551,44.55814],[-68.85572,44.55746],[-68.85779,44.55633],[-68.85729,44.55543],[-68.85547,44.55577],[-68.85508,44.55559],[-68.85503,44.55474],[-68.85558,44.55372],[-68.85592,44.55361],[-68.85526,44.55554],[-68.85744,44.5553],[-68.85803,44.55627],[-68.8561,44.55746],[-68.85598,44.55832],[-68.85788,44.55728],[-68.85906,44.55724],[-68.85986,44.55771],[-68.8612,44.56074],[-68.86444,44.56001],[-68.86198,44.56164],[-68.86238,44.56254],[-68.85908,44.55934],[-68.8594,44.55778],[-68.85834,44.55746],[-68.85787,44.55793],[-68.85861,44.55951],[-68.85761,44.56099],[-68.85642,44.56107],[-68.85465,44.55976],[-68.8517,44.56315],[-68.85209,44.5641],[-68.85345,44.56424],[-68.85427,44.56138],[-68.85596,44.56105],[-68.85765,44.56175],[-68.85767,44.56475],[-68.85566,44.56825],[-68.85629,44.56824],[-68.85679,44.56848],[-68.85424,44.56915],[-68.85657,44.57127],[-68.85609,44.57415],[-68.85711,44.57855],[-68.85994,44.57882],[-68.86025,44.57851],[-68.86078,44.57858],[-68.85799,44.57941],[-68.85782,44.57965],[-68.85838,44.57985],[-68.85852,44.5804],[-68.85721,44.57998],[-68.85834,44.5818],[-68.85989,44.5823],[-68.85881,44.58226],[-68.8597,44.5833],[-68.8615,44.58256],[-68.85987,44.58384],[-68.86211,44.58356],[-68.86141,44.58388],[-68.86454,44.58762],[-68.86484,44.59272],[-68.86317,44.59497],[-68.86461,44.59685],[-68.86527,44.59573],[-68.86506,44.59724],[-68.86733,44.59945],[-68.86789,44.60238],[-68.87285,44.60642],[-68.87351,44.60883],[-68.8728,44.60924],[-68.87199,44.60636],[-68.86521,44.60243],[-68.86651,44.60125],[-68.86554,44.59881],[-68.86148,44.59866],[-68.865,44.59812],[-68.86255,44.59682],[-68.85886,44.59772],[-68.85595,44.60409],[-68.85695,44.60921],[-68.86056,44.61567],[-68.85639,44.61833],[-68.85279,44.62479],[-68.85077,44.62591],[-68.8496,44.62885],[-68.84651,44.63168],[-68.84775,44.63267],[-68.84776,44.63315],[-68.84555,44.63204],[-68.84444,44.63399],[-68.84096,44.63667],[-68.83899,44.64134],[-68.83948,44.64148],[-68.83681,44.64576],[-68.83669,44.65142],[-68.83551,44.65448],[-68.8334,44.65625],[-68.83372,44.65668],[-68.83019,44.65843],[-68.83007,44.6593],[-68.82974,44.65869],[-68.82796,44.65979],[-68.82561,44.66399],[-68.82632,44.66557],[-68.82934,44.66706],[-68.82977,44.66812],[-68.82369,44.66808],[-68.82369,44.67158],[-68.82116,44.67072],[-68.82062,44.66857],[-68.81863,44.66815],[-68.81572,44.66946],[-68.81485,44.67103],[-68.8159,44.67375],[-68.81826,44.67546],[-68.81713,44.67634],[-68.81876,44.67945],[-68.81887,44.68129],[-68.81782,44.68316],[-68.81824,44.68427],[-68.8238,44.6852],[-68.83901,44.69006],[-68.84178,44.69307],[-68.84575,44.69509],[-68.84862,44.69387],[-68.8461,44.69681],[-68.84322,44.69694],[-68.84431,44.69836],[-68.84408,44.69917],[-68.83991,44.69736],[-68.83846,44.69793],[-68.83989,44.69995],[-68.84038,44.70397],[-68.84245,44.7069],[-68.84289,44.70827],[-68.84214,44.7101],[-68.84316,44.71147],[-68.84113,44.71475],[-68.83773,44.71734],[-68.83461,44.72115],[-68.83557,44.72157],[-68.83417,44.72725],[-68.83455,44.72917],[-68.83587,44.72941],[-68.83346,44.73409],[-68.83401,44.73588],[-68.83601,44.73645],[-68.83348,44.73768],[-68.82988,44.74448],[-68.83063,44.74496],[-68.83043,44.74645],[-68.83278,44.74665],[-68.8334,44.74836],[-68.83235,44.74875],[-68.83228,44.74697],[-68.82935,44.74692],[-68.82893,44.74565],[-68.82791,44.74574],[-68.82576,44.74853],[-68.8244,44.74785],[-68.81832,44.75062],[-68.81408,44.75633],[-68.80089,44.7635],[-68.80045,44.76572],[-68.7996,44.76495],[-68.79665,44.76789],[-68.79606,44.76799],[-68.79985,44.76473],[-68.80061,44.76331],[-68.79928,44.76313],[-68.79681,44.76545],[-68.79302,44.76593],[-68.78935,44.76776],[-68.78843,44.76906],[-68.78844,44.77394],[-68.78688,44.77533],[-68.78721,44.77621],[-68.78561,44.77757],[-68.78427,44.77726],[-68.77891,44.78123],[-68.77532,44.7867],[-68.77396,44.79233],[-68.77104,44.79433],[-68.76906,44.79709],[-68.77032,44.80172],[-68.77541,44.80427],[-68.77679,44.80529],[-68.77752,44.80637],[-68.77734,44.80651],[-68.77408,44.80379],[-68.77009,44.80208],[-68.76819,44.79824],[-68.76594,44.79886],[-68.76161,44.80205],[-68.7584,44.80265]]]},"properties":{}},{"type":"Feature","geometry":{"type":"Polygon","coordinates":[[[-68.68649,44.28872],[-68.68275,44.28738],[-68.68286,44.28561],[-68.683,44.28404],[-68.68376,44.28378],[-68.68462,44.28414],[-68.68458,44.28564],[-68.68625,44.28596],[-68.68664,44.28703],[-68.68777,44.2874],[-68.68649,44.28872]]]},"properties":{}},{"type":"Feature","geometry":{"type":"Polygon","coordinates":[[[-68.68673,44.28195],[-68.6827,44.2806],[-68.67994,44.2782],[-68.67957,44.27844],[-68.6828,44.28091],[-68.68673,44.28195]]]},"properties":{}},{"type":"Feature","geometry":{"type":"Polygon","coordinates":[[[-68.6931,44.29054],[-68.69083,44.29079],[-68.69306,44.28849],[-68.69149,44.28631],[-68.68901,44.28698],[-68.68777,44.28481],[-68.68641,44.28471],[-68.68649,44.28218],[-68.69049,44.28164],[-68.69003,44.28019],[-68.69093,44.27868],[-68.68969,44.27654],[-68.69147,44.27513],[-68.7,44.27511],[-68.7,44.29134],[-68.69433,44.29208],[-68.6931,44.29054]]]},"properties":{}},{"type":"Feature","geometry":{"type":"Polygon","coordinates":[[[-68.69573,44.39329],[-68.69687,44.39349],[-68.69704,44.39279],[-68.6959,44.39236],[-68.69573,44.39329]]]},"properties":{}},{"type":"Feature","geometry":{"type":"Polygon","coordinates":[[[-68.73318,44.43036],[-68.73322,44.42975],[-68.73181,44.42948],[-68.73173,44.43012],[-68.73318,44.43036]]]},"properties":{}},{"type":"Feature","geometry":{"type":"Polygon","coordinates":[[[-68.77137,44.40862],[-68.76954,44.40845],[-68.77089,44.40753],[-68.77137,44.40862]]]},"properties":{}},{"type":"Feature","geometry":{"type":"Polygon","coordinates":[[[-68.72772,44.44644],[-68.72877,44.44839],[-68.72677,44.44716],[-68.72772,44.44644]]]},"properties":{}},{"type":"Feature","geometry":{"type":"Polygon","coordinates":[[[-68.73402,44.42783],[-68.73459,44.42857],[-68.7336,44.42914],[-68.73328,44.42858],[-68.73402,44.42783]]]},"properties":{}},{"type":"Feature","geometry":{"type":"Polygon","coordinates":[[[-68.79102,44.56903],[-68.78941,44.5681],[-68.78864,44.56854],[-68.78879,44.5676],[-68.78375,44.56571],[-68.78099,44.56626],[-68.77796,44.56443],[-68.77726,44.56536],[-68.77647,44.56515],[-68.77574,44.56323],[-68.77623,44.55903],[-68.77541,44.55757],[-68.77516,44.55383],[-68.77278,44.54976],[-68.77296,44.545],[-68.77212,44.54388],[-68.77183,44.54603],[-68.77102,44.54535],[-68.76906,44.54591],[-68.76832,44.54336],[-68.76874,44.54236],[-68.76697,44.54005],[-68.76723,44.53876],[-68.76544,44.53523],[-68.7583,44.5328],[-68.75733,44.53079],[-68.75744,44.52714],[-68.76039,44.52384],[-68.76199,44.52019],[-68.76227,44.51254],[-68.76419,44.50984],[-68.76696,44.5083],[-68.76893,44.50586],[-68.77025,44.50533],[-68.7728,44.50589],[-68.77314,44.50406],[-68.77974,44.50293],[-68.78197,44.50385],[-68.78497,44.51188],[-68.78881,44.51573],[-68.79077,44.51898],[-68.79335,44.51978],[-68.79396,44.52279],[-68.79599,44.52377],[-68.79704,44.52591],[-68.79897,44.52716],[-68.80009,44.53065],[-68.79966,44.53614],[-68.80036,44.53748],[-68.80072,44.54504],[-68.80317,44.55105],[-68.80348,44.55542],[-68.79744,44.56211],[-68.79536,44.56557],[-68.79102,44.56903]]]},"properties":{}},{"type":"Feature","geometry":{"type":"Polygon","coordinates":[[[-68.77083,44.4049],[-68.77196,44.40561],[-68.77177,44.40665],[-68.77083,44.4049]]]},"properties":{}},{"type":"Feature","geometry":{"type":"Polygon","coordinates":[[[-68.74944,44.70382],[-68.74944,44.80525],[-68.76724,44.79584],[-68.77061,44.79068],[-68.7704,44.78928],[-68.77247,44.78845],[-68.77161,44.78823],[-68.77285,44.78608],[-68.77146,44.78554],[-68.77203,44.78449],[-68.77759,44.77864],[-68.77957,44.77782],[-68.78138,44.7755],[-68.78422,44.77448],[-68.78562,44.77282],[-68.78472,44.76951],[-68.7816,44.77011],[-68.7804,44.7698],[-68.78492,44.76867],[-68.78584,44.76622],[-68.79055,44.76342],[-68.79778,44.76127],[-68.80471,44.75713],[-68.8092,44.75572],[-68.8104,44.75377],[-68.81139,44.75364],[-68.81311,44.74983],[-68.81537,44.74976],[-68.81989,44.7469],[-68.82404,44.7454],[-68.8287,44.74058],[-68.82906,44.73908],[-68.82761,44.73728],[-68.83023,44.73539],[-68.82881,44.73248],[-68.82954,44.73267],[-68.8293,44.72945],[-68.83033,44.72603],[-68.82897,44.72372],[-68.82937,44.72224],[-68.82869,44.72009],[-68.83637,44.71402],[-68.83768,44.71197],[-68.83742,44.71075],[-68.83851,44.71027],[-68.83776,44.70926],[-68.83904,44.70798],[-68.83692,44.70594],[-68.83751,44.70516],[-68.83473,44.70397],[-68.83227,44.70399],[-68.83018,44.70301],[-68.8294,44.70412],[-68.82885,44.70436],[-68.82935,44.70181],[-68.83187,44.70111],[-68.83328,44.69607],[-68.83478,44.69439],[-68.83393,44.69272],[-68.82072,44.6896],[-68.81954,44.69071],[-68.82017,44.69372],[-68.81995,44.69419],[-68.81869,44.69205],[-68.81869,44.69049],[-68.81617,44.69134],[-68.81558,44.68974],[-68.81343,44.6886],[-68.81448,44.68757],[-68.81351,44.6859],[-68.81383,44.68396],[-68.8124,44.68242],[-68.81309,44.68173],[-68.8118,44.68075],[-68.81207,44.67936],[-68.81028,44.67477],[-68.8086,44.67257],[-68.80852,44.66991],[-68.80906,44.66772],[-68.81871,44.66434],[-68.8202,44.66285],[-68.8205,44.6608],[-68.82372,44.65736],[-68.82593,44.65241],[-68.82836,44.65077],[-68.82885,44.64977],[-68.82801,44.6491],[-68.82962,44.64913],[-68.82963,44.64701],[-68.82896,44.64677],[-68.82966,44.6467],[-68.83067,44.64205],[-68.83281,44.63813],[-68.83236,44.63777],[-68.83708,44.63407],[-68.84143,44.62848],[-68.8421,44.62477],[-68.839,44.61943],[-68.83521,44.61927],[-68.8254,44.61275],[-68.82434,44.61023],[-68.82318,44.60946],[-68.82372,44.60801],[-68.82305,44.60501],[-68.81684,44.59763],[-68.81485,44.59709],[-68.81487,44.59649],[-68.8164,44.59647],[-68.81656,44.59521],[-68.8153,44.59403],[-68.81418,44.59458],[-68.81235,44.59395],[-68.81363,44.59136],[-68.81086,44.58858],[-68.8116,44.58564],[-68.80886,44.58438],[-68.81093,44.57997],[-68.81053,44.5782],[-68.80803,44.5765],[-68.80861,44.57581],[-68.80768,44.57364],[-68.8055,44.57228],[-68.8023,44.57469],[-68.80114,44.57398],[-68.80092,44.57254],[-68.80001,44.57376],[-68.7958,44.57135],[-68.78871,44.57106],[-68.78882,44.57042],[-68.78769,44.57024],[-68.7861,44.57086],[-68.78552,44.56997],[-68.77327,44.56842],[-68.77003,44.56747],[-68.76978,44.56371],[-68.76814,44.56146],[-68.76656,44.56133],[-68.76656,44.56277],[-68.76369,44.5612],[-68.76348,44.55987],[-68.76487,44.55822],[-68.76439,44.55362],[-68.76496,44.5518],[-68.76382,44.54741],[-68.76218,44.54496],[-68.76288,44.54146],[-68.76097,44.53688],[-68.75748,44.53616],[-68.75653,44.53865],[-68.7541,44.53973],[-68.75289,44.54317],[-68.75339,44.5437],[-68.75439,44.5432],[-68.75381,44.54403],[-68.75429,44.5443],[-68.75304,44.54461],[-68.75203,44.54783],[-68.74947,44.54882],[-68.74819,44.55231],[-68.74623,44.55393],[-68.74519,44.55796],[-68.74683,44.55766],[-68.74634,44.55917],[-68.74553,44.55874],[-68.74797,44.56255],[-68.74666,44.56275],[-68.74606,44.56471],[-68.74515,44.56487],[-68.7461,44.56541],[-68.74685,44.56986],[-68.74548,44.56957],[-68.74374,44.5673],[-68.74309,44.56836],[-68.74348,44.56991],[-68.74286,44.5701],[-68.7424,44.56679],[-68.74371,44.56519],[-68.74429,44.5622],[-68.74208,44.55731],[-68.74271,44.55363],[-68.74129,44.55294],[-68.74101,44.55132],[-68.74361,44.55032],[-68.74409,44.55107],[-68.74543,44.55006],[-68.74516,44.54691],[-68.74414,44.54533],[-68.74706,44.5428],[-68.74561,44.54105],[-68.74728,44.53902],[-68.74727,44.53777],[-68.74899,44.53681],[-68.74917,44.53548],[-68.75033,44.53452],[-68.74857,44.53201],[-68.7494,44.53081],[-68.74879,44.52833],[-68.75106,44.52822],[-68.75187,44.52741],[-68.75114,44.5262],[-68.74983,44.52619],[-68.75012,44.52538],[-68.75474,44.52083],[-68.75643,44.51628],[-68.75629,44.51161],[-68.7585,44.50864],[-68.76286,44.50619],[-68.76937,44.49943],[-68.7741,44.49699],[-68.777,44.49445],[-68.77795,44.49128],[-68.77756,44.48508],[-68.77924,44.48064],[-68.78318,44.47547],[-68.775,44.475],[-68.775,44.40712],[-68.77361,44.40895],[-68.77175,44.40958],[-68.77089,44.41113],[-68.77139,44.4114],[-68.77058,44.41299],[-68.7706,44.41566],[-68.76724,44.42104],[-68.76687,44.42377],[-68.76583,44.42453],[-68.76656,44.42563],[-68.76635,44.42729],[-68.76746,44.42746],[-68.76758,44.42819],[-68.76602,44.42743],[-68.76364,44.42927],[-68.76213,44.4285],[-68.76193,44.42753],[-68.76052,44.42836],[-68.7585,44.42636],[-68.75152,44.42917],[-68.74932,44.43254],[-68.74835,44.43245],[-68.74674,44.43435],[-68.74456,44.43462],[-68.74506,44.4389],[-68.74418,44.43984],[-68.7427,44.4399],[-68.74341,44.44095],[-68.74333,44.44412],[-68.74191,44.43997],[-68.74257,44.43883],[-68.74143,44.43255],[-68.73887,44.43275],[-68.73554,44.435],[-68.73687,44.43636],[-68.73613,44.43715],[-68.73659,44.4389],[-68.73365,44.4415],[-68.73374,44.44602],[-68.73155,44.4467],[-68.73064,44.44903],[-68.72915,44.45016],[-68.72669,44.45739],[-68.72916,44.45912],[-68.72957,44.46057],[-68.7365,44.45797],[-68.73442,44.45952],[-68.73394,44.46177],[-68.73684,44.46243],[-68.7382,44.46563],[-68.73977,44.46671],[-68.7372,44.46642],[-68.73779,44.46981],[-68.73748,44.47058],[-68.73637,44.46737],[-68.72887,44.46427],[-68.7262,44.46526],[-68.72786,44.46798],[-68.72996,44.46839],[-68.72714,44.46909],[-68.72761,44.47059],[-68.72523,44.47221],[-68.72512,44.47143],[-68.727,44.47012],[-68.72584,44.46965],[-68.72561,44.46849],[-68.72294,44.46587],[-68.71982,44.46512],[-68.71912,44.46638],[-68.7154,44.46504],[-68.71121,44.46189],[-68.70935,44.46301],[-68.70826,44.46238],[-68.70762,44.45939],[-68.70867,44.45821],[-68.70847,44.45418],[-68.7043,44.45265],[-68.70664,44.45213],[-68.70755,44.45044],[-68.71045,44.44908],[-68.71129,44.44898],[-68.71176,44.45034],[-68.71297,44.4506],[-68.71494,44.4494],[-68.71652,44.45026],[-68.7203,44.45048],[-68.72114,44.44915],[-68.72105,44.44346],[-68.72252,44.44175],[-68.72283,44.43828],[-68.72478,44.43516],[-68.72475,44.43315],[-68.72281,44.42829],[-68.72326,44.42658],[-68.72653,44.42503],[-68.72718,44.42143],[-68.72581,44.42049],[-68.72691,44.41876],[-68.7292,44.41812],[-68.72979,44.41623],[-68.72793,44.41377],[-68.72556,44.41332],[-68.72461,44.41225],[-68.71973,44.41459],[-68.71869,44.41635],[-68.7156,44.4152],[-68.71451,44.41422],[-68.71507,44.41383],[-68.71264,44.41279],[-68.71103,44.41063],[-68.71017,44.41074],[-68.71061,44.41252],[-68.7089,44.41208],[-68.70621,44.40751],[-68.70264,44.40491],[-68.70083,44.40031],[-68.7,44.4],[-68.7,44.39558],[-68.69911,44.39504],[-68.69305,44.39555],[-68.69155,44.39393],[-68.69031,44.39379],[-68.68806,44.39484],[-68.68692,44.39431],[-68.68561,44.39554],[-68.68211,44.39518],[-68.67978,44.39625],[-68.68053,44.39573],[-68.67973,44.39507],[-68.68375,44.39309],[-68.68092,44.38886],[-68.67914,44.38972],[-68.67629,44.38951],[-68.67445,44.38782],[-68.66961,44.3884],[-68.66779,44.38736],[-68.66758,44.38644],[-68.66894,44.38655],[-68.67152,44.38502],[-68.67121,44.38271],[-68.67256,44.38108],[-68.67355,44.38114],[-68.67292,44.37968],[-68.67084,44.37822],[-68.67284,44.3759],[-68.67066,44.3739],[-68.67096,44.37336],[-68.66902,44.37155],[-68.66342,44.37132],[-68.65998,44.36977],[-68.66111,44.36973],[-68.66064,44.36905],[-68.66309,44.3704],[-68.66486,44.37018],[-68.66501,44.3693],[-68.667,44.368],[-68.66918,44.36811],[-68.67085,44.36699],[-68.67194,44.36481],[-68.67303,44.36442],[-68.6759,44.36476],[-68.67601,44.36662],[-68.67817,44.36687],[-68.67802,44.3649],[-68.67559,44.36183],[-68.67616,44.35978],[-68.67862,44.35889],[-68.67749,44.35418],[-68.67835,44.3536],[-68.67964,44.35735],[-68.67946,44.35885],[-68.67823,44.35965],[-68.67855,44.36068],[-68.67969,44.36065],[-68.68162,44.36281],[-68.68115,44.36474],[-68.67989,44.36508],[-68.68023,44.36594],[-68.67884,44.36634],[-68.67989,44.36808],[-68.67914,44.36865],[-68.68233,44.36902],[-68.68317,44.37007],[-68.68082,44.37322],[-68.67853,44.37306],[-68.67917,44.375],[-68.67658,44.37738],[-68.67643,44.38084],[-68.67561,44.38151],[-68.67674,44.38191],[-68.67655,44.38293],[-68.6794,44.38374],[-68.68195,44.38246],[-68.68309,44.3847],[-68.68451,44.38559],[-68.68503,44.38682],[-68.68435,44.38817],[-68.68291,44.38786],[-68.68198,44.38819],[-68.68445,44.38929],[-68.68652,44.39136],[-68.6851,44.39312],[-68.68552,44.39376],[-68.68667,44.39369],[-68.68846,44.39201],[-68.69197,44.39189],[-68.69429,44.39078],[-68.69753,44.39148],[-68.69777,44.39289],[-68.69925,44.39255],[-68.7,44.3935],[-68.7,44.30996],[-68.69525,44.3078],[-68.6941,44.30577],[-68.69258,44.30562],[-68.69296,44.3042],[-68.69411,44.30374],[-68.69602,44.30452],[-68.69663,44.3056],[-68.69766,44.30473],[-68.69697,44.30362],[-68.69554,44.30372],[-68.69343,44.30197],[-68.69308,44.29931],[-68.69133,44.29793],[-68.68847,44.29681],[-68.6837,44.2969],[-68.6826,44.29839],[-68.68351,44.29953],[-68.68167,44.30084],[-68.6833,44.30096],[-68.68366,44.30186],[-68.68128,44.3026],[-68.68243,44.30391],[-68.68144,44.30519],[-68.67962,44.30513],[-68.67861,44.30162],[-68.67542,44.3006],[-68.67581,44.29922],[-68.67307,44.2985],[-68.67396,44.29686],[-68.66517,44.29321],[-68.65489,44.29283],[-68.65146,44.29011],[-68.64953,44.28954],[-68.64953,44.65011],[-68.80528,44.65011],[-68.80528,44.70382],[-68.74944,44.70382]]]},"properties":{}},{"type":"Feature","geometry":{"type":"Polygon","coordinates":[[[-68.75331,44.42487],[-68.74956,44.42471],[-68.75127,44.42328],[-68.75037,44.42357],[-68.74951,44.42211],[-68.75022,44.41808],[-68.74716,44.42023],[-68.7455,44.42428],[-68.74463,44.42295],[-68.74307,44.42311],[-68.74259,44.4207],[-68.74436,44.41652],[-68.74367,44.41651],[-68.74402,44.41517],[-68.74116,44.41391],[-68.74259,44.4121],[-68.74501,44.41201],[-68.74585,44.41284],[-68.74779,44.41236],[-68.74854,44.40952],[-68.7477,44.40985],[-68.74813,44.41091],[-68.74643,44.41199],[-68.74652,44.41123],[-68.74265,44.40938],[-68.74265,44.40678],[-68.74059,44.4085],[-68.74043,44.40971],[-68.73886,44.40865],[-68.73905,44.40741],[-68.73815,44.4063],[-68.73676,44.40548],[-68.73811,44.4094],[-68.73527,44.40894],[-68.73623,44.41095],[-68.73525,44.41106],[-68.73442,44.40893],[-68.73038,44.40766],[-68.73177,44.40636],[-68.73163,44.40531],[-68.72853,44.40475],[-68.72669,44.4019],[-68.72612,44.40523],[-68.72389,44.40702],[-68.72345,44.40544],[-68.72045,44.40261],[-68.72047,44.40184],[-68.71772,44.4],[-68.76412,44.4],[-68.76099,44.40242],[-68.76144,44.40406],[-68.76308,44.4056],[-68.7626,44.40702],[-68.76559,44.41267],[-68.76424,44.41785],[-68.76326,44.4185],[-68.76301,44.4214],[-68.76131,44.42364],[-68.75931,44.42471],[-68.7578,44.42405],[-68.75414,44.42556],[-68.75331,44.42487]]]},"properties":{}},{"type":"Feature","geometry":{"type":"Polygon","coordinates":[[[-68.71993,44.41118],[-68.71865,44.41168],[-68.71994,44.41301],[-68.72037,44.41222],[-68.72249,44.41193],[-68.7201,44.41058],[-68.72184,44.40964],[-68.71937,44.40856],[-68.71954,44.40749],[-68.71718,44.40361],[-68.71724,44.40233],[-68.71587,44.40171],[-68.71653,44.4],[-68.70519,44.4],[-68.70529,44.401],[-68.7076,44.4021],[-68.70865,44.40358],[-68.71189,44.40283],[-68.71289,44.40333],[-68.7138,44.40553],[-68.71735,44.40841],[-68.71737,44.40996],[-68.71597,44.409],[-68.71567,44.41027],[-68.7175,44.41122],[-68.71745,44.41007],[-68.71993,44.41118]]]},"properties":{}},{"type":"Feature","geometry":{"type":"Polygon","coordinates":[[[-68.71507,44.45327],[-68.71513,44.45222],[-68.71582,44.45264],[-68.71507,44.45327]]]},"properties":{}},{"type":"Feature","geometry":{"type":"Polygon","coordinates":[[[-68.77102,44.55724],[-68.77212,44.55811],[-68.77224,44.55576],[-68.77049,44.55335],[-68.77102,44.55724]]]},"properties":{}},{"type":"Feature","geometry":{"type":"Polygon","coordinates":[[[-68.67735,44.27511],[-68.6772,44.27627],[-68.67994,44.2782],[-68.67895,44.27891],[-68.67713,44.27861],[-68.67653,44.27993],[-68.67105,44.27935],[-68.66684,44.27511],[-68.67735,44.27511]]]},"properties":{}},{"type":"Feature","geometry":{"type":"Polygon","coordinates":[[[-68.68701,44.27511],[-68.68414,44.27511],[-68.68399,44.27538],[-68.68584,44.27722],[-68.68686,44.27645],[-68.68645,44.27513],[-68.68701,44.27511]]]},"properties":{}},{"type":"Feature","geometry":{"type":"Polygon","coordinates":[[[-68.73791,44.42582],[-68.73717,44.42589],[-68.73761,44.42704],[-68.73677,44.42921],[-68.73778,44.4303],[-68.73874,44.42737],[-68.74018,44.42597],[-68.73833,44.42715],[-68.73791,44.42582]]]},"properties":{}},{"type":"Feature","geometry":{"type":"Polygon","coordinates":[[[-68.61484,44.20657],[-68.61213,44.20905],[-68.61552,44.20962],[-68.61604,44.20846],[-68.61424,44.2081],[-68.61746,44.20513],[-68.61472,44.2019],[-68.61213,44.20373],[-68.61091,44.20273],[-68.60936,44.20311],[-68.60955,44.20558],[-68.61038,44.2056],[-68.61123,44.20418],[-68.61484,44.20657]]]},"properties":{}},{"type":"Feature","geometry":{"type":"Polygon","coordinates":[[[-68.56517,44.23795],[-68.56255,44.23534],[-68.55909,44.23627],[-68.5624,44.23846],[-68.56517,44.23795]]]},"properties":{}},{"type":"Feature","geometry":{"type":"Polygon","coordinates":[[[-68.625,44.17849],[-68.62284,44.17808],[-68.62113,44.1787],[-68.62024,44.17741],[-68.625,44.175],[-68.625,44.17849]]]},"properties":{}},{"type":"Feature","geometry":{"type":"Polygon","coordinates":[[[-68.62019,44.249],[-68.61962,44.25],[-68.625,44.25],[-68.625,44.23602],[-68.62293,44.23616],[-68.62203,44.23719],[-68.62228,44.23573],[-68.62003,44.23593],[-68.62063,44.23528],[-68.62027,44.23412],[-68.61812,44.23368],[-68.61605,44.23433],[-68.61296,44.23232],[-68.60995,44.23165],[-68.60892,44.22963],[-68.60522,44.22913],[-68.60406,44.23081],[-68.60509,44.2333],[-68.60625,44.23413],[-68.61132,44.23302],[-68.61471,44.23511],[-68.61483,44.23585],[-68.61261,44.23804],[-68.60863,44.2396],[-68.60844,44.2416],[-68.60938,44.2423],[-68.60995,44.24477],[-68.61832,44.24872],[-68.62101,44.24796],[-68.62225,44.2487],[-68.62019,44.249]]]},"properties":{}},{"type":"Feature","geometry":{"type":"Polygon","coordinates":[[[-68.55,44.22512],[-68.55,44.22775],[-68.55127,44.22856],[-68.55312,44.22777],[-68.55154,44.22433],[-68.55,44.22512]]]},"properties":{}},{"type":"Feature","geometry":{"type":"Polygon","coordinates":[[[-68.6216,44.19982],[-68.62063,44.20055],[-68.62143,44.20398],[-68.625,44.205],[-68.625,44.1999],[-68.6216,44.19982]]]},"properties":{}},{"type":"Feature","geometry":{"type":"Polygon","coordinates":[[[-68.60343,44.22284],[-68.60904,44.21992],[-68.61312,44.21998],[-68.61399,44.22097],[-68.61339,44.22256],[-68.61528,44.22525],[-68.61248,44.22569],[-68.61096,44.22411],[-68.60748,44.22372],[-68.60533,44.22479],[-68.60387,44.22439],[-68.60436,44.22418],[-68.60343,44.22284]]]},"properties":{}},{"type":"Feature","geometry":{"type":"Polygon","coordinates":[[[-68.56863,44.24075],[-68.56762,44.23946],[-68.57107,44.23914],[-68.57257,44.2401],[-68.57101,44.24147],[-68.56863,44.24075]]]},"properties":{}},{"type":"Feature","geometry":{"type":"Polygon","coordinates":[[[-68.62462,44.23249],[-68.625,44.23344],[-68.62384,44.2328],[-68.62462,44.23249]]]},"properties":{}},{"type":"Feature","geometry":{"type":"Polygon","coordinates":[[[-68.60494,44.17841],[-68.5976,44.17744],[-68.59653,44.17599],[-68.59764,44.175],[-68.60122,44.17504],[-68.60341,44.17615],[-68.60655,44.17641],[-68.60494,44.17841]]]},"properties":{}},{"type":"Feature","geometry":{"type":"Polygon","coordinates":[[[-68.56743,44.20133],[-68.56523,44.20126],[-68.56504,44.20066],[-68.56743,44.20133]]]},"properties":{}},{"type":"Feature","geometry":{"type":"Polygon","coordinates":[[[-68.55652,44.24617],[-68.55,44.24662],[-68.55,44.25],[-68.56497,44.25],[-68.55652,44.24617]]]},"properties":{}},{"type":"Feature","geometry":{"type":"Polygon","coordinates":[[[-68.55,44.2356],[-68.55,44.23917],[-68.55228,44.23849],[-68.55243,44.23693],[-68.55,44.2356]]]},"properties":{}},{"type":"Feature","geometry":{"type":"Polygon","coordinates":[[[-68.5688,44.20472],[-68.56621,44.20484],[-68.56605,44.20343],[-68.56879,44.20394],[-68.5688,44.20472]]]},"properties":{}},{"type":"Feature","geometry":{"type":"Polygon","coordinates":[[[-68.58447,44.25],[-68.58695,44.24863],[-68.58294,44.24806],[-68.58047,44.24964],[-68.58447,44.25]]]},"properties":{}},{"type":"Feature","geometry":{"type":"Polygon","coordinates":[[[-68.57754,44.20901],[-68.57767,44.20971],[-68.5785,44.20922],[-68.57841,44.20906],[-68.57754,44.20901]]]},"properties":{}},{"type":"Feature","geometry":{"type":"Polygon","coordinates":[[[-68.61103,44.17587],[-68.61047,44.17669],[-68.61113,44.17666],[-68.61103,44.17587]]]},"properties":{}},{"type":"Feature","geometry":{"type":"Polygon","coordinates":[[[-68.6058,44.20557],[-68.60753,44.20642],[-68.60859,44.20484],[-68.6069,44.2042],[-68.60688,44.20532],[-68.6058,44.20557]]]},"properties":{}},{"type":"Feature","geometry":{"type":"Polygon","coordinates":[[[-68.56587,44.18126],[-68.56781,44.18139],[-68.56789,44.1811],[-68.56587,44.18126]]]},"properties":{}},{"type":"Feature","geometry":{"type":"Polygon","coordinates":[[[-68.62183,44.19169],[-68.61994,44.19266],[-68.61856,44.19247],[-68.61918,44.19126],[-68.61658,44.18902],[-68.61879,44.18836],[-68.6185,44.18762],[-68.61731,44.18758],[-68.6177,44.18696],[-68.6168,44.18507],[-68.61691,44.18419],[-68.61832,44.18425],[-68.61877,44.18291],[-68.61814,44.18252],[-68.61447,44.18382],[-68.6136,44.1831],[-68.61459,44.18124],[-68.61941,44.18002],[-68.62157,44.18052],[-68.62407,44.17995],[-68.625,44.18058],[-68.625,44.19326],[-68.62305,44.19291],[-68.62288,44.19201],[-68.62183,44.19169]]]},"properties":{}},{"type":"Feature","geometry":{"type":"Polygon","coordinates":[[[-68.60553,44.2169],[-68.59888,44.21505],[-68.5991,44.21325],[-68.59651,44.21219],[-68.59854,44.21129],[-68.59557,44.21032],[-68.58982,44.21193],[-68.5912,44.2135],[-68.5899,44.21411],[-68.5901,44.21495],[-68.58672,44.21569],[-68.58572,44.21482],[-68.58397,44.21496],[-68.58352,44.21338],[-68.58449,44.21274],[-68.58462,44.21025],[-68.58583,44.21008],[-68.58544,44.20912],[-68.58828,44.20915],[-68.58827,44.20726],[-68.58391,44.20708],[-68.57976,44.20533],[-68.57447,44.20458],[-68.57279,44.20297],[-68.57088,44.2027],[-68.57064,44.2021],[-68.57321,44.20248],[-68.5711,44.2009],[-68.57485,44.20165],[-68.57568,44.20025],[-68.5743,44.20011],[-68.57386,44.1991],[-68.56991,44.19945],[-68.56886,44.19848],[-68.57021,44.19791],[-68.56519,44.19655],[-68.56369,44.19311],[-68.56416,44.19197],[-68.56803,44.19254],[-68.57075,44.19167],[-68.57776,44.19339],[-68.57908,44.19299],[-68.58132,44.19415],[-68.5801,44.19254],[-68.57627,44.19233],[-68.57668,44.19179],[-68.57564,44.19058],[-68.57513,44.19128],[-68.57233,44.19085],[-68.57254,44.18954],[-68.56896,44.18996],[-68.56803,44.18891],[-68.5732,44.18826],[-68.57295,44.18728],[-68.57521,44.18742],[-68.57968,44.18511],[-68.58229,44.18598],[-68.57967,44.18682],[-68.57957,44.18776],[-68.57824,44.18846],[-68.57899,44.18917],[-68.58742,44.18697],[-68.58946,44.18779],[-68.58675,44.19015],[-68.59172,44.18927],[-68.59512,44.19142],[-68.59572,44.19105],[-68.59761,44.19227],[-68.59839,44.19157],[-68.6004,44.19256],[-68.59978,44.19378],[-68.59831,44.1941],[-68.59627,44.19342],[-68.59637,44.19437],[-68.59557,44.19476],[-68.58691,44.19552],[-68.58789,44.19648],[-68.58746,44.19779],[-68.58914,44.19807],[-68.58714,44.20178],[-68.58764,44.20248],[-68.59521,44.2049],[-68.59618,44.20582],[-68.59665,44.20702],[-68.59451,44.20794],[-68.59426,44.20978],[-68.59973,44.21161],[-68.61139,44.212],[-68.61553,44.21032],[-68.61733,44.2106],[-68.61921,44.20877],[-68.62351,44.20951],[-68.62421,44.21139],[-68.625,44.2111],[-68.625,44.21557],[-68.61752,44.21528],[-68.61384,44.2136],[-68.6117,44.21435],[-68.60998,44.214],[-68.60917,44.21508],[-68.61083,44.21632],[-68.60965,44.21613],[-68.60921,44.217],[-68.60553,44.2169]]]},"properties":{}},{"type":"Feature","geometry":{"type":"Polygon","coordinates":[[[-68.59331,44.24864],[-68.59056,44.24924],[-68.59121,44.24987],[-68.59495,44.25],[-68.59331,44.24864]]]},"properties":{}},{"type":"Feature","geometry":{"type":"Polygon","coordinates":[[[-68.56622,44.21732],[-68.56369,44.21519],[-68.56128,44.21445],[-68.56015,44.21302],[-68.56547,44.21229],[-68.5675,44.21399],[-68.56972,44.2139],[-68.57175,44.216],[-68.57161,44.2173],[-68.56622,44.21732]]]},"properties":{}},{"type":"Feature","geometry":{"type":"Polygon","coordinates":[[[-68.58554,44.22695],[-68.5792,44.22673],[-68.57587,44.22925],[-68.57947,44.23077],[-68.58045,44.23211],[-68.58269,44.23252],[-68.58761,44.23086],[-68.58912,44.23152],[-68.58906,44.23061],[-68.59114,44.2301],[-68.5897,44.22859],[-68.59046,44.22807],[-68.58554,44.22695]]]},"properties":{}},{"type":"Feature","geometry":{"type":"Polygon","coordinates":[[[-68.55765,44.20663],[-68.55852,44.20685],[-68.55805,44.20729],[-68.55765,44.20663]]]},"properties":{}},{"type":"Feature","geometry":{"type":"Polygon","coordinates":[[[-68.55,44.19691],[-68.55268,44.19643],[-68.5534,44.1974],[-68.55269,44.19801],[-68.55039,44.19774],[-68.55,44.19691]]]},"properties":{}},{"type":"Feature","geometry":{"type":"Polygon","coordinates":[[[-68.61817,44.20717],[-68.62042,44.20768],[-68.61962,44.20699],[-68.61817,44.20717]]]},"properties":{}},{"type":"Feature","geometry":{"type":"Polygon","coordinates":[[[-68.56351,44.1837],[-68.56269,44.18317],[-68.56279,44.18138],[-68.56662,44.18214],[-68.56628,44.18314],[-68.56449,44.18289],[-68.56351,44.1837]]]},"properties":{}},{"type":"Feature","geometry":{"type":"Polygon","coordinates":[[[-68.59101,44.22105],[-68.5918,44.22079],[-68.59296,44.22166],[-68.59146,44.22188],[-68.59101,44.22105]]]},"properties":{}},{"type":"Feature","geometry":{"type":"Polygon","coordinates":[[[-68.58275,44.22004],[-68.58864,44.22156],[-68.58917,44.21952],[-68.58711,44.21879],[-68.58558,44.21948],[-68.58398,44.21841],[-68.58247,44.21907],[-68.58275,44.22004]]]},"properties":{}},{"type":"Feature","geometry":{"type":"Polygon","coordinates":[[[-68.625,44.2289],[-68.62226,44.22889],[-68.6215,44.22982],[-68.62302,44.23132],[-68.625,44.23134],[-68.625,44.2289]]]},"properties":{}},{"type":"Feature","geometry":{"type":"Polygon","coordinates":[[[-68.56558,44.20541],[-68.56586,44.2061],[-68.56649,44.20612],[-68.56638,44.20568],[-68.56558,44.20541]]]},"properties":{}},{"type":"Feature","geometry":{"type":"Polygon","coordinates":[[[-68.57411,44.18402],[-68.57203,44.18376],[-68.57106,44.1825],[-68.57193,44.182],[-68.57342,44.18269],[-68.57411,44.18402]]]},"properties":{}},{"type":"Feature","geometry":{"type":"Polygon","coordinates":[[[-68.53896,44.22129],[-68.53967,44.22194],[-68.53832,44.22169],[-68.53896,44.22129]]]},"properties":{}},{"type":"Feature","geometry":{"type":"Polygon","coordinates":[[[-68.475,44.17511],[-68.475,44.17613],[-68.47545,44.17556],[-68.475,44.17511]]]},"properties":{}},{"type":"Feature","geometry":{"type":"Polygon","coordinates":[[[-68.5298,44.22333],[-68.52851,44.22506],[-68.52998,44.22589],[-68.53465,44.22624],[-68.53917,44.22519],[-68.53859,44.22412],[-68.53756,44.22453],[-68.5298,44.22333]]]},"properties":{}},{"type":"Feature","geometry":{"type":"Polygon","coordinates":[[[-68.51396,44.2178],[-68.51167,44.21836],[-68.51031,44.21656],[-68.51153,44.21616],[-68.51396,44.2178]]]},"properties":{}},{"type":"Feature","geometry":{"type":"Polygon","coordinates":[[[-68.49851,44.24861],[-68.49863,44.24935],[-68.49783,44.24933],[-68.49775,44.24871],[-68.49851,44.24861]]]},"properties":{}},{"type":"Feature","geometry":{"type":"Polygon","coordinates":[[[-68.52239,44.2214],[-68.52142,44.22138],[-68.52086,44.22082],[-68.5215,44.22084],[-68.52239,44.2214]]]},"properties":{}},{"type":"Feature","geometry":{"type":"Polygon","coordinates":[[[-68.475,44.17791],[-68.475,44.18245],[-68.47745,44.18016],[-68.47903,44.18014],[-68.4784,44.1781],[-68.475,44.17791]]]},"properties":{}},{"type":"Feature","geometry":{"type":"Polygon","coordinates":[[[-68.48535,44.20158],[-68.48498,44.20088],[-68.48676,44.19978],[-68.4899,44.19944],[-68.49068,44.20035],[-68.48979,44.20226],[-68.48535,44.20158]]]},"properties":{}},{"type":"Feature","geometry":{"type":"Polygon","coordinates":[[[-68.47787,44.21394],[-68.47503,44.21138],[-68.475,44.20968],[-68.47641,44.2097],[-68.475,44.20907],[-68.475,44.20262],[-68.48381,44.20262],[-68.48459,44.20331],[-68.48494,44.20642],[-68.48428,44.20793],[-68.4821,44.20915],[-68.48404,44.21056],[-68.48542,44.20961],[-68.4877,44.20986],[-68.48765,44.21056],[-68.48606,44.21021],[-68.48516,44.21113],[-68.4863,44.21326],[-68.48591,44.21389],[-68.48414,44.21315],[-68.47976,44.21422],[-68.47787,44.21394]]]},"properties":{}},{"type":"Feature","geometry":{"type":"Polygon","coordinates":[[[-68.54922,44.22845],[-68.54747,44.22832],[-68.54423,44.22635],[-68.54399,44.22554],[-68.54598,44.22492],[-68.54612,44.224],[-68.54304,44.22231],[-68.54252,44.22117],[-68.54505,44.22044],[-68.54835,44.22149],[-68.5484,44.22328],[-68.54707,44.2245],[-68.55,44.22512],[-68.55,44.22775],[-68.54922,44.22845]]]},"properties":{}},{"type":"Feature","geometry":{"type":"Polygon","coordinates":[[[-68.52972,44.24718],[-68.52703,44.23968],[-68.5233,44.23631],[-68.52337,44.2333],[-68.52244,44.23232],[-68.52421,44.23053],[-68.52287,44.22873],[-68.52477,44.22799],[-68.53216,44.22938],[-68.53512,44.22868],[-68.53583,44.23111],[-68.55,44.2356],[-68.55,44.24119],[-68.5485,44.24208],[-68.54771,44.24368],[-68.546,44.24346],[-68.55,44.24526],[-68.54914,44.24613],[-68.55,44.24662],[-68.55,44.25],[-68.52946,44.24981],[-68.52895,44.24922],[-68.52972,44.24718]]]},"properties":{}},{"type":"Feature","geometry":{"type":"Polygon","coordinates":[[[-68.475,44.2192],[-68.475,44.22911],[-68.48145,44.22827],[-68.48281,44.22709],[-68.48304,44.22482],[-68.48198,44.2213],[-68.48061,44.22012],[-68.475,44.2192]]]},"properties":{}},{"type":"Feature","geometry":{"type":"Polygon","coordinates":[[[-68.47116,44.22324],[-68.46853,44.22373],[-68.4689,44.22678],[-68.47079,44.22886],[-68.475,44.22911],[-68.475,44.2192],[-68.47218,44.22009],[-68.47116,44.22324]]]},"properties":{}},{"type":"Feature","geometry":{"type":"Polygon","coordinates":[[[-68.46995,44.18007],[-68.47032,44.17891],[-68.47101,44.17878],[-68.47081,44.1796],[-68.46995,44.18007]]]},"properties":{}},{"type":"Feature","geometry":{"type":"Polygon","coordinates":[[[-68.46378,44.18747],[-68.46012,44.18532],[-68.45871,44.18706],[-68.45879,44.18852],[-68.45952,44.18912],[-68.46095,44.18845],[-68.46123,44.18972],[-68.46378,44.18747]]]},"properties":{}},{"type":"Feature","geometry":{"type":"Polygon","coordinates":[[[-68.43751,44.18831],[-68.43795,44.18751],[-68.43837,44.18824],[-68.43751,44.18831]]]},"properties":{}},{"type":"Feature","geometry":{"type":"Polygon","coordinates":[[[-68.42035,44.18798],[-68.41804,44.18717],[-68.41346,44.18747],[-68.41228,44.18245],[-68.41032,44.18092],[-68.40868,44.17717],[-68.40643,44.175],[-68.42233,44.175],[-68.4207,44.1759],[-68.42096,44.17684],[-68.41992,44.17863],[-68.42177,44.1796],[-68.4222,44.18148],[-68.42438,44.18293],[-68.42252,44.18481],[-68.42337,44.18571],[-68.42287,44.18677],[-68.42539,44.18781],[-68.42519,44.19069],[-68.42252,44.1903],[-68.42035,44.18798]]]},"properties":{}},{"type":"Feature","geometry":{"type":"Polygon","coordinates":[[[-68.44222,44.24101],[-68.44155,44.24147],[-68.44171,44.24269],[-68.44334,44.24362],[-68.44222,44.24101]]]},"properties":{}},{"type":"Feature","geometry":{"type":"Polygon","coordinates":[[[-68.44088,44.23534],[-68.43905,44.23498],[-68.43898,44.23403],[-68.44269,44.2333],[-68.44088,44.23534]]]},"properties":{}},{"type":"Feature","geometry":{"type":"Polygon","coordinates":[[[-68.475,44.17791],[-68.47475,44.18055],[-68.47392,44.1816],[-68.47487,44.18249],[-68.475,44.17791]]]},"properties":{}},{"type":"Feature","geometry":{"type":"Polygon","coordinates":[[[-68.45157,44.19136],[-68.45068,44.18854],[-68.45164,44.1883],[-68.45326,44.18937],[-68.45301,44.1908],[-68.45157,44.19136]]]},"properties":{}},{"type":"Feature","geometry":{"type":"Polygon","coordinates":[[[-68.4658,44.21027],[-68.46639,44.21323],[-68.46754,44.21517],[-68.46974,44.21487],[-68.46898,44.21267],[-68.4658,44.21027]]]},"properties":{}},{"type":"Feature","geometry":{"type":"Polygon","coordinates":[[[-68.45951,44.21062],[-68.4582,44.21095],[-68.45954,44.21275],[-68.4601,44.21217],[-68.45951,44.21062]]]},"properties":{}},{"type":"Feature","geometry":{"type":"Polygon","coordinates":[[[-68.47488,44.175],[-68.47391,44.175],[-68.47436,44.17674],[-68.475,44.17613],[-68.47488,44.175]]]},"properties":{}},{"type":"Feature","geometry":{"type":"Polygon","coordinates":[[[-68.475,44.20262],[-68.47436,44.2026],[-68.47484,44.20479],[-68.475,44.20262]]]},"properties":{}},{"type":"Feature","geometry":{"type":"Polygon","coordinates":[[[-68.4486,44.18471],[-68.4498,44.18491],[-68.45075,44.18399],[-68.44844,44.18332],[-68.4486,44.18471]]]},"properties":{}},{"type":"Feature","geometry":{"type":"Polygon","coordinates":[[[-68.45913,44.18339],[-68.46069,44.18356],[-68.46115,44.18287],[-68.45944,44.18265],[-68.45913,44.18339]]]},"properties":{}},{"type":"Feature","geometry":{"type":"Polygon","coordinates":[[[-68.46187,44.18044],[-68.45624,44.18293],[-68.45412,44.18184],[-68.45494,44.18143],[-68.45383,44.18068],[-68.45029,44.1797],[-68.44933,44.17827],[-68.44801,44.17845],[-68.44729,44.1777],[-68.44809,44.17635],[-68.4472,44.176],[-68.44829,44.175],[-68.46794,44.175],[-68.46877,44.17593],[-68.46792,44.17681],[-68.47046,44.17702],[-68.46871,44.18162],[-68.46666,44.18274],[-68.46712,44.18326],[-68.46636,44.18399],[-68.46255,44.18428],[-68.46241,44.18344],[-68.46533,44.1823],[-68.4638,44.18207],[-68.46396,44.18078],[-68.46197,44.18174],[-68.46187,44.18044]]]},"properties":{}},{"type":"Feature","geometry":{"type":"Polygon","coordinates":[[[-68.47222,44.20842],[-68.47246,44.20596],[-68.475,44.20508],[-68.475,44.20907],[-68.47306,44.20805],[-68.47222,44.20842]]]},"properties":{}},{"type":"Feature","geometry":{"type":"Polygon","coordinates":[[[-68.46114,44.19088],[-68.46185,44.1909],[-68.4621,44.19065],[-68.46152,44.1901],[-68.46114,44.19088]]]},"properties":{}},{"type":"Feature","geometry":{"type":"Polygon","coordinates":[[[-68.46149,44.20624],[-68.45745,44.20418],[-68.45666,44.20271],[-68.45392,44.202],[-68.45389,44.19965],[-68.45809,44.19781],[-68.46565,44.1987],[-68.46828,44.19989],[-68.46902,44.20163],[-68.46556,44.2033],[-68.4647,44.20673],[-68.46149,44.20624]]]},"properties":{}},{"type":"Feature","geometry":{"type":"Polygon","coordinates":[[[-68.32638,44.23004],[-68.325,44.23095],[-68.325,44.25],[-68.3477,44.24975],[-68.3466,44.24864],[-68.34719,44.24568],[-68.34585,44.24433],[-68.34775,44.24333],[-68.34418,44.24037],[-68.34623,44.2392],[-68.34655,44.24005],[-68.34748,44.23968],[-68.34653,44.23862],[-68.34847,44.23783],[-68.34772,44.23776],[-68.34753,44.23657],[-68.34836,44.23403],[-68.34402,44.23044],[-68.34339,44.22836],[-68.33943,44.22259],[-68.33439,44.22171],[-68.33031,44.22489],[-68.325,44.22493],[-68.325,44.22762],[-68.32653,44.22749],[-68.32546,44.22835],[-68.32638,44.23004]]]},"properties":{}},{"type":"Feature","geometry":{"type":"Polygon","coordinates":[[[-68.33506,44.19664],[-68.33161,44.19264],[-68.33495,44.19161],[-68.33672,44.19016],[-68.34087,44.19028],[-68.34362,44.19145],[-68.34284,44.19344],[-68.34042,44.19585],[-68.33745,44.19735],[-68.33506,44.19664]]]},"properties":{}},{"type":"Feature","geometry":{"type":"Polygon","coordinates":[[[-68.32617,44.19483],[-68.32811,44.19431],[-68.3286,44.1953],[-68.32739,44.19525],[-68.32617,44.19483]]]},"properties":{}},{"type":"Feature","geometry":{"type":"Polygon","coordinates":[[[-68.35477,44.19916],[-68.35038,44.19521],[-68.35582,44.19185],[-68.35879,44.18765],[-68.36312,44.18603],[-68.36267,44.18497],[-68.36356,44.18409],[-68.37055,44.18073],[-68.37517,44.18172],[-68.37863,44.18408],[-68.37688,44.1853],[-68.37578,44.18744],[-68.37374,44.18827],[-68.37181,44.19278],[-68.37025,44.19322],[-68.36918,44.19479],[-68.36671,44.19537],[-68.3652,44.19746],[-68.36074,44.19806],[-68.35942,44.19937],[-68.35477,44.19916]]]},"properties":{}},{"type":"Feature","geometry":{"type":"Polygon","coordinates":[[[-68.33379,44.20758],[-68.325,44.20654],[-68.325,44.19659],[-68.32642,44.19524],[-68.32886,44.19586],[-68.32841,44.19687],[-68.32965,44.19757],[-68.332,44.19835],[-68.33371,44.19779],[-68.33407,44.19918],[-68.33265,44.20026],[-68.33414,44.20191],[-68.3355,44.19969],[-68.33386,44.19962],[-68.33655,44.19843],[-68.33454,44.20205],[-68.33639,44.20362],[-68.3366,44.20631],[-68.33379,44.20758]]]},"properties":{}},{"type":"Feature","geometry":{"type":"Polygon","coordinates":[[[-68.34536,44.18533],[-68.34295,44.18359],[-68.34022,44.18392],[-68.34035,44.18468],[-68.33823,44.18421],[-68.33892,44.18369],[-68.33666,44.18224],[-68.33539,44.17788],[-68.33687,44.17508],[-68.35107,44.175],[-68.35104,44.1757],[-68.35203,44.17599],[-68.35407,44.175],[-68.35289,44.17905],[-68.3543,44.18003],[-68.35179,44.18187],[-68.35023,44.18541],[-68.3487,44.18621],[-68.34711,44.18526],[-68.34536,44.18533]]]},"properties":{}},{"type":"Feature","geometry":{"type":"Polygon","coordinates":[[[-68.35005,44.24603],[-68.35128,44.24621],[-68.35079,44.24545],[-68.35005,44.24603]]]},"properties":{}},{"type":"Feature","geometry":{"type":"Polygon","coordinates":[[[-68.38725,44.24527],[-68.38282,44.25],[-68.39401,44.25],[-68.38999,44.24739],[-68.38958,44.24517],[-68.38725,44.24527]]]},"properties":{}},{"type":"Feature","geometry":{"type":"Polygon","coordinates":[[[-68.35889,44.24924],[-68.35744,44.24983],[-68.35736,44.24866],[-68.35545,44.24894],[-68.3552,44.24768],[-68.35265,44.24637],[-68.35367,44.24418],[-68.35575,44.24475],[-68.35163,44.24063],[-68.3525,44.24031],[-68.35197,44.23946],[-68.35277,44.2386],[-68.35167,44.23784],[-68.35424,44.23637],[-68.3574,44.23598],[-68.35828,44.23654],[-68.35975,44.23587],[-68.36041,44.23246],[-68.36184,44.23032],[-68.36138,44.2276],[-68.36495,44.22682],[-68.36775,44.2304],[-68.36874,44.23377],[-68.3676,44.23424],[-68.36709,44.23577],[-68.36379,44.23519],[-68.36231,44.23638],[-68.36273,44.23849],[-68.36449,44.23889],[-68.36527,44.23807],[-68.36777,44.24014],[-68.3678,44.24074],[-68.36571,44.2413],[-68.36477,44.24395],[-68.36597,44.24485],[-68.36723,44.24424],[-68.36689,44.2456],[-68.36771,44.24553],[-68.3663,44.24162],[-68.36818,44.24226],[-68.36907,44.24166],[-68.37102,44.24446],[-68.3734,44.24454],[-68.37735,44.24712],[-68.37904,44.24987],[-68.35897,44.25],[-68.35906,44.24939],[-68.35889,44.24924]]]},"properties":{}},{"type":"Feature","geometry":{"type":"Polygon","coordinates":[[[-68.35202,44.25],[-68.35009,44.24803],[-68.35309,44.24817],[-68.35499,44.24963],[-68.357,44.25],[-68.35202,44.25]]]},"properties":{}},{"type":"Feature","geometry":{"type":"Polygon","coordinates":[[[-68.30865,44.22905],[-68.30877,44.2301],[-68.30994,44.22992],[-68.30895,44.2297],[-68.30865,44.22905]]]},"properties":{}},{"type":"Feature","geometry":{"type":"Polygon","coordinates":[[[-68.31696,44.19661],[-68.31461,44.19755],[-68.31552,44.19997],[-68.32064,44.20075],[-68.32247,44.20448],[-68.325,44.20654],[-68.325,44.19659],[-68.32076,44.19934],[-68.31971,44.19893],[-68.31926,44.19705],[-68.31696,44.19661]]]},"properties":{}},{"type":"Feature","geometry":{"type":"Polygon","coordinates":[[[-68.3231,44.22783],[-68.32139,44.22479],[-68.325,44.22493],[-68.325,44.22762],[-68.3231,44.22783]]]},"properties":{}},{"type":"Feature","geometry":{"type":"Polygon","coordinates":[[[-68.29468,44.2452],[-68.29076,44.24687],[-68.29144,44.24845],[-68.291,44.25],[-68.325,44.25],[-68.325,44.23095],[-68.32372,44.23035],[-68.32352,44.22935],[-68.3214,44.2289],[-68.32249,44.22807],[-68.32051,44.22615],[-68.318,44.22507],[-68.31589,44.22692],[-68.31567,44.228],[-68.3165,44.22893],[-68.31576,44.22953],[-68.31069,44.22799],[-68.31063,44.22899],[-68.3121,44.22934],[-68.31156,44.22969],[-68.31218,44.23145],[-68.31027,44.23073],[-68.30916,44.23195],[-68.30833,44.23175],[-68.30863,44.23503],[-68.30787,44.23672],[-68.30616,44.23758],[-68.30129,44.23654],[-68.30176,44.23733],[-68.30081,44.23979],[-68.29868,44.24211],[-68.29931,44.24297],[-68.29518,44.24427],[-68.29468,44.2452]]]},"properties":{}},{"type":"Feature","geometry":{"type":"Polygon","coordinates":[[[-68.25,44.24627],[-68.25023,44.24929],[-68.25112,44.24777],[-68.25,44.24627]]]},"properties":{}},{"type":"Feature","geometry":{"type":"Polygon","coordinates":[[[-68.25914,44.2482],[-68.26028,44.25],[-68.27532,44.25],[-68.27427,44.24884],[-68.27439,44.2477],[-68.27679,44.24721],[-68.27493,44.24303],[-68.27735,44.24088],[-68.27518,44.23917],[-68.27553,44.23758],[-68.27286,44.23658],[-68.27243,44.23525],[-68.26951,44.23537],[-68.26673,44.23393],[-68.26037,44.23746],[-68.25839,44.23734],[-68.2548,44.23549],[-68.25,44.23555],[-68.25,44.24087],[-68.25338,44.24162],[-68.25582,44.24378],[-68.25787,44.24336],[-68.25697,44.2459],[-68.25757,44.24709],[-68.26095,44.24686],[-68.26158,44.24714],[-68.25914,44.2482]]]},"properties":{}},{"type":"Feature","geometry":{"type":"Polygon","coordinates":[[[-68.24765,44.24782],[-68.24447,44.24592],[-68.24116,44.24774],[-68.24085,44.24729],[-68.24427,44.2449],[-68.24534,44.24265],[-68.24461,44.24151],[-68.23987,44.24027],[-68.24422,44.24009],[-68.24622,44.23732],[-68.24988,44.2355],[-68.25,44.24087],[-68.2475,44.24085],[-68.24564,44.24227],[-68.2457,44.24372],[-68.24866,44.24447],[-68.24999,44.24625],[-68.25,44.24928],[-68.24904,44.24881],[-68.24943,44.24865],[-68.24939,44.24817],[-68.2488,44.24871],[-68.24914,44.24979],[-68.24877,44.25],[-68.24765,44.24782]]]},"properties":{}},{"type":"Feature","geometry":{"type":"Polygon","coordinates":[[[-68.24921,44.175],[-68.24013,44.175],[-68.24267,44.17683],[-68.2484,44.1764],[-68.24921,44.175]]]},"properties":{}},{"type":"Feature","geometry":{"type":"Polygon","coordinates":[[[-68.20078,44.24509],[-68.19843,44.24646],[-68.19637,44.24634],[-68.19417,44.24381],[-68.19406,44.2416],[-68.1926,44.23936],[-68.19884,44.23679],[-68.20201,44.23796],[-68.20362,44.23963],[-68.20353,44.24148],[-68.20429,44.24197],[-68.20448,44.24139],[-68.20507,44.24247],[-68.20411,44.24266],[-68.20385,44.24442],[-68.20288,44.24521],[-68.20078,44.24509]]]},"properties":{}},{"type":"Feature","geometry":{"type":"Polygon","coordinates":[[[-68.24001,44.24551],[-68.23784,44.24429],[-68.23756,44.24325],[-68.23928,44.24389],[-68.24001,44.24551]]]},"properties":{}},{"type":"Feature","geometry":{"type":"Polygon","coordinates":[[[-68.32873,44.29066],[-68.32821,44.29173],[-68.32774,44.29067],[-68.32616,44.29063],[-68.325,44.28852],[-68.325,44.325],[-68.4,44.325],[-68.4,44.28573],[-68.39898,44.28424],[-68.4,44.28408],[-68.4,44.25347],[-68.39778,44.2567],[-68.39801,44.25858],[-68.39686,44.26007],[-68.39787,44.26249],[-68.39389,44.25991],[-68.39213,44.26162],[-68.39234,44.26016],[-68.38832,44.25696],[-68.38989,44.25602],[-68.38948,44.25497],[-68.39233,44.25268],[-68.3943,44.25224],[-68.39401,44.25],[-68.38282,44.25],[-68.38098,44.255],[-68.3796,44.25579],[-68.37653,44.25522],[-68.3779,44.25394],[-68.37741,44.25312],[-68.37894,44.25],[-68.35202,44.25],[-68.35076,44.25125],[-68.35139,44.25345],[-68.35021,44.2526],[-68.34892,44.25283],[-68.3495,44.25201],[-68.34738,44.25],[-68.325,44.25],[-68.325,44.27049],[-68.32587,44.27196],[-68.325,44.27314],[-68.325,44.28618],[-68.32564,44.285],[-68.32643,44.28544],[-68.32679,44.28854],[-68.32873,44.29066]]]},"properties":{}},{"type":"Feature","geometry":{"type":"Polygon","coordinates":[[[-68.2704,44.28415],[-68.27052,44.28335],[-68.26937,44.28239],[-68.26725,44.28311],[-68.26622,44.28456],[-68.26816,44.28525],[-68.2704,44.28415]]]},"properties":{}},{"type":"Feature","geometry":{"type":"Polygon","coordinates":[[[-68.29574,44.27787],[-68.29318,44.27601],[-68.29123,44.27607],[-68.29264,44.27779],[-68.30071,44.2827],[-68.30417,44.2833],[-68.30463,44.28101],[-68.30336,44.27934],[-68.30387,44.27736],[-68.30031,44.27615],[-68.29574,44.27787]]]},"properties":{}},{"type":"Feature","geometry":{"type":"Polygon","coordinates":[[[-68.25475,44.29314],[-68.25,44.29134],[-68.25,44.325],[-68.30534,44.325],[-68.30638,44.31765],[-68.30539,44.31522],[-68.30574,44.31398],[-68.30427,44.31233],[-68.30567,44.31066],[-68.30339,44.31027],[-68.30356,44.30553],[-68.30124,44.30148],[-68.30466,44.29956],[-68.30452,44.2945],[-68.30274,44.29358],[-68.30241,44.29457],[-68.30032,44.29474],[-68.29803,44.29117],[-68.29856,44.29092],[-68.29753,44.29091],[-68.29673,44.28848],[-68.29563,44.28767],[-68.29316,44.28735],[-68.29432,44.28828],[-68.29403,44.29021],[-68.29155,44.28886],[-68.29075,44.28651],[-68.28435,44.28693],[-68.28327,44.28507],[-68.28216,44.28631],[-68.28028,44.28664],[-68.27992,44.28888],[-68.28161,44.29011],[-68.28068,44.29088],[-68.28133,44.29125],[-68.28139,44.29361],[-68.28206,44.2945],[-68.28411,44.29458],[-68.28623,44.29588],[-68.28377,44.29881],[-68.28381,44.30238],[-68.28177,44.30217],[-68.28163,44.30096],[-68.27973,44.29953],[-68.27792,44.29657],[-68.27876,44.29581],[-68.27748,44.29425],[-68.27803,44.29169],[-68.27648,44.29049],[-68.27402,44.29124],[-68.26895,44.28958],[-68.26795,44.28829],[-68.26534,44.2898],[-68.26631,44.28994],[-68.2668,44.29079],[-68.26497,44.28967],[-68.2657,44.28888],[-68.26409,44.28922],[-68.26348,44.2884],[-68.26001,44.28787],[-68.25878,44.28995],[-68.25619,44.29062],[-68.25568,44.29266],[-68.25475,44.29314]]]},"properties":{}},{"type":"Feature","geometry":{"type":"Polygon","coordinates":[[[-68.25,44.25157],[-68.25083,44.25212],[-68.25469,44.2515],[-68.25259,44.25118],[-68.25305,44.25],[-68.25,44.25],[-68.25,44.25157]]]},"properties":{}},{"type":"Feature","geometry":{"type":"Polygon","coordinates":[[[-68.26092,44.26022],[-68.25859,44.25978],[-68.25772,44.25793],[-68.25598,44.25681],[-68.25428,44.25663],[-68.25209,44.25781],[-68.25086,44.25702],[-68.25636,44.25552],[-68.25784,44.25602],[-68.25622,44.25668],[-68.25809,44.257],[-68.25951,44.25235],[-68.26093,44.25201],[-68.26127,44.25104],[-68.26028,44.25],[-68.27607,44.25051],[-68.27508,44.25099],[-68.27546,44.25201],[-68.27357,44.25161],[-68.27223,44.25288],[-68.27285,44.25483],[-68.27522,44.25668],[-68.27448,44.25935],[-68.27206,44.25941],[-68.27049,44.25831],[-68.26998,44.25885],[-68.26972,44.25891],[-68.27043,44.25829],[-68.26949,44.25856],[-68.26978,44.25797],[-68.26822,44.25767],[-68.26596,44.25832],[-68.26533,44.25941],[-68.26092,44.26022]]]},"properties":{}},{"type":"Feature","geometry":{"type":"Polygon","coordinates":[[[-68.325,44.27049],[-68.31531,44.2709],[-68.31152,44.26925],[-68.31108,44.26998],[-68.30855,44.26856],[-68.30808,44.26945],[-68.30754,44.26826],[-68.30756,44.26933],[-68.30695,44.2689],[-68.30714,44.2691],[-68.30737,44.26961],[-68.30491,44.26872],[-68.30335,44.26932],[-68.30096,44.26733],[-68.29959,44.26746],[-68.29798,44.26328],[-68.29581,44.26204],[-68.29412,44.25801],[-68.29449,44.25663],[-68.29347,44.25356],[-68.29095,44.25089],[-68.291,44.25],[-68.325,44.25],[-68.325,44.27049]]]},"properties":{}},{"type":"Feature","geometry":{"type":"Polygon","coordinates":[[[-68.31842,44.28683],[-68.32365,44.28699],[-68.325,44.28618],[-68.325,44.27314],[-68.32408,44.27454],[-68.32263,44.27472],[-68.32389,44.27543],[-68.32309,44.27683],[-68.32397,44.27837],[-68.32353,44.27935],[-68.32201,44.27807],[-68.31912,44.27858],[-68.31872,44.27752],[-68.31641,44.27687],[-68.31676,44.2764],[-68.31647,44.2761],[-68.31579,44.2768],[-68.31374,44.27682],[-68.3149,44.27581],[-68.31284,44.27562],[-68.31375,44.27494],[-68.31229,44.27483],[-68.31019,44.27631],[-68.31086,44.27686],[-68.31039,44.27767],[-68.31306,44.2794],[-68.31308,44.28038],[-68.31414,44.28106],[-68.31455,44.28331],[-68.31622,44.28397],[-68.31842,44.28683]]]},"properties":{}},{"type":"Feature","geometry":{"type":"Polygon","coordinates":[[[-68.31386,44.30782],[-68.31213,44.30649],[-68.31126,44.3028],[-68.31008,44.30137],[-68.31097,44.30045],[-68.30948,44.29811],[-68.3117,44.29651],[-68.3171,44.29917],[-68.31768,44.29699],[-68.31431,44.29629],[-68.3133,44.29308],[-68.31622,44.29545],[-68.31709,44.29461],[-68.31809,44.29526],[-68.31937,44.29224],[-68.31941,44.28999],[-68.32115,44.28816],[-68.32088,44.28732],[-68.32488,44.28829],[-68.325,44.325],[-68.31283,44.325],[-68.31195,44.32157],[-68.31599,44.31844],[-68.31633,44.31315],[-68.31919,44.31043],[-68.31721,44.3075],[-68.31386,44.30782]]]},"properties":{}},{"type":"Feature","geometry":{"type":"Polygon","coordinates":[[[-68.25,44.28972],[-68.25,44.29064],[-68.25067,44.29],[-68.25,44.28972]]]},"properties":{}},{"type":"Feature","geometry":{"type":"Polygon","coordinates":[[[-68.25,44.27057],[-68.25,44.2763],[-68.25443,44.27645],[-68.25743,44.27562],[-68.26245,44.27644],[-68.2666,44.27485],[-68.26709,44.27536],[-68.26973,44.27572],[-68.26958,44.2739],[-68.2706,44.27289],[-68.26543,44.27222],[-68.26358,44.27046],[-68.26103,44.27102],[-68.25504,44.26991],[-68.25,44.27057]]]},"properties":{}},{"type":"Feature","geometry":{"type":"Polygon","coordinates":[[[-68.24199,44.28891],[-68.24169,44.2896],[-68.24122,44.28952],[-68.24134,44.28869],[-68.24199,44.28891]]]},"properties":{}},{"type":"Feature","geometry":{"type":"Polygon","coordinates":[[[-68.17936,44.32245],[-68.18011,44.32214],[-68.17985,44.32289],[-68.17936,44.32245]]]},"properties":{}},{"type":"Feature","geometry":{"type":"Polygon","coordinates":[[[-68.18818,44.32171],[-68.18577,44.325],[-68.25,44.325],[-68.25,44.28972],[-68.24885,44.28841],[-68.24494,44.28957],[-68.24364,44.28806],[-68.24334,44.28881],[-68.24537,44.292],[-68.24346,44.29541],[-68.23954,44.29597],[-68.23506,44.28824],[-68.23106,44.2883],[-68.22732,44.29079],[-68.22626,44.29026],[-68.22566,44.29101],[-68.22455,44.29081],[-68.22488,44.29159],[-68.22332,44.29254],[-68.22282,44.29409],[-68.22075,44.29513],[-68.21845,44.29927],[-68.21755,44.29929],[-68.21465,44.29635],[-68.21182,44.29722],[-68.21168,44.29824],[-68.21037,44.29739],[-68.20742,44.29847],[-68.20735,44.29975],[-68.20239,44.30196],[-68.20253,44.30383],[-68.19979,44.30812],[-68.19969,44.31396],[-68.20115,44.31885],[-68.20297,44.32142],[-68.20189,44.32273],[-68.19849,44.31872],[-68.19974,44.3172],[-68.19829,44.31695],[-68.19806,44.31555],[-68.19673,44.31498],[-68.19573,44.31173],[-68.19391,44.31025],[-68.19345,44.30802],[-68.19398,44.30708],[-68.19008,44.30674],[-68.18859,44.30802],[-68.18856,44.31087],[-68.19065,44.31356],[-68.19026,44.31695],[-68.19101,44.31773],[-68.18971,44.31806],[-68.18866,44.3195],[-68.18917,44.31974],[-68.18769,44.3209],[-68.18818,44.32171]]]},"properties":{}},{"type":"Feature","geometry":{"type":"Polygon","coordinates":[[[-68.25,44.25],[-68.24836,44.25092],[-68.25,44.25165],[-68.25,44.25]]]},"properties":{}},{"type":"Feature","geometry":{"type":"Polygon","coordinates":[[[-68.24579,44.27384],[-68.24765,44.27132],[-68.25,44.27057],[-68.25,44.2763],[-68.24849,44.27633],[-68.24709,44.27535],[-68.2467,44.27389],[-68.24579,44.27384]]]},"properties":{}},{"type":"Feature","geometry":{"type":"Polygon","coordinates":[[[-68.20791,44.25142],[-68.21067,44.25136],[-68.20921,44.25013],[-68.20791,44.25142]]]},"properties":{}},{"type":"Feature","geometry":{"type":"Polygon","coordinates":[[[-68.24082,44.25338],[-68.23815,44.25847],[-68.23904,44.25915],[-68.23881,44.26056],[-68.23958,44.26018],[-68.23886,44.26073],[-68.2396,44.26047],[-68.23914,44.26096],[-68.23992,44.26078],[-68.24118,44.26214],[-68.23999,44.26473],[-68.23519,44.26649],[-68.23003,44.26718],[-68.22998,44.26517],[-68.22848,44.26372],[-68.2226,44.26449],[-68.22092,44.26311],[-68.21935,44.26318],[-68.21927,44.2616],[-68.21855,44.26145],[-68.21643,44.26329],[-68.21485,44.26312],[-68.21448,44.26121],[-68.21221,44.25867],[-68.21132,44.25628],[-68.21343,44.25519],[-68.21549,44.25708],[-68.22002,44.25752],[-68.22838,44.25574],[-68.23069,44.25608],[-68.24029,44.25159],[-68.24102,44.25207],[-68.24082,44.25338]]]},"properties":{}},{"type":"Feature","geometry":{"type":"Polygon","coordinates":[[[-68.56509,44.39894],[-68.56335,44.39976],[-68.56375,44.4],[-68.625,44.4],[-68.625,44.325],[-68.56372,44.32518],[-68.56382,44.32684],[-68.56495,44.32695],[-68.56515,44.32843],[-68.56311,44.33087],[-68.56329,44.33388],[-68.56059,44.33548],[-68.55865,44.33852],[-68.55432,44.3412],[-68.55495,44.34337],[-68.55364,44.34498],[-68.55424,44.34659],[-68.55,44.34982],[-68.55,44.3702],[-68.55113,44.3721],[-68.5585,44.3738],[-68.56113,44.3724],[-68.56185,44.36886],[-68.56466,44.36786],[-68.5655,44.36651],[-68.56433,44.36441],[-68.56478,44.36286],[-68.56355,44.36189],[-68.56566,44.36049],[-68.56556,44.35834],[-68.56682,44.35662],[-68.56617,44.35488],[-68.56811,44.35327],[-68.57058,44.35291],[-68.57143,44.35125],[-68.57174,44.34872],[-68.57064,44.34712],[-68.57165,44.34625],[-68.57123,44.3451],[-68.57393,44.34441],[-68.57476,44.34252],[-68.57558,44.34341],[-68.57696,44.34281],[-68.57723,44.34],[-68.57963,44.33909],[-68.57979,44.33798],[-68.5818,44.33829],[-68.58125,44.33667],[-68.5822,44.33527],[-68.58375,44.33517],[-68.58368,44.33415],[-68.58503,44.33328],[-68.58434,44.33277],[-68.58673,44.32739],[-68.58779,44.32743],[-68.58669,44.32861],[-68.5866,44.33036],[-68.58873,44.3342],[-68.58792,44.33622],[-68.58386,44.33849],[-68.58424,44.33969],[-68.58315,44.34193],[-68.5834,44.34671],[-68.58187,44.34764],[-68.5817,44.35],[-68.58094,44.35074],[-68.58184,44.35112],[-68.58149,44.35249],[-68.58241,44.35515],[-68.5815,44.35435],[-68.57966,44.3549],[-68.57537,44.35271],[-68.57322,44.35353],[-68.57345,44.35452],[-68.57465,44.35476],[-68.57432,44.35614],[-68.57594,44.35633],[-68.57855,44.35531],[-68.57855,44.35681],[-68.57525,44.35691],[-68.5758,44.35793],[-68.57316,44.35832],[-68.57294,44.35958],[-68.5742,44.36066],[-68.57449,44.36217],[-68.57187,44.3617],[-68.57203,44.36275],[-68.56955,44.36342],[-68.56671,44.36601],[-68.56541,44.37115],[-68.56618,44.37269],[-68.56458,44.37418],[-68.56559,44.37508],[-68.56425,44.37492],[-68.56456,44.37632],[-68.5671,44.3772],[-68.56143,44.37768],[-68.56584,44.37899],[-68.56455,44.37976],[-68.56253,44.37914],[-68.56124,44.38048],[-68.5619,44.38099],[-68.56124,44.3815],[-68.56259,44.38178],[-68.5632,44.38289],[-68.56462,44.38248],[-68.56501,44.38451],[-68.56419,44.38534],[-68.5679,44.38461],[-68.56988,44.38582],[-68.56819,44.38584],[-68.56635,44.38802],[-68.5675,44.38876],[-68.56494,44.39017],[-68.56516,44.39086],[-68.56622,44.3905],[-68.56855,44.39194],[-68.5667,44.39228],[-68.56737,44.39374],[-68.56556,44.39455],[-68.56647,44.39638],[-68.56572,44.39671],[-68.56671,44.39666],[-68.56674,44.39578],[-68.56784,44.39545],[-68.56899,44.39673],[-68.5676,44.39785],[-68.56806,44.39843],[-68.56697,44.39968],[-68.56617,44.39991],[-68.56509,44.39894]]]},"properties":{}},{"type":"Feature","geometry":{"type":"Polygon","coordinates":[[[-68.57287,44.35257],[-68.57265,44.35104],[-68.57884,44.34985],[-68.5779,44.35075],[-68.57422,44.35137],[-68.57449,44.35276],[-68.57287,44.35257]]]},"properties":{}},{"type":"Feature","geometry":{"type":"Polygon","coordinates":[[[-68.56174,44.3768],[-68.55932,44.37596],[-68.55912,44.37484],[-68.55851,44.37488],[-68.56046,44.37389],[-68.56452,44.37352],[-68.56345,44.37574],[-68.56174,44.3768]]]},"properties":{}},{"type":"Feature","geometry":{"type":"Polygon","coordinates":[[[-68.55944,44.37901],[-68.55982,44.37842],[-68.56099,44.37808],[-68.55911,44.37843],[-68.55944,44.37901]]]},"properties":{}},{"type":"Feature","geometry":{"type":"Polygon","coordinates":[[[-68.47873,44.37975],[-68.475,44.37944],[-68.475,44.4],[-68.47728,44.4],[-68.4793,44.39952],[-68.48228,44.39469],[-68.48279,44.3898],[-68.48154,44.38509],[-68.47873,44.37975]]]},"properties":{}},{"type":"Feature","geometry":{"type":"Polygon","coordinates":[[[-68.53264,44.39837],[-68.52925,44.39864],[-68.52792,44.4],[-68.5416,44.4],[-68.53776,44.39863],[-68.53382,44.39925],[-68.53264,44.39837]]]},"properties":{}},{"type":"Feature","geometry":{"type":"Polygon","coordinates":[[[-68.52066,44.4],[-68.51982,44.39954],[-68.51929,44.4],[-68.52066,44.4]]]},"properties":{}},{"type":"Feature","geometry":{"type":"Polygon","coordinates":[[[-68.55,44.34982],[-68.54909,44.35035],[-68.54858,44.35285],[-68.54479,44.35549],[-68.54655,44.35779],[-68.54685,44.36244],[-68.55,44.3702],[-68.55,44.34982]]]},"properties":{}},{"type":"Feature","geometry":{"type":"Polygon","coordinates":[[[-68.49825,44.36757],[-68.49058,44.354],[-68.49028,44.35093],[-68.48671,44.34043],[-68.48881,44.33162],[-68.48533,44.32754],[-68.47985,44.325],[-68.52653,44.325],[-68.53062,44.32962],[-68.53334,44.32984],[-68.53163,44.33075],[-68.53016,44.33366],[-68.53035,44.33503],[-68.52906,44.33607],[-68.52997,44.34049],[-68.52837,44.34271],[-68.52787,44.34687],[-68.52408,44.3538],[-68.52126,44.35649],[-68.52138,44.35777],[-68.51931,44.3592],[-68.52169,44.36073],[-68.52088,44.36616],[-68.5219,44.36928],[-68.5195,44.37812],[-68.51707,44.3811],[-68.51117,44.38496],[-68.5083,44.38554],[-68.5023,44.38246],[-68.49825,44.36757]]]},"properties":{}},{"type":"Feature","geometry":{"type":"Polygon","coordinates":[[[-68.30534,44.325],[-68.25,44.325],[-68.25,44.4],[-68.325,44.4],[-68.325,44.37],[-68.32201,44.36861],[-68.32315,44.36736],[-68.32266,44.36451],[-68.32412,44.3635],[-68.32323,44.36186],[-68.325,44.36203],[-68.32393,44.35978],[-68.3243,44.35862],[-68.32124,44.35712],[-68.3201,44.35772],[-68.31972,44.36042],[-68.31663,44.361],[-68.31528,44.35984],[-68.31208,44.35982],[-68.31191,44.36256],[-68.30956,44.36394],[-68.30902,44.3628],[-68.30996,44.36123],[-68.30644,44.35963],[-68.30501,44.35998],[-68.30718,44.35676],[-68.30722,44.35426],[-68.30396,44.35071],[-68.30505,44.35043],[-68.30559,44.34921],[-68.30474,44.34879],[-68.30488,44.34695],[-68.30386,44.34593],[-68.30432,44.34472],[-68.30262,44.34283],[-68.30335,44.34321],[-68.3037,44.34241],[-68.30636,44.34481],[-68.30751,44.34833],[-68.30911,44.34431],[-68.3081,44.34145],[-68.30443,44.33946],[-68.30433,44.33702],[-68.30526,44.33628],[-68.30585,44.33252],[-68.30534,44.325]]]},"properties":{}},{"type":"Feature","geometry":{"type":"Polygon","coordinates":[[[-68.32367,44.35671],[-68.32336,44.35509],[-68.32197,44.35519],[-68.32198,44.35672],[-68.32367,44.35671]]]},"properties":{}},{"type":"Feature","geometry":{"type":"Polygon","coordinates":[[[-68.325,44.36266],[-68.325,44.36355],[-68.32457,44.36364],[-68.32452,44.3631],[-68.325,44.36266]]]},"properties":{}},{"type":"Feature","geometry":{"type":"Polygon","coordinates":[[[-68.325,44.36369],[-68.325,44.3652],[-68.32486,44.36522],[-68.32456,44.364],[-68.325,44.36369]]]},"properties":{}},{"type":"Feature","geometry":{"type":"Polygon","coordinates":[[[-68.32385,44.34578],[-68.32234,44.3422],[-68.31725,44.33469],[-68.31801,44.33437],[-68.31671,44.33243],[-68.31726,44.32983],[-68.31613,44.32973],[-68.31283,44.325],[-68.325,44.325],[-68.325,44.34611],[-68.32385,44.34578]]]},"properties":{}},{"type":"Feature","geometry":{"type":"Polygon","coordinates":[[[-68.20279,44.39994],[-68.20155,44.39829],[-68.20214,44.3972],[-68.21178,44.39675],[-68.21151,44.39751],[-68.21332,44.39904],[-68.20279,44.39994]]]},"properties":{}},{"type":"Feature","geometry":{"type":"Polygon","coordinates":[[[-68.22588,44.3986],[-68.2238,44.39976],[-68.22383,44.39958],[-68.2255,44.39816],[-68.21977,44.39567],[-68.21541,44.39176],[-68.21525,44.38991],[-68.20687,44.39264],[-68.20644,44.39161],[-68.20578,44.39229],[-68.20573,44.39182],[-68.20639,44.39142],[-68.20628,44.39116],[-68.20426,44.39221],[-68.20358,44.39097],[-68.20263,44.39136],[-68.2013,44.39057],[-68.19946,44.38789],[-68.19677,44.38618],[-68.19549,44.38293],[-68.19668,44.38131],[-68.19935,44.38181],[-68.19843,44.38145],[-68.19794,44.3797],[-68.1964,44.37895],[-68.19471,44.37989],[-68.1924,44.37987],[-68.19466,44.37642],[-68.19302,44.37549],[-68.19192,44.37622],[-68.1916,44.37486],[-68.18768,44.37275],[-68.18448,44.36905],[-68.18414,44.36742],[-68.1858,44.36551],[-68.1821,44.36227],[-68.18368,44.3574],[-68.18213,44.356],[-68.18258,44.35401],[-68.18145,44.35347],[-68.18108,44.3511],[-68.17885,44.34741],[-68.17711,44.34748],[-68.175,44.3454],[-68.175,44.34319],[-68.17664,44.34391],[-68.17687,44.34257],[-68.17803,44.34249],[-68.175,44.33823],[-68.175,44.33535],[-68.17664,44.33237],[-68.17655,44.33134],[-68.175,44.3304],[-68.1751,44.32661],[-68.17881,44.32532],[-68.18027,44.32886],[-68.18239,44.32903],[-68.18394,44.32882],[-68.18435,44.32738],[-68.18601,44.32626],[-68.18577,44.325],[-68.25,44.325],[-68.25,44.4],[-68.22748,44.4],[-68.22637,44.39928],[-68.2253,44.39984],[-68.22588,44.3986]],[[-68.20592,44.39197],[-68.20579,44.39197],[-68.20579,44.39186],[-68.20592,44.39197]]]},"properties":{}},{"type":"Feature","geometry":{"type":"Polygon","coordinates":[[[-68.1767,44.364],[-68.17749,44.36361],[-68.17725,44.36301],[-68.17599,44.36337],[-68.1767,44.364]]]},"properties":{}},{"type":"Feature","geometry":{"type":"Polygon","coordinates":[[[-68.19188,44.39915],[-68.19173,44.4],[-68.19621,44.3999],[-68.19323,44.39877],[-68.19188,44.39915]]]},"properties":{}},{"type":"Feature","geometry":{"type":"Polygon","coordinates":[[[-68.18462,44.38706],[-68.18172,44.38529],[-68.17832,44.38754],[-68.18016,44.38879],[-68.18302,44.38848],[-68.18462,44.38706]]]},"properties":{}},{"type":"Feature","geometry":{"type":"Polygon","coordinates":[[[-68.12667,44.39858],[-68.12638,44.39232],[-68.12499,44.38979],[-68.12601,44.38715],[-68.13007,44.38477],[-68.13421,44.37967],[-68.1352,44.37949],[-68.13586,44.38103],[-68.13668,44.38099],[-68.13688,44.37907],[-68.13847,44.37768],[-68.14066,44.3773],[-68.1432,44.38157],[-68.14457,44.38221],[-68.14413,44.38312],[-68.14515,44.38446],[-68.1474,44.38453],[-68.14877,44.38544],[-68.14691,44.39003],[-68.14691,44.39333],[-68.14373,44.39342],[-68.13922,44.4],[-68.12828,44.4],[-68.12667,44.39858]]]},"properties":{}},{"type":"Feature","geometry":{"type":"Polygon","coordinates":[[[-68.10961,44.37215],[-68.10982,44.37108],[-68.10899,44.37103],[-68.10759,44.37417],[-68.1107,44.3741],[-68.111,44.37316],[-68.10961,44.37215]]]},"properties":{}},{"type":"Feature","geometry":{"type":"Polygon","coordinates":[[[-68.1,44.37874],[-68.1,44.4],[-68.11094,44.4],[-68.10981,44.39851],[-68.10749,44.3976],[-68.1076,44.39679],[-68.10226,44.3952],[-68.10051,44.39334],[-68.10084,44.39138],[-68.1028,44.39105],[-68.10443,44.38834],[-68.10455,44.38615],[-68.10239,44.38132],[-68.1,44.37874]]]},"properties":{}},{"type":"Feature","geometry":{"type":"Polygon","coordinates":[[[-68.10102,44.36793],[-68.1004,44.36915],[-68.10157,44.36942],[-68.10239,44.36795],[-68.10139,44.36786],[-68.10183,44.36638],[-68.10001,44.36693],[-68.10102,44.36793]]]},"properties":{}},{"type":"Feature","geometry":{"type":"Polygon","coordinates":[[[-68.14056,44.35139],[-68.13847,44.35524],[-68.13733,44.35591],[-68.13681,44.3546],[-68.1375,44.35355],[-68.13935,44.3529],[-68.13943,44.3519],[-68.14056,44.35139]]]},"properties":{}},{"type":"Feature","geometry":{"type":"Polygon","coordinates":[[[-68.175,44.33535],[-68.17447,44.33687],[-68.175,44.33823],[-68.175,44.33535]]]},"properties":{}},{"type":"Feature","geometry":{"type":"Polygon","coordinates":[[[-68.175,44.3454],[-68.17447,44.34439],[-68.175,44.34319],[-68.175,44.3454]]]},"properties":{}},{"type":"Feature","geometry":{"type":"Polygon","coordinates":[[[-68.1,44.35588],[-68.10025,44.3651],[-68.10146,44.36419],[-68.10373,44.36463],[-68.10479,44.36342],[-68.10448,44.36088],[-68.10327,44.36011],[-68.10288,44.3583],[-68.10048,44.35696],[-68.1,44.35588]]]},"properties":{}},{"type":"Feature","geometry":{"type":"Polygon","coordinates":[[[-68.175,44.3267],[-68.17347,44.3286],[-68.175,44.3304],[-68.175,44.3267]]]},"properties":{}},{"type":"Feature","geometry":{"type":"Polygon","coordinates":[[[-68.10441,44.37614],[-68.10447,44.37463],[-68.10495,44.37622],[-68.10441,44.37614]]]},"properties":{}},{"type":"Feature","geometry":{"type":"Polygon","coordinates":[[[-68.0405,44.34907],[-68.04134,44.34945],[-68.04112,44.35128],[-68.0398,44.34997],[-68.0405,44.34907]]]},"properties":{}},{"type":"Feature","geometry":{"type":"Polygon","coordinates":[[[-68.09113,44.36796],[-68.09188,44.36672],[-68.09051,44.36479],[-68.08911,44.36426],[-68.09011,44.36769],[-68.09113,44.36796]]]},"properties":{}},{"type":"Feature","geometry":{"type":"Polygon","coordinates":[[[-68.03545,44.33321],[-68.03348,44.32983],[-68.03436,44.3291],[-68.03363,44.32829],[-68.03428,44.32749],[-68.03296,44.32652],[-68.03319,44.32558],[-68.03199,44.32565],[-68.03086,44.32756],[-68.0315,44.3313],[-68.03025,44.33235],[-68.03065,44.33622],[-68.03241,44.33647],[-68.03415,44.33368],[-68.03545,44.33321]]]},"properties":{}},{"type":"Feature","geometry":{"type":"Polygon","coordinates":[[[-68.03168,44.38374],[-68.025,44.38395],[-68.025,44.4],[-68.1,44.4],[-68.1,44.37874],[-68.09388,44.37185],[-68.08853,44.37164],[-68.08828,44.37279],[-68.08917,44.37424],[-68.08835,44.3758],[-68.08893,44.37883],[-68.09464,44.38767],[-68.09415,44.38968],[-68.09261,44.39009],[-68.08521,44.38623],[-68.08555,44.38717],[-68.09164,44.39107],[-68.08484,44.38895],[-68.08405,44.39321],[-68.08499,44.39397],[-68.08369,44.39469],[-68.08146,44.39342],[-68.08111,44.39192],[-68.08167,44.39168],[-68.08025,44.39112],[-68.08038,44.38834],[-68.07882,44.38895],[-68.07744,44.38832],[-68.07648,44.38633],[-68.07679,44.38441],[-68.07555,44.38318],[-68.07454,44.38467],[-68.07528,44.3897],[-68.07647,44.39164],[-68.07583,44.39254],[-68.07606,44.39142],[-68.07212,44.38484],[-68.07285,44.38442],[-68.07204,44.38331],[-68.07265,44.38212],[-68.07086,44.37921],[-68.0714,44.3783],[-68.07023,44.37594],[-68.07055,44.37492],[-68.06494,44.37229],[-68.06449,44.36986],[-68.06342,44.36892],[-68.06505,44.37],[-68.06549,44.37121],[-68.06653,44.37096],[-68.06996,44.37391],[-68.07072,44.37382],[-68.07054,44.37479],[-68.07162,44.37585],[-68.07299,44.37557],[-68.07156,44.37486],[-68.07188,44.37418],[-68.07543,44.37629],[-68.07703,44.37397],[-68.07659,44.37075],[-68.07772,44.36923],[-68.07669,44.36813],[-68.07616,44.36377],[-68.07712,44.36136],[-68.07656,44.35712],[-68.07714,44.35563],[-68.0749,44.35179],[-68.07595,44.35063],[-68.07511,44.34907],[-68.07617,44.34731],[-68.0738,44.3463],[-68.07391,44.3454],[-68.07144,44.34541],[-68.07145,44.34611],[-68.07045,44.3463],[-68.06626,44.34556],[-68.0667,44.34385],[-68.06885,44.34416],[-68.06939,44.34328],[-68.07127,44.34317],[-68.07131,44.34168],[-68.06959,44.34108],[-68.06872,44.34201],[-68.06847,44.34071],[-68.06788,44.34137],[-68.06719,44.33853],[-68.06813,44.33764],[-68.06728,44.33662],[-68.06764,44.3356],[-68.0665,44.33551],[-68.0642,44.3332],[-68.06033,44.33176],[-68.05873,44.33215],[-68.05626,44.33686],[-68.05413,44.33731],[-68.05358,44.33842],[-68.04871,44.33789],[-68.04644,44.33863],[-68.04505,44.33803],[-68.04344,44.34189],[-68.04417,44.34489],[-68.04539,44.34569],[-68.04528,44.34751],[-68.04604,44.34848],[-68.0453,44.34948],[-68.04713,44.35302],[-68.04643,44.35957],[-68.04589,44.36055],[-68.043,44.36035],[-68.04142,44.36202],[-68.038,44.36297],[-68.03871,44.36685],[-68.0376,44.36525],[-68.03535,44.36426],[-68.03507,44.36314],[-68.03256,44.36221],[-68.03247,44.36091],[-68.02895,44.35891],[-68.02877,44.35808],[-68.02984,44.35727],[-68.02934,44.35638],[-68.02555,44.35653],[-68.02548,44.36367],[-68.02728,44.36582],[-68.02742,44.36877],[-68.02902,44.36811],[-68.03171,44.36913],[-68.0319,44.37025],[-68.03119,44.37087],[-68.03219,44.37135],[-68.03245,44.37044],[-68.03446,44.37579],[-68.03316,44.37373],[-68.0305,44.37314],[-68.03029,44.37164],[-68.02745,44.37079],[-68.02565,44.37143],[-68.02635,44.37387],[-68.02504,44.37466],[-68.02586,44.37618],[-68.025,44.37691],[-68.025,44.38155],[-68.02674,44.38101],[-68.0337,44.38287],[-68.03444,44.38177],[-68.03564,44.38228],[-68.03586,44.38363],[-68.035,44.38462],[-68.03823,44.38571],[-68.03802,44.38854],[-68.0374,44.38727],[-68.03166,44.3847],[-68.03168,44.38374]],[[-68.06601,44.34389],[-68.06593,44.34389],[-68.066,44.34392],[-68.06601,44.34389]]]},"properties":{}},{"type":"Feature","geometry":{"type":"Polygon","coordinates":[[[-68.07337,44.37983],[-68.07655,44.38169],[-68.07597,44.38284],[-68.07371,44.38236],[-68.07251,44.38087],[-68.07337,44.37983]]]},"properties":{}},{"type":"Feature","geometry":{"type":"Polygon","coordinates":[[[-68.07308,44.37777],[-68.07383,44.37733],[-68.07456,44.37872],[-68.07394,44.37909],[-68.07308,44.37777]]]},"properties":{}},{"type":"Feature","geometry":{"type":"Polygon","coordinates":[[[-68.09695,44.36148],[-68.0961,44.35806],[-68.09499,44.35695],[-68.09372,44.35688],[-68.09499,44.35348],[-68.09674,44.35409],[-68.09675,44.35331],[-68.09698,44.35332],[-68.09723,44.35446],[-68.09818,44.35371],[-68.09828,44.35596],[-68.1,44.35588],[-68.1,44.36421],[-68.09695,44.36148]]]},"properties":{}},{"type":"Feature","geometry":{"type":"Polygon","coordinates":[[[-68.05188,44.3327],[-68.04966,44.33053],[-68.04858,44.33102],[-68.04677,44.3345],[-68.04507,44.33566],[-68.04772,44.33664],[-68.04826,44.33507],[-68.05014,44.33508],[-68.05077,44.33573],[-68.05002,44.33679],[-68.05263,44.33791],[-68.05145,44.33657],[-68.05253,44.33567],[-68.05188,44.3327]]]},"properties":{}},{"type":"Feature","geometry":{"type":"Polygon","coordinates":[[[-68.08851,44.36267],[-68.0876,44.36231],[-68.08703,44.36065],[-68.08861,44.36155],[-68.08851,44.36267]]]},"properties":{}},{"type":"Feature","geometry":{"type":"Polygon","coordinates":[[[-69.3,43.92565],[-69.3,43.9273],[-69.29824,43.92634],[-69.29885,43.92526],[-69.3,43.92565]]]},"properties":{}},{"type":"Feature","geometry":{"type":"Polygon","coordinates":[[[-69.3,43.99447],[-69.3,43.99566],[-69.29848,43.99632],[-69.29851,43.99588],[-69.3,43.99447]]]},"properties":{}},{"type":"Feature","geometry":{"type":"Polygon","coordinates":[[[-69.29975,43.93325],[-69.29571,43.93312],[-69.29162,43.93498],[-69.29263,43.93633],[-69.29335,43.94173],[-69.29819,43.93908],[-69.2985,43.93714],[-69.3,43.93714],[-69.29975,43.93325]]]},"properties":{}},{"type":"Feature","geometry":{"type":"Polygon","coordinates":[[[-69.3,43.94857],[-69.29819,43.95071],[-69.29486,43.95163],[-69.29221,43.95502],[-69.29248,43.95657],[-69.29397,43.95651],[-69.29527,43.95507],[-69.3,43.95347],[-69.3,43.94857]]]},"properties":{}},{"type":"Feature","geometry":{"type":"Polygon","coordinates":[[[-69.07874,44.12319],[-69.08013,44.1203],[-69.07893,44.11857],[-69.08107,44.11756],[-69.08193,44.11533],[-69.08368,44.11548],[-69.08552,44.1141],[-69.08691,44.11443],[-69.0911,44.11909],[-69.09601,44.11986],[-69.10084,44.11774],[-69.10149,44.11674],[-69.10059,44.11447],[-69.1015,44.11387],[-69.10061,44.11321],[-69.10305,44.11137],[-69.10402,44.11202],[-69.10344,44.11107],[-69.10397,44.11058],[-69.10664,44.11134],[-69.10844,44.10971],[-69.10757,44.10876],[-69.10825,44.10567],[-69.10731,44.10575],[-69.10701,44.10476],[-69.10626,44.10488],[-69.10582,44.1075],[-69.10353,44.10759],[-69.10324,44.10605],[-69.10066,44.10467],[-69.10074,44.10392],[-69.10295,44.10446],[-69.10206,44.10383],[-69.10413,44.10352],[-69.10244,44.10296],[-69.10525,44.1029],[-69.10497,44.10226],[-69.1061,44.10244],[-69.10589,44.10169],[-69.10711,44.10161],[-69.10751,44.10071],[-69.10731,44.0987],[-69.10489,44.09914],[-69.10507,44.09817],[-69.10415,44.09739],[-69.1005,44.09662],[-69.1021,44.09647],[-69.10257,44.09411],[-69.10198,44.09319],[-69.10289,44.09285],[-69.10383,44.09361],[-69.10499,44.09223],[-69.1071,44.09186],[-69.10709,44.08979],[-69.10343,44.08753],[-69.10294,44.08525],[-69.10302,44.08279],[-69.10486,44.07776],[-69.10176,44.07904],[-69.09957,44.08163],[-69.09278,44.08467],[-69.09282,44.08551],[-69.09186,44.08591],[-69.08908,44.0851],[-69.08485,44.0874],[-69.08178,44.08794],[-69.07599,44.09123],[-69.0731,44.09048],[-69.06908,44.09163],[-69.06506,44.09124],[-69.06398,44.08846],[-69.06316,44.08828],[-69.06125,44.08887],[-69.06057,44.0908],[-69.05778,44.09195],[-69.05788,44.09294],[-69.05875,44.09303],[-69.05815,44.09365],[-69.05928,44.09419],[-69.05692,44.09495],[-69.05444,44.09457],[-69.05456,44.09192],[-69.05274,44.09194],[-69.05257,44.09351],[-69.05147,44.09378],[-69.05119,44.09492],[-69.04914,44.09327],[-69.04356,44.09217],[-69.04522,44.09006],[-69.0467,44.08979],[-69.04803,44.08543],[-69.04853,44.08677],[-69.04965,44.08719],[-69.05235,44.08654],[-69.05162,44.08603],[-69.05197,44.08562],[-69.05252,44.08644],[-69.05331,44.08593],[-69.0536,44.08493],[-69.05231,44.08463],[-69.05361,44.08465],[-69.05278,44.08382],[-69.05407,44.0829],[-69.05436,44.0811],[-69.05322,44.07777],[-69.05847,44.0699],[-69.05944,44.06943],[-69.0613,44.07032],[-69.06575,44.06943],[-69.07118,44.06604],[-69.0715,44.06284],[-69.07095,44.06263],[-69.07172,44.0621],[-69.06978,44.06055],[-69.07057,44.0587],[-69.0717,44.0589],[-69.07103,44.05971],[-69.07276,44.06179],[-69.07638,44.06103],[-69.07713,44.06306],[-69.07994,44.06554],[-69.08141,44.06572],[-69.08146,44.06781],[-69.08183,44.06579],[-69.0795,44.06486],[-69.07911,44.06367],[-69.08283,44.06292],[-69.07967,44.06261],[-69.08005,44.06108],[-69.07907,44.05943],[-69.07955,44.05805],[-69.07801,44.05962],[-69.0766,44.05958],[-69.07875,44.05817],[-69.08013,44.05527],[-69.07878,44.05297],[-69.07635,44.05124],[-69.07593,44.04933],[-69.07424,44.04812],[-69.07355,44.04616],[-69.07652,44.04468],[-69.0767,44.04304],[-69.07975,44.04188],[-69.08694,44.04031],[-69.09388,44.04042],[-69.09523,44.03809],[-69.09699,44.03874],[-69.09814,44.03801],[-69.09855,44.03714],[-69.09739,44.03596],[-69.09921,44.03456],[-69.10128,44.03535],[-69.10387,44.03778],[-69.10572,44.03822],[-69.11052,44.03624],[-69.11159,44.03691],[-69.11089,44.0372],[-69.11073,44.03924],[-69.11259,44.04218],[-69.11149,44.04344],[-69.10211,44.04806],[-69.10581,44.04723],[-69.10678,44.04797],[-69.10634,44.05017],[-69.10335,44.05291],[-69.10344,44.05355],[-69.10681,44.05065],[-69.10736,44.04928],[-69.11196,44.04918],[-69.11472,44.04609],[-69.11492,44.0453],[-69.11403,44.04469],[-69.11608,44.04431],[-69.1182,44.04222],[-69.12196,44.04229],[-69.1263,44.04096],[-69.12833,44.04321],[-69.12693,44.043],[-69.12537,44.04499],[-69.12304,44.04567],[-69.12257,44.04791],[-69.12323,44.04895],[-69.12109,44.04981],[-69.1196,44.052],[-69.12047,44.0521],[-69.12226,44.05053],[-69.12577,44.05168],[-69.12598,44.05297],[-69.12508,44.05422],[-69.12671,44.05429],[-69.12615,44.05519],[-69.12731,44.05617],[-69.12725,44.05824],[-69.13168,44.05972],[-69.13388,44.06429],[-69.13559,44.06568],[-69.1429,44.06909],[-69.13744,44.0649],[-69.13604,44.0628],[-69.13557,44.06001],[-69.1337,44.05876],[-69.13406,44.05789],[-69.13129,44.0564],[-69.13104,44.05427],[-69.12764,44.05284],[-69.12593,44.05008],[-69.1267,44.04787],[-69.12905,44.04622],[-69.13137,44.04284],[-69.13297,44.03599],[-69.13547,44.0355],[-69.13718,44.03655],[-69.13792,44.03547],[-69.1363,44.03488],[-69.1375,44.03343],[-69.13701,44.03229],[-69.13568,44.03248],[-69.13532,44.03436],[-69.13177,44.0338],[-69.1309,44.03575],[-69.12563,44.0381],[-69.12466,44.03759],[-69.12224,44.03961],[-69.1218,44.03797],[-69.11963,44.03754],[-69.11957,44.03634],[-69.12114,44.03512],[-69.11897,44.03443],[-69.12225,44.03358],[-69.12225,44.03258],[-69.11932,44.03256],[-69.11493,44.03518],[-69.1136,44.03274],[-69.11514,44.03195],[-69.11326,44.02893],[-69.11531,44.02586],[-69.11892,44.02617],[-69.12055,44.024],[-69.12065,44.02174],[-69.1241,44.02151],[-69.12641,44.01888],[-69.12911,44.01735],[-69.12876,44.01663],[-69.13009,44.01643],[-69.1288,44.01535],[-69.12939,44.01318],[-69.12826,44.01221],[-69.1283,44.01099],[-69.12716,44.0112],[-69.12556,44.01385],[-69.12637,44.00984],[-69.12455,44.00819],[-69.12473,44.0073],[-69.1239,44.00827],[-69.12336,44.00662],[-69.12549,44.00651],[-69.12747,44.00755],[-69.12684,44.00939],[-69.12869,44.0103],[-69.1316,44.00667],[-69.13233,44.004],[-69.13604,44.00285],[-69.13886,44.00469],[-69.13835,44.00839],[-69.13577,44.00989],[-69.13874,44.00897],[-69.1394,44.00833],[-69.13888,44.00771],[-69.14111,44.005],[-69.14209,44.00238],[-69.14161,44.00183],[-69.14658,44.00072],[-69.14948,43.99811],[-69.14874,43.99727],[-69.14507,43.99749],[-69.14371,43.99631],[-69.14042,43.99996],[-69.13754,44.00054],[-69.13571,43.99934],[-69.13556,43.99756],[-69.13815,43.99595],[-69.13864,43.9933],[-69.13972,43.99356],[-69.14179,43.99248],[-69.14152,43.99169],[-69.14439,43.99001],[-69.14636,43.98628],[-69.14884,43.98572],[-69.14932,43.98682],[-69.14749,43.98889],[-69.14819,43.98988],[-69.14629,43.99308],[-69.14881,43.99186],[-69.15033,43.99421],[-69.1485,43.99642],[-69.15005,43.99853],[-69.14933,44.00215],[-69.15199,44.00246],[-69.15211,44.00098],[-69.15344,43.99965],[-69.15641,43.99945],[-69.15571,44.00066],[-69.15632,44.0013],[-69.15715,44.00027],[-69.15794,44.00075],[-69.15977,43.99932],[-69.16177,43.99897],[-69.1629,43.99948],[-69.16268,44.00108],[-69.16347,44.00226],[-69.16466,44.00254],[-69.16342,44.00404],[-69.16162,44.00332],[-69.15943,44.00635],[-69.15555,44.00908],[-69.16333,44.00495],[-69.16488,44.00767],[-69.16549,44.00684],[-69.16423,44.00579],[-69.16688,44.00537],[-69.16714,44.00422],[-69.17004,44.00479],[-69.17205,44.0061],[-69.17323,44.00468],[-69.17557,44.00495],[-69.17478,44.00464],[-69.17589,44.00447],[-69.17576,44.00393],[-69.17389,44.00417],[-69.17287,44.0027],[-69.17127,44.00405],[-69.16815,44.00402],[-69.16954,43.99949],[-69.17185,44.00142],[-69.17198,43.99984],[-69.17078,43.99856],[-69.17332,43.99775],[-69.1733,43.99955],[-69.17515,44.00169],[-69.17511,44.00025],[-69.17408,43.99931],[-69.17693,43.99816],[-69.17468,43.99823],[-69.17436,43.99769],[-69.17521,43.99812],[-69.17623,43.99743],[-69.17439,43.99594],[-69.17107,43.99492],[-69.17375,43.99398],[-69.17096,43.99176],[-69.17128,43.99066],[-69.17371,43.99124],[-69.17817,43.99061],[-69.17982,43.9913],[-69.1852,43.99091],[-69.18829,43.99159],[-69.1896,43.9933],[-69.18834,43.99447],[-69.1895,43.99507],[-69.18816,43.99806],[-69.18929,44.00234],[-69.18897,44.00481],[-69.18607,44.00966],[-69.18594,44.01152],[-69.1869,44.01123],[-69.18797,44.00796],[-69.19003,44.00532],[-69.18983,44.00288],[-69.19118,44.00498],[-69.19288,44.00616],[-69.19139,44.00474],[-69.19138,44.0026],[-69.19036,44.00223],[-69.19196,44.00203],[-69.19115,44.00168],[-69.19231,43.99967],[-69.18959,43.99886],[-69.18933,43.99814],[-69.19026,43.997],[-69.19096,43.99749],[-69.19097,43.99642],[-69.19163,43.99761],[-69.19234,43.99643],[-69.19258,43.99792],[-69.19402,43.99799],[-69.19445,43.99679],[-69.19343,43.99406],[-69.1948,43.99159],[-69.19658,43.99076],[-69.19634,43.9878],[-69.19711,43.98504],[-69.20453,43.9837],[-69.20366,43.9828],[-69.2024,43.98346],[-69.1982,43.98296],[-69.19789,43.98366],[-69.19742,43.98272],[-69.19227,43.9834],[-69.19031,43.98149],[-69.19092,43.98123],[-69.1907,43.97888],[-69.19155,43.97817],[-69.19422,43.97825],[-69.195,43.97711],[-69.19407,43.9766],[-69.19563,43.97323],[-69.1969,43.97219],[-69.1994,43.97457],[-69.2005,43.97457],[-69.20003,43.97354],[-69.20123,43.97137],[-69.19945,43.97046],[-69.19955,43.96703],[-69.19817,43.96709],[-69.19778,43.96791],[-69.19769,43.96701],[-69.20364,43.96551],[-69.20656,43.96612],[-69.20744,43.96505],[-69.20844,43.96547],[-69.2084,43.96488],[-69.20878,43.96556],[-69.21068,43.96325],[-69.21249,43.9629],[-69.21473,43.9663],[-69.21375,43.96299],[-69.2161,43.96126],[-69.2158,43.9605],[-69.21357,43.9603],[-69.2134,43.95767],[-69.21427,43.95739],[-69.21227,43.95681],[-69.21257,43.95571],[-69.21112,43.95621],[-69.21046,43.95488],[-69.21001,43.95692],[-69.21227,43.958],[-69.21007,43.961],[-69.2032,43.96257],[-69.19705,43.96122],[-69.19396,43.96148],[-69.1915,43.95876],[-69.19616,43.9497],[-69.20386,43.94185],[-69.20626,43.94131],[-69.21103,43.93727],[-69.21392,43.93652],[-69.21408,43.93498],[-69.2103,43.93377],[-69.21154,43.93219],[-69.2149,43.93076],[-69.21719,43.93204],[-69.21653,43.93395],[-69.21764,43.93482],[-69.22035,43.93543],[-69.22284,43.93417],[-69.2235,43.93489],[-69.22356,43.93644],[-69.22167,43.93789],[-69.22264,43.93845],[-69.22204,43.93947],[-69.2232,43.93961],[-69.22286,43.94072],[-69.22364,43.94215],[-69.22877,43.94198],[-69.23043,43.94313],[-69.23216,43.94026],[-69.23092,43.93905],[-69.22915,43.93954],[-69.22959,43.93871],[-69.22859,43.93673],[-69.22979,43.93271],[-69.23303,43.93312],[-69.23457,43.93175],[-69.23809,43.93114],[-69.23964,43.93191],[-69.24414,43.93143],[-69.24367,43.92914],[-69.24431,43.92794],[-69.24279,43.92636],[-69.24327,43.92504],[-69.25346,43.92094],[-69.25417,43.91968],[-69.25751,43.91895],[-69.26015,43.91723],[-69.26139,43.91745],[-69.26124,43.92013],[-69.25569,43.92272],[-69.25832,43.9235],[-69.25791,43.92565],[-69.25987,43.92558],[-69.25915,43.92599],[-69.26033,43.92653],[-69.26055,43.92751],[-69.25907,43.92719],[-69.25848,43.92787],[-69.26003,43.92835],[-69.2606,43.93239],[-69.26116,43.93143],[-69.26279,43.93128],[-69.2635,43.9327],[-69.27089,43.93467],[-69.27277,43.93642],[-69.27003,43.93689],[-69.27,43.93907],[-69.26758,43.93929],[-69.26682,43.94025],[-69.26648,43.94135],[-69.26769,43.94347],[-69.26636,43.94415],[-69.26596,43.94638],[-69.26511,43.94698],[-69.26639,43.94679],[-69.26722,43.94551],[-69.26985,43.94714],[-69.27083,43.9456],[-69.27212,43.94762],[-69.27613,43.94796],[-69.27629,43.94975],[-69.27465,43.95159],[-69.27552,43.9534],[-69.27429,43.9524],[-69.27147,43.95225],[-69.27132,43.9529],[-69.27319,43.95432],[-69.27232,43.95552],[-69.26725,43.95678],[-69.26549,43.9581],[-69.26095,43.95523],[-69.25937,43.95497],[-69.25655,43.95605],[-69.25436,43.95438],[-69.25391,43.95866],[-69.25557,43.95931],[-69.25529,43.95804],[-69.25736,43.95837],[-69.25828,43.96111],[-69.26114,43.96202],[-69.26423,43.96418],[-69.263,43.9651],[-69.26391,43.96647],[-69.26016,43.96726],[-69.2571,43.96891],[-69.25743,43.97011],[-69.25281,43.97171],[-69.2576,43.97416],[-69.25768,43.97548],[-69.25684,43.97582],[-69.25731,43.97698],[-69.25403,43.9812],[-69.25102,43.98105],[-69.2529,43.98254],[-69.25149,43.98462],[-69.24761,43.98554],[-69.24563,43.98417],[-69.24299,43.98481],[-69.24048,43.98379],[-69.24279,43.98091],[-69.24445,43.98051],[-69.24408,43.97965],[-69.24697,43.97931],[-69.24248,43.97867],[-69.24308,43.98],[-69.24214,43.97988],[-69.24193,43.98152],[-69.2408,43.981],[-69.23995,43.98149],[-69.23937,43.98017],[-69.23857,43.98012],[-69.23845,43.97701],[-69.2378,43.97693],[-69.23701,43.9783],[-69.23694,43.98257],[-69.23463,43.98281],[-69.23611,43.98694],[-69.23502,43.98839],[-69.23338,43.98829],[-69.23339,43.98981],[-69.23462,43.99055],[-69.23477,43.99197],[-69.23073,43.99293],[-69.22981,43.99083],[-69.22856,43.99084],[-69.22973,43.99327],[-69.23219,43.99339],[-69.2335,43.9944],[-69.23096,43.99743],[-69.22795,43.99796],[-69.22654,43.9972],[-69.22624,43.99601],[-69.2252,43.99734],[-69.22298,43.99707],[-69.22252,43.99618],[-69.2198,43.99702],[-69.22029,43.99607],[-69.21916,43.99523],[-69.22011,43.99304],[-69.22107,43.99294],[-69.22101,43.98863],[-69.22473,43.9885],[-69.22404,43.98797],[-69.22319,43.98844],[-69.22234,43.98754],[-69.21987,43.98763],[-69.22022,43.99174],[-69.21924,43.9921],[-69.21785,43.99105],[-69.21697,43.99161],[-69.21889,43.99251],[-69.21696,43.9933],[-69.21691,43.99443],[-69.21496,43.9938],[-69.21363,43.99497],[-69.21371,43.99683],[-69.21281,43.99706],[-69.21415,43.99826],[-69.21253,43.99805],[-69.21367,43.99854],[-69.21381,43.99955],[-69.21553,43.99914],[-69.21587,44.00101],[-69.21522,44.00196],[-69.21583,44.00361],[-69.21493,44.00435],[-69.21458,44.003],[-69.21227,44.00345],[-69.21378,44.00488],[-69.20992,44.00527],[-69.20892,44.00709],[-69.20757,44.0074],[-69.20727,44.00903],[-69.20411,44.01004],[-69.20248,44.01146],[-69.20554,44.01116],[-69.20834,44.00939],[-69.2112,44.00941],[-69.22099,44.00298],[-69.22314,44.00281],[-69.22348,44.00407],[-69.22094,44.00742],[-69.21706,44.00906],[-69.21656,44.01089],[-69.21403,44.01285],[-69.21425,44.01408],[-69.21226,44.01457],[-69.2108,44.0167],[-69.20721,44.01852],[-69.20657,44.02048],[-69.20566,44.0208],[-69.20674,44.02208],[-69.20522,44.02286],[-69.20782,44.02403],[-69.20778,44.02502],[-69.20572,44.02445],[-69.2032,44.02663],[-69.20078,44.02528],[-69.19915,44.02782],[-69.19685,44.02855],[-69.19737,44.02907],[-69.19652,44.02973],[-69.19608,44.03108],[-69.19683,44.03179],[-69.19614,44.03253],[-69.19762,44.0331],[-69.19612,44.03347],[-69.19448,44.03626],[-69.19096,44.0378],[-69.18733,44.03785],[-69.18612,44.04134],[-69.18718,44.04527],[-69.18657,44.0463],[-69.18882,44.04746],[-69.18898,44.04904],[-69.18558,44.04935],[-69.18352,44.0509],[-69.18377,44.05162],[-69.18265,44.05291],[-69.18479,44.05446],[-69.18289,44.05616],[-69.1808,44.05663],[-69.18116,44.05801],[-69.17958,44.06015],[-69.17957,44.06148],[-69.17791,44.06129],[-69.17834,44.05673],[-69.17727,44.05556],[-69.17554,44.05611],[-69.1736,44.05787],[-69.17128,44.05861],[-69.16417,44.06757],[-69.16404,44.06906],[-69.16687,44.07153],[-69.16949,44.07187],[-69.17208,44.07571],[-69.17192,44.0765],[-69.16971,44.07746],[-69.16981,44.0807],[-69.17099,44.07839],[-69.17046,44.07729],[-69.1728,44.07686],[-69.17287,44.07495],[-69.17464,44.07369],[-69.17739,44.07314],[-69.1801,44.07114],[-69.18297,44.07189],[-69.1851,44.07358],[-69.1868,44.07319],[-69.18652,44.07206],[-69.18721,44.07201],[-69.18903,44.07292],[-69.19001,44.07454],[-69.19421,44.07473],[-69.19715,44.07337],[-69.1999,44.07105],[-69.20061,44.06949],[-69.20466,44.0666],[-69.212,44.07089],[-69.21188,44.07319],[-69.2129,44.07528],[-69.21668,44.07689],[-69.21801,44.07874],[-69.21953,44.07898],[-69.21909,44.07733],[-69.21516,44.0747],[-69.21454,44.07165],[-69.21263,44.06866],[-69.21602,44.06746],[-69.21738,44.06508],[-69.21565,44.067],[-69.21213,44.06813],[-69.21046,44.06799],[-69.20785,44.06509],[-69.20545,44.06495],[-69.19585,44.0728],[-69.19252,44.07446],[-69.19069,44.07393],[-69.18869,44.07165],[-69.18413,44.07099],[-69.18274,44.07006],[-69.1826,44.06908],[-69.18672,44.06504],[-69.1899,44.064],[-69.19043,44.06029],[-69.19433,44.05385],[-69.19469,44.05081],[-69.19873,44.04719],[-69.20126,44.04787],[-69.20272,44.05168],[-69.20582,44.04974],[-69.20748,44.05066],[-69.21037,44.05076],[-69.20798,44.04926],[-69.20757,44.04809],[-69.20562,44.04825],[-69.20572,44.04724],[-69.20471,44.04682],[-69.20449,44.04403],[-69.20372,44.04327],[-69.20442,44.04174],[-69.2035,44.04105],[-69.20353,44.03957],[-69.20639,44.03818],[-69.20362,44.03798],[-69.20312,44.03713],[-69.20617,44.0346],[-69.20566,44.03317],[-69.20836,44.0302],[-69.21215,44.02895],[-69.21079,44.02825],[-69.21065,44.02736],[-69.21334,44.02564],[-69.21385,44.0229],[-69.21615,44.02071],[-69.21664,44.01874],[-69.21846,44.01673],[-69.22383,44.01474],[-69.22295,44.01441],[-69.22364,44.01338],[-69.22821,44.01302],[-69.23033,44.0106],[-69.23218,44.01054],[-69.23354,44.01098],[-69.23347,44.01274],[-69.23612,44.01289],[-69.23495,44.01513],[-69.23561,44.0168],[-69.23714,44.01783],[-69.23637,44.01821],[-69.23763,44.01806],[-69.23747,44.01717],[-69.23873,44.01669],[-69.24154,44.01838],[-69.24166,44.01926],[-69.24179,44.01774],[-69.24465,44.01785],[-69.24528,44.01972],[-69.24622,44.01994],[-69.24568,44.01794],[-69.24687,44.01711],[-69.24433,44.01661],[-69.24343,44.0154],[-69.24412,44.01463],[-69.24291,44.01456],[-69.24291,44.01396],[-69.24388,44.01269],[-69.24369,44.01144],[-69.24673,44.0085],[-69.2471,44.00695],[-69.24794,44.00766],[-69.24805,44.00492],[-69.24955,44.0043],[-69.24759,44.00437],[-69.24767,44.00263],[-69.24619,44.00299],[-69.24456,44.00164],[-69.24777,44.00094],[-69.24983,43.99945],[-69.2549,44.00071],[-69.25161,43.9962],[-69.25207,43.99355],[-69.25554,43.99216],[-69.25592,43.99078],[-69.25905,43.99136],[-69.25937,43.98689],[-69.25807,43.98628],[-69.25981,43.98308],[-69.26319,43.98122],[-69.26438,43.97961],[-69.26515,43.98219],[-69.2667,43.98186],[-69.27011,43.97873],[-69.27388,43.97924],[-69.27392,43.97988],[-69.27166,43.98101],[-69.27144,43.98265],[-69.27365,43.98289],[-69.27538,43.98631],[-69.27786,43.98626],[-69.27858,43.98704],[-69.27713,43.98743],[-69.27614,43.98932],[-69.27545,43.98843],[-69.27394,43.98949],[-69.27879,43.99062],[-69.27648,43.99064],[-69.27796,43.99164],[-69.27777,43.99322],[-69.27561,43.99582],[-69.27601,43.99658],[-69.27485,43.99695],[-69.27716,43.99686],[-69.27964,43.99513],[-69.28125,43.99106],[-69.28126,43.98979],[-69.28,43.98888],[-69.27972,43.98628],[-69.2817,43.98704],[-69.28137,43.98802],[-69.28258,43.98971],[-69.28355,43.98826],[-69.28476,43.98801],[-69.28541,43.98698],[-69.28445,43.98664],[-69.28552,43.98562],[-69.28481,43.98437],[-69.28214,43.98347],[-69.28006,43.98157],[-69.2803,43.98069],[-69.28235,43.97985],[-69.2818,43.97815],[-69.28392,43.97751],[-69.28788,43.97936],[-69.28744,43.97831],[-69.28863,43.97583],[-69.28652,43.97616],[-69.28834,43.97435],[-69.28492,43.97377],[-69.28433,43.97277],[-69.2828,43.9729],[-69.28287,43.9717],[-69.28163,43.9706],[-69.28016,43.97233],[-69.27909,43.97136],[-69.27616,43.97257],[-69.27543,43.9718],[-69.27743,43.97063],[-69.2773,43.96964],[-69.27844,43.96998],[-69.28286,43.96821],[-69.28105,43.96662],[-69.28345,43.96516],[-69.28351,43.96333],[-69.2845,43.96267],[-69.28508,43.96063],[-69.28348,43.95976],[-69.28738,43.95842],[-69.29054,43.96027],[-69.3,43.95719],[-69.3,43.98253],[-69.2997,43.98392],[-69.29859,43.98454],[-69.3,43.98632],[-69.3,43.98985],[-69.29879,43.98999],[-69.29777,43.99217],[-69.29869,43.99227],[-69.29705,43.99398],[-69.29652,43.99273],[-69.29499,43.99241],[-69.29555,43.99428],[-69.29506,43.99528],[-69.29422,43.99484],[-69.29328,43.99585],[-69.29331,43.99741],[-69.29228,43.9978],[-69.29156,43.99671],[-69.28948,43.99645],[-69.29398,43.99923],[-69.29153,44.00037],[-69.29215,44.00135],[-69.29178,44.00362],[-69.28732,44.00696],[-69.2881,44.00781],[-69.28783,44.00962],[-69.28528,44.01274],[-69.28521,44.01445],[-69.28392,44.01612],[-69.28499,44.01612],[-69.28575,44.0143],[-69.28659,44.01424],[-69.28586,44.01317],[-69.28823,44.01174],[-69.28819,44.01091],[-69.29085,44.0084],[-69.2899,44.00738],[-69.29082,44.00588],[-69.29229,44.00559],[-69.29291,44.00328],[-69.295,44.00237],[-69.29636,44.00115],[-69.29605,44.00046],[-69.3,43.99733],[-69.3,44.1],[-69.38236,44.1],[-69.38236,44.12319],[-69.07874,44.12319]]]},"properties":{}},{"type":"Feature","geometry":{"type":"Polygon","coordinates":[[[-69.08002,43.97776],[-69.07924,43.97721],[-69.07964,43.97606],[-69.07902,43.97603],[-69.07872,43.97388],[-69.07678,43.97358],[-69.0763,43.97493],[-69.07758,43.97515],[-69.07747,43.97624],[-69.07849,43.97609],[-69.07882,43.97742],[-69.07368,43.97918],[-69.0727,43.9811],[-69.07642,43.98072],[-69.07763,43.98335],[-69.07863,43.98373],[-69.07951,43.98232],[-69.07896,43.98138],[-69.08124,43.98],[-69.08023,43.97962],[-69.08002,43.97776]]]},"properties":{}},{"type":"Feature","geometry":{"type":"Polygon","coordinates":[[[-69.24037,43.90991],[-69.23808,43.90929],[-69.23767,43.91057],[-69.23999,43.91065],[-69.24037,43.90991]]]},"properties":{}},{"type":"Feature","geometry":{"type":"Polygon","coordinates":[[[-69.21569,43.99877],[-69.21668,43.99743],[-69.21879,43.99907],[-69.2175,43.99881],[-69.21641,43.99977],[-69.21569,43.99877]]]},"properties":{}},{"type":"Feature","geometry":{"type":"Polygon","coordinates":[[[-69.03647,43.91241],[-69.03724,43.91449],[-69.03679,43.91581],[-69.03203,43.91601],[-69.03141,43.91538],[-69.03406,43.91259],[-69.03647,43.91241]]]},"properties":{}},{"type":"Feature","geometry":{"type":"Polygon","coordinates":[[[-69.26642,43.90565],[-69.2641,43.90465],[-69.26474,43.90347],[-69.26728,43.90444],[-69.26642,43.90565]]]},"properties":{}},{"type":"Feature","geometry":{"type":"Polygon","coordinates":[[[-69.29567,43.87527],[-69.29432,43.87554],[-69.2927,43.87509],[-69.29405,43.87376],[-69.29612,43.8735],[-69.29567,43.87527]]]},"properties":{}},{"type":"Feature","geometry":{"type":"Polygon","coordinates":[[[-69.1571,43.99343],[-69.15243,43.99427],[-69.15282,43.99339],[-69.15698,43.99152],[-69.15619,43.98829],[-69.15869,43.98849],[-69.15811,43.99045],[-69.15719,43.99098],[-69.15789,43.99198],[-69.1571,43.99343]]]},"properties":{}},{"type":"Feature","geometry":{"type":"Polygon","coordinates":[[[-69.26265,43.92901],[-69.26299,43.92992],[-69.26188,43.92968],[-69.262,43.92914],[-69.26265,43.92901]]]},"properties":{}},{"type":"Feature","geometry":{"type":"Polygon","coordinates":[[[-69.13238,43.99846],[-69.13237,43.99752],[-69.13309,43.99775],[-69.13309,43.99851],[-69.13238,43.99846]]]},"properties":{}},{"type":"Feature","geometry":{"type":"Polygon","coordinates":[[[-69.24932,43.91001],[-69.24866,43.91038],[-69.2483,43.91152],[-69.24976,43.91066],[-69.24932,43.91001]]]},"properties":{}},{"type":"Feature","geometry":{"type":"Polygon","coordinates":[[[-69.19388,43.99014],[-69.19453,43.98943],[-69.19414,43.98914],[-69.19384,43.98916],[-69.19388,43.99014]]]},"properties":{}},{"type":"Feature","geometry":{"type":"Polygon","coordinates":[[[-69.23442,43.90929],[-69.23294,43.90798],[-69.23198,43.90886],[-69.23413,43.90978],[-69.23442,43.90929]]]},"properties":{}},{"type":"Feature","geometry":{"type":"Polygon","coordinates":[[[-69.27734,43.92505],[-69.27591,43.92645],[-69.27393,43.92662],[-69.27274,43.92895],[-69.26897,43.92942],[-69.26578,43.92812],[-69.26558,43.92621],[-69.26417,43.92552],[-69.26437,43.92424],[-69.26684,43.92309],[-69.26742,43.91731],[-69.2732,43.91444],[-69.2747,43.91469],[-69.27421,43.91587],[-69.27487,43.91639],[-69.27656,43.91549],[-69.279,43.91614],[-69.27859,43.91829],[-69.28022,43.92073],[-69.27905,43.92302],[-69.27754,43.92374],[-69.27734,43.92505]]]},"properties":{}},{"type":"Feature","geometry":{"type":"Polygon","coordinates":[[[-69.18545,43.97591],[-69.1835,43.9753],[-69.18256,43.97596],[-69.18463,43.9768],[-69.18545,43.97591]]]},"properties":{}},{"type":"Feature","geometry":{"type":"Polygon","coordinates":[[[-69.27318,43.93105],[-69.27356,43.93152],[-69.2742,43.93122],[-69.27393,43.93078],[-69.27318,43.93105]]]},"properties":{}},{"type":"Feature","geometry":{"type":"Polygon","coordinates":[[[-69.24103,43.91314],[-69.24034,43.9121],[-69.24171,43.91108],[-69.2417,43.91248],[-69.24103,43.91314]]]},"properties":{}},{"type":"Feature","geometry":{"type":"Polygon","coordinates":[[[-69.18625,43.97226],[-69.18575,43.97012],[-69.18183,43.97061],[-69.18419,43.9728],[-69.18625,43.97226]]]},"properties":{}},{"type":"Feature","geometry":{"type":"Polygon","coordinates":[[[-69.16024,43.98503],[-69.15941,43.98428],[-69.15866,43.985],[-69.15912,43.98568],[-69.16024,43.98503]]]},"properties":{}},{"type":"Feature","geometry":{"type":"Polygon","coordinates":[[[-69.28625,43.9314],[-69.28795,43.93258],[-69.28941,43.93244],[-69.28822,43.93154],[-69.28625,43.9314]]]},"properties":{}},{"type":"Feature","geometry":{"type":"Polygon","coordinates":[[[-69.09715,43.98085],[-69.09623,43.97911],[-69.09539,43.98113],[-69.09443,43.98153],[-69.09386,43.97909],[-69.09263,43.98123],[-69.08878,43.98162],[-69.0879,43.98569],[-69.09006,43.98634],[-69.09132,43.98422],[-69.0955,43.98359],[-69.09715,43.98085]]]},"properties":{}},{"type":"Feature","geometry":{"type":"Polygon","coordinates":[[[-69.18718,43.98939],[-69.18713,43.98867],[-69.18854,43.98881],[-69.18856,43.98897],[-69.18718,43.98939]]]},"properties":{}},{"type":"Feature","geometry":{"type":"Polygon","coordinates":[[[-69.29414,43.92715],[-69.29129,43.92912],[-69.29015,43.92822],[-69.29004,43.92709],[-69.29119,43.92751],[-69.29182,43.92691],[-69.29074,43.92445],[-69.29407,43.92506],[-69.29414,43.92715]]]},"properties":{}},{"type":"Feature","geometry":{"type":"Polygon","coordinates":[[[-69.29087,43.93284],[-69.29033,43.9345],[-69.28906,43.93334],[-69.29087,43.93284]]]},"properties":{}},{"type":"Feature","geometry":{"type":"Polygon","coordinates":[[[-69.12427,43.98285],[-69.12367,43.98278],[-69.12324,43.98247],[-69.12376,43.98222],[-69.12427,43.98285]]]},"properties":{}},{"type":"Feature","geometry":{"type":"Polygon","coordinates":[[[-69.0778,43.9651],[-69.07872,43.96539],[-69.07854,43.96483],[-69.0778,43.9651]]]},"properties":{}},{"type":"Feature","geometry":{"type":"Polygon","coordinates":[[[-69.18226,43.99017],[-69.18026,43.98883],[-69.18113,43.98811],[-69.18056,43.98482],[-69.17776,43.98566],[-69.17702,43.9851],[-69.17591,43.98271],[-69.17652,43.97961],[-69.17965,43.9804],[-69.18228,43.97874],[-69.18267,43.98179],[-69.18583,43.98232],[-69.19092,43.98559],[-69.19035,43.98678],[-69.186,43.98643],[-69.1871,43.98839],[-69.18492,43.98725],[-69.18562,43.98973],[-69.18226,43.99017]]]},"properties":{}},{"type":"Feature","geometry":{"type":"Polygon","coordinates":[[[-69.23731,43.98753],[-69.23727,43.98807],[-69.23785,43.98821],[-69.23791,43.98795],[-69.23731,43.98753]]]},"properties":{}},{"type":"Feature","geometry":{"type":"Polygon","coordinates":[[[-69.21957,43.91502],[-69.21294,43.92078],[-69.21332,43.92226],[-69.21835,43.92535],[-69.22122,43.9243],[-69.22195,43.92513],[-69.22381,43.92407],[-69.22337,43.92277],[-69.22559,43.92067],[-69.2251,43.91894],[-69.22616,43.9176],[-69.2252,43.91618],[-69.22275,43.91621],[-69.21957,43.91502]]]},"properties":{}},{"type":"Feature","geometry":{"type":"Polygon","coordinates":[[[-69.29773,43.9958],[-69.29584,43.99552],[-69.29428,43.99674],[-69.29536,43.99685],[-69.29632,43.99849],[-69.29773,43.9958]]]},"properties":{}},{"type":"Feature","geometry":{"type":"Polygon","coordinates":[[[-69.06023,44.01818],[-69.05953,44.01822],[-69.05947,44.01811],[-69.05983,44.0177],[-69.06023,44.01818]]]},"properties":{}},{"type":"Feature","geometry":{"type":"Polygon","coordinates":[[[-69.29763,43.99424],[-69.29689,43.99519],[-69.29625,43.99481],[-69.29763,43.99424]]]},"properties":{}},{"type":"Feature","geometry":{"type":"Polygon","coordinates":[[[-69.29491,43.91871],[-69.29646,43.91838],[-69.29731,43.91682],[-69.29599,43.91653],[-69.29491,43.91871]]]},"properties":{}},{"type":"Feature","geometry":{"type":"Polygon","coordinates":[[[-69.16769,43.99612],[-69.16836,43.99693],[-69.16927,43.99588],[-69.16803,43.99524],[-69.16769,43.99612]]]},"properties":{}},{"type":"Feature","geometry":{"type":"Polygon","coordinates":[[[-69.29638,43.87056],[-69.29385,43.87294],[-69.29056,43.87142],[-69.28885,43.8715],[-69.28398,43.87334],[-69.28406,43.87123],[-69.28248,43.86975],[-69.28284,43.86434],[-69.28576,43.86331],[-69.28601,43.86407],[-69.28793,43.86447],[-69.29433,43.86269],[-69.29742,43.86466],[-69.29816,43.86561],[-69.29638,43.87056]]]},"properties":{}},{"type":"Feature","geometry":{"type":"Polygon","coordinates":[[[-69.29157,43.885],[-69.29081,43.88564],[-69.29191,43.88559],[-69.29157,43.885]]]},"properties":{}},{"type":"Feature","geometry":{"type":"Polygon","coordinates":[[[-69.28843,43.8873],[-69.28875,43.88631],[-69.28934,43.8866],[-69.28921,43.88751],[-69.28843,43.8873]]]},"properties":{}},{"type":"Feature","geometry":{"type":"Polygon","coordinates":[[[-69.16124,43.99629],[-69.15929,43.9981],[-69.15826,43.9951],[-69.15931,43.99494],[-69.15977,43.99607],[-69.16124,43.99629]]]},"properties":{}},{"type":"Feature","geometry":{"type":"Polygon","coordinates":[[[-69.12244,43.8708],[-69.12268,43.87233],[-69.12483,43.87143],[-69.12321,43.86932],[-69.12244,43.8708]]]},"properties":{}},{"type":"Feature","geometry":{"type":"Polygon","coordinates":[[[-69.01119,43.90032],[-69.01275,43.90131],[-69.01137,43.90235],[-69.01373,43.90849],[-69.00981,43.9065],[-69.00748,43.90722],[-69.00519,43.90417],[-69.00588,43.90341],[-69.0052,43.90223],[-69.01119,43.90032]]]},"properties":{}},{"type":"Feature","geometry":{"type":"Polygon","coordinates":[[[-69.13583,43.98395],[-69.13502,43.98269],[-69.13656,43.98207],[-69.13696,43.98286],[-69.13583,43.98395]]]},"properties":{}},{"type":"Feature","geometry":{"type":"Polygon","coordinates":[[[-69.13478,43.86174],[-69.13395,43.86018],[-69.13237,43.86134],[-69.13281,43.86263],[-69.13478,43.86174]]]},"properties":{}},{"type":"Feature","geometry":{"type":"Polygon","coordinates":[[[-69.17582,43.97764],[-69.17841,43.97598],[-69.17913,43.97638],[-69.17706,43.97762],[-69.17582,43.97764]]]},"properties":{}},{"type":"Feature","geometry":{"type":"Polygon","coordinates":[[[-69.1201,43.87329],[-69.12038,43.87406],[-69.12095,43.87395],[-69.1201,43.87329]]]},"properties":{}},{"type":"Feature","geometry":{"type":"Polygon","coordinates":[[[-69.22482,43.93653],[-69.22577,43.9367],[-69.22586,43.93624],[-69.22482,43.93653]]]},"properties":{}},{"type":"Feature","geometry":{"type":"Polygon","coordinates":[[[-69.07479,44.03932],[-69.07144,44.04248],[-69.06711,44.04006],[-69.07114,44.03835],[-69.07247,44.03698],[-69.07479,44.03932]]]},"properties":{}},{"type":"Feature","geometry":{"type":"Polygon","coordinates":[[[-69.11419,44.03608],[-69.11334,44.0348],[-69.11339,44.03436],[-69.11419,44.03608]]]},"properties":{}},{"type":"Feature","geometry":{"type":"Polygon","coordinates":[[[-69.19059,43.96656],[-69.18545,43.96756],[-69.18529,43.96847],[-69.18875,43.96935],[-69.18932,43.96867],[-69.18875,43.96756],[-69.19059,43.96656]]]},"properties":{}},{"type":"Feature","geometry":{"type":"Polygon","coordinates":[[[-69.12755,43.87735],[-69.12674,43.87839],[-69.12562,43.87811],[-69.12405,43.88134],[-69.12241,43.88182],[-69.12273,43.88555],[-69.12041,43.88833],[-69.12041,43.88957],[-69.12192,43.89002],[-69.1222,43.89509],[-69.11912,43.89614],[-69.1186,43.89772],[-69.11956,43.89835],[-69.121,43.89701],[-69.12431,43.8973],[-69.12598,43.89636],[-69.12722,43.89416],[-69.12761,43.89122],[-69.12861,43.89083],[-69.12873,43.88889],[-69.12779,43.88777],[-69.12905,43.88443],[-69.12864,43.88271],[-69.13117,43.87948],[-69.13041,43.87811],[-69.12892,43.87764],[-69.12885,43.876],[-69.12972,43.87358],[-69.13248,43.87078],[-69.13038,43.86856],[-69.12737,43.87026],[-69.12723,43.87244],[-69.12585,43.87468],[-69.1265,43.87514],[-69.12606,43.87614],[-69.12686,43.87606],[-69.12755,43.87735]]]},"properties":{}},{"type":"Feature","geometry":{"type":"Polygon","coordinates":[[[-69.038,44.08618],[-69.03809,44.085],[-69.03242,44.0808],[-69.0319,44.07911],[-69.03746,44.07403],[-69.03887,44.07442],[-69.04107,44.07365],[-69.04315,44.07527],[-69.04549,44.07421],[-69.04526,44.07809],[-69.04401,44.08018],[-69.04292,44.08047],[-69.04219,44.08288],[-69.038,44.08618]]]},"properties":{}},{"type":"Feature","geometry":{"type":"Polygon","coordinates":[[[-69.04557,44.00704],[-69.04395,44.00608],[-69.04614,44.00697],[-69.04557,44.00704]]]},"properties":{}},{"type":"Feature","geometry":{"type":"Polygon","coordinates":[[[-69.12358,43.98347],[-69.12307,43.98269],[-69.12237,43.98301],[-69.12288,43.98398],[-69.12358,43.98347]]]},"properties":{}},{"type":"Feature","geometry":{"type":"Polygon","coordinates":[[[-69.18673,43.97762],[-69.18619,43.97661],[-69.18521,43.9767],[-69.18544,43.97785],[-69.18673,43.97762]]]},"properties":{}},{"type":"Feature","geometry":{"type":"Polygon","coordinates":[[[-69.19071,43.96243],[-69.18475,43.96219],[-69.18433,43.96046],[-69.18639,43.95985],[-69.18781,43.96129],[-69.19009,43.96159],[-69.19071,43.96243]]]},"properties":{}},{"type":"Feature","geometry":{"type":"Polygon","coordinates":[[[-69.04829,44.01233],[-69.04803,44.01399],[-69.04696,44.01355],[-69.04829,44.01233]]]},"properties":{}},{"type":"Feature","geometry":{"type":"Polygon","coordinates":[[[-69.0729,44.02309],[-69.07017,44.02203],[-69.07011,44.02068],[-69.07288,44.02103],[-69.07365,44.02226],[-69.0729,44.02309]]]},"properties":{}},{"type":"Feature","geometry":{"type":"Polygon","coordinates":[[[-68.85995,44.44417],[-68.86025,44.4436],[-68.85993,44.44323],[-68.85952,44.44371],[-68.85995,44.44417]]]},"properties":{}},{"type":"Feature","geometry":{"type":"Polygon","coordinates":[[[-68.87755,44.38504],[-68.8688,44.38162],[-68.86881,44.38055],[-68.86722,44.37955],[-68.86861,44.37838],[-68.86561,44.37546],[-68.86668,44.3712],[-68.86497,44.36988],[-68.86636,44.36862],[-68.86634,44.36769],[-68.86056,44.36527],[-68.86088,44.36419],[-68.866,44.35938],[-68.86998,44.3614],[-68.8755,44.35847],[-68.87678,44.35695],[-68.87771,44.35487],[-68.87638,44.35305],[-68.8783,44.35144],[-68.87828,44.34924],[-68.87684,44.34873],[-68.87516,44.34675],[-68.87371,44.34695],[-68.87306,44.34479],[-68.87159,44.34441],[-68.88343,44.33786],[-68.88413,44.33861],[-68.88245,44.3412],[-68.88464,44.34316],[-68.88536,44.34524],[-68.89036,44.34434],[-68.89223,44.34511],[-68.89341,44.34419],[-68.89293,44.3422],[-68.89577,44.34274],[-68.89485,44.34166],[-68.89677,44.34156],[-68.89543,44.34073],[-68.89142,44.34246],[-68.89113,44.34126],[-68.88903,44.34078],[-68.88995,44.3388],[-68.88827,44.33821],[-68.89073,44.33734],[-68.89095,44.33626],[-68.89302,44.33447],[-68.89286,44.33191],[-68.89399,44.3299],[-68.89291,44.32842],[-68.89146,44.32864],[-68.89191,44.32682],[-68.89273,44.32667],[-68.8928,44.32799],[-68.89425,44.32835],[-68.89841,44.3258],[-68.89777,44.32224],[-68.89527,44.32094],[-68.89365,44.31759],[-68.8968,44.31714],[-68.8983,44.31887],[-68.90011,44.31938],[-68.9022,44.31833],[-68.90196,44.31652],[-68.9,44.31596],[-68.90051,44.31476],[-68.89974,44.31301],[-68.90117,44.31233],[-68.90168,44.31013],[-68.90081,44.30905],[-68.90228,44.30753],[-68.90123,44.3059],[-68.89999,44.30557],[-68.89811,44.30655],[-68.8983,44.30777],[-68.89763,44.30824],[-68.89413,44.30639],[-68.89455,44.30544],[-68.89366,44.305],[-68.89307,44.3055],[-68.89042,44.30478],[-68.88883,44.30584],[-68.88891,44.30467],[-68.88694,44.30474],[-68.88704,44.30323],[-68.89028,44.29792],[-68.89275,44.29682],[-68.8941,44.2973],[-68.89594,44.29541],[-68.8968,44.29268],[-68.8953,44.29168],[-68.89559,44.29048],[-68.90074,44.28569],[-68.90039,44.28482],[-68.899,44.28473],[-68.89911,44.2837],[-68.90427,44.28017],[-68.90466,44.27695],[-68.90682,44.27269],[-68.90674,44.26964],[-68.90901,44.26849],[-68.90862,44.26784],[-68.90654,44.26832],[-68.90809,44.26646],[-68.90847,44.26415],[-68.90767,44.2639],[-68.90843,44.2622],[-68.91031,44.261],[-68.91234,44.26099],[-68.91148,44.26201],[-68.91323,44.26131],[-68.91236,44.25923],[-68.91068,44.25942],[-68.90841,44.2611],[-68.90605,44.26134],[-68.90735,44.26006],[-68.90703,44.25902],[-68.91186,44.2554],[-68.91454,44.25079],[-68.91399,44.24938],[-68.91271,44.2491],[-68.91304,44.24493],[-68.91863,44.24139],[-68.92044,44.23905],[-68.92461,44.2367],[-68.92659,44.23233],[-68.92929,44.2325],[-68.92993,44.23107],[-68.93167,44.23306],[-68.93122,44.23641],[-68.92956,44.23685],[-68.92592,44.24397],[-68.92086,44.24709],[-68.92194,44.24751],[-68.92264,44.24979],[-68.92376,44.2499],[-68.92423,44.25103],[-68.92163,44.25267],[-68.92104,44.24944],[-68.91794,44.2509],[-68.9186,44.25342],[-68.91395,44.25833],[-68.91505,44.25916],[-68.9197,44.2576],[-68.92294,44.25767],[-68.92373,44.2592],[-68.92198,44.26044],[-68.92245,44.26244],[-68.92013,44.26329],[-68.92188,44.26389],[-68.92456,44.26305],[-68.92529,44.26443],[-68.92428,44.26552],[-68.92438,44.26466],[-68.92294,44.26437],[-68.92075,44.26597],[-68.92099,44.26812],[-68.9186,44.27054],[-68.91991,44.27122],[-68.91958,44.27279],[-68.92052,44.27357],[-68.91858,44.27707],[-68.91515,44.27792],[-68.91648,44.27864],[-68.91416,44.28165],[-68.91831,44.27928],[-68.91968,44.27993],[-68.92267,44.27959],[-68.92251,44.28396],[-68.92132,44.28522],[-68.92045,44.28464],[-68.91985,44.2864],[-68.91503,44.28892],[-68.91404,44.29005],[-68.91907,44.28747],[-68.92012,44.28757],[-68.91994,44.28833],[-68.92067,44.28679],[-68.92468,44.28432],[-68.92742,44.28554],[-68.92623,44.28742],[-68.92631,44.29012],[-68.92793,44.29066],[-68.93186,44.28693],[-68.93294,44.28673],[-68.93589,44.28247],[-68.93788,44.28221],[-68.93979,44.28085],[-68.94188,44.28202],[-68.94284,44.281],[-68.94315,44.28279],[-68.94207,44.28383],[-68.94016,44.28368],[-68.9402,44.28482],[-68.93882,44.2843],[-68.93763,44.28598],[-68.93762,44.28783],[-68.93832,44.28812],[-68.93752,44.29019],[-68.9382,44.29194],[-68.93745,44.29064],[-68.93478,44.29077],[-68.93278,44.29158],[-68.93305,44.29291],[-68.92959,44.29389],[-68.92865,44.29653],[-68.93033,44.29798],[-68.92833,44.29902],[-68.92798,44.30066],[-68.92909,44.30196],[-68.92784,44.30373],[-68.92312,44.30625],[-68.91557,44.31201],[-68.9132,44.31064],[-68.91279,44.31189],[-68.90882,44.31314],[-68.9067,44.31208],[-68.90531,44.30962],[-68.90378,44.3113],[-68.90503,44.31388],[-68.90347,44.31427],[-68.90319,44.31336],[-68.90177,44.3133],[-68.90225,44.3143],[-68.90163,44.31498],[-68.90557,44.31525],[-68.90707,44.31698],[-68.90903,44.31646],[-68.90837,44.31542],[-68.90947,44.31484],[-68.91209,44.31567],[-68.91262,44.31705],[-68.90876,44.31848],[-68.90818,44.31945],[-68.90756,44.31885],[-68.90563,44.3195],[-68.90325,44.32115],[-68.9033,44.32256],[-68.90079,44.32467],[-68.90142,44.32578],[-68.90318,44.32504],[-68.90579,44.32968],[-68.90527,44.33103],[-68.90928,44.33298],[-68.90889,44.33114],[-68.90976,44.33027],[-68.91052,44.33103],[-68.911,44.33011],[-68.9125,44.33036],[-68.91275,44.32937],[-68.91343,44.33041],[-68.91425,44.33033],[-68.91539,44.32936],[-68.91485,44.32851],[-68.91598,44.32758],[-68.915,44.32672],[-68.91665,44.32415],[-68.91802,44.32623],[-68.91617,44.32717],[-68.9193,44.33079],[-68.91837,44.333],[-68.91936,44.3348],[-68.91802,44.33748],[-68.91685,44.33685],[-68.91629,44.33754],[-68.91557,44.33649],[-68.91483,44.33746],[-68.91379,44.33617],[-68.91246,44.33712],[-68.9121,44.33924],[-68.91028,44.34114],[-68.91026,44.34218],[-68.90917,44.34247],[-68.91047,44.34346],[-68.90848,44.34501],[-68.90856,44.34623],[-68.90544,44.34647],[-68.90383,44.34891],[-68.9036,44.34961],[-68.90461,44.34879],[-68.90696,44.34871],[-68.90864,44.35003],[-68.90836,44.35251],[-68.90969,44.35228],[-68.91208,44.35342],[-68.91085,44.35647],[-68.9121,44.35781],[-68.90883,44.3622],[-68.90869,44.36383],[-68.91071,44.36407],[-68.91115,44.3649],[-68.90783,44.36917],[-68.90626,44.37302],[-68.90355,44.37301],[-68.9011,44.37503],[-68.90305,44.37828],[-68.90035,44.37942],[-68.89713,44.37954],[-68.88712,44.37742],[-68.88344,44.37808],[-68.88105,44.38042],[-68.88197,44.38425],[-68.88009,44.3883],[-68.88255,44.39101],[-68.88022,44.39324],[-68.87965,44.38806],[-68.87755,44.38504]]]},"properties":{}},{"type":"Feature","geometry":{"type":"Polygon","coordinates":[[[-68.82503,44.18622],[-68.82195,44.18273],[-68.81992,44.18217],[-68.81895,44.17911],[-68.82372,44.17894],[-68.82596,44.17621],[-68.82271,44.17462],[-68.82265,44.17231],[-68.82164,44.17085],[-68.81947,44.17054],[-68.81958,44.16736],[-68.81853,44.1664],[-68.81974,44.16483],[-68.81903,44.16296],[-68.81949,44.16199],[-68.81514,44.15986],[-68.81188,44.16149],[-68.80858,44.16087],[-68.8068,44.15808],[-68.81655,44.15446],[-68.81712,44.15303],[-68.81452,44.15242],[-68.81468,44.15054],[-68.81667,44.14758],[-68.81906,44.14633],[-68.81908,44.14534],[-68.82047,44.14439],[-68.82818,44.14374],[-68.82657,44.1469],[-68.82266,44.14929],[-68.82504,44.15081],[-68.82441,44.15268],[-68.82733,44.15304],[-68.82798,44.15385],[-68.82711,44.15262],[-68.82747,44.15201],[-68.8304,44.15228],[-68.83067,44.15052],[-68.83432,44.14938],[-68.83509,44.14776],[-68.83792,44.14757],[-68.84553,44.14957],[-68.84504,44.14711],[-68.84687,44.14548],[-68.85025,44.14533],[-68.85063,44.14444],[-68.84625,44.14325],[-68.84403,44.14401],[-68.84287,44.14308],[-68.84964,44.14016],[-68.85069,44.138],[-68.85347,44.13861],[-68.85304,44.13978],[-68.85885,44.14199],[-68.8552,44.14518],[-68.85318,44.14599],[-68.85367,44.14676],[-68.85276,44.14842],[-68.85402,44.14761],[-68.85929,44.14793],[-68.8629,44.1466],[-68.8587,44.14649],[-68.85972,44.14514],[-68.86211,44.1454],[-68.86227,44.14417],[-68.86023,44.14397],[-68.85918,44.14219],[-68.86043,44.14097],[-68.86441,44.13963],[-68.86289,44.13901],[-68.86451,44.13776],[-68.86378,44.13681],[-68.86234,44.13672],[-68.86341,44.13623],[-68.86102,44.13425],[-68.86037,44.13159],[-68.85894,44.13123],[-68.85894,44.12912],[-68.86006,44.12816],[-68.85743,44.12822],[-68.85825,44.12766],[-68.85774,44.12631],[-68.8616,44.1274],[-68.86074,44.12789],[-68.86308,44.12933],[-68.86436,44.12924],[-68.86346,44.12839],[-68.86491,44.12724],[-68.86807,44.12773],[-68.87054,44.12675],[-68.87643,44.12709],[-68.87765,44.12799],[-68.87766,44.12894],[-68.88033,44.12938],[-68.8799,44.12992],[-68.88105,44.13168],[-68.88371,44.13228],[-68.88605,44.13169],[-68.88527,44.13062],[-68.88404,44.1311],[-68.88441,44.12919],[-68.88651,44.13016],[-68.89038,44.12862],[-68.89007,44.13017],[-68.89278,44.13118],[-68.89121,44.13265],[-68.8898,44.13056],[-68.8904,44.13322],[-68.88543,44.13772],[-68.88071,44.13783],[-68.88459,44.13613],[-68.88136,44.13543],[-68.88097,44.13329],[-68.87949,44.13447],[-68.8787,44.1338],[-68.87746,44.13579],[-68.8764,44.13587],[-68.87853,44.13901],[-68.87723,44.13877],[-68.87727,44.13966],[-68.87527,44.14043],[-68.87575,44.14107],[-68.87466,44.14226],[-68.87512,44.14286],[-68.87144,44.14469],[-68.87393,44.1441],[-68.8718,44.14632],[-68.87263,44.14692],[-68.87624,44.14549],[-68.87953,44.14662],[-68.8838,44.14575],[-68.8871,44.14602],[-68.89224,44.14216],[-68.89312,44.14128],[-68.89249,44.14093],[-68.89472,44.1392],[-68.90046,44.13673],[-68.90605,44.13189],[-68.90869,44.13126],[-68.90898,44.13196],[-68.90809,44.1329],[-68.90245,44.13705],[-68.9023,44.1383],[-68.898,44.14071],[-68.89691,44.14203],[-68.89754,44.14231],[-68.90039,44.13985],[-68.90599,44.13733],[-68.90881,44.13417],[-68.90999,44.13471],[-68.91182,44.13337],[-68.91307,44.13348],[-68.91585,44.13055],[-68.9152,44.12959],[-68.91637,44.12827],[-68.91822,44.12761],[-68.92398,44.12768],[-68.929,44.12319],[-68.93182,44.12319],[-68.92947,44.12496],[-68.92986,44.12645],[-68.93173,44.12803],[-68.93376,44.12728],[-68.93504,44.12926],[-68.9328,44.13224],[-68.92767,44.13499],[-68.92294,44.13598],[-68.92174,44.13539],[-68.91838,44.13715],[-68.91876,44.1389],[-68.92134,44.13828],[-68.92211,44.13968],[-68.92339,44.13999],[-68.92308,44.14142],[-68.91631,44.1485],[-68.91383,44.14773],[-68.9102,44.14858],[-68.91012,44.15125],[-68.90717,44.15375],[-68.90418,44.15284],[-68.8994,44.15397],[-68.8944,44.15754],[-68.89223,44.15814],[-68.89104,44.15624],[-68.89536,44.15471],[-68.89977,44.14851],[-68.89189,44.15471],[-68.88933,44.15536],[-68.8892,44.15446],[-68.89067,44.15286],[-68.88859,44.15203],[-68.88696,44.15337],[-68.88522,44.15215],[-68.88767,44.1489],[-68.88365,44.15078],[-68.87929,44.15426],[-68.87545,44.15554],[-68.87483,44.15685],[-68.87054,44.15866],[-68.86165,44.16088],[-68.85628,44.16042],[-68.85448,44.16104],[-68.85341,44.16197],[-68.85552,44.16279],[-68.8585,44.16137],[-68.86778,44.1603],[-68.86898,44.16096],[-68.86906,44.15993],[-68.87046,44.1609],[-68.87601,44.15643],[-68.87719,44.15677],[-68.88001,44.15562],[-68.88098,44.15826],[-68.88225,44.15648],[-68.884,44.15565],[-68.88451,44.15711],[-68.8832,44.15836],[-68.8863,44.15671],[-68.88858,44.15882],[-68.88731,44.16112],[-68.87954,44.16513],[-68.87604,44.16841],[-68.87139,44.17103],[-68.86545,44.1722],[-68.86371,44.17378],[-68.86412,44.17519],[-68.85952,44.17629],[-68.85223,44.18072],[-68.84693,44.18281],[-68.84564,44.18449],[-68.8431,44.18488],[-68.8424,44.1834],[-68.84018,44.18203],[-68.83443,44.18303],[-68.83213,44.18539],[-68.83072,44.18482],[-68.82503,44.18622]]]},"properties":{}},{"type":"Feature","geometry":{"type":"Polygon","coordinates":[[[-68.85507,44.47843],[-68.853,44.48171],[-68.85075,44.48333],[-69.38236,44.48333],[-69.38236,44.12319],[-69.07874,44.12319],[-69.07697,44.1251],[-69.07592,44.12945],[-69.07619,44.13434],[-69.08128,44.13383],[-69.08573,44.13467],[-69.08984,44.13174],[-69.09267,44.13468],[-69.08903,44.13884],[-69.08627,44.14017],[-69.08411,44.13943],[-69.08272,44.13985],[-69.07955,44.14323],[-69.07971,44.14406],[-69.08164,44.14419],[-69.08232,44.14547],[-69.08006,44.14797],[-69.0783,44.14867],[-69.07815,44.15129],[-69.07981,44.15248],[-69.07972,44.15424],[-69.08111,44.15549],[-69.0814,44.15702],[-69.08005,44.16089],[-69.07772,44.1637],[-69.07752,44.1683],[-69.07318,44.17632],[-69.07312,44.17829],[-69.07464,44.17941],[-69.07417,44.18001],[-69.07523,44.18349],[-69.07431,44.18463],[-69.07459,44.18539],[-69.07108,44.1869],[-69.07151,44.18508],[-69.07042,44.18207],[-69.06284,44.17547],[-69.06289,44.17283],[-69.05962,44.17208],[-69.0605,44.1683],[-69.05903,44.16909],[-69.05777,44.17353],[-69.055,44.17302],[-69.05448,44.17156],[-69.05302,44.17313],[-69.05324,44.17581],[-69.05582,44.1765],[-69.05746,44.18157],[-69.05648,44.18945],[-69.05318,44.192],[-69.05157,44.19497],[-69.0517,44.19654],[-69.0553,44.20004],[-69.05476,44.2022],[-69.05529,44.20338],[-69.05821,44.20328],[-69.05933,44.20568],[-69.0625,44.20835],[-69.06292,44.21043],[-69.06411,44.21032],[-69.0626,44.21166],[-69.06027,44.20794],[-69.05639,44.21001],[-69.05558,44.21326],[-69.05298,44.2164],[-69.05053,44.21675],[-69.0481,44.21595],[-69.04819,44.21343],[-69.04951,44.2121],[-69.04803,44.21175],[-69.04778,44.21059],[-69.04729,44.21116],[-69.04669,44.21057],[-69.04546,44.2136],[-69.04295,44.21522],[-69.04429,44.21926],[-69.04308,44.2245],[-69.04381,44.22524],[-69.04015,44.23428],[-69.03592,44.23727],[-69.03366,44.24116],[-69.03133,44.24259],[-69.0312,44.24516],[-69.02974,44.2483],[-69.02723,44.24931],[-69.01665,44.2583],[-69.0125,44.26607],[-69.00793,44.26967],[-69.00709,44.27298],[-69.00528,44.27467],[-69.00531,44.27775],[-69.00653,44.27967],[-69.00513,44.28067],[-69.00712,44.28037],[-69.00816,44.28185],[-69.00743,44.28306],[-69.00797,44.28339],[-69.00545,44.2856],[-69.00439,44.28849],[-69.00184,44.28956],[-69.0012,44.29067],[-69.00348,44.29449],[-69.00284,44.29595],[-69.0037,44.29593],[-69.00476,44.29768],[-69.00218,44.29713],[-69.00191,44.29551],[-68.99559,44.29799],[-68.9833,44.29946],[-68.98122,44.29866],[-68.98082,44.29744],[-68.98141,44.29659],[-68.97992,44.29483],[-68.97756,44.29806],[-68.97361,44.30064],[-68.97329,44.30365],[-68.97078,44.3038],[-68.96866,44.30511],[-68.96933,44.30598],[-68.96843,44.30711],[-68.96223,44.30934],[-68.96192,44.31016],[-68.96327,44.31097],[-68.95836,44.31506],[-68.9595,44.3159],[-68.9615,44.31527],[-68.96074,44.31696],[-68.96143,44.31808],[-68.95874,44.31748],[-68.95686,44.31867],[-68.9582,44.32016],[-68.95403,44.32395],[-68.95276,44.32961],[-68.95216,44.33601],[-68.95272,44.33732],[-68.95618,44.33997],[-68.95194,44.33931],[-68.94965,44.3402],[-68.95045,44.34226],[-68.94953,44.34474],[-68.95079,44.34694],[-68.94932,44.34921],[-68.94931,44.35179],[-68.94813,44.35372],[-68.94901,44.35751],[-68.9541,44.3631],[-68.95617,44.36872],[-68.95995,44.37167],[-68.96129,44.37183],[-68.9614,44.37318],[-68.9603,44.37397],[-68.96083,44.37514],[-68.96611,44.37875],[-68.96719,44.3809],[-68.97001,44.38234],[-68.97367,44.38289],[-68.97586,44.38511],[-68.97817,44.38617],[-68.97964,44.38455],[-68.9835,44.38493],[-68.9841,44.3859],[-68.98306,44.38646],[-68.98406,44.38856],[-68.98989,44.39482],[-68.9881,44.39414],[-68.98483,44.39632],[-68.98257,44.39864],[-68.98265,44.40024],[-68.98425,44.40412],[-68.99473,44.42163],[-69.00349,44.42777],[-69.00373,44.42894],[-69.00702,44.42882],[-69.00913,44.42991],[-69.01485,44.43576],[-69.01635,44.43916],[-69.02212,44.44073],[-69.02478,44.44394],[-69.02874,44.44549],[-69.03035,44.4474],[-69.03023,44.44926],[-69.03116,44.45012],[-69.03306,44.44896],[-69.03473,44.4497],[-69.04477,44.45021],[-69.03958,44.45078],[-69.03654,44.44981],[-69.03354,44.45001],[-69.03256,44.45061],[-69.03371,44.45228],[-69.0335,44.45377],[-69.02868,44.44897],[-69.02783,44.44914],[-69.02786,44.44823],[-69.02546,44.44809],[-69.02384,44.44887],[-69.02267,44.44644],[-69.02321,44.44538],[-69.02096,44.44172],[-69.019,44.44274],[-69.01684,44.44235],[-69.01377,44.44075],[-69.01132,44.43795],[-69.00789,44.43728],[-69.00749,44.43647],[-69.00848,44.43479],[-69.0067,44.43285],[-68.99698,44.43102],[-68.9965,44.42989],[-68.99607,44.43057],[-68.99302,44.42997],[-68.99297,44.43107],[-68.99208,44.429],[-68.98842,44.42868],[-68.98668,44.42647],[-68.97212,44.42646],[-68.96605,44.42835],[-68.95834,44.42843],[-68.95763,44.42929],[-68.9509,44.43116],[-68.94902,44.43099],[-68.94861,44.42979],[-68.94636,44.42919],[-68.9464,44.42832],[-68.94415,44.42839],[-68.94335,44.42867],[-68.94089,44.4338],[-68.93299,44.43752],[-68.93133,44.44041],[-68.93153,44.4413],[-68.92766,44.44556],[-68.92715,44.44787],[-68.92801,44.45018],[-68.92764,44.45225],[-68.927,44.45289],[-68.92522,44.4527],[-68.92533,44.45518],[-68.92611,44.45499],[-68.92619,44.4551],[-68.92298,44.45574],[-68.922,44.45764],[-68.91891,44.45711],[-68.91656,44.45516],[-68.90958,44.45491],[-68.90902,44.45276],[-68.90791,44.45192],[-68.89899,44.45247],[-68.89843,44.45114],[-68.89887,44.4525],[-68.89808,44.45289],[-68.89633,44.45042],[-68.89793,44.45375],[-68.89717,44.45665],[-68.8974,44.46371],[-68.89673,44.46462],[-68.89725,44.46653],[-68.89801,44.4668],[-68.89716,44.46796],[-68.89763,44.469],[-68.89444,44.46797],[-68.89502,44.46855],[-68.89511,44.46914],[-68.8948,44.46852],[-68.8925,44.46836],[-68.88696,44.46321],[-68.88477,44.46285],[-68.88334,44.45987],[-68.88261,44.45592],[-68.88649,44.45359],[-68.8883,44.45116],[-68.88966,44.44695],[-68.89153,44.44469],[-68.8929,44.44444],[-68.89174,44.44385],[-68.89004,44.44083],[-68.88998,44.43804],[-68.88895,44.43683],[-68.88893,44.43533],[-68.88568,44.43036],[-68.88012,44.42806],[-68.87519,44.43027],[-68.87461,44.43241],[-68.86992,44.4358],[-68.87179,44.44165],[-68.87016,44.44473],[-68.87181,44.44951],[-68.87213,44.45318],[-68.87975,44.45507],[-68.88153,44.45617],[-68.88315,44.46285],[-68.88097,44.46481],[-68.87784,44.46452],[-68.87828,44.46704],[-68.87731,44.46762],[-68.87655,44.46996],[-68.87382,44.47154],[-68.87372,44.47288],[-68.8703,44.47338],[-68.86646,44.47726],[-68.86329,44.47862],[-68.86202,44.48004],[-68.85838,44.47837],[-68.85694,44.47973],[-68.85507,44.47843]]]},"properties":{}},{"type":"Feature","geometry":{"type":"Polygon","coordinates":[[[-68.62181,44.15046],[-68.6193,44.15113],[-68.62086,44.14997],[-68.62181,44.15046]]]},"properties":{}},{"type":"Feature","geometry":{"type":"Polygon","coordinates":[[[-68.80979,44.40555],[-68.80851,44.40489],[-68.80789,44.40311],[-68.81034,44.4012],[-68.81258,44.39533],[-68.81532,44.39465],[-68.81875,44.39576],[-68.82162,44.39443],[-68.82034,44.38923],[-68.82082,44.38355],[-68.81865,44.38137],[-68.8147,44.38252],[-68.81006,44.38144],[-68.80672,44.38354],[-68.796,44.38703],[-68.79466,44.39079],[-68.78909,44.39409],[-68.78934,44.39586],[-68.78811,44.39982],[-68.78953,44.40103],[-68.79276,44.39915],[-68.80129,44.39679],[-68.80494,44.39675],[-68.80458,44.39846],[-68.80293,44.40008],[-68.79148,44.40366],[-68.78813,44.40399],[-68.78175,44.40089],[-68.77881,44.40238],[-68.77874,44.40468],[-68.77619,44.4038],[-68.77593,44.40633],[-68.77095,44.41099],[-68.7701,44.41698],[-68.76724,44.42104],[-68.76687,44.42377],[-68.76583,44.42453],[-68.76656,44.42563],[-68.76635,44.42729],[-68.76746,44.42746],[-68.76758,44.42819],[-68.76602,44.42743],[-68.76363,44.42924],[-68.76213,44.4285],[-68.76193,44.42753],[-68.76052,44.42836],[-68.7585,44.42636],[-68.75152,44.42916],[-68.74993,44.43192],[-68.74778,44.43285],[-68.74734,44.434],[-68.74456,44.43462],[-68.745,44.43888],[-68.7427,44.4399],[-68.74332,44.44402],[-68.74199,44.43993],[-68.74257,44.43883],[-68.74143,44.43255],[-68.73887,44.43275],[-68.73563,44.43489],[-68.73687,44.43636],[-68.73613,44.43715],[-68.73659,44.43879],[-68.73351,44.44168],[-68.73374,44.44602],[-68.73155,44.4467],[-68.73058,44.44903],[-68.72892,44.4505],[-68.7267,44.45746],[-68.72916,44.45912],[-68.72957,44.46057],[-68.7365,44.45797],[-68.73455,44.45926],[-68.73394,44.46177],[-68.73678,44.46243],[-68.7382,44.46563],[-68.73974,44.46684],[-68.7372,44.46642],[-68.73775,44.46931],[-68.73748,44.47058],[-68.73621,44.46726],[-68.73004,44.46451],[-68.72638,44.46491],[-68.72775,44.46787],[-68.72988,44.46845],[-68.72714,44.46909],[-68.72731,44.4709],[-68.72575,44.47128],[-68.72523,44.47221],[-68.72512,44.47143],[-68.727,44.47012],[-68.72294,44.46587],[-68.71982,44.46512],[-68.71898,44.46634],[-68.71523,44.4649],[-68.71121,44.46189],[-68.70894,44.46295],[-68.70771,44.45935],[-68.70867,44.45821],[-68.70873,44.45466],[-68.7043,44.45265],[-68.70568,44.45263],[-68.70755,44.45044],[-68.71045,44.44908],[-68.71297,44.4506],[-68.71494,44.4494],[-68.71652,44.45026],[-68.7203,44.45048],[-68.72114,44.44915],[-68.72105,44.44346],[-68.72252,44.44175],[-68.72283,44.43828],[-68.72478,44.43516],[-68.72475,44.43315],[-68.72282,44.42816],[-68.72347,44.42595],[-68.72653,44.42503],[-68.72718,44.42143],[-68.72581,44.42049],[-68.72689,44.41883],[-68.7292,44.41812],[-68.72972,44.4161],[-68.72793,44.41377],[-68.72581,44.41339],[-68.72461,44.41225],[-68.71973,44.41459],[-68.71861,44.41632],[-68.7148,44.41452],[-68.71507,44.41383],[-68.71271,44.41275],[-68.71075,44.41053],[-68.71007,44.41076],[-68.71057,44.41249],[-68.70865,44.41188],[-68.70621,44.40751],[-68.70267,44.40491],[-68.70031,44.39959],[-68.70094,44.39807],[-68.70356,44.39857],[-68.70449,44.39805],[-68.70453,44.39592],[-68.70254,44.39659],[-68.69911,44.39504],[-68.69305,44.39555],[-68.69099,44.39378],[-68.68793,44.39486],[-68.68692,44.39431],[-68.68564,44.39547],[-68.68103,44.39536],[-68.68091,44.39594],[-68.67979,44.39625],[-68.68053,44.39573],[-68.67978,44.3951],[-68.68375,44.39309],[-68.68092,44.38886],[-68.67914,44.38972],[-68.67629,44.38951],[-68.67445,44.38782],[-68.66961,44.3884],[-68.66779,44.38736],[-68.66789,44.38627],[-68.66894,44.38655],[-68.67152,44.38502],[-68.67121,44.38271],[-68.67249,44.38124],[-68.67355,44.38114],[-68.67292,44.37968],[-68.67084,44.37822],[-68.67275,44.3757],[-68.66926,44.37164],[-68.66342,44.37132],[-68.66229,44.37039],[-68.66047,44.37018],[-68.66005,44.36963],[-68.66064,44.36905],[-68.66309,44.3704],[-68.66486,44.37018],[-68.66501,44.3693],[-68.66697,44.36808],[-68.66918,44.36811],[-68.67094,44.36694],[-68.67194,44.36481],[-68.67303,44.36442],[-68.6759,44.36476],[-68.67603,44.36667],[-68.67817,44.36687],[-68.67802,44.3649],[-68.67559,44.36183],[-68.67616,44.35978],[-68.67862,44.35889],[-68.67749,44.35418],[-68.67835,44.3536],[-68.67956,44.35754],[-68.67932,44.35904],[-68.67823,44.35965],[-68.67855,44.36068],[-68.67947,44.3605],[-68.68163,44.36328],[-68.68103,44.36486],[-68.67987,44.36508],[-68.68023,44.36594],[-68.67881,44.36635],[-68.67989,44.36808],[-68.67914,44.36865],[-68.68239,44.36912],[-68.6831,44.37032],[-68.68082,44.37322],[-68.67853,44.37306],[-68.67906,44.37515],[-68.67658,44.37738],[-68.67643,44.38084],[-68.67559,44.38142],[-68.67669,44.38192],[-68.67655,44.38293],[-68.6794,44.38374],[-68.68168,44.38238],[-68.68309,44.38474],[-68.68451,44.38559],[-68.68503,44.38682],[-68.68422,44.38825],[-68.68198,44.38819],[-68.68445,44.38929],[-68.68652,44.39136],[-68.6851,44.39312],[-68.68552,44.39376],[-68.68667,44.39369],[-68.68846,44.39201],[-68.69324,44.39163],[-68.6943,44.39081],[-68.69734,44.39153],[-68.69777,44.39289],[-68.69925,44.39255],[-68.69986,44.39353],[-68.7008,44.39182],[-68.70088,44.39263],[-68.702,44.39332],[-68.70152,44.39196],[-68.70284,44.39118],[-68.70343,44.39345],[-68.70549,44.39453],[-68.70516,44.3953],[-68.70609,44.39663],[-68.70518,44.3981],[-68.70594,44.39897],[-68.70529,44.401],[-68.70757,44.40213],[-68.70866,44.40364],[-68.71185,44.40286],[-68.71331,44.40384],[-68.7138,44.40553],[-68.71735,44.40841],[-68.71737,44.40996],[-68.71597,44.409],[-68.71567,44.41027],[-68.7175,44.41122],[-68.71745,44.41007],[-68.71979,44.41104],[-68.71865,44.41168],[-68.71994,44.41301],[-68.72037,44.41222],[-68.72249,44.41193],[-68.72014,44.41056],[-68.72184,44.40964],[-68.71937,44.40856],[-68.71959,44.40764],[-68.7172,44.40228],[-68.71587,44.40171],[-68.7168,44.39985],[-68.72028,44.4017],[-68.72389,44.40702],[-68.72662,44.40427],[-68.7267,44.40197],[-68.72876,44.40491],[-68.73163,44.40531],[-68.73177,44.40636],[-68.7303,44.40714],[-68.73066,44.40806],[-68.73418,44.40885],[-68.73546,44.41114],[-68.73623,44.41095],[-68.7353,44.40897],[-68.73772,44.40969],[-68.73819,44.4089],[-68.73676,44.40557],[-68.74047,44.40974],[-68.74069,44.40855],[-68.74267,44.40697],[-68.74265,44.40938],[-68.74642,44.41128],[-68.74643,44.41201],[-68.74816,44.41088],[-68.74773,44.4099],[-68.7485,44.40957],[-68.74781,44.41225],[-68.74589,44.41277],[-68.74501,44.41201],[-68.74259,44.4121],[-68.74116,44.41391],[-68.74394,44.41514],[-68.74362,44.41645],[-68.7443,44.4165],[-68.7426,44.42057],[-68.74312,44.42319],[-68.7446,44.42301],[-68.7455,44.42428],[-68.74716,44.42023],[-68.75014,44.41811],[-68.7495,44.42219],[-68.75028,44.42352],[-68.75127,44.42328],[-68.74968,44.42484],[-68.75359,44.42486],[-68.75438,44.42556],[-68.75783,44.4241],[-68.75931,44.42471],[-68.76131,44.42364],[-68.76301,44.4214],[-68.76329,44.41845],[-68.76422,44.41795],[-68.76559,44.41267],[-68.76271,44.40708],[-68.76308,44.4056],[-68.76107,44.40333],[-68.76128,44.40172],[-68.76526,44.39928],[-68.76657,44.39762],[-68.76864,44.39945],[-68.77086,44.39949],[-68.77442,44.39506],[-68.77717,44.39376],[-68.77717,44.39243],[-68.77818,44.39243],[-68.77766,44.38875],[-68.78039,44.38892],[-68.77872,44.38653],[-68.77973,44.3841],[-68.77885,44.38337],[-68.77301,44.38327],[-68.76998,44.38229],[-68.76891,44.38091],[-68.7654,44.38143],[-68.76053,44.37905],[-68.7571,44.37989],[-68.75899,44.37925],[-68.75902,44.37768],[-68.75818,44.37669],[-68.75893,44.37612],[-68.75879,44.37459],[-68.76362,44.37663],[-68.76491,44.3762],[-68.76431,44.37509],[-68.76238,44.37432],[-68.76219,44.37338],[-68.75839,44.37196],[-68.76102,44.37112],[-68.75891,44.3695],[-68.76076,44.36639],[-68.75899,44.36437],[-68.75735,44.36405],[-68.75587,44.36115],[-68.75749,44.36091],[-68.7585,44.36198],[-68.75872,44.36401],[-68.75921,44.36345],[-68.76148,44.36455],[-68.76434,44.35807],[-68.76587,44.35743],[-68.76715,44.35919],[-68.77061,44.35895],[-68.77363,44.36032],[-68.77398,44.36174],[-68.7745,44.36087],[-68.77607,44.36145],[-68.77671,44.36345],[-68.77892,44.36358],[-68.77998,44.36506],[-68.77904,44.36587],[-68.77915,44.3673],[-68.78094,44.36897],[-68.78541,44.37038],[-68.78426,44.37348],[-68.78566,44.3746],[-68.78864,44.37422],[-68.78838,44.37608],[-68.79171,44.37629],[-68.79126,44.37761],[-68.79213,44.37795],[-68.79471,44.37558],[-68.7956,44.3764],[-68.79567,44.37806],[-68.79697,44.37771],[-68.79733,44.37931],[-68.79801,44.37928],[-68.79887,44.37586],[-68.79822,44.37511],[-68.79568,44.37477],[-68.79572,44.37398],[-68.79361,44.37455],[-68.7914,44.37193],[-68.78765,44.3717],[-68.78732,44.37018],[-68.78995,44.3686],[-68.79374,44.36383],[-68.79519,44.3646],[-68.79536,44.36384],[-68.79798,44.36418],[-68.80017,44.36334],[-68.80106,44.36208],[-68.80083,44.36024],[-68.80283,44.35904],[-68.80329,44.35754],[-68.80458,44.35996],[-68.80582,44.35989],[-68.80771,44.35794],[-68.80918,44.35454],[-68.80675,44.35295],[-68.80523,44.35584],[-68.80416,44.35604],[-68.80451,44.35386],[-68.80345,44.35204],[-68.80404,44.35105],[-68.80275,44.35025],[-68.80409,44.34681],[-68.80277,44.34425],[-68.80353,44.34389],[-68.8027,44.34363],[-68.80338,44.34238],[-68.80262,44.34134],[-68.8014,44.34198],[-68.80097,44.34334],[-68.80081,44.34345],[-68.80092,44.34176],[-68.79824,44.33782],[-68.80102,44.34135],[-68.80364,44.34126],[-68.80377,44.34236],[-68.8035,44.34418],[-68.80491,44.3465],[-68.80426,44.3476],[-68.80512,44.34981],[-68.80724,44.35001],[-68.80662,44.3485],[-68.80833,44.34818],[-68.80865,44.34955],[-68.80759,44.3506],[-68.80925,44.3518],[-68.80881,44.35409],[-68.81007,44.35412],[-68.81012,44.35596],[-68.81266,44.35288],[-68.81657,44.35248],[-68.81762,44.35327],[-68.82053,44.3524],[-68.82147,44.35046],[-68.82061,44.34934],[-68.82162,44.34633],[-68.82084,44.34454],[-68.8236,44.3419],[-68.82549,44.33419],[-68.82428,44.33122],[-68.82161,44.32957],[-68.82152,44.32853],[-68.81797,44.32688],[-68.82491,44.32392],[-68.82517,44.32235],[-68.82771,44.32054],[-68.82822,44.31642],[-68.82689,44.31443],[-68.82538,44.31368],[-68.82751,44.31306],[-68.82733,44.31202],[-68.82339,44.31059],[-68.81703,44.31165],[-68.81178,44.309],[-68.8102,44.30891],[-68.80649,44.30935],[-68.80324,44.31144],[-68.80149,44.31088],[-68.80215,44.30879],[-68.80146,44.30832],[-68.79538,44.30766],[-68.79353,44.30833],[-68.79151,44.311],[-68.79208,44.31496],[-68.79096,44.31664],[-68.79152,44.3182],[-68.79045,44.3165],[-68.78972,44.31671],[-68.78937,44.31495],[-68.78807,44.31755],[-68.78986,44.31919],[-68.78913,44.32009],[-68.79013,44.32491],[-68.79211,44.32452],[-68.79341,44.32493],[-68.79116,44.32535],[-68.79353,44.3267],[-68.79109,44.32822],[-68.79108,44.3273],[-68.79006,44.32713],[-68.7896,44.32582],[-68.78763,44.32434],[-68.78751,44.3207],[-68.78693,44.32154],[-68.78524,44.32169],[-68.78358,44.31945],[-68.78206,44.31932],[-68.78129,44.32027],[-68.78152,44.3216],[-68.77839,44.3226],[-68.77617,44.31911],[-68.77342,44.319],[-68.77038,44.3215],[-68.77067,44.32355],[-68.77259,44.32659],[-68.7699,44.32802],[-68.7712,44.32968],[-68.77171,44.32915],[-68.7719,44.33173],[-68.7726,44.33187],[-68.77268,44.33082],[-68.77365,44.32886],[-68.77505,44.33059],[-68.77415,44.3307],[-68.77276,44.33315],[-68.77324,44.33848],[-68.77239,44.33721],[-68.77224,44.33435],[-68.77023,44.33432],[-68.76957,44.33517],[-68.76883,44.33679],[-68.76954,44.34076],[-68.76905,44.34191],[-68.77038,44.34206],[-68.77178,44.34134],[-68.77168,44.34069],[-68.77318,44.34163],[-68.7739,44.34077],[-68.77933,44.33997],[-68.77708,44.341],[-68.77676,44.34378],[-68.77458,44.34772],[-68.7747,44.34832],[-68.77647,44.34844],[-68.77657,44.34935],[-68.77562,44.34979],[-68.7775,44.34943],[-68.77337,44.35208],[-68.77302,44.3532],[-68.77149,44.35306],[-68.77029,44.35356],[-68.77003,44.35351],[-68.77164,44.35274],[-68.77084,44.35049],[-68.773,44.34963],[-68.77346,44.34596],[-68.77486,44.34653],[-68.77595,44.34152],[-68.77119,44.34257],[-68.77065,44.34365],[-68.77119,44.34492],[-68.76969,44.34299],[-68.76871,44.34392],[-68.7654,44.34329],[-68.76353,44.34398],[-68.76569,44.34262],[-68.76676,44.34294],[-68.76707,44.34124],[-68.768,44.3409],[-68.76701,44.33982],[-68.76708,44.33772],[-68.76578,44.33826],[-68.76711,44.33642],[-68.76516,44.33484],[-68.76585,44.33177],[-68.76635,44.33245],[-68.76785,44.33162],[-68.7682,44.32661],[-68.76699,44.32547],[-68.76791,44.32527],[-68.76661,44.32517],[-68.76584,44.32706],[-68.76425,44.32696],[-68.7642,44.32827],[-68.76241,44.32883],[-68.76022,44.33131],[-68.75967,44.33431],[-68.76064,44.33502],[-68.76055,44.33604],[-68.75953,44.33922],[-68.75851,44.34002],[-68.75954,44.34148],[-68.75646,44.34439],[-68.7559,44.34596],[-68.75282,44.34791],[-68.75368,44.3495],[-68.7555,44.34917],[-68.7545,44.3502],[-68.75526,44.35257],[-68.75356,44.35406],[-68.75316,44.35281],[-68.75468,44.35218],[-68.75372,44.35014],[-68.74869,44.35207],[-68.75284,44.35033],[-68.7505,44.3494],[-68.74912,44.34986],[-68.74943,44.34825],[-68.74841,44.34704],[-68.75013,44.34666],[-68.75159,44.34437],[-68.74948,44.34142],[-68.7534,44.33941],[-68.75286,44.33729],[-68.75371,44.33619],[-68.75287,44.3355],[-68.75395,44.33264],[-68.75315,44.33154],[-68.75139,44.3303],[-68.74634,44.33107],[-68.744,44.33069],[-68.74547,44.33295],[-68.74594,44.33688],[-68.74425,44.33827],[-68.74443,44.33946],[-68.74287,44.34139],[-68.74011,44.34181],[-68.74169,44.34036],[-68.74118,44.34002],[-68.73611,44.34019],[-68.72735,44.33426],[-68.72864,44.33233],[-68.73157,44.3333],[-68.73391,44.33219],[-68.73197,44.33057],[-68.73215,44.32852],[-68.73315,44.32827],[-68.73223,44.32773],[-68.73261,44.32662],[-68.73066,44.32617],[-68.72909,44.32472],[-68.72913,44.32353],[-68.72393,44.32044],[-68.72034,44.31934],[-68.71953,44.3194],[-68.72004,44.32034],[-68.71951,44.32073],[-68.7181,44.32019],[-68.71409,44.31836],[-68.71338,44.31757],[-68.714,44.31715],[-68.71243,44.31576],[-68.70955,44.31428],[-68.70473,44.31337],[-68.70286,44.31114],[-68.69624,44.30852],[-68.69447,44.30722],[-68.6943,44.30598],[-68.69249,44.30529],[-68.69422,44.30374],[-68.69695,44.3056],[-68.69761,44.30486],[-68.69711,44.30381],[-68.69484,44.30321],[-68.69336,44.30188],[-68.69288,44.2991],[-68.68882,44.297],[-68.68574,44.29722],[-68.68489,44.29654],[-68.68348,44.29707],[-68.68259,44.29848],[-68.68353,44.29946],[-68.68166,44.30078],[-68.6834,44.30116],[-68.68357,44.30199],[-68.68126,44.30272],[-68.68231,44.30389],[-68.68147,44.30514],[-68.67969,44.30518],[-68.67852,44.30173],[-68.67528,44.30055],[-68.6755,44.29901],[-68.67318,44.2985],[-68.67409,44.29718],[-68.66802,44.29413],[-68.66506,44.29322],[-68.65474,44.29273],[-68.6509,44.28984],[-68.6447,44.28972],[-68.64231,44.28881],[-68.63923,44.28921],[-68.6364,44.2873],[-68.63102,44.28596],[-68.62992,44.28675],[-68.62957,44.28886],[-68.63003,44.29267],[-68.63119,44.29431],[-68.62964,44.29574],[-68.62923,44.29802],[-68.62701,44.30085],[-68.6253,44.30233],[-68.62425,44.30177],[-68.62147,44.29712],[-68.62094,44.29966],[-68.62153,44.30115],[-68.61979,44.30052],[-68.61597,44.30292],[-68.61597,44.48333],[-68.77829,44.48333],[-68.77998,44.47943],[-68.78284,44.47631],[-68.78505,44.47032],[-68.78557,44.46141],[-68.78388,44.45882],[-68.78298,44.45904],[-68.78314,44.46011],[-68.7825,44.46041],[-68.78313,44.45726],[-68.78198,44.45385],[-68.78262,44.44753],[-68.78411,44.44725],[-68.78931,44.45167],[-68.7943,44.45178],[-68.79797,44.45055],[-68.8004,44.44654],[-68.80012,44.43781],[-68.80149,44.43417],[-68.80862,44.431],[-68.81225,44.43029],[-68.81627,44.42623],[-68.81635,44.41965],[-68.81809,44.41712],[-68.81854,44.41466],[-68.81958,44.41429],[-68.82169,44.40797],[-68.81874,44.40337],[-68.81729,44.40251],[-68.81348,44.40316],[-68.80979,44.40555]]]},"properties":{}},{"type":"Feature","geometry":{"type":"Polygon","coordinates":[[[-68.63219,44.13744],[-68.62718,44.13432],[-68.63087,44.13449],[-68.63428,44.13695],[-68.63219,44.13744]]]},"properties":{}},{"type":"Feature","geometry":{"type":"Polygon","coordinates":[[[-68.61597,44.14616],[-68.61597,44.14913],[-68.61803,44.14914],[-68.622,44.14738],[-68.61893,44.14599],[-68.61597,44.14616]]]},"properties":{}},{"type":"Feature","geometry":{"type":"Polygon","coordinates":[[[-68.89493,44.12319],[-68.88854,44.12319],[-68.88665,44.12508],[-68.88906,44.12511],[-68.89493,44.12319]]]},"properties":{}},{"type":"Feature","geometry":{"type":"Polygon","coordinates":[[[-68.86548,44.35449],[-68.86426,44.35503],[-68.86406,44.35494],[-68.86452,44.35444],[-68.86548,44.35449]]]},"properties":{}},{"type":"Feature","geometry":{"type":"Polygon","coordinates":[[[-68.62569,44.27962],[-68.61597,44.27623],[-68.61597,44.29883],[-68.61835,44.29723],[-68.61873,44.29528],[-68.61974,44.29574],[-68.61932,44.29428],[-68.62292,44.29189],[-68.62313,44.29007],[-68.62613,44.28663],[-68.62569,44.27962]]]},"properties":{}},{"type":"Feature","geometry":{"type":"Polygon","coordinates":[[[-68.86587,44.21311],[-68.86427,44.21534],[-68.8631,44.21534],[-68.86438,44.21306],[-68.86587,44.21311]]]},"properties":{}},{"type":"Feature","geometry":{"type":"Polygon","coordinates":[[[-68.8431,44.12319],[-68.83895,44.12319],[-68.83863,44.1248],[-68.83878,44.12616],[-68.84109,44.12849],[-68.84075,44.12936],[-68.84215,44.12953],[-68.84273,44.13148],[-68.84354,44.13062],[-68.84454,44.13089],[-68.84477,44.12773],[-68.84557,44.12802],[-68.84617,44.12683],[-68.84999,44.12549],[-68.85062,44.12644],[-68.8522,44.12522],[-68.85326,44.12531],[-68.85289,44.12319],[-68.84985,44.12319],[-68.84616,44.12515],[-68.8431,44.12319]]]},"properties":{}},{"type":"Feature","geometry":{"type":"Polygon","coordinates":[[[-68.61992,44.12319],[-68.61597,44.12319],[-68.61597,44.12996],[-68.61856,44.12996],[-68.62022,44.12701],[-68.62136,44.12667],[-68.62014,44.12535],[-68.61992,44.12319]]]},"properties":{}},{"type":"Feature","geometry":{"type":"Polygon","coordinates":[[[-68.80015,44.36746],[-68.80114,44.36705],[-68.80178,44.36637],[-68.80015,44.36746]]]},"properties":{}},{"type":"Feature","geometry":{"type":"Polygon","coordinates":[[[-68.69001,44.28033],[-68.69014,44.28204],[-68.68648,44.2823],[-68.68696,44.28266],[-68.68597,44.28386],[-68.68648,44.28476],[-68.68757,44.2848],[-68.689,44.28702],[-68.69127,44.28628],[-68.69242,44.28769],[-68.69307,44.28939],[-68.69089,44.29085],[-68.69308,44.29054],[-68.69426,44.29215],[-68.70035,44.29147],[-68.70116,44.29235],[-68.70374,44.29234],[-68.70469,44.29287],[-68.7044,44.29532],[-68.70829,44.29775],[-68.70837,44.2989],[-68.71042,44.29906],[-68.71103,44.2974],[-68.7128,44.29798],[-68.71505,44.2999],[-68.71742,44.29995],[-68.71916,44.30156],[-68.72024,44.30111],[-68.72266,44.30203],[-68.72564,44.30442],[-68.73044,44.30626],[-68.73296,44.30869],[-68.73593,44.30854],[-68.73832,44.30722],[-68.74037,44.30759],[-68.7424,44.30563],[-68.74185,44.30264],[-68.74382,44.30053],[-68.74332,44.29949],[-68.74185,44.29907],[-68.74386,44.29704],[-68.74011,44.29627],[-68.7373,44.29691],[-68.73576,44.29498],[-68.73307,44.29458],[-68.73016,44.29199],[-68.72446,44.29197],[-68.72818,44.29117],[-68.72306,44.28967],[-68.72068,44.29031],[-68.72085,44.28916],[-68.7198,44.28951],[-68.71902,44.28859],[-68.72564,44.28876],[-68.72609,44.28981],[-68.72742,44.28956],[-68.72671,44.28717],[-68.7277,44.2849],[-68.72621,44.28424],[-68.72615,44.28317],[-68.72356,44.28106],[-68.72092,44.28043],[-68.71934,44.28174],[-68.71849,44.28095],[-68.71966,44.2792],[-68.71628,44.27906],[-68.71555,44.27699],[-68.7132,44.27621],[-68.71099,44.27406],[-68.70593,44.27347],[-68.70246,44.27118],[-68.69974,44.27113],[-68.69876,44.27277],[-68.6957,44.27217],[-68.69585,44.27298],[-68.69185,44.27435],[-68.69204,44.27498],[-68.6897,44.27648],[-68.69089,44.27865],[-68.69001,44.28033]]]},"properties":{}},{"type":"Feature","geometry":{"type":"Polygon","coordinates":[[[-68.61597,44.20346],[-68.6174,44.2051],[-68.61597,44.20615],[-68.61597,44.20346]]]},"properties":{}},{"type":"Feature","geometry":{"type":"Polygon","coordinates":[[[-68.81223,44.22639],[-68.81024,44.22864],[-68.80983,44.2287],[-68.81085,44.2268],[-68.81223,44.22639]]]},"properties":{}},{"type":"Feature","geometry":{"type":"Polygon","coordinates":[[[-68.95029,44.18436],[-68.95078,44.18521],[-68.95033,44.18532],[-68.95029,44.18436]]]},"properties":{}},{"type":"Feature","geometry":{"type":"Polygon","coordinates":[[[-68.93704,44.27431],[-68.93638,44.27323],[-68.93462,44.27371],[-68.9335,44.27308],[-68.93315,44.27181],[-68.93406,44.26971],[-68.93757,44.26869],[-68.93706,44.27182],[-68.93849,44.27293],[-68.93828,44.27394],[-68.93998,44.27473],[-68.93998,44.27611],[-68.93856,44.27489],[-68.93627,44.27542],[-68.93704,44.27431]]]},"properties":{}},{"type":"Feature","geometry":{"type":"Polygon","coordinates":[[[-68.62445,44.14767],[-68.62554,44.14821],[-68.62376,44.14821],[-68.62445,44.14767]]]},"properties":{}},{"type":"Feature","geometry":{"type":"Polygon","coordinates":[[[-68.70838,44.12594],[-68.70965,44.12636],[-68.71026,44.12592],[-68.70838,44.12594]]]},"properties":{}},{"type":"Feature","geometry":{"type":"Polygon","coordinates":[[[-68.81642,44.17754],[-68.81699,44.17791],[-68.81611,44.17847],[-68.81604,44.17826],[-68.81642,44.17754]]]},"properties":{}},{"type":"Feature","geometry":{"type":"Polygon","coordinates":[[[-68.88662,44.12319],[-68.87858,44.12319],[-68.88137,44.12321],[-68.88289,44.1248],[-68.88626,44.12438],[-68.88662,44.12319]]]},"properties":{}},{"type":"Feature","geometry":{"type":"Polygon","coordinates":[[[-68.63872,44.1273],[-68.64012,44.12416],[-68.63749,44.12395],[-68.63274,44.12611],[-68.63034,44.12862],[-68.63439,44.12942],[-68.63765,44.12786],[-68.63768,44.12875],[-68.63856,44.12892],[-68.63989,44.1281],[-68.63872,44.1273]]]},"properties":{}},{"type":"Feature","geometry":{"type":"Polygon","coordinates":[[[-68.73402,44.43803],[-68.73286,44.43782],[-68.73427,44.4376],[-68.73402,44.43803]]]},"properties":{}},{"type":"Feature","geometry":{"type":"Polygon","coordinates":[[[-68.62878,44.20796],[-68.62869,44.21082],[-68.62962,44.21131],[-68.62576,44.21091],[-68.62608,44.21189],[-68.62423,44.21143],[-68.62376,44.20965],[-68.61897,44.20884],[-68.61722,44.21063],[-68.61597,44.21067],[-68.61597,44.21464],[-68.6193,44.21566],[-68.62758,44.21507],[-68.62914,44.21563],[-68.63077,44.21514],[-68.62996,44.21378],[-68.63272,44.21479],[-68.6353,44.21324],[-68.63552,44.2146],[-68.63754,44.21543],[-68.64885,44.21563],[-68.65252,44.21489],[-68.65364,44.21381],[-68.65364,44.21121],[-68.6555,44.21049],[-68.65299,44.20892],[-68.65464,44.208],[-68.65391,44.20745],[-68.64977,44.2065],[-68.64901,44.20836],[-68.64599,44.2087],[-68.64558,44.20832],[-68.64787,44.20792],[-68.64783,44.20736],[-68.64688,44.20679],[-68.64548,44.20764],[-68.64433,44.20621],[-68.64105,44.20731],[-68.6383,44.20669],[-68.63907,44.20561],[-68.6405,44.20554],[-68.64017,44.20428],[-68.63775,44.20317],[-68.63461,44.20435],[-68.63619,44.2031],[-68.63517,44.20205],[-68.62997,44.20324],[-68.63069,44.2008],[-68.62822,44.19981],[-68.6209,44.20002],[-68.62132,44.20392],[-68.62511,44.20512],[-68.62697,44.20684],[-68.62918,44.20689],[-68.62674,44.20868],[-68.62788,44.20898],[-68.62878,44.20796]]]},"properties":{}},{"type":"Feature","geometry":{"type":"Polygon","coordinates":[[[-68.67332,44.13917],[-68.67972,44.13775],[-68.68217,44.13857],[-68.68158,44.14006],[-68.6801,44.1407],[-68.68138,44.14192],[-68.67994,44.14373],[-68.67477,44.14684],[-68.67391,44.14684],[-68.67426,44.14572],[-68.67245,44.14529],[-68.67126,44.14734],[-68.66804,44.14757],[-68.66865,44.14672],[-68.66745,44.14541],[-68.66857,44.14348],[-68.67067,44.14357],[-68.67654,44.14158],[-68.66892,44.14289],[-68.66672,44.14136],[-68.66749,44.14025],[-68.66701,44.1392],[-68.66833,44.13853],[-68.66777,44.13793],[-68.67266,44.1383],[-68.67332,44.13917]]]},"properties":{}},{"type":"Feature","geometry":{"type":"Polygon","coordinates":[[[-68.73907,44.26837],[-68.73757,44.26634],[-68.73601,44.26588],[-68.7367,44.26464],[-68.73587,44.26337],[-68.73152,44.26373],[-68.73086,44.26246],[-68.73483,44.26022],[-68.74026,44.26277],[-68.74393,44.26171],[-68.74767,44.26169],[-68.74932,44.26315],[-68.7533,44.26239],[-68.75413,44.26278],[-68.75411,44.26383],[-68.75207,44.26501],[-68.75416,44.26569],[-68.75437,44.26775],[-68.75557,44.2677],[-68.758,44.26951],[-68.75766,44.27066],[-68.7561,44.27075],[-68.75416,44.26941],[-68.74801,44.26851],[-68.74927,44.26618],[-68.74816,44.2654],[-68.74549,44.26679],[-68.74202,44.26706],[-68.74027,44.26859],[-68.73907,44.26837]]]},"properties":{}},{"type":"Feature","geometry":{"type":"Polygon","coordinates":[[[-68.70105,44.14605],[-68.70075,44.14545],[-68.70264,44.14408],[-68.70517,44.14477],[-68.70358,44.14603],[-68.70105,44.14605]]]},"properties":{}},{"type":"Feature","geometry":{"type":"Polygon","coordinates":[[[-69.06106,44.1668],[-69.06083,44.16519],[-69.05949,44.16624],[-69.06106,44.1668]]]},"properties":{}},{"type":"Feature","geometry":{"type":"Polygon","coordinates":[[[-68.81222,44.22203],[-68.81245,44.22279],[-68.812,44.22307],[-68.81184,44.22247],[-68.81222,44.22203]]]},"properties":{}},{"type":"Feature","geometry":{"type":"Polygon","coordinates":[[[-68.61597,44.15338],[-68.61597,44.15688],[-68.61801,44.15549],[-68.61647,44.15351],[-68.6167,44.15259],[-68.61597,44.15338]]]},"properties":{}},{"type":"Feature","geometry":{"type":"Polygon","coordinates":[[[-68.63414,44.23585],[-68.6229,44.2362],[-68.62202,44.23712],[-68.6222,44.23573],[-68.62008,44.23593],[-68.62064,44.2352],[-68.62018,44.23411],[-68.61597,44.23419],[-68.61597,44.24742],[-68.61826,44.24873],[-68.62042,44.24872],[-68.62106,44.24791],[-68.62083,44.24739],[-68.62103,44.24717],[-68.62203,44.24891],[-68.62004,44.24892],[-68.6191,44.25049],[-68.61965,44.25223],[-68.62487,44.25839],[-68.62613,44.2583],[-68.62792,44.2564],[-68.63066,44.25667],[-68.63107,44.25856],[-68.63385,44.26046],[-68.63936,44.26085],[-68.6399,44.26413],[-68.64317,44.2644],[-68.64488,44.26533],[-68.64623,44.26433],[-68.64778,44.26546],[-68.64952,44.26509],[-68.65149,44.26244],[-68.65318,44.26337],[-68.65427,44.26242],[-68.65563,44.2628],[-68.6566,44.26512],[-68.65613,44.26698],[-68.65777,44.26932],[-68.66294,44.26945],[-68.66701,44.27577],[-68.66928,44.27695],[-68.67078,44.27926],[-68.67647,44.27989],[-68.67729,44.27857],[-68.68006,44.27855],[-68.67701,44.27611],[-68.67753,44.27438],[-68.67642,44.27264],[-68.67676,44.26688],[-68.67843,44.26565],[-68.67935,44.2636],[-68.68243,44.26092],[-68.68495,44.26034],[-68.69343,44.25232],[-68.69454,44.2493],[-68.69738,44.24691],[-68.69651,44.24612],[-68.69811,44.24148],[-68.69748,44.24097],[-68.69724,44.23664],[-68.69122,44.23371],[-68.69064,44.23227],[-68.6869,44.23172],[-68.68447,44.23027],[-68.68294,44.2305],[-68.68488,44.22762],[-68.6788,44.22583],[-68.67907,44.22454],[-68.68164,44.22352],[-68.67877,44.22321],[-68.67936,44.22234],[-68.67894,44.22036],[-68.6768,44.2189],[-68.67583,44.21718],[-68.6769,44.21702],[-68.67807,44.21881],[-68.68078,44.21924],[-68.68072,44.22022],[-68.68461,44.21918],[-68.68229,44.22235],[-68.68338,44.22263],[-68.68187,44.22372],[-68.68408,44.22308],[-68.68488,44.22422],[-68.68584,44.22374],[-68.68767,44.22498],[-68.68777,44.22689],[-68.69323,44.22678],[-68.6991,44.23269],[-68.70228,44.23224],[-68.70456,44.23411],[-68.70645,44.23138],[-68.70839,44.23021],[-68.70715,44.22853],[-68.70967,44.22743],[-68.70884,44.22602],[-68.71169,44.2263],[-68.71281,44.22774],[-68.71426,44.22795],[-68.71903,44.22694],[-68.71567,44.22991],[-68.7162,44.23053],[-68.71861,44.22766],[-68.72368,44.22713],[-68.73152,44.22253],[-68.7326,44.2212],[-68.7312,44.21937],[-68.72642,44.21888],[-68.72635,44.21752],[-68.72429,44.2158],[-68.72532,44.21517],[-68.72185,44.21455],[-68.72074,44.21323],[-68.71756,44.21356],[-68.71694,44.21238],[-68.71917,44.21097],[-68.71643,44.21064],[-68.71394,44.21183],[-68.71487,44.21199],[-68.71498,44.21215],[-68.71318,44.21225],[-68.71207,44.21028],[-68.71044,44.21015],[-68.71077,44.20891],[-68.71546,44.2081],[-68.71727,44.20704],[-68.71638,44.20615],[-68.71338,44.20732],[-68.70979,44.20501],[-68.71113,44.20429],[-68.71024,44.20273],[-68.71368,44.19987],[-68.71342,44.19753],[-68.71229,44.19577],[-68.71297,44.19462],[-68.71153,44.19179],[-68.71044,44.19135],[-68.70481,44.19248],[-68.70586,44.19148],[-68.7051,44.18999],[-68.70831,44.19002],[-68.70801,44.19044],[-68.71206,44.18977],[-68.71619,44.18807],[-68.71792,44.18654],[-68.71811,44.18343],[-68.71942,44.18105],[-68.71846,44.17931],[-68.71751,44.17911],[-68.718,44.17819],[-68.7173,44.17603],[-68.72038,44.17413],[-68.72099,44.17087],[-68.71967,44.16946],[-68.71979,44.16811],[-68.71399,44.17129],[-68.71186,44.17049],[-68.71254,44.16888],[-68.71035,44.16888],[-68.71029,44.16995],[-68.70815,44.17111],[-68.70906,44.17228],[-68.70854,44.17317],[-68.70527,44.17646],[-68.70688,44.17956],[-68.70392,44.18168],[-68.6979,44.18366],[-68.69728,44.18307],[-68.69759,44.18184],[-68.69519,44.18271],[-68.6983,44.17989],[-68.69907,44.18039],[-68.70082,44.17838],[-68.70211,44.17832],[-68.70391,44.17687],[-68.70648,44.16668],[-68.70518,44.16657],[-68.70408,44.16442],[-68.70016,44.16486],[-68.69706,44.16656],[-68.69348,44.16667],[-68.69554,44.16507],[-68.69213,44.16516],[-68.69196,44.16441],[-68.69339,44.16312],[-68.69628,44.16339],[-68.69795,44.16244],[-68.7043,44.1622],[-68.70583,44.16134],[-68.70303,44.16107],[-68.70306,44.15997],[-68.70801,44.15893],[-68.70903,44.15809],[-68.70871,44.15741],[-68.70493,44.15769],[-68.69985,44.15984],[-68.69958,44.15901],[-68.69612,44.15726],[-68.69747,44.15666],[-68.69719,44.15557],[-68.69125,44.15494],[-68.69063,44.15453],[-68.69152,44.15403],[-68.69129,44.15335],[-68.6895,44.15389],[-68.68995,44.15282],[-68.68739,44.15312],[-68.68729,44.15248],[-68.68376,44.15145],[-68.6817,44.15129],[-68.67854,44.1527],[-68.67709,44.15009],[-68.67558,44.14932],[-68.66834,44.15136],[-68.67121,44.15435],[-68.66767,44.15488],[-68.66787,44.15432],[-68.66627,44.15409],[-68.66571,44.15551],[-68.66426,44.15592],[-68.6633,44.15571],[-68.66237,44.15395],[-68.66166,44.15428],[-68.6619,44.1553],[-68.66009,44.15373],[-68.6601,44.15478],[-68.65516,44.15575],[-68.65483,44.15677],[-68.65222,44.15563],[-68.64809,44.15652],[-68.64733,44.15777],[-68.64632,44.15718],[-68.64363,44.15894],[-68.64168,44.15839],[-68.64179,44.1591],[-68.63964,44.16094],[-68.63964,44.16244],[-68.63836,44.16318],[-68.63852,44.16495],[-68.6396,44.16591],[-68.64496,44.16449],[-68.64503,44.1651],[-68.64761,44.16584],[-68.64814,44.1677],[-68.64589,44.16812],[-68.65102,44.16912],[-68.6499,44.16979],[-68.64707,44.16948],[-68.64437,44.17305],[-68.64716,44.17393],[-68.64888,44.17213],[-68.65173,44.17221],[-68.65198,44.17404],[-68.6505,44.17489],[-68.65188,44.17503],[-68.65117,44.17665],[-68.65244,44.1773],[-68.64618,44.17799],[-68.6436,44.18012],[-68.64548,44.17758],[-68.64349,44.17787],[-68.6431,44.17437],[-68.64121,44.17259],[-68.64007,44.17266],[-68.63901,44.1715],[-68.63444,44.17133],[-68.62988,44.1696],[-68.62592,44.17117],[-68.6238,44.17411],[-68.6235,44.1758],[-68.62058,44.17682],[-68.62025,44.1781],[-68.62744,44.17871],[-68.6284,44.1791],[-68.62837,44.17987],[-68.63219,44.17968],[-68.63605,44.1816],[-68.63624,44.18077],[-68.63734,44.18201],[-68.64184,44.18304],[-68.64158,44.18395],[-68.64294,44.18441],[-68.64239,44.18478],[-68.64332,44.18584],[-68.64542,44.18565],[-68.64576,44.18492],[-68.64518,44.18401],[-68.64243,44.18322],[-68.64277,44.18093],[-68.64289,44.18159],[-68.64703,44.18276],[-68.64966,44.18275],[-68.64774,44.18489],[-68.64832,44.18609],[-68.6508,44.18641],[-68.65171,44.18781],[-68.65482,44.18823],[-68.66021,44.18844],[-68.66545,44.18509],[-68.66916,44.18151],[-68.67233,44.18145],[-68.66964,44.18196],[-68.66647,44.18532],[-68.66656,44.18599],[-68.66792,44.18609],[-68.66764,44.18669],[-68.66024,44.18857],[-68.6572,44.19146],[-68.65489,44.19242],[-68.65717,44.19278],[-68.6595,44.19203],[-68.66085,44.19263],[-68.65242,44.19445],[-68.65051,44.19409],[-68.65016,44.1948],[-68.65083,44.19516],[-68.64959,44.19595],[-68.64978,44.19756],[-68.65445,44.19811],[-68.66397,44.1977],[-68.66044,44.19938],[-68.65751,44.19968],[-68.66132,44.20105],[-68.66509,44.20134],[-68.66165,44.2036],[-68.66329,44.20507],[-68.65833,44.20293],[-68.65651,44.20311],[-68.65646,44.20204],[-68.6524,44.20273],[-68.65577,44.20434],[-68.65714,44.20561],[-68.65693,44.20631],[-68.65848,44.20715],[-68.6579,44.20793],[-68.65858,44.2093],[-68.65732,44.21152],[-68.65783,44.21211],[-68.65844,44.21099],[-68.66426,44.20862],[-68.66521,44.20622],[-68.66486,44.20523],[-68.66742,44.20386],[-68.66684,44.2071],[-68.66597,44.20715],[-68.66724,44.20823],[-68.66674,44.20873],[-68.66752,44.21021],[-68.67241,44.20986],[-68.67463,44.20744],[-68.67609,44.20905],[-68.68162,44.208],[-68.68262,44.20694],[-68.68339,44.20757],[-68.68082,44.2095],[-68.676,44.21116],[-68.6744,44.21324],[-68.67562,44.21414],[-68.67484,44.21603],[-68.67257,44.2154],[-68.67267,44.21363],[-68.67186,44.2128],[-68.67326,44.21219],[-68.67246,44.21179],[-68.67165,44.2127],[-68.66958,44.21268],[-68.66804,44.21399],[-68.66266,44.21523],[-68.66093,44.21647],[-68.65974,44.21542],[-68.65704,44.21636],[-68.65657,44.21572],[-68.6552,44.21668],[-68.65552,44.21734],[-68.65454,44.21854],[-68.65617,44.21933],[-68.65606,44.22014],[-68.65209,44.2172],[-68.65095,44.21732],[-68.65124,44.21806],[-68.64979,44.2187],[-68.64954,44.21789],[-68.65035,44.21712],[-68.64814,44.21573],[-68.64459,44.21679],[-68.64205,44.21863],[-68.63626,44.21723],[-68.63456,44.21926],[-68.63308,44.21869],[-68.62869,44.21911],[-68.62844,44.22092],[-68.62611,44.22208],[-68.62614,44.22288],[-68.62792,44.22417],[-68.63206,44.22418],[-68.63254,44.22442],[-68.62964,44.22501],[-68.63011,44.22632],[-68.62541,44.22691],[-68.62517,44.2283],[-68.62825,44.22852],[-68.62603,44.22935],[-68.62218,44.22891],[-68.6215,44.2298],[-68.62191,44.2307],[-68.62456,44.2315],[-68.62751,44.23082],[-68.62679,44.23243],[-68.62378,44.23298],[-68.62539,44.23372],[-68.62734,44.23332],[-68.6282,44.23411],[-68.63309,44.2328],[-68.63496,44.23076],[-68.63555,44.23195],[-68.63323,44.23359],[-68.63384,44.23391],[-68.6326,44.23498],[-68.63402,44.23525],[-68.63569,44.23463],[-68.63733,44.23453],[-68.63414,44.23585]]]},"properties":{}},{"type":"Feature","geometry":{"type":"Polygon","coordinates":[[[-68.73222,44.42945],[-68.73322,44.42975],[-68.73317,44.43052],[-68.7318,44.4302],[-68.73222,44.42945]]]},"properties":{}},{"type":"Feature","geometry":{"type":"Polygon","coordinates":[[[-68.6193,44.13932],[-68.61918,44.1378],[-68.61681,44.13729],[-68.61696,44.13967],[-68.61804,44.14028],[-68.6193,44.13932]]]},"properties":{}},{"type":"Feature","geometry":{"type":"Polygon","coordinates":[[[-68.72888,44.27038],[-68.72746,44.26928],[-68.7299,44.26886],[-68.73152,44.26769],[-68.73165,44.26976],[-68.72888,44.27038]]]},"properties":{}},{"type":"Feature","geometry":{"type":"Polygon","coordinates":[[[-68.84845,44.48333],[-68.8458,44.47825],[-68.84364,44.47867],[-68.84206,44.47788],[-68.84294,44.47886],[-68.84252,44.47996],[-68.84162,44.47823],[-68.83936,44.47738],[-68.839,44.47609],[-68.83942,44.47673],[-68.84232,44.47637],[-68.84333,44.47719],[-68.84492,44.47634],[-68.84483,44.47749],[-68.84551,44.47769],[-68.8482,44.47618],[-68.84951,44.47659],[-68.85004,44.47491],[-68.84936,44.47356],[-68.85049,44.47157],[-68.85618,44.46856],[-68.85872,44.45913],[-68.8602,44.45535],[-68.86168,44.45404],[-68.86107,44.45199],[-68.86177,44.45011],[-68.85931,44.44622],[-68.85665,44.44617],[-68.85004,44.45007],[-68.84303,44.45167],[-68.84048,44.45461],[-68.83422,44.45646],[-68.82871,44.4623],[-68.82151,44.46527],[-68.81564,44.46512],[-68.81197,44.46652],[-68.80947,44.46867],[-68.81312,44.47061],[-68.82376,44.46778],[-68.82603,44.46812],[-68.82674,44.469],[-68.82605,44.47051],[-68.83246,44.47614],[-68.83797,44.48331],[-68.84845,44.48333]]]},"properties":{}},{"type":"Feature","geometry":{"type":"Polygon","coordinates":[[[-68.61869,44.14271],[-68.61747,44.14201],[-68.61961,44.13943],[-68.62262,44.14028],[-68.62269,44.14155],[-68.61869,44.14271]]]},"properties":{}},{"type":"Feature","geometry":{"type":"Polygon","coordinates":[[[-68.68444,44.15033],[-68.6797,44.15061],[-68.67851,44.14803],[-68.6862,44.148],[-68.68519,44.14961],[-68.68395,44.14968],[-68.68444,44.15033]]]},"properties":{}},{"type":"Feature","geometry":{"type":"Polygon","coordinates":[[[-68.76958,44.36658],[-68.76988,44.36728],[-68.76861,44.36784],[-68.7674,44.36663],[-68.76958,44.36658]]]},"properties":{}},{"type":"Feature","geometry":{"type":"Polygon","coordinates":[[[-68.77171,44.21162],[-68.76735,44.217],[-68.76761,44.21811],[-68.76909,44.21857],[-68.77214,44.21793],[-68.77437,44.21946],[-68.77635,44.21703],[-68.78244,44.21436],[-68.78457,44.21149],[-68.78627,44.2115],[-68.78562,44.20971],[-68.7811,44.20594],[-68.7815,44.20362],[-68.78396,44.20301],[-68.78387,44.20133],[-68.77984,44.20137],[-68.77883,44.20272],[-68.77762,44.20283],[-68.77691,44.20627],[-68.77764,44.2066],[-68.77742,44.20757],[-68.77171,44.21162]]]},"properties":{}},{"type":"Feature","geometry":{"type":"Polygon","coordinates":[[[-68.62843,44.18058],[-68.62692,44.18124],[-68.62614,44.18013],[-68.61923,44.18007],[-68.61597,44.1811],[-68.61597,44.18362],[-68.61829,44.1827],[-68.61872,44.18321],[-68.61663,44.1848],[-68.61734,44.18759],[-68.61882,44.18834],[-68.61646,44.1892],[-68.61921,44.19155],[-68.61845,44.19237],[-68.61995,44.19271],[-68.62186,44.19173],[-68.62515,44.19343],[-68.6257,44.19504],[-68.62721,44.19428],[-68.62874,44.19542],[-68.63154,44.19527],[-68.63306,44.19355],[-68.63574,44.19335],[-68.63756,44.19435],[-68.63432,44.19459],[-68.634,44.19524],[-68.63655,44.19542],[-68.63715,44.19712],[-68.63883,44.19763],[-68.643,44.19638],[-68.6432,44.19482],[-68.63663,44.19317],[-68.63828,44.19177],[-68.64585,44.19115],[-68.64672,44.19009],[-68.64463,44.18698],[-68.6389,44.18536],[-68.63687,44.18617],[-68.63974,44.18451],[-68.63782,44.18482],[-68.63584,44.18304],[-68.62843,44.18058]]]},"properties":{}},{"type":"Feature","geometry":{"type":"Polygon","coordinates":[[[-68.7707,44.19965],[-68.77039,44.2007],[-68.77118,44.20106],[-68.77337,44.19948],[-68.7707,44.19965]]]},"properties":{}},{"type":"Feature","geometry":{"type":"Polygon","coordinates":[[[-68.62325,44.16207],[-68.6243,44.16215],[-68.62321,44.16267],[-68.62417,44.16343],[-68.62537,44.16324],[-68.62482,44.16265],[-68.62565,44.16234],[-68.62484,44.16155],[-68.62325,44.16207]]]},"properties":{}},{"type":"Feature","geometry":{"type":"Polygon","coordinates":[[[-68.78261,44.30738],[-68.77959,44.3062],[-68.77934,44.30723],[-68.78257,44.30817],[-68.78261,44.30738]]]},"properties":{}},{"type":"Feature","geometry":{"type":"Polygon","coordinates":[[[-68.75274,44.22512],[-68.75384,44.22507],[-68.75562,44.22421],[-68.75486,44.22345],[-68.75274,44.22512]]]},"properties":{}},{"type":"Feature","geometry":{"type":"Polygon","coordinates":[[[-68.79585,44.19463],[-68.79521,44.19529],[-68.79402,44.19567],[-68.79489,44.19488],[-68.79585,44.19463]]]},"properties":{}},{"type":"Feature","geometry":{"type":"Polygon","coordinates":[[[-68.88106,43.86121],[-68.88066,43.85993],[-68.87927,43.86046],[-68.87872,43.86266],[-68.88037,43.86327],[-68.88106,43.86121]]]},"properties":{}},{"type":"Feature","geometry":{"type":"Polygon","coordinates":[[[-68.88313,43.84034],[-68.88181,43.84012],[-68.88231,43.83961],[-68.88313,43.84034]]]},"properties":{}},{"type":"Feature","geometry":{"type":"Polygon","coordinates":[[[-68.61597,44.09856],[-68.61707,44.09884],[-68.61721,44.09899],[-68.61597,44.09929],[-68.61597,44.09856]]]},"properties":{}},{"type":"Feature","geometry":{"type":"Polygon","coordinates":[[[-68.86927,44.0623],[-68.86895,44.06387],[-68.86858,44.06304],[-68.86744,44.0635],[-68.86701,44.06539],[-68.86785,44.06462],[-68.86999,44.06482],[-68.87003,44.06617],[-68.86908,44.06632],[-68.87048,44.06805],[-68.87281,44.06882],[-68.87207,44.06948],[-68.87246,44.07079],[-68.87106,44.07057],[-68.87172,44.07168],[-68.87245,44.07089],[-68.87391,44.07242],[-68.87677,44.07269],[-68.87777,44.07217],[-68.87606,44.0718],[-68.87609,44.07123],[-68.88002,44.07141],[-68.88172,44.07048],[-68.87849,44.0706],[-68.88226,44.06634],[-68.87979,44.06587],[-68.87701,44.06708],[-68.87503,44.06366],[-68.87113,44.06211],[-68.86927,44.0623]]]},"properties":{}},{"type":"Feature","geometry":{"type":"Polygon","coordinates":[[[-68.79841,44.00534],[-68.79531,44.00605],[-68.79636,44.0078],[-68.79277,44.01108],[-68.79571,44.01141],[-68.80037,44.00721],[-68.79936,44.00617],[-68.79961,44.00435],[-68.79841,44.00534]]]},"properties":{}},{"type":"Feature","geometry":{"type":"Polygon","coordinates":[[[-68.8869,43.84904],[-68.88334,43.8474],[-68.88235,43.84581],[-68.88386,43.84494],[-68.88567,43.84566],[-68.88801,43.84765],[-68.88804,43.84851],[-68.8869,43.84904]]]},"properties":{}},{"type":"Feature","geometry":{"type":"Polygon","coordinates":[[[-68.8797,43.85916],[-68.87892,43.85879],[-68.87939,43.85995],[-68.8797,43.85916]]]},"properties":{}},{"type":"Feature","geometry":{"type":"Polygon","coordinates":[[[-68.85157,44.1076],[-68.85158,44.10475],[-68.84891,44.10473],[-68.84953,44.10765],[-68.85157,44.1076]]]},"properties":{}},{"type":"Feature","geometry":{"type":"Polygon","coordinates":[[[-68.90713,44.10761],[-68.90662,44.10681],[-68.90717,44.10631],[-68.90713,44.10761]]]},"properties":{}},{"type":"Feature","geometry":{"type":"Polygon","coordinates":[[[-68.8821,43.86821],[-68.88218,43.86907],[-68.8818,43.86928],[-68.88139,43.86833],[-68.8821,43.86821]]]},"properties":{}},{"type":"Feature","geometry":{"type":"Polygon","coordinates":[[[-68.62346,44.095],[-68.62266,44.09543],[-68.62415,44.09547],[-68.62346,44.095]]]},"properties":{}},{"type":"Feature","geometry":{"type":"Polygon","coordinates":[[[-68.91116,44.05043],[-68.9137,44.0517],[-68.91331,44.05297],[-68.91108,44.05312],[-68.90912,44.0505],[-68.91116,44.05043]]]},"properties":{}},{"type":"Feature","geometry":{"type":"Polygon","coordinates":[[[-68.87273,44.06162],[-68.87084,44.0577],[-68.87464,44.05712],[-68.87493,44.05548],[-68.87416,44.05353],[-68.87176,44.05268],[-68.87013,44.05102],[-68.86871,44.0514],[-68.86937,44.05437],[-68.86725,44.05435],[-68.86651,44.05511],[-68.8623,44.05401],[-68.85898,44.0554],[-68.85647,44.05417],[-68.85457,44.0543],[-68.85573,44.0538],[-68.85312,44.05189],[-68.8506,44.05128],[-68.85019,44.04969],[-68.84623,44.04866],[-68.84855,44.04849],[-68.84832,44.04752],[-68.85258,44.04978],[-68.85438,44.04916],[-68.85478,44.05034],[-68.85409,44.05142],[-68.8578,44.05392],[-68.86181,44.05386],[-68.86249,44.05261],[-68.86092,44.05045],[-68.86215,44.04964],[-68.86225,44.04675],[-68.86036,44.04561],[-68.85696,44.04574],[-68.85614,44.04398],[-68.85315,44.0435],[-68.85151,44.04215],[-68.85108,44.04062],[-68.8475,44.03896],[-68.8439,44.04068],[-68.84616,44.04217],[-68.84916,44.04217],[-68.8464,44.04333],[-68.84634,44.04647],[-68.84518,44.04688],[-68.84409,44.04476],[-68.84079,44.04445],[-68.84153,44.04277],[-68.83988,44.04349],[-68.83946,44.0428],[-68.83539,44.04602],[-68.83462,44.04773],[-68.83647,44.05044],[-68.83803,44.0499],[-68.8406,44.05036],[-68.84057,44.05123],[-68.83891,44.05271],[-68.83395,44.05232],[-68.83018,44.05389],[-68.82869,44.05539],[-68.82719,44.05528],[-68.82581,44.05867],[-68.82507,44.05873],[-68.82503,44.05735],[-68.82259,44.05646],[-68.82266,44.05555],[-68.82019,44.05505],[-68.8227,44.05267],[-68.82833,44.05274],[-68.83199,44.05144],[-68.83332,44.04992],[-68.8329,44.04821],[-68.83406,44.04774],[-68.83361,44.04677],[-68.83422,44.04601],[-68.83288,44.04261],[-68.82871,44.04223],[-68.8274,44.04371],[-68.82451,44.04179],[-68.82718,44.03994],[-68.82743,44.03774],[-68.82875,44.03672],[-68.82892,44.03364],[-68.8279,44.03197],[-68.82583,44.03305],[-68.82486,44.03231],[-68.82009,44.03269],[-68.81844,44.03205],[-68.81484,44.03314],[-68.81373,44.03475],[-68.81153,44.0344],[-68.81121,44.03612],[-68.80741,44.03553],[-68.80495,44.03756],[-68.80709,44.03908],[-68.80732,44.04058],[-68.80967,44.0412],[-68.80698,44.04391],[-68.81115,44.04568],[-68.81165,44.04674],[-68.8133,44.04697],[-68.81221,44.04789],[-68.81127,44.04727],[-68.80901,44.04751],[-68.80675,44.04568],[-68.80167,44.04886],[-68.80133,44.0483],[-68.79896,44.05184],[-68.7992,44.0537],[-68.79592,44.05796],[-68.79687,44.0597],[-68.79643,44.06017],[-68.79159,44.05785],[-68.79157,44.05714],[-68.79272,44.05662],[-68.79426,44.05763],[-68.79431,44.05451],[-68.79276,44.05493],[-68.79012,44.05415],[-68.78828,44.05653],[-68.789,44.05795],[-68.78852,44.05885],[-68.78638,44.06005],[-68.78468,44.05974],[-68.78483,44.06121],[-68.78181,44.06296],[-68.78019,44.06203],[-68.78035,44.06078],[-68.77974,44.06054],[-68.7791,44.06372],[-68.77697,44.06265],[-68.77559,44.06411],[-68.77641,44.06529],[-68.78025,44.06654],[-68.77981,44.06818],[-68.78108,44.07124],[-68.78646,44.07659],[-68.78635,44.07838],[-68.78299,44.0748],[-68.77935,44.07559],[-68.78073,44.07684],[-68.78,44.07756],[-68.78085,44.07871],[-68.78054,44.08036],[-68.7819,44.08134],[-68.78153,44.08571],[-68.78344,44.08583],[-68.78335,44.08766],[-68.78541,44.08997],[-68.78727,44.08975],[-68.78826,44.0905],[-68.78806,44.0921],[-68.7853,44.09362],[-68.78694,44.09509],[-68.78988,44.09404],[-68.79082,44.09158],[-68.79169,44.09137],[-68.79126,44.08964],[-68.78984,44.08881],[-68.79042,44.08701],[-68.78799,44.0832],[-68.78923,44.08333],[-68.78896,44.07999],[-68.78992,44.08148],[-68.79021,44.08101],[-68.79253,44.08175],[-68.79142,44.08261],[-68.78991,44.08249],[-68.79068,44.08376],[-68.79019,44.08485],[-68.79217,44.08623],[-68.793,44.08394],[-68.79333,44.08543],[-68.79432,44.08546],[-68.79573,44.08442],[-68.7956,44.08357],[-68.79747,44.08291],[-68.79732,44.08207],[-68.79918,44.08015],[-68.79744,44.07873],[-68.79991,44.07834],[-68.80035,44.07681],[-68.8013,44.07661],[-68.80121,44.07799],[-68.80428,44.07709],[-68.80389,44.07881],[-68.80688,44.07968],[-68.80352,44.08053],[-68.80125,44.08213],[-68.8008,44.08456],[-68.80228,44.08435],[-68.80411,44.08243],[-68.80593,44.08347],[-68.81092,44.08138],[-68.81121,44.08252],[-68.81353,44.08301],[-68.81476,44.08275],[-68.81398,44.08222],[-68.81442,44.08196],[-68.81643,44.08148],[-68.81808,44.08241],[-68.81845,44.08107],[-68.82166,44.08028],[-68.8228,44.08088],[-68.82263,44.08183],[-68.82722,44.08124],[-68.82854,44.08196],[-68.83262,44.08173],[-68.82986,44.08296],[-68.82965,44.08387],[-68.82872,44.0833],[-68.82732,44.08392],[-68.82966,44.08603],[-68.83212,44.08625],[-68.83562,44.08486],[-68.84061,44.08453],[-68.84154,44.08329],[-68.84061,44.08314],[-68.84086,44.08153],[-68.83881,44.08197],[-68.83925,44.08073],[-68.83599,44.07995],[-68.83734,44.07927],[-68.83593,44.0781],[-68.83911,44.0768],[-68.8389,44.07532],[-68.83586,44.07132],[-68.83631,44.06886],[-68.83802,44.07281],[-68.83931,44.07383],[-68.83868,44.07484],[-68.84043,44.07816],[-68.84281,44.07848],[-68.84378,44.08037],[-68.84241,44.08167],[-68.84271,44.08394],[-68.84408,44.08492],[-68.84429,44.08632],[-68.84382,44.08699],[-68.84176,44.0853],[-68.83522,44.08673],[-68.83499,44.08741],[-68.83621,44.08768],[-68.83055,44.08938],[-68.83049,44.09038],[-68.83155,44.09125],[-68.83112,44.0917],[-68.8349,44.09144],[-68.83658,44.09191],[-68.83566,44.09263],[-68.83886,44.0924],[-68.83903,44.09354],[-68.84073,44.09428],[-68.84327,44.09265],[-68.84215,44.0953],[-68.84293,44.09642],[-68.84446,44.09606],[-68.84651,44.09781],[-68.84758,44.09652],[-68.84829,44.09728],[-68.85168,44.09634],[-68.851,44.09392],[-68.85146,44.09354],[-68.85271,44.09631],[-68.85005,44.09768],[-68.85003,44.09951],[-68.85044,44.10105],[-68.85279,44.10211],[-68.85338,44.10148],[-68.8547,44.10265],[-68.85265,44.10437],[-68.85387,44.10594],[-68.85464,44.10513],[-68.85665,44.10513],[-68.85698,44.10352],[-68.85578,44.1027],[-68.85706,44.10253],[-68.85767,44.10127],[-68.85668,44.09765],[-68.85534,44.09682],[-68.85492,44.0939],[-68.85384,44.09297],[-68.85549,44.09195],[-68.85601,44.09301],[-68.85497,44.09357],[-68.85537,44.09489],[-68.85692,44.09603],[-68.85744,44.09828],[-68.85843,44.09829],[-68.8582,44.10018],[-68.85946,44.10254],[-68.86166,44.103],[-68.86671,44.10024],[-68.86891,44.10185],[-68.86429,44.10617],[-68.86086,44.11101],[-68.86562,44.11436],[-68.86771,44.11344],[-68.86872,44.11449],[-68.87294,44.11445],[-68.87732,44.11368],[-68.87934,44.11227],[-68.88133,44.11356],[-68.88497,44.1123],[-68.886,44.11118],[-68.88738,44.11154],[-68.886,44.11263],[-68.88001,44.11443],[-68.87158,44.11515],[-68.87155,44.11641],[-68.87341,44.11876],[-68.87031,44.11845],[-68.87144,44.11766],[-68.86899,44.11571],[-68.86783,44.11615],[-68.86832,44.1192],[-68.86313,44.11638],[-68.86335,44.1182],[-68.86479,44.11954],[-68.8719,44.12202],[-68.87858,44.12319],[-68.89891,44.12311],[-68.90164,44.12117],[-68.90147,44.11913],[-68.90787,44.11426],[-68.9095,44.11188],[-68.90926,44.1099],[-68.90705,44.10989],[-68.90622,44.11118],[-68.90431,44.11209],[-68.90566,44.11103],[-68.90543,44.1058],[-68.90666,44.10447],[-68.90662,44.10575],[-68.90716,44.10575],[-68.90906,44.10144],[-68.90796,44.09931],[-68.91223,44.09627],[-68.91089,44.09468],[-68.90774,44.09437],[-68.90404,44.09811],[-68.90412,44.0994],[-68.90288,44.10015],[-68.90181,44.10264],[-68.9015,44.10149],[-68.90077,44.10172],[-68.90135,44.10327],[-68.8995,44.10701],[-68.90087,44.10697],[-68.90152,44.11057],[-68.89903,44.11446],[-68.89935,44.11268],[-68.89824,44.11259],[-68.90051,44.10848],[-68.89804,44.10613],[-68.8965,44.10575],[-68.89707,44.09848],[-68.89856,44.09766],[-68.89904,44.09595],[-68.90049,44.09693],[-68.90258,44.09675],[-68.90218,44.09397],[-68.89988,44.09369],[-68.9017,44.09317],[-68.90202,44.09204],[-68.90105,44.0908],[-68.90264,44.09034],[-68.90453,44.09122],[-68.90611,44.08967],[-68.90175,44.08712],[-68.90031,44.08476],[-68.89789,44.08431],[-68.89894,44.08626],[-68.89535,44.08741],[-68.89623,44.09062],[-68.89161,44.08913],[-68.89131,44.08801],[-68.88552,44.08843],[-68.88595,44.0888],[-68.88502,44.0892],[-68.88473,44.09075],[-68.88278,44.09185],[-68.88302,44.09725],[-68.88224,44.09735],[-68.88193,44.09955],[-68.88088,44.10083],[-68.87974,44.10072],[-68.87921,44.09987],[-68.87979,44.09547],[-68.8814,44.09336],[-68.8822,44.08846],[-68.88096,44.0875],[-68.87973,44.08869],[-68.87729,44.08788],[-68.87861,44.08688],[-68.88048,44.08731],[-68.88052,44.08577],[-68.88234,44.08737],[-68.88365,44.08676],[-68.8834,44.083],[-68.88382,44.08192],[-68.88484,44.08175],[-68.88463,44.08022],[-68.8831,44.07968],[-68.8846,44.07956],[-68.88484,44.07881],[-68.88039,44.07657],[-68.87979,44.07451],[-68.87639,44.07324],[-68.87476,44.07448],[-68.87549,44.07696],[-68.87375,44.07627],[-68.87353,44.07962],[-68.8745,44.08071],[-68.87455,44.08233],[-68.87328,44.08343],[-68.87188,44.08287],[-68.87166,44.0816],[-68.86985,44.08125],[-68.87274,44.08002],[-68.87155,44.07833],[-68.86838,44.07879],[-68.86817,44.07801],[-68.86545,44.07871],[-68.86814,44.07634],[-68.86512,44.07609],[-68.86296,44.07364],[-68.86451,44.07278],[-68.86254,44.07151],[-68.86286,44.06939],[-68.85968,44.06915],[-68.86179,44.06614],[-68.86335,44.06538],[-68.86362,44.064],[-68.86474,44.06374],[-68.86469,44.06275],[-68.86607,44.06205],[-68.86692,44.06035],[-68.86593,44.05883],[-68.86721,44.05824],[-68.86806,44.06018],[-68.8672,44.06102],[-68.86836,44.06223],[-68.87086,44.06099],[-68.87273,44.06162]]]},"properties":{}},{"type":"Feature","geometry":{"type":"Polygon","coordinates":[[[-68.84218,44.03444],[-68.8427,44.03398],[-68.84308,44.0341],[-68.8428,44.03439],[-68.84218,44.03444]]]},"properties":{}},{"type":"Feature","geometry":{"type":"Polygon","coordinates":[[[-68.88646,44.03426],[-68.8841,44.03267],[-68.88445,44.03119],[-68.89008,44.03277],[-68.88968,44.03065],[-68.89181,44.0306],[-68.89312,44.03338],[-68.89239,44.03613],[-68.89332,44.03707],[-68.8896,44.03981],[-68.88799,44.03878],[-68.88842,44.03702],[-68.88755,44.03688],[-68.88646,44.03426]]]},"properties":{}},{"type":"Feature","geometry":{"type":"Polygon","coordinates":[[[-68.89697,43.82101],[-68.89194,43.8208],[-68.89075,43.82139],[-68.89026,43.82271],[-68.88651,43.82234],[-68.88596,43.82467],[-68.8867,43.82606],[-68.88603,43.82685],[-68.88801,43.82977],[-68.88716,43.83031],[-68.88488,43.82962],[-68.88452,43.83025],[-68.88516,43.83154],[-68.88707,43.83196],[-68.88731,43.83271],[-68.88548,43.83358],[-68.88353,43.83236],[-68.88312,43.83419],[-68.88187,43.83357],[-68.88056,43.83423],[-68.87849,43.83335],[-68.87752,43.83514],[-68.87637,43.83552],[-68.87669,43.83765],[-68.87855,43.83809],[-68.88031,43.83654],[-68.88187,43.83783],[-68.88402,43.83826],[-68.88705,43.83571],[-68.89117,43.83581],[-68.88886,43.83367],[-68.89153,43.83323],[-68.89271,43.834],[-68.89337,43.83332],[-68.8936,43.83229],[-68.8925,43.83141],[-68.89407,43.83039],[-68.89358,43.82892],[-68.89517,43.825],[-68.89672,43.82294],[-68.89914,43.82193],[-68.89697,43.82101]]]},"properties":{}},{"type":"Feature","geometry":{"type":"Polygon","coordinates":[[[-68.88184,43.87833],[-68.88126,43.87753],[-68.88361,43.87706],[-68.8843,43.87762],[-68.88184,43.87833]]]},"properties":{}},{"type":"Feature","geometry":{"type":"Polygon","coordinates":[[[-68.87805,43.8281],[-68.87728,43.82674],[-68.87647,43.82686],[-68.87744,43.82818],[-68.87805,43.8281]]]},"properties":{}},{"type":"Feature","geometry":{"type":"Polygon","coordinates":[[[-68.85289,44.12319],[-68.84985,44.12319],[-68.85138,44.12226],[-68.85289,44.12319]]]},"properties":{}},{"type":"Feature","geometry":{"type":"Polygon","coordinates":[[[-68.90737,43.84909],[-68.90353,43.84862],[-68.90085,43.84938],[-68.89676,43.84871],[-68.89669,43.85049],[-68.89206,43.85202],[-68.89209,43.85429],[-68.891,43.85574],[-68.88871,43.85636],[-68.88563,43.85547],[-68.88333,43.85657],[-68.88625,43.86224],[-68.88521,43.86249],[-68.88178,43.86039],[-68.88263,43.86239],[-68.88581,43.86551],[-68.88272,43.86626],[-68.8823,43.86743],[-68.88449,43.86771],[-68.88381,43.86959],[-68.88622,43.87079],[-68.88684,43.87394],[-68.8894,43.87567],[-68.89218,43.87369],[-68.89486,43.87406],[-68.89638,43.87206],[-68.9023,43.86902],[-68.89805,43.86467],[-68.90065,43.86265],[-68.901,43.86131],[-68.89985,43.85939],[-68.90527,43.85391],[-68.90514,43.85277],[-68.90767,43.85041],[-68.90737,43.84909]]]},"properties":{}},{"type":"Feature","geometry":{"type":"Polygon","coordinates":[[[-68.85295,44.04039],[-68.85352,44.04033],[-68.8542,44.03983],[-68.85313,44.03961],[-68.85295,44.04039]]]},"properties":{}},{"type":"Feature","geometry":{"type":"Polygon","coordinates":[[[-68.88351,43.82313],[-68.88264,43.8232],[-68.8827,43.82251],[-68.88351,43.82313]]]},"properties":{}},{"type":"Feature","geometry":{"type":"Polygon","coordinates":[[[-68.66556,44.07099],[-68.66569,44.07033],[-68.66515,44.07035],[-68.66508,44.07064],[-68.66556,44.07099]]]},"properties":{}},{"type":"Feature","geometry":{"type":"Polygon","coordinates":[[[-68.61597,44.12062],[-68.62097,44.11921],[-68.62282,44.11964],[-68.61998,44.12212],[-68.61992,44.12319],[-68.61597,44.12319],[-68.61597,44.12062]]]},"properties":{}},{"type":"Feature","geometry":{"type":"Polygon","coordinates":[[[-68.93182,44.12319],[-68.929,44.12319],[-68.93034,44.12166],[-68.932,44.12113],[-68.93179,44.12014],[-68.93317,44.11754],[-68.93617,44.11662],[-68.93652,44.11502],[-68.93516,44.11402],[-68.9363,44.11204],[-68.93609,44.11092],[-68.93497,44.11059],[-68.93546,44.10977],[-68.93637,44.10941],[-68.94035,44.11078],[-68.94258,44.1099],[-68.94409,44.11251],[-68.94383,44.11353],[-68.94038,44.11735],[-68.93598,44.11905],[-68.9358,44.12094],[-68.93182,44.12319]]]},"properties":{}},{"type":"Feature","geometry":{"type":"Polygon","coordinates":[[[-68.88261,43.82903],[-68.88315,43.82804],[-68.88233,43.828],[-68.88261,43.82903]]]},"properties":{}},{"type":"Feature","geometry":{"type":"Polygon","coordinates":[[[-68.73715,43.88797],[-68.73414,43.88802],[-68.73221,43.88895],[-68.73125,43.89045],[-68.73196,43.89099],[-68.73186,43.89349],[-68.73416,43.89287],[-68.73416,43.89013],[-68.74093,43.88812],[-68.74455,43.88519],[-68.74651,43.88506],[-68.74862,43.88603],[-68.75079,43.88544],[-68.75118,43.88319],[-68.74819,43.88436],[-68.74609,43.88294],[-68.74251,43.88282],[-68.74166,43.8832],[-68.74073,43.88633],[-68.73715,43.88797]]]},"properties":{}},{"type":"Feature","geometry":{"type":"Polygon","coordinates":[[[-68.84963,44.03273],[-68.84895,44.03186],[-68.85136,44.03222],[-68.85181,44.03159],[-68.85109,44.02948],[-68.85002,44.02881],[-68.85042,44.02777],[-68.85723,44.0288],[-68.85794,44.03175],[-68.86054,44.03208],[-68.8616,44.02992],[-68.86355,44.02924],[-68.86213,44.02746],[-68.8623,44.02653],[-68.85965,44.02571],[-68.86164,44.02481],[-68.86477,44.02789],[-68.86613,44.03113],[-68.86402,44.03159],[-68.8699,44.03199],[-68.87045,44.03411],[-68.86949,44.03383],[-68.86886,44.03467],[-68.87224,44.03614],[-68.87014,44.03574],[-68.86935,44.03657],[-68.87389,44.04014],[-68.87361,44.04124],[-68.8725,44.04148],[-68.87317,44.04258],[-68.87197,44.04491],[-68.87061,44.04468],[-68.87077,44.0465],[-68.86884,44.04664],[-68.86751,44.04543],[-68.86583,44.04583],[-68.86409,44.04323],[-68.8642,44.04106],[-68.86079,44.04157],[-68.86003,44.04022],[-68.86464,44.03972],[-68.86812,44.03829],[-68.862,44.03821],[-68.86078,44.03665],[-68.86122,44.03854],[-68.85744,44.03857],[-68.85483,44.03567],[-68.85358,44.03626],[-68.85324,44.03536],[-68.85398,44.03401],[-68.85611,44.03372],[-68.85938,44.03541],[-68.8594,44.03403],[-68.85795,44.0325],[-68.85458,44.03311],[-68.84963,44.03273]]]},"properties":{}},{"type":"Feature","geometry":{"type":"Polygon","coordinates":[[[-68.90589,44.06084],[-68.904,44.05908],[-68.90333,44.06029],[-68.90111,44.05892],[-68.90354,44.06244],[-68.90395,44.06114],[-68.90579,44.06211],[-68.90589,44.06084]]]},"properties":{}},{"type":"Feature","geometry":{"type":"Polygon","coordinates":[[[-68.61597,44.08956],[-68.61597,44.09337],[-68.619,44.09412],[-68.61644,44.09538],[-68.61766,44.09705],[-68.62103,44.0958],[-68.62465,44.09318],[-68.62215,44.0922],[-68.62203,44.09104],[-68.61932,44.08907],[-68.61764,44.08876],[-68.61597,44.08956]]]},"properties":{}},{"type":"Feature","geometry":{"type":"Polygon","coordinates":[[[-68.83303,44.05192],[-68.8333,44.05137],[-68.83401,44.05146],[-68.83374,44.05188],[-68.83303,44.05192]]]},"properties":{}},{"type":"Feature","geometry":{"type":"Polygon","coordinates":[[[-68.82592,43.84767],[-68.82373,43.84677],[-68.82101,43.85012],[-68.82054,43.85246],[-68.81851,43.85144],[-68.81536,43.85618],[-68.81288,43.85565],[-68.81229,43.85654],[-68.81363,43.85791],[-68.80997,43.85715],[-68.81107,43.86022],[-68.81292,43.85967],[-68.81507,43.86115],[-68.81724,43.85908],[-68.8176,43.85754],[-68.82066,43.85533],[-68.82149,43.8529],[-68.82333,43.85215],[-68.82582,43.84889],[-68.82592,43.84767]]]},"properties":{}},{"type":"Feature","geometry":{"type":"Polygon","coordinates":[[[-68.80206,44.09129],[-68.80119,44.09158],[-68.80206,44.09281],[-68.80315,44.09217],[-68.80206,44.09129]]]},"properties":{}},{"type":"Feature","geometry":{"type":"Polygon","coordinates":[[[-68.87118,43.88198],[-68.86782,43.88483],[-68.87141,43.88655],[-68.87219,43.8825],[-68.87118,43.88198]]]},"properties":{}},{"type":"Feature","geometry":{"type":"Polygon","coordinates":[[[-68.84415,44.12304],[-68.83895,44.12319],[-68.83979,44.12195],[-68.84121,44.12256],[-68.84009,44.11887],[-68.83835,44.11737],[-68.84009,44.11604],[-68.83913,44.11556],[-68.83639,44.11515],[-68.83573,44.11681],[-68.83039,44.1176],[-68.82687,44.12105],[-68.82456,44.12101],[-68.81931,44.12305],[-68.81796,44.12046],[-68.81437,44.11822],[-68.8151,44.11693],[-68.81451,44.11632],[-68.81142,44.11598],[-68.80734,44.11705],[-68.80603,44.11586],[-68.80608,44.11355],[-68.80387,44.11271],[-68.80774,44.10988],[-68.8079,44.10773],[-68.80712,44.10634],[-68.80772,44.1044],[-68.81006,44.10381],[-68.8113,44.10201],[-68.81621,44.10216],[-68.8141,44.10122],[-68.81418,44.09993],[-68.81759,44.09932],[-68.81941,44.09993],[-68.81848,44.09697],[-68.82305,44.09295],[-68.82433,44.09342],[-68.82469,44.09463],[-68.8239,44.09654],[-68.82177,44.09631],[-68.82327,44.09845],[-68.8228,44.10398],[-68.82399,44.10014],[-68.82758,44.10113],[-68.82876,44.10063],[-68.82649,44.0992],[-68.82668,44.09842],[-68.82439,44.09768],[-68.82492,44.09487],[-68.82675,44.09293],[-68.82609,44.09206],[-68.82852,44.09047],[-68.83411,44.09278],[-68.83642,44.09512],[-68.83546,44.0963],[-68.83585,44.09739],[-68.83253,44.10238],[-68.83566,44.10192],[-68.837,44.10091],[-68.83594,44.09826],[-68.83737,44.09441],[-68.84068,44.09802],[-68.83979,44.09919],[-68.838,44.09941],[-68.83898,44.10155],[-68.838,44.10273],[-68.84303,44.10124],[-68.84427,44.10188],[-68.84343,44.1027],[-68.84555,44.10351],[-68.84567,44.10406],[-68.84458,44.10416],[-68.84521,44.10487],[-68.84407,44.1053],[-68.84687,44.10681],[-68.84564,44.10752],[-68.84381,44.10715],[-68.84605,44.10826],[-68.84453,44.10953],[-68.84725,44.10944],[-68.84929,44.11061],[-68.85263,44.10952],[-68.85204,44.10899],[-68.85313,44.1081],[-68.85422,44.10878],[-68.8524,44.11096],[-68.84731,44.11261],[-68.84662,44.11514],[-68.84231,44.11577],[-68.8467,44.11645],[-68.84754,44.11759],[-68.84591,44.11768],[-68.84629,44.11896],[-68.84503,44.11916],[-68.84577,44.12026],[-68.84517,44.12159],[-68.84648,44.12246],[-68.84408,44.1216],[-68.84342,44.12227],[-68.84415,44.12304]]]},"properties":{}},{"type":"Feature","geometry":{"type":"Polygon","coordinates":[[[-68.90601,44.05707],[-68.90656,44.05675],[-68.9082,44.05751],[-68.907,44.05866],[-68.90601,44.05707]]]},"properties":{}},{"type":"Feature","geometry":{"type":"Polygon","coordinates":[[[-68.62375,44.08827],[-68.62639,44.08752],[-68.62072,44.08767],[-68.61889,44.08671],[-68.61653,44.08752],[-68.61771,44.08598],[-68.61597,44.08645],[-68.61597,44.00942],[-68.61849,44.01201],[-68.61807,44.01355],[-68.61873,44.01669],[-68.61681,44.02012],[-68.6172,44.02377],[-68.61836,44.02405],[-68.62014,44.02009],[-68.62406,44.02039],[-68.62701,44.02187],[-68.63085,44.02157],[-68.62869,44.01724],[-68.63162,44.01791],[-68.63262,44.01695],[-68.63483,44.01765],[-68.63507,44.01958],[-68.63672,44.01979],[-68.63867,44.01879],[-68.63793,44.01701],[-68.63873,44.01574],[-68.6397,44.01663],[-68.64118,44.01607],[-68.64373,44.01654],[-68.64454,44.01613],[-68.64379,44.01566],[-68.64421,44.01497],[-68.64877,44.01481],[-68.64692,44.01278],[-68.649,44.01233],[-68.65134,44.01026],[-68.65091,44.00748],[-68.65214,44.00792],[-68.65245,44.0067],[-68.65394,44.00641],[-68.65502,44.0082],[-68.65775,44.00976],[-68.65618,44.01107],[-68.65707,44.01423],[-68.65798,44.01546],[-68.66102,44.01675],[-68.65957,44.01817],[-68.66002,44.01889],[-68.65892,44.02164],[-68.65971,44.02252],[-68.65711,44.0241],[-68.65559,44.02783],[-68.65271,44.02868],[-68.64685,44.02831],[-68.6477,44.02914],[-68.65264,44.0301],[-68.65545,44.0298],[-68.65474,44.03074],[-68.65603,44.03189],[-68.65583,44.03259],[-68.65327,44.03574],[-68.65351,44.03798],[-68.65125,44.03819],[-68.6507,44.04009],[-68.64925,44.0403],[-68.64944,44.04126],[-68.64504,44.04156],[-68.64501,44.04317],[-68.64654,44.04393],[-68.64607,44.04466],[-68.64097,44.0464],[-68.64056,44.04453],[-68.63935,44.04678],[-68.64065,44.05108],[-68.64333,44.05245],[-68.64475,44.05434],[-68.64354,44.0557],[-68.64391,44.0564],[-68.64664,44.05553],[-68.6488,44.05193],[-68.65111,44.05069],[-68.65482,44.04506],[-68.65592,44.04661],[-68.65568,44.04795],[-68.65372,44.04837],[-68.65444,44.04967],[-68.65189,44.05119],[-68.65326,44.05259],[-68.65454,44.05258],[-68.65672,44.04854],[-68.65783,44.04822],[-68.65894,44.04884],[-68.65893,44.05038],[-68.65496,44.05411],[-68.65494,44.0588],[-68.65229,44.06063],[-68.65314,44.06168],[-68.65231,44.06203],[-68.65145,44.06467],[-68.65038,44.065],[-68.64899,44.06417],[-68.64599,44.0652],[-68.6409,44.07263],[-68.63565,44.07472],[-68.63428,44.07679],[-68.62936,44.07915],[-68.62887,44.08038],[-68.63075,44.08209],[-68.6306,44.08347],[-68.62913,44.08428],[-68.6259,44.08436],[-68.62518,44.08511],[-68.62485,44.08726],[-68.62608,44.08695],[-68.62761,44.08776],[-68.62637,44.08953],[-68.62486,44.08967],[-68.62375,44.08827]]]},"properties":{}},{"type":"Feature","geometry":{"type":"Polygon","coordinates":[[[-68.87949,43.8174],[-68.87926,43.81812],[-68.87845,43.81812],[-68.87852,43.8176],[-68.87949,43.8174]]]},"properties":{}},{"type":"Feature","geometry":{"type":"Polygon","coordinates":[[[-68.83106,44.05262],[-68.8311,44.0532],[-68.8306,44.05364],[-68.83056,44.05348],[-68.83106,44.05262]]]},"properties":{}},{"type":"Feature","geometry":{"type":"Polygon","coordinates":[[[-68.87851,43.83933],[-68.87768,43.83923],[-68.87743,43.83974],[-68.87821,43.83988],[-68.87851,43.83933]]]},"properties":{}},{"type":"Feature","geometry":{"type":"Polygon","coordinates":[[[-68.4,44.25357],[-68.4,44.2841],[-68.40842,44.28059],[-68.40895,44.27854],[-68.41234,44.27856],[-68.41288,44.27699],[-68.41199,44.2744],[-68.42001,44.27462],[-68.41762,44.27226],[-68.41285,44.26958],[-68.41256,44.2677],[-68.41103,44.26662],[-68.4105,44.26489],[-68.40447,44.26143],[-68.40676,44.25736],[-68.40374,44.25291],[-68.40169,44.25174],[-68.40047,44.25221],[-68.4,44.25357]]]},"properties":{}},{"type":"Feature","geometry":{"type":"Polygon","coordinates":[[[-68.4,44.28561],[-68.4,44.325],[-68.4,44.34185],[-68.40167,44.33975],[-68.40562,44.33784],[-68.40879,44.33303],[-68.40913,44.32814],[-68.40749,44.32817],[-68.40848,44.32713],[-68.40917,44.32364],[-68.40771,44.32062],[-68.41227,44.32339],[-68.41255,44.3212],[-68.41426,44.32195],[-68.41572,44.321],[-68.41319,44.31802],[-68.41516,44.31898],[-68.42022,44.31906],[-68.42032,44.31718],[-68.423,44.31678],[-68.42337,44.31604],[-68.42198,44.31252],[-68.42,44.31087],[-68.42309,44.31069],[-68.42378,44.30945],[-68.42458,44.30984],[-68.42446,44.31203],[-68.42702,44.31261],[-68.42753,44.31362],[-68.43084,44.3127],[-68.43121,44.30929],[-68.42719,44.30698],[-68.4311,44.3058],[-68.43085,44.30394],[-68.43172,44.30319],[-68.43022,44.30132],[-68.43011,44.2995],[-68.43108,44.29906],[-68.43019,44.29715],[-68.42831,44.29643],[-68.42599,44.29415],[-68.4261,44.29057],[-68.42745,44.28968],[-68.42632,44.28936],[-68.42349,44.28438],[-68.41769,44.28518],[-68.41643,44.28627],[-68.41129,44.28424],[-68.40964,44.28279],[-68.40575,44.28232],[-68.40125,44.28381],[-68.4,44.28561]]]},"properties":{}},{"type":"Feature","geometry":{"type":"Polygon","coordinates":[[[-68.4,44.41276],[-68.4,44.6],[-68.63278,44.6],[-68.63278,44.48333],[-68.61597,44.48333],[-68.61597,44.30268],[-68.6129,44.30343],[-68.61059,44.30617],[-68.6121,44.30693],[-68.61218,44.30814],[-68.61143,44.30883],[-68.61282,44.30926],[-68.61138,44.30899],[-68.61158,44.30774],[-68.60899,44.30877],[-68.60853,44.3083],[-68.60917,44.30722],[-68.6107,44.30703],[-68.60898,44.30559],[-68.61106,44.30384],[-68.6114,44.30094],[-68.61428,44.29982],[-68.61473,44.29861],[-68.61597,44.29883],[-68.61597,44.27623],[-68.61447,44.27445],[-68.60442,44.27637],[-68.60447,44.27477],[-68.60211,44.27485],[-68.60091,44.27412],[-68.60024,44.27291],[-68.60098,44.27234],[-68.59985,44.27128],[-68.59666,44.27079],[-68.59464,44.2722],[-68.59411,44.27098],[-68.59491,44.27035],[-68.59127,44.26849],[-68.59454,44.26876],[-68.59507,44.26811],[-68.59171,44.26681],[-68.58899,44.26398],[-68.58684,44.26337],[-68.58397,44.2641],[-68.58036,44.26313],[-68.58009,44.26242],[-68.57819,44.26307],[-68.57243,44.25991],[-68.5724,44.25885],[-68.57802,44.26007],[-68.57938,44.25851],[-68.5743,44.25659],[-68.57547,44.25614],[-68.5768,44.25412],[-68.57056,44.25241],[-68.57036,44.25101],[-68.56498,44.25005],[-68.55755,44.24643],[-68.54996,44.24669],[-68.54919,44.24623],[-68.55014,44.24531],[-68.54495,44.24315],[-68.54772,44.24369],[-68.54846,44.24208],[-68.55043,44.24088],[-68.54972,44.24014],[-68.55019,44.23888],[-68.55231,44.23848],[-68.55248,44.23702],[-68.55028,44.2351],[-68.54967,44.23553],[-68.54845,44.23472],[-68.54433,44.23424],[-68.53907,44.23168],[-68.53593,44.23117],[-68.53496,44.2288],[-68.53284,44.22944],[-68.52849,44.22898],[-68.52478,44.22752],[-68.52447,44.22849],[-68.52299,44.22871],[-68.52431,44.23044],[-68.5225,44.23225],[-68.52339,44.23322],[-68.52332,44.23629],[-68.52822,44.24121],[-68.52889,44.24573],[-68.52983,44.24706],[-68.52916,44.24957],[-68.53077,44.25027],[-68.53148,44.25216],[-68.53414,44.25358],[-68.53454,44.25458],[-68.54206,44.25779],[-68.54887,44.25871],[-68.55362,44.25779],[-68.55353,44.25915],[-68.55589,44.2608],[-68.55485,44.26392],[-68.55686,44.26646],[-68.55525,44.27177],[-68.55817,44.27216],[-68.55593,44.27404],[-68.55453,44.27678],[-68.55364,44.2753],[-68.5503,44.27539],[-68.54933,44.27421],[-68.54799,44.27398],[-68.55016,44.27416],[-68.55107,44.27216],[-68.54883,44.27062],[-68.5445,44.27042],[-68.54229,44.26832],[-68.54303,44.26619],[-68.53713,44.26636],[-68.53776,44.26399],[-68.54056,44.26468],[-68.54152,44.26392],[-68.54112,44.26342],[-68.53777,44.26245],[-68.5307,44.26325],[-68.52621,44.2602],[-68.52234,44.26087],[-68.51934,44.26042],[-68.52014,44.26348],[-68.5196,44.26513],[-68.52097,44.26757],[-68.52308,44.26889],[-68.52866,44.27608],[-68.53013,44.28339],[-68.53267,44.28632],[-68.53093,44.29179],[-68.52863,44.29408],[-68.53144,44.29587],[-68.53164,44.2975],[-68.53076,44.29923],[-68.53239,44.29957],[-68.5329,44.30043],[-68.53789,44.29986],[-68.53839,44.30049],[-68.53815,44.29614],[-68.53671,44.29481],[-68.53663,44.29291],[-68.53521,44.29117],[-68.53645,44.2891],[-68.53836,44.28886],[-68.5421,44.29113],[-68.54911,44.29081],[-68.5519,44.29441],[-68.55158,44.29624],[-68.556,44.29957],[-68.5562,44.30204],[-68.56071,44.30453],[-68.56415,44.30803],[-68.56482,44.31195],[-68.56634,44.31301],[-68.56685,44.31796],[-68.56609,44.32105],[-68.56411,44.32352],[-68.56325,44.32642],[-68.565,44.32693],[-68.56512,44.32857],[-68.56278,44.33081],[-68.56331,44.33386],[-68.56057,44.33549],[-68.55715,44.33961],[-68.55439,44.34106],[-68.55479,44.34338],[-68.55364,44.34503],[-68.55383,44.34717],[-68.55127,44.34815],[-68.54913,44.3503],[-68.54861,44.35285],[-68.54485,44.35549],[-68.54658,44.3578],[-68.54643,44.36207],[-68.551,44.372],[-68.55948,44.37364],[-68.55853,44.3746],[-68.5592,44.37589],[-68.56217,44.3768],[-68.5617,44.37786],[-68.56568,44.37905],[-68.56443,44.3797],[-68.5626,44.37916],[-68.56117,44.38026],[-68.56192,44.38108],[-68.56143,44.3815],[-68.56477,44.38304],[-68.56448,44.38413],[-68.56507,44.38448],[-68.56422,44.38532],[-68.56758,44.3847],[-68.56971,44.38572],[-68.5682,44.38583],[-68.56639,44.38791],[-68.56752,44.38876],[-68.5649,44.39017],[-68.56523,44.39091],[-68.56826,44.39188],[-68.56676,44.39232],[-68.56719,44.39373],[-68.56556,44.39457],[-68.5664,44.39549],[-68.56575,44.39674],[-68.56781,44.39545],[-68.56904,44.3969],[-68.56728,44.39798],[-68.56804,44.39848],[-68.56683,44.39969],[-68.56538,44.39857],[-68.56397,44.39964],[-68.56313,44.39941],[-68.56497,44.40085],[-68.56341,44.40177],[-68.56388,44.40289],[-68.56755,44.40531],[-68.56899,44.40526],[-68.57041,44.40441],[-68.56858,44.40268],[-68.57337,44.40172],[-68.5741,44.40008],[-68.57525,44.4001],[-68.57592,44.40113],[-68.57386,44.40149],[-68.5737,44.40233],[-68.5749,44.40187],[-68.57524,44.40303],[-68.57377,44.40377],[-68.57642,44.40332],[-68.57763,44.4044],[-68.5798,44.40421],[-68.58066,44.40605],[-68.58342,44.40575],[-68.58341,44.40496],[-68.58526,44.40591],[-68.58409,44.40719],[-68.58505,44.4096],[-68.58441,44.40998],[-68.58576,44.41252],[-68.58704,44.41324],[-68.58615,44.41382],[-68.58406,44.41283],[-68.58277,44.41338],[-68.57965,44.41179],[-68.5785,44.41373],[-68.57489,44.41006],[-68.57493,44.40911],[-68.57062,44.4087],[-68.5696,44.41001],[-68.57326,44.41361],[-68.57107,44.41442],[-68.57033,44.4125],[-68.5661,44.41169],[-68.56575,44.41048],[-68.56454,44.41123],[-68.56398,44.41039],[-68.56468,44.40935],[-68.56191,44.40666],[-68.55967,44.40585],[-68.55961,44.40504],[-68.56094,44.40444],[-68.56063,44.40395],[-68.5583,44.40459],[-68.55247,44.40333],[-68.55228,44.40402],[-68.54919,44.40397],[-68.54761,44.4018],[-68.54589,44.40288],[-68.54129,44.39977],[-68.5376,44.39859],[-68.53427,44.39926],[-68.53199,44.39821],[-68.52932,44.39864],[-68.52656,44.40107],[-68.52516,44.40044],[-68.52632,44.40176],[-68.52292,44.40415],[-68.52226,44.40666],[-68.52129,44.40735],[-68.52174,44.40829],[-68.51931,44.41029],[-68.52446,44.41666],[-68.52526,44.4189],[-68.52407,44.41823],[-68.52376,44.41686],[-68.52021,44.41591],[-68.51949,44.41471],[-68.51791,44.41483],[-68.51832,44.41343],[-68.51721,44.41302],[-68.51558,44.41596],[-68.5119,44.41326],[-68.50786,44.41228],[-68.50311,44.41236],[-68.49885,44.41517],[-68.49623,44.42111],[-68.49702,44.4234],[-68.4955,44.42474],[-68.49724,44.42737],[-68.49545,44.42894],[-68.49731,44.43068],[-68.49707,44.43145],[-68.49616,44.4327],[-68.49551,44.43203],[-68.49075,44.43241],[-68.48926,44.4334],[-68.48749,44.43617],[-68.48743,44.44575],[-68.48442,44.44759],[-68.48382,44.45273],[-68.48146,44.45256],[-68.48284,44.45538],[-68.48099,44.45623],[-68.48058,44.45441],[-68.47381,44.45068],[-68.47284,44.45079],[-68.4737,44.4499],[-68.47179,44.4451],[-68.47676,44.44548],[-68.47611,44.44335],[-68.47649,44.43951],[-68.47539,44.43746],[-68.47628,44.43477],[-68.47456,44.43256],[-68.4756,44.43119],[-68.4757,44.42938],[-68.47922,44.42961],[-68.47819,44.42732],[-68.4768,44.4163],[-68.47303,44.4055],[-68.47289,44.40272],[-68.47544,44.40046],[-68.47928,44.39955],[-68.48231,44.3946],[-68.48256,44.38846],[-68.47894,44.37968],[-68.46923,44.37903],[-68.4684,44.3786],[-68.4685,44.37699],[-68.46703,44.37745],[-68.46772,44.37951],[-68.46303,44.381],[-68.46376,44.38244],[-68.45903,44.38531],[-68.46308,44.38685],[-68.46431,44.39181],[-68.46313,44.39481],[-68.46397,44.39794],[-68.45944,44.40756],[-68.45804,44.40861],[-68.45892,44.41154],[-68.45624,44.41328],[-68.45951,44.41545],[-68.45936,44.41803],[-68.45806,44.42027],[-68.46008,44.42145],[-68.46014,44.42281],[-68.4621,44.42442],[-68.46402,44.4302],[-68.47158,44.43977],[-68.4696,44.44189],[-68.46171,44.44425],[-68.45885,44.44655],[-68.45945,44.44925],[-68.45823,44.45367],[-68.45953,44.45454],[-68.46348,44.46106],[-68.46828,44.46608],[-68.46918,44.47467],[-68.46896,44.48093],[-68.4702,44.48342],[-68.47294,44.48615],[-68.47739,44.48881],[-68.47884,44.48849],[-68.4869,44.49037],[-68.49596,44.49005],[-68.50014,44.49199],[-68.50195,44.49142],[-68.50572,44.4945],[-68.50314,44.49423],[-68.5026,44.49313],[-68.50045,44.49391],[-68.49671,44.49304],[-68.48772,44.49521],[-68.48516,44.49417],[-68.47852,44.49389],[-68.47432,44.49281],[-68.47289,44.49334],[-68.47028,44.49276],[-68.46684,44.49389],[-68.46626,44.49025],[-68.45986,44.48981],[-68.45083,44.48506],[-68.43688,44.48254],[-68.43837,44.4856],[-68.43732,44.48671],[-68.43882,44.49108],[-68.43821,44.49413],[-68.43556,44.49328],[-68.43382,44.49538],[-68.43354,44.49721],[-68.43168,44.499],[-68.43344,44.50193],[-68.43348,44.50449],[-68.43504,44.50527],[-68.42867,44.50981],[-68.42801,44.51297],[-68.42855,44.51349],[-68.42554,44.52008],[-68.42718,44.52414],[-68.42811,44.52455],[-68.42563,44.52857],[-68.42565,44.52934],[-68.42668,44.5295],[-68.42576,44.53129],[-68.42601,44.5326],[-68.4243,44.53334],[-68.42321,44.53638],[-68.4243,44.53911],[-68.42606,44.53945],[-68.42626,44.541],[-68.4257,44.54117],[-68.4252,44.53969],[-68.42192,44.53775],[-68.42114,44.53496],[-68.41934,44.53352],[-68.41894,44.53171],[-68.42211,44.53354],[-68.42325,44.52905],[-68.42629,44.52659],[-68.42425,44.52148],[-68.42267,44.52024],[-68.42386,44.52017],[-68.42512,44.51811],[-68.42476,44.51634],[-68.42598,44.51573],[-68.42556,44.5145],[-68.42659,44.51315],[-68.42683,44.50875],[-68.42966,44.50802],[-68.42914,44.50591],[-68.43184,44.50611],[-68.43266,44.50509],[-68.43236,44.50231],[-68.42948,44.50201],[-68.42791,44.50033],[-68.42858,44.49947],[-68.4234,44.49796],[-68.42217,44.49594],[-68.42297,44.49345],[-68.42127,44.4922],[-68.42143,44.49115],[-68.42472,44.49249],[-68.42379,44.49154],[-68.42425,44.49006],[-68.423,44.48736],[-68.4239,44.48369],[-68.42283,44.48152],[-68.4248,44.48002],[-68.42414,44.47735],[-68.42258,44.47539],[-68.42318,44.47402],[-68.42141,44.47207],[-68.42103,44.47028],[-68.42241,44.47019],[-68.4222,44.46917],[-68.42375,44.47036],[-68.42751,44.47056],[-68.42698,44.46955],[-68.42784,44.4664],[-68.42926,44.46429],[-68.42742,44.46261],[-68.42896,44.46024],[-68.42949,44.45641],[-68.42651,44.4439],[-68.4272,44.43976],[-68.42495,44.43703],[-68.42773,44.4357],[-68.42823,44.43381],[-68.43137,44.43055],[-68.43142,44.42305],[-68.43209,44.42115],[-68.43156,44.41974],[-68.43224,44.41613],[-68.4335,44.41438],[-68.4302,44.41225],[-68.42917,44.40902],[-68.43246,44.40451],[-68.4328,44.40296],[-68.43468,44.4015],[-68.43056,44.39791],[-68.42666,44.39644],[-68.41911,44.39691],[-68.41378,44.39967],[-68.41196,44.40437],[-68.4102,44.40541],[-68.40833,44.40855],[-68.40388,44.40868],[-68.40162,44.4103],[-68.4,44.41276]]]},"properties":{}},{"type":"Feature","geometry":{"type":"Polygon","coordinates":[[[-68.42004,44.18766],[-68.41342,44.18753],[-68.41252,44.18288],[-68.41031,44.18094],[-68.40863,44.17727],[-68.40669,44.17517],[-68.40348,44.1737],[-68.40256,44.17189],[-68.4,44.17076],[-68.4,44.13841],[-68.4058,44.13419],[-68.41122,44.13412],[-68.41338,44.13124],[-68.41876,44.13084],[-68.42121,44.12864],[-68.42446,44.13037],[-68.42637,44.13001],[-68.42744,44.13118],[-68.43023,44.13013],[-68.43346,44.13126],[-68.43331,44.13376],[-68.43191,44.13576],[-68.43109,44.13571],[-68.43097,44.13703],[-68.42733,44.13768],[-68.44011,44.13942],[-68.43994,44.14062],[-68.44204,44.14147],[-68.4391,44.14129],[-68.43654,44.14285],[-68.43733,44.14395],[-68.44173,44.14487],[-68.44195,44.14374],[-68.44528,44.14478],[-68.44476,44.14734],[-68.44382,44.1478],[-68.44386,44.15021],[-68.44213,44.15158],[-68.44486,44.15202],[-68.44574,44.15397],[-68.4435,44.15411],[-68.44108,44.15644],[-68.44141,44.15699],[-68.44321,44.15657],[-68.44393,44.15778],[-68.44718,44.1556],[-68.44966,44.15265],[-68.4481,44.14752],[-68.44931,44.14433],[-68.45024,44.14375],[-68.44957,44.14275],[-68.45104,44.14204],[-68.44974,44.13967],[-68.45077,44.13775],[-68.44814,44.1366],[-68.44729,44.13699],[-68.44779,44.13637],[-68.44666,44.13433],[-68.44942,44.13432],[-68.45049,44.13519],[-68.45152,44.13466],[-68.45196,44.13587],[-68.45568,44.13709],[-68.45882,44.14026],[-68.45702,44.14137],[-68.45818,44.1444],[-68.45393,44.14814],[-68.45392,44.1499],[-68.45269,44.15078],[-68.45382,44.15221],[-68.45579,44.15246],[-68.45626,44.15416],[-68.45824,44.15454],[-68.45754,44.15736],[-68.45518,44.15883],[-68.45764,44.16097],[-68.46064,44.16036],[-68.46383,44.16108],[-68.46223,44.15936],[-68.4626,44.15828],[-68.46428,44.1579],[-68.46483,44.15701],[-68.46351,44.15645],[-68.4666,44.15431],[-68.46853,44.15571],[-68.47585,44.15539],[-68.47696,44.15432],[-68.47672,44.15148],[-68.47998,44.15087],[-68.48003,44.15002],[-68.4788,44.14981],[-68.48034,44.14738],[-68.48188,44.14663],[-68.48446,44.1469],[-68.48529,44.14606],[-68.48373,44.14329],[-68.48492,44.14235],[-68.48753,44.14372],[-68.48744,44.14611],[-68.48851,44.14683],[-68.48867,44.14872],[-68.49167,44.14932],[-68.49337,44.14736],[-68.49647,44.14683],[-68.50024,44.15042],[-68.50313,44.1504],[-68.50329,44.15185],[-68.50202,44.15201],[-68.50076,44.15486],[-68.50066,44.16016],[-68.49809,44.16082],[-68.49529,44.16271],[-68.4955,44.16381],[-68.49352,44.16434],[-68.49312,44.16589],[-68.49476,44.1666],[-68.4927,44.16632],[-68.49221,44.16744],[-68.48843,44.16967],[-68.48648,44.16993],[-68.48508,44.16841],[-68.48605,44.16716],[-68.48561,44.16465],[-68.48623,44.1638],[-68.48465,44.16335],[-68.48521,44.16177],[-68.48787,44.16128],[-68.48716,44.16061],[-68.48803,44.15959],[-68.48413,44.15935],[-68.48317,44.15858],[-68.48279,44.15977],[-68.47702,44.16102],[-68.47817,44.16174],[-68.47762,44.16257],[-68.47425,44.1609],[-68.47554,44.16241],[-68.47544,44.16389],[-68.47712,44.16504],[-68.47368,44.16809],[-68.46936,44.16897],[-68.46948,44.17024],[-68.47169,44.17227],[-68.46931,44.17356],[-68.46775,44.17339],[-68.46877,44.17603],[-68.4679,44.17691],[-68.47051,44.17708],[-68.4688,44.18155],[-68.46659,44.18279],[-68.46719,44.18328],[-68.4664,44.18395],[-68.46266,44.18438],[-68.46234,44.18353],[-68.46525,44.18243],[-68.46397,44.18223],[-68.4639,44.18091],[-68.46199,44.18173],[-68.46163,44.18036],[-68.4603,44.18152],[-68.45837,44.18172],[-68.45734,44.18293],[-68.45596,44.18288],[-68.45412,44.18187],[-68.45487,44.18153],[-68.45395,44.1808],[-68.45199,44.18059],[-68.44729,44.17768],[-68.44805,44.17634],[-68.44716,44.17606],[-68.44806,44.17582],[-68.44928,44.17354],[-68.44527,44.17059],[-68.44663,44.1706],[-68.45103,44.16758],[-68.45191,44.16789],[-68.45199,44.16729],[-68.45059,44.16683],[-68.45256,44.16642],[-68.45473,44.16722],[-68.45618,44.16606],[-68.45585,44.16503],[-68.45418,44.16541],[-68.45353,44.16448],[-68.45576,44.16223],[-68.45511,44.16043],[-68.45282,44.15888],[-68.45152,44.1603],[-68.45177,44.16313],[-68.45022,44.16363],[-68.44745,44.16644],[-68.44338,44.16666],[-68.44174,44.16988],[-68.43771,44.17292],[-68.4371,44.17255],[-68.43762,44.17071],[-68.44033,44.16902],[-68.44221,44.16558],[-68.44198,44.16381],[-68.44043,44.16273],[-68.43948,44.16311],[-68.4375,44.16686],[-68.43576,44.16637],[-68.43355,44.16937],[-68.42876,44.17095],[-68.42784,44.17221],[-68.42337,44.17348],[-68.42144,44.17326],[-68.42231,44.17513],[-68.42076,44.1758],[-68.41994,44.17882],[-68.42189,44.17969],[-68.4221,44.1814],[-68.42445,44.18291],[-68.42253,44.18477],[-68.42341,44.18584],[-68.42283,44.18668],[-68.42539,44.18778],[-68.4252,44.19073],[-68.42272,44.19037],[-68.42004,44.18766]]]},"properties":{}},{"type":"Feature","geometry":{"type":"Polygon","coordinates":[[[-68.40133,44.37967],[-68.40019,44.38047],[-68.4,44.38293],[-68.40191,44.38473],[-68.40122,44.38194],[-68.40216,44.38067],[-68.40133,44.37967]]]},"properties":{}},{"type":"Feature","geometry":{"type":"Polygon","coordinates":[[[-68.4,44.34472],[-68.4,44.3617],[-68.40079,44.36184],[-68.40185,44.35873],[-68.40411,44.3574],[-68.40279,44.35577],[-68.40289,44.35381],[-68.40568,44.35179],[-68.40692,44.34761],[-68.40973,44.34603],[-68.40917,44.34873],[-68.40621,44.35167],[-68.40521,44.35468],[-68.40612,44.3559],[-68.40789,44.35383],[-68.40806,44.35583],[-68.41,44.35649],[-68.41375,44.35081],[-68.41347,44.34878],[-68.41719,44.34586],[-68.41742,44.34326],[-68.41583,44.34275],[-68.41693,44.34082],[-68.4169,44.33893],[-68.41822,44.33937],[-68.41858,44.33842],[-68.42098,44.33794],[-68.42133,44.336],[-68.41727,44.33312],[-68.41638,44.33912],[-68.4155,44.33996],[-68.41367,44.33997],[-68.4121,44.34302],[-68.41005,44.34055],[-68.40848,44.3415],[-68.40646,44.341],[-68.4083,44.33895],[-68.40607,44.33849],[-68.40457,44.33888],[-68.40089,44.34192],[-68.4,44.34472]]]},"properties":{}},{"type":"Feature","geometry":{"type":"Polygon","coordinates":[[[-68.43983,44.13808],[-68.44053,44.13809],[-68.4407,44.13845],[-68.44012,44.13854],[-68.43983,44.13808]]]},"properties":{}},{"type":"Feature","geometry":{"type":"Polygon","coordinates":[[[-68.45691,44.25477],[-68.4547,44.25592],[-68.45447,44.25712],[-68.45659,44.25862],[-68.46238,44.26008],[-68.45947,44.25698],[-68.45976,44.25469],[-68.45691,44.25477]]]},"properties":{}},{"type":"Feature","geometry":{"type":"Polygon","coordinates":[[[-68.46417,44.18909],[-68.46337,44.18847],[-68.46334,44.18809],[-68.46427,44.18803],[-68.46417,44.18909]]]},"properties":{}},{"type":"Feature","geometry":{"type":"Polygon","coordinates":[[[-68.48561,44.09874],[-68.48807,44.09821],[-68.48944,44.09692],[-68.48715,44.09731],[-68.48561,44.09874]]]},"properties":{}},{"type":"Feature","geometry":{"type":"Polygon","coordinates":[[[-68.55535,44.04921],[-68.55601,44.0469],[-68.55549,44.04638],[-68.55456,44.04712],[-68.55467,44.04932],[-68.55535,44.04921]]]},"properties":{}},{"type":"Feature","geometry":{"type":"Polygon","coordinates":[[[-68.56821,44.0316],[-68.56799,44.03093],[-68.56885,44.03034],[-68.56883,44.03089],[-68.56821,44.0316]]]},"properties":{}},{"type":"Feature","geometry":{"type":"Polygon","coordinates":[[[-68.57134,44.12095],[-68.57304,44.12062],[-68.57327,44.11957],[-68.57197,44.1194],[-68.57134,44.12095]]]},"properties":{}},{"type":"Feature","geometry":{"type":"Polygon","coordinates":[[[-68.57545,44.14627],[-68.57612,44.14519],[-68.57529,44.14455],[-68.57493,44.14518],[-68.57545,44.14627]]]},"properties":{}},{"type":"Feature","geometry":{"type":"Polygon","coordinates":[[[-68.58347,44.05914],[-68.5825,44.06018],[-68.5818,44.06038],[-68.58302,44.05858],[-68.58347,44.05914]]]},"properties":{}},{"type":"Feature","geometry":{"type":"Polygon","coordinates":[[[-68.42697,44.1262],[-68.42622,44.12521],[-68.42352,44.12439],[-68.42416,44.12599],[-68.42697,44.1262]]]},"properties":{}},{"type":"Feature","geometry":{"type":"Polygon","coordinates":[[[-68.44506,44.18758],[-68.44586,44.18863],[-68.44432,44.18874],[-68.44506,44.18758]]]},"properties":{}},{"type":"Feature","geometry":{"type":"Polygon","coordinates":[[[-68.5051,44.25398],[-68.50693,44.25282],[-68.51096,44.25427],[-68.50835,44.25494],[-68.50554,44.25449],[-68.5051,44.25398]]]},"properties":{}},{"type":"Feature","geometry":{"type":"Polygon","coordinates":[[[-68.5596,44.23727],[-68.56266,44.23854],[-68.56543,44.23792],[-68.56369,44.23718],[-68.56257,44.23536],[-68.55916,44.23614],[-68.5596,44.23727]]]},"properties":{}},{"type":"Feature","geometry":{"type":"Polygon","coordinates":[[[-68.60741,44.12839],[-68.60847,44.12661],[-68.60961,44.12697],[-68.60966,44.12866],[-68.60741,44.12839]]]},"properties":{}},{"type":"Feature","geometry":{"type":"Polygon","coordinates":[[[-68.42875,44.33872],[-68.42856,44.33808],[-68.42991,44.3379],[-68.42992,44.33804],[-68.42875,44.33872]]]},"properties":{}},{"type":"Feature","geometry":{"type":"Polygon","coordinates":[[[-68.47167,44.22254],[-68.47062,44.22365],[-68.46875,44.22359],[-68.4683,44.22424],[-68.46903,44.227],[-68.47073,44.22884],[-68.48068,44.22872],[-68.48294,44.22683],[-68.48307,44.22419],[-68.48199,44.22051],[-68.47781,44.21937],[-68.47348,44.21932],[-68.47193,44.22047],[-68.47167,44.22254]]]},"properties":{}},{"type":"Feature","geometry":{"type":"Polygon","coordinates":[[[-68.50374,44.14285],[-68.50163,44.14152],[-68.49961,44.14204],[-68.49874,44.14322],[-68.50369,44.14545],[-68.50374,44.14285]]]},"properties":{}},{"type":"Feature","geometry":{"type":"Polygon","coordinates":[[[-68.55904,44.04057],[-68.55942,44.0452],[-68.55584,44.04582],[-68.55397,44.04338],[-68.55434,44.04208],[-68.55574,44.04168],[-68.55504,44.04023],[-68.55591,44.03943],[-68.55904,44.04057]]]},"properties":{}},{"type":"Feature","geometry":{"type":"Polygon","coordinates":[[[-68.56568,44.09233],[-68.56517,44.0939],[-68.56373,44.09374],[-68.56568,44.09233]]]},"properties":{}},{"type":"Feature","geometry":{"type":"Polygon","coordinates":[[[-68.61048,44.14288],[-68.60951,44.1421],[-68.61132,44.14117],[-68.612,44.14225],[-68.61048,44.14288]]]},"properties":{}},{"type":"Feature","geometry":{"type":"Polygon","coordinates":[[[-68.61347,44.13428],[-68.61341,44.1352],[-68.6119,44.1352],[-68.61255,44.13438],[-68.61347,44.13428]]]},"properties":{}},{"type":"Feature","geometry":{"type":"Polygon","coordinates":[[[-68.61597,44.18362],[-68.61369,44.18332],[-68.61416,44.18139],[-68.61597,44.1811],[-68.61597,44.18362]]]},"properties":{}},{"type":"Feature","geometry":{"type":"Polygon","coordinates":[[[-68.42966,44.12141],[-68.42729,44.1188],[-68.42496,44.12056],[-68.42647,44.12113],[-68.42682,44.12278],[-68.42787,44.12265],[-68.42881,44.12371],[-68.43005,44.12323],[-68.42966,44.12141]]]},"properties":{}},{"type":"Feature","geometry":{"type":"Polygon","coordinates":[[[-68.4622,44.37946],[-68.46315,44.38011],[-68.46314,44.38031],[-68.46211,44.38032],[-68.4622,44.37946]]]},"properties":{}},{"type":"Feature","geometry":{"type":"Polygon","coordinates":[[[-68.46655,44.10962],[-68.46729,44.1092],[-68.46737,44.10986],[-68.46655,44.10962]]]},"properties":{}},{"type":"Feature","geometry":{"type":"Polygon","coordinates":[[[-68.4706,44.17476],[-68.47012,44.17522],[-68.46955,44.17453],[-68.46989,44.17435],[-68.4706,44.17476]]]},"properties":{}},{"type":"Feature","geometry":{"type":"Polygon","coordinates":[[[-68.4886,44.40977],[-68.48576,44.41103],[-68.48547,44.40966],[-68.48782,44.40852],[-68.4886,44.40977]]]},"properties":{}},{"type":"Feature","geometry":{"type":"Polygon","coordinates":[[[-68.51978,44.12123],[-68.52016,44.12199],[-68.51883,44.12197],[-68.51887,44.12141],[-68.51978,44.12123]]]},"properties":{}},{"type":"Feature","geometry":{"type":"Polygon","coordinates":[[[-68.51899,44.4005],[-68.5199,44.4014],[-68.5208,44.40102],[-68.52012,44.39964],[-68.51899,44.4005]]]},"properties":{}},{"type":"Feature","geometry":{"type":"Polygon","coordinates":[[[-68.5383,44.11302],[-68.53901,44.1126],[-68.53849,44.11184],[-68.53815,44.11234],[-68.5383,44.11302]]]},"properties":{}},{"type":"Feature","geometry":{"type":"Polygon","coordinates":[[[-68.57483,44.25148],[-68.57448,44.25195],[-68.57258,44.25089],[-68.57341,44.25067],[-68.57483,44.25148]]]},"properties":{}},{"type":"Feature","geometry":{"type":"Polygon","coordinates":[[[-68.58295,44.14937],[-68.5798,44.14933],[-68.57839,44.14767],[-68.57983,44.14665],[-68.58363,44.1471],[-68.58285,44.14588],[-68.58122,44.14569],[-68.58122,44.14414],[-68.58502,44.14242],[-68.58603,44.14315],[-68.58596,44.14511],[-68.58858,44.14577],[-68.58861,44.14704],[-68.58629,44.14879],[-68.58356,44.14871],[-68.58295,44.14937]]]},"properties":{}},{"type":"Feature","geometry":{"type":"Polygon","coordinates":[[[-68.58269,44.13888],[-68.58215,44.14022],[-68.58024,44.13992],[-68.58047,44.13911],[-68.58269,44.13888]]]},"properties":{}},{"type":"Feature","geometry":{"type":"Polygon","coordinates":[[[-68.58584,44.25999],[-68.58149,44.25991],[-68.58132,44.26013],[-68.58538,44.26101],[-68.58584,44.25999]]]},"properties":{}},{"type":"Feature","geometry":{"type":"Polygon","coordinates":[[[-68.59091,44.06892],[-68.59131,44.06955],[-68.59189,44.06912],[-68.59091,44.06892]]]},"properties":{}},{"type":"Feature","geometry":{"type":"Polygon","coordinates":[[[-68.59578,44.14269],[-68.59437,44.14448],[-68.59457,44.14538],[-68.59624,44.14634],[-68.59871,44.14601],[-68.59881,44.14472],[-68.59578,44.14269]]]},"properties":{}},{"type":"Feature","geometry":{"type":"Polygon","coordinates":[[[-68.61594,44.09849],[-68.61515,44.09965],[-68.61532,44.09848],[-68.61594,44.09849]]]},"properties":{}},{"type":"Feature","geometry":{"type":"Polygon","coordinates":[[[-68.43704,44.13038],[-68.43418,44.12695],[-68.43784,44.12636],[-68.43834,44.12538],[-68.4354,44.12316],[-68.4358,44.12169],[-68.44076,44.12314],[-68.44426,44.12647],[-68.44905,44.12558],[-68.44826,44.12673],[-68.44821,44.12919],[-68.44454,44.13059],[-68.44408,44.13143],[-68.44099,44.13145],[-68.4394,44.13274],[-68.43658,44.13292],[-68.43704,44.13038]]]},"properties":{}},{"type":"Feature","geometry":{"type":"Polygon","coordinates":[[[-68.44181,44.14279],[-68.44302,44.14315],[-68.44305,44.14279],[-68.44181,44.14279]]]},"properties":{}},{"type":"Feature","geometry":{"type":"Polygon","coordinates":[[[-68.45356,44.30651],[-68.45631,44.31036],[-68.45623,44.31216],[-68.45436,44.31357],[-68.45089,44.31348],[-68.44844,44.31162],[-68.44982,44.30919],[-68.44978,44.30734],[-68.44855,44.30623],[-68.44915,44.30485],[-68.44757,44.30252],[-68.44834,44.30085],[-68.44791,44.29965],[-68.45006,44.29778],[-68.45531,44.29924],[-68.45356,44.30651]]]},"properties":{}},{"type":"Feature","geometry":{"type":"Polygon","coordinates":[[[-68.50419,44.38302],[-68.50227,44.38243],[-68.49766,44.36604],[-68.4906,44.35404],[-68.49025,44.35113],[-68.48787,44.34528],[-68.48672,44.3401],[-68.48874,44.33152],[-68.48503,44.32728],[-68.4799,44.32507],[-68.47925,44.32376],[-68.48053,44.32189],[-68.4781,44.31987],[-68.47998,44.31771],[-68.48382,44.3155],[-68.48971,44.31344],[-68.48984,44.31219],[-68.49085,44.31175],[-68.492,44.31228],[-68.4912,44.31331],[-68.49175,44.31513],[-68.49508,44.31564],[-68.4964,44.31893],[-68.50153,44.32356],[-68.50427,44.32443],[-68.51365,44.32511],[-68.51863,44.3231],[-68.5216,44.32306],[-68.52599,44.32424],[-68.52679,44.32584],[-68.52894,44.32699],[-68.53016,44.32928],[-68.53328,44.32994],[-68.53156,44.33087],[-68.53023,44.33351],[-68.53039,44.33502],[-68.52909,44.33611],[-68.53,44.34033],[-68.52849,44.3426],[-68.52796,44.34678],[-68.5244,44.35326],[-68.52152,44.3561],[-68.5214,44.35768],[-68.51933,44.35916],[-68.52163,44.3606],[-68.52107,44.36597],[-68.5219,44.36927],[-68.51948,44.3782],[-68.51673,44.38134],[-68.50978,44.3855],[-68.50492,44.38412],[-68.50419,44.38302]]]},"properties":{}},{"type":"Feature","geometry":{"type":"Polygon","coordinates":[[[-68.51781,44.11614],[-68.51183,44.12128],[-68.51221,44.12386],[-68.51113,44.12553],[-68.50938,44.12595],[-68.50775,44.12761],[-68.50527,44.12781],[-68.50438,44.12649],[-68.50026,44.12537],[-68.49844,44.12305],[-68.49534,44.12177],[-68.4959,44.12077],[-68.49238,44.1158],[-68.4948,44.11345],[-68.49484,44.11248],[-68.49421,44.11178],[-68.4907,44.11146],[-68.49392,44.10866],[-68.4965,44.109],[-68.49678,44.11088],[-68.49795,44.11121],[-68.5008,44.10995],[-68.50164,44.11027],[-68.50307,44.10856],[-68.50429,44.10902],[-68.50424,44.10729],[-68.50178,44.10633],[-68.50094,44.10376],[-68.502,44.10044],[-68.50396,44.09946],[-68.50315,44.09803],[-68.50354,44.09663],[-68.5064,44.0987],[-68.50582,44.10007],[-68.50792,44.10065],[-68.50752,44.10379],[-68.50969,44.10433],[-68.51291,44.10273],[-68.51687,44.10377],[-68.51829,44.10633],[-68.5172,44.11077],[-68.51896,44.11399],[-68.51781,44.11614]]]},"properties":{}},{"type":"Feature","geometry":{"type":"Polygon","coordinates":[[[-68.57034,44.04307],[-68.57089,44.04109],[-68.5702,44.0372],[-68.57363,44.03615],[-68.57456,44.03718],[-68.57213,44.03878],[-68.57202,44.0413],[-68.57034,44.04307]]]},"properties":{}},{"type":"Feature","geometry":{"type":"Polygon","coordinates":[[[-68.58214,44.24963],[-68.5811,44.25015],[-68.5805,44.2496],[-68.58302,44.24806],[-68.58696,44.2487],[-68.58407,44.25069],[-68.58214,44.24963]]]},"properties":{}},{"type":"Feature","geometry":{"type":"Polygon","coordinates":[[[-68.60629,44.01375],[-68.60382,44.01552],[-68.60192,44.01321],[-68.60564,44.01258],[-68.60601,44.01186],[-68.60629,44.01278],[-68.60876,44.01312],[-68.6086,44.01463],[-68.60629,44.01375]]]},"properties":{}},{"type":"Feature","geometry":{"type":"Polygon","coordinates":[[[-68.60729,44.11951],[-68.60662,44.12019],[-68.60524,44.11995],[-68.60547,44.12064],[-68.60828,44.12102],[-68.60859,44.11979],[-68.60729,44.11951]]]},"properties":{}},{"type":"Feature","geometry":{"type":"Polygon","coordinates":[[[-68.61597,44.12996],[-68.61483,44.12951],[-68.61564,44.12802],[-68.61322,44.12713],[-68.61125,44.12762],[-68.6107,44.12649],[-68.60941,44.12623],[-68.61009,44.12518],[-68.61335,44.12442],[-68.61353,44.12279],[-68.61597,44.12062],[-68.61597,44.12996]]]},"properties":{}},{"type":"Feature","geometry":{"type":"Polygon","coordinates":[[[-68.46238,44.13319],[-68.46163,44.13162],[-68.46042,44.13146],[-68.46041,44.13223],[-68.46238,44.13319]]]},"properties":{}},{"type":"Feature","geometry":{"type":"Polygon","coordinates":[[[-68.49263,44.28255],[-68.48912,44.28263],[-68.4825,44.27932],[-68.47452,44.27272],[-68.46883,44.26994],[-68.4677,44.26785],[-68.46963,44.26366],[-68.47387,44.26551],[-68.48121,44.26639],[-68.48591,44.26911],[-68.48726,44.26914],[-68.48723,44.27129],[-68.49199,44.27948],[-68.49263,44.28255]]]},"properties":{}},{"type":"Feature","geometry":{"type":"Polygon","coordinates":[[[-68.47359,44.17216],[-68.4746,44.17065],[-68.47437,44.17041],[-68.47359,44.17216]]]},"properties":{}},{"type":"Feature","geometry":{"type":"Polygon","coordinates":[[[-68.49319,44.12135],[-68.49397,44.12207],[-68.49362,44.12301],[-68.49107,44.12397],[-68.49133,44.12147],[-68.49319,44.12135]]]},"properties":{}},{"type":"Feature","geometry":{"type":"Polygon","coordinates":[[[-68.56137,44.08373],[-68.56189,44.08468],[-68.56085,44.08375],[-68.56137,44.08373]]]},"properties":{}},{"type":"Feature","geometry":{"type":"Polygon","coordinates":[[[-68.58168,44.15473],[-68.5803,44.15446],[-68.58027,44.15498],[-68.58168,44.15473]]]},"properties":{}},{"type":"Feature","geometry":{"type":"Polygon","coordinates":[[[-68.58256,44.1574],[-68.58201,44.15902],[-68.58038,44.1586],[-68.5811,44.15585],[-68.58256,44.1574]]]},"properties":{}},{"type":"Feature","geometry":{"type":"Polygon","coordinates":[[[-68.59053,44.07191],[-68.58963,44.07204],[-68.5893,44.07268],[-68.59028,44.07267],[-68.59053,44.07191]]]},"properties":{}},{"type":"Feature","geometry":{"type":"Polygon","coordinates":[[[-68.59099,44.24939],[-68.59339,44.24866],[-68.59829,44.25218],[-68.59745,44.25301],[-68.59332,44.24984],[-68.59099,44.24939]]]},"properties":{}},{"type":"Feature","geometry":{"type":"Polygon","coordinates":[[[-68.59692,44.17711],[-68.60501,44.17838],[-68.6066,44.17639],[-68.59878,44.1746],[-68.59657,44.17585],[-68.59692,44.17711]]]},"properties":{}},{"type":"Feature","geometry":{"type":"Polygon","coordinates":[[[-68.59992,44.05083],[-68.60036,44.05212],[-68.59988,44.05266],[-68.59947,44.05197],[-68.59992,44.05083]]]},"properties":{}},{"type":"Feature","geometry":{"type":"Polygon","coordinates":[[[-68.60397,44.14207],[-68.60219,44.14123],[-68.60267,44.14005],[-68.60103,44.13872],[-68.60491,44.13601],[-68.60659,44.13607],[-68.60869,44.13801],[-68.6087,44.14071],[-68.60804,44.14211],[-68.60397,44.14207]]]},"properties":{}},{"type":"Feature","geometry":{"type":"Polygon","coordinates":[[[-68.60846,44.20476],[-68.60685,44.2042],[-68.60705,44.20627],[-68.60845,44.20593],[-68.60846,44.20476]]]},"properties":{}},{"type":"Feature","geometry":{"type":"Polygon","coordinates":[[[-68.61597,44.15688],[-68.61403,44.15716],[-68.61119,44.15552],[-68.61209,44.15443],[-68.61597,44.15338],[-68.61597,44.15688]]]},"properties":{}},{"type":"Feature","geometry":{"type":"Polygon","coordinates":[[[-68.43068,44.28926],[-68.43056,44.2882],[-68.4328,44.28631],[-68.43391,44.28738],[-68.43371,44.28881],[-68.43679,44.29186],[-68.43616,44.29317],[-68.43358,44.29235],[-68.43068,44.28926]]]},"properties":{}},{"type":"Feature","geometry":{"type":"Polygon","coordinates":[[[-68.43814,44.11595],[-68.43764,44.11641],[-68.4384,44.11844],[-68.44121,44.11936],[-68.44101,44.11827],[-68.43814,44.11595]]]},"properties":{}},{"type":"Feature","geometry":{"type":"Polygon","coordinates":[[[-68.48491,44.20338],[-68.48441,44.20768],[-68.48213,44.20906],[-68.48419,44.21061],[-68.48579,44.20961],[-68.48776,44.20994],[-68.48518,44.2111],[-68.48644,44.21227],[-68.48589,44.21374],[-68.48427,44.21317],[-68.47949,44.21422],[-68.47736,44.21391],[-68.47627,44.21203],[-68.47527,44.21175],[-68.4755,44.21037],[-68.47474,44.20986],[-68.47636,44.20968],[-68.47313,44.20804],[-68.47217,44.2084],[-68.4718,44.20733],[-68.47246,44.20604],[-68.475,44.2051],[-68.47455,44.20236],[-68.47571,44.20307],[-68.47646,44.20235],[-68.47744,44.20306],[-68.48372,44.2026],[-68.48491,44.20338]]]},"properties":{}},{"type":"Feature","geometry":{"type":"Polygon","coordinates":[[[-68.60607,44.21699],[-68.59874,44.21501],[-68.59875,44.21301],[-68.59651,44.21219],[-68.59836,44.21192],[-68.59827,44.21113],[-68.59534,44.2103],[-68.58982,44.21193],[-68.5912,44.2135],[-68.58995,44.21399],[-68.59002,44.21497],[-68.58693,44.2157],[-68.58395,44.215],[-68.58346,44.21335],[-68.58438,44.2129],[-68.58443,44.21032],[-68.58566,44.2102],[-68.58534,44.20914],[-68.58815,44.20925],[-68.58827,44.20726],[-68.58578,44.20749],[-68.57321,44.20418],[-68.57274,44.20302],[-68.57069,44.20256],[-68.57212,44.20147],[-68.57093,44.20095],[-68.57224,44.20045],[-68.57321,44.20145],[-68.57486,44.20162],[-68.57568,44.20025],[-68.5743,44.20011],[-68.57382,44.19915],[-68.56969,44.19933],[-68.56887,44.19855],[-68.5701,44.1979],[-68.56525,44.19657],[-68.56378,44.19319],[-68.56423,44.19196],[-68.56818,44.1925],[-68.57092,44.1917],[-68.57746,44.19341],[-68.57903,44.19305],[-68.58131,44.1942],[-68.5796,44.19259],[-68.57614,44.19234],[-68.5766,44.19185],[-68.57552,44.1906],[-68.57516,44.19136],[-68.57255,44.19035],[-68.57271,44.1896],[-68.56879,44.18994],[-68.56794,44.189],[-68.57326,44.18818],[-68.57312,44.1872],[-68.57521,44.18742],[-68.58002,44.18503],[-68.58224,44.18597],[-68.57979,44.18676],[-68.57836,44.18836],[-68.57901,44.18906],[-68.58688,44.18687],[-68.58944,44.1878],[-68.58683,44.19012],[-68.59176,44.18929],[-68.59768,44.19225],[-68.59966,44.19198],[-68.60044,44.19301],[-68.59978,44.19378],[-68.59812,44.19407],[-68.59692,44.1932],[-68.59557,44.19476],[-68.587,44.19538],[-68.5879,44.19648],[-68.58746,44.19777],[-68.58918,44.19819],[-68.58714,44.20178],[-68.5895,44.20331],[-68.59543,44.20507],[-68.5966,44.20709],[-68.59456,44.20797],[-68.59395,44.2095],[-68.59736,44.21046],[-68.59914,44.21148],[-68.61134,44.21198],[-68.61597,44.21048],[-68.61597,44.21464],[-68.615,44.2137],[-68.61031,44.21411],[-68.60916,44.21498],[-68.61069,44.21638],[-68.60607,44.21699]]]},"properties":{}},{"type":"Feature","geometry":{"type":"Polygon","coordinates":[[[-68.61597,44.09337],[-68.61081,44.09475],[-68.60906,44.0945],[-68.60995,44.09336],[-68.61535,44.09254],[-68.61597,44.08956],[-68.61597,44.09337]]]},"properties":{}},{"type":"Feature","geometry":{"type":"Polygon","coordinates":[[[-68.40761,44.10797],[-68.40244,44.10867],[-68.40167,44.1115],[-68.40778,44.11109],[-68.40838,44.10875],[-68.40761,44.10797]]]},"properties":{}},{"type":"Feature","geometry":{"type":"Polygon","coordinates":[[[-68.43181,44.32466],[-68.42917,44.3276],[-68.42894,44.32886],[-68.42976,44.33264],[-68.42885,44.33375],[-68.43004,44.33561],[-68.42968,44.33701],[-68.43183,44.33633],[-68.43122,44.33806],[-68.43251,44.33831],[-68.4345,44.33613],[-68.43518,44.33711],[-68.43461,44.33953],[-68.4364,44.34081],[-68.43528,44.3417],[-68.43048,44.33937],[-68.42946,44.34109],[-68.43036,44.34252],[-68.43064,44.34631],[-68.42781,44.34557],[-68.42673,44.34429],[-68.42566,44.34657],[-68.42575,44.3474],[-68.42863,44.34954],[-68.42794,44.35115],[-68.4245,44.35379],[-68.42208,44.35139],[-68.41942,44.35029],[-68.42013,44.35151],[-68.41931,44.35228],[-68.4197,44.35401],[-68.41557,44.35623],[-68.41521,44.3571],[-68.41821,44.36134],[-68.42071,44.36167],[-68.41876,44.36397],[-68.42205,44.36503],[-68.42167,44.36621],[-68.42331,44.36879],[-68.42159,44.37218],[-68.42235,44.37568],[-68.4258,44.37265],[-68.43308,44.37137],[-68.43597,44.36942],[-68.43687,44.36699],[-68.4394,44.36354],[-68.44138,44.36238],[-68.44154,44.36139],[-68.44649,44.36027],[-68.44721,44.35961],[-68.44704,44.35833],[-68.45034,44.35716],[-68.4499,44.35643],[-68.45049,44.35569],[-68.44965,44.35493],[-68.45175,44.35262],[-68.45143,44.35105],[-68.4544,44.34894],[-68.45243,44.34764],[-68.4529,44.34707],[-68.4523,44.34613],[-68.45388,44.34627],[-68.45686,44.3448],[-68.4549,44.34258],[-68.45507,44.34178],[-68.4523,44.34125],[-68.4522,44.34027],[-68.4553,44.33932],[-68.45315,44.33785],[-68.45251,44.33642],[-68.4489,44.33651],[-68.44677,44.33866],[-68.44467,44.33932],[-68.44227,44.33723],[-68.44287,44.33593],[-68.44218,44.33125],[-68.44395,44.32901],[-68.44444,44.32593],[-68.446,44.3256],[-68.44561,44.32463],[-68.44352,44.32443],[-68.44294,44.32562],[-68.4413,44.32591],[-68.44104,44.32192],[-68.43925,44.32144],[-68.43635,44.32403],[-68.43181,44.32466]]]},"properties":{}},{"type":"Feature","geometry":{"type":"Polygon","coordinates":[[[-68.42594,44.32685],[-68.42424,44.32576],[-68.42445,44.32366],[-68.42648,44.32524],[-68.42594,44.32685]]]},"properties":{}},{"type":"Feature","geometry":{"type":"Polygon","coordinates":[[[-68.44485,44.11403],[-68.44794,44.11516],[-68.44769,44.11352],[-68.44485,44.11403]]]},"properties":{}},{"type":"Feature","geometry":{"type":"Polygon","coordinates":[[[-68.45203,44.19143],[-68.45105,44.19057],[-68.45066,44.1882],[-68.45328,44.18941],[-68.45306,44.1908],[-68.45203,44.19143]]]},"properties":{}},{"type":"Feature","geometry":{"type":"Polygon","coordinates":[[[-68.47062,44.10238],[-68.47014,44.10016],[-68.47132,44.09845],[-68.47642,44.099],[-68.47767,44.10051],[-68.47753,44.10222],[-68.47281,44.10312],[-68.4721,44.10222],[-68.47062,44.10238]]]},"properties":{}},{"type":"Feature","geometry":{"type":"Polygon","coordinates":[[[-68.49403,44.08238],[-68.49511,44.08211],[-68.49488,44.08168],[-68.49403,44.08238]]]},"properties":{}},{"type":"Feature","geometry":{"type":"Polygon","coordinates":[[[-68.52515,44.13307],[-68.52457,44.13288],[-68.52424,44.13361],[-68.5248,44.13369],[-68.52515,44.13307]]]},"properties":{}},{"type":"Feature","geometry":{"type":"Polygon","coordinates":[[[-68.54591,44.22495],[-68.5445,44.22496],[-68.54401,44.22574],[-68.54688,44.22812],[-68.54909,44.22848],[-68.54994,44.22785],[-68.55126,44.22859],[-68.55312,44.22782],[-68.55143,44.22423],[-68.55023,44.2251],[-68.54715,44.22458],[-68.54841,44.22327],[-68.54819,44.22142],[-68.54519,44.22044],[-68.54249,44.22125],[-68.54344,44.2226],[-68.54601,44.22383],[-68.54591,44.22495]]]},"properties":{}},{"type":"Feature","geometry":{"type":"Polygon","coordinates":[[[-68.5435,44.22789],[-68.54386,44.22736],[-68.54473,44.22763],[-68.54459,44.22788],[-68.5435,44.22789]]]},"properties":{}},{"type":"Feature","geometry":{"type":"Polygon","coordinates":[[[-68.55957,44.16677],[-68.55797,44.1672],[-68.55778,44.16638],[-68.5592,44.1661],[-68.55957,44.16677]]]},"properties":{}},{"type":"Feature","geometry":{"type":"Polygon","coordinates":[[[-68.57306,44.10179],[-68.57167,44.10007],[-68.57264,44.09937],[-68.57189,44.0984],[-68.5722,44.0973],[-68.57703,44.09559],[-68.57715,44.09733],[-68.57862,44.09761],[-68.57867,44.09836],[-68.57627,44.10113],[-68.57306,44.10179]]]},"properties":{}},{"type":"Feature","geometry":{"type":"Polygon","coordinates":[[[-68.5755,44.02805],[-68.57602,44.02626],[-68.57506,44.02816],[-68.5755,44.02805]]]},"properties":{}},{"type":"Feature","geometry":{"type":"Polygon","coordinates":[[[-68.58031,44.16741],[-68.57852,44.16725],[-68.57774,44.16794],[-68.5809,44.16926],[-68.58156,44.16879],[-68.58031,44.16741]]]},"properties":{}},{"type":"Feature","geometry":{"type":"Polygon","coordinates":[[[-68.59257,44.05995],[-68.59252,44.06547],[-68.5913,44.06595],[-68.59228,44.06685],[-68.59199,44.06754],[-68.59104,44.06772],[-68.58982,44.06649],[-68.58857,44.06962],[-68.58875,44.07122],[-68.58655,44.07221],[-68.58362,44.07097],[-68.58718,44.06704],[-68.58768,44.06316],[-68.58846,44.06336],[-68.58836,44.06083],[-68.5901,44.06027],[-68.59122,44.05861],[-68.59257,44.05995]]]},"properties":{}},{"type":"Feature","geometry":{"type":"Polygon","coordinates":[[[-68.61597,44.00968],[-68.61597,44.08645],[-68.61447,44.08762],[-68.61214,44.08774],[-68.61165,44.08887],[-68.6051,44.08645],[-68.60389,44.08681],[-68.60363,44.08788],[-68.60106,44.08632],[-68.60086,44.08474],[-68.60418,44.08453],[-68.60451,44.08351],[-68.60133,44.08267],[-68.60086,44.0765],[-68.60269,44.07719],[-68.60383,44.07678],[-68.60055,44.07474],[-68.60004,44.07205],[-68.60083,44.07041],[-68.59872,44.06684],[-68.60024,44.06746],[-68.59964,44.06613],[-68.60102,44.06302],[-68.60097,44.05547],[-68.60216,44.05426],[-68.60206,44.04705],[-68.60096,44.04685],[-68.60151,44.04596],[-68.60103,44.04514],[-68.60307,44.04502],[-68.60396,44.04338],[-68.6036,44.0416],[-68.60535,44.04088],[-68.60476,44.03879],[-68.6071,44.03563],[-68.60743,44.03164],[-68.60976,44.03012],[-68.61061,44.02731],[-68.6125,44.02733],[-68.61315,44.02595],[-68.61155,44.02562],[-68.61103,44.02469],[-68.61286,44.02119],[-68.61255,44.01905],[-68.61081,44.0179],[-68.61024,44.0164],[-68.61062,44.01334],[-68.61225,44.01216],[-68.61274,44.01281],[-68.61448,44.01038],[-68.61597,44.00968]]]},"properties":{}},{"type":"Feature","geometry":{"type":"Polygon","coordinates":[[[-68.60184,44.13073],[-68.59983,44.13024],[-68.59904,44.1306],[-68.60037,44.13145],[-68.60182,44.13129],[-68.60184,44.13073]]]},"properties":{}},{"type":"Feature","geometry":{"type":"Polygon","coordinates":[[[-68.61339,44.22256],[-68.61383,44.22052],[-68.61237,44.21974],[-68.60904,44.21992],[-68.60317,44.22332],[-68.60496,44.2248],[-68.60746,44.22372],[-68.61115,44.22421],[-68.61255,44.22565],[-68.6144,44.22552],[-68.6153,44.22516],[-68.61339,44.22256]]]},"properties":{}},{"type":"Feature","geometry":{"type":"Polygon","coordinates":[[[-68.61597,44.23419],[-68.61597,44.24742],[-68.61021,44.24506],[-68.60853,44.24122],[-68.60874,44.23946],[-68.61261,44.23804],[-68.61483,44.23585],[-68.61443,44.23457],[-68.61222,44.23411],[-68.61132,44.23302],[-68.60646,44.23426],[-68.6047,44.23267],[-68.60408,44.23016],[-68.6054,44.229],[-68.60892,44.22963],[-68.60995,44.23165],[-68.61279,44.23224],[-68.61597,44.23419]]]},"properties":{}},{"type":"Feature","geometry":{"type":"Polygon","coordinates":[[[-68.61597,44.14913],[-68.61398,44.15042],[-68.61146,44.14963],[-68.60985,44.14774],[-68.61174,44.14637],[-68.61535,44.147],[-68.61481,44.14578],[-68.61547,44.14559],[-68.61597,44.14913]]]},"properties":{}}]}