{"type":"FeatureCollection","features":[{"type":"Feature","geometry":{"type":"Point","coordinates":[-69.16670863761816,43.997772637382]},"properties":{"objtype":"SEAARE","label":"sea area","name":"Wheeler Bay","name_lower":"wheeler bay","chart":"US4ME20M"}},{"type":"Feature","geometry":{"type":"Point","coordinates":[-69.29127839124587,43.90560469306771]},"properties":{"objtype":"SEAARE","label":"sea area","name":"Old Horse Ledge","name_lower":"old horse ledge","chart":"US4ME20M"}},{"type":"Feature","geometry":{"type":"Point","coordinates":[-69.0997968983245,44.02846598391012]},"properties":{"objtype":"SEAARE","label":"sea area","name":"Lark Ledges","name_lower":"lark ledges","chart":"US4ME20M"}},{"type":"Feature","geometry":{"type":"Point","coordinates":[-69.28899992086447,43.88534425119028]},"properties":{"objtype":"SEAARE","label":"sea area","name":"Shag Ledges","name_lower":"shag ledges","chart":"US4ME20M"}},{"type":"Feature","geometry":{"type":"Point","coordinates":[-69.1743932117027,43.845708292517536]},"properties":{"objtype":"SEAARE","label":"sea area","name":"Southeast Breaker","name_lower":"southeast breaker","chart":"US4ME20M"}},{"type":"Feature","geometry":{"type":"Point","coordinates":[-69.16897626854383,43.896080819315614]},"properties":{"objtype":"SEAARE","label":"sea area","name":"Metinic Island Ledge","name_lower":"metinic island ledge","chart":"US4ME20M"}},{"type":"Feature","geometry":{"type":"Point","coordinates":[-69.21733019809895,44.000532196332685]},"properties":{"objtype":"SEAARE","label":"sea area","name":"Watts Cove","name_lower":"watts cove","chart":"US4ME20M"}},{"type":"Feature","geometry":{"type":"Point","coordinates":[-69.09788355915354,43.9572115088558]},"properties":{"objtype":"SEAARE","label":"sea area","name":"Crow Island Ledges","name_lower":"crow island ledges","chart":"US4ME20M"}},{"type":"Feature","geometry":{"type":"Point","coordinates":[-69.09769494999622,44.08782223687087]},"properties":{"objtype":"SEAARE","label":"sea area","name":"Seal Ledge","name_lower":"seal ledge","chart":"US4ME20M"}},{"type":"Feature","geometry":{"type":"Point","coordinates":[-69.00772553246475,43.89611228020945]},"properties":{"objtype":"SEAARE","label":"sea area","name":"Herring Ledge","name_lower":"herring ledge","chart":"US4ME20M"}},{"type":"Feature","geometry":{"type":"Point","coordinates":[-69.07087414640888,43.900479669108506]},"properties":{"objtype":"SEAARE","label":"sea area","name":"Southern Triangles","name_lower":"southern triangles","chart":"US4ME20M"}},{"type":"Feature","geometry":{"type":"Point","coordinates":[-69.17494190125353,43.8852932204082]},"properties":{"objtype":"SEAARE","label":"sea area","name":"Hupper Shoal","name_lower":"hupper shoal","chart":"US4ME20M"}},{"type":"Feature","geometry":{"type":"Point","coordinates":[-69.08257534453952,44.09263866679694]},"properties":{"objtype":"SEAARE","label":"sea area","name":"Lowell Ledge","name_lower":"lowell ledge","chart":"US4ME20M"}},{"type":"Feature","geometry":{"type":"Point","coordinates":[-69.20386195132613,44.04726811817936]},"properties":{"objtype":"SEAARE","label":"sea area","name":"Hyler Cove","name_lower":"hyler cove","chart":"US4ME20M"}},{"type":"Feature","geometry":{"type":"Point","coordinates":[-69.08913673140374,44.09968786551049]},"properties":{"objtype":"SEAARE","label":"sea area","name":"Rockland Harbor","name_lower":"rockland harbor","chart":"US4ME20M"}},{"type":"Feature","geometry":{"type":"Point","coordinates":[-69.06496946624658,43.98492131991856]},"properties":{"objtype":"SEAARE","label":"sea area","name":"Hewett Island Rock","name_lower":"hewett island rock","chart":"US4ME20M"}},{"type":"Feature","geometry":{"type":"Point","coordinates":[-69.05907177396662,43.95426799529658]},"properties":{"objtype":"SEAARE","label":"sea area","name":"Two Bush Channel","name_lower":"two bush channel","chart":"US4ME20M"}},{"type":"Feature","geometry":{"type":"Point","coordinates":[-69.08109565212119,44.02481202025423]},"properties":{"objtype":"SEAARE","label":"sea area","name":"Otter Island Ledge","name_lower":"otter island ledge","chart":"US4ME20M"}},{"type":"Feature","geometry":{"type":"Point","coordinates":[-69.26135087845593,43.959071998127314]},"properties":{"objtype":"SEAARE","label":"sea area","name":"Turkey Cove","name_lower":"turkey cove","chart":"US4ME20M"}},{"type":"Feature","geometry":{"type":"Point","coordinates":[-69.03442864214877,44.00921319537499]},"properties":{"objtype":"SEAARE","label":"sea area","name":"Sunken Pond Ledge","name_lower":"sunken pond ledge","chart":"US4ME20M"}},{"type":"Feature","geometry":{"type":"Point","coordinates":[-69.23317998097426,43.90901018328915]},"properties":{"objtype":"SEAARE","label":"sea area","name":"Hay Ledge","name_lower":"hay ledge","chart":"US4ME20M"}},{"type":"Feature","geometry":{"type":"Point","coordinates":[-69.07953268086166,44.01915755237136]},"properties":{"objtype":"SEAARE","label":"sea area","name":"Muscle Ridge Channel","name_lower":"muscle ridge channel","chart":"US4ME20M"}},{"type":"Feature","geometry":{"type":"Point","coordinates":[-69.10323842651998,43.99167505796668]},"properties":{"objtype":"SEAARE","label":"sea area","name":"Hurricane Ledge","name_lower":"hurricane ledge","chart":"US4ME20M"}},{"type":"Feature","geometry":{"type":"Point","coordinates":[-69.10002140443429,43.96926409637355]},"properties":{"objtype":"SEAARE","label":"sea area","name":"Stallion Ledge","name_lower":"stallion ledge","chart":"US4ME20M"}},{"type":"Feature","geometry":{"type":"Point","coordinates":[-69.04644548012214,44.05150209638083]},"properties":{"objtype":"SEAARE","label":"sea area","name":"Fisherman Island Passage","name_lower":"fisherman island passage","chart":"US4ME20M"}},{"type":"Feature","geometry":{"type":"Point","coordinates":[-68.98537968623066,43.87057730449032]},"properties":{"objtype":"SEAARE","label":"sea area","name":"Pigeon Ground","name_lower":"pigeon ground","chart":"US4ME20M"}},{"type":"Feature","geometry":{"type":"Point","coordinates":[-69.176467324815,43.98807971151238]},"properties":{"objtype":"SEAARE","label":"sea area","name":"Clark Cove","name_lower":"clark cove","chart":"US4ME20M"}},{"type":"Feature","geometry":{"type":"Point","coordinates":[-69.0403204016524,44.04295706889968]},"properties":{"objtype":"SEAARE","label":"sea area","name":"Grindstone Ledge","name_lower":"grindstone ledge","chart":"US4ME20M"}},{"type":"Feature","geometry":{"type":"Point","coordinates":[-69.25959003984455,43.97075477377598]},"properties":{"objtype":"SEAARE","label":"sea area","name":"Teel Cove","name_lower":"teel cove","chart":"US4ME20M"}},{"type":"Feature","geometry":{"type":"Point","coordinates":[-68.99237187781375,43.99096283595958]},"properties":{"objtype":"SEAARE","label":"sea area","name":"Junken Ledge","name_lower":"junken ledge","chart":"US4ME20M"}},{"type":"Feature","geometry":{"type":"Point","coordinates":[-69.1104872854906,44.046288306469876]},"properties":{"objtype":"SEAARE","label":"sea area","name":"Ballyhac Cove","name_lower":"ballyhac cove","chart":"US4ME20M"}},{"type":"Feature","geometry":{"type":"Point","coordinates":[-69.16690315949847,43.973863601390285]},"properties":{"objtype":"SEAARE","label":"sea area","name":"Seavey Ledges","name_lower":"seavey ledges","chart":"US4ME20M"}},{"type":"Feature","geometry":{"type":"Point","coordinates":[-69.22674529508036,43.93836495961612]},"properties":{"objtype":"SEAARE","label":"sea area","name":"Mosquito Harbor","name_lower":"mosquito harbor","chart":"US4ME20M"}},{"type":"Feature","geometry":{"type":"Point","coordinates":[-69.09572755431344,44.01435515294683]},"properties":{"objtype":"SEAARE","label":"sea area","name":"Garden Island Ledge","name_lower":"garden island ledge","chart":"US4ME20M"}},{"type":"Feature","geometry":{"type":"Point","coordinates":[-69.25701407484796,43.982280451239966]},"properties":{"objtype":"SEAARE","label":"sea area","name":"Narrows","name_lower":"narrows","chart":"US4ME20M"}},{"type":"Feature","geometry":{"type":"Point","coordinates":[-69.19871998284327,43.86018078264682]},"properties":{"objtype":"SEAARE","label":"sea area","name":"Roaring Bull","name_lower":"roaring bull","chart":"US4ME20M"}},{"type":"Feature","geometry":{"type":"Point","coordinates":[-69.12153668642141,43.97226369200978]},"properties":{"objtype":"SEAARE","label":"sea area","name":"South Breaker","name_lower":"south breaker","chart":"US4ME20M"}},{"type":"Feature","geometry":{"type":"Point","coordinates":[-69.13080349995343,43.99368846087399]},"properties":{"objtype":"SEAARE","label":"sea area","name":"Seal Harbor","name_lower":"seal harbor","chart":"US4ME20M"}},{"type":"Feature","geometry":{"type":"Point","coordinates":[-69.19347940553013,43.97775159020671]},"properties":{"objtype":"SEAARE","label":"sea area","name":"Long Cove","name_lower":"long cove","chart":"US4ME20M"}},{"type":"Feature","geometry":{"type":"Point","coordinates":[-69.06241053386606,44.090359814596546]},"properties":{"objtype":"SEAARE","label":"sea area","name":"Broad Cove","name_lower":"broad cove","chart":"US4ME20M"}},{"type":"Feature","geometry":{"type":"Point","coordinates":[-69.12074466994521,43.87924907386062]},"properties":{"objtype":"SEAARE","label":"sea area","name":"Cat Ledge","name_lower":"cat ledge","chart":"US4ME20M"}},{"type":"Feature","geometry":{"type":"Point","coordinates":[-69.04552891030401,43.98888465715856]},"properties":{"objtype":"SEAARE","label":"sea area","name":"False Halibut Ledge","name_lower":"false halibut ledge","chart":"US4ME20M"}},{"type":"Feature","geometry":{"type":"Point","coordinates":[-69.08007677747628,44.00173356036334]},"properties":{"objtype":"SEAARE","label":"sea area","name":"Clam Ledges","name_lower":"clam ledges","chart":"US4ME20M"}},{"type":"Feature","geometry":{"type":"Point","coordinates":[-69.15091854146246,43.975816890115006]},"properties":{"objtype":"SEAARE","label":"sea area","name":"Norton Island Ledges","name_lower":"norton island ledges","chart":"US4ME20M"}},{"type":"Feature","geometry":{"type":"Point","coordinates":[-69.05009145141027,44.077161435952945]},"properties":{"objtype":"SEAARE","label":"sea area","name":"Owls Head Bay","name_lower":"owls head bay","chart":"US4ME20M"}},{"type":"Feature","geometry":{"type":"Point","coordinates":[-69.04748045027073,44.05896889995048]},"properties":{"objtype":"SEAARE","label":"sea area","name":"Sheep Island Shoal","name_lower":"sheep island shoal","chart":"US4ME20M"}},{"type":"Feature","geometry":{"type":"Point","coordinates":[-69.26786646495931,43.94282967249485]},"properties":{"objtype":"SEAARE","label":"sea area","name":"Deep Cove","name_lower":"deep cove","chart":"US4ME20M"}},{"type":"Feature","geometry":{"type":"Point","coordinates":[-69.03399920015731,43.929836864180146]},"properties":{"objtype":"SEAARE","label":"sea area","name":"Northern Triangles","name_lower":"northern triangles","chart":"US4ME20M"}},{"type":"Feature","geometry":{"type":"Point","coordinates":[-69.13210023683314,44.05930462922418]},"properties":{"objtype":"SEAARE","label":"sea area","name":"Weskeag River","name_lower":"weskeag river","chart":"US4ME20M"}},{"type":"Feature","geometry":{"type":"Point","coordinates":[-69.24400345807979,43.904500412408666]},"properties":{"objtype":"SEAARE","label":"sea area","name":"Gunning Rock Shoal","name_lower":"gunning rock shoal","chart":"US4ME20M"}},{"type":"Feature","geometry":{"type":"Point","coordinates":[-69.05902411446539,44.03360801553252]},"properties":{"objtype":"SEAARE","label":"sea area","name":"Inner Grindstone Ledge","name_lower":"inner grindstone ledge","chart":"US4ME20M"}},{"type":"Feature","geometry":{"type":"Point","coordinates":[-68.9965802003121,43.89193424448439]},"properties":{"objtype":"SEAARE","label":"sea area","name":"Green Island Seal Ledges","name_lower":"green island seal ledges","chart":"US4ME20M"}},{"type":"Feature","geometry":{"type":"Point","coordinates":[-69.06326133213052,43.98709789984828]},"properties":{"objtype":"SEAARE","label":"sea area","name":"Yellow Ledge","name_lower":"yellow ledge","chart":"US4ME20M"}},{"type":"Feature","geometry":{"type":"Point","coordinates":[-69.22516255777674,43.910583991799804]},"properties":{"objtype":"SEAARE","label":"sea area","name":"Barter Shoal","name_lower":"barter shoal","chart":"US4ME20M"}},{"type":"Feature","geometry":{"type":"Point","coordinates":[-69.27917479141811,43.9812462617147]},"properties":{"objtype":"SEAARE","label":"sea area","name":"Maple Juice Cove","name_lower":"maple juice cove","chart":"US4ME20M"}},{"type":"Feature","geometry":{"type":"Point","coordinates":[-68.96465945762652,44.07608219296033]},"properties":{"objtype":"SEAARE","label":"sea area","name":"Inner Bay Ledges","name_lower":"inner bay ledges","chart":"US4ME20M"}},{"type":"Feature","geometry":{"type":"Point","coordinates":[-69.27744912587862,43.775257801956506]},"properties":{"objtype":"SEAARE","label":"sea area","name":"Allen Shoal","name_lower":"allen shoal","chart":"US4ME20M"}},{"type":"Feature","geometry":{"type":"Point","coordinates":[-69.10273023657132,43.88482786630134]},"properties":{"objtype":"SEAARE","label":"sea area","name":"Green Point Shoal","name_lower":"green point shoal","chart":"US4ME20M"}},{"type":"Feature","geometry":{"type":"Point","coordinates":[-69.23994319699509,43.98552551429781]},"properties":{"objtype":"SEAARE","label":"sea area","name":"Otis Cove","name_lower":"otis cove","chart":"US4ME20M"}},{"type":"Feature","geometry":{"type":"Point","coordinates":[-69.15715435853308,43.822002040743186]},"properties":{"objtype":"SEAARE","label":"sea area","name":"Haddock Ledge","name_lower":"haddock ledge","chart":"US4ME20M"}},{"type":"Feature","geometry":{"type":"Point","coordinates":[-69.19170081035558,43.94823160472257]},"properties":{"objtype":"SEAARE","label":"sea area","name":"Hart Ledge","name_lower":"hart ledge","chart":"US4ME20M"}},{"type":"Feature","geometry":{"type":"Point","coordinates":[-69.2938205437906,44.00055311175362]},"properties":{"objtype":"SEAARE","label":"sea area","name":"Gulf of Maine","name_lower":"gulf of maine","chart":"US4ME20M"}},{"type":"Feature","geometry":{"type":"Point","coordinates":[-69.2938205437906,44.00055311175362]},"properties":{"objtype":"SEAARE","label":"sea area","name":"Meduncook River","name_lower":"meduncook river","chart":"US4ME20M"}},{"type":"Feature","geometry":{"type":"Point","coordinates":[-69.24308595561746,43.99228018322744]},"properties":{"objtype":"SEAARE","label":"sea area","name":"Saint George River","name_lower":"saint george river","chart":"US4ME20M"}},{"type":"Feature","geometry":{"type":"Point","coordinates":[-69.29996469896945,43.750560769312365]},"properties":{"objtype":"SEAARE","label":"sea area","name":"Gull Rock Ledge","name_lower":"gull rock ledge","chart":"US4ME20M"}},{"type":"Feature","geometry":{"type":"Point","coordinates":[-69.29954909979655,43.8871151325492]},"properties":{"objtype":"SEAARE","label":"sea area","name":"Davis Shoal","name_lower":"davis shoal","chart":"US4ME20M"}},{"type":"Feature","geometry":{"type":"Point","coordinates":[-69.29393289374968,43.95721307230396]},"properties":{"objtype":"SEAARE","label":"sea area","name":"Pleasant Point Gut","name_lower":"pleasant point gut","chart":"US4ME20M"}},{"type":"Feature","geometry":{"type":"Point","coordinates":[-69.14231144582729,43.99404328895256]},"properties":{"objtype":"LNDRGN","label":"coastal feature","name":"Rackliff Island","name_lower":"rackliff island","chart":"US4ME20M"}},{"type":"Feature","geometry":{"type":"Point","coordinates":[-69.08199405708197,44.117160087262384]},"properties":{"objtype":"LNDRGN","label":"coastal feature","name":"Jameson Point","name_lower":"jameson point","chart":"US4ME20M"}},{"type":"Feature","geometry":{"type":"Point","coordinates":[-69.12593024580548,44.00907841325754]},"properties":{"objtype":"LNDRGN","label":"coastal feature","name":"Elwell Point","name_lower":"elwell point","chart":"US4ME20M"}},{"type":"Feature","geometry":{"type":"Point","coordinates":[-69.12155972797444,44.0220362344512]},"properties":{"objtype":"LNDRGN","label":"coastal feature","name":"Waterman Point","name_lower":"waterman point","chart":"US4ME20M"}},{"type":"Feature","geometry":{"type":"Point","coordinates":[-69.25734014241483,43.9202185947797]},"properties":{"objtype":"LNDRGN","label":"coastal feature","name":"Marshall Point","name_lower":"marshall point","chart":"US4ME20M"}},{"type":"Feature","geometry":{"type":"Point","coordinates":[-69.2706658453036,43.980388236515424]},"properties":{"objtype":"LNDRGN","label":"coastal feature","name":"Burton Point","name_lower":"burton point","chart":"US4ME20M"}},{"type":"Feature","geometry":{"type":"Point","coordinates":[-69.13491914270566,44.003875903059395]},"properties":{"objtype":"LNDRGN","label":"coastal feature","name":"Patten Point","name_lower":"patten point","chart":"US4ME20M"}},{"type":"Feature","geometry":{"type":"Point","coordinates":[-69.05675598858119,44.00534186302182]},"properties":{"objtype":"LNDRGN","label":"coastal feature","name":"The Neck","name_lower":"the neck","chart":"US4ME20M"}},{"type":"Feature","geometry":{"type":"Point","coordinates":[-69.05089912267898,44.09349584827459]},"properties":{"objtype":"LNDRGN","label":"coastal feature","name":"Owls Head","name_lower":"owls head","chart":"US4ME20M"}},{"type":"Feature","geometry":{"type":"Point","coordinates":[-69.07550949436168,44.046879028288245]},"properties":{"objtype":"LNDRGN","label":"coastal feature","name":"Ash Point","name_lower":"ash point","chart":"US4ME20M"}},{"type":"Feature","geometry":{"type":"Point","coordinates":[-69.27369508899517,43.9499205605209]},"properties":{"objtype":"LNDRGN","label":"coastal feature","name":"Howard Point","name_lower":"howard point","chart":"US4ME20M"}},{"type":"Feature","geometry":{"type":"Point","coordinates":[-69.18038248223995,44.056703272272344]},"properties":{"objtype":"LNDRGN","label":"coastal feature","name":"Hospital Point","name_lower":"hospital point","chart":"US4ME20M"}},{"type":"Feature","geometry":{"type":"Point","coordinates":[-69.26770451135285,43.9359760747675]},"properties":{"objtype":"LNDRGN","label":"coastal feature","name":"Hupper Point","name_lower":"hupper point","chart":"US4ME20M"}},{"type":"Feature","geometry":{"type":"Point","coordinates":[-69.26157866853372,43.98328665959102]},"properties":{"objtype":"LNDRGN","label":"coastal feature","name":"Bird Point","name_lower":"bird point","chart":"US4ME20M"}},{"type":"Feature","geometry":{"type":"Point","coordinates":[-69.20429667768997,44.02482296519765]},"properties":{"objtype":"LNDRGN","label":"coastal feature","name":"Fort Point","name_lower":"fort point","chart":"US4ME20M"}},{"type":"Feature","geometry":{"type":"Point","coordinates":[-69.27899291455664,43.97077308325603]},"properties":{"objtype":"LNDRGN","label":"coastal feature","name":"Stones Point","name_lower":"stones point","chart":"US4ME20M"}},{"type":"Feature","geometry":{"type":"Point","coordinates":[-69.17254445318171,43.99165523746451]},"properties":{"objtype":"LNDRGN","label":"coastal feature","name":"Clark Point","name_lower":"clark point","chart":"US4ME20M"}},{"type":"Feature","geometry":{"type":"Point","coordinates":[-69.09955502517997,44.03602066774904]},"properties":{"objtype":"LNDRGN","label":"coastal feature","name":"Otter Point","name_lower":"otter point","chart":"US4ME20M"}},{"type":"Feature","geometry":{"type":"Point","coordinates":[-69.07129784231469,44.0605210817643]},"properties":{"objtype":"LNDRGN","label":"coastal feature","name":"Ginn Point","name_lower":"ginn point","chart":"US4ME20M"}},{"type":"Feature","geometry":{"type":"Point","coordinates":[-69.24968422238857,44.00166858754552]},"properties":{"objtype":"LNDRGN","label":"coastal feature","name":"Bailey Point","name_lower":"bailey point","chart":"US4ME20M"}},{"type":"Feature","geometry":{"type":"Point","coordinates":[-69.26147346653707,43.964665570941115]},"properties":{"objtype":"LNDRGN","label":"coastal feature","name":"Turkey Point","name_lower":"turkey point","chart":"US4ME20M"}},{"type":"Feature","geometry":{"type":"Point","coordinates":[-69.2309000123363,44.01415934901793]},"properties":{"objtype":"LNDRGN","label":"coastal feature","name":"Bradford Point","name_lower":"bradford point","chart":"US4ME20M"}},{"type":"Feature","geometry":{"type":"Point","coordinates":[-69.11592561393671,44.02632923006622]},"properties":{"objtype":"LNDRGN","label":"coastal feature","name":"Thorndike Point","name_lower":"thorndike point","chart":"US4ME20M"}},{"type":"Feature","geometry":{"type":"Point","coordinates":[-69.21432990731604,43.933304914277834]},"properties":{"objtype":"LNDRGN","label":"coastal feature","name":"Mosquito Head","name_lower":"mosquito head","chart":"US4ME20M"}},{"type":"Feature","geometry":{"type":"Point","coordinates":[-69.104650627426,44.10626708550985]},"properties":{"objtype":"LNDRGN","label":"coastal feature","name":"Crocket Point","name_lower":"crocket point","chart":"US4ME20M"}},{"type":"Feature","geometry":{"type":"Point","coordinates":[-69.21785746785926,44.007094329964985]},"properties":{"objtype":"LNDRGN","label":"coastal feature","name":"Watts Point","name_lower":"watts point","chart":"US4ME20M"}},{"type":"Feature","geometry":{"type":"Point","coordinates":[-69.18060597906718,43.99355919863613]},"properties":{"objtype":"LNDRGN","label":"coastal feature","name":"Clark Island","name_lower":"clark island","chart":"US4ME20M"}},{"type":"Feature","geometry":{"type":"Point","coordinates":[-69.1307291,44.0215429]},"properties":{"objtype":"LNDRGN","label":"coastal feature","name":"Waterman Beach","name_lower":"waterman beach","chart":"US4ME20M"}},{"type":"Feature","geometry":{"type":"Point","coordinates":[-69.0638502,44.075446]},"properties":{"objtype":"LNDRGN","label":"coastal feature","name":"Holiday Beach","name_lower":"holiday beach","chart":"US4ME20M"}},{"type":"Feature","geometry":{"type":"Point","coordinates":[-69.0702311,44.0881162]},"properties":{"objtype":"LNDRGN","label":"coastal feature","name":"Post Hill","name_lower":"post hill","chart":"US4ME20M"}},{"type":"Feature","geometry":{"type":"Point","coordinates":[-69.0723307,44.065121]},"properties":{"objtype":"LNDRGN","label":"coastal feature","name":"Crescent Beach","name_lower":"crescent beach","chart":"US4ME20M"}},{"type":"Feature","geometry":{"type":"Point","coordinates":[-69.1113887,44.0953736]},"properties":{"objtype":"LNDRGN","label":"coastal feature","name":"Atlantic Point","name_lower":"atlantic point","chart":"US4ME20M"}},{"type":"Feature","geometry":{"type":"Point","coordinates":[-69.07463656983856,44.054899462980174]},"properties":{"objtype":"LNDARE","label":"island","name":"Little Island","name_lower":"little island","chart":"US4ME20M"}},{"type":"Feature","geometry":{"type":"Point","coordinates":[-69.29921394723259,43.926269433523444]},"properties":{"objtype":"LNDARE","label":"island","name":"Stone Island","name_lower":"stone island","chart":"US4ME20M"}},{"type":"Feature","geometry":{"type":"Point","coordinates":[-69.29594036401545,43.93672760217049]},"properties":{"objtype":"LNDARE","label":"island","name":"Caldwell Island","name_lower":"caldwell island","chart":"US4ME20M"}},{"type":"Feature","geometry":{"type":"Point","coordinates":[-69.29633673397154,43.95322965652718]},"properties":{"objtype":"LNDARE","label":"island","name":"Gay Island","name_lower":"gay island","chart":"US4ME20M"}},{"type":"Feature","geometry":{"type":"Point","coordinates":[-69.21194577961741,44.052154370229]},"properties":{"objtype":"LNDARE","label":"island","name":"Sears Island","name_lower":"sears island","chart":"US4ME20M"}},{"type":"Feature","geometry":{"type":"Point","coordinates":[-69.07758249958201,43.97904660818249]},"properties":{"objtype":"LNDARE","label":"island","name":"Pleasant Island","name_lower":"pleasant island","chart":"US4ME20M"}},{"type":"Feature","geometry":{"type":"Point","coordinates":[-69.12981550060036,43.9800818748854]},"properties":{"objtype":"LNDARE","label":"island","name":"Whitehead Island","name_lower":"whitehead island","chart":"US4ME20M"}},{"type":"Feature","geometry":{"type":"Point","coordinates":[-69.03469961489252,43.914345086078626]},"properties":{"objtype":"LNDARE","label":"island","name":"Little Green Island","name_lower":"little green island","chart":"US4ME20M"}},{"type":"Feature","geometry":{"type":"Point","coordinates":[-69.2657106690632,43.90453433747755]},"properties":{"objtype":"LNDARE","label":"island","name":"Hart Island","name_lower":"hart island","chart":"US4ME20M"}},{"type":"Feature","geometry":{"type":"Point","coordinates":[-69.06970423757934,44.00967189541745]},"properties":{"objtype":"LNDARE","label":"island","name":"Dix Island","name_lower":"dix island","chart":"US4ME20M"}},{"type":"Feature","geometry":{"type":"Point","coordinates":[-69.15625757084293,43.991428440439634]},"properties":{"objtype":"LNDARE","label":"island","name":"Elwell Island","name_lower":"elwell island","chart":"US4ME20M"}},{"type":"Feature","geometry":{"type":"Point","coordinates":[-69.07305708206383,43.96467519181936]},"properties":{"objtype":"LNDARE","label":"island","name":"Two Bush Island","name_lower":"two bush island","chart":"US4ME20M"}},{"type":"Feature","geometry":{"type":"Point","coordinates":[-69.11072723812633,44.017241053652924]},"properties":{"objtype":"LNDARE","label":"island","name":"Tommy Island","name_lower":"tommy island","chart":"US4ME20M"}},{"type":"Feature","geometry":{"type":"Point","coordinates":[-69.27221990097799,43.92188308180931]},"properties":{"objtype":"LNDARE","label":"island","name":"Hupper Island","name_lower":"hupper island","chart":"US4ME20M"}},{"type":"Feature","geometry":{"type":"Point","coordinates":[-69.04594107469741,44.008309842361975]},"properties":{"objtype":"LNDARE","label":"island","name":"Camp Island","name_lower":"camp island","chart":"US4ME20M"}},{"type":"Feature","geometry":{"type":"Point","coordinates":[-69.03546681906761,44.02222469232793]},"properties":{"objtype":"LNDARE","label":"island","name":"Crescent Island","name_lower":"crescent island","chart":"US4ME20M"}},{"type":"Feature","geometry":{"type":"Point","coordinates":[-69.04333733303777,44.06247759478914]},"properties":{"objtype":"LNDARE","label":"island","name":"Cutters Nubble","name_lower":"cutters nubble","chart":"US4ME20M"}},{"type":"Feature","geometry":{"type":"Point","coordinates":[-69.2736793497995,43.93112196528293]},"properties":{"objtype":"LNDARE","label":"island","name":"Blubber Island","name_lower":"blubber island","chart":"US4ME20M"}},{"type":"Feature","geometry":{"type":"Point","coordinates":[-69.0601678287668,44.01367494064131]},"properties":{"objtype":"LNDARE","label":"island","name":"High Island","name_lower":"high island","chart":"US4ME20M"}},{"type":"Feature","geometry":{"type":"Point","coordinates":[-69.25745822511573,43.89919721819327]},"properties":{"objtype":"LNDARE","label":"island","name":"Black Rock","name_lower":"black rock","chart":"US4ME20M"}},{"type":"Feature","geometry":{"type":"Point","coordinates":[-69.11065350275999,43.98030670221575]},"properties":{"objtype":"LNDARE","label":"island","name":"Yellow Ridge Island","name_lower":"yellow ridge island","chart":"US4ME20M"}},{"type":"Feature","geometry":{"type":"Point","coordinates":[-69.15945043335208,43.98493601749395]},"properties":{"objtype":"LNDARE","label":"island","name":"Eagle Island","name_lower":"eagle island","chart":"US4ME20M"}},{"type":"Feature","geometry":{"type":"Point","coordinates":[-69.0483270174852,44.065317376856754]},"properties":{"objtype":"LNDARE","label":"island","name":"Sheep Island","name_lower":"sheep island","chart":"US4ME20M"}},{"type":"Feature","geometry":{"type":"Point","coordinates":[-69.11921911104655,43.99922172379023]},"properties":{"objtype":"LNDARE","label":"island","name":"Sprucehead Island","name_lower":"sprucehead island","chart":"US4ME20M"}},{"type":"Feature","geometry":{"type":"Point","coordinates":[-69.14269109570283,43.98321579273651]},"properties":{"objtype":"LNDARE","label":"island","name":"Norton Island","name_lower":"norton island","chart":"US4ME20M"}},{"type":"Feature","geometry":{"type":"Point","coordinates":[-69.09219355537,43.98282159479734]},"properties":{"objtype":"LNDARE","label":"island","name":"Graffam Island","name_lower":"graffam island","chart":"US4ME20M"}},{"type":"Feature","geometry":{"type":"Point","coordinates":[-69.08138899894166,43.987794463719375]},"properties":{"objtype":"LNDARE","label":"island","name":"Flag Island","name_lower":"flag island","chart":"US4ME20M"}},{"type":"Feature","geometry":{"type":"Point","coordinates":[-69.29221132415256,43.926668630560016]},"properties":{"objtype":"LNDARE","label":"island","name":"Teel Island","name_lower":"teel island","chart":"US4ME20M"}},{"type":"Feature","geometry":{"type":"Point","coordinates":[-69.07661762615076,44.01384455568051]},"properties":{"objtype":"LNDARE","label":"island","name":"Oak Island","name_lower":"oak island","chart":"US4ME20M"}},{"type":"Feature","geometry":{"type":"Point","coordinates":[-69.21986964914512,43.92024601918444]},"properties":{"objtype":"LNDARE","label":"island","name":"Mosquito Island","name_lower":"mosquito island","chart":"US4ME20M"}},{"type":"Feature","geometry":{"type":"Point","coordinates":[-69.10307987746586,44.010869321391326]},"properties":{"objtype":"LNDARE","label":"island","name":"Garden Island","name_lower":"garden island","chart":"US4ME20M"}},{"type":"Feature","geometry":{"type":"Point","coordinates":[-69.29609633513833,43.917581374163355]},"properties":{"objtype":"LNDARE","label":"island","name":"Bar Island","name_lower":"bar island","chart":"US4ME20M"}},{"type":"Feature","geometry":{"type":"Point","coordinates":[-69.28997500444595,43.86775182291802]},"properties":{"objtype":"LNDARE","label":"island","name":"Burnt Island","name_lower":"burnt island","chart":"US4ME20M"}},{"type":"Feature","geometry":{"type":"Point","coordinates":[-69.0525063871554,44.001068756689804]},"properties":{"objtype":"LNDARE","label":"island","name":"Andrews Island","name_lower":"andrews island","chart":"US4ME20M"}},{"type":"Feature","geometry":{"type":"Point","coordinates":[-69.06362556176018,44.010369623469394]},"properties":{"objtype":"LNDARE","label":"island","name":"Birch Island","name_lower":"birch island","chart":"US4ME20M"}},{"type":"Feature","geometry":{"type":"Point","coordinates":[-69.04168443681526,44.03616926742929]},"properties":{"objtype":"LNDARE","label":"island","name":"Marblehead Island","name_lower":"marblehead island","chart":"US4ME20M"}},{"type":"Feature","geometry":{"type":"Point","coordinates":[-69.11297037492885,44.02343368827711]},"properties":{"objtype":"LNDARE","label":"island","name":"Eben Island","name_lower":"eben island","chart":"US4ME20M"}},{"type":"Feature","geometry":{"type":"Point","coordinates":[-69.12337541626555,43.87101298380126]},"properties":{"objtype":"LNDARE","label":"island","name":"Hog Island","name_lower":"hog island","chart":"US4ME20M"}},{"type":"Feature","geometry":{"type":"Point","coordinates":[-69.0094174009128,43.904055636028765]},"properties":{"objtype":"LNDARE","label":"island","name":"Large Green Island","name_lower":"large green island","chart":"US4ME20M"}},{"type":"Feature","geometry":{"type":"Point","coordinates":[-69.13357342676888,43.861403502068086]},"properties":{"objtype":"LNDARE","label":"island","name":"Metinic Green Island","name_lower":"metinic green island","chart":"US4ME20M"}},{"type":"Feature","geometry":{"type":"Point","coordinates":[-69.12027778134606,43.873729756731166]},"properties":{"objtype":"LNDARE","label":"island","name":"The Nubble","name_lower":"the nubble","chart":"US4ME20M"}},{"type":"Feature","geometry":{"type":"Point","coordinates":[-69.06839524029272,44.06285795015309]},"properties":{"objtype":"LNDARE","label":"island","name":"Emery Island","name_lower":"emery island","chart":"US4ME20M"}},{"type":"Feature","geometry":{"type":"Point","coordinates":[-69.08188661856965,43.96946278324519]},"properties":{"objtype":"LNDARE","label":"island","name":"Crow Island","name_lower":"crow island","chart":"US4ME20M"}},{"type":"Feature","geometry":{"type":"Point","coordinates":[-69.07141376798378,44.0399430418806]},"properties":{"objtype":"LNDARE","label":"island","name":"Ash Island","name_lower":"ash island","chart":"US4ME20M"}},{"type":"Feature","geometry":{"type":"Point","coordinates":[-69.09293742506514,43.98909788975136]},"properties":{"objtype":"LNDARE","label":"island","name":"Hurricane Island","name_lower":"hurricane island","chart":"US4ME20M"}},{"type":"Feature","geometry":{"type":"Point","coordinates":[-69.1875771804295,43.968059259275535]},"properties":{"objtype":"LNDARE","label":"island","name":"Northern Island","name_lower":"northern island","chart":"US4ME20M"}},{"type":"Feature","geometry":{"type":"Point","coordinates":[-69.12587379427126,43.884743285156745]},"properties":{"objtype":"LNDARE","label":"island","name":"Metinic Island","name_lower":"metinic island","chart":"US4ME20M"}},{"type":"Feature","geometry":{"type":"Point","coordinates":[-69.03902484682224,44.079045939698325]},"properties":{"objtype":"LNDARE","label":"island","name":"Monroe Island","name_lower":"monroe island","chart":"US4ME20M"}},{"type":"Feature","geometry":{"type":"Point","coordinates":[-69.12292875854544,43.98331853087025]},"properties":{"objtype":"LNDARE","label":"island","name":"Seal Island","name_lower":"seal island","chart":"US4ME20M"}},{"type":"Feature","geometry":{"type":"Point","coordinates":[-69.10687917233629,44.03384207521914]},"properties":{"objtype":"LNDARE","label":"island","name":"Spaulding Island","name_lower":"spaulding island","chart":"US4ME20M"}},{"type":"Feature","geometry":{"type":"Point","coordinates":[-69.18699914371578,43.9615140204752]},"properties":{"objtype":"LNDARE","label":"island","name":"Southern Island","name_lower":"southern island","chart":"US4ME20M"}},{"type":"Feature","geometry":{"type":"Point","coordinates":[-69.0717935840094,44.02169367064529]},"properties":{"objtype":"LNDARE","label":"island","name":"Otter Island","name_lower":"otter island","chart":"US4ME20M"}},{"type":"Feature","geometry":{"type":"Point","coordinates":[-69.03853182767514,44.041838484824034]},"properties":{"objtype":"LNDARE","label":"island","name":"Fisherman Island","name_lower":"fisherman island","chart":"US4ME20M"}},{"type":"Feature","geometry":{"type":"Point","coordinates":[-69.0489796,44.0952428]},"properties":{"objtype":"LNDARE","label":"island","name":"Shag Rock","name_lower":"shag rock","chart":"US4ME20M"}},{"type":"Feature","geometry":{"type":"Point","coordinates":[-69.21008320054746,43.96609800764899]},"properties":{"objtype":"BUAARE","label":"town","name":"Tenants Harbor","name_lower":"tenants harbor","chart":"US4ME20M"}},{"type":"Feature","geometry":{"type":"Point","coordinates":[-69.1875719,44.0818073]},"properties":{"objtype":"BUAARE","label":"town","name":"Thomaston","name_lower":"thomaston","chart":"US4ME20M"}},{"type":"Feature","geometry":{"type":"Point","coordinates":[-69.2613178,43.9537622]},"properties":{"objtype":"BUAARE","label":"town","name":"Glenmere","name_lower":"glenmere","chart":"US4ME20M"}},{"type":"Feature","geometry":{"type":"Point","coordinates":[-69.1390395,44.0105694]},"properties":{"objtype":"BUAARE","label":"town","name":"Spruce Head","name_lower":"spruce head","chart":"US4ME20M"}},{"type":"Feature","geometry":{"type":"Point","coordinates":[-69.1131721,44.0544374]},"properties":{"objtype":"BUAARE","label":"town","name":"South Thomaston","name_lower":"south thomaston","chart":"US4ME20M"}},{"type":"Feature","geometry":{"type":"Point","coordinates":[-69.1229375,44.1083354]},"properties":{"objtype":"BUAARE","label":"town","name":"Rockland","name_lower":"rockland","chart":"US4ME20M"}},{"type":"Feature","geometry":{"type":"Point","coordinates":[-69.2194882,44.0417682]},"properties":{"objtype":"BUAARE","label":"town","name":"North Cushing","name_lower":"north cushing","chart":"US4ME20M"}},{"type":"Feature","geometry":{"type":"Point","coordinates":[-69.2423817,44.021579]},"properties":{"objtype":"BUAARE","label":"town","name":"Cushing","name_lower":"cushing","chart":"US4ME20M"}},{"type":"Feature","geometry":{"type":"Point","coordinates":[-69.1918186,44.0199826]},"properties":{"objtype":"BUAARE","label":"town","name":"Saint George","name_lower":"saint george","chart":"US4ME20M"}},{"type":"Feature","geometry":{"type":"Point","coordinates":[-69.2494088,44.1211992]},"properties":{"objtype":"BUAARE","label":"town","name":"Warren","name_lower":"warren","chart":"US4ME20M"}},{"type":"Feature","geometry":{"type":"Point","coordinates":[-69.2506165,43.9271392]},"properties":{"objtype":"BUAARE","label":"town","name":"Port Clyde","name_lower":"port clyde","chart":"US4ME20M"}},{"type":"Feature","geometry":{"type":"Point","coordinates":[-69.2822304,43.9986604]},"properties":{"objtype":"BUAARE","label":"town","name":"South Cushing","name_lower":"south cushing","chart":"US4ME20M"}},{"type":"Feature","geometry":{"type":"Point","coordinates":[-69.2380928,43.9433803]},"properties":{"objtype":"BUAARE","label":"town","name":"Martinsville","name_lower":"martinsville","chart":"US4ME20M"}},{"type":"Feature","geometry":{"type":"Point","coordinates":[-69.2011369,43.9610121]},"properties":{"objtype":"BUAARE","label":"town","name":"Elmore","name_lower":"elmore","chart":"US4ME20M"}},{"type":"Feature","geometry":{"type":"Point","coordinates":[-68.69418663353594,44.26942216884403]},"properties":{"objtype":"SEAARE","label":"sea area","name":"Weeds Ledge","name_lower":"weeds ledge","chart":"US4ME27M"}},{"type":"Feature","geometry":{"type":"Point","coordinates":[-68.95967190827645,44.40871735135133]},"properties":{"objtype":"SEAARE","label":"sea area","name":"Belfast Bay","name_lower":"belfast bay","chart":"US4ME27M"}},{"type":"Feature","geometry":{"type":"Point","coordinates":[-68.8134925793923,44.399948253882805]},"properties":{"objtype":"SEAARE","label":"sea area","name":"Wadsworth Cove","name_lower":"wadsworth cove","chart":"US4ME27M"}},{"type":"Feature","geometry":{"type":"Point","coordinates":[-68.73568566799787,44.31252811292677]},"properties":{"objtype":"SEAARE","label":"sea area","name":"The Triangles","name_lower":"the triangles","chart":"US4ME27M"}},{"type":"Feature","geometry":{"type":"Point","coordinates":[-68.76194791193582,44.22818919952338]},"properties":{"objtype":"SEAARE","label":"sea area","name":"Middle Rock","name_lower":"middle rock","chart":"US4ME27M"}},{"type":"Feature","geometry":{"type":"Point","coordinates":[-68.86500472558372,44.46682770657939]},"properties":{"objtype":"SEAARE","label":"sea area","name":"Stockton Harbor","name_lower":"stockton harbor","chart":"US4ME27M"}},{"type":"Feature","geometry":{"type":"Point","coordinates":[-68.72191310382976,44.45615446377615]},"properties":{"objtype":"SEAARE","label":"sea area","name":"Northern Bay","name_lower":"northern bay","chart":"US4ME27M"}},{"type":"Feature","geometry":{"type":"Point","coordinates":[-68.73448079560153,44.414308819465894]},"properties":{"objtype":"SEAARE","label":"sea area","name":"South Bay","name_lower":"south bay","chart":"US4ME27M"}},{"type":"Feature","geometry":{"type":"Point","coordinates":[-68.89597622103385,44.31150049529037]},"properties":{"objtype":"SEAARE","label":"sea area","name":"Islesboro Harbor","name_lower":"islesboro harbor","chart":"US4ME27M"}},{"type":"Feature","geometry":{"type":"Point","coordinates":[-68.69909187724849,44.16406732370546]},"properties":{"objtype":"SEAARE","label":"sea area","name":"Burnt Cove","name_lower":"burnt cove","chart":"US4ME27M"}},{"type":"Feature","geometry":{"type":"Point","coordinates":[-68.7688988286519,44.309548518171425]},"properties":{"objtype":"SEAARE","label":"sea area","name":"Spectacle Island Ledge","name_lower":"spectacle island ledge","chart":"US4ME27M"}},{"type":"Feature","geometry":{"type":"Point","coordinates":[-68.73782655283318,44.33437102281901]},"properties":{"objtype":"SEAARE","label":"sea area","name":"Bucks Harbor","name_lower":"bucks harbor","chart":"US4ME27M"}},{"type":"Feature","geometry":{"type":"Point","coordinates":[-68.88815513597422,44.42662345605965]},"properties":{"objtype":"SEAARE","label":"sea area","name":"Sears Island Ledge","name_lower":"sears island ledge","chart":"US4ME27M"}},{"type":"Feature","geometry":{"type":"Point","coordinates":[-68.71183650996043,44.2292699134243]},"properties":{"objtype":"SEAARE","label":"sea area","name":"Pressey Cove","name_lower":"pressey cove","chart":"US4ME27M"}},{"type":"Feature","geometry":{"type":"Point","coordinates":[-68.71888145136194,44.21257490796356]},"properties":{"objtype":"SEAARE","label":"sea area","name":"Sylvester Cove","name_lower":"sylvester cove","chart":"US4ME27M"}},{"type":"Feature","geometry":{"type":"Point","coordinates":[-68.84885294218725,44.3548394139514]},"properties":{"objtype":"SEAARE","label":"sea area","name":"Islesboro Ledge","name_lower":"islesboro ledge","chart":"US4ME27M"}},{"type":"Feature","geometry":{"type":"Point","coordinates":[-68.81214879543658,44.12713731132201]},"properties":{"objtype":"SEAARE","label":"sea area","name":"Fox Islands Thorofare","name_lower":"fox islands thorofare","chart":"US4ME27M"}},{"type":"Feature","geometry":{"type":"Point","coordinates":[-68.99293446995337,44.29003754612163]},"properties":{"objtype":"SEAARE","label":"sea area","name":"Ducktrap Harbor","name_lower":"ducktrap harbor","chart":"US4ME27M"}},{"type":"Feature","geometry":{"type":"Point","coordinates":[-68.80587132455315,44.18691286058858]},"properties":{"objtype":"SEAARE","label":"sea area","name":"Dagger Ledge","name_lower":"dagger ledge","chart":"US4ME27M"}},{"type":"Feature","geometry":{"type":"Point","coordinates":[-68.84853420340367,44.218323653183866]},"properties":{"objtype":"SEAARE","label":"sea area","name":"Grass Ledge","name_lower":"grass ledge","chart":"US4ME27M"}},{"type":"Feature","geometry":{"type":"Point","coordinates":[-68.94121735838753,44.26118642143055]},"properties":{"objtype":"SEAARE","label":"sea area","name":"Cradle Cove","name_lower":"cradle cove","chart":"US4ME27M"}},{"type":"Feature","geometry":{"type":"Point","coordinates":[-68.78625439296349,44.45422757450483]},"properties":{"objtype":"SEAARE","label":"sea area","name":"Morse Cove","name_lower":"morse cove","chart":"US4ME27M"}},{"type":"Feature","geometry":{"type":"Point","coordinates":[-68.70441501125148,44.17582843080982]},"properties":{"objtype":"SEAARE","label":"sea area","name":"Crocket Cove","name_lower":"crocket cove","chart":"US4ME27M"}},{"type":"Feature","geometry":{"type":"Point","coordinates":[-68.95927289183376,44.26152354634704]},"properties":{"objtype":"SEAARE","label":"sea area","name":"Philbrook Cove","name_lower":"philbrook cove","chart":"US4ME27M"}},{"type":"Feature","geometry":{"type":"Point","coordinates":[-68.82255614988115,44.327097751288825]},"properties":{"objtype":"SEAARE","label":"sea area","name":"Orr Cove","name_lower":"orr cove","chart":"US4ME27M"}},{"type":"Feature","geometry":{"type":"Point","coordinates":[-68.9312117580033,44.2404433463264]},"properties":{"objtype":"SEAARE","label":"sea area","name":"Bracketts Channel","name_lower":"bracketts channel","chart":"US4ME27M"}},{"type":"Feature","geometry":{"type":"Point","coordinates":[-68.90813596495565,44.34756832932439]},"properties":{"objtype":"SEAARE","label":"sea area","name":"Sprague Cove","name_lower":"sprague cove","chart":"US4ME27M"}},{"type":"Feature","geometry":{"type":"Point","coordinates":[-68.71786247509972,44.19496687957869]},"properties":{"objtype":"SEAARE","label":"sea area","name":"Southwest Harbor","name_lower":"southwest harbor","chart":"US4ME27M"}},{"type":"Feature","geometry":{"type":"Point","coordinates":[-68.67944573871986,44.300313195918875]},"properties":{"objtype":"SEAARE","label":"sea area","name":"Billings Cove","name_lower":"billings cove","chart":"US4ME27M"}},{"type":"Feature","geometry":{"type":"Point","coordinates":[-68.73385856352914,44.22321513336024]},"properties":{"objtype":"SEAARE","label":"sea area","name":"Dunham Point Ledge","name_lower":"dunham point ledge","chart":"US4ME27M"}},{"type":"Feature","geometry":{"type":"Point","coordinates":[-68.91781886241166,44.45078117402132]},"properties":{"objtype":"SEAARE","label":"sea area","name":"Searsport Harbor","name_lower":"searsport harbor","chart":"US4ME27M"}},{"type":"Feature","geometry":{"type":"Point","coordinates":[-68.64363218557345,44.171041628155606]},"properties":{"objtype":"SEAARE","label":"sea area","name":"Webb Cove","name_lower":"webb cove","chart":"US4ME27M"}},{"type":"Feature","geometry":{"type":"Point","coordinates":[-68.62172536818632,44.12367091155064]},"properties":{"objtype":"SEAARE","label":"sea area","name":"Merchant Row","name_lower":"merchant row","chart":"US4ME27M"}},{"type":"Feature","geometry":{"type":"Point","coordinates":[-68.92223449469786,44.1375637711549]},"properties":{"objtype":"SEAARE","label":"sea area","name":"Bartlett Harbor","name_lower":"bartlett harbor","chart":"US4ME27M"}},{"type":"Feature","geometry":{"type":"Point","coordinates":[-68.8069466240987,44.4650395233104]},"properties":{"objtype":"SEAARE","label":"sea area","name":"Penobscot River","name_lower":"penobscot river","chart":"US4ME27M"}},{"type":"Feature","geometry":{"type":"Point","coordinates":[-68.91697447023262,44.349538789543814]},"properties":{"objtype":"SEAARE","label":"sea area","name":"Barley Ledge","name_lower":"barley ledge","chart":"US4ME27M"}},{"type":"Feature","geometry":{"type":"Point","coordinates":[-68.9200719225871,44.345391266575284]},"properties":{"objtype":"SEAARE","label":"sea area","name":"Sprague Ledge","name_lower":"sprague ledge","chart":"US4ME27M"}},{"type":"Feature","geometry":{"type":"Point","coordinates":[-68.88645933167004,44.30824583007443]},"properties":{"objtype":"SEAARE","label":"sea area","name":"Hewes Ledge","name_lower":"hewes ledge","chart":"US4ME27M"}},{"type":"Feature","geometry":{"type":"Point","coordinates":[-68.75488999255703,44.34086774986684]},"properties":{"objtype":"SEAARE","label":"sea area","name":"Orcutt Harbor","name_lower":"orcutt harbor","chart":"US4ME27M"}},{"type":"Feature","geometry":{"type":"Point","coordinates":[-68.87137712912843,44.35651505142843]},"properties":{"objtype":"SEAARE","label":"sea area","name":"Parker Cove","name_lower":"parker cove","chart":"US4ME27M"}},{"type":"Feature","geometry":{"type":"Point","coordinates":[-68.96246054632829,44.15692394607976]},"properties":{"objtype":"SEAARE","label":"sea area","name":"McIntosh Ledge","name_lower":"mcintosh ledge","chart":"US4ME27M"}},{"type":"Feature","geometry":{"type":"Point","coordinates":[-68.91814005568477,44.25654039466013]},"properties":{"objtype":"SEAARE","label":"sea area","name":"Ames Cove","name_lower":"ames cove","chart":"US4ME27M"}},{"type":"Feature","geometry":{"type":"Point","coordinates":[-68.65179522162866,44.26621462055575]},"properties":{"objtype":"SEAARE","label":"sea area","name":"Thompson Cove","name_lower":"thompson cove","chart":"US4ME27M"}},{"type":"Feature","geometry":{"type":"Point","coordinates":[-68.62515965676735,44.22377795885626]},"properties":{"objtype":"SEAARE","label":"sea area","name":"Eggemoggin Reach","name_lower":"eggemoggin reach","chart":"US4ME27M"}},{"type":"Feature","geometry":{"type":"Point","coordinates":[-68.69047474634364,44.22919257950284]},"properties":{"objtype":"SEAARE","label":"sea area","name":"Northwest Harbor","name_lower":"northwest harbor","chart":"US4ME27M"}},{"type":"Feature","geometry":{"type":"Point","coordinates":[-68.78992231496599,44.32440493147671]},"properties":{"objtype":"SEAARE","label":"sea area","name":"Weir Cove","name_lower":"weir cove","chart":"US4ME27M"}},{"type":"Feature","geometry":{"type":"Point","coordinates":[-68.81588249909392,44.143443246894655]},"properties":{"objtype":"SEAARE","label":"sea area","name":"Little Thorofare","name_lower":"little thorofare","chart":"US4ME27M"}},{"type":"Feature","geometry":{"type":"Point","coordinates":[-68.82287938024933,44.47698658628612]},"properties":{"objtype":"SEAARE","label":"sea area","name":"Fort Point Cove","name_lower":"fort point cove","chart":"US4ME27M"}},{"type":"Feature","geometry":{"type":"Point","coordinates":[-68.77069167084073,44.371041377259694]},"properties":{"objtype":"SEAARE","label":"sea area","name":"Smith Cove","name_lower":"smith cove","chart":"US4ME27M"}},{"type":"Feature","geometry":{"type":"Point","coordinates":[-68.62472177098401,44.29421574219109]},"properties":{"objtype":"SEAARE","label":"sea area","name":"Benjamin River","name_lower":"benjamin river","chart":"US4ME27M"}},{"type":"Feature","geometry":{"type":"Point","coordinates":[-68.64824559658665,44.18835212256613]},"properties":{"objtype":"SEAARE","label":"sea area","name":"Inner Harbor","name_lower":"inner harbor","chart":"US4ME27M"}},{"type":"Feature","geometry":{"type":"Point","coordinates":[-68.62820826175476,44.21754889525852]},"properties":{"objtype":"SEAARE","label":"sea area","name":"Greenlaw Cove","name_lower":"greenlaw cove","chart":"US4ME27M"}},{"type":"Feature","geometry":{"type":"Point","coordinates":[-68.83517022024498,44.146907287998964]},"properties":{"objtype":"SEAARE","label":"sea area","name":"Kent Cove","name_lower":"kent cove","chart":"US4ME27M"}},{"type":"Feature","geometry":{"type":"Point","coordinates":[-68.64007829481267,44.14862379301321]},"properties":{"objtype":"SEAARE","label":"sea area","name":"Deer Island Thorofare","name_lower":"deer island thorofare","chart":"US4ME27M"}},{"type":"Feature","geometry":{"type":"Point","coordinates":[-68.88874828901028,44.18512547505458]},"properties":{"objtype":"SEAARE","label":"sea area","name":"Egg Rock Ledge","name_lower":"egg rock ledge","chart":"US4ME27M"}},{"type":"Feature","geometry":{"type":"Point","coordinates":[-68.73049427709883,44.172968196382435]},"properties":{"objtype":"SEAARE","label":"sea area","name":"Sellers Rock","name_lower":"sellers rock","chart":"US4ME27M"}},{"type":"Feature","geometry":{"type":"Point","coordinates":[-68.72623762815562,44.409282569260064]},"properties":{"objtype":"SEAARE","label":"sea area","name":"Bagaduce River","name_lower":"bagaduce river","chart":"US4ME27M"}},{"type":"Feature","geometry":{"type":"Point","coordinates":[-68.95305318364277,44.338713635717255]},"properties":{"objtype":"SEAARE","label":"sea area","name":"Saturday Cove","name_lower":"saturday cove","chart":"US4ME27M"}},{"type":"Feature","geometry":{"type":"Point","coordinates":[-69.06144199471875,44.15393878725021]},"properties":{"objtype":"SEAARE","label":"sea area","name":"Porterfield Ledge","name_lower":"porterfield ledge","chart":"US4ME27M"}},{"type":"Feature","geometry":{"type":"Point","coordinates":[-69.03079273266566,44.212365758501626]},"properties":{"objtype":"SEAARE","label":"sea area","name":"Moxy Reef","name_lower":"moxy reef","chart":"US4ME27M"}},{"type":"Feature","geometry":{"type":"Point","coordinates":[-68.79667333257285,44.40010777271005]},"properties":{"objtype":"SEAARE","label":"sea area","name":"Hatch Cove","name_lower":"hatch cove","chart":"US4ME27M"}},{"type":"Feature","geometry":{"type":"Point","coordinates":[-68.83567873156919,44.12369702001074]},"properties":{"objtype":"SEAARE","label":"sea area","name":"Carver Cove","name_lower":"carver cove","chart":"US4ME27M"}},{"type":"Feature","geometry":{"type":"Point","coordinates":[-68.76065818027358,44.30083711409215]},"properties":{"objtype":"SEAARE","label":"sea area","name":"Two Bush Ledge","name_lower":"two bush ledge","chart":"US4ME27M"}},{"type":"Feature","geometry":{"type":"Point","coordinates":[-68.90750623350026,44.31384625973653]},"properties":{"objtype":"SEAARE","label":"sea area","name":"Crow Cove","name_lower":"crow cove","chart":"US4ME27M"}},{"type":"Feature","geometry":{"type":"Point","coordinates":[-68.87340674624328,44.34870958672286]},"properties":{"objtype":"SEAARE","label":"sea area","name":"Coombs Cove","name_lower":"coombs cove","chart":"US4ME27M"}},{"type":"Feature","geometry":{"type":"Point","coordinates":[-68.71726838102512,44.23860341048653]},"properties":{"objtype":"SEAARE","label":"sea area","name":"Gull Ledge","name_lower":"gull ledge","chart":"US4ME27M"}},{"type":"Feature","geometry":{"type":"Point","coordinates":[-69.0329901056825,44.22769930572339]},"properties":{"objtype":"SEAARE","label":"sea area","name":"Dillingham Ledge","name_lower":"dillingham ledge","chart":"US4ME27M"}},{"type":"Feature","geometry":{"type":"Point","coordinates":[-68.73548457291756,44.28984405156243]},"properties":{"objtype":"SEAARE","label":"sea area","name":"Swains Ledge","name_lower":"swains ledge","chart":"US4ME27M"}},{"type":"Feature","geometry":{"type":"Point","coordinates":[-68.71771798450973,44.13908056172923]},"properties":{"objtype":"SEAARE","label":"sea area","name":"West Mark Island Ledge","name_lower":"west mark island ledge","chart":"US4ME27M"}},{"type":"Feature","geometry":{"type":"Point","coordinates":[-68.88889028177562,44.38454477935435]},"properties":{"objtype":"SEAARE","label":"sea area","name":"Turtle Head Cove","name_lower":"turtle head cove","chart":"US4ME27M"}},{"type":"Feature","geometry":{"type":"Point","coordinates":[-68.79235517791797,44.38932519189127]},"properties":{"objtype":"SEAARE","label":"sea area","name":"Castine Harbor","name_lower":"castine harbor","chart":"US4ME27M"}},{"type":"Feature","geometry":{"type":"Point","coordinates":[-68.83481259551365,44.29127970760967]},"properties":{"objtype":"SEAARE","label":"sea area","name":"Green Ledge","name_lower":"green ledge","chart":"US4ME27M"}},{"type":"Feature","geometry":{"type":"Point","coordinates":[-68.81291228273705,44.15443983784471]},"properties":{"objtype":"SEAARE","label":"sea area","name":"Mullen Cove","name_lower":"mullen cove","chart":"US4ME27M"}},{"type":"Feature","geometry":{"type":"Point","coordinates":[-68.76925480067983,44.33546088052945]},"properties":{"objtype":"SEAARE","label":"sea area","name":"Horseshoe Cove","name_lower":"horseshoe cove","chart":"US4ME27M"}},{"type":"Feature","geometry":{"type":"Point","coordinates":[-68.93053750359441,44.25945982939449]},"properties":{"objtype":"SEAARE","label":"sea area","name":"Gilkey Harbor","name_lower":"gilkey harbor","chart":"US4ME27M"}},{"type":"Feature","geometry":{"type":"Point","coordinates":[-69.08490785447022,44.13642948088115]},"properties":{"objtype":"SEAARE","label":"sea area","name":"Clam Cove","name_lower":"clam cove","chart":"US4ME27M"}},{"type":"Feature","geometry":{"type":"Point","coordinates":[-68.85683954306596,44.20039062823443]},"properties":{"objtype":"SEAARE","label":"sea area","name":"Compass Island Ledge","name_lower":"compass island ledge","chart":"US4ME27M"}},{"type":"Feature","geometry":{"type":"Point","coordinates":[-68.78147879186507,44.13707496121614]},"properties":{"objtype":"SEAARE","label":"sea area","name":"Babbidge Island Ledges","name_lower":"babbidge island ledges","chart":"US4ME27M"}},{"type":"Feature","geometry":{"type":"Point","coordinates":[-68.709372494298,44.19091245811215]},"properties":{"objtype":"SEAARE","label":"sea area","name":"Smalls Cove","name_lower":"smalls cove","chart":"US4ME27M"}},{"type":"Feature","geometry":{"type":"Point","coordinates":[-68.63778984438274,44.19562347623365]},"properties":{"objtype":"SEAARE","label":"sea area","name":"Southeast Harbor","name_lower":"southeast harbor","chart":"US4ME27M"}},{"type":"Feature","geometry":{"type":"Point","coordinates":[-68.85867310692063,44.13766047636327]},"properties":{"objtype":"SEAARE","label":"sea area","name":"Waterman Cove","name_lower":"waterman cove","chart":"US4ME27M"}},{"type":"Feature","geometry":{"type":"Point","coordinates":[-68.88521675249793,44.33244486652045]},"properties":{"objtype":"SEAARE","label":"sea area","name":"Sabbathday Harbor","name_lower":"sabbathday harbor","chart":"US4ME27M"}},{"type":"Feature","geometry":{"type":"Point","coordinates":[-68.8859520862097,44.139720204089805]},"properties":{"objtype":"SEAARE","label":"sea area","name":"Southern Harbor","name_lower":"southern harbor","chart":"US4ME27M"}},{"type":"Feature","geometry":{"type":"Point","coordinates":[-68.90654946497918,44.44621107631028]},"properties":{"objtype":"SEAARE","label":"sea area","name":"Long Cove Ledge","name_lower":"long cove ledge","chart":"US4ME27M"}},{"type":"Feature","geometry":{"type":"Point","coordinates":[-68.75973826149858,44.31535227472945]},"properties":{"objtype":"SEAARE","label":"sea area","name":"Thrumcap Ledge","name_lower":"thrumcap ledge","chart":"US4ME27M"}},{"type":"Feature","geometry":{"type":"Point","coordinates":[-68.93227410304327,44.12549965204727]},"properties":{"objtype":"SEAARE","label":"sea area","name":"Wooster Cove","name_lower":"wooster cove","chart":"US4ME27M"}},{"type":"Feature","geometry":{"type":"Point","coordinates":[-68.96271509710466,44.246512643219475]},"properties":{"objtype":"SEAARE","label":"sea area","name":"Biscuit Ledge","name_lower":"biscuit ledge","chart":"US4ME27M"}},{"type":"Feature","geometry":{"type":"Point","coordinates":[-68.86637295784847,44.38969003072473]},"properties":{"objtype":"SEAARE","label":"sea area","name":"East Penobscot Bay","name_lower":"east penobscot bay","chart":"US4ME27M"}},{"type":"Feature","geometry":{"type":"Point","coordinates":[-69.05352337950848,44.20929747927681]},"properties":{"objtype":"SEAARE","label":"sea area","name":"Camden Harbor","name_lower":"camden harbor","chart":"US4ME27M"}},{"type":"Feature","geometry":{"type":"Point","coordinates":[-69.07090197208805,44.13207185734235]},"properties":{"objtype":"SEAARE","label":"sea area","name":"Brewster Point Ledge","name_lower":"brewster point ledge","chart":"US4ME27M"}},{"type":"Feature","geometry":{"type":"Point","coordinates":[-69.00832741856388,44.43444810926804]},"properties":{"objtype":"SEAARE","label":"sea area","name":"Passagassawakeag River","name_lower":"passagassawakeag river","chart":"US4ME27M"}},{"type":"Feature","geometry":{"type":"Point","coordinates":[-69.06939098830782,44.17073820513819]},"properties":{"objtype":"SEAARE","label":"sea area","name":"Rockport Harbor","name_lower":"rockport harbor","chart":"US4ME27M"}},{"type":"Feature","geometry":{"type":"Point","coordinates":[-68.75246545424969,44.42414917506108]},"properties":{"objtype":"LNDRGN","label":"coastal feature","name":"Jones Point","name_lower":"jones point","chart":"US4ME27M"}},{"type":"Feature","geometry":{"type":"Point","coordinates":[-68.85746508078208,44.44848640963681]},"properties":{"objtype":"LNDRGN","label":"coastal feature","name":"Defence Point","name_lower":"defence point","chart":"US4ME27M"}},{"type":"Feature","geometry":{"type":"Point","coordinates":[-68.85917819728081,44.127398911043294]},"properties":{"objtype":"LNDRGN","label":"coastal feature","name":"Iron Point","name_lower":"iron point","chart":"US4ME27M"}},{"type":"Feature","geometry":{"type":"Point","coordinates":[-68.79350858240969,44.44909038309472]},"properties":{"objtype":"LNDRGN","label":"coastal feature","name":"Wilson Point","name_lower":"wilson point","chart":"US4ME27M"}},{"type":"Feature","geometry":{"type":"Point","coordinates":[-68.7950775243029,44.30921852170745]},"properties":{"objtype":"LNDRGN","label":"coastal feature","name":"Blake Point","name_lower":"blake point","chart":"US4ME27M"}},{"type":"Feature","geometry":{"type":"Point","coordinates":[-68.9422149643542,44.28246983446588]},"properties":{"objtype":"LNDRGN","label":"coastal feature","name":"Grindel Point","name_lower":"grindel point","chart":"US4ME27M"}},{"type":"Feature","geometry":{"type":"Point","coordinates":[-68.79330428183593,44.33859671983288]},"properties":{"objtype":"LNDRGN","label":"coastal feature","name":"Cape Rosier","name_lower":"cape rosier","chart":"US4ME27M"}},{"type":"Feature","geometry":{"type":"Point","coordinates":[-69.05469482287874,44.174192512299584]},"properties":{"objtype":"LNDRGN","label":"coastal feature","name":"Deadman Point","name_lower":"deadman point","chart":"US4ME27M"}},{"type":"Feature","geometry":{"type":"Point","coordinates":[-68.91457163733739,44.24515614858174]},"properties":{"objtype":"LNDRGN","label":"coastal feature","name":"Gull Point","name_lower":"gull point","chart":"US4ME27M"}},{"type":"Feature","geometry":{"type":"Point","coordinates":[-68.62936574573445,44.18747573333068]},"properties":{"objtype":"LNDRGN","label":"coastal feature","name":"Whitmore Neck","name_lower":"whitmore neck","chart":"US4ME27M"}},{"type":"Feature","geometry":{"type":"Point","coordinates":[-69.07782945764188,44.133325715753614]},"properties":{"objtype":"LNDRGN","label":"coastal feature","name":"Brewster Point","name_lower":"brewster point","chart":"US4ME27M"}},{"type":"Feature","geometry":{"type":"Point","coordinates":[-68.97727153095194,44.38484686291397]},"properties":{"objtype":"LNDRGN","label":"coastal feature","name":"Browns Head","name_lower":"browns head","chart":"US4ME27M"}},{"type":"Feature","geometry":{"type":"Point","coordinates":[-68.72051291574108,44.4118465236342]},"properties":{"objtype":"LNDRGN","label":"coastal feature","name":"Green Island","name_lower":"green island","chart":"US4ME27M"}},{"type":"Feature","geometry":{"type":"Point","coordinates":[-68.82410370444636,44.311980969936556]},"properties":{"objtype":"LNDRGN","label":"coastal feature","name":"Head of The Cape","name_lower":"head of the cape","chart":"US4ME27M"}},{"type":"Feature","geometry":{"type":"Point","coordinates":[-68.67361178631273,44.15192048577037]},"properties":{"objtype":"LNDRGN","label":"coastal feature","name":"Green Head","name_lower":"green head","chart":"US4ME27M"}},{"type":"Feature","geometry":{"type":"Point","coordinates":[-68.7446580267812,44.421438820227245]},"properties":{"objtype":"LNDRGN","label":"coastal feature","name":"Mills Point","name_lower":"mills point","chart":"US4ME27M"}},{"type":"Feature","geometry":{"type":"Point","coordinates":[-68.72492063322558,44.41575974581039]},"properties":{"objtype":"LNDRGN","label":"coastal feature","name":"Johnson Point","name_lower":"johnson point","chart":"US4ME27M"}},{"type":"Feature","geometry":{"type":"Point","coordinates":[-69.05884375470895,44.21091585476187]},"properties":{"objtype":"LNDRGN","label":"coastal feature","name":"Eaton Point","name_lower":"eaton point","chart":"US4ME27M"}},{"type":"Feature","geometry":{"type":"Point","coordinates":[-68.77747090773583,44.38432977786893]},"properties":{"objtype":"LNDRGN","label":"coastal feature","name":"Henry Point","name_lower":"henry point","chart":"US4ME27M"}},{"type":"Feature","geometry":{"type":"Point","coordinates":[-68.6233096792581,44.280582959425416]},"properties":{"objtype":"LNDRGN","label":"coastal feature","name":"Cape Carter","name_lower":"cape carter","chart":"US4ME27M"}},{"type":"Feature","geometry":{"type":"Point","coordinates":[-68.70122672238116,44.271978396673674]},"properties":{"objtype":"LNDRGN","label":"coastal feature","name":"Weeds Point","name_lower":"weeds point","chart":"US4ME27M"}},{"type":"Feature","geometry":{"type":"Point","coordinates":[-68.84433927948842,44.183221104718356]},"properties":{"objtype":"LNDRGN","label":"coastal feature","name":"Webster Head","name_lower":"webster head","chart":"US4ME27M"}},{"type":"Feature","geometry":{"type":"Point","coordinates":[-68.85008418932641,44.12479664000059]},"properties":{"objtype":"LNDRGN","label":"coastal feature","name":"Zeke Point","name_lower":"zeke point","chart":"US4ME27M"}},{"type":"Feature","geometry":{"type":"Point","coordinates":[-68.90106762535655,44.45405284170286]},"properties":{"objtype":"LNDRGN","label":"coastal feature","name":"Mack Point","name_lower":"mack point","chart":"US4ME27M"}},{"type":"Feature","geometry":{"type":"Point","coordinates":[-68.88124587508274,44.465374712496946]},"properties":{"objtype":"LNDRGN","label":"coastal feature","name":"Kidder Point","name_lower":"kidder point","chart":"US4ME27M"}},{"type":"Feature","geometry":{"type":"Point","coordinates":[-68.9164631310508,44.32653589520618]},"properties":{"objtype":"LNDRGN","label":"coastal feature","name":"Keller Point","name_lower":"keller point","chart":"US4ME27M"}},{"type":"Feature","geometry":{"type":"Point","coordinates":[-68.81925248006571,44.39392988043247]},"properties":{"objtype":"LNDRGN","label":"coastal feature","name":"Blockhouse Point","name_lower":"blockhouse point","chart":"US4ME27M"}},{"type":"Feature","geometry":{"type":"Point","coordinates":[-68.88809124974976,44.13170911037457]},"properties":{"objtype":"LNDRGN","label":"coastal feature","name":"Ames Point","name_lower":"ames point","chart":"US4ME27M"}},{"type":"Feature","geometry":{"type":"Point","coordinates":[-68.98333480477149,44.4271292437195]},"properties":{"objtype":"LNDRGN","label":"coastal feature","name":"Patterson Point","name_lower":"patterson point","chart":"US4ME27M"}},{"type":"Feature","geometry":{"type":"Point","coordinates":[-68.84201572282475,44.46474554332075]},"properties":{"objtype":"LNDRGN","label":"coastal feature","name":"Cape Jellison","name_lower":"cape jellison","chart":"US4ME27M"}},{"type":"Feature","geometry":{"type":"Point","coordinates":[-68.82020779345407,44.40736777090361]},"properties":{"objtype":"LNDRGN","label":"coastal feature","name":"Perkins Point","name_lower":"perkins point","chart":"US4ME27M"}},{"type":"Feature","geometry":{"type":"Point","coordinates":[-68.88865555753794,44.304053129826954]},"properties":{"objtype":"LNDRGN","label":"coastal feature","name":"Hewes Point","name_lower":"hewes point","chart":"US4ME27M"}},{"type":"Feature","geometry":{"type":"Point","coordinates":[-68.9556894096686,44.32390389977429]},"properties":{"objtype":"LNDRGN","label":"coastal feature","name":"Great Spruce Head","name_lower":"great spruce head","chart":"US4ME27M"}},{"type":"Feature","geometry":{"type":"Point","coordinates":[-68.86240380704955,44.36460079078444]},"properties":{"objtype":"LNDRGN","label":"coastal feature","name":"Coombs Point","name_lower":"coombs point","chart":"US4ME27M"}},{"type":"Feature","geometry":{"type":"Point","coordinates":[-69.03551363067902,44.451440740591046]},"properties":{"objtype":"LNDRGN","label":"coastal feature","name":"City Point","name_lower":"city point","chart":"US4ME27M"}},{"type":"Feature","geometry":{"type":"Point","coordinates":[-68.73928993035804,44.43636922688325]},"properties":{"objtype":"LNDRGN","label":"coastal feature","name":"Tills Point","name_lower":"tills point","chart":"US4ME27M"}},{"type":"Feature","geometry":{"type":"Point","coordinates":[-68.68816999896507,44.301621718696616]},"properties":{"objtype":"LNDRGN","label":"coastal feature","name":"Byard Point","name_lower":"byard point","chart":"US4ME27M"}},{"type":"Feature","geometry":{"type":"Point","coordinates":[-68.71837345248439,44.170205462725335]},"properties":{"objtype":"LNDRGN","label":"coastal feature","name":"Stinson Point","name_lower":"stinson point","chart":"US4ME27M"}},{"type":"Feature","geometry":{"type":"Point","coordinates":[-68.81717683814445,44.38314537452706]},"properties":{"objtype":"LNDRGN","label":"coastal feature","name":"Dice Head","name_lower":"dice head","chart":"US4ME27M"}},{"type":"Feature","geometry":{"type":"Point","coordinates":[-68.94478407915673,44.42997993261337]},"properties":{"objtype":"LNDRGN","label":"coastal feature","name":"Moose Point","name_lower":"moose point","chart":"US4ME27M"}},{"type":"Feature","geometry":{"type":"Point","coordinates":[-68.70685886869822,44.158366427371824]},"properties":{"objtype":"LNDRGN","label":"coastal feature","name":"Fifield Point","name_lower":"fifield point","chart":"US4ME27M"}},{"type":"Feature","geometry":{"type":"Point","coordinates":[-68.73080094959072,44.32745809845813]},"properties":{"objtype":"LNDRGN","label":"coastal feature","name":"Grays Point","name_lower":"grays point","chart":"US4ME27M"}},{"type":"Feature","geometry":{"type":"Point","coordinates":[-69.00623719369179,44.27575585624351]},"properties":{"objtype":"LNDRGN","label":"coastal feature","name":"Frohock Point","name_lower":"frohock point","chart":"US4ME27M"}},{"type":"Feature","geometry":{"type":"Point","coordinates":[-68.92010215785093,44.28185921167762]},"properties":{"objtype":"LNDRGN","label":"coastal feature","name":"Sherman Point","name_lower":"sherman point","chart":"US4ME27M"}},{"type":"Feature","geometry":{"type":"Point","coordinates":[-68.82369899744305,44.1459299158681]},"properties":{"objtype":"LNDRGN","label":"coastal feature","name":"Indian Point","name_lower":"indian point","chart":"US4ME27M"}},{"type":"Feature","geometry":{"type":"Point","coordinates":[-68.73038110689042,44.22090481308659]},"properties":{"objtype":"LNDRGN","label":"coastal feature","name":"Dunham Point","name_lower":"dunham point","chart":"US4ME27M"}},{"type":"Feature","geometry":{"type":"Point","coordinates":[-68.65297081021225,44.1962148327867]},"properties":{"objtype":"LNDRGN","label":"coastal feature","name":"Warren Point","name_lower":"warren point","chart":"US4ME27M"}},{"type":"Feature","geometry":{"type":"Point","coordinates":[-69.0473678051216,44.212875670177226]},"properties":{"objtype":"LNDRGN","label":"coastal feature","name":"Northeast Point","name_lower":"northeast point","chart":"US4ME27M"}},{"type":"Feature","geometry":{"type":"Point","coordinates":[-68.75067658581902,44.33182661017027]},"properties":{"objtype":"LNDRGN","label":"coastal feature","name":"Condon Point","name_lower":"condon point","chart":"US4ME27M"}},{"type":"Feature","geometry":{"type":"Point","coordinates":[-68.8139886466216,44.42699441794143]},"properties":{"objtype":"LNDRGN","label":"coastal feature","name":"Turner Point","name_lower":"turner point","chart":"US4ME27M"}},{"type":"Feature","geometry":{"type":"Point","coordinates":[-68.8110781405079,44.158828132578165]},"properties":{"objtype":"LNDRGN","label":"coastal feature","name":"Mullen Head","name_lower":"mullen head","chart":"US4ME27M"}},{"type":"Feature","geometry":{"type":"Point","coordinates":[-68.88077888099542,44.39095339076168]},"properties":{"objtype":"LNDRGN","label":"coastal feature","name":"Turtle Head","name_lower":"turtle head","chart":"US4ME27M"}},{"type":"Feature","geometry":{"type":"Point","coordinates":[-68.72218298206465,44.215691336401065]},"properties":{"objtype":"LNDRGN","label":"coastal feature","name":"Salmon Point","name_lower":"salmon point","chart":"US4ME27M"}},{"type":"Feature","geometry":{"type":"Point","coordinates":[-68.84918678297646,44.14148012731506]},"properties":{"objtype":"LNDRGN","label":"coastal feature","name":"Fish Point","name_lower":"fish point","chart":"US4ME27M"}},{"type":"Feature","geometry":{"type":"Point","coordinates":[-68.89817584834319,44.12325007979205]},"properties":{"objtype":"LNDRGN","label":"coastal feature","name":"Fish Head","name_lower":"fish head","chart":"US4ME27M"}},{"type":"Feature","geometry":{"type":"Point","coordinates":[-68.93784001967433,44.29109298581052]},"properties":{"objtype":"LNDRGN","label":"coastal feature","name":"Gooseberry Point","name_lower":"gooseberry point","chart":"US4ME27M"}},{"type":"Feature","geometry":{"type":"Point","coordinates":[-68.63358132511105,44.17603471309433]},"properties":{"objtype":"LNDRGN","label":"coastal feature","name":"Buckmaster Neck","name_lower":"buckmaster neck","chart":"US4ME27M"}},{"type":"Feature","geometry":{"type":"Point","coordinates":[-68.71877321625156,44.449031506784806]},"properties":{"objtype":"LNDRGN","label":"coastal feature","name":"Bridges Point","name_lower":"bridges point","chart":"US4ME27M"}},{"type":"Feature","geometry":{"type":"Point","coordinates":[-68.92073213606619,44.25892862248215]},"properties":{"objtype":"LNDRGN","label":"coastal feature","name":"Dark Harbor","name_lower":"dark harbor","chart":"US4ME27M"}},{"type":"Feature","geometry":{"type":"Point","coordinates":[-68.90245107281757,44.13610282230221]},"properties":{"objtype":"LNDRGN","label":"coastal feature","name":"Amesbury Point","name_lower":"amesbury point","chart":"US4ME27M"}},{"type":"Feature","geometry":{"type":"Point","coordinates":[-68.66433682666081,44.21668789374854]},"properties":{"objtype":"LNDRGN","label":"coastal feature","name":"The Haulover","name_lower":"the haulover","chart":"US4ME27M"}},{"type":"Feature","geometry":{"type":"Point","coordinates":[-69.05924465500657,44.171067049602776]},"properties":{"objtype":"LNDRGN","label":"coastal feature","name":"Beauchamp Point","name_lower":"beauchamp point","chart":"US4ME27M"}},{"type":"Feature","geometry":{"type":"Point","coordinates":[-68.9291574747739,44.233058096080384]},"properties":{"objtype":"LNDRGN","label":"coastal feature","name":"Pendleton Point","name_lower":"pendleton point","chart":"US4ME27M"}},{"type":"Feature","geometry":{"type":"Point","coordinates":[-69.05250267756541,44.19625929478682]},"properties":{"objtype":"LNDRGN","label":"coastal feature","name":"Ogier Point","name_lower":"ogier point","chart":"US4ME27M"}},{"type":"Feature","geometry":{"type":"Point","coordinates":[-68.7672866,44.3472595]},"properties":{"objtype":"LNDRGN","label":"coastal feature","name":"John Black Mountain","name_lower":"john black mountain","chart":"US4ME27M"}},{"type":"Feature","geometry":{"type":"Point","coordinates":[-68.7194064,44.3308346]},"properties":{"objtype":"LNDRGN","label":"coastal feature","name":"Winche Mountain","name_lower":"winche mountain","chart":"US4ME27M"}},{"type":"Feature","geometry":{"type":"Point","coordinates":[-69.1789744,44.1867164]},"properties":{"objtype":"LNDRGN","label":"coastal feature","name":"Pleasant Mountain","name_lower":"pleasant mountain","chart":"US4ME27M"}},{"type":"Feature","geometry":{"type":"Point","coordinates":[-69.0819671,44.1425846]},"properties":{"objtype":"LNDRGN","label":"coastal feature","name":"Pine Hill","name_lower":"pine hill","chart":"US4ME27M"}},{"type":"Feature","geometry":{"type":"Point","coordinates":[-68.6908969,44.4259593]},"properties":{"objtype":"LNDRGN","label":"coastal feature","name":"Gray Ridge","name_lower":"gray ridge","chart":"US4ME27M"}},{"type":"Feature","geometry":{"type":"Point","coordinates":[-69.0527608,44.2689286]},"properties":{"objtype":"LNDRGN","label":"coastal feature","name":"Bald Rock Mountain","name_lower":"bald rock mountain","chart":"US4ME27M"}},{"type":"Feature","geometry":{"type":"Point","coordinates":[-68.6685885,44.3307774]},"properties":{"objtype":"LNDRGN","label":"coastal feature","name":"Caterpillar Mountain","name_lower":"caterpillar mountain","chart":"US4ME27M"}},{"type":"Feature","geometry":{"type":"Point","coordinates":[-69.137577,44.1267432]},"properties":{"objtype":"LNDRGN","label":"coastal feature","name":"Benner Hill","name_lower":"benner hill","chart":"US4ME27M"}},{"type":"Feature","geometry":{"type":"Point","coordinates":[-68.979276,44.316043]},"properties":{"objtype":"LNDRGN","label":"coastal feature","name":"Jackson Hill","name_lower":"jackson hill","chart":"US4ME27M"}},{"type":"Feature","geometry":{"type":"Point","coordinates":[-68.826223,44.1822907]},"properties":{"objtype":"LNDRGN","label":"coastal feature","name":"Oak Hill","name_lower":"oak hill","chart":"US4ME27M"}},{"type":"Feature","geometry":{"type":"Point","coordinates":[-68.99487216941868,44.426865212226254]},"properties":{"objtype":"FAIRWY","label":"channel","name":"Belfast Harbor","name_lower":"belfast harbor","chart":"US4ME27M"}},{"type":"Feature","geometry":{"type":"Point","coordinates":[-68.86118732101144,44.258520580233075]},"properties":{"objtype":"LNDARE","label":"island","name":"Resolution Island","name_lower":"resolution island","chart":"US4ME27M"}},{"type":"Feature","geometry":{"type":"Point","coordinates":[-68.85989796665186,44.44369012343247]},"properties":{"objtype":"LNDARE","label":"island","name":"Defence Head","name_lower":"defence head","chart":"US4ME27M"}},{"type":"Feature","geometry":{"type":"Point","coordinates":[-68.9014328402565,44.32353611005475]},"properties":{"objtype":"LNDARE","label":"island","name":"Islesboro Island","name_lower":"islesboro island","chart":"US4ME27M"}},{"type":"Feature","geometry":{"type":"Point","coordinates":[-68.86300521465519,44.15463525065371]},"properties":{"objtype":"LNDARE","label":"island","name":"North Haven Island","name_lower":"north haven island","chart":"US4ME27M"}},{"type":"Feature","geometry":{"type":"Point","coordinates":[-68.94576740868413,44.27321216677957]},"properties":{"objtype":"LNDARE","label":"island","name":"Warren Island","name_lower":"warren island","chart":"US4ME27M"}},{"type":"Feature","geometry":{"type":"Point","coordinates":[-68.64462571203174,44.13360508449328]},"properties":{"objtype":"LNDARE","label":"island","name":"Saint Helena Island","name_lower":"saint helena island","chart":"US4ME27M"}},{"type":"Feature","geometry":{"type":"Point","coordinates":[-68.7579112306223,44.24389854032438]},"properties":{"objtype":"LNDARE","label":"island","name":"Bradbury Island","name_lower":"bradbury island","chart":"US4ME27M"}},{"type":"Feature","geometry":{"type":"Point","coordinates":[-68.80596834326774,44.37529063996595]},"properties":{"objtype":"LNDARE","label":"island","name":"Nautilus Island","name_lower":"nautilus island","chart":"US4ME27M"}},{"type":"Feature","geometry":{"type":"Point","coordinates":[-68.9420088899704,44.19861591044061]},"properties":{"objtype":"LNDARE","label":"island","name":"Mouse Island","name_lower":"mouse island","chart":"US4ME27M"}},{"type":"Feature","geometry":{"type":"Point","coordinates":[-68.94295512468716,44.2284736366382]},"properties":{"objtype":"LNDARE","label":"island","name":"Job Island","name_lower":"job island","chart":"US4ME27M"}},{"type":"Feature","geometry":{"type":"Point","coordinates":[-68.63076233054103,44.13575636085267]},"properties":{"objtype":"LNDARE","label":"island","name":"Bare Island","name_lower":"bare island","chart":"US4ME27M"}},{"type":"Feature","geometry":{"type":"Point","coordinates":[-68.6183332817052,44.14741590100203]},"properties":{"objtype":"LNDARE","label":"island","name":"Devil Island","name_lower":"devil island","chart":"US4ME27M"}},{"type":"Feature","geometry":{"type":"Point","coordinates":[-68.95445502026674,44.20597599797621]},"properties":{"objtype":"LNDARE","label":"island","name":"Lime Island","name_lower":"lime island","chart":"US4ME27M"}},{"type":"Feature","geometry":{"type":"Point","coordinates":[-68.71923718540123,44.166823538051894]},"properties":{"objtype":"LNDARE","label":"island","name":"Barred Island","name_lower":"barred island","chart":"US4ME27M"}},{"type":"Feature","geometry":{"type":"Point","coordinates":[-68.68507399934605,44.124251827341375]},"properties":{"objtype":"LNDARE","label":"island","name":"Farrel Island","name_lower":"farrel island","chart":"US4ME27M"}},{"type":"Feature","geometry":{"type":"Point","coordinates":[-68.889922279362,44.12402112380478]},"properties":{"objtype":"LNDARE","label":"island","name":"Vinalhaven Island","name_lower":"vinalhaven island","chart":"US4ME27M"}},{"type":"Feature","geometry":{"type":"Point","coordinates":[-68.8155821815896,44.13886363226775]},"properties":{"objtype":"LNDARE","label":"island","name":"Stimpsons Island","name_lower":"stimpsons island","chart":"US4ME27M"}},{"type":"Feature","geometry":{"type":"Point","coordinates":[-68.80315297660968,44.36688720049085]},"properties":{"objtype":"LNDARE","label":"island","name":"Ram Island","name_lower":"ram island","chart":"US4ME27M"}},{"type":"Feature","geometry":{"type":"Point","coordinates":[-68.86452358519743,44.2142484793121]},"properties":{"objtype":"LNDARE","label":"island","name":"Compass Island","name_lower":"compass island","chart":"US4ME27M"}},{"type":"Feature","geometry":{"type":"Point","coordinates":[-68.96118950139487,44.19595238271087]},"properties":{"objtype":"LNDARE","label":"island","name":"Lasell Island","name_lower":"lasell island","chart":"US4ME27M"}},{"type":"Feature","geometry":{"type":"Point","coordinates":[-68.93239938667712,44.31702915459691]},"properties":{"objtype":"LNDARE","label":"island","name":"Flat Island","name_lower":"flat island","chart":"US4ME27M"}},{"type":"Feature","geometry":{"type":"Point","coordinates":[-68.791553674292,44.23051784440704]},"properties":{"objtype":"LNDARE","label":"island","name":"Butter Island","name_lower":"butter island","chart":"US4ME27M"}},{"type":"Feature","geometry":{"type":"Point","coordinates":[-68.61804448435336,44.126438891497415]},"properties":{"objtype":"LNDARE","label":"island","name":"McGlathery Island","name_lower":"mcglathery island","chart":"US4ME27M"}},{"type":"Feature","geometry":{"type":"Point","coordinates":[-68.78632410823032,44.37891993167766]},"properties":{"objtype":"LNDARE","label":"island","name":"Great Island","name_lower":"great island","chart":"US4ME27M"}},{"type":"Feature","geometry":{"type":"Point","coordinates":[-68.75847454387072,44.32062008564363]},"properties":{"objtype":"LNDARE","label":"island","name":"Thrumcap Island","name_lower":"thrumcap island","chart":"US4ME27M"}},{"type":"Feature","geometry":{"type":"Point","coordinates":[-68.93491816036094,44.24542723961265]},"properties":{"objtype":"LNDARE","label":"island","name":"Minot Island","name_lower":"minot island","chart":"US4ME27M"}},{"type":"Feature","geometry":{"type":"Point","coordinates":[-68.62629222245849,44.124180577363475]},"properties":{"objtype":"LNDARE","label":"island","name":"Round Island","name_lower":"round island","chart":"US4ME27M"}},{"type":"Feature","geometry":{"type":"Point","coordinates":[-68.71411931025128,44.28930774021733]},"properties":{"objtype":"LNDARE","label":"island","name":"Little Deer Isle","name_lower":"little deer isle","chart":"US4ME27M"}},{"type":"Feature","geometry":{"type":"Point","coordinates":[-68.84973228775459,44.248910118434054]},"properties":{"objtype":"LNDARE","label":"island","name":"Horsehead Island","name_lower":"horsehead island","chart":"US4ME27M"}},{"type":"Feature","geometry":{"type":"Point","coordinates":[-68.8337250911431,44.22348764091549]},"properties":{"objtype":"LNDARE","label":"island","name":"Scrag Island","name_lower":"scrag island","chart":"US4ME27M"}},{"type":"Feature","geometry":{"type":"Point","coordinates":[-68.97800558117954,44.16025047197129]},"properties":{"objtype":"LNDARE","label":"island","name":"Robinson Rock","name_lower":"robinson rock","chart":"US4ME27M"}},{"type":"Feature","geometry":{"type":"Point","coordinates":[-68.71024616758558,44.14970047426009]},"properties":{"objtype":"LNDARE","label":"island","name":"Second Island","name_lower":"second island","chart":"US4ME27M"}},{"type":"Feature","geometry":{"type":"Point","coordinates":[-68.95051958445178,44.184796058187565]},"properties":{"objtype":"LNDARE","label":"island","name":"Goose Island","name_lower":"goose island","chart":"US4ME27M"}},{"type":"Feature","geometry":{"type":"Point","coordinates":[-68.95269518390627,44.25656936797985]},"properties":{"objtype":"LNDARE","label":"island","name":"Seven Hundred Acre Island","name_lower":"seven hundred acre island","chart":"US4ME27M"}},{"type":"Feature","geometry":{"type":"Point","coordinates":[-68.8235117279885,44.25949373995183]},"properties":{"objtype":"LNDARE","label":"island","name":"Beach Island","name_lower":"beach island","chart":"US4ME27M"}},{"type":"Feature","geometry":{"type":"Point","coordinates":[-68.9640535275726,44.178940951968926]},"properties":{"objtype":"LNDARE","label":"island","name":"Saddle Island","name_lower":"saddle island","chart":"US4ME27M"}},{"type":"Feature","geometry":{"type":"Point","coordinates":[-68.93610955089424,44.27204110216757]},"properties":{"objtype":"LNDARE","label":"island","name":"Spruce Island","name_lower":"spruce island","chart":"US4ME27M"}},{"type":"Feature","geometry":{"type":"Point","coordinates":[-68.79787430222754,44.14300890178763]},"properties":{"objtype":"LNDARE","label":"island","name":"Calder Wood","name_lower":"calder wood","chart":"US4ME27M"}},{"type":"Feature","geometry":{"type":"Point","coordinates":[-68.70187848130443,44.24504381867026]},"properties":{"objtype":"LNDARE","label":"island","name":"Heart Island","name_lower":"heart island","chart":"US4ME27M"}},{"type":"Feature","geometry":{"type":"Point","coordinates":[-68.70925788707957,44.126094084500984]},"properties":{"objtype":"LNDARE","label":"island","name":"Scraggy Island","name_lower":"scraggy island","chart":"US4ME27M"}},{"type":"Feature","geometry":{"type":"Point","coordinates":[-68.82195693421282,44.291551349006035]},"properties":{"objtype":"LNDARE","label":"island","name":"Western Island","name_lower":"western island","chart":"US4ME27M"}},{"type":"Feature","geometry":{"type":"Point","coordinates":[-68.68472923170354,44.28673063106128]},"properties":{"objtype":"LNDARE","label":"island","name":"Stave Island","name_lower":"stave island","chart":"US4ME27M"}},{"type":"Feature","geometry":{"type":"Point","coordinates":[-68.63589544286522,44.126845712821286]},"properties":{"objtype":"LNDARE","label":"island","name":"Wreck Island","name_lower":"wreck island","chart":"US4ME27M"}},{"type":"Feature","geometry":{"type":"Point","coordinates":[-68.84106657471212,44.260526628406964]},"properties":{"objtype":"LNDARE","label":"island","name":"Colt Head Island","name_lower":"colt head island","chart":"US4ME27M"}},{"type":"Feature","geometry":{"type":"Point","coordinates":[-68.85005865283233,44.23243598667089]},"properties":{"objtype":"LNDARE","label":"island","name":"Little Spruce Head Island","name_lower":"little spruce head island","chart":"US4ME27M"}},{"type":"Feature","geometry":{"type":"Point","coordinates":[-68.82512868834289,44.21975590366224]},"properties":{"objtype":"LNDARE","label":"island","name":"Bear Island","name_lower":"bear island","chart":"US4ME27M"}},{"type":"Feature","geometry":{"type":"Point","coordinates":[-68.70980595771627,44.155210468648185]},"properties":{"objtype":"LNDARE","label":"island","name":"The Fort","name_lower":"the fort","chart":"US4ME27M"}},{"type":"Feature","geometry":{"type":"Point","coordinates":[-68.78595774447682,44.14143969565285]},"properties":{"objtype":"LNDARE","label":"island","name":"Babbidge Island","name_lower":"babbidge island","chart":"US4ME27M"}},{"type":"Feature","geometry":{"type":"Point","coordinates":[-68.78436533395062,44.28629275655701]},"properties":{"objtype":"LNDARE","label":"island","name":"Fiddle Head","name_lower":"fiddle head","chart":"US4ME27M"}},{"type":"Feature","geometry":{"type":"Point","coordinates":[-68.98187328235913,44.17348809449176]},"properties":{"objtype":"LNDARE","label":"island","name":"Mark Island","name_lower":"mark island","chart":"US4ME27M"}},{"type":"Feature","geometry":{"type":"Point","coordinates":[-69.06001759710426,44.163428028157874]},"properties":{"objtype":"LNDARE","label":"island","name":"Lowell Rock","name_lower":"lowell rock","chart":"US4ME27M"}},{"type":"Feature","geometry":{"type":"Point","coordinates":[-68.82365134766879,44.23570498940502]},"properties":{"objtype":"LNDARE","label":"island","name":"Great Spruce Head Island","name_lower":"great spruce head island","chart":"US4ME27M"}},{"type":"Feature","geometry":{"type":"Point","coordinates":[-68.67388816023507,44.1420374523932]},"properties":{"objtype":"LNDARE","label":"island","name":"Crotch Island","name_lower":"crotch island","chart":"US4ME27M"}},{"type":"Feature","geometry":{"type":"Point","coordinates":[-68.7447799271947,44.26500774923698]},"properties":{"objtype":"LNDARE","label":"island","name":"Pickering Island","name_lower":"pickering island","chart":"US4ME27M"}},{"type":"Feature","geometry":{"type":"Point","coordinates":[-68.73838134841309,44.33517615783962]},"properties":{"objtype":"LNDARE","label":"island","name":"Harbor Island","name_lower":"harbor island","chart":"US4ME27M"}},{"type":"Feature","geometry":{"type":"Point","coordinates":[-69.06054958351741,44.16603184669185]},"properties":{"objtype":"LNDARE","label":"island","name":"Indian Island","name_lower":"indian island","chart":"US4ME27M"}},{"type":"Feature","geometry":{"type":"Point","coordinates":[-69.05006285861496,44.20204581975184]},"properties":{"objtype":"LNDARE","label":"island","name":"Curtis Island","name_lower":"curtis island","chart":"US4ME27M"}},{"type":"Feature","geometry":{"type":"Point","coordinates":[-68.83068457961727,44.1300950486127]},"properties":{"objtype":"LNDARE","label":"island","name":"Widow Island","name_lower":"widow island","chart":"US4ME27M"}},{"type":"Feature","geometry":{"type":"Point","coordinates":[-68.6167964396625,44.155149320292914]},"properties":{"objtype":"LNDARE","label":"island","name":"Bold Island","name_lower":"bold island","chart":"US4ME27M"}},{"type":"Feature","geometry":{"type":"Point","coordinates":[-68.67208798412842,44.21172891842244]},"properties":{"objtype":"LNDARE","label":"island","name":"Deer Isle","name_lower":"deer isle","chart":"US4ME27M"}},{"type":"Feature","geometry":{"type":"Point","coordinates":[-68.87063732924143,44.35147206346636]},"properties":{"objtype":"LNDARE","label":"island","name":"Hutchins Island","name_lower":"hutchins island","chart":"US4ME27M"}},{"type":"Feature","geometry":{"type":"Point","coordinates":[-68.79941902622751,44.20941685623992]},"properties":{"objtype":"LNDARE","label":"island","name":"Fling Island","name_lower":"fling island","chart":"US4ME27M"}},{"type":"Feature","geometry":{"type":"Point","coordinates":[-68.78206706240798,44.3137646874735]},"properties":{"objtype":"LNDARE","label":"island","name":"Buck Island","name_lower":"buck island","chart":"US4ME27M"}},{"type":"Feature","geometry":{"type":"Point","coordinates":[-68.72973349877245,44.269367712404964]},"properties":{"objtype":"LNDARE","label":"island","name":"Eaton Island","name_lower":"eaton island","chart":"US4ME27M"}},{"type":"Feature","geometry":{"type":"Point","coordinates":[-68.78442202587807,44.18905172544678]},"properties":{"objtype":"LNDARE","label":"island","name":"Bald Island","name_lower":"bald island","chart":"US4ME27M"}},{"type":"Feature","geometry":{"type":"Point","coordinates":[-68.64499888598287,44.15059836110127]},"properties":{"objtype":"LNDARE","label":"island","name":"Russ Island","name_lower":"russ island","chart":"US4ME27M"}},{"type":"Feature","geometry":{"type":"Point","coordinates":[-68.68221613197109,44.14901646984353]},"properties":{"objtype":"LNDARE","label":"island","name":"Moose Island","name_lower":"moose island","chart":"US4ME27M"}},{"type":"Feature","geometry":{"type":"Point","coordinates":[-68.96266894365861,44.23110731528684]},"properties":{"objtype":"LNDARE","label":"island","name":"Ensign Island","name_lower":"ensign island","chart":"US4ME27M"}},{"type":"Feature","geometry":{"type":"Point","coordinates":[-68.80470760012402,44.182452473222185]},"properties":{"objtype":"LNDARE","label":"island","name":"Dagger Island","name_lower":"dagger island","chart":"US4ME27M"}},{"type":"Feature","geometry":{"type":"Point","coordinates":[-68.9274497701729,44.265270422371486]},"properties":{"objtype":"LNDARE","label":"island","name":"Thrumcap","name_lower":"thrumcap","chart":"US4ME27M"}},{"type":"Feature","geometry":{"type":"Point","coordinates":[-68.77165493752635,44.199955200045665]},"properties":{"objtype":"LNDARE","label":"island","name":"The Porcupines","name_lower":"the porcupines","chart":"US4ME27M"}},{"type":"Feature","geometry":{"type":"Point","coordinates":[-68.81237438089613,44.36348307168117]},"properties":{"objtype":"LNDARE","label":"island","name":"Holbrook Island","name_lower":"holbrook island","chart":"US4ME27M"}},{"type":"Feature","geometry":{"type":"Point","coordinates":[-68.80618145488711,44.29246819043837]},"properties":{"objtype":"LNDARE","label":"island","name":"Pond Island","name_lower":"pond island","chart":"US4ME27M"}},{"type":"Feature","geometry":{"type":"Point","coordinates":[-68.74270471889109,44.30911218566576]},"properties":{"objtype":"LNDARE","label":"island","name":"Pumpkin Island","name_lower":"pumpkin island","chart":"US4ME27M"}},{"type":"Feature","geometry":{"type":"Point","coordinates":[-68.75412439137715,44.22437671670483]},"properties":{"objtype":"LNDARE","label":"island","name":"Hardhead Island","name_lower":"hardhead island","chart":"US4ME27M"}},{"type":"Feature","geometry":{"type":"Point","coordinates":[-68.72528902298042,44.2010062928332]},"properties":{"objtype":"LNDARE","label":"island","name":"Sheephead Island","name_lower":"sheephead island","chart":"US4ME27M"}},{"type":"Feature","geometry":{"type":"Point","coordinates":[-68.68573156751738,44.27425911775422]},"properties":{"objtype":"LNDARE","label":"island","name":"Carney Island","name_lower":"carney island","chart":"US4ME27M"}},{"type":"Feature","geometry":{"type":"Point","coordinates":[-68.65488019603858,44.128420852265606]},"properties":{"objtype":"LNDARE","label":"island","name":"George Head Island","name_lower":"george head island","chart":"US4ME27M"}},{"type":"Feature","geometry":{"type":"Point","coordinates":[-68.9794754,44.1834055]},"properties":{"objtype":"LNDARE","label":"island","name":"East Goose Rock","name_lower":"east goose rock","chart":"US4ME27M"}},{"type":"Feature","geometry":{"type":"Point","coordinates":[-68.8860241,44.1903029]},"properties":{"objtype":"LNDARE","label":"island","name":"Egg Rock","name_lower":"egg rock","chart":"US4ME27M"}},{"type":"Feature","geometry":{"type":"Point","coordinates":[-68.8046773,44.179669]},"properties":{"objtype":"LNDARE","label":"island","name":"Downfall Island","name_lower":"downfall island","chart":"US4ME27M"}},{"type":"Feature","geometry":{"type":"Point","coordinates":[-69.0352575,44.182065]},"properties":{"objtype":"LNDARE","label":"island","name":"The Graves","name_lower":"the graves","chart":"US4ME27M"}},{"type":"Feature","geometry":{"type":"Point","coordinates":[-68.8142108,44.2074608]},"properties":{"objtype":"LNDARE","label":"island","name":"Sloop Island","name_lower":"sloop island","chart":"US4ME27M"}},{"type":"Feature","geometry":{"type":"Point","coordinates":[-69.051301,44.1823387]},"properties":{"objtype":"LNDARE","label":"island","name":"Goose Rock","name_lower":"goose rock","chart":"US4ME27M"}},{"type":"Feature","geometry":{"type":"Point","coordinates":[-68.9046579,44.2743656]},"properties":{"objtype":"LNDARE","label":"island","name":"Joes Rock","name_lower":"joes rock","chart":"US4ME27M"}},{"type":"Feature","geometry":{"type":"Point","coordinates":[-69.00205443203599,44.42027638826225]},"properties":{"objtype":"BUAARE","label":"town","name":"Belfast","name_lower":"belfast","chart":"US4ME27M"}},{"type":"Feature","geometry":{"type":"Point","coordinates":[-68.6221896,44.305035]},"properties":{"objtype":"BUAARE","label":"town","name":"Sedgwick","name_lower":"sedgwick","chart":"US4ME27M"}},{"type":"Feature","geometry":{"type":"Point","coordinates":[-69.0811519,44.2125281]},"properties":{"objtype":"BUAARE","label":"town","name":"Camden","name_lower":"camden","chart":"US4ME27M"}},{"type":"Feature","geometry":{"type":"Point","coordinates":[-68.6668368,44.2680344]},"properties":{"objtype":"BUAARE","label":"town","name":"North Deer Isle","name_lower":"north deer isle","chart":"US4ME27M"}},{"type":"Feature","geometry":{"type":"Point","coordinates":[-68.8126526,44.3464605]},"properties":{"objtype":"BUAARE","label":"town","name":"Harborside","name_lower":"harborside","chart":"US4ME27M"}},{"type":"Feature","geometry":{"type":"Point","coordinates":[-68.9033565,44.4593346]},"properties":{"objtype":"BUAARE","label":"town","name":"Searsport Station","name_lower":"searsport station","chart":"US4ME27M"}},{"type":"Feature","geometry":{"type":"Point","coordinates":[-68.6531923,44.3794119]},"properties":{"objtype":"BUAARE","label":"town","name":"Grays Corner","name_lower":"grays corner","chart":"US4ME27M"}},{"type":"Feature","geometry":{"type":"Point","coordinates":[-69.0876006,44.184202]},"properties":{"objtype":"BUAARE","label":"town","name":"Rockport","name_lower":"rockport","chart":"US4ME27M"}},{"type":"Feature","geometry":{"type":"Point","coordinates":[-68.8045303,44.3917137]},"properties":{"objtype":"BUAARE","label":"town","name":"Castine","name_lower":"castine","chart":"US4ME27M"}},{"type":"Feature","geometry":{"type":"Point","coordinates":[-69.0123877,44.297151]},"properties":{"objtype":"BUAARE","label":"town","name":"Ducktrap","name_lower":"ducktrap","chart":"US4ME27M"}},{"type":"Feature","geometry":{"type":"Point","coordinates":[-68.7282478,44.3423881]},"properties":{"objtype":"BUAARE","label":"town","name":"South Brooksville","name_lower":"south brooksville","chart":"US4ME27M"}},{"type":"Feature","geometry":{"type":"Point","coordinates":[-68.9971911,44.38464]},"properties":{"objtype":"BUAARE","label":"town","name":"East Northport","name_lower":"east northport","chart":"US4ME27M"}},{"type":"Feature","geometry":{"type":"Point","coordinates":[-68.9621894,44.3440855]},"properties":{"objtype":"BUAARE","label":"town","name":"Temple Heights","name_lower":"temple heights","chart":"US4ME27M"}},{"type":"Feature","geometry":{"type":"Point","coordinates":[-68.9082542,44.3051328]},"properties":{"objtype":"BUAARE","label":"town","name":"Islesboro","name_lower":"islesboro","chart":"US4ME27M"}},{"type":"Feature","geometry":{"type":"Point","coordinates":[-68.6252748,44.2131515]},"properties":{"objtype":"BUAARE","label":"town","name":"Mountainville","name_lower":"mountainville","chart":"US4ME27M"}},{"type":"Feature","geometry":{"type":"Point","coordinates":[-68.7204479,44.3952896]},"properties":{"objtype":"BUAARE","label":"town","name":"North Brooksville","name_lower":"north brooksville","chart":"US4ME27M"}},{"type":"Feature","geometry":{"type":"Point","coordinates":[-68.7273782,44.3027916]},"properties":{"objtype":"BUAARE","label":"town","name":"Eggemoggin","name_lower":"eggemoggin","chart":"US4ME27M"}},{"type":"Feature","geometry":{"type":"Point","coordinates":[-68.7801736,44.4144455]},"properties":{"objtype":"BUAARE","label":"town","name":"North Castine","name_lower":"north castine","chart":"US4ME27M"}},{"type":"Feature","geometry":{"type":"Point","coordinates":[-68.7011836,44.3171904]},"properties":{"objtype":"BUAARE","label":"town","name":"Herricks","name_lower":"herricks","chart":"US4ME27M"}},{"type":"Feature","geometry":{"type":"Point","coordinates":[-68.8738766,44.3692523]},"properties":{"objtype":"BUAARE","label":"town","name":"Pripet","name_lower":"pripet","chart":"US4ME27M"}},{"type":"Feature","geometry":{"type":"Point","coordinates":[-69.0907672,44.2672513]},"properties":{"objtype":"BUAARE","label":"town","name":"Youngtown","name_lower":"youngtown","chart":"US4ME27M"}},{"type":"Feature","geometry":{"type":"Point","coordinates":[-68.6616583,44.3009526]},"properties":{"objtype":"BUAARE","label":"town","name":"Sargentville","name_lower":"sargentville","chart":"US4ME27M"}},{"type":"Feature","geometry":{"type":"Point","coordinates":[-68.7691605,44.4747508]},"properties":{"objtype":"BUAARE","label":"town","name":"West Penobscot","name_lower":"west penobscot","chart":"US4ME27M"}},{"type":"Feature","geometry":{"type":"Point","coordinates":[-69.1219637,44.1561555]},"properties":{"objtype":"BUAARE","label":"town","name":"Rockville","name_lower":"rockville","chart":"US4ME27M"}},{"type":"Feature","geometry":{"type":"Point","coordinates":[-68.8990465,44.3374491]},"properties":{"objtype":"BUAARE","label":"town","name":"North Islesboro","name_lower":"north islesboro","chart":"US4ME27M"}},{"type":"Feature","geometry":{"type":"Point","coordinates":[-68.6247,44.2454955]},"properties":{"objtype":"BUAARE","label":"town","name":"Reach","name_lower":"reach","chart":"US4ME27M"}},{"type":"Feature","geometry":{"type":"Point","coordinates":[-68.9365236,44.4587129]},"properties":{"objtype":"BUAARE","label":"town","name":"Searsport","name_lower":"searsport","chart":"US4ME27M"}},{"type":"Feature","geometry":{"type":"Point","coordinates":[-68.9653699,44.3344044]},"properties":{"objtype":"BUAARE","label":"town","name":"Northport","name_lower":"northport","chart":"US4ME27M"}},{"type":"Feature","geometry":{"type":"Point","coordinates":[-68.7463893,44.3980037]},"properties":{"objtype":"BUAARE","label":"town","name":"West Brooksville","name_lower":"west brooksville","chart":"US4ME27M"}},{"type":"Feature","geometry":{"type":"Point","coordinates":[-68.6937331,44.4522076]},"properties":{"objtype":"BUAARE","label":"town","name":"South Penobscot","name_lower":"south penobscot","chart":"US4ME27M"}},{"type":"Feature","geometry":{"type":"Point","coordinates":[-68.9726072,44.3769959]},"properties":{"objtype":"BUAARE","label":"town","name":"Bayside","name_lower":"bayside","chart":"US4ME27M"}},{"type":"Feature","geometry":{"type":"Point","coordinates":[-69.1416145,44.1827667]},"properties":{"objtype":"BUAARE","label":"town","name":"West Rockport","name_lower":"west rockport","chart":"US4ME27M"}},{"type":"Feature","geometry":{"type":"Point","coordinates":[-68.7013366,44.4639861]},"properties":{"objtype":"BUAARE","label":"town","name":"Penobscot","name_lower":"penobscot","chart":"US4ME27M"}},{"type":"Feature","geometry":{"type":"Point","coordinates":[-68.6290627,44.1901178]},"properties":{"objtype":"BUAARE","label":"town","name":"Oceanville","name_lower":"oceanville","chart":"US4ME27M"}},{"type":"Feature","geometry":{"type":"Point","coordinates":[-68.6912832,44.3477829]},"properties":{"objtype":"BUAARE","label":"town","name":"Brooksville","name_lower":"brooksville","chart":"US4ME27M"}},{"type":"Feature","geometry":{"type":"Point","coordinates":[-69.017119,44.2808566]},"properties":{"objtype":"BUAARE","label":"town","name":"Lincolnville","name_lower":"lincolnville","chart":"US4ME27M"}},{"type":"Feature","geometry":{"type":"Point","coordinates":[-69.1006873,44.1341996]},"properties":{"objtype":"BUAARE","label":"town","name":"Glen Cove","name_lower":"glen cove","chart":"US4ME27M"}},{"type":"Feature","geometry":{"type":"Point","coordinates":[-68.6707605,44.1604222]},"properties":{"objtype":"BUAARE","label":"town","name":"Stonington","name_lower":"stonington","chart":"US4ME27M"}},{"type":"Feature","geometry":{"type":"Point","coordinates":[-68.6846955,44.1700392]},"properties":{"objtype":"BUAARE","label":"town","name":"West Stonington","name_lower":"west stonington","chart":"US4ME27M"}},{"type":"Feature","geometry":{"type":"Point","coordinates":[-68.8822088,44.1598321]},"properties":{"objtype":"BUAARE","label":"town","name":"Pulpit Harbor","name_lower":"pulpit harbor","chart":"US4ME27M"}},{"type":"Feature","geometry":{"type":"Point","coordinates":[-68.6698534,44.1905978]},"properties":{"objtype":"BUAARE","label":"town","name":"South Deer Isle","name_lower":"south deer isle","chart":"US4ME27M"}},{"type":"Feature","geometry":{"type":"Point","coordinates":[-68.8812158823586,43.83168521967126]},"properties":{"objtype":"SEAARE","label":"sea area","name":"Seal Cove","name_lower":"seal cove","chart":"US4ME2BM"}},{"type":"Feature","geometry":{"type":"Point","coordinates":[-68.71233779568327,44.10977603330147]},"properties":{"objtype":"SEAARE","label":"sea area","name":"Outer Scrag Ledge","name_lower":"outer scrag ledge","chart":"US4ME2BM"}},{"type":"Feature","geometry":{"type":"Point","coordinates":[-68.69202671594617,44.109086201077844]},"properties":{"objtype":"SEAARE","label":"sea area","name":"West Halibut Ledges","name_lower":"west halibut ledges","chart":"US4ME2BM"}},{"type":"Feature","geometry":{"type":"Point","coordinates":[-68.6767328699925,44.02575379179496]},"properties":{"objtype":"SEAARE","label":"sea area","name":"The Brandies","name_lower":"the brandies","chart":"US4ME2BM"}},{"type":"Feature","geometry":{"type":"Point","coordinates":[-68.65914040845209,44.092096422116356]},"properties":{"objtype":"SEAARE","label":"sea area","name":"Bay Ledge","name_lower":"bay ledge","chart":"US4ME2BM"}},{"type":"Feature","geometry":{"type":"Point","coordinates":[-68.77745502124574,44.085810156191094]},"properties":{"objtype":"SEAARE","label":"sea area","name":"Browns Ledges","name_lower":"browns ledges","chart":"US4ME2BM"}},{"type":"Feature","geometry":{"type":"Point","coordinates":[-68.77588865770103,43.86747925156881]},"properties":{"objtype":"SEAARE","label":"sea area","name":"Malcolm Ledge","name_lower":"malcolm ledge","chart":"US4ME2BM"}},{"type":"Feature","geometry":{"type":"Point","coordinates":[-68.86148902245608,44.02081766783808]},"properties":{"objtype":"SEAARE","label":"sea area","name":"Heron Neck Ledge","name_lower":"heron neck ledge","chart":"US4ME2BM"}},{"type":"Feature","geometry":{"type":"Point","coordinates":[-68.7044893731292,44.11633324090984]},"properties":{"objtype":"SEAARE","label":"sea area","name":"Sparrow Island Ledges","name_lower":"sparrow island ledges","chart":"US4ME2BM"}},{"type":"Feature","geometry":{"type":"Point","coordinates":[-68.65170312216232,44.02891142734267]},"properties":{"objtype":"SEAARE","label":"sea area","name":"Duck Harbor","name_lower":"duck harbor","chart":"US4ME2BM"}},{"type":"Feature","geometry":{"type":"Point","coordinates":[-68.86121761903779,43.85916213849989]},"properties":{"objtype":"SEAARE","label":"sea area","name":"Tuckanuck Ledge","name_lower":"tuckanuck ledge","chart":"US4ME2BM"}},{"type":"Feature","geometry":{"type":"Point","coordinates":[-68.77895862534855,44.00259803963786]},"properties":{"objtype":"SEAARE","label":"sea area","name":"Buffalo Ledge","name_lower":"buffalo ledge","chart":"US4ME2BM"}},{"type":"Feature","geometry":{"type":"Point","coordinates":[-68.84447229686629,44.02981482284456]},"properties":{"objtype":"SEAARE","label":"sea area","name":"Folly Ledge","name_lower":"folly ledge","chart":"US4ME2BM"}},{"type":"Feature","geometry":{"type":"Point","coordinates":[-68.72960341429139,43.8951114405288]},"properties":{"objtype":"SEAARE","label":"sea area","name":"Eastern Ledge","name_lower":"eastern ledge","chart":"US4ME2BM"}},{"type":"Feature","geometry":{"type":"Point","coordinates":[-68.6503502081779,44.045015394792905]},"properties":{"objtype":"SEAARE","label":"sea area","name":"Moores Harbor","name_lower":"moores harbor","chart":"US4ME2BM"}},{"type":"Feature","geometry":{"type":"Point","coordinates":[-68.82803870768517,44.08910212795322]},"properties":{"objtype":"SEAARE","label":"sea area","name":"Winter Harbor","name_lower":"winter harbor","chart":"US4ME2BM"}},{"type":"Feature","geometry":{"type":"Point","coordinates":[-68.91226640384266,44.067682790736214]},"properties":{"objtype":"SEAARE","label":"sea area","name":"Lawrys Narrows","name_lower":"lawrys narrows","chart":"US4ME2BM"}},{"type":"Feature","geometry":{"type":"Point","coordinates":[-68.89351098045304,43.835717495215434]},"properties":{"objtype":"SEAARE","label":"sea area","name":"Criehaven Harbor","name_lower":"criehaven harbor","chart":"US4ME2BM"}},{"type":"Feature","geometry":{"type":"Point","coordinates":[-68.75019830399799,43.8775244730474]},"properties":{"objtype":"SEAARE","label":"sea area","name":"Gully Ledge","name_lower":"gully ledge","chart":"US4ME2BM"}},{"type":"Feature","geometry":{"type":"Point","coordinates":[-68.86699285060355,44.07013624692207]},"properties":{"objtype":"SEAARE","label":"sea area","name":"The Basin","name_lower":"the basin","chart":"US4ME2BM"}},{"type":"Feature","geometry":{"type":"Point","coordinates":[-68.68304188802846,44.103927371914025]},"properties":{"objtype":"SEAARE","label":"sea area","name":"Channel Rock","name_lower":"channel rock","chart":"US4ME2BM"}},{"type":"Feature","geometry":{"type":"Point","coordinates":[-68.95216942789466,44.109827477374346]},"properties":{"objtype":"SEAARE","label":"sea area","name":"Stand-in Point Ledge","name_lower":"stand-in point ledge","chart":"US4ME2BM"}},{"type":"Feature","geometry":{"type":"Point","coordinates":[-68.6299252710203,43.99232235459162]},"properties":{"objtype":"SEAARE","label":"sea area","name":"Roaring Bull Ledge","name_lower":"roaring bull ledge","chart":"US4ME2BM"}},{"type":"Feature","geometry":{"type":"Point","coordinates":[-68.95050705638148,43.82973699292596]},"properties":{"objtype":"SEAARE","label":"sea area","name":"Bantam Ledge","name_lower":"bantam ledge","chart":"US4ME2BM"}},{"type":"Feature","geometry":{"type":"Point","coordinates":[-68.90465356019887,43.81773466041074]},"properties":{"objtype":"SEAARE","label":"sea area","name":"Southwest Ledges","name_lower":"southwest ledges","chart":"US4ME2BM"}},{"type":"Feature","geometry":{"type":"Point","coordinates":[-68.86972335178861,43.86167164552288]},"properties":{"objtype":"SEAARE","label":"sea area","name":"West Black Ledge","name_lower":"west black ledge","chart":"US4ME2BM"}},{"type":"Feature","geometry":{"type":"Point","coordinates":[-68.64660365568221,44.06989731380933]},"properties":{"objtype":"SEAARE","label":"sea area","name":"Isle au Haut Thorofare","name_lower":"isle au haut thorofare","chart":"US4ME2BM"}},{"type":"Feature","geometry":{"type":"Point","coordinates":[-68.81190672995037,44.03060745961549]},"properties":{"objtype":"SEAARE","label":"sea area","name":"Wreck Ledge","name_lower":"wreck ledge","chart":"US4ME2BM"}},{"type":"Feature","geometry":{"type":"Point","coordinates":[-68.88886303843645,43.85350950450469]},"properties":{"objtype":"SEAARE","label":"sea area","name":"Condon Cove","name_lower":"condon cove","chart":"US4ME2BM"}},{"type":"Feature","geometry":{"type":"Point","coordinates":[-68.77691694116986,44.05426211923911]},"properties":{"objtype":"SEAARE","label":"sea area","name":"House Ledge","name_lower":"house ledge","chart":"US4ME2BM"}},{"type":"Feature","geometry":{"type":"Point","coordinates":[-68.73937601793305,44.02462227673607]},"properties":{"objtype":"SEAARE","label":"sea area","name":"Saddleback Ledge Shoal","name_lower":"saddleback ledge shoal","chart":"US4ME2BM"}},{"type":"Feature","geometry":{"type":"Point","coordinates":[-68.77887376850776,44.047277160313115]},"properties":{"objtype":"SEAARE","label":"sea area","name":"Griffin Ledge","name_lower":"griffin ledge","chart":"US4ME2BM"}},{"type":"Feature","geometry":{"type":"Point","coordinates":[-68.65537116682252,43.999320109871014]},"properties":{"objtype":"SEAARE","label":"sea area","name":"Western Ear Ledge","name_lower":"western ear ledge","chart":"US4ME2BM"}},{"type":"Feature","geometry":{"type":"Point","coordinates":[-68.90522505907316,44.086313785435394]},"properties":{"objtype":"SEAARE","label":"sea area","name":"Leadbetter Narrows","name_lower":"leadbetter narrows","chart":"US4ME2BM"}},{"type":"Feature","geometry":{"type":"Point","coordinates":[-68.69093951245588,44.10253969527347]},"properties":{"objtype":"SEAARE","label":"sea area","name":"Scraggy Ledge","name_lower":"scraggy ledge","chart":"US4ME2BM"}},{"type":"Feature","geometry":{"type":"Point","coordinates":[-68.90155630366792,44.09937970090243]},"properties":{"objtype":"SEAARE","label":"sea area","name":"Crockett Cove","name_lower":"crockett cove","chart":"US4ME2BM"}},{"type":"Feature","geometry":{"type":"Point","coordinates":[-68.77504600596782,44.045076294881426]},"properties":{"objtype":"SEAARE","label":"sea area","name":"Halibut Ledge","name_lower":"halibut ledge","chart":"US4ME2BM"}},{"type":"Feature","geometry":{"type":"Point","coordinates":[-68.94286960216577,43.869468571408405]},"properties":{"objtype":"SEAARE","label":"sea area","name":"Foster Ledges","name_lower":"foster ledges","chart":"US4ME2BM"}},{"type":"Feature","geometry":{"type":"Point","coordinates":[-68.82780611291105,44.02866240009601]},"properties":{"objtype":"SEAARE","label":"sea area","name":"Point Ledge","name_lower":"point ledge","chart":"US4ME2BM"}},{"type":"Feature","geometry":{"type":"Point","coordinates":[-68.66805052549792,44.0325573765024]},"properties":{"objtype":"SEAARE","label":"sea area","name":"Duck Harbor Ledge","name_lower":"duck harbor ledge","chart":"US4ME2BM"}},{"type":"Feature","geometry":{"type":"Point","coordinates":[-68.83566580191385,44.01290628279432]},"properties":{"objtype":"SEAARE","label":"sea area","name":"Colt Ledge","name_lower":"colt ledge","chart":"US4ME2BM"}},{"type":"Feature","geometry":{"type":"Point","coordinates":[-68.95248358297117,44.10287894637278]},"properties":{"objtype":"SEAARE","label":"sea area","name":"Drunkard Ledge","name_lower":"drunkard ledge","chart":"US4ME2BM"}},{"type":"Feature","geometry":{"type":"Point","coordinates":[-68.87829273916557,43.86407424189172]},"properties":{"objtype":"SEAARE","label":"sea area","name":"Matinicus Harbor","name_lower":"matinicus harbor","chart":"US4ME2BM"}},{"type":"Feature","geometry":{"type":"Point","coordinates":[-68.76675223789222,44.05395654061356]},"properties":{"objtype":"SEAARE","label":"sea area","name":"Triangle Ledge","name_lower":"triangle ledge","chart":"US4ME2BM"}},{"type":"Feature","geometry":{"type":"Point","coordinates":[-68.66355475489486,44.00807121409354]},"properties":{"objtype":"SEAARE","label":"sea area","name":"Black Ledges","name_lower":"black ledges","chart":"US4ME2BM"}},{"type":"Feature","geometry":{"type":"Point","coordinates":[-68.87503123947454,43.868268943557155]},"properties":{"objtype":"SEAARE","label":"sea area","name":"The Barrel","name_lower":"the barrel","chart":"US4ME2BM"}},{"type":"Feature","geometry":{"type":"Point","coordinates":[-68.84681145412458,43.87038092233316]},"properties":{"objtype":"SEAARE","label":"sea area","name":"Greens Ledge","name_lower":"greens ledge","chart":"US4ME2BM"}},{"type":"Feature","geometry":{"type":"Point","coordinates":[-68.818412025003,44.02710686447943]},"properties":{"objtype":"SEAARE","label":"sea area","name":"Bunker Ledge","name_lower":"bunker ledge","chart":"US4ME2BM"}},{"type":"Feature","geometry":{"type":"Point","coordinates":[-68.72249554291876,44.04156769362456]},"properties":{"objtype":"SEAARE","label":"sea area","name":"Isle Au Haut Bay","name_lower":"isle au haut bay","chart":"US4ME2BM"}},{"type":"Feature","geometry":{"type":"Point","coordinates":[-68.7609087476615,43.950092109407514]},"properties":{"objtype":"SEAARE","label":"sea area","name":"Snippershan Ledge","name_lower":"snippershan ledge","chart":"US4ME2BM"}},{"type":"Feature","geometry":{"type":"Point","coordinates":[-68.72699003546322,44.0140039629663]},"properties":{"objtype":"SEAARE","label":"sea area","name":"Saddleback Ledge","name_lower":"saddleback ledge","chart":"US4ME2BM"}},{"type":"Feature","geometry":{"type":"Point","coordinates":[-68.62282252974285,44.01784053145374]},"properties":{"objtype":"SEAARE","label":"sea area","name":"Head Harbor","name_lower":"head harbor","chart":"US4ME2BM"}},{"type":"Feature","geometry":{"type":"Point","coordinates":[-68.88213848693385,43.82552559696435]},"properties":{"objtype":"SEAARE","label":"sea area","name":"Camp Cove","name_lower":"camp cove","chart":"US4ME2BM"}},{"type":"Feature","geometry":{"type":"Point","coordinates":[-68.67032646029976,44.00925679690183]},"properties":{"objtype":"SEAARE","label":"sea area","name":"The Washers","name_lower":"the washers","chart":"US4ME2BM"}},{"type":"Feature","geometry":{"type":"Point","coordinates":[-68.79033492488561,44.05047035693158]},"properties":{"objtype":"SEAARE","label":"sea area","name":"Mitten Ledge","name_lower":"mitten ledge","chart":"US4ME2BM"}},{"type":"Feature","geometry":{"type":"Point","coordinates":[-68.8671780015531,43.890686380996904]},"properties":{"objtype":"SEAARE","label":"sea area","name":"Zephyr Ledges","name_lower":"zephyr ledges","chart":"US4ME2BM"}},{"type":"Feature","geometry":{"type":"Point","coordinates":[-68.66366442006694,44.04516083370967]},"properties":{"objtype":"SEAARE","label":"sea area","name":"Trial Point Ledge","name_lower":"trial point ledge","chart":"US4ME2BM"}},{"type":"Feature","geometry":{"type":"Point","coordinates":[-68.61725294237537,44.005105782434605]},"properties":{"objtype":"SEAARE","label":"sea area","name":"Cape Ann Ledge","name_lower":"cape ann ledge","chart":"US4ME2BM"}},{"type":"Feature","geometry":{"type":"Point","coordinates":[-68.93956463329033,44.102686069464895]},"properties":{"objtype":"SEAARE","label":"sea area","name":"Fiddler Ledge","name_lower":"fiddler ledge","chart":"US4ME2BM"}},{"type":"Feature","geometry":{"type":"Point","coordinates":[-68.80441206971719,44.0446490728099]},"properties":{"objtype":"SEAARE","label":"sea area","name":"Roberts Harbor","name_lower":"roberts harbor","chart":"US4ME2BM"}},{"type":"Feature","geometry":{"type":"Point","coordinates":[-68.87797709379556,43.8396183741637]},"properties":{"objtype":"SEAARE","label":"sea area","name":"Shag Ledge","name_lower":"shag ledge","chart":"US4ME2BM"}},{"type":"Feature","geometry":{"type":"Point","coordinates":[-68.79166564562291,44.0993910751952]},"properties":{"objtype":"SEAARE","label":"sea area","name":"Benney Ledge","name_lower":"benney ledge","chart":"US4ME2BM"}},{"type":"Feature","geometry":{"type":"Point","coordinates":[-68.7680759304818,44.02511496301197]},"properties":{"objtype":"SEAARE","label":"sea area","name":"Diamond Rock Ledge","name_lower":"diamond rock ledge","chart":"US4ME2BM"}},{"type":"Feature","geometry":{"type":"Point","coordinates":[-68.85733069035417,44.04083960482828]},"properties":{"objtype":"SEAARE","label":"sea area","name":"The Reach","name_lower":"the reach","chart":"US4ME2BM"}},{"type":"Feature","geometry":{"type":"Point","coordinates":[-68.7850597185569,44.03901414452167]},"properties":{"objtype":"SEAARE","label":"sea area","name":"Crosby Ledge","name_lower":"crosby ledge","chart":"US4ME2BM"}},{"type":"Feature","geometry":{"type":"Point","coordinates":[-68.82947778626878,44.03706961665018]},"properties":{"objtype":"SEAARE","label":"sea area","name":"Indian Creek","name_lower":"indian creek","chart":"US4ME2BM"}},{"type":"Feature","geometry":{"type":"Point","coordinates":[-68.87897202460509,43.81866570569543]},"properties":{"objtype":"SEAARE","label":"sea area","name":"Brig Ledge","name_lower":"brig ledge","chart":"US4ME2BM"}},{"type":"Feature","geometry":{"type":"Point","coordinates":[-68.91068842847919,43.85774416315431]},"properties":{"objtype":"SEAARE","label":"sea area","name":"Black Rocks","name_lower":"black rocks","chart":"US4ME2BM"}},{"type":"Feature","geometry":{"type":"Point","coordinates":[-68.797762113264,44.09002813983939]},"properties":{"objtype":"SEAARE","label":"sea area","name":"Seal Bay","name_lower":"seal bay","chart":"US4ME2BM"}},{"type":"Feature","geometry":{"type":"Point","coordinates":[-68.66858433933373,44.03758119644401]},"properties":{"objtype":"SEAARE","label":"sea area","name":"Moores Harbor Ledge","name_lower":"moores harbor ledge","chart":"US4ME2BM"}},{"type":"Feature","geometry":{"type":"Point","coordinates":[-68.89610144451451,43.84227059614303]},"properties":{"objtype":"SEAARE","label":"sea area","name":"Matinicus Roads","name_lower":"matinicus roads","chart":"US4ME2BM"}},{"type":"Feature","geometry":{"type":"Point","coordinates":[-68.79316841303731,43.85799737293502]},"properties":{"objtype":"SEAARE","label":"sea area","name":"Frenchman Ledge","name_lower":"frenchman ledge","chart":"US4ME2BM"}},{"type":"Feature","geometry":{"type":"Point","coordinates":[-68.83318231606104,44.0207532679257]},"properties":{"objtype":"SEAARE","label":"sea area","name":"Arey Ledges","name_lower":"arey ledges","chart":"US4ME2BM"}},{"type":"Feature","geometry":{"type":"Point","coordinates":[-68.92763140384015,44.091938510533865]},"properties":{"objtype":"SEAARE","label":"sea area","name":"Dogfish Ledges","name_lower":"dogfish ledges","chart":"US4ME2BM"}},{"type":"Feature","geometry":{"type":"Point","coordinates":[-68.86570955611438,44.05029488615843]},"properties":{"objtype":"SEAARE","label":"sea area","name":"Old Harbor","name_lower":"old harbor","chart":"US4ME2BM"}},{"type":"Feature","geometry":{"type":"Point","coordinates":[-68.70448064674125,43.905390279269035]},"properties":{"objtype":"SEAARE","label":"sea area","name":"Three Fathom Ledge","name_lower":"three fathom ledge","chart":"US4ME2BM"}},{"type":"Feature","geometry":{"type":"Point","coordinates":[-68.88408289164816,43.86020298541014]},"properties":{"objtype":"SEAARE","label":"sea area","name":"Old Cove","name_lower":"old cove","chart":"US4ME2BM"}},{"type":"Feature","geometry":{"type":"Point","coordinates":[-68.83520809342585,44.047184718662415]},"properties":{"objtype":"SEAARE","label":"sea area","name":"Carvers Harbor","name_lower":"carvers harbor","chart":"US4ME2BM"}},{"type":"Feature","geometry":{"type":"Point","coordinates":[-68.86118782658141,43.86649215166831]},"properties":{"objtype":"SEAARE","label":"sea area","name":"Mackerel Ledge","name_lower":"mackerel ledge","chart":"US4ME2BM"}},{"type":"Feature","geometry":{"type":"Point","coordinates":[-68.8843973548562,44.049229644441795]},"properties":{"objtype":"SEAARE","label":"sea area","name":"Hurricane Sound","name_lower":"hurricane sound","chart":"US4ME2BM"}},{"type":"Feature","geometry":{"type":"Point","coordinates":[-68.93012031925373,44.00740104309071]},"properties":{"objtype":"SEAARE","label":"sea area","name":"Perry Ledge","name_lower":"perry ledge","chart":"US4ME2BM"}},{"type":"Feature","geometry":{"type":"Point","coordinates":[-68.88323101505377,43.866986225982764]},"properties":{"objtype":"LNDRGN","label":"coastal feature","name":"Matinicus","name_lower":"matinicus","chart":"US4ME2BM"}},{"type":"Feature","geometry":{"type":"Point","coordinates":[-68.6531063460401,44.011640208704996]},"properties":{"objtype":"LNDRGN","label":"coastal feature","name":"Western Head","name_lower":"western head","chart":"US4ME2BM"}},{"type":"Feature","geometry":{"type":"Point","coordinates":[-68.78770632568413,44.0892711369051]},"properties":{"objtype":"LNDRGN","label":"coastal feature","name":"Coombs Hill","name_lower":"coombs hill","chart":"US4ME2BM"}},{"type":"Feature","geometry":{"type":"Point","coordinates":[-68.90071142818881,43.868701128355625]},"properties":{"objtype":"LNDRGN","label":"coastal feature","name":"West Point","name_lower":"west point","chart":"US4ME2BM"}},{"type":"Feature","geometry":{"type":"Point","coordinates":[-68.88959321106844,44.09003716243256]},"properties":{"objtype":"LNDRGN","label":"coastal feature","name":"Conway Point","name_lower":"conway point","chart":"US4ME2BM"}},{"type":"Feature","geometry":{"type":"Point","coordinates":[-68.90693156154553,44.099359497630914]},"properties":{"objtype":"LNDRGN","label":"coastal feature","name":"Crockett Point","name_lower":"crockett point","chart":"US4ME2BM"}},{"type":"Feature","geometry":{"type":"Point","coordinates":[-68.65346201690767,44.048364081251286]},"properties":{"objtype":"LNDRGN","label":"coastal feature","name":"Moores Head","name_lower":"moores head","chart":"US4ME2BM"}},{"type":"Feature","geometry":{"type":"Point","coordinates":[-68.79133724100032,44.05592534590115]},"properties":{"objtype":"LNDRGN","label":"coastal feature","name":"Arey Neck","name_lower":"arey neck","chart":"US4ME2BM"}},{"type":"Feature","geometry":{"type":"Point","coordinates":[-68.777581584147,44.06423129399644]},"properties":{"objtype":"LNDRGN","label":"coastal feature","name":"Calderwood Point","name_lower":"calderwood point","chart":"US4ME2BM"}},{"type":"Feature","geometry":{"type":"Point","coordinates":[-68.65090078151594,44.06398501920415]},"properties":{"objtype":"LNDRGN","label":"coastal feature","name":"Robinson Point","name_lower":"robinson point","chart":"US4ME2BM"}},{"type":"Feature","geometry":{"type":"Point","coordinates":[-68.62456933953085,44.087662507074995]},"properties":{"objtype":"LNDRGN","label":"coastal feature","name":"Birch Point","name_lower":"birch point","chart":"US4ME2BM"}},{"type":"Feature","geometry":{"type":"Point","coordinates":[-68.61695589249732,44.017480984601555]},"properties":{"objtype":"LNDRGN","label":"coastal feature","name":"Eastern Head","name_lower":"eastern head","chart":"US4ME2BM"}},{"type":"Feature","geometry":{"type":"Point","coordinates":[-68.65813378391879,44.07066603047746]},"properties":{"objtype":"LNDRGN","label":"coastal feature","name":"Marsh Cove Head","name_lower":"marsh cove head","chart":"US4ME2BM"}},{"type":"Feature","geometry":{"type":"Point","coordinates":[-68.93945887216677,44.11311120331402]},"properties":{"objtype":"LNDRGN","label":"coastal feature","name":"Stand-in Point","name_lower":"stand-in point","chart":"US4ME2BM"}},{"type":"Feature","geometry":{"type":"Point","coordinates":[-68.87990505352191,43.83443578337695]},"properties":{"objtype":"LNDRGN","label":"coastal feature","name":"Wilson Head","name_lower":"wilson head","chart":"US4ME2BM"}},{"type":"Feature","geometry":{"type":"Point","coordinates":[-68.85394691093073,44.03065140283185]},"properties":{"objtype":"LNDRGN","label":"coastal feature","name":"Heron Neck","name_lower":"heron neck","chart":"US4ME2BM"}},{"type":"Feature","geometry":{"type":"Point","coordinates":[-68.66600172689833,44.075586170562914]},"properties":{"objtype":"LNDRGN","label":"coastal feature","name":"Kimball Head","name_lower":"kimball head","chart":"US4ME2BM"}},{"type":"Feature","geometry":{"type":"Point","coordinates":[-68.65690101948775,44.050537007313046]},"properties":{"objtype":"LNDRGN","label":"coastal feature","name":"Trial Point","name_lower":"trial point","chart":"US4ME2BM"}},{"type":"Feature","geometry":{"type":"Point","coordinates":[-68.8269864,44.1078841]},"properties":{"objtype":"LNDRGN","label":"coastal feature","name":"Calderwood Neck","name_lower":"calderwood neck","chart":"US4ME2BM"}},{"type":"Feature","geometry":{"type":"Point","coordinates":[-68.6317635,44.0718969]},"properties":{"objtype":"LNDRGN","label":"coastal feature","name":"Isle Au Haut","name_lower":"isle au haut","chart":"US4ME2BM"}},{"type":"Feature","geometry":{"type":"Point","coordinates":[-68.644194,44.0225177]},"properties":{"objtype":"LNDRGN","label":"coastal feature","name":"Duck Harbor Mountain","name_lower":"duck harbor mountain","chart":"US4ME2BM"}},{"type":"Feature","geometry":{"type":"Point","coordinates":[-68.7856765,44.0709121]},"properties":{"objtype":"LNDRGN","label":"coastal feature","name":"Barley Hill","name_lower":"barley hill","chart":"US4ME2BM"}},{"type":"Feature","geometry":{"type":"Point","coordinates":[-68.89993380313636,44.078179544086105]},"properties":{"objtype":"LNDARE","label":"island","name":"Leadbetter Island","name_lower":"leadbetter island","chart":"US4ME2BM"}},{"type":"Feature","geometry":{"type":"Point","coordinates":[-68.76155267449748,44.018264475555014]},"properties":{"objtype":"LNDARE","label":"island","name":"Diamond Rock","name_lower":"diamond rock","chart":"US4ME2BM"}},{"type":"Feature","geometry":{"type":"Point","coordinates":[-68.89962051086339,44.064833722561524]},"properties":{"objtype":"LNDARE","label":"island","name":"Lawrys Island","name_lower":"lawrys island","chart":"US4ME2BM"}},{"type":"Feature","geometry":{"type":"Point","coordinates":[-68.64754510111966,44.10555753382143]},"properties":{"objtype":"LNDARE","label":"island","name":"Merchant Island","name_lower":"merchant island","chart":"US4ME2BM"}},{"type":"Feature","geometry":{"type":"Point","coordinates":[-68.80831469497217,44.0869644937625]},"properties":{"objtype":"LNDARE","label":"island","name":"Hay Island","name_lower":"hay island","chart":"US4ME2BM"}},{"type":"Feature","geometry":{"type":"Point","coordinates":[-68.77396257675998,44.078312758551625]},"properties":{"objtype":"LNDARE","label":"island","name":"Stoddart Island","name_lower":"stoddart island","chart":"US4ME2BM"}},{"type":"Feature","geometry":{"type":"Point","coordinates":[-68.87471603659455,44.067441454666024]},"properties":{"objtype":"LNDARE","label":"island","name":"Barton Island","name_lower":"barton island","chart":"US4ME2BM"}},{"type":"Feature","geometry":{"type":"Point","coordinates":[-68.85408301194512,43.78507798797614]},"properties":{"objtype":"LNDARE","label":"island","name":"Matinicus Rock","name_lower":"matinicus rock","chart":"US4ME2BM"}},{"type":"Feature","geometry":{"type":"Point","coordinates":[-68.65256803598076,44.07511833070798]},"properties":{"objtype":"LNDARE","label":"island","name":"Kimball Island","name_lower":"kimball island","chart":"US4ME2BM"}},{"type":"Feature","geometry":{"type":"Point","coordinates":[-68.77103788433503,44.07106444922199]},"properties":{"objtype":"LNDARE","label":"island","name":"Smith Island","name_lower":"smith island","chart":"US4ME2BM"}},{"type":"Feature","geometry":{"type":"Point","coordinates":[-68.88525788336293,43.847015068797084]},"properties":{"objtype":"LNDARE","label":"island","name":"Tenpound Island","name_lower":"tenpound island","chart":"US4ME2BM"}},{"type":"Feature","geometry":{"type":"Point","coordinates":[-68.77054794813026,44.01234521481572]},"properties":{"objtype":"LNDARE","label":"island","name":"Brimstone Island","name_lower":"brimstone island","chart":"US4ME2BM"}},{"type":"Feature","geometry":{"type":"Point","coordinates":[-68.89764455199696,44.05676438097693]},"properties":{"objtype":"LNDARE","label":"island","name":"Crane Island","name_lower":"crane island","chart":"US4ME2BM"}},{"type":"Feature","geometry":{"type":"Point","coordinates":[-68.88850790126682,43.829479255336345]},"properties":{"objtype":"LNDARE","label":"island","name":"Ragged Island","name_lower":"ragged island","chart":"US4ME2BM"}},{"type":"Feature","geometry":{"type":"Point","coordinates":[-68.79710084113331,44.04749472742892]},"properties":{"objtype":"LNDARE","label":"island","name":"Narrows Island","name_lower":"narrows island","chart":"US4ME2BM"}},{"type":"Feature","geometry":{"type":"Point","coordinates":[-68.9015783954869,44.03353642221791]},"properties":{"objtype":"LNDARE","label":"island","name":"Little Hurricane Island","name_lower":"little hurricane island","chart":"US4ME2BM"}},{"type":"Feature","geometry":{"type":"Point","coordinates":[-68.89394247338392,43.86169361280842]},"properties":{"objtype":"LNDARE","label":"island","name":"Matinicus Island","name_lower":"matinicus island","chart":"US4ME2BM"}},{"type":"Feature","geometry":{"type":"Point","coordinates":[-68.62815697447466,44.10716441254287]},"properties":{"objtype":"LNDARE","label":"island","name":"Bills Island","name_lower":"bills island","chart":"US4ME2BM"}},{"type":"Feature","geometry":{"type":"Point","coordinates":[-68.66449119672778,44.11331220014633]},"properties":{"objtype":"LNDARE","label":"island","name":"Ewe Island","name_lower":"ewe island","chart":"US4ME2BM"}},{"type":"Feature","geometry":{"type":"Point","coordinates":[-68.79791586242318,44.023865341596085]},"properties":{"objtype":"LNDARE","label":"island","name":"Carvers Island","name_lower":"carvers island","chart":"US4ME2BM"}},{"type":"Feature","geometry":{"type":"Point","coordinates":[-68.8768766296366,44.060045516751345]},"properties":{"objtype":"LNDARE","label":"island","name":"Dyer Island","name_lower":"dyer island","chart":"US4ME2BM"}},{"type":"Feature","geometry":{"type":"Point","coordinates":[-68.81665462726131,44.090742514782455]},"properties":{"objtype":"LNDARE","label":"island","name":"Penobscot Island","name_lower":"penobscot island","chart":"US4ME2BM"}},{"type":"Feature","geometry":{"type":"Point","coordinates":[-68.69480586692454,44.11668895151158]},"properties":{"objtype":"LNDARE","label":"island","name":"Sparrow Island","name_lower":"sparrow island","chart":"US4ME2BM"}},{"type":"Feature","geometry":{"type":"Point","coordinates":[-68.79612204827346,44.10024319398827]},"properties":{"objtype":"LNDARE","label":"island","name":"Bluff Head","name_lower":"bluff head","chart":"US4ME2BM"}},{"type":"Feature","geometry":{"type":"Point","coordinates":[-68.86321955327973,44.03609121799062]},"properties":{"objtype":"LNDARE","label":"island","name":"Greens Island","name_lower":"greens island","chart":"US4ME2BM"}},{"type":"Feature","geometry":{"type":"Point","coordinates":[-68.91266218878847,44.08745281259668]},"properties":{"objtype":"LNDARE","label":"island","name":"Dogfish Island","name_lower":"dogfish island","chart":"US4ME2BM"}},{"type":"Feature","geometry":{"type":"Point","coordinates":[-68.89460050871942,44.0630367899589]},"properties":{"objtype":"LNDARE","label":"island","name":"Cedar Island","name_lower":"cedar island","chart":"US4ME2BM"}},{"type":"Feature","geometry":{"type":"Point","coordinates":[-68.8180193335051,43.85471274705202]},"properties":{"objtype":"LNDARE","label":"island","name":"Wooden Ball Island","name_lower":"wooden ball island","chart":"US4ME2BM"}},{"type":"Feature","geometry":{"type":"Point","coordinates":[-68.8706094302908,43.884238482592465]},"properties":{"objtype":"LNDARE","label":"island","name":"No Mans Land","name_lower":"no mans land","chart":"US4ME2BM"}},{"type":"Feature","geometry":{"type":"Point","coordinates":[-68.83326371410404,44.037888100515175]},"properties":{"objtype":"LNDARE","label":"island","name":"Lane Island","name_lower":"lane island","chart":"US4ME2BM"}},{"type":"Feature","geometry":{"type":"Point","coordinates":[-68.6258592057431,44.10000028797419]},"properties":{"objtype":"LNDARE","label":"island","name":"Pell Island","name_lower":"pell island","chart":"US4ME2BM"}},{"type":"Feature","geometry":{"type":"Point","coordinates":[-68.9313085915465,44.062972610653446]},"properties":{"objtype":"LNDARE","label":"island","name":"Medric Rock","name_lower":"medric rock","chart":"US4ME2BM"}},{"type":"Feature","geometry":{"type":"Point","coordinates":[-68.66611104428632,44.10879229166884]},"properties":{"objtype":"LNDARE","label":"island","name":"Hardwood Island","name_lower":"hardwood island","chart":"US4ME2BM"}},{"type":"Feature","geometry":{"type":"Point","coordinates":[-68.65486043068454,44.004725586397875]},"properties":{"objtype":"LNDARE","label":"island","name":"Western Ear","name_lower":"western ear","chart":"US4ME2BM"}},{"type":"Feature","geometry":{"type":"Point","coordinates":[-68.8764529,43.8426764]},"properties":{"objtype":"LNDARE","label":"island","name":"The Hogshead","name_lower":"the hogshead","chart":"US4ME2BM"}},{"type":"Feature","geometry":{"type":"Point","coordinates":[-68.8039422,44.0039425]},"properties":{"objtype":"LNDARE","label":"island","name":"Yellow Rock","name_lower":"yellow rock","chart":"US4ME2BM"}},{"type":"Feature","geometry":{"type":"Point","coordinates":[-68.7266167,44.1218042]},"properties":{"objtype":"LNDARE","label":"island","name":"The Brown Cow","name_lower":"the brown cow","chart":"US4ME2BM"}},{"type":"Feature","geometry":{"type":"Point","coordinates":[-68.8970574,43.8475135]},"properties":{"objtype":"LNDARE","label":"island","name":"Cato Ledge","name_lower":"cato ledge","chart":"US4ME2BM"}},{"type":"Feature","geometry":{"type":"Point","coordinates":[-68.8212496,44.0508472]},"properties":{"objtype":"BUAARE","label":"town","name":"Vinalhaven","name_lower":"vinalhaven","chart":"US4ME2BM"}},{"type":"Feature","geometry":{"type":"Point","coordinates":[-68.8830695,43.835451]},"properties":{"objtype":"BUAARE","label":"town","name":"Criehaven","name_lower":"criehaven","chart":"US4ME2BM"}},{"type":"Feature","geometry":{"type":"Point","coordinates":[-68.55398257368866,44.04880313717519]},"properties":{"objtype":"SEAARE","label":"sea area","name":"Great Spoon Ledge","name_lower":"great spoon ledge","chart":"US4ME30M"}},{"type":"Feature","geometry":{"type":"Point","coordinates":[-68.52653634370125,43.969291047684194]},"properties":{"objtype":"SEAARE","label":"sea area","name":"Grumpy Ledge","name_lower":"grumpy ledge","chart":"US4ME30M"}},{"type":"Feature","geometry":{"type":"Point","coordinates":[-68.51350924776794,44.21532429373376]},"properties":{"objtype":"SEAARE","label":"sea area","name":"Mahoney Ledge","name_lower":"mahoney ledge","chart":"US4ME30M"}},{"type":"Feature","geometry":{"type":"Point","coordinates":[-68.4946482697535,44.09296043385748]},"properties":{"objtype":"SEAARE","label":"sea area","name":"Cod Ledge","name_lower":"cod ledge","chart":"US4ME30M"}},{"type":"Feature","geometry":{"type":"Point","coordinates":[-68.49577042643129,44.28567721123305]},"properties":{"objtype":"SEAARE","label":"sea area","name":"Cow and Calf Ledge","name_lower":"cow and calf ledge","chart":"US4ME30M"}},{"type":"Feature","geometry":{"type":"Point","coordinates":[-68.4393080775831,44.474000148876165]},"properties":{"objtype":"SEAARE","label":"sea area","name":"Tupper Ledge","name_lower":"tupper ledge","chart":"US4ME30M"}},{"type":"Feature","geometry":{"type":"Point","coordinates":[-68.48023391390578,44.24022562608949]},"properties":{"objtype":"SEAARE","label":"sea area","name":"Pond Island Passage","name_lower":"pond island passage","chart":"US4ME30M"}},{"type":"Feature","geometry":{"type":"Point","coordinates":[-68.4604317931198,44.15760081276503]},"properties":{"objtype":"SEAARE","label":"sea area","name":"Toothacher Cove","name_lower":"toothacher cove","chart":"US4ME30M"}},{"type":"Feature","geometry":{"type":"Point","coordinates":[-68.45635864265583,44.190986587709396]},"properties":{"objtype":"SEAARE","label":"sea area","name":"Casco Passage","name_lower":"casco passage","chart":"US4ME30M"}},{"type":"Feature","geometry":{"type":"Point","coordinates":[-68.59270929395933,44.12210430680556]},"properties":{"objtype":"SEAARE","label":"sea area","name":"Colby Ledge","name_lower":"colby ledge","chart":"US4ME30M"}},{"type":"Feature","geometry":{"type":"Point","coordinates":[-68.59242821524448,44.115099862765085]},"properties":{"objtype":"SEAARE","label":"sea area","name":"Colby Pup","name_lower":"colby pup","chart":"US4ME30M"}},{"type":"Feature","geometry":{"type":"Point","coordinates":[-68.55095697556396,44.1749447371385]},"properties":{"objtype":"SEAARE","label":"sea area","name":"Potato Ledge","name_lower":"potato ledge","chart":"US4ME30M"}},{"type":"Feature","geometry":{"type":"Point","coordinates":[-68.553686118165,44.067224046297184]},"properties":{"objtype":"SEAARE","label":"sea area","name":"Torrey Ledge","name_lower":"torrey ledge","chart":"US4ME30M"}},{"type":"Feature","geometry":{"type":"Point","coordinates":[-68.53195894050435,44.20966076223596]},"properties":{"objtype":"SEAARE","label":"sea area","name":"Hay Island Ledge","name_lower":"hay island ledge","chart":"US4ME30M"}},{"type":"Feature","geometry":{"type":"Point","coordinates":[-68.48459607383153,44.431182940448]},"properties":{"objtype":"SEAARE","label":"sea area","name":"Morgan Bay","name_lower":"morgan bay","chart":"US4ME30M"}},{"type":"Feature","geometry":{"type":"Point","coordinates":[-68.43782175254952,44.114195244222145]},"properties":{"objtype":"SEAARE","label":"sea area","name":"Sally Prude Ledge","name_lower":"sally prude ledge","chart":"US4ME30M"}},{"type":"Feature","geometry":{"type":"Point","coordinates":[-68.54317544654575,44.29324485937713]},"properties":{"objtype":"SEAARE","label":"sea area","name":"Allen Cove","name_lower":"allen cove","chart":"US4ME30M"}},{"type":"Feature","geometry":{"type":"Point","coordinates":[-68.52421715915449,44.158069123230874]},"properties":{"objtype":"SEAARE","label":"sea area","name":"The Woodbury","name_lower":"the woodbury","chart":"US4ME30M"}},{"type":"Feature","geometry":{"type":"Point","coordinates":[-68.51553925669688,44.09922281804373]},"properties":{"objtype":"SEAARE","label":"sea area","name":"Boxam Ledge","name_lower":"boxam ledge","chart":"US4ME30M"}},{"type":"Feature","geometry":{"type":"Point","coordinates":[-68.50596472477636,44.08736590140621]},"properties":{"objtype":"SEAARE","label":"sea area","name":"Jobs Ledge","name_lower":"jobs ledge","chart":"US4ME30M"}},{"type":"Feature","geometry":{"type":"Point","coordinates":[-68.4827747819839,44.491487334562294]},"properties":{"objtype":"SEAARE","label":"sea area","name":"Patten Bay","name_lower":"patten bay","chart":"US4ME30M"}},{"type":"Feature","geometry":{"type":"Point","coordinates":[-68.41636406523378,44.35143677046663]},"properties":{"objtype":"SEAARE","label":"sea area","name":"Bartlett Narrows","name_lower":"bartlett narrows","chart":"US4ME30M"}},{"type":"Feature","geometry":{"type":"Point","coordinates":[-68.6091819153265,44.09846185332472]},"properties":{"objtype":"SEAARE","label":"sea area","name":"Burnt Ledge","name_lower":"burnt ledge","chart":"US4ME30M"}},{"type":"Feature","geometry":{"type":"Point","coordinates":[-68.57570974064294,44.08607458832895]},"properties":{"objtype":"SEAARE","label":"sea area","name":"Airy Ledge","name_lower":"airy ledge","chart":"US4ME30M"}},{"type":"Feature","geometry":{"type":"Point","coordinates":[-68.54218737570017,44.262714207814376]},"properties":{"objtype":"SEAARE","label":"sea area","name":"Herrick Bay","name_lower":"herrick bay","chart":"US4ME30M"}},{"type":"Feature","geometry":{"type":"Point","coordinates":[-68.43083697167013,44.45723381663174]},"properties":{"objtype":"SEAARE","label":"sea area","name":"Smiths Ledge","name_lower":"smiths ledge","chart":"US4ME30M"}},{"type":"Feature","geometry":{"type":"Point","coordinates":[-68.4421542631742,44.239122331544394]},"properties":{"objtype":"SEAARE","label":"sea area","name":"Ship and Barges Ledge","name_lower":"ship and barges ledge","chart":"US4ME30M"}},{"type":"Feature","geometry":{"type":"Point","coordinates":[-68.43675816470282,44.175758002921675]},"properties":{"objtype":"SEAARE","label":"sea area","name":"Mackerel Cove","name_lower":"mackerel cove","chart":"US4ME30M"}},{"type":"Feature","geometry":{"type":"Point","coordinates":[-68.59395223349763,44.04298850995932]},"properties":{"objtype":"SEAARE","label":"sea area","name":"Horseman Ledge","name_lower":"horseman ledge","chart":"US4ME30M"}},{"type":"Feature","geometry":{"type":"Point","coordinates":[-68.55725872150622,44.39420777627443]},"properties":{"objtype":"SEAARE","label":"sea area","name":"Blue Hill Harbor","name_lower":"blue hill harbor","chart":"US4ME30M"}},{"type":"Feature","geometry":{"type":"Point","coordinates":[-68.50668663639368,44.164704708738356]},"properties":{"objtype":"SEAARE","label":"sea area","name":"Hanus Ledge","name_lower":"hanus ledge","chart":"US4ME30M"}},{"type":"Feature","geometry":{"type":"Point","coordinates":[-68.47147440839831,44.187156035469414]},"properties":{"objtype":"SEAARE","label":"sea area","name":"York Narrows","name_lower":"york narrows","chart":"US4ME30M"}},{"type":"Feature","geometry":{"type":"Point","coordinates":[-68.47973027590997,44.136836849954896]},"properties":{"objtype":"SEAARE","label":"sea area","name":"Toothacher bay","name_lower":"toothacher bay","chart":"US4ME30M"}},{"type":"Feature","geometry":{"type":"Point","coordinates":[-68.59607197633295,44.003734350397345]},"properties":{"objtype":"SEAARE","label":"sea area","name":"Eastern Ear Ledge","name_lower":"eastern ear ledge","chart":"US4ME30M"}},{"type":"Feature","geometry":{"type":"Point","coordinates":[-68.55252571658669,44.153851354282004]},"properties":{"objtype":"SEAARE","label":"sea area","name":"Whaleback Ledge","name_lower":"whaleback ledge","chart":"US4ME30M"}},{"type":"Feature","geometry":{"type":"Point","coordinates":[-68.53980060370877,44.22823909511957]},"properties":{"objtype":"SEAARE","label":"sea area","name":"Naskeag Harbor","name_lower":"naskeag harbor","chart":"US4ME30M"}},{"type":"Feature","geometry":{"type":"Point","coordinates":[-68.42611056560435,44.52216912102132]},"properties":{"objtype":"SEAARE","label":"sea area","name":"Union River","name_lower":"union river","chart":"US4ME30M"}},{"type":"Feature","geometry":{"type":"Point","coordinates":[-68.5317514441341,44.29990175043317]},"properties":{"objtype":"SEAARE","label":"sea area","name":"Harriman Ledge","name_lower":"harriman ledge","chart":"US4ME30M"}},{"type":"Feature","geometry":{"type":"Point","coordinates":[-68.52700051319563,44.17602023185234]},"properties":{"objtype":"SEAARE","label":"sea area","name":"Jericho Bay","name_lower":"jericho bay","chart":"US4ME30M"}},{"type":"Feature","geometry":{"type":"Point","coordinates":[-68.44535004311568,44.1474894326225]},"properties":{"objtype":"SEAARE","label":"sea area","name":"Burnt Coat Harbor","name_lower":"burnt coat harbor","chart":"US4ME30M"}},{"type":"Feature","geometry":{"type":"Point","coordinates":[-68.44759938930534,44.446698900285334]},"properties":{"objtype":"SEAARE","label":"sea area","name":"Union River Bay","name_lower":"union river bay","chart":"US4ME30M"}},{"type":"Feature","geometry":{"type":"Point","coordinates":[-68.4120124083062,44.100211783539244]},"properties":{"objtype":"SEAARE","label":"sea area","name":"Johns Island Ledges","name_lower":"johns island ledges","chart":"US4ME30M"}},{"type":"Feature","geometry":{"type":"Point","coordinates":[-68.40079792250549,44.186923151664196]},"properties":{"objtype":"SEAARE","label":"sea area","name":"Staple Ledge","name_lower":"staple ledge","chart":"US4ME30M"}},{"type":"Feature","geometry":{"type":"Point","coordinates":[-68.40017917307598,44.252636423500796]},"properties":{"objtype":"SEAARE","label":"sea area","name":"Goose Cove","name_lower":"goose cove","chart":"US4ME30M"}},{"type":"Feature","geometry":{"type":"Point","coordinates":[-68.40172456321771,44.09485993409264]},"properties":{"objtype":"SEAARE","label":"sea area","name":"Southwest Approach","name_lower":"southwest approach","chart":"US4ME30M"}},{"type":"Feature","geometry":{"type":"Point","coordinates":[-68.41092845664913,44.33686082176738]},"properties":{"objtype":"SEAARE","label":"sea area","name":"Pretty Marsh Harbor","name_lower":"pretty marsh harbor","chart":"US4ME30M"}},{"type":"Feature","geometry":{"type":"Point","coordinates":[-68.42464744093091,44.2491291157506]},"properties":{"objtype":"SEAARE","label":"sea area","name":"Eastern Passage","name_lower":"eastern passage","chart":"US4ME30M"}},{"type":"Feature","geometry":{"type":"Point","coordinates":[-68.41051669112895,44.38968347066792]},"properties":{"objtype":"SEAARE","label":"sea area","name":"Western Bay","name_lower":"western bay","chart":"US4ME30M"}},{"type":"Feature","geometry":{"type":"Point","coordinates":[-68.47845835366729,44.30356416665016]},"properties":{"objtype":"SEAARE","label":"sea area","name":"Blue Hill Bay","name_lower":"blue hill bay","chart":"US4ME30M"}},{"type":"Feature","geometry":{"type":"Point","coordinates":[-68.60275085749363,44.08585052800595]},"properties":{"objtype":"LNDRGN","label":"coastal feature","name":"Richs Point","name_lower":"richs point","chart":"US4ME30M"}},{"type":"Feature","geometry":{"type":"Point","coordinates":[-68.40268102100629,44.2569613208674]},"properties":{"objtype":"LNDRGN","label":"coastal feature","name":"Dix Point","name_lower":"dix point","chart":"US4ME30M"}},{"type":"Feature","geometry":{"type":"Point","coordinates":[-68.42195650021637,44.39915664648269]},"properties":{"objtype":"LNDRGN","label":"coastal feature","name":"Oak Point","name_lower":"oak point","chart":"US4ME30M"}},{"type":"Feature","geometry":{"type":"Point","coordinates":[-68.42191520596234,44.28634946460114]},"properties":{"objtype":"LNDRGN","label":"coastal feature","name":"Reed Point","name_lower":"reed point","chart":"US4ME30M"}},{"type":"Feature","geometry":{"type":"Point","coordinates":[-68.42342642091103,44.18875824098741]},"properties":{"objtype":"LNDRGN","label":"coastal feature","name":"North Point","name_lower":"north point","chart":"US4ME30M"}},{"type":"Feature","geometry":{"type":"Point","coordinates":[-68.47018057805228,44.407753485204466]},"properties":{"objtype":"LNDRGN","label":"coastal feature","name":"Newbury Neck","name_lower":"newbury neck","chart":"US4ME30M"}},{"type":"Feature","geometry":{"type":"Point","coordinates":[-68.50323410917521,44.41259629879206]},"properties":{"objtype":"LNDRGN","label":"coastal feature","name":"Conary Point","name_lower":"conary point","chart":"US4ME30M"}},{"type":"Feature","geometry":{"type":"Point","coordinates":[-68.53183687917554,44.3301771122634]},"properties":{"objtype":"LNDRGN","label":"coastal feature","name":"Jims Point","name_lower":"jims point","chart":"US4ME30M"}},{"type":"Feature","geometry":{"type":"Point","coordinates":[-68.46788970763825,44.37807155381448]},"properties":{"objtype":"LNDRGN","label":"coastal feature","name":"Burnt Point","name_lower":"burnt point","chart":"US4ME30M"}},{"type":"Feature","geometry":{"type":"Point","coordinates":[-68.53395363434052,44.295211385221926]},"properties":{"objtype":"LNDRGN","label":"coastal feature","name":"Harriman Point","name_lower":"harriman point","chart":"US4ME30M"}},{"type":"Feature","geometry":{"type":"Point","coordinates":[-68.52072621876731,44.26142560233023]},"properties":{"objtype":"LNDRGN","label":"coastal feature","name":"Flye Point","name_lower":"flye point","chart":"US4ME30M"}},{"type":"Feature","geometry":{"type":"Point","coordinates":[-68.43935031494028,44.48405911595429]},"properties":{"objtype":"LNDRGN","label":"coastal feature","name":"Weymouth Point","name_lower":"weymouth point","chart":"US4ME30M"}},{"type":"Feature","geometry":{"type":"Point","coordinates":[-68.45268880502076,44.142516835814256]},"properties":{"objtype":"LNDRGN","label":"coastal feature","name":"Swans Island","name_lower":"swans island","chart":"US4ME30M"}},{"type":"Feature","geometry":{"type":"Point","coordinates":[-68.48628484868091,44.14516028240762]},"properties":{"objtype":"LNDRGN","label":"coastal feature","name":"Irish Point","name_lower":"irish point","chart":"US4ME30M"}},{"type":"Feature","geometry":{"type":"Point","coordinates":[-68.45811840762705,44.41337749635374]},"properties":{"objtype":"LNDRGN","label":"coastal feature","name":"Hopkins Point","name_lower":"hopkins point","chart":"US4ME30M"}},{"type":"Feature","geometry":{"type":"Point","coordinates":[-68.46063764114527,44.38521994427733]},"properties":{"objtype":"LNDRGN","label":"coastal feature","name":"High Head","name_lower":"high head","chart":"US4ME30M"}},{"type":"Feature","geometry":{"type":"Point","coordinates":[-68.55824817764935,44.35582312660203]},"properties":{"objtype":"LNDRGN","label":"coastal feature","name":"Blue Hill Neck","name_lower":"blue hill neck","chart":"US4ME30M"}},{"type":"Feature","geometry":{"type":"Point","coordinates":[-68.56700395789294,44.4020913157]},"properties":{"objtype":"LNDRGN","label":"coastal feature","name":"Parker Point","name_lower":"parker point","chart":"US4ME30M"}},{"type":"Feature","geometry":{"type":"Point","coordinates":[-68.58219929953528,44.19815904067961]},"properties":{"objtype":"LNDRGN","label":"coastal feature","name":"Stinson Neck","name_lower":"stinson neck","chart":"US4ME30M"}},{"type":"Feature","geometry":{"type":"Point","coordinates":[-68.48848874426501,44.168002047004656]},"properties":{"objtype":"LNDRGN","label":"coastal feature","name":"Swans Island Head","name_lower":"swans island head","chart":"US4ME30M"}},{"type":"Feature","geometry":{"type":"Point","coordinates":[-68.5307017407886,44.3990090929594]},"properties":{"objtype":"LNDRGN","label":"coastal feature","name":"Woods Point","name_lower":"woods point","chart":"US4ME30M"}},{"type":"Feature","geometry":{"type":"Point","coordinates":[-68.54579405837968,44.35554758981243]},"properties":{"objtype":"LNDRGN","label":"coastal feature","name":"Sand Point","name_lower":"sand point","chart":"US4ME30M"}},{"type":"Feature","geometry":{"type":"Point","coordinates":[-68.52555630516798,44.22910089574039]},"properties":{"objtype":"LNDRGN","label":"coastal feature","name":"Naskeag Point","name_lower":"naskeag point","chart":"US4ME30M"}},{"type":"Feature","geometry":{"type":"Point","coordinates":[-68.54577760085714,44.22213898256002]},"properties":{"objtype":"LNDRGN","label":"coastal feature","name":"Devils Head","name_lower":"devils head","chart":"US4ME30M"}},{"type":"Feature","geometry":{"type":"Point","coordinates":[-68.41820200471868,44.27402272954968]},"properties":{"objtype":"LNDRGN","label":"coastal feature","name":"Dodge Point","name_lower":"dodge point","chart":"US4ME30M"}},{"type":"Feature","geometry":{"type":"Point","coordinates":[-68.4057847683954,44.269692800104266]},"properties":{"objtype":"LNDARE","label":"island","name":"Mount Desert Island","name_lower":"mount desert island","chart":"US4ME30M"}},{"type":"Feature","geometry":{"type":"Point","coordinates":[-68.40104508718801,44.38201180095975]},"properties":{"objtype":"LNDARE","label":"island","name":"Black Island","name_lower":"black island","chart":"US4ME30M"}},{"type":"Feature","geometry":{"type":"Point","coordinates":[-68.56836666202163,44.03099003774164]},"properties":{"objtype":"LNDARE","label":"island","name":"White Horse","name_lower":"white horse","chart":"US4ME30M"}},{"type":"Feature","geometry":{"type":"Point","coordinates":[-68.57231509024074,44.12022216819511]},"properties":{"objtype":"LNDARE","label":"island","name":"Southern Mark Island","name_lower":"southern mark island","chart":"US4ME30M"}},{"type":"Feature","geometry":{"type":"Point","coordinates":[-68.58264489125938,44.059487649385694]},"properties":{"objtype":"LNDARE","label":"island","name":"The Cow Pen","name_lower":"the cow pen","chart":"US4ME30M"}},{"type":"Feature","geometry":{"type":"Point","coordinates":[-68.44075582875857,44.23416271047046]},"properties":{"objtype":"LNDARE","label":"island","name":"Ship Island","name_lower":"ship island","chart":"US4ME30M"}},{"type":"Feature","geometry":{"type":"Point","coordinates":[-68.50786812885578,44.25404584134721]},"properties":{"objtype":"LNDARE","label":"island","name":"Flye Island","name_lower":"flye island","chart":"US4ME30M"}},{"type":"Feature","geometry":{"type":"Point","coordinates":[-68.51202689445945,44.21734720954301]},"properties":{"objtype":"LNDARE","label":"island","name":"Mahoney Island","name_lower":"mahoney island","chart":"US4ME30M"}},{"type":"Feature","geometry":{"type":"Point","coordinates":[-68.56203603557867,44.23695205012344]},"properties":{"objtype":"LNDARE","label":"island","name":"Babson Island","name_lower":"babson island","chart":"US4ME30M"}},{"type":"Feature","geometry":{"type":"Point","coordinates":[-68.50170437637206,44.14330755283549]},"properties":{"objtype":"LNDARE","label":"island","name":"Hat Island","name_lower":"hat island","chart":"US4ME30M"}},{"type":"Feature","geometry":{"type":"Point","coordinates":[-68.52172291924319,44.22125189290784]},"properties":{"objtype":"LNDARE","label":"island","name":"Smuttynose Island","name_lower":"smuttynose island","chart":"US4ME30M"}},{"type":"Feature","geometry":{"type":"Point","coordinates":[-68.55698587382078,44.04273831516512]},"properties":{"objtype":"LNDARE","label":"island","name":"Great Spoon Island","name_lower":"great spoon island","chart":"US4ME30M"}},{"type":"Feature","geometry":{"type":"Point","coordinates":[-68.56636107554459,44.21492203706708]},"properties":{"objtype":"LNDARE","label":"island","name":"White Island","name_lower":"white island","chart":"US4ME30M"}},{"type":"Feature","geometry":{"type":"Point","coordinates":[-68.44070588094806,44.231330425473814]},"properties":{"objtype":"LNDARE","label":"island","name":"East Barge","name_lower":"east barge","chart":"US4ME30M"}},{"type":"Feature","geometry":{"type":"Point","coordinates":[-68.51952552774473,44.12167783284408]},"properties":{"objtype":"LNDARE","label":"island","name":"Three Bush Island","name_lower":"three bush island","chart":"US4ME30M"}},{"type":"Feature","geometry":{"type":"Point","coordinates":[-68.51993458111863,44.400506392250655]},"properties":{"objtype":"LNDARE","label":"island","name":"Darling Island","name_lower":"darling island","chart":"US4ME30M"}},{"type":"Feature","geometry":{"type":"Point","coordinates":[-68.53854232118036,44.112492736543146]},"properties":{"objtype":"LNDARE","label":"island","name":"Saddleback","name_lower":"saddleback","chart":"US4ME30M"}},{"type":"Feature","geometry":{"type":"Point","coordinates":[-68.58341669204546,44.229293854766546]},"properties":{"objtype":"LNDARE","label":"island","name":"Conary Island","name_lower":"conary island","chart":"US4ME30M"}},{"type":"Feature","geometry":{"type":"Point","coordinates":[-68.58365065292045,44.146459997717415]},"properties":{"objtype":"LNDARE","label":"island","name":"Saddleback Island","name_lower":"saddleback island","chart":"US4ME30M"}},{"type":"Feature","geometry":{"type":"Point","coordinates":[-68.59651269839968,44.14475823292781]},"properties":{"objtype":"LNDARE","label":"island","name":"Millet Island","name_lower":"millet island","chart":"US4ME30M"}},{"type":"Feature","geometry":{"type":"Point","coordinates":[-68.44235435589974,44.242365446378614]},"properties":{"objtype":"LNDARE","label":"island","name":"Trumpet Island","name_lower":"trumpet island","chart":"US4ME30M"}},{"type":"Feature","geometry":{"type":"Point","coordinates":[-68.50676743229803,44.34642086417252]},"properties":{"objtype":"LNDARE","label":"island","name":"Long Island","name_lower":"long island","chart":"US4ME30M"}},{"type":"Feature","geometry":{"type":"Point","coordinates":[-68.50606007136011,44.11378312636171]},"properties":{"objtype":"LNDARE","label":"island","name":"Marshall Island","name_lower":"marshall island","chart":"US4ME30M"}},{"type":"Feature","geometry":{"type":"Point","coordinates":[-68.5717306649505,44.03875649778367]},"properties":{"objtype":"LNDARE","label":"island","name":"Little Spoon Island","name_lower":"little spoon island","chart":"US4ME30M"}},{"type":"Feature","geometry":{"type":"Point","coordinates":[-68.5787215625214,44.13228688567465]},"properties":{"objtype":"LNDARE","label":"island","name":"Southern Mark Island Ledge","name_lower":"southern mark island ledge","chart":"US4ME30M"}},{"type":"Feature","geometry":{"type":"Point","coordinates":[-68.60530579923815,44.01364711054748]},"properties":{"objtype":"LNDARE","label":"island","name":"Eastern Ear","name_lower":"eastern ear","chart":"US4ME30M"}},{"type":"Feature","geometry":{"type":"Point","coordinates":[-68.60716257301588,44.12030249153463]},"properties":{"objtype":"LNDARE","label":"island","name":"Gooseberry Island","name_lower":"gooseberry island","chart":"US4ME30M"}},{"type":"Feature","geometry":{"type":"Point","coordinates":[-68.61383288483363,44.12541902252036]},"properties":{"objtype":"LNDARE","label":"island","name":"Mc Glathery Island","name_lower":"mc glathery island","chart":"US4ME30M"}},{"type":"Feature","geometry":{"type":"Point","coordinates":[-68.48080858568252,44.27269812408339]},"properties":{"objtype":"LNDARE","label":"island","name":"Tinker Island","name_lower":"tinker island","chart":"US4ME30M"}},{"type":"Feature","geometry":{"type":"Point","coordinates":[-68.49224444484382,44.12255004440596]},"properties":{"objtype":"LNDARE","label":"island","name":"Ringtown Island","name_lower":"ringtown island","chart":"US4ME30M"}},{"type":"Feature","geometry":{"type":"Point","coordinates":[-68.58146017867773,44.15764698361536]},"properties":{"objtype":"LNDARE","label":"island","name":"Shingle Island","name_lower":"shingle island","chart":"US4ME30M"}},{"type":"Feature","geometry":{"type":"Point","coordinates":[-68.59407535752405,44.13505660266277]},"properties":{"objtype":"LNDARE","label":"island","name":"Gunning Rock","name_lower":"gunning rock","chart":"US4ME30M"}},{"type":"Feature","geometry":{"type":"Point","coordinates":[-68.47969691446724,44.20809535320186]},"properties":{"objtype":"LNDARE","label":"island","name":"Opechee Island","name_lower":"opechee island","chart":"US4ME30M"}},{"type":"Feature","geometry":{"type":"Point","coordinates":[-68.40508039644538,44.109820325189254]},"properties":{"objtype":"LNDARE","label":"island","name":"Johns Island","name_lower":"johns island","chart":"US4ME30M"}},{"type":"Feature","geometry":{"type":"Point","coordinates":[-68.4361304526773,44.349478141012916]},"properties":{"objtype":"LNDARE","label":"island","name":"Bartlett Island","name_lower":"bartlett island","chart":"US4ME30M"}},{"type":"Feature","geometry":{"type":"Point","coordinates":[-68.42520437146673,44.32521046220439]},"properties":{"objtype":"LNDARE","label":"island","name":"Folly Island","name_lower":"folly island","chart":"US4ME30M"}},{"type":"Feature","geometry":{"type":"Point","coordinates":[-68.47380107196749,44.100652166792415]},"properties":{"objtype":"LNDARE","label":"island","name":"Heron Island","name_lower":"heron island","chart":"US4ME30M"}},{"type":"Feature","geometry":{"type":"Point","coordinates":[-68.49371806043388,44.3117709018494]},"properties":{"objtype":"LNDARE","label":"island","name":"Long Island Hub","name_lower":"long island hub","chart":"US4ME30M"}},{"type":"Feature","geometry":{"type":"Point","coordinates":[-68.55863493363013,44.16667473589879]},"properties":{"objtype":"LNDARE","label":"island","name":"Shabby Island","name_lower":"shabby island","chart":"US4ME30M"}},{"type":"Feature","geometry":{"type":"Point","coordinates":[-68.57494802319441,44.09874310662177]},"properties":{"objtype":"LNDARE","label":"island","name":"Fog Island","name_lower":"fog island","chart":"US4ME30M"}},{"type":"Feature","geometry":{"type":"Point","coordinates":[-68.57552503963583,44.027331534069305]},"properties":{"objtype":"LNDARE","label":"island","name":"Black Horse","name_lower":"black horse","chart":"US4ME30M"}},{"type":"Feature","geometry":{"type":"Point","coordinates":[-68.5796215478611,44.16824597668878]},"properties":{"objtype":"LNDARE","label":"island","name":"Eastern Mark Island","name_lower":"eastern mark island","chart":"US4ME30M"}},{"type":"Feature","geometry":{"type":"Point","coordinates":[-68.58904373896765,44.06570172694778]},"properties":{"objtype":"LNDARE","label":"island","name":"York Island","name_lower":"york island","chart":"US4ME30M"}},{"type":"Feature","geometry":{"type":"Point","coordinates":[-68.60048938277342,44.13085780481173]},"properties":{"objtype":"LNDARE","label":"island","name":"No Mans Island","name_lower":"no mans island","chart":"US4ME30M"}},{"type":"Feature","geometry":{"type":"Point","coordinates":[-68.60981455771726,44.222647009021166]},"properties":{"objtype":"LNDARE","label":"island","name":"Campbell Island","name_lower":"campbell island","chart":"US4ME30M"}},{"type":"Feature","geometry":{"type":"Point","coordinates":[-68.4494824,44.2327651]},"properties":{"objtype":"LNDARE","label":"island","name":"West Barge","name_lower":"west barge","chart":"US4ME30M"}},{"type":"Feature","geometry":{"type":"Point","coordinates":[-68.4948747,44.2538796]},"properties":{"objtype":"LNDARE","label":"island","name":"Sand Island","name_lower":"sand island","chart":"US4ME30M"}},{"type":"Feature","geometry":{"type":"Point","coordinates":[-68.4984375,44.4102312]},"properties":{"objtype":"LNDARE","label":"island","name":"Conary Nub","name_lower":"conary nub","chart":"US4ME30M"}},{"type":"Feature","geometry":{"type":"Point","coordinates":[-68.4114183,44.2568711]},"properties":{"objtype":"LNDARE","label":"island","name":"Goose Cove Rock","name_lower":"goose cove rock","chart":"US4ME30M"}},{"type":"Feature","geometry":{"type":"Point","coordinates":[-68.415546,44.2669206]},"properties":{"objtype":"LNDARE","label":"island","name":"Rumell Island","name_lower":"rumell island","chart":"US4ME30M"}},{"type":"Feature","geometry":{"type":"Point","coordinates":[-68.41392386206446,44.53757495438334]},"properties":{"objtype":"BUAARE","label":"town","name":"Ellsworth","name_lower":"ellsworth","chart":"US4ME30M"}},{"type":"Feature","geometry":{"type":"Point","coordinates":[-68.4141372,44.1757015]},"properties":{"objtype":"BUAARE","label":"town","name":"Atlantic","name_lower":"atlantic","chart":"US4ME30M"}},{"type":"Feature","geometry":{"type":"Point","coordinates":[-68.4312851,44.563246]},"properties":{"objtype":"BUAARE","label":"town","name":"Ellsworth Falls","name_lower":"ellsworth falls","chart":"US4ME30M"}},{"type":"Feature","geometry":{"type":"Point","coordinates":[-68.5556571,44.3543039]},"properties":{"objtype":"BUAARE","label":"town","name":"South Blue Hill","name_lower":"south blue hill","chart":"US4ME30M"}},{"type":"Feature","geometry":{"type":"Point","coordinates":[-68.6109189,44.2915724]},"properties":{"objtype":"BUAARE","label":"town","name":"West Brooklin","name_lower":"west brooklin","chart":"US4ME30M"}},{"type":"Feature","geometry":{"type":"Point","coordinates":[-68.5766259,44.3799594]},"properties":{"objtype":"BUAARE","label":"town","name":"Blue Hill Falls","name_lower":"blue hill falls","chart":"US4ME30M"}},{"type":"Feature","geometry":{"type":"Point","coordinates":[-68.5835039,44.3051853]},"properties":{"objtype":"BUAARE","label":"town","name":"North Brooklin","name_lower":"north brooklin","chart":"US4ME30M"}},{"type":"Feature","geometry":{"type":"Point","coordinates":[-68.5658163,44.2641678]},"properties":{"objtype":"BUAARE","label":"town","name":"Brooklin","name_lower":"brooklin","chart":"US4ME30M"}},{"type":"Feature","geometry":{"type":"Point","coordinates":[-68.4628383,44.4086422]},"properties":{"objtype":"BUAARE","label":"town","name":"South Surry","name_lower":"south surry","chart":"US4ME30M"}},{"type":"Feature","geometry":{"type":"Point","coordinates":[-68.5787912,44.1961281]},"properties":{"objtype":"BUAARE","label":"town","name":"Belfry Sunshine","name_lower":"belfry sunshine","chart":"US4ME30M"}},{"type":"Feature","geometry":{"type":"Point","coordinates":[-68.5074594,44.496788]},"properties":{"objtype":"BUAARE","label":"town","name":"Surry","name_lower":"surry","chart":"US4ME30M"}},{"type":"Feature","geometry":{"type":"Point","coordinates":[-68.516538,44.4204085]},"properties":{"objtype":"BUAARE","label":"town","name":"East Blue Hill","name_lower":"east blue hill","chart":"US4ME30M"}},{"type":"Feature","geometry":{"type":"Point","coordinates":[-68.595778,44.3401478]},"properties":{"objtype":"BUAARE","label":"town","name":"North Sedgwick","name_lower":"north sedgwick","chart":"US4ME30M"}},{"type":"Feature","geometry":{"type":"Point","coordinates":[-68.5991086,44.4151492]},"properties":{"objtype":"BUAARE","label":"town","name":"Blue Hill","name_lower":"blue hill","chart":"US4ME30M"}},{"type":"Feature","geometry":{"type":"Point","coordinates":[-69.10070646828962,44.006199632211214]},"properties":{"objtype":"SEAARE","label":"sea area","name":"Sunken Ledge","name_lower":"sunken ledge","chart":"US5BGRBB"}},{"type":"Feature","geometry":{"type":"Point","coordinates":[-69.07983728996632,43.984788612649005]},"properties":{"objtype":"SEAARE","label":"sea area","name":"Home Harbor","name_lower":"home harbor","chart":"US5BGRBB"}},{"type":"Feature","geometry":{"type":"Point","coordinates":[-69.11590636043148,44.00220026614448]},"properties":{"objtype":"SEAARE","label":"sea area","name":"False Whitehead Habor","name_lower":"false whitehead habor","chart":"US5BGRBB"}},{"type":"Feature","geometry":{"type":"Point","coordinates":[-69.12790224895464,43.98935578624533]},"properties":{"objtype":"SEAARE","label":"sea area","name":"Long Ledge","name_lower":"long ledge","chart":"US5BGRBB"}},{"type":"Feature","geometry":{"type":"Point","coordinates":[-69.10674518076591,43.98776563243804]},"properties":{"objtype":"SEAARE","label":"sea area","name":"Lower Gangway Ledge","name_lower":"lower gangway ledge","chart":"US5BGRBB"}},{"type":"Feature","geometry":{"type":"Point","coordinates":[-69.12841560691052,44.005598815552325]},"properties":{"objtype":"SEAARE","label":"sea area","name":"Baum Bay","name_lower":"baum bay","chart":"US5BGRBB"}},{"type":"Feature","geometry":{"type":"Point","coordinates":[-69.13923585402614,44.00474150931333]},"properties":{"objtype":"SEAARE","label":"sea area","name":"Mill Cove","name_lower":"mill cove","chart":"US5BGRBB"}},{"type":"Feature","geometry":{"type":"Point","coordinates":[-69.1487176885122,43.99025735066596]},"properties":{"objtype":"SEAARE","label":"sea area","name":"Rackliff Bay","name_lower":"rackliff bay","chart":"US5BGRBB"}},{"type":"Feature","geometry":{"type":"Point","coordinates":[-69.13450517600899,44.007360472103976]},"properties":{"objtype":"LNDRGN","label":"coastal feature","name":"Foggs Hill","name_lower":"foggs hill","chart":"US5BGRBB"}},{"type":"Feature","geometry":{"type":"Point","coordinates":[-69.0849462819479,44.0009840717876]},"properties":{"objtype":"LNDARE","label":"island","name":"High Clam Ledge","name_lower":"high clam ledge","chart":"US5BGRBB"}},{"type":"Feature","geometry":{"type":"Point","coordinates":[-69.07648019656132,43.988430347602]},"properties":{"objtype":"LNDARE","label":"island","name":"Hewett Island","name_lower":"hewett island","chart":"US5BGRBB"}},{"type":"Feature","geometry":{"type":"Point","coordinates":[-69.13270148520871,43.9980972090786]},"properties":{"objtype":"LNDARE","label":"island","name":"Slins Island","name_lower":"slins island","chart":"US5BGRBB"}},{"type":"Feature","geometry":{"type":"Point","coordinates":[-69.08138489789575,43.98213736619933]},"properties":{"objtype":"LNDARE","label":"island","name":"Mink Island","name_lower":"mink island","chart":"US5BGRBB"}},{"type":"Feature","geometry":{"type":"Point","coordinates":[-69.06456448998435,43.97239114293615]},"properties":{"objtype":"SEAARE","label":"sea area","name":"Two Bush Reef","name_lower":"two bush reef","chart":"US5BGRBC"}},{"type":"Feature","geometry":{"type":"Point","coordinates":[-69.03726679930739,44.013065447345575]},"properties":{"objtype":"SEAARE","label":"sea area","name":"Northeast Pond Ledge","name_lower":"northeast pond ledge","chart":"US5BGRBC"}},{"type":"Feature","geometry":{"type":"Point","coordinates":[-69.06329704497179,44.004536400718244]},"properties":{"objtype":"SEAARE","label":"sea area","name":"Dix Island Harbor","name_lower":"dix island harbor","chart":"US5BGRBC"}},{"type":"Feature","geometry":{"type":"Point","coordinates":[-69.03225367638557,43.995054693800114]},"properties":{"objtype":"SEAARE","label":"sea area","name":"West Penobscot Bay","name_lower":"west penobscot bay","chart":"US5BGRBC"}},{"type":"Feature","geometry":{"type":"Point","coordinates":[-69.05624810212277,43.9946997596369]},"properties":{"objtype":"LNDRGN","label":"coastal feature","name":"Nash Point","name_lower":"nash point","chart":"US5BGRBC"}},{"type":"Feature","geometry":{"type":"Point","coordinates":[-69.04926387345965,44.009783106986504]},"properties":{"objtype":"LNDARE","label":"island","name":"Great Pond Island","name_lower":"great pond island","chart":"US5BGRBC"}},{"type":"Feature","geometry":{"type":"Point","coordinates":[-69.0479864384014,44.01322467473417]},"properties":{"objtype":"LNDARE","label":"island","name":"Little Pond Island","name_lower":"little pond island","chart":"US5BGRBC"}},{"type":"Feature","geometry":{"type":"Point","coordinates":[-69.0518956776638,44.016690738127195]},"properties":{"objtype":"LNDARE","label":"island","name":"Spectacle Island","name_lower":"spectacle island","chart":"US5BGRBC"}},{"type":"Feature","geometry":{"type":"Point","coordinates":[-69.0700711205751,43.99909011431992]},"properties":{"objtype":"LNDARE","label":"island","name":"Nettle Island","name_lower":"nettle island","chart":"US5BGRBC"}},{"type":"Feature","geometry":{"type":"Point","coordinates":[-69.06002256558799,44.018059542526245]},"properties":{"objtype":"LNDARE","label":"island","name":"Gooseberry Knob","name_lower":"gooseberry knob","chart":"US5BGRBC"}},{"type":"Feature","geometry":{"type":"Point","coordinates":[-68.87538651094219,44.02258568130297]},"properties":{"objtype":"SEAARE","label":"sea area","name":"James and Willies Ledge","name_lower":"james and willies ledge","chart":"US5BGRBE"}},{"type":"Feature","geometry":{"type":"Point","coordinates":[-68.87462232100494,44.02494992234115]},"properties":{"objtype":"SEAARE","label":"sea area","name":"Deadman Ledge","name_lower":"deadman ledge","chart":"US5BGRBE"}},{"type":"Feature","geometry":{"type":"Point","coordinates":[-68.85100405241822,44.01729031569813]},"properties":{"objtype":"SEAARE","label":"sea area","name":"The Breakers","name_lower":"the breakers","chart":"US5BGRBE"}},{"type":"Feature","geometry":{"type":"Point","coordinates":[-68.81522064611684,44.007526954624616]},"properties":{"objtype":"SEAARE","label":"sea area","name":"Knubble Ledge","name_lower":"knubble ledge","chart":"US5BGRBF"}},{"type":"Feature","geometry":{"type":"Point","coordinates":[-68.8266299436887,44.01310994064102]},"properties":{"objtype":"SEAARE","label":"sea area","name":"Channel Ledge","name_lower":"channel ledge","chart":"US5BGRBF"}},{"type":"Feature","geometry":{"type":"Point","coordinates":[-68.7931891423564,44.02165612817414]},"properties":{"objtype":"SEAARE","label":"sea area","name":"Middle Ledge","name_lower":"middle ledge","chart":"US5BGRBF"}},{"type":"Feature","geometry":{"type":"Point","coordinates":[-68.83474477144543,44.01601234931464]},"properties":{"objtype":"SEAARE","label":"sea area","name":"Big Shoal","name_lower":"big shoal","chart":"US5BGRBF"}},{"type":"Feature","geometry":{"type":"Point","coordinates":[-68.807699615001,44.00500212309873]},"properties":{"objtype":"SEAARE","label":"sea area","name":"Lane Ledge","name_lower":"lane ledge","chart":"US5BGRBF"}},{"type":"Feature","geometry":{"type":"Point","coordinates":[-68.76573559475406,44.00855254627661]},"properties":{"objtype":"SEAARE","label":"sea area","name":"Holden Ledge","name_lower":"holden ledge","chart":"US5BGRBG"}},{"type":"Feature","geometry":{"type":"Point","coordinates":[-69.11898003046035,44.03468050222359]},"properties":{"objtype":"SEAARE","label":"sea area","name":"Nabby Cove","name_lower":"nabby cove","chart":"US5BGRCB"}},{"type":"Feature","geometry":{"type":"Point","coordinates":[-69.13267884121043,44.03592245411291]},"properties":{"objtype":"SEAARE","label":"sea area","name":"Sharkeyville Creek","name_lower":"sharkeyville creek","chart":"US5BGRCB"}},{"type":"Feature","geometry":{"type":"Point","coordinates":[-69.08684667173756,44.09553748398676]},"properties":{"objtype":"SEAARE","label":"sea area","name":"Rockland Harbor Anchorage A","name_lower":"rockland harbor anchorage a","chart":"US5BGRCB"}},{"type":"Feature","geometry":{"type":"Point","coordinates":[-69.12559575476864,44.04157358638278]},"properties":{"objtype":"LNDRGN","label":"coastal feature","name":"Hayden Point","name_lower":"hayden point","chart":"US5BGRCB"}},{"type":"Feature","geometry":{"type":"Point","coordinates":[-69.0760428554979,44.09059144101134]},"properties":{"objtype":"LNDRGN","label":"coastal feature","name":"Battery Point","name_lower":"battery point","chart":"US5BGRCB"}},{"type":"Feature","geometry":{"type":"Point","coordinates":[-69.11044870195106,44.03675841947531]},"properties":{"objtype":"LNDRGN","label":"coastal feature","name":"Dyer Point","name_lower":"dyer point","chart":"US5BGRCB"}},{"type":"Feature","geometry":{"type":"Point","coordinates":[-69.11548786851732,44.03357770345129]},"properties":{"objtype":"LNDRGN","label":"coastal feature","name":"Cushing Point","name_lower":"cushing point","chart":"US5BGRCB"}},{"type":"Feature","geometry":{"type":"Point","coordinates":[-69.10605668116695,44.09994709506814]},"properties":{"objtype":"FAIRWY","label":"channel","name":"Rockland Harbor Town Channel","name_lower":"rockland harbor town channel","chart":"US5BGRCB"}},{"type":"Feature","geometry":{"type":"Point","coordinates":[-69.12977617337968,44.03986407947995]},"properties":{"objtype":"LNDARE","label":"island","name":"Combs Island","name_lower":"combs island","chart":"US5BGRCB"}},{"type":"Feature","geometry":{"type":"Point","coordinates":[-69.05083150926079,44.08539982718819]},"properties":{"objtype":"SEAARE","label":"sea area","name":"Owls Head Harbor","name_lower":"owls head harbor","chart":"US5BGRCC"}},{"type":"Feature","geometry":{"type":"Point","coordinates":[-69.04629895459067,44.08592102933809]},"properties":{"objtype":"SEAARE","label":"sea area","name":"Dodge Point Ledge","name_lower":"dodge point ledge","chart":"US5BGRCC"}},{"type":"Feature","geometry":{"type":"Point","coordinates":[-69.04729917876725,44.05936379291091]},"properties":{"objtype":"SEAARE","label":"sea area","name":"Sheep Island Shoals","name_lower":"sheep island shoals","chart":"US5BGRCC"}},{"type":"Feature","geometry":{"type":"Point","coordinates":[-69.04352163568286,44.09068840407248]},"properties":{"objtype":"SEAARE","label":"sea area","name":"Owls Head Ledge","name_lower":"owls head ledge","chart":"US5BGRCC"}},{"type":"Feature","geometry":{"type":"Point","coordinates":[-69.05265347596261,44.06634887663152]},"properties":{"objtype":"SEAARE","label":"sea area","name":"Sheep Island Bar","name_lower":"sheep island bar","chart":"US5BGRCC"}},{"type":"Feature","geometry":{"type":"Point","coordinates":[-69.06618537397188,44.03278024834605]},"properties":{"objtype":"SEAARE","label":"sea area","name":"Upper Gangway Ledge","name_lower":"upper gangway ledge","chart":"US5BGRCC"}},{"type":"Feature","geometry":{"type":"Point","coordinates":[-69.0535244504773,44.04803110456697]},"properties":{"objtype":"SEAARE","label":"sea area","name":"Emery Ledge","name_lower":"emery ledge","chart":"US5BGRCC"}},{"type":"Feature","geometry":{"type":"Point","coordinates":[-69.07074420384973,44.03600176731142]},"properties":{"objtype":"SEAARE","label":"sea area","name":"Ash Island Ledge","name_lower":"ash island ledge","chart":"US5BGRCC"}},{"type":"Feature","geometry":{"type":"Point","coordinates":[-69.04856111964936,44.049519048395105]},"properties":{"objtype":"SEAARE","label":"sea area","name":"Northwest Ledge","name_lower":"northwest ledge","chart":"US5BGRCC"}},{"type":"Feature","geometry":{"type":"Point","coordinates":[-69.05941304036416,44.07023787804632]},"properties":{"objtype":"LNDRGN","label":"coastal feature","name":"Hendrickson Point","name_lower":"hendrickson point","chart":"US5BGRCC"}},{"type":"Feature","geometry":{"type":"Point","coordinates":[-68.85013510308247,44.098944946920426]},"properties":{"objtype":"SEAARE","label":"sea area","name":"Mill River","name_lower":"mill river","chart":"US5BGRCE"}},{"type":"Feature","geometry":{"type":"Point","coordinates":[-68.85669137014568,44.09715414452775]},"properties":{"objtype":"SEAARE","label":"sea area","name":"Mill Creek","name_lower":"mill creek","chart":"US5BGRCE"}},{"type":"Feature","geometry":{"type":"Point","coordinates":[-68.85054063906803,44.04114138252241]},"properties":{"objtype":"LNDRGN","label":"coastal feature","name":"Norton Point","name_lower":"norton point","chart":"US5BGRCE"}},{"type":"Feature","geometry":{"type":"Point","coordinates":[-68.88174466815157,44.077175675644646]},"properties":{"objtype":"LNDRGN","label":"coastal feature","name":"Conway Shore","name_lower":"conway shore","chart":"US5BGRCE"}},{"type":"Feature","geometry":{"type":"Point","coordinates":[-68.8702315150211,44.052381710893314]},"properties":{"objtype":"LNDRGN","label":"coastal feature","name":"Dog Point","name_lower":"dog point","chart":"US5BGRCE"}},{"type":"Feature","geometry":{"type":"Point","coordinates":[-68.87795518126431,44.064895228489334]},"properties":{"objtype":"LNDARE","label":"island","name":"Gundell Island","name_lower":"gundell island","chart":"US5BGRCE"}},{"type":"Feature","geometry":{"type":"Point","coordinates":[-68.88593673462093,44.050563466548596]},"properties":{"objtype":"LNDARE","label":"island","name":"Lawrys Ledge","name_lower":"lawrys ledge","chart":"US5BGRCE"}},{"type":"Feature","geometry":{"type":"Point","coordinates":[-68.88726638528007,44.080052053847794]},"properties":{"objtype":"LNDARE","label":"island","name":"Fiddlehead Island","name_lower":"fiddlehead island","chart":"US5BGRCE"}},{"type":"Feature","geometry":{"type":"Point","coordinates":[-68.8887468731472,44.07094020298125]},"properties":{"objtype":"LNDARE","label":"island","name":"Narvo Island","name_lower":"narvo island","chart":"US5BGRCE"}},{"type":"Feature","geometry":{"type":"Point","coordinates":[-68.78027830821112,44.053319927028646]},"properties":{"objtype":"SEAARE","label":"sea area","name":"Sister Ledge","name_lower":"sister ledge","chart":"US5BGRCF"}},{"type":"Feature","geometry":{"type":"Point","coordinates":[-68.79978656297516,44.03391385112713]},"properties":{"objtype":"SEAARE","label":"sea area","name":"Old Duke Ledges","name_lower":"old duke ledges","chart":"US5BGRCF"}},{"type":"Feature","geometry":{"type":"Point","coordinates":[-68.79506196450038,44.056598357669216]},"properties":{"objtype":"SEAARE","label":"sea area","name":"Arey Cove","name_lower":"arey cove","chart":"US5BGRCF"}},{"type":"Feature","geometry":{"type":"Point","coordinates":[-68.84898862325133,44.03659036719929]},"properties":{"objtype":"SEAARE","label":"sea area","name":"Green Island Knob","name_lower":"green island knob","chart":"US5BGRCF"}},{"type":"Feature","geometry":{"type":"Point","coordinates":[-68.8445503359484,44.04353885064483]},"properties":{"objtype":"SEAARE","label":"sea area","name":"Sand Cove","name_lower":"sand cove","chart":"US5BGRCF"}},{"type":"Feature","geometry":{"type":"Point","coordinates":[-68.839859916819,44.07940873132158]},"properties":{"objtype":"SEAARE","label":"sea area","name":"Vinal Cove","name_lower":"vinal cove","chart":"US5BGRCF"}},{"type":"Feature","geometry":{"type":"Point","coordinates":[-68.79170670283509,44.09942780236819]},"properties":{"objtype":"SEAARE","label":"sea area","name":"Benny Ledge","name_lower":"benny ledge","chart":"US5BGRCF"}},{"type":"Feature","geometry":{"type":"Point","coordinates":[-68.78846083449243,44.029103225884455]},"properties":{"objtype":"SEAARE","label":"sea area","name":"Sheep Island Ledge","name_lower":"sheep island ledge","chart":"US5BGRCF"}},{"type":"Feature","geometry":{"type":"Point","coordinates":[-68.78576970722584,44.08428664921324]},"properties":{"objtype":"LNDRGN","label":"coastal feature","name":"Coombs Neck","name_lower":"coombs neck","chart":"US5BGRCF"}},{"type":"Feature","geometry":{"type":"Point","coordinates":[-68.80543978132228,44.092243648294904]},"properties":{"objtype":"LNDARE","label":"island","name":"Davids Island","name_lower":"davids island","chart":"US5BGRCF"}},{"type":"Feature","geometry":{"type":"Point","coordinates":[-68.77717246556765,44.080551122634965]},"properties":{"objtype":"LNDARE","label":"island","name":"Browns Island","name_lower":"browns island","chart":"US5BGRCF"}},{"type":"Feature","geometry":{"type":"Point","coordinates":[-68.83923258214186,44.04016632008549]},"properties":{"objtype":"LNDARE","label":"island","name":"Potato Island","name_lower":"potato island","chart":"US5BGRCF"}},{"type":"Feature","geometry":{"type":"Point","coordinates":[-68.77367449645003,44.08240630483791]},"properties":{"objtype":"SEAARE","label":"sea area","name":"Browns Ledge","name_lower":"browns ledge","chart":"US5BGRCG"}},{"type":"Feature","geometry":{"type":"Point","coordinates":[-68.76836176478822,44.05665207753645]},"properties":{"objtype":"SEAARE","label":"sea area","name":"Little Triangle Ledge","name_lower":"little triangle ledge","chart":"US5BGRCG"}},{"type":"Feature","geometry":{"type":"Point","coordinates":[-69.10615809050536,44.108684455523004]},"properties":{"objtype":"SEAARE","label":"sea area","name":"Lermond Cove","name_lower":"lermond cove","chart":"US5BGRDB"}},{"type":"Feature","geometry":{"type":"Point","coordinates":[-69.08760851863148,44.101512162276876]},"properties":{"objtype":"SEAARE","label":"sea area","name":"South Ledge","name_lower":"south ledge","chart":"US5BGRDB"}},{"type":"Feature","geometry":{"type":"Point","coordinates":[-69.08703267928715,44.10800676134795]},"properties":{"objtype":"SEAARE","label":"sea area","name":"Rockland Harbor Anchorage B","name_lower":"rockland harbor anchorage b","chart":"US5BGRDB"}},{"type":"Feature","geometry":{"type":"Point","coordinates":[-69.1292222,44.1438806]},"properties":{"objtype":"LNDRGN","label":"coastal feature","name":"Dodge Mountain","name_lower":"dodge mountain","chart":"US5BGRDB"}},{"type":"Feature","geometry":{"type":"Point","coordinates":[-69.0999472,44.1680194]},"properties":{"objtype":"LNDRGN","label":"coastal feature","name":"Beech Hill","name_lower":"beech hill","chart":"US5BGRDB"}},{"type":"Feature","geometry":{"type":"Point","coordinates":[-69.1034667,44.144675]},"properties":{"objtype":"LNDRGN","label":"coastal feature","name":"Bear Hill","name_lower":"bear hill","chart":"US5BGRDB"}},{"type":"Feature","geometry":{"type":"Point","coordinates":[-69.10584411326562,44.107725806689615]},"properties":{"objtype":"FAIRWY","label":"channel","name":"Lermond Cove Channel","name_lower":"lermond cove channel","chart":"US5BGRDB"}},{"type":"Feature","geometry":{"type":"Point","coordinates":[-69.10270827743163,44.11079487962007]},"properties":{"objtype":"FAIRWY","label":"channel","name":"Rockland Harbor Bypass Channel","name_lower":"rockland harbor bypass channel","chart":"US5BGRDB"}},{"type":"Feature","geometry":{"type":"Point","coordinates":[-69.09981169812205,44.10453235730179]},"properties":{"objtype":"FAIRWY","label":"channel","name":"Rockland Harbor Main Channel","name_lower":"rockland harbor main channel","chart":"US5BGRDB"}},{"type":"Feature","geometry":{"type":"Point","coordinates":[-69.0917493,44.1436758]},"properties":{"objtype":"BUAARE","label":"town","name":"Oakland Park","name_lower":"oakland park","chart":"US5BGRDB"}},{"type":"Feature","geometry":{"type":"Point","coordinates":[-69.1136846,44.1233311]},"properties":{"objtype":"BUAARE","label":"town","name":"Blackington Corners","name_lower":"blackington corners","chart":"US5BGRDB"}},{"type":"Feature","geometry":{"type":"Point","coordinates":[-68.93274219309754,44.109263331918825]},"properties":{"objtype":"SEAARE","label":"sea area","name":"Crabtree Point Ledge","name_lower":"crabtree point ledge","chart":"US5BGRDD"}},{"type":"Feature","geometry":{"type":"Point","coordinates":[-68.93619925675542,44.11028968305781]},"properties":{"objtype":"LNDRGN","label":"coastal feature","name":"Crabtree Point","name_lower":"crabtree point","chart":"US5BGRDD"}},{"type":"Feature","geometry":{"type":"Point","coordinates":[-68.88696947465404,44.12383549135992]},"properties":{"objtype":"SEAARE","label":"sea area","name":"Young Cove","name_lower":"young cove","chart":"US5BGRDE"}},{"type":"Feature","geometry":{"type":"Point","coordinates":[-68.85329887050197,44.13144581933272]},"properties":{"objtype":"SEAARE","label":"sea area","name":"Waterman Ledge","name_lower":"waterman ledge","chart":"US5BGRDE"}},{"type":"Feature","geometry":{"type":"Point","coordinates":[-68.86928587164587,44.124744630995465]},"properties":{"objtype":"SEAARE","label":"sea area","name":"Lobster Ledge","name_lower":"lobster ledge","chart":"US5BGRDE"}},{"type":"Feature","geometry":{"type":"Point","coordinates":[-68.85763106903447,44.1459697500516]},"properties":{"objtype":"SEAARE","label":"sea area","name":"Cubby Hole","name_lower":"cubby hole","chart":"US5BGRDE"}},{"type":"Feature","geometry":{"type":"Point","coordinates":[-68.88280670155197,44.13067789977462]},"properties":{"objtype":"SEAARE","label":"sea area","name":"Browns Cove","name_lower":"browns cove","chart":"US5BGRDE"}},{"type":"Feature","geometry":{"type":"Point","coordinates":[-68.90578303204084,44.1246867489156]},"properties":{"objtype":"SEAARE","label":"sea area","name":"Cross Island Ledge","name_lower":"cross island ledge","chart":"US5BGRDE"}},{"type":"Feature","geometry":{"type":"Point","coordinates":[-68.91293213805601,44.117162926652775]},"properties":{"objtype":"SEAARE","label":"sea area","name":"Fox Ears","name_lower":"fox ears","chart":"US5BGRDE"}},{"type":"Feature","geometry":{"type":"Point","coordinates":[-68.87144021855104,44.11702973501604]},"properties":{"objtype":"SEAARE","label":"sea area","name":"Perry Creek","name_lower":"perry creek","chart":"US5BGRDE"}},{"type":"Feature","geometry":{"type":"Point","coordinates":[-68.87338685589734,44.12499107282637]},"properties":{"objtype":"SEAARE","label":"sea area","name":"Postoffice Ledge","name_lower":"postoffice ledge","chart":"US5BGRDE"}},{"type":"Feature","geometry":{"type":"Point","coordinates":[-68.90519003157583,44.136275604853395]},"properties":{"objtype":"SEAARE","label":"sea area","name":"Ames Creek","name_lower":"ames creek","chart":"US5BGRDE"}},{"type":"Feature","geometry":{"type":"Point","coordinates":[-68.85582483369508,44.12478375297878]},"properties":{"objtype":"SEAARE","label":"sea area","name":"Iron Point Ledge","name_lower":"iron point ledge","chart":"US5BGRDE"}},{"type":"Feature","geometry":{"type":"Point","coordinates":[-68.8881366316799,44.12444482093093]},"properties":{"objtype":"LNDRGN","label":"coastal feature","name":"Calf Point","name_lower":"calf point","chart":"US5BGRDE"}},{"type":"Feature","geometry":{"type":"Point","coordinates":[-68.89842594713704,44.12301363544523]},"properties":{"objtype":"LNDRGN","label":"coastal feature","name":"Young Point","name_lower":"young point","chart":"US5BGRDE"}},{"type":"Feature","geometry":{"type":"Point","coordinates":[-68.8917840422044,44.13181266182637]},"properties":{"objtype":"LNDRGN","label":"coastal feature","name":"Turnip Island","name_lower":"turnip island","chart":"US5BGRDE"}},{"type":"Feature","geometry":{"type":"Point","coordinates":[-68.9067138,44.1022181]},"properties":{"objtype":"LNDRGN","label":"coastal feature","name":"Tiptoe Mountain","name_lower":"tiptoe mountain","chart":"US5BGRDE"}},{"type":"Feature","geometry":{"type":"Point","coordinates":[-68.8778602,44.1073102]},"properties":{"objtype":"LNDRGN","label":"coastal feature","name":"Fox Rocks","name_lower":"fox rocks","chart":"US5BGRDE"}},{"type":"Feature","geometry":{"type":"Point","coordinates":[-68.8883267,44.1011089]},"properties":{"objtype":"LNDRGN","label":"coastal feature","name":"Middle Mountain","name_lower":"middle mountain","chart":"US5BGRDE"}},{"type":"Feature","geometry":{"type":"Point","coordinates":[-68.89898399837239,44.12816018639523]},"properties":{"objtype":"LNDARE","label":"island","name":"Cross Island","name_lower":"cross island","chart":"US5BGRDE"}},{"type":"Feature","geometry":{"type":"Point","coordinates":[-68.850877590505,44.10613432172667]},"properties":{"objtype":"LNDARE","label":"island","name":"Broom Island","name_lower":"broom island","chart":"US5BGRDE"}},{"type":"Feature","geometry":{"type":"Point","coordinates":[-68.89268549573683,44.13916378376754]},"properties":{"objtype":"LNDARE","label":"island","name":"Lobster Island","name_lower":"lobster island","chart":"US5BGRDE"}},{"type":"Feature","geometry":{"type":"Point","coordinates":[-68.8909464,44.1592081]},"properties":{"objtype":"LNDARE","label":"island","name":"Pulpit Rock","name_lower":"pulpit rock","chart":"US5BGRDE"}},{"type":"Feature","geometry":{"type":"Point","coordinates":[-68.87138271272495,44.12836009735765]},"properties":{"objtype":"BUAARE","label":"town","name":"North Haven","name_lower":"north haven","chart":"US5BGRDE"}},{"type":"Feature","geometry":{"type":"Point","coordinates":[-68.81936897892199,44.17317292844814]},"properties":{"objtype":"SEAARE","label":"sea area","name":"Marsh Cove","name_lower":"marsh cove","chart":"US5BGRDF"}},{"type":"Feature","geometry":{"type":"Point","coordinates":[-68.84672444399219,44.134930781914356]},"properties":{"objtype":"SEAARE","label":"sea area","name":"Fish Point Ledge","name_lower":"fish point ledge","chart":"US5BGRDF"}},{"type":"Feature","geometry":{"type":"Point","coordinates":[-68.84278386261634,44.13770791714385]},"properties":{"objtype":"SEAARE","label":"sea area","name":"Kent Ledge","name_lower":"kent ledge","chart":"US5BGRDF"}},{"type":"Feature","geometry":{"type":"Point","coordinates":[-68.81587617425622,44.161377185944616]},"properties":{"objtype":"SEAARE","label":"sea area","name":"Banks Cove","name_lower":"banks cove","chart":"US5BGRDF"}},{"type":"Feature","geometry":{"type":"Point","coordinates":[-68.80174117513647,44.13155552039235]},"properties":{"objtype":"SEAARE","label":"sea area","name":"Sunken Black Ledge","name_lower":"sunken black ledge","chart":"US5BGRDF"}},{"type":"Feature","geometry":{"type":"Point","coordinates":[-68.80053527238398,44.134171984235294]},"properties":{"objtype":"SEAARE","label":"sea area","name":"Black Ledge","name_lower":"black ledge","chart":"US5BGRDF"}},{"type":"Feature","geometry":{"type":"Point","coordinates":[-68.79786649423265,44.142995869228784]},"properties":{"objtype":"LNDARE","label":"island","name":"Calderwood Island","name_lower":"calderwood island","chart":"US5BGRDF"}},{"type":"Feature","geometry":{"type":"Point","coordinates":[-68.71938692388122,44.16354754516852]},"properties":{"objtype":"SEAARE","label":"sea area","name":"Barred Island Ledge","name_lower":"barred island ledge","chart":"US5BGRDG"}},{"type":"Feature","geometry":{"type":"Point","coordinates":[-68.66054815971079,44.14530514224468]},"properties":{"objtype":"SEAARE","label":"sea area","name":"Sam Slick Ledge","name_lower":"sam slick ledge","chart":"US5BGRDH"}},{"type":"Feature","geometry":{"type":"Point","coordinates":[-68.67252377079676,44.14262317306823]},"properties":{"objtype":"SEAARE","label":"sea area","name":"Mill Pond","name_lower":"mill pond","chart":"US5BGRDH"}},{"type":"Feature","geometry":{"type":"Point","coordinates":[-68.62934461063378,44.164020278750314]},"properties":{"objtype":"SEAARE","label":"sea area","name":"Grog Ledge","name_lower":"grog ledge","chart":"US5BGRDH"}},{"type":"Feature","geometry":{"type":"Point","coordinates":[-68.63503619701878,44.11908948483504]},"properties":{"objtype":"SEAARE","label":"sea area","name":"Barter Island Ledges","name_lower":"barter island ledges","chart":"US5BGRDH"}},{"type":"Feature","geometry":{"type":"Point","coordinates":[-68.64907774805611,44.11497326564222]},"properties":{"objtype":"SEAARE","label":"sea area","name":"Harbor Island Ledge","name_lower":"harbor island ledge","chart":"US5BGRDH"}},{"type":"Feature","geometry":{"type":"Point","coordinates":[-68.64547836089322,44.15045845498505]},"properties":{"objtype":"SEAARE","label":"sea area","name":"Roebuck Ledge","name_lower":"roebuck ledge","chart":"US5BGRDH"}},{"type":"Feature","geometry":{"type":"Point","coordinates":[-68.68571141694906,44.134062045695146]},"properties":{"objtype":"SEAARE","label":"sea area","name":"Twin Ledges","name_lower":"twin ledges","chart":"US5BGRDH"}},{"type":"Feature","geometry":{"type":"Point","coordinates":[-68.66686519372476,44.146884349212925]},"properties":{"objtype":"SEAARE","label":"sea area","name":"Penobscot Bay Maine Crotch Island Anchorage Area","name_lower":"penobscot bay maine crotch island anchorage area","chart":"US5BGRDH"}},{"type":"Feature","geometry":{"type":"Point","coordinates":[-68.64629647701783,44.10966938070456]},"properties":{"objtype":"SEAARE","label":"sea area","name":"Merchant Harbor","name_lower":"merchant harbor","chart":"US5BGRDH"}},{"type":"Feature","geometry":{"type":"Point","coordinates":[-68.6798072919073,44.10223596105356]},"properties":{"objtype":"SEAARE","label":"sea area","name":"Ram Island Ledge","name_lower":"ram island ledge","chart":"US5BGRDH"}},{"type":"Feature","geometry":{"type":"Point","coordinates":[-68.6606607216829,44.15439289166921]},"properties":{"objtype":"LNDRGN","label":"coastal feature","name":"Staple Point","name_lower":"staple point","chart":"US5BGRDH"}},{"type":"Feature","geometry":{"type":"Point","coordinates":[-68.6703496569004,44.13862501014334]},"properties":{"objtype":"LNDRGN","label":"coastal feature","name":"Thurlow Head","name_lower":"thurlow head","chart":"US5BGRDH"}},{"type":"Feature","geometry":{"type":"Point","coordinates":[-68.62528735912844,44.162217332328254]},"properties":{"objtype":"LNDARE","label":"island","name":"Grog Island","name_lower":"grog island","chart":"US5BGRDH"}},{"type":"Feature","geometry":{"type":"Point","coordinates":[-68.62521946295861,44.14803340629653]},"properties":{"objtype":"LNDARE","label":"island","name":"Coot Island","name_lower":"coot island","chart":"US5BGRDH"}},{"type":"Feature","geometry":{"type":"Point","coordinates":[-68.66924786076704,44.14846332028367]},"properties":{"objtype":"LNDARE","label":"island","name":"Peggys Island","name_lower":"peggys island","chart":"US5BGRDH"}},{"type":"Feature","geometry":{"type":"Point","coordinates":[-68.67065158200647,44.131710265621955]},"properties":{"objtype":"LNDARE","label":"island","name":"John Island","name_lower":"john island","chart":"US5BGRDH"}},{"type":"Feature","geometry":{"type":"Point","coordinates":[-68.63482900502743,44.159060018279526]},"properties":{"objtype":"LNDARE","label":"island","name":"Humpkins Ledge","name_lower":"humpkins ledge","chart":"US5BGRDH"}},{"type":"Feature","geometry":{"type":"Point","coordinates":[-68.64539901945633,44.12664224134132]},"properties":{"objtype":"LNDARE","label":"island","name":"Steve Island","name_lower":"steve island","chart":"US5BGRDH"}},{"type":"Feature","geometry":{"type":"Point","coordinates":[-68.6982678670686,44.141759393262]},"properties":{"objtype":"LNDARE","label":"island","name":"Western Deer Island Ledge","name_lower":"western deer island ledge","chart":"US5BGRDH"}},{"type":"Feature","geometry":{"type":"Point","coordinates":[-68.6382626615127,44.14661792870662]},"properties":{"objtype":"LNDARE","label":"island","name":"Little Camp Island","name_lower":"little camp island","chart":"US5BGRDH"}},{"type":"Feature","geometry":{"type":"Point","coordinates":[-68.64473544619796,44.14321548322376]},"properties":{"objtype":"LNDARE","label":"island","name":"Sprout Island","name_lower":"sprout island","chart":"US5BGRDH"}},{"type":"Feature","geometry":{"type":"Point","coordinates":[-68.65908342677915,44.14053425071875]},"properties":{"objtype":"LNDARE","label":"island","name":"Rock Island","name_lower":"rock island","chart":"US5BGRDH"}},{"type":"Feature","geometry":{"type":"Point","coordinates":[-68.65404849043742,44.14904345313808]},"properties":{"objtype":"LNDARE","label":"island","name":"Scott Island","name_lower":"scott island","chart":"US5BGRDH"}},{"type":"Feature","geometry":{"type":"Point","coordinates":[-69.0984371,44.2180339]},"properties":{"objtype":"BUAARE","label":"town","name":"Melvin Heights","name_lower":"melvin heights","chart":"US5BGREB"}},{"type":"Feature","geometry":{"type":"Point","coordinates":[-69.0986508,44.1959486]},"properties":{"objtype":"BUAARE","label":"town","name":"Simonton Corners","name_lower":"simonton corners","chart":"US5BGREB"}},{"type":"Feature","geometry":{"type":"Point","coordinates":[-69.05170793585576,44.213894911849835]},"properties":{"objtype":"SEAARE","label":"sea area","name":"Sherman Cove","name_lower":"sherman cove","chart":"US5BGREC"}},{"type":"Feature","geometry":{"type":"Point","coordinates":[-69.04640592388071,44.208154081446125]},"properties":{"objtype":"SEAARE","label":"sea area","name":"North East Passage","name_lower":"north east passage","chart":"US5BGREC"}},{"type":"Feature","geometry":{"type":"Point","coordinates":[-69.05211633887106,44.211825459857074]},"properties":{"objtype":"SEAARE","label":"sea area","name":"Camden Harbor Sherman Cove Anchorage A","name_lower":"camden harbor sherman cove anchorage a","chart":"US5BGREC"}},{"type":"Feature","geometry":{"type":"Point","coordinates":[-69.04420076668124,44.20531349499692]},"properties":{"objtype":"SEAARE","label":"sea area","name":"Outer Ledges","name_lower":"outer ledges","chart":"US5BGREC"}},{"type":"Feature","geometry":{"type":"Point","coordinates":[-69.05468685718199,44.17745805168997]},"properties":{"objtype":"SEAARE","label":"sea area","name":"Hog Cove","name_lower":"hog cove","chart":"US5BGREC"}},{"type":"Feature","geometry":{"type":"Point","coordinates":[-69.04672605551382,44.20714049736788]},"properties":{"objtype":"SEAARE","label":"sea area","name":"Inner Ledges","name_lower":"inner ledges","chart":"US5BGREC"}},{"type":"Feature","geometry":{"type":"Point","coordinates":[-69.05337104919238,44.17824146242278]},"properties":{"objtype":"SEAARE","label":"sea area","name":"Hog Cove Ledge","name_lower":"hog cove ledge","chart":"US5BGREC"}},{"type":"Feature","geometry":{"type":"Point","coordinates":[-69.0442481030967,44.206783837309054]},"properties":{"objtype":"SEAARE","label":"sea area","name":"North East Ledge","name_lower":"north east ledge","chart":"US5BGREC"}},{"type":"Feature","geometry":{"type":"Point","coordinates":[-69.05571774753255,44.205419926362225]},"properties":{"objtype":"SEAARE","label":"sea area","name":"Camden Harbor Sherman Cove Anchorage B","name_lower":"camden harbor sherman cove anchorage b","chart":"US5BGREC"}},{"type":"Feature","geometry":{"type":"Point","coordinates":[-69.05571551326264,44.20244901976027]},"properties":{"objtype":"LNDRGN","label":"coastal feature","name":"Dillingham Point","name_lower":"dillingham point","chart":"US5BGREC"}},{"type":"Feature","geometry":{"type":"Point","coordinates":[-68.95778987378465,44.23583396374878]},"properties":{"objtype":"SEAARE","label":"sea area","name":"Haskell Ledge","name_lower":"haskell ledge","chart":"US5BGRED"}},{"type":"Feature","geometry":{"type":"Point","coordinates":[-68.94012793435722,44.24501746663409]},"properties":{"objtype":"SEAARE","label":"sea area","name":"Minot Ledge","name_lower":"minot ledge","chart":"US5BGRED"}},{"type":"Feature","geometry":{"type":"Point","coordinates":[-68.9358365783564,44.23991380062776]},"properties":{"objtype":"LNDRGN","label":"coastal feature","name":"Middle Island","name_lower":"middle island","chart":"US5BGRED"}},{"type":"Feature","geometry":{"type":"Point","coordinates":[-68.8508811878825,44.23231784563832]},"properties":{"objtype":"LNDARE","label":"island","name":"Little Spruce Head","name_lower":"little spruce head","chart":"US5BGREE"}},{"type":"Feature","geometry":{"type":"Point","coordinates":[-68.81443322488464,44.20733379897602]},"properties":{"objtype":"SEAARE","label":"sea area","name":"Sloop Island Ledge","name_lower":"sloop island ledge","chart":"US5BGREF"}},{"type":"Feature","geometry":{"type":"Point","coordinates":[-68.82852246233395,44.20107542530281]},"properties":{"objtype":"SEAARE","label":"sea area","name":"Spoon Ledge","name_lower":"spoon ledge","chart":"US5BGREF"}},{"type":"Feature","geometry":{"type":"Point","coordinates":[-68.7236595500266,44.194679480430885]},"properties":{"objtype":"SEAARE","label":"sea area","name":"Sheephead Island Ledges","name_lower":"sheephead island ledges","chart":"US5BGREG"}},{"type":"Feature","geometry":{"type":"Point","coordinates":[-68.7014444,44.2048416]},"properties":{"objtype":"BUAARE","label":"town","name":"Sunset","name_lower":"sunset","chart":"US5BGREG"}},{"type":"Feature","geometry":{"type":"Point","coordinates":[-68.65716920030559,44.21398173355658]},"properties":{"objtype":"SEAARE","label":"sea area","name":"Deep Hole","name_lower":"deep hole","chart":"US5BGREH"}},{"type":"Feature","geometry":{"type":"Point","coordinates":[-68.63020330609747,44.234309811807385]},"properties":{"objtype":"SEAARE","label":"sea area","name":"Fish Creek","name_lower":"fish creek","chart":"US5BGREH"}},{"type":"Feature","geometry":{"type":"Point","coordinates":[-68.6342355101545,44.19414468753013]},"properties":{"objtype":"SEAARE","label":"sea area","name":"Cat Cove","name_lower":"cat cove","chart":"US5BGREH"}},{"type":"Feature","geometry":{"type":"Point","coordinates":[-68.62678141102347,44.20883158613852]},"properties":{"objtype":"SEAARE","label":"sea area","name":"Pickering Cove","name_lower":"pickering cove","chart":"US5BGREH"}},{"type":"Feature","geometry":{"type":"Point","coordinates":[-69.0305302,44.2694618]},"properties":{"objtype":"LNDRGN","label":"coastal feature","name":"Garey mountain","name_lower":"garey mountain","chart":"US5BGRFC"}},{"type":"Feature","geometry":{"type":"Point","coordinates":[-69.0278261,44.2773477]},"properties":{"objtype":"LNDRGN","label":"coastal feature","name":"Derry Mountain","name_lower":"derry mountain","chart":"US5BGRFC"}},{"type":"Feature","geometry":{"type":"Point","coordinates":[-69.0340726,44.2887676]},"properties":{"objtype":"BUAARE","label":"town","name":"Carvers Corner","name_lower":"carvers corner","chart":"US5BGRFC"}},{"type":"Feature","geometry":{"type":"Point","coordinates":[-68.95853046541944,44.31662635068825]},"properties":{"objtype":"SEAARE","label":"sea area","name":"Little Harbor","name_lower":"little harbor","chart":"US5BGRFD"}},{"type":"Feature","geometry":{"type":"Point","coordinates":[-68.89820502957629,44.285781619075266]},"properties":{"objtype":"SEAARE","label":"sea area","name":"Charlottes Cove","name_lower":"charlottes cove","chart":"US5BGRFE"}},{"type":"Feature","geometry":{"type":"Point","coordinates":[-68.89899501435157,44.31682997142637]},"properties":{"objtype":"SEAARE","label":"sea area","name":"Bounty Cove","name_lower":"bounty cove","chart":"US5BGRFE"}},{"type":"Feature","geometry":{"type":"Point","coordinates":[-68.81768438156615,44.295101077785965]},"properties":{"objtype":"SEAARE","label":"sea area","name":"Penobscot Bay","name_lower":"penobscot bay","chart":"US5BGRFF"}},{"type":"Feature","geometry":{"type":"Point","coordinates":[-68.77936114540908,44.31998990443325]},"properties":{"objtype":"SEAARE","label":"sea area","name":"Barneys Mistake","name_lower":"barneys mistake","chart":"US5BGRFF"}},{"type":"Feature","geometry":{"type":"Point","coordinates":[-68.78302000012461,44.32071927931794]},"properties":{"objtype":"LNDRGN","label":"coastal feature","name":"Red Point","name_lower":"red point","chart":"US5BGRFF"}},{"type":"Feature","geometry":{"type":"Point","coordinates":[-68.72469194301303,44.289750675479304]},"properties":{"objtype":"SEAARE","label":"sea area","name":"Swains Cove","name_lower":"swains cove","chart":"US5BGRFG"}},{"type":"Feature","geometry":{"type":"Point","coordinates":[-68.71696548003835,44.318187095739766]},"properties":{"objtype":"SEAARE","label":"sea area","name":"Deadman Cove","name_lower":"deadman cove","chart":"US5BGRFG"}},{"type":"Feature","geometry":{"type":"Point","coordinates":[-68.72005290372766,44.28021083733215]},"properties":{"objtype":"SEAARE","label":"sea area","name":"Blastow Cove","name_lower":"blastow cove","chart":"US5BGRFG"}},{"type":"Feature","geometry":{"type":"Point","coordinates":[-68.75082308992772,44.306374227049]},"properties":{"objtype":"SEAARE","label":"sea area","name":"Merriman Ledge","name_lower":"merriman ledge","chart":"US5BGRFG"}},{"type":"Feature","geometry":{"type":"Point","coordinates":[-68.71592914923028,44.30390474582887]},"properties":{"objtype":"SEAARE","label":"sea area","name":"Howard Ledges","name_lower":"howard ledges","chart":"US5BGRFG"}},{"type":"Feature","geometry":{"type":"Point","coordinates":[-68.7330433381854,44.27112052040522]},"properties":{"objtype":"LNDARE","label":"island","name":"Little Eaton Island","name_lower":"little eaton island","chart":"US5BGRFG"}},{"type":"Feature","geometry":{"type":"Point","coordinates":[-68.720937,44.32237]},"properties":{"objtype":"BUAARE","label":"town","name":"Norumbega","name_lower":"norumbega","chart":"US5BGRFG"}},{"type":"Feature","geometry":{"type":"Point","coordinates":[-68.95916148436518,44.37222518274402]},"properties":{"objtype":"SEAARE","label":"sea area","name":"Kellys Cove","name_lower":"kellys cove","chart":"US5BGRGD"}},{"type":"Feature","geometry":{"type":"Point","coordinates":[-68.86087986002715,44.35483893430426]},"properties":{"objtype":"SEAARE","label":"sea area","name":"The Bare Ledges","name_lower":"the bare ledges","chart":"US5BGRGE"}},{"type":"Feature","geometry":{"type":"Point","coordinates":[-68.8878809699432,44.341956977258334]},"properties":{"objtype":"SEAARE","label":"sea area","name":"Ryder Cove","name_lower":"ryder cove","chart":"US5BGRGE"}},{"type":"Feature","geometry":{"type":"Point","coordinates":[-68.88323612772162,44.3781329276478]},"properties":{"objtype":"LNDRGN","label":"coastal feature","name":"Spragues Beach","name_lower":"spragues beach","chart":"US5BGRGE"}},{"type":"Feature","geometry":{"type":"Point","coordinates":[-68.78782793860616,44.38812433451797]},"properties":{"objtype":"SEAARE","label":"sea area","name":"Middle Ground","name_lower":"middle ground","chart":"US5BGRGF"}},{"type":"Feature","geometry":{"type":"Point","coordinates":[-68.78394958148975,44.396265815802536]},"properties":{"objtype":"SEAARE","label":"sea area","name":"Trott Ledge","name_lower":"trott ledge","chart":"US5BGRGF"}},{"type":"Feature","geometry":{"type":"Point","coordinates":[-68.81387004006666,44.38063316999229]},"properties":{"objtype":"SEAARE","label":"sea area","name":"Otter Rock Shoal","name_lower":"otter rock shoal","chart":"US5BGRGF"}},{"type":"Feature","geometry":{"type":"Point","coordinates":[-68.79773314969589,44.38145947773702]},"properties":{"objtype":"SEAARE","label":"sea area","name":"Hosmer Ledge","name_lower":"hosmer ledge","chart":"US5BGRGF"}},{"type":"Feature","geometry":{"type":"Point","coordinates":[-68.7887522,44.3518382]},"properties":{"objtype":"LNDRGN","label":"coastal feature","name":"Backwood Mountain","name_lower":"backwood mountain","chart":"US5BGRGF"}},{"type":"Feature","geometry":{"type":"Point","coordinates":[-68.804672,44.392345]},"properties":{"objtype":"BUAARE","label":"town","name":"Fort George","name_lower":"fort george","chart":"US5BGRGF"}},{"type":"Feature","geometry":{"type":"Point","coordinates":[-68.8128083,44.3521139]},"properties":{"objtype":"BUAARE","label":"town","name":"Goose Falls","name_lower":"goose falls","chart":"US5BGRGF"}},{"type":"Feature","geometry":{"type":"Point","coordinates":[-68.73714751610837,44.33754860734855]},"properties":{"objtype":"SEAARE","label":"sea area","name":"Harbor Ledge","name_lower":"harbor ledge","chart":"US5BGRGG"}},{"type":"Feature","geometry":{"type":"Point","coordinates":[-68.71706031169188,44.399893670650044]},"properties":{"objtype":"SEAARE","label":"sea area","name":"Green Cove","name_lower":"green cove","chart":"US5BGRGG"}},{"type":"Feature","geometry":{"type":"Point","coordinates":[-68.76690877381462,44.399230796703854]},"properties":{"objtype":"SEAARE","label":"sea area","name":"Lords Cove","name_lower":"lords cove","chart":"US5BGRGG"}},{"type":"Feature","geometry":{"type":"Point","coordinates":[-68.72892617879356,44.32753031870357]},"properties":{"objtype":"LNDRGN","label":"coastal feature","name":"Garys Point","name_lower":"garys point","chart":"US5BGRGG"}},{"type":"Feature","geometry":{"type":"Point","coordinates":[-68.7291628,44.3456284]},"properties":{"objtype":"LNDRGN","label":"coastal feature","name":"Kench Mountain","name_lower":"kench mountain","chart":"US5BGRGG"}},{"type":"Feature","geometry":{"type":"Point","coordinates":[-68.7652368,44.347286]},"properties":{"objtype":"LNDRGN","label":"coastal feature","name":"John B Mountain","name_lower":"john b mountain","chart":"US5BGRGG"}},{"type":"Feature","geometry":{"type":"Point","coordinates":[-68.77055290938846,44.380130131677674]},"properties":{"objtype":"LNDARE","label":"island","name":"Henry Island","name_lower":"henry island","chart":"US5BGRGG"}},{"type":"Feature","geometry":{"type":"Point","coordinates":[-68.80966573559782,44.45989259616254]},"properties":{"objtype":"SEAARE","label":"sea area","name":"Fort Point Ledge","name_lower":"fort point ledge","chart":"US5BGRHF"}},{"type":"Feature","geometry":{"type":"Point","coordinates":[-68.64622897152735,44.00867181752479]},"properties":{"objtype":"SEAARE","label":"sea area","name":"Flat Ledge","name_lower":"flat ledge","chart":"US5ME23M"}},{"type":"Feature","geometry":{"type":"Point","coordinates":[-68.65474988132439,44.06747844150261]},"properties":{"objtype":"SEAARE","label":"sea area","name":"Sawyer Ledge","name_lower":"sawyer ledge","chart":"US5ME23M"}},{"type":"Feature","geometry":{"type":"Point","coordinates":[-68.66384188302277,44.0083120455757]},"properties":{"objtype":"SEAARE","label":"sea area","name":"Big Brewster","name_lower":"big brewster","chart":"US5ME23M"}},{"type":"Feature","geometry":{"type":"Point","coordinates":[-68.66840539757811,44.06956042336183]},"properties":{"objtype":"SEAARE","label":"sea area","name":"Marsh Cove Ledges","name_lower":"marsh cove ledges","chart":"US5ME23M"}},{"type":"Feature","geometry":{"type":"Point","coordinates":[-68.62958895324867,44.082564730472896]},"properties":{"objtype":"LNDRGN","label":"coastal feature","name":"Point Lookout","name_lower":"point lookout","chart":"US5ME23M"}},{"type":"Feature","geometry":{"type":"Point","coordinates":[-68.63492812380244,44.096448001672414]},"properties":{"objtype":"LNDARE","label":"island","name":"Nathan Island","name_lower":"nathan island","chart":"US5ME23M"}},{"type":"Feature","geometry":{"type":"Point","coordinates":[-68.63599547879421,44.08577166720432]},"properties":{"objtype":"LNDARE","label":"island","name":"Flake Island","name_lower":"flake island","chart":"US5ME23M"}},{"type":"Feature","geometry":{"type":"Point","coordinates":[-68.85664928699258,44.59839394032437]},"properties":{"objtype":"SEAARE","label":"sea area","name":"Marsh River","name_lower":"marsh river","chart":"US5ME26M"}},{"type":"Feature","geometry":{"type":"Point","coordinates":[-68.82129950880802,44.74800553636706]},"properties":{"objtype":"SEAARE","label":"sea area","name":"Crosby Narrows","name_lower":"crosby narrows","chart":"US5ME26M"}},{"type":"Feature","geometry":{"type":"Point","coordinates":[-68.81175836694989,44.58854324533946]},"properties":{"objtype":"SEAARE","label":"sea area","name":"Luce Cove","name_lower":"luce cove","chart":"US5ME26M"}},{"type":"Feature","geometry":{"type":"Point","coordinates":[-68.80103481283193,44.5152385201034]},"properties":{"objtype":"SEAARE","label":"sea area","name":"Odom Ledge","name_lower":"odom ledge","chart":"US5ME26M"}},{"type":"Feature","geometry":{"type":"Point","coordinates":[-68.66795227155826,44.36995959378362]},"properties":{"objtype":"SEAARE","label":"sea area","name":"Snow Cove","name_lower":"snow cove","chart":"US5ME26M"}},{"type":"Feature","geometry":{"type":"Point","coordinates":[-68.86716537679229,44.601276061134605]},"properties":{"objtype":"SEAARE","label":"sea area","name":"North Branch","name_lower":"north branch","chart":"US5ME26M"}},{"type":"Feature","geometry":{"type":"Point","coordinates":[-68.85858203917182,44.5777815335439]},"properties":{"objtype":"SEAARE","label":"sea area","name":"South Branch","name_lower":"south branch","chart":"US5ME26M"}},{"type":"Feature","geometry":{"type":"Point","coordinates":[-68.82248397865524,44.68806256145633]},"properties":{"objtype":"SEAARE","label":"sea area","name":"Bald Hill Reach","name_lower":"bald hill reach","chart":"US5ME26M"}},{"type":"Feature","geometry":{"type":"Point","coordinates":[-68.81351745334035,44.59335627890378]},"properties":{"objtype":"SEAARE","label":"sea area","name":"Harriman Cove","name_lower":"harriman cove","chart":"US5ME26M"}},{"type":"Feature","geometry":{"type":"Point","coordinates":[-68.6960554758217,44.30652355448534]},"properties":{"objtype":"SEAARE","label":"sea area","name":"Punch Bowl","name_lower":"punch bowl","chart":"US5ME26M"}},{"type":"Feature","geometry":{"type":"Point","coordinates":[-68.81041346488044,44.58376734104495]},"properties":{"objtype":"SEAARE","label":"sea area","name":"Lawrence Cove","name_lower":"lawrence cove","chart":"US5ME26M"}},{"type":"Feature","geometry":{"type":"Point","coordinates":[-68.80760729284673,44.52523675099467]},"properties":{"objtype":"SEAARE","label":"sea area","name":"Gondola Cove","name_lower":"gondola cove","chart":"US5ME26M"}},{"type":"Feature","geometry":{"type":"Point","coordinates":[-68.74879286784476,44.54565283769495]},"properties":{"objtype":"SEAARE","label":"sea area","name":"Orland River","name_lower":"orland river","chart":"US5ME26M"}},{"type":"Feature","geometry":{"type":"Point","coordinates":[-68.73462280677907,44.46463695052688]},"properties":{"objtype":"SEAARE","label":"sea area","name":"Littlefield Cove","name_lower":"littlefield cove","chart":"US5ME26M"}},{"type":"Feature","geometry":{"type":"Point","coordinates":[-68.66248722803519,44.27688707031484]},"properties":{"objtype":"SEAARE","label":"sea area","name":"Tinker Ledges","name_lower":"tinker ledges","chart":"US5ME26M"}},{"type":"Feature","geometry":{"type":"Point","coordinates":[-68.70924094914777,44.45176894369892]},"properties":{"objtype":"SEAARE","label":"sea area","name":"Winslow Cove","name_lower":"winslow cove","chart":"US5ME26M"}},{"type":"Feature","geometry":{"type":"Point","coordinates":[-68.84300827490888,44.695869057989576]},"properties":{"objtype":"SEAARE","label":"sea area","name":"Bald Hill Cove","name_lower":"bald hill cove","chart":"US5ME26M"}},{"type":"Feature","geometry":{"type":"Point","coordinates":[-68.74074188034156,44.410665836231736]},"properties":{"objtype":"SEAARE","label":"sea area","name":"Tapley Cove","name_lower":"tapley cove","chart":"US5ME26M"}},{"type":"Feature","geometry":{"type":"Point","coordinates":[-68.72810398099583,44.405710358484285]},"properties":{"objtype":"SEAARE","label":"sea area","name":"Stover Cove","name_lower":"stover cove","chart":"US5ME26M"}},{"type":"Feature","geometry":{"type":"Point","coordinates":[-68.840755990483,44.61205178047156]},"properties":{"objtype":"SEAARE","label":"sea area","name":"Frankfort Flats","name_lower":"frankfort flats","chart":"US5ME26M"}},{"type":"Feature","geometry":{"type":"Point","coordinates":[-68.74322260893958,44.4372694678331]},"properties":{"objtype":"SEAARE","label":"sea area","name":"Tills Cove","name_lower":"tills cove","chart":"US5ME26M"}},{"type":"Feature","geometry":{"type":"Point","coordinates":[-68.70919814360235,44.46082627660559]},"properties":{"objtype":"SEAARE","label":"sea area","name":"Carpenter Cove","name_lower":"carpenter cove","chart":"US5ME26M"}},{"type":"Feature","geometry":{"type":"Point","coordinates":[-68.73299401387843,44.45996938842329]},"properties":{"objtype":"SEAARE","label":"sea area","name":"Wardwell Cove","name_lower":"wardwell cove","chart":"US5ME26M"}},{"type":"Feature","geometry":{"type":"Point","coordinates":[-68.83211721712127,44.70250110297833]},"properties":{"objtype":"SEAARE","label":"sea area","name":"Bartlett Cove","name_lower":"bartlett cove","chart":"US5ME26M"}},{"type":"Feature","geometry":{"type":"Point","coordinates":[-68.8158131456591,44.59699178739883]},"properties":{"objtype":"SEAARE","label":"sea area","name":"Collins Cove","name_lower":"collins cove","chart":"US5ME26M"}},{"type":"Feature","geometry":{"type":"Point","coordinates":[-68.7674335353723,44.5377761337412]},"properties":{"objtype":"SEAARE","label":"sea area","name":"Eastern Channel","name_lower":"eastern channel","chart":"US5ME26M"}},{"type":"Feature","geometry":{"type":"Point","coordinates":[-68.72617864925685,44.467804588448224]},"properties":{"objtype":"SEAARE","label":"sea area","name":"Hutchins Cove","name_lower":"hutchins cove","chart":"US5ME26M"}},{"type":"Feature","geometry":{"type":"Point","coordinates":[-68.7163831567081,44.409917384536264]},"properties":{"objtype":"LNDRGN","label":"coastal feature","name":"Nab Island","name_lower":"nab island","chart":"US5ME26M"}},{"type":"Feature","geometry":{"type":"Point","coordinates":[-68.80710809666778,44.756119940714605]},"properties":{"objtype":"LNDRGN","label":"coastal feature","name":"Seven Pine Point","name_lower":"seven pine point","chart":"US5ME26M"}},{"type":"Feature","geometry":{"type":"Point","coordinates":[-68.68653375279958,44.392677521017205]},"properties":{"objtype":"LNDRGN","label":"coastal feature","name":"Bear Head","name_lower":"bear head","chart":"US5ME26M"}},{"type":"Feature","geometry":{"type":"Point","coordinates":[-68.72986805391723,44.46633598953991]},"properties":{"objtype":"LNDRGN","label":"coastal feature","name":"Grindle Point","name_lower":"grindle point","chart":"US5ME26M"}},{"type":"Feature","geometry":{"type":"Point","coordinates":[-68.72389953139837,44.40381424781604]},"properties":{"objtype":"LNDRGN","label":"coastal feature","name":"Hawes Point","name_lower":"hawes point","chart":"US5ME26M"}},{"type":"Feature","geometry":{"type":"Point","coordinates":[-68.84485324276136,44.5997321752283]},"properties":{"objtype":"LNDRGN","label":"coastal feature","name":"Bowden Point","name_lower":"bowden point","chart":"US5ME26M"}},{"type":"Feature","geometry":{"type":"Point","coordinates":[-68.73055124676613,44.456540276253506]},"properties":{"objtype":"LNDRGN","label":"coastal feature","name":"Wardwell Point","name_lower":"wardwell point","chart":"US5ME26M"}},{"type":"Feature","geometry":{"type":"Point","coordinates":[-68.73542603809462,44.460483156158276]},"properties":{"objtype":"LNDRGN","label":"coastal feature","name":"Littlefield Point","name_lower":"littlefield point","chart":"US5ME26M"}},{"type":"Feature","geometry":{"type":"Point","coordinates":[-68.7116554869539,44.46331486086645]},"properties":{"objtype":"LNDRGN","label":"coastal feature","name":"Carpenter Point","name_lower":"carpenter point","chart":"US5ME26M"}},{"type":"Feature","geometry":{"type":"Point","coordinates":[-68.83600823022488,44.70545807889541]},"properties":{"objtype":"LNDRGN","label":"coastal feature","name":"Snub Point","name_lower":"snub point","chart":"US5ME26M"}},{"type":"Feature","geometry":{"type":"Point","coordinates":[-68.86188330428348,44.59980970349981]},"properties":{"objtype":"LNDRGN","label":"coastal feature","name":"Treat Point","name_lower":"treat point","chart":"US5ME26M"}},{"type":"Feature","geometry":{"type":"Point","coordinates":[-68.7074349812935,44.45591659755025]},"properties":{"objtype":"LNDRGN","label":"coastal feature","name":"Freethy Point","name_lower":"freethy point","chart":"US5ME26M"}},{"type":"Feature","geometry":{"type":"Point","coordinates":[-68.83925909119752,44.62456755116821]},"properties":{"objtype":"LNDRGN","label":"coastal feature","name":"Drachm Point","name_lower":"drachm point","chart":"US5ME26M"}},{"type":"Feature","geometry":{"type":"Point","coordinates":[-68.72190313411244,44.46649552088058]},"properties":{"objtype":"LNDRGN","label":"coastal feature","name":"Hutchins Point","name_lower":"hutchins point","chart":"US5ME26M"}},{"type":"Feature","geometry":{"type":"Point","coordinates":[-68.75857005503464,44.53981040306749]},"properties":{"objtype":"LNDRGN","label":"coastal feature","name":"Gross Point","name_lower":"gross point","chart":"US5ME26M"}},{"type":"Feature","geometry":{"type":"Point","coordinates":[-68.80050898838228,44.55405954728028]},"properties":{"objtype":"LNDRGN","label":"coastal feature","name":"Verona Park","name_lower":"verona park","chart":"US5ME26M"}},{"type":"Feature","geometry":{"type":"Point","coordinates":[-68.81111104469343,44.498789845225645]},"properties":{"objtype":"LNDRGN","label":"coastal feature","name":"Sandy Point","name_lower":"sandy point","chart":"US5ME26M"}},{"type":"Feature","geometry":{"type":"Point","coordinates":[-68.8832742,44.5673599]},"properties":{"objtype":"LNDRGN","label":"coastal feature","name":"Mack Mountain","name_lower":"mack mountain","chart":"US5ME26M"}},{"type":"Feature","geometry":{"type":"Point","coordinates":[-68.889936,44.5446966]},"properties":{"objtype":"LNDRGN","label":"coastal feature","name":"Smith Hill","name_lower":"smith hill","chart":"US5ME26M"}},{"type":"Feature","geometry":{"type":"Point","coordinates":[-68.7382515,44.4571541]},"properties":{"objtype":"LNDRGN","label":"coastal feature","name":"Perkins Hill","name_lower":"perkins hill","chart":"US5ME26M"}},{"type":"Feature","geometry":{"type":"Point","coordinates":[-68.8649459,44.6076122]},"properties":{"objtype":"LNDRGN","label":"coastal feature","name":"Treat Hill","name_lower":"treat hill","chart":"US5ME26M"}},{"type":"Feature","geometry":{"type":"Point","coordinates":[-68.670565,44.4675098]},"properties":{"objtype":"LNDRGN","label":"coastal feature","name":"The Bluffs","name_lower":"the bluffs","chart":"US5ME26M"}},{"type":"Feature","geometry":{"type":"Point","coordinates":[-68.8962916,44.6170906]},"properties":{"objtype":"LNDRGN","label":"coastal feature","name":"Downs Hill","name_lower":"downs hill","chart":"US5ME26M"}},{"type":"Feature","geometry":{"type":"Point","coordinates":[-68.8252301,44.6970023]},"properties":{"objtype":"LNDRGN","label":"coastal feature","name":"Bald Hill","name_lower":"bald hill","chart":"US5ME26M"}},{"type":"Feature","geometry":{"type":"Point","coordinates":[-68.8723253,44.5782575]},"properties":{"objtype":"LNDRGN","label":"coastal feature","name":"Mosquito Mountain","name_lower":"mosquito mountain","chart":"US5ME26M"}},{"type":"Feature","geometry":{"type":"Point","coordinates":[-68.7567471,44.4052299]},"properties":{"objtype":"LNDRGN","label":"coastal feature","name":"Perkins Mountain","name_lower":"perkins mountain","chart":"US5ME26M"}},{"type":"Feature","geometry":{"type":"Point","coordinates":[-68.8929635,44.5804558]},"properties":{"objtype":"LNDRGN","label":"coastal feature","name":"Mount Waldo","name_lower":"mount waldo","chart":"US5ME26M"}},{"type":"Feature","geometry":{"type":"Point","coordinates":[-68.824753,44.756722]},"properties":{"objtype":"LNDRGN","label":"coastal feature","name":"Hardy Hill","name_lower":"hardy hill","chart":"US5ME26M"}},{"type":"Feature","geometry":{"type":"Point","coordinates":[-68.8445663,44.6502535]},"properties":{"objtype":"LNDRGN","label":"coastal feature","name":"Punchbowl Hill","name_lower":"punchbowl hill","chart":"US5ME26M"}},{"type":"Feature","geometry":{"type":"Point","coordinates":[-68.7417219,44.4899004]},"properties":{"objtype":"LNDRGN","label":"coastal feature","name":"Wallamatogus Mountain","name_lower":"wallamatogus mountain","chart":"US5ME26M"}},{"type":"Feature","geometry":{"type":"Point","coordinates":[-68.8635091,44.5050967]},"properties":{"objtype":"LNDRGN","label":"coastal feature","name":"Fletcher Hill","name_lower":"fletcher hill","chart":"US5ME26M"}},{"type":"Feature","geometry":{"type":"Point","coordinates":[-68.8399925,44.6653467]},"properties":{"objtype":"LNDRGN","label":"coastal feature","name":"Page Hill","name_lower":"page hill","chart":"US5ME26M"}},{"type":"Feature","geometry":{"type":"Point","coordinates":[-68.72568019838698,44.44915329638297]},"properties":{"objtype":"LNDARE","label":"island","name":"Aunt Mollie Island","name_lower":"aunt mollie island","chart":"US5ME26M"}},{"type":"Feature","geometry":{"type":"Point","coordinates":[-68.73360139245372,44.43784965251308]},"properties":{"objtype":"LNDARE","label":"island","name":"Battle Island","name_lower":"battle island","chart":"US5ME26M"}},{"type":"Feature","geometry":{"type":"Point","coordinates":[-68.72811616482295,44.447277590774135]},"properties":{"objtype":"LNDARE","label":"island","name":"Sparks Island","name_lower":"sparks island","chart":"US5ME26M"}},{"type":"Feature","geometry":{"type":"Point","coordinates":[-68.78180600573249,44.53565451397586]},"properties":{"objtype":"LNDARE","label":"island","name":"Verona Island","name_lower":"verona island","chart":"US5ME26M"}},{"type":"Feature","geometry":{"type":"Point","coordinates":[-68.77145351535356,44.405538220293096]},"properties":{"objtype":"LNDARE","label":"island","name":"Negro Island","name_lower":"negro island","chart":"US5ME26M"}},{"type":"Feature","geometry":{"type":"Point","coordinates":[-68.71508450543529,44.452794108806195]},"properties":{"objtype":"LNDARE","label":"island","name":"Winslow Island","name_lower":"winslow island","chart":"US5ME26M"}},{"type":"Feature","geometry":{"type":"Point","coordinates":[-68.72551273854359,44.440437801420806]},"properties":{"objtype":"LNDARE","label":"island","name":"Graves Island","name_lower":"graves island","chart":"US5ME26M"}},{"type":"Feature","geometry":{"type":"Point","coordinates":[-68.77142712239434,44.55587900589614]},"properties":{"objtype":"LNDARE","label":"island","name":"Porcupine Island","name_lower":"porcupine island","chart":"US5ME26M"}},{"type":"Feature","geometry":{"type":"Point","coordinates":[-68.73806411821911,44.42789740572835]},"properties":{"objtype":"LNDARE","label":"island","name":"Youngs Island","name_lower":"youngs island","chart":"US5ME26M"}},{"type":"Feature","geometry":{"type":"Point","coordinates":[-68.84853680099336,44.63522766727469]},"properties":{"objtype":"BUAARE","label":"town","name":"Winterport","name_lower":"winterport","chart":"US5ME26M"}},{"type":"Feature","geometry":{"type":"Point","coordinates":[-68.764634563086,44.806734439917854]},"properties":{"objtype":"BUAARE","label":"town","name":"Bangor","name_lower":"bangor","chart":"US5ME26M"}},{"type":"Feature","geometry":{"type":"Point","coordinates":[-68.75669378502876,44.79322008296591]},"properties":{"objtype":"BUAARE","label":"town","name":"Brewer","name_lower":"brewer","chart":"US5ME26M"}},{"type":"Feature","geometry":{"type":"Point","coordinates":[-68.85727422820652,44.4879140698706]},"properties":{"objtype":"BUAARE","label":"town","name":"Stockton Springs","name_lower":"stockton springs","chart":"US5ME26M"}},{"type":"Feature","geometry":{"type":"Point","coordinates":[-68.79307609793479,44.574834020317205]},"properties":{"objtype":"BUAARE","label":"town","name":"Bucksport","name_lower":"bucksport","chart":"US5ME26M"}},{"type":"Feature","geometry":{"type":"Point","coordinates":[-68.774782,44.770375]},"properties":{"objtype":"BUAARE","label":"town","name":"South Brewer","name_lower":"south brewer","chart":"US5ME26M"}},{"type":"Feature","geometry":{"type":"Point","coordinates":[-68.811429,44.659957]},"properties":{"objtype":"BUAARE","label":"town","name":"North Bucksport","name_lower":"north bucksport","chart":"US5ME26M"}},{"type":"Feature","geometry":{"type":"Point","coordinates":[-68.861791,44.732741]},"properties":{"objtype":"BUAARE","label":"town","name":"Areys Corners","name_lower":"areys corners","chart":"US5ME26M"}},{"type":"Feature","geometry":{"type":"Point","coordinates":[-68.801308,44.773776]},"properties":{"objtype":"BUAARE","label":"town","name":"East Hampden","name_lower":"east hampden","chart":"US5ME26M"}},{"type":"Feature","geometry":{"type":"Point","coordinates":[-68.800008,44.748122]},"properties":{"objtype":"BUAARE","label":"town","name":"North Orrington","name_lower":"north orrington","chart":"US5ME26M"}},{"type":"Feature","geometry":{"type":"Point","coordinates":[-68.859322,44.551967]},"properties":{"objtype":"BUAARE","label":"town","name":"Prospect","name_lower":"prospect","chart":"US5ME26M"}},{"type":"Feature","geometry":{"type":"Point","coordinates":[-68.8504376,44.685848]},"properties":{"objtype":"BUAARE","label":"town","name":"North Winterport","name_lower":"north winterport","chart":"US5ME26M"}},{"type":"Feature","geometry":{"type":"Point","coordinates":[-68.808915,44.681208]},"properties":{"objtype":"BUAARE","label":"town","name":"Bucks Ledge","name_lower":"bucks ledge","chart":"US5ME26M"}},{"type":"Feature","geometry":{"type":"Point","coordinates":[-68.77425,44.628031]},"properties":{"objtype":"BUAARE","label":"town","name":"Millvale","name_lower":"millvale","chart":"US5ME26M"}},{"type":"Feature","geometry":{"type":"Point","coordinates":[-68.877175,44.6068167]},"properties":{"objtype":"BUAARE","label":"town","name":"Frankfort","name_lower":"frankfort","chart":"US5ME26M"}},{"type":"Feature","geometry":{"type":"Point","coordinates":[-68.811103,44.693889]},"properties":{"objtype":"BUAARE","label":"town","name":"South Orrington","name_lower":"south orrington","chart":"US5ME26M"}},{"type":"Feature","geometry":{"type":"Point","coordinates":[-68.840898,44.745762]},"properties":{"objtype":"BUAARE","label":"town","name":"Hampden","name_lower":"hampden","chart":"US5ME26M"}},{"type":"Feature","geometry":{"type":"Point","coordinates":[-68.669355,44.343253]},"properties":{"objtype":"BUAARE","label":"town","name":"Black Corner","name_lower":"black corner","chart":"US5ME26M"}},{"type":"Feature","geometry":{"type":"Point","coordinates":[-68.7563483,44.5039659]},"properties":{"objtype":"BUAARE","label":"town","name":"South Orland","name_lower":"south orland","chart":"US5ME26M"}},{"type":"Feature","geometry":{"type":"Point","coordinates":[-68.8120273,44.7404347]},"properties":{"objtype":"BUAARE","label":"town","name":"Pierces","name_lower":"pierces","chart":"US5ME26M"}},{"type":"Feature","geometry":{"type":"Point","coordinates":[-68.826509,44.61614]},"properties":{"objtype":"BUAARE","label":"town","name":"Chipmans","name_lower":"chipmans","chart":"US5ME26M"}},{"type":"Feature","geometry":{"type":"Point","coordinates":[-68.821829,44.731273]},"properties":{"objtype":"BUAARE","label":"town","name":"Orrington","name_lower":"orrington","chart":"US5ME26M"}},{"type":"Feature","geometry":{"type":"Point","coordinates":[-68.8247697,44.794101]},"properties":{"objtype":"BUAARE","label":"town","name":"West Bangor","name_lower":"west bangor","chart":"US5ME26M"}},{"type":"Feature","geometry":{"type":"Point","coordinates":[-68.687797,44.322328]},"properties":{"objtype":"BUAARE","label":"town","name":"Gull Ledges","name_lower":"gull ledges","chart":"US5ME26M"}},{"type":"Feature","geometry":{"type":"Point","coordinates":[-68.8267961,44.6314277]},"properties":{"objtype":"BUAARE","label":"town","name":"Bucksport Center","name_lower":"bucksport center","chart":"US5ME26M"}},{"type":"Feature","geometry":{"type":"Point","coordinates":[-68.73985,44.574128]},"properties":{"objtype":"BUAARE","label":"town","name":"Orland","name_lower":"orland","chart":"US5ME26M"}},{"type":"Feature","geometry":{"type":"Point","coordinates":[-68.845455,44.733716]},"properties":{"objtype":"BUAARE","label":"town","name":"Hampden Highlands","name_lower":"hampden highlands","chart":"US5ME26M"}},{"type":"Feature","geometry":{"type":"Point","coordinates":[-68.57345049620425,44.19142523407336]},"properties":{"objtype":"SEAARE","label":"sea area","name":"Conary Cove","name_lower":"conary cove","chart":"US5ME2EH"}},{"type":"Feature","geometry":{"type":"Point","coordinates":[-68.55282643142525,44.21387215260864]},"properties":{"objtype":"SEAARE","label":"sea area","name":"The Boulders","name_lower":"the boulders","chart":"US5ME2EH"}},{"type":"Feature","geometry":{"type":"Point","coordinates":[-68.58113317929029,44.18752138666999]},"properties":{"objtype":"SEAARE","label":"sea area","name":"Western Cove","name_lower":"western cove","chart":"US5ME2EH"}},{"type":"Feature","geometry":{"type":"Point","coordinates":[-68.56179547275408,44.17825286713601]},"properties":{"objtype":"SEAARE","label":"sea area","name":"Lazygut Ledge","name_lower":"lazygut ledge","chart":"US5ME2EH"}},{"type":"Feature","geometry":{"type":"Point","coordinates":[-68.58704189260533,44.235772481081774]},"properties":{"objtype":"SEAARE","label":"sea area","name":"Conary Ledge","name_lower":"conary ledge","chart":"US5ME2EH"}},{"type":"Feature","geometry":{"type":"Point","coordinates":[-68.57337830545454,44.20033746156448]},"properties":{"objtype":"SEAARE","label":"sea area","name":"East Side Cove","name_lower":"east side cove","chart":"US5ME2EH"}},{"type":"Feature","geometry":{"type":"Point","coordinates":[-68.61010621918342,44.23615874581562]},"properties":{"objtype":"SEAARE","label":"sea area","name":"Grays Cove","name_lower":"grays cove","chart":"US5ME2EH"}},{"type":"Feature","geometry":{"type":"Point","coordinates":[-68.58230600644515,44.231511785060896]},"properties":{"objtype":"LNDRGN","label":"coastal feature","name":"Conary Island Head","name_lower":"conary island head","chart":"US5ME2EH"}},{"type":"Feature","geometry":{"type":"Point","coordinates":[-68.60009903963332,44.192796422254546]},"properties":{"objtype":"LNDRGN","label":"coastal feature","name":"Eatons Point","name_lower":"eatons point","chart":"US5ME2EH"}},{"type":"Feature","geometry":{"type":"Point","coordinates":[-68.6106351829453,44.241293019187744]},"properties":{"objtype":"LNDRGN","label":"coastal feature","name":"Poplar Point","name_lower":"poplar point","chart":"US5ME2EH"}},{"type":"Feature","geometry":{"type":"Point","coordinates":[-68.61476797988708,44.18142176652606]},"properties":{"objtype":"LNDRGN","label":"coastal feature","name":"Coles Point","name_lower":"coles point","chart":"US5ME2EH"}},{"type":"Feature","geometry":{"type":"Point","coordinates":[-68.60582895938099,44.21374506771585]},"properties":{"objtype":"LNDRGN","label":"coastal feature","name":"Greenlaw Neck","name_lower":"greenlaw neck","chart":"US5ME2EH"}},{"type":"Feature","geometry":{"type":"Point","coordinates":[-68.61366276397578,44.20517833944607]},"properties":{"objtype":"LNDARE","label":"island","name":"Freese Island","name_lower":"freese island","chart":"US5ME2EH"}},{"type":"Feature","geometry":{"type":"Point","coordinates":[-68.57026559152617,44.240236724023816]},"properties":{"objtype":"LNDARE","label":"island","name":"Little Babson Island","name_lower":"little babson island","chart":"US5ME2EH"}},{"type":"Feature","geometry":{"type":"Point","coordinates":[-68.56616282285434,44.20115185268912]},"properties":{"objtype":"LNDARE","label":"island","name":"Hen Island","name_lower":"hen island","chart":"US5ME2EH"}},{"type":"Feature","geometry":{"type":"Point","coordinates":[-68.61068111579792,44.1763008567652]},"properties":{"objtype":"LNDARE","label":"island","name":"Little Sheep Island","name_lower":"little sheep island","chart":"US5ME2EH"}},{"type":"Feature","geometry":{"type":"Point","coordinates":[-68.47522679826365,44.177443828104025]},"properties":{"objtype":"SEAARE","label":"sea area","name":"Buckle Harbor","name_lower":"buckle harbor","chart":"US5ME2EI"}},{"type":"Feature","geometry":{"type":"Point","coordinates":[-68.47535037496672,44.18571915990072]},"properties":{"objtype":"SEAARE","label":"sea area","name":"Hawley Ledge","name_lower":"hawley ledge","chart":"US5ME2EI"}},{"type":"Feature","geometry":{"type":"Point","coordinates":[-68.5055628182005,44.23935932272811]},"properties":{"objtype":"SEAARE","label":"sea area","name":"Flye Island Ledge","name_lower":"flye island ledge","chart":"US5ME2EI"}},{"type":"Feature","geometry":{"type":"Point","coordinates":[-68.47672656029607,44.232751610597255]},"properties":{"objtype":"LNDARE","label":"island","name":"Lamp Island","name_lower":"lamp island","chart":"US5ME2EI"}},{"type":"Feature","geometry":{"type":"Point","coordinates":[-68.4765662287108,44.17955505845795]},"properties":{"objtype":"LNDARE","label":"island","name":"Buckle Island","name_lower":"buckle island","chart":"US5ME2EI"}},{"type":"Feature","geometry":{"type":"Point","coordinates":[-68.5284897,44.2332673]},"properties":{"objtype":"BUAARE","label":"town","name":"Naskeag","name_lower":"naskeag","chart":"US5ME2EI"}},{"type":"Feature","geometry":{"type":"Point","coordinates":[-68.42302475984049,44.18342147498273]},"properties":{"objtype":"LNDRGN","label":"coastal feature","name":"Fir Point","name_lower":"fir point","chart":"US5ME2EJ"}},{"type":"Feature","geometry":{"type":"Point","coordinates":[-68.46092347815403,44.18731020725213]},"properties":{"objtype":"LNDARE","label":"island","name":"Orono Island","name_lower":"orono island","chart":"US5ME2EJ"}},{"type":"Feature","geometry":{"type":"Point","coordinates":[-68.45193445709867,44.18977558985222]},"properties":{"objtype":"LNDARE","label":"island","name":"Asa Island","name_lower":"asa island","chart":"US5ME2EJ"}},{"type":"Feature","geometry":{"type":"Point","coordinates":[-68.35169975967025,44.23041412353119]},"properties":{"objtype":"SEAARE","label":"sea area","name":"Bass Harbor","name_lower":"bass harbor","chart":"US5ME2EK"}},{"type":"Feature","geometry":{"type":"Point","coordinates":[-68.3649733194136,44.23714743273715]},"properties":{"objtype":"SEAARE","label":"sea area","name":"Mitchell Cove","name_lower":"mitchell cove","chart":"US5ME2EK"}},{"type":"Feature","geometry":{"type":"Point","coordinates":[-68.3338270168765,44.17642468204916]},"properties":{"objtype":"SEAARE","label":"sea area","name":"Outer Dawes Ledge","name_lower":"outer dawes ledge","chart":"US5ME2EK"}},{"type":"Feature","geometry":{"type":"Point","coordinates":[-68.3361091205291,44.18383819426382]},"properties":{"objtype":"SEAARE","label":"sea area","name":"Inner Dawes Ledge","name_lower":"inner dawes ledge","chart":"US5ME2EK"}},{"type":"Feature","geometry":{"type":"Point","coordinates":[-68.32556323051996,44.229366176489705]},"properties":{"objtype":"SEAARE","label":"sea area","name":"Ship Harbor","name_lower":"ship harbor","chart":"US5ME2EK"}},{"type":"Feature","geometry":{"type":"Point","coordinates":[-68.38180995808334,44.24797785732375]},"properties":{"objtype":"SEAARE","label":"sea area","name":"Duck Cove","name_lower":"duck cove","chart":"US5ME2EK"}},{"type":"Feature","geometry":{"type":"Point","coordinates":[-68.35416665720389,44.226911544511125]},"properties":{"objtype":"SEAARE","label":"sea area","name":"Weaver Ledge","name_lower":"weaver ledge","chart":"US5ME2EK"}},{"type":"Feature","geometry":{"type":"Point","coordinates":[-68.3360295663581,44.21418282100723]},"properties":{"objtype":"SEAARE","label":"sea area","name":"Bass Harbor Bar","name_lower":"bass harbor bar","chart":"US5ME2EK"}},{"type":"Feature","geometry":{"type":"Point","coordinates":[-68.35126055834886,44.24829896471052]},"properties":{"objtype":"LNDRGN","label":"coastal feature","name":"Anns Point","name_lower":"anns point","chart":"US5ME2EK"}},{"type":"Feature","geometry":{"type":"Point","coordinates":[-68.3645959748008,44.22755537942902]},"properties":{"objtype":"LNDRGN","label":"coastal feature","name":"Lopaus Point","name_lower":"lopaus point","chart":"US5ME2EK"}},{"type":"Feature","geometry":{"type":"Point","coordinates":[-68.33634783289597,44.223597687006425]},"properties":{"objtype":"LNDRGN","label":"coastal feature","name":"Bass Harbor Head","name_lower":"bass harbor head","chart":"US5ME2EK"}},{"type":"Feature","geometry":{"type":"Point","coordinates":[-68.32886449234091,44.19819679040999]},"properties":{"objtype":"LNDRGN","label":"coastal feature","name":"Gotts Island","name_lower":"gotts island","chart":"US5ME2EK"}},{"type":"Feature","geometry":{"type":"Point","coordinates":[-68.38846593840042,44.24570876732559]},"properties":{"objtype":"LNDRGN","label":"coastal feature","name":"Nutter Point","name_lower":"nutter point","chart":"US5ME2EK"}},{"type":"Feature","geometry":{"type":"Point","coordinates":[-68.33802546326585,44.19338753339983]},"properties":{"objtype":"LNDARE","label":"island","name":"Little Gott Island","name_lower":"little gott island","chart":"US5ME2EK"}},{"type":"Feature","geometry":{"type":"Point","coordinates":[-68.36477191776052,44.19038110091699]},"properties":{"objtype":"LNDARE","label":"island","name":"Placentia Island","name_lower":"placentia island","chart":"US5ME2EK"}},{"type":"Feature","geometry":{"type":"Point","coordinates":[-68.32992737203755,44.20226359866656]},"properties":{"objtype":"LNDARE","label":"island","name":"Great Gott Island","name_lower":"great gott island","chart":"US5ME2EK"}},{"type":"Feature","geometry":{"type":"Point","coordinates":[-68.3581843,44.2390792]},"properties":{"objtype":"BUAARE","label":"town","name":"Bernard","name_lower":"bernard","chart":"US5ME2EK"}},{"type":"Feature","geometry":{"type":"Point","coordinates":[-68.3610096,44.2482962]},"properties":{"objtype":"BUAARE","label":"town","name":"Baldwin Corners","name_lower":"baldwin corners","chart":"US5ME2EK"}},{"type":"Feature","geometry":{"type":"Point","coordinates":[-68.25798987363052,44.24947244724726]},"properties":{"objtype":"SEAARE","label":"sea area","name":"Cranberry Harbor","name_lower":"cranberry harbor","chart":"US5ME2EL"}},{"type":"Feature","geometry":{"type":"Point","coordinates":[-68.28093226792663,44.239374058656665]},"properties":{"objtype":"SEAARE","label":"sea area","name":"Cranberry Island Ledge","name_lower":"cranberry island ledge","chart":"US5ME2EL"}},{"type":"Feature","geometry":{"type":"Point","coordinates":[-68.28948343619476,44.245416749127926]},"properties":{"objtype":"SEAARE","label":"sea area","name":"Flynns Ledge","name_lower":"flynns ledge","chart":"US5ME2EL"}},{"type":"Feature","geometry":{"type":"Point","coordinates":[-68.31012649303513,44.22963943172949]},"properties":{"objtype":"SEAARE","label":"sea area","name":"Bennet Cove","name_lower":"bennet cove","chart":"US5ME2EL"}},{"type":"Feature","geometry":{"type":"Point","coordinates":[-68.28961414331977,44.234522274741714]},"properties":{"objtype":"SEAARE","label":"sea area","name":"Western Way","name_lower":"western way","chart":"US5ME2EL"}},{"type":"Feature","geometry":{"type":"Point","coordinates":[-68.28260882733278,44.226059606638756]},"properties":{"objtype":"SEAARE","label":"sea area","name":"South Bunker Ledge","name_lower":"south bunker ledge","chart":"US5ME2EL"}},{"type":"Feature","geometry":{"type":"Point","coordinates":[-68.25401673827429,44.24589445894562]},"properties":{"objtype":"SEAARE","label":"sea area","name":"The Pool","name_lower":"the pool","chart":"US5ME2EL"}},{"type":"Feature","geometry":{"type":"Point","coordinates":[-68.25030629853289,44.235796034414946]},"properties":{"objtype":"LNDRGN","label":"coastal feature","name":"Bunker Head","name_lower":"bunker head","chart":"US5ME2EL"}},{"type":"Feature","geometry":{"type":"Point","coordinates":[-68.27631953965746,44.24722038145632]},"properties":{"objtype":"LNDRGN","label":"coastal feature","name":"Great Head","name_lower":"great head","chart":"US5ME2EL"}},{"type":"Feature","geometry":{"type":"Point","coordinates":[-68.29101109462466,44.24687200417742]},"properties":{"objtype":"LNDRGN","label":"coastal feature","name":"Seawall Point","name_lower":"seawall point","chart":"US5ME2EL"}},{"type":"Feature","geometry":{"type":"Point","coordinates":[-68.26671741836275,44.23423258934272]},"properties":{"objtype":"LNDRGN","label":"coastal feature","name":"Rice Point","name_lower":"rice point","chart":"US5ME2EL"}},{"type":"Feature","geometry":{"type":"Point","coordinates":[-68.2537342,44.23892]},"properties":{"objtype":"LNDRGN","label":"coastal feature","name":"Bulger Hill","name_lower":"bulger hill","chart":"US5ME2EL"}},{"type":"Feature","geometry":{"type":"Point","coordinates":[-68.25040954893493,44.24790442040619]},"properties":{"objtype":"LNDARE","label":"island","name":"Great Cranberry Island","name_lower":"great cranberry island","chart":"US5ME2EL"}},{"type":"Feature","geometry":{"type":"Point","coordinates":[-68.2627675,44.2493428]},"properties":{"objtype":"BUAARE","label":"town","name":"Cranberry Isles","name_lower":"cranberry isles","chart":"US5ME2EL"}},{"type":"Feature","geometry":{"type":"Point","coordinates":[-68.19947232124524,44.23517657761355]},"properties":{"objtype":"SEAARE","label":"sea area","name":"The Thumper","name_lower":"the thumper","chart":"US5ME2EM"}},{"type":"Feature","geometry":{"type":"Point","coordinates":[-68.22093242510238,44.24279385457173]},"properties":{"objtype":"SEAARE","label":"sea area","name":"Whitehorse Ledge","name_lower":"whitehorse ledge","chart":"US5ME2EM"}},{"type":"Feature","geometry":{"type":"Point","coordinates":[-68.22650720665949,44.23992889627835]},"properties":{"objtype":"SEAARE","label":"sea area","name":"Thompson Ledges","name_lower":"thompson ledges","chart":"US5ME2EM"}},{"type":"Feature","geometry":{"type":"Point","coordinates":[-68.21274067818086,44.24396781015559]},"properties":{"objtype":"SEAARE","label":"sea area","name":"Bar Ledges","name_lower":"bar ledges","chart":"US5ME2EM"}},{"type":"Feature","geometry":{"type":"Point","coordinates":[-68.23393185028272,44.23593178105195]},"properties":{"objtype":"SEAARE","label":"sea area","name":"Mackerel Ledges","name_lower":"mackerel ledges","chart":"US5ME2EM"}},{"type":"Feature","geometry":{"type":"Point","coordinates":[-68.23934854491173,44.24741571076751]},"properties":{"objtype":"SEAARE","label":"sea area","name":"The Gut","name_lower":"the gut","chart":"US5ME2EM"}},{"type":"Feature","geometry":{"type":"Point","coordinates":[-68.20867438704404,44.24902564468273]},"properties":{"objtype":"SEAARE","label":"sea area","name":"Green Bar","name_lower":"green bar","chart":"US5ME2EM"}},{"type":"Feature","geometry":{"type":"Point","coordinates":[-68.20512992362328,44.24680276394407]},"properties":{"objtype":"SEAARE","label":"sea area","name":"Gravel Nobble","name_lower":"gravel nobble","chart":"US5ME2EM"}},{"type":"Feature","geometry":{"type":"Point","coordinates":[-68.2447749509837,44.17579560812236]},"properties":{"objtype":"LNDARE","label":"island","name":"Little Duck Island","name_lower":"little duck island","chart":"US5ME2EM"}},{"type":"Feature","geometry":{"type":"Point","coordinates":[-68.1987102731681,44.24158372026205]},"properties":{"objtype":"LNDARE","label":"island","name":"Baker Island","name_lower":"baker island","chart":"US5ME2EM"}},{"type":"Feature","geometry":{"type":"Point","coordinates":[-68.32646768890142,44.288424719338416]},"properties":{"objtype":"SEAARE","label":"sea area","name":"Norwood Cove","name_lower":"norwood cove","chart":"US5ME2FK"}},{"type":"Feature","geometry":{"type":"Point","coordinates":[-68.3877852,44.2958353]},"properties":{"objtype":"LNDRGN","label":"coastal feature","name":"Bald Mountain","name_lower":"bald mountain","chart":"US5ME2FK"}},{"type":"Feature","geometry":{"type":"Point","coordinates":[-68.3812673,44.2758971]},"properties":{"objtype":"LNDRGN","label":"coastal feature","name":"Norwood Ridge","name_lower":"norwood ridge","chart":"US5ME2FK"}},{"type":"Feature","geometry":{"type":"Point","coordinates":[-68.3880453,44.2628798]},"properties":{"objtype":"BUAARE","label":"town","name":"West Tremont","name_lower":"west tremont","chart":"US5ME2FK"}},{"type":"Feature","geometry":{"type":"Point","coordinates":[-68.25512261835246,44.26552524217906]},"properties":{"objtype":"SEAARE","label":"sea area","name":"Gilley Thorofare","name_lower":"gilley thorofare","chart":"US5ME2FL"}},{"type":"Feature","geometry":{"type":"Point","coordinates":[-68.25460497186295,44.28105369492822]},"properties":{"objtype":"SEAARE","label":"sea area","name":"Eastern Way","name_lower":"eastern way","chart":"US5ME2FL"}},{"type":"Feature","geometry":{"type":"Point","coordinates":[-68.26796546747177,44.25890708199038]},"properties":{"objtype":"SEAARE","label":"sea area","name":"Spurling Cove","name_lower":"spurling cove","chart":"US5ME2FL"}},{"type":"Feature","geometry":{"type":"Point","coordinates":[-68.27399412004756,44.25373739877129]},"properties":{"objtype":"SEAARE","label":"sea area","name":"Preble Cove","name_lower":"preble cove","chart":"US5ME2FL"}},{"type":"Feature","geometry":{"type":"Point","coordinates":[-68.27760319208161,44.255738153905966]},"properties":{"objtype":"SEAARE","label":"sea area","name":"Cow Ledge","name_lower":"cow ledge","chart":"US5ME2FL"}},{"type":"Feature","geometry":{"type":"Point","coordinates":[-68.25436291801036,44.2837061263386]},"properties":{"objtype":"SEAARE","label":"sea area","name":"Long Pond Shoal","name_lower":"long pond shoal","chart":"US5ME2FL"}},{"type":"Feature","geometry":{"type":"Point","coordinates":[-68.2542063909809,44.290201826392874]},"properties":{"objtype":"SEAARE","label":"sea area","name":"Bracy Cove","name_lower":"bracy cove","chart":"US5ME2FL"}},{"type":"Feature","geometry":{"type":"Point","coordinates":[-68.29275981833682,44.288400175299685]},"properties":{"objtype":"SEAARE","label":"sea area","name":"Gilpatrick Cove","name_lower":"gilpatrick cove","chart":"US5ME2FL"}},{"type":"Feature","geometry":{"type":"Point","coordinates":[-68.28143776394398,44.29658488203371]},"properties":{"objtype":"SEAARE","label":"sea area","name":"Northeast Harbor","name_lower":"northeast harbor","chart":"US5ME2FL"}},{"type":"Feature","geometry":{"type":"Point","coordinates":[-68.30660816961301,44.29467421197552]},"properties":{"objtype":"SEAARE","label":"sea area","name":"The Narrows","name_lower":"the narrows","chart":"US5ME2FL"}},{"type":"Feature","geometry":{"type":"Point","coordinates":[-68.3150781933003,44.29728910456137]},"properties":{"objtype":"SEAARE","label":"sea area","name":"Fernald Cove","name_lower":"fernald cove","chart":"US5ME2FL"}},{"type":"Feature","geometry":{"type":"Point","coordinates":[-68.29001670779216,44.28563844405]},"properties":{"objtype":"SEAARE","label":"sea area","name":"Gilpatrick Ledge","name_lower":"gilpatrick ledge","chart":"US5ME2FL"}},{"type":"Feature","geometry":{"type":"Point","coordinates":[-68.3048785322554,44.27610456070173]},"properties":{"objtype":"SEAARE","label":"sea area","name":"Greening Ledge","name_lower":"greening ledge","chart":"US5ME2FL"}},{"type":"Feature","geometry":{"type":"Point","coordinates":[-68.31571287416789,44.310021139105075]},"properties":{"objtype":"SEAARE","label":"sea area","name":"Valley Cove","name_lower":"valley cove","chart":"US5ME2FL"}},{"type":"Feature","geometry":{"type":"Point","coordinates":[-68.30884317191996,44.31186474266785]},"properties":{"objtype":"SEAARE","label":"sea area","name":"Somes Sound","name_lower":"somes sound","chart":"US5ME2FL"}},{"type":"Feature","geometry":{"type":"Point","coordinates":[-68.26595611479979,44.289718084031556]},"properties":{"objtype":"SEAARE","label":"sea area","name":"Little Harbor Brook","name_lower":"little harbor brook","chart":"US5ME2FL"}},{"type":"Feature","geometry":{"type":"Point","coordinates":[-68.26359231077927,44.2707741668583]},"properties":{"objtype":"LNDRGN","label":"coastal feature","name":"Fernald Point","name_lower":"fernald point","chart":"US5ME2FL"}},{"type":"Feature","geometry":{"type":"Point","coordinates":[-68.29383817238563,44.28756112658914]},"properties":{"objtype":"LNDRGN","label":"coastal feature","name":"Smallidge Point","name_lower":"smallidge point","chart":"US5ME2FL"}},{"type":"Feature","geometry":{"type":"Point","coordinates":[-68.2757787710689,44.25063150895424]},"properties":{"objtype":"LNDRGN","label":"coastal feature","name":"Little Head","name_lower":"little head","chart":"US5ME2FL"}},{"type":"Feature","geometry":{"type":"Point","coordinates":[-68.28324024305766,44.28582585258018]},"properties":{"objtype":"LNDRGN","label":"coastal feature","name":"Sargent Head","name_lower":"sargent head","chart":"US5ME2FL"}},{"type":"Feature","geometry":{"type":"Point","coordinates":[-68.30357364734814,44.294402271380385]},"properties":{"objtype":"LNDRGN","label":"coastal feature","name":"Manchester Point","name_lower":"manchester point","chart":"US5ME2FL"}},{"type":"Feature","geometry":{"type":"Point","coordinates":[-68.31368567188014,44.29324721632089]},"properties":{"objtype":"LNDRGN","label":"coastal feature","name":"Conner Point","name_lower":"conner point","chart":"US5ME2FL"}},{"type":"Feature","geometry":{"type":"Point","coordinates":[-68.29163601344943,44.27618297540237]},"properties":{"objtype":"LNDRGN","label":"coastal feature","name":"Eastern Point","name_lower":"eastern point","chart":"US5ME2FL"}},{"type":"Feature","geometry":{"type":"Point","coordinates":[-68.261246031871,44.28888150620622]},"properties":{"objtype":"LNDRGN","label":"coastal feature","name":"Pierce Head","name_lower":"pierce head","chart":"US5ME2FL"}},{"type":"Feature","geometry":{"type":"Point","coordinates":[-68.2997564600635,44.267307572259405]},"properties":{"objtype":"LNDRGN","label":"coastal feature","name":"Kings Point","name_lower":"kings point","chart":"US5ME2FL"}},{"type":"Feature","geometry":{"type":"Point","coordinates":[-68.25169120703157,44.257262005353496]},"properties":{"objtype":"LNDRGN","label":"coastal feature","name":"Long Point","name_lower":"long point","chart":"US5ME2FL"}},{"type":"Feature","geometry":{"type":"Point","coordinates":[-68.27398719757096,44.25911945107445]},"properties":{"objtype":"LNDRGN","label":"coastal feature","name":"Spurling Point","name_lower":"spurling point","chart":"US5ME2FL"}},{"type":"Feature","geometry":{"type":"Point","coordinates":[-68.2740363,44.3031699]},"properties":{"objtype":"LNDRGN","label":"coastal feature","name":"Eliot Mountain","name_lower":"eliot mountain","chart":"US5ME2FL"}},{"type":"Feature","geometry":{"type":"Point","coordinates":[-68.3123983,44.2988429]},"properties":{"objtype":"LNDRGN","label":"coastal feature","name":"Jesuit Spring","name_lower":"jesuit spring","chart":"US5ME2FL"}},{"type":"Feature","geometry":{"type":"Point","coordinates":[-68.3143653,44.3023002]},"properties":{"objtype":"LNDRGN","label":"coastal feature","name":"Flying Mountain","name_lower":"flying mountain","chart":"US5ME2FL"}},{"type":"Feature","geometry":{"type":"Point","coordinates":[-68.29961632624868,44.2793890500164]},"properties":{"objtype":"LNDARE","label":"island","name":"Greening Island","name_lower":"greening island","chart":"US5ME2FL"}},{"type":"Feature","geometry":{"type":"Point","coordinates":[-68.25858430280363,44.27338263731582]},"properties":{"objtype":"LNDARE","label":"island","name":"Sutton Island","name_lower":"sutton island","chart":"US5ME2FL"}},{"type":"Feature","geometry":{"type":"Point","coordinates":[-68.2963998,44.251223]},"properties":{"objtype":"BUAARE","label":"town","name":"Seawall","name_lower":"seawall","chart":"US5ME2FL"}},{"type":"Feature","geometry":{"type":"Point","coordinates":[-68.3115599,44.2681728]},"properties":{"objtype":"BUAARE","label":"town","name":"Manset","name_lower":"manset","chart":"US5ME2FL"}},{"type":"Feature","geometry":{"type":"Point","coordinates":[-68.2632433,44.2734841]},"properties":{"objtype":"BUAARE","label":"town","name":"Sutton","name_lower":"sutton","chart":"US5ME2FL"}},{"type":"Feature","geometry":{"type":"Point","coordinates":[-68.2801151,44.3046487]},"properties":{"objtype":"BUAARE","label":"town","name":"Asticou","name_lower":"asticou","chart":"US5ME2FL"}},{"type":"Feature","geometry":{"type":"Point","coordinates":[-68.21798640762734,44.297222830305145]},"properties":{"objtype":"SEAARE","label":"sea area","name":"Hunters Beach Cove","name_lower":"hunters beach cove","chart":"US5ME2FM"}},{"type":"Feature","geometry":{"type":"Point","coordinates":[-68.22264717256319,44.27987090842718]},"properties":{"objtype":"SEAARE","label":"sea area","name":"East Bunker Ledge","name_lower":"east bunker ledge","chart":"US5ME2FM"}},{"type":"Feature","geometry":{"type":"Point","coordinates":[-68.23994961687782,44.258184679553345]},"properties":{"objtype":"SEAARE","label":"sea area","name":"Hadlock Cove","name_lower":"hadlock cove","chart":"US5ME2FM"}},{"type":"Feature","geometry":{"type":"Point","coordinates":[-68.23289938703061,44.27483224976451]},"properties":{"objtype":"SEAARE","label":"sea area","name":"Old Tom","name_lower":"old tom","chart":"US5ME2FM"}},{"type":"Feature","geometry":{"type":"Point","coordinates":[-68.22795403075435,44.25502934559712]},"properties":{"objtype":"SEAARE","label":"sea area","name":"Woodand Ledge","name_lower":"woodand ledge","chart":"US5ME2FM"}},{"type":"Feature","geometry":{"type":"Point","coordinates":[-68.24324143131909,44.28594679091747]},"properties":{"objtype":"SEAARE","label":"sea area","name":"Bowden Ledge","name_lower":"bowden ledge","chart":"US5ME2FM"}},{"type":"Feature","geometry":{"type":"Point","coordinates":[-68.18786221783984,44.321615934780084]},"properties":{"objtype":"SEAARE","label":"sea area","name":"Thunder Hole","name_lower":"thunder hole","chart":"US5ME2FM"}},{"type":"Feature","geometry":{"type":"Point","coordinates":[-68.19749670854512,44.30990943524598]},"properties":{"objtype":"SEAARE","label":"sea area","name":"Otter Cove","name_lower":"otter cove","chart":"US5ME2FM"}},{"type":"Feature","geometry":{"type":"Point","coordinates":[-68.20073914654638,44.25533070176529]},"properties":{"objtype":"SEAARE","label":"sea area","name":"Gilley Ledge","name_lower":"gilley ledge","chart":"US5ME2FM"}},{"type":"Feature","geometry":{"type":"Point","coordinates":[-68.20887967663727,44.26066226261967]},"properties":{"objtype":"SEAARE","label":"sea area","name":"Harding Ledge","name_lower":"harding ledge","chart":"US5ME2FM"}},{"type":"Feature","geometry":{"type":"Point","coordinates":[-68.21330354765885,44.25565538519357]},"properties":{"objtype":"LNDRGN","label":"coastal feature","name":"Bar Point","name_lower":"bar point","chart":"US5ME2FM"}},{"type":"Feature","geometry":{"type":"Point","coordinates":[-68.18905084496426,44.31148740331425]},"properties":{"objtype":"LNDRGN","label":"coastal feature","name":"Otter Cliff","name_lower":"otter cliff","chart":"US5ME2FM"}},{"type":"Feature","geometry":{"type":"Point","coordinates":[-68.24000651396557,44.25193622390101]},"properties":{"objtype":"LNDRGN","label":"coastal feature","name":"The Maypole","name_lower":"the maypole","chart":"US5ME2FM"}},{"type":"Feature","geometry":{"type":"Point","coordinates":[-68.22051492396595,44.29647817104414]},"properties":{"objtype":"LNDRGN","label":"coastal feature","name":"Hunters Beach","name_lower":"hunters beach","chart":"US5ME2FM"}},{"type":"Feature","geometry":{"type":"Point","coordinates":[-68.20294931634555,44.30205260717718]},"properties":{"objtype":"LNDRGN","label":"coastal feature","name":"Western Point","name_lower":"western point","chart":"US5ME2FM"}},{"type":"Feature","geometry":{"type":"Point","coordinates":[-68.24388386064244,44.288610393405364]},"properties":{"objtype":"LNDRGN","label":"coastal feature","name":"Crowninshield Point","name_lower":"crowninshield point","chart":"US5ME2FM"}},{"type":"Feature","geometry":{"type":"Point","coordinates":[-68.2397918085068,44.26466241044704]},"properties":{"objtype":"LNDRGN","label":"coastal feature","name":"Hadlock Point","name_lower":"hadlock point","chart":"US5ME2FM"}},{"type":"Feature","geometry":{"type":"Point","coordinates":[-68.23026120313354,44.26668015893295]},"properties":{"objtype":"LNDRGN","label":"coastal feature","name":"Bunker Neck","name_lower":"bunker neck","chart":"US5ME2FM"}},{"type":"Feature","geometry":{"type":"Point","coordinates":[-68.21563185282032,44.26249178941628]},"properties":{"objtype":"LNDRGN","label":"coastal feature","name":"Marsh Head","name_lower":"marsh head","chart":"US5ME2FM"}},{"type":"Feature","geometry":{"type":"Point","coordinates":[-68.23495449617579,44.28840055970525]},"properties":{"objtype":"LNDRGN","label":"coastal feature","name":"East Point","name_lower":"east point","chart":"US5ME2FM"}},{"type":"Feature","geometry":{"type":"Point","coordinates":[-68.22495843617584,44.29098196603025]},"properties":{"objtype":"LNDRGN","label":"coastal feature","name":"Ingraham Point","name_lower":"ingraham point","chart":"US5ME2FM"}},{"type":"Feature","geometry":{"type":"Point","coordinates":[-68.2372698,44.299781]},"properties":{"objtype":"LNDRGN","label":"coastal feature","name":"Ox Hill","name_lower":"ox hill","chart":"US5ME2FM"}},{"type":"Feature","geometry":{"type":"Point","coordinates":[-68.2324565,44.2558493]},"properties":{"objtype":"LNDRGN","label":"coastal feature","name":"Gilley Beach","name_lower":"gilley beach","chart":"US5ME2FM"}},{"type":"Feature","geometry":{"type":"Point","coordinates":[-68.17969461746559,44.322420313257936]},"properties":{"objtype":"LNDARE","label":"island","name":"Old Soaker","name_lower":"old soaker","chart":"US5ME2FM"}},{"type":"Feature","geometry":{"type":"Point","coordinates":[-68.22871540911265,44.2600897165687]},"properties":{"objtype":"LNDARE","label":"island","name":"Little Cranberry Island","name_lower":"little cranberry island","chart":"US5ME2FM"}},{"type":"Feature","geometry":{"type":"Point","coordinates":[-68.23431351210584,44.26201860760742]},"properties":{"objtype":"BUAARE","label":"town","name":"Islesford","name_lower":"islesford","chart":"US5ME2FM"}},{"type":"Feature","geometry":{"type":"Point","coordinates":[-68.56398398803331,44.37659580372697]},"properties":{"objtype":"SEAARE","label":"sea area","name":"Canary Cove","name_lower":"canary cove","chart":"US5ME2GH"}},{"type":"Feature","geometry":{"type":"Point","coordinates":[-68.57610153106353,44.34932674974055]},"properties":{"objtype":"SEAARE","label":"sea area","name":"Salt Pond","name_lower":"salt pond","chart":"US5ME2GH"}},{"type":"Feature","geometry":{"type":"Point","coordinates":[-68.55192809785274,44.371402829052386]},"properties":{"objtype":"LNDRGN","label":"coastal feature","name":"Stills Point","name_lower":"stills point","chart":"US5ME2GH"}},{"type":"Feature","geometry":{"type":"Point","coordinates":[-68.56159219307516,44.37507000884935]},"properties":{"objtype":"LNDRGN","label":"coastal feature","name":"Mill Island","name_lower":"mill island","chart":"US5ME2GH"}},{"type":"Feature","geometry":{"type":"Point","coordinates":[-68.5934692,44.384865]},"properties":{"objtype":"LNDRGN","label":"coastal feature","name":"Seven Star Hill","name_lower":"seven star hill","chart":"US5ME2GH"}},{"type":"Feature","geometry":{"type":"Point","coordinates":[-68.57519843977707,44.35117853420392]},"properties":{"objtype":"LNDARE","label":"island","name":"Carleton Island","name_lower":"carleton island","chart":"US5ME2GH"}},{"type":"Feature","geometry":{"type":"Point","coordinates":[-68.55859657399878,44.37934176168453]},"properties":{"objtype":"LNDARE","label":"island","name":"The Nub","name_lower":"the nub","chart":"US5ME2GH"}},{"type":"Feature","geometry":{"type":"Point","coordinates":[-68.52961385668014,44.336103025921545]},"properties":{"objtype":"SEAARE","label":"sea area","name":"Salt Camp Cove","name_lower":"salt camp cove","chart":"US5ME2GI"}},{"type":"Feature","geometry":{"type":"Point","coordinates":[-68.51301749119786,44.32505045445477]},"properties":{"objtype":"SEAARE","label":"sea area","name":"Duffy Cove","name_lower":"duffy cove","chart":"US5ME2GI"}},{"type":"Feature","geometry":{"type":"Point","coordinates":[-68.51872040829737,44.396957783117685]},"properties":{"objtype":"SEAARE","label":"sea area","name":"Darling Ledge","name_lower":"darling ledge","chart":"US5ME2GI"}},{"type":"Feature","geometry":{"type":"Point","coordinates":[-68.48766437866912,44.33273568781918]},"properties":{"objtype":"SEAARE","label":"sea area","name":"Dunhams Cove","name_lower":"dunhams cove","chart":"US5ME2GI"}},{"type":"Feature","geometry":{"type":"Point","coordinates":[-68.47789043374713,44.39989298072076]},"properties":{"objtype":"SEAARE","label":"sea area","name":"The Nook","name_lower":"the nook","chart":"US5ME2GI"}},{"type":"Feature","geometry":{"type":"Point","coordinates":[-68.52569153714823,44.32517835660348]},"properties":{"objtype":"LNDRGN","label":"coastal feature","name":"Duffy Point","name_lower":"duffy point","chart":"US5ME2GI"}},{"type":"Feature","geometry":{"type":"Point","coordinates":[-68.32392199706004,44.366344861477096]},"properties":{"objtype":"SEAARE","label":"sea area","name":"Somes Harbor","name_lower":"somes harbor","chart":"US5ME2GL"}},{"type":"Feature","geometry":{"type":"Point","coordinates":[-68.30527196892963,44.34603530754593]},"properties":{"objtype":"SEAARE","label":"sea area","name":"Sargent Cove","name_lower":"sargent cove","chart":"US5ME2GL"}},{"type":"Feature","geometry":{"type":"Point","coordinates":[-68.32091181188284,44.3516844442159]},"properties":{"objtype":"SEAARE","label":"sea area","name":"Myrtle Ledge","name_lower":"myrtle ledge","chart":"US5ME2GL"}},{"type":"Feature","geometry":{"type":"Point","coordinates":[-68.3211918826193,44.3575696163139]},"properties":{"objtype":"LNDRGN","label":"coastal feature","name":"Squantum Point","name_lower":"squantum point","chart":"US5ME2GL"}},{"type":"Feature","geometry":{"type":"Point","coordinates":[-68.30763443097537,44.347716347823464]},"properties":{"objtype":"LNDRGN","label":"coastal feature","name":"Sargent Point","name_lower":"sargent point","chart":"US5ME2GL"}},{"type":"Feature","geometry":{"type":"Point","coordinates":[-68.2542847,44.3417835]},"properties":{"objtype":"BUAARE","label":"town","name":"The Bubbles","name_lower":"the bubbles","chart":"US5ME2GL"}},{"type":"Feature","geometry":{"type":"Point","coordinates":[-68.19292944080783,44.37721709512945]},"properties":{"objtype":"SEAARE","label":"sea area","name":"Compass Harbor","name_lower":"compass harbor","chart":"US5ME2GM"}},{"type":"Feature","geometry":{"type":"Point","coordinates":[-68.1998858334606,44.399540569318546]},"properties":{"objtype":"SEAARE","label":"sea area","name":"Frenchman Bay","name_lower":"frenchman bay","chart":"US5ME2GM"}},{"type":"Feature","geometry":{"type":"Point","coordinates":[-68.18231928844162,44.32731959571527]},"properties":{"objtype":"SEAARE","label":"sea area","name":"Newport Cove","name_lower":"newport cove","chart":"US5ME2GM"}},{"type":"Feature","geometry":{"type":"Point","coordinates":[-68.17815438394128,44.354437106716254]},"properties":{"objtype":"SEAARE","label":"sea area","name":"Newport Ledge","name_lower":"newport ledge","chart":"US5ME2GM"}},{"type":"Feature","geometry":{"type":"Point","coordinates":[-68.19136406778317,44.391764796459995]},"properties":{"objtype":"SEAARE","label":"sea area","name":"Bar Harbor Maine General Anchorage Area A","name_lower":"bar harbor maine general anchorage area a","chart":"US5ME2GM"}},{"type":"Feature","geometry":{"type":"Point","coordinates":[-68.1953648876014,44.38068636811971]},"properties":{"objtype":"SEAARE","label":"sea area","name":"Cromwell Cove","name_lower":"cromwell cove","chart":"US5ME2GM"}},{"type":"Feature","geometry":{"type":"Point","coordinates":[-68.20583149999999,44.391934066666664]},"properties":{"objtype":"SEAARE","label":"sea area","name":"Bar Harbor","name_lower":"bar harbor","chart":"US5ME2GM"}},{"type":"Feature","geometry":{"type":"Point","coordinates":[-68.19406803180813,44.37926240995655]},"properties":{"objtype":"LNDRGN","label":"coastal feature","name":"Ogden Point","name_lower":"ogden point","chart":"US5ME2GM"}},{"type":"Feature","geometry":{"type":"Point","coordinates":[-68.19205008958579,44.37574244406313]},"properties":{"objtype":"LNDRGN","label":"coastal feature","name":"Dorr Point","name_lower":"dorr point","chart":"US5ME2GM"}},{"type":"Feature","geometry":{"type":"Point","coordinates":[-68.18619604418795,44.370116842699446]},"properties":{"objtype":"LNDRGN","label":"coastal feature","name":"Sols Cliff","name_lower":"sols cliff","chart":"US5ME2GM"}},{"type":"Feature","geometry":{"type":"Point","coordinates":[-68.17550393845742,44.343856186017064]},"properties":{"objtype":"LNDRGN","label":"coastal feature","name":"Schooner Head","name_lower":"schooner head","chart":"US5ME2GM"}},{"type":"Feature","geometry":{"type":"Point","coordinates":[-68.2319462,44.3847304]},"properties":{"objtype":"LNDRGN","label":"coastal feature","name":"Great Hill","name_lower":"great hill","chart":"US5ME2GM"}},{"type":"Feature","geometry":{"type":"Point","coordinates":[-68.248288,44.3825001]},"properties":{"objtype":"LNDRGN","label":"coastal feature","name":"Brewer Mountain","name_lower":"brewer mountain","chart":"US5ME2GM"}},{"type":"Feature","geometry":{"type":"Point","coordinates":[-68.18763245337168,44.385138791225366]},"properties":{"objtype":"LNDARE","label":"island","name":"Porcupine Dry Ledge","name_lower":"porcupine dry ledge","chart":"US5ME2GM"}},{"type":"Feature","geometry":{"type":"Point","coordinates":[-68.17670363810925,44.363494172187316]},"properties":{"objtype":"LNDARE","label":"island","name":"The Thrumcap","name_lower":"the thrumcap","chart":"US5ME2GM"}},{"type":"Feature","geometry":{"type":"Point","coordinates":[-68.19368604951109,44.39948988759937]},"properties":{"objtype":"LNDARE","label":"island","name":"Sheep Porcupine Island","name_lower":"sheep porcupine island","chart":"US5ME2GM"}},{"type":"Feature","geometry":{"type":"Point","coordinates":[-68.18152743002027,44.38723501918651]},"properties":{"objtype":"LNDARE","label":"island","name":"Bald Porcupine Island","name_lower":"bald porcupine island","chart":"US5ME2GM"}},{"type":"Feature","geometry":{"type":"Point","coordinates":[-68.12146122609015,44.39595433262659]},"properties":{"objtype":"SEAARE","label":"sea area","name":"Cod Ledges","name_lower":"cod ledges","chart":"US5ME2GN"}},{"type":"Feature","geometry":{"type":"Point","coordinates":[-68.17170044337041,44.335863274320396]},"properties":{"objtype":"SEAARE","label":"sea area","name":"Old Whale Ledge","name_lower":"old whale ledge","chart":"US5ME2GN"}},{"type":"Feature","geometry":{"type":"Point","coordinates":[-68.127695261895,44.399914578162154]},"properties":{"objtype":"SEAARE","label":"sea area","name":"Jordan Harbor","name_lower":"jordan harbor","chart":"US5ME2GN"}},{"type":"Feature","geometry":{"type":"Point","coordinates":[-68.10165430865126,44.3524102090142]},"properties":{"objtype":"SEAARE","label":"sea area","name":"Turtle Island Ledge","name_lower":"turtle island ledge","chart":"US5ME2GN"}},{"type":"Feature","geometry":{"type":"Point","coordinates":[-68.14032222351359,44.35186265717175]},"properties":{"objtype":"SEAARE","label":"sea area","name":"Handiron Ledge","name_lower":"handiron ledge","chart":"US5ME2GN"}},{"type":"Feature","geometry":{"type":"Point","coordinates":[-68.1017952870478,44.38451815076389]},"properties":{"objtype":"LNDRGN","label":"coastal feature","name":"Grindstone Neck","name_lower":"grindstone neck","chart":"US5ME2GN"}},{"type":"Feature","geometry":{"type":"Point","coordinates":[-68.13644371980263,44.38982280618209]},"properties":{"objtype":"LNDARE","label":"island","name":"Ironbound Island","name_lower":"ironbound island","chart":"US5ME2GN"}},{"type":"Feature","geometry":{"type":"Point","coordinates":[-68.1019392905669,44.36126071068967]},"properties":{"objtype":"LNDARE","label":"island","name":"Turtle Island","name_lower":"turtle island","chart":"US5ME2GN"}},{"type":"Feature","geometry":{"type":"Point","coordinates":[-68.09111167200376,44.35429750520273]},"properties":{"objtype":"SEAARE","label":"sea area","name":"White Ledge","name_lower":"white ledge","chart":"US5ME2GO"}},{"type":"Feature","geometry":{"type":"Point","coordinates":[-68.03708485044362,44.36392353388022]},"properties":{"objtype":"SEAARE","label":"sea area","name":"Wonsqueak Harbor","name_lower":"wonsqueak harbor","chart":"US5ME2GO"}},{"type":"Feature","geometry":{"type":"Point","coordinates":[-68.025503595567,44.36863173678937]},"properties":{"objtype":"SEAARE","label":"sea area","name":"Bunkers Ledge","name_lower":"bunkers ledge","chart":"US5ME2GO"}},{"type":"Feature","geometry":{"type":"Point","coordinates":[-68.09689903499309,44.373293731975096]},"properties":{"objtype":"SEAARE","label":"sea area","name":"Pulpit Ledge","name_lower":"pulpit ledge","chart":"US5ME2GO"}},{"type":"Feature","geometry":{"type":"Point","coordinates":[-68.08755304909967,44.38903424019201]},"properties":{"objtype":"SEAARE","label":"sea area","name":"Inner Winter Harbor","name_lower":"inner winter harbor","chart":"US5ME2GO"}},{"type":"Feature","geometry":{"type":"Point","coordinates":[-68.07900895238947,44.385261323248535]},"properties":{"objtype":"SEAARE","label":"sea area","name":"Abijah Ledge","name_lower":"abijah ledge","chart":"US5ME2GO"}},{"type":"Feature","geometry":{"type":"Point","coordinates":[-68.0491605298823,44.33577452760323]},"properties":{"objtype":"SEAARE","label":"sea area","name":"East Pond","name_lower":"east pond","chart":"US5ME2GO"}},{"type":"Feature","geometry":{"type":"Point","coordinates":[-68.03859772084436,44.35349120044942]},"properties":{"objtype":"SEAARE","label":"sea area","name":"Schoodic Harbor","name_lower":"schoodic harbor","chart":"US5ME2GO"}},{"type":"Feature","geometry":{"type":"Point","coordinates":[-68.03543986815592,44.34288937041408]},"properties":{"objtype":"SEAARE","label":"sea area","name":"Schoodic Ledge","name_lower":"schoodic ledge","chart":"US5ME2GO"}},{"type":"Feature","geometry":{"type":"Point","coordinates":[-68.08272633159953,44.39133009655257]},"properties":{"objtype":"SEAARE","label":"sea area","name":"Henry Cove","name_lower":"henry cove","chart":"US5ME2GO"}},{"type":"Feature","geometry":{"type":"Point","coordinates":[-68.06715265788004,44.372433691381204]},"properties":{"objtype":"SEAARE","label":"sea area","name":"Frazer Creek","name_lower":"frazer creek","chart":"US5ME2GO"}},{"type":"Feature","geometry":{"type":"Point","coordinates":[-68.0255334325376,44.35408526066224]},"properties":{"objtype":"SEAARE","label":"sea area","name":"Brown Cow","name_lower":"brown cow","chart":"US5ME2GO"}},{"type":"Feature","geometry":{"type":"Point","coordinates":[-68.03172092780609,44.38384320382731]},"properties":{"objtype":"SEAARE","label":"sea area","name":"Birch Harbor","name_lower":"birch harbor","chart":"US5ME2GO"}},{"type":"Feature","geometry":{"type":"Point","coordinates":[-68.03041332247246,44.37092223526025]},"properties":{"objtype":"SEAARE","label":"sea area","name":"Bunkers Harbor","name_lower":"bunkers harbor","chart":"US5ME2GO"}},{"type":"Feature","geometry":{"type":"Point","coordinates":[-68.02659072831813,44.35627818321653]},"properties":{"objtype":"LNDRGN","label":"coastal feature","name":"Spruce Point","name_lower":"spruce point","chart":"US5ME2GO"}},{"type":"Feature","geometry":{"type":"Point","coordinates":[-68.05648388402999,44.368826073045334]},"properties":{"objtype":"LNDRGN","label":"coastal feature","name":"Schoodic Peninsula","name_lower":"schoodic peninsula","chart":"US5ME2GO"}},{"type":"Feature","geometry":{"type":"Point","coordinates":[-68.08476208463301,44.389278921037096]},"properties":{"objtype":"LNDRGN","label":"coastal feature","name":"Guptill Point","name_lower":"guptill point","chart":"US5ME2GO"}},{"type":"Feature","geometry":{"type":"Point","coordinates":[-68.07519317183487,44.376101929935714]},"properties":{"objtype":"LNDRGN","label":"coastal feature","name":"Frazer Point","name_lower":"frazer point","chart":"US5ME2GO"}},{"type":"Feature","geometry":{"type":"Point","coordinates":[-68.07558519084529,44.383617663223625]},"properties":{"objtype":"LNDRGN","label":"coastal feature","name":"Sargents Point","name_lower":"sargents point","chart":"US5ME2GO"}},{"type":"Feature","geometry":{"type":"Point","coordinates":[-68.0853124092748,44.386509264610666]},"properties":{"objtype":"LNDRGN","label":"coastal feature","name":"Harbor Point","name_lower":"harbor point","chart":"US5ME2GO"}},{"type":"Feature","geometry":{"type":"Point","coordinates":[-68.06195962882362,44.33751946423972]},"properties":{"objtype":"LNDRGN","label":"coastal feature","name":"Big Moose Island","name_lower":"big moose island","chart":"US5ME2GO"}},{"type":"Feature","geometry":{"type":"Point","coordinates":[-68.04927944374421,44.33101530706186]},"properties":{"objtype":"LNDRGN","label":"coastal feature","name":"Schoodic Point","name_lower":"schoodic point","chart":"US5ME2GO"}},{"type":"Feature","geometry":{"type":"Point","coordinates":[-68.08877125618964,44.372039711034226]},"properties":{"objtype":"LNDRGN","label":"coastal feature","name":"Grindstone Point","name_lower":"grindstone point","chart":"US5ME2GO"}},{"type":"Feature","geometry":{"type":"Point","coordinates":[-68.04057556059183,44.35001881349867]},"properties":{"objtype":"LNDARE","label":"island","name":"Rolling Island","name_lower":"rolling island","chart":"US5ME2GO"}},{"type":"Feature","geometry":{"type":"Point","coordinates":[-68.09049672544326,44.36629675119539]},"properties":{"objtype":"LNDARE","label":"island","name":"Ned Island","name_lower":"ned island","chart":"US5ME2GO"}},{"type":"Feature","geometry":{"type":"Point","coordinates":[-68.03240202726748,44.33146826487605]},"properties":{"objtype":"LNDARE","label":"island","name":"Schoodic Island","name_lower":"schoodic island","chart":"US5ME2GO"}},{"type":"Feature","geometry":{"type":"Point","coordinates":[-68.07452119050636,44.3813076015358]},"properties":{"objtype":"LNDARE","label":"island","name":"Sargents Island","name_lower":"sargents island","chart":"US5ME2GO"}},{"type":"Feature","geometry":{"type":"Point","coordinates":[-68.0737115369973,44.37815383176431]},"properties":{"objtype":"LNDARE","label":"island","name":"Norris Island","name_lower":"norris island","chart":"US5ME2GO"}},{"type":"Feature","geometry":{"type":"Point","coordinates":[-68.04947021842307,44.334185459966406]},"properties":{"objtype":"LNDARE","label":"island","name":"Little Moose Island","name_lower":"little moose island","chart":"US5ME2GO"}},{"type":"Feature","geometry":{"type":"Point","coordinates":[-68.0516541,44.3416821]},"properties":{"objtype":"BUAARE","label":"town","name":"The Anvil","name_lower":"the anvil","chart":"US5ME2GO"}},{"type":"Feature","geometry":{"type":"Point","coordinates":[-69.0738081,43.9642491]},"properties":{"objtype":"LIGHTS","label":"light","name":"Two Bush Island Light","name_lower":"two bush island light"}},{"type":"Feature","geometry":{"type":"Point","coordinates":[-69.0775453,44.104041]},"properties":{"objtype":"LIGHTS","label":"light","name":"Rockland Breakwater Light","name_lower":"rockland breakwater light"}},{"type":"Feature","geometry":{"type":"Point","coordinates":[-69.0488586,44.2013661]},"properties":{"objtype":"LIGHTS","label":"light","name":"Curtis Island Lighthouse","name_lower":"curtis island lighthouse"}},{"type":"Feature","geometry":{"type":"Point","coordinates":[-68.811755,44.467118]},"properties":{"objtype":"LIGHTS","label":"light","name":"Fort Point Light","name_lower":"fort point light"}},{"type":"Feature","geometry":{"type":"Point","coordinates":[-68.943045,44.281411]},"properties":{"objtype":"LIGHTS","label":"light","name":"Grindel Point Light","name_lower":"grindel point light"}},{"type":"Feature","geometry":{"type":"Point","coordinates":[-68.7032736,44.1343669]},"properties":{"objtype":"LIGHTS","label":"light","name":"Deer Island Thorofare Light Station","name_lower":"deer island thorofare light station"}},{"type":"Feature","geometry":{"type":"Point","coordinates":[-68.7677717,44.2176662]},"properties":{"objtype":"LIGHTS","label":"light","name":"Eagle Island Light","name_lower":"eagle island light"}},{"type":"Feature","geometry":{"type":"Point","coordinates":[-68.8550331,43.7834728]},"properties":{"objtype":"LIGHTS","label":"light","name":"Matinicus Rock Light Station","name_lower":"matinicus rock light station"}},{"type":"Feature","geometry":{"type":"Point","coordinates":[-68.4976906,44.2487189]},"properties":{"objtype":"LIGHTS","label":"light","name":"Blue Hill Bay Light","name_lower":"blue hill bay light"}},{"type":"Feature","geometry":{"type":"Point","coordinates":[-68.4471667,44.1341111]},"properties":{"objtype":"LIGHTS","label":"light","name":"Burnt Coat Harbor Lighthouse","name_lower":"burnt coat harbor lighthouse"}},{"type":"Feature","geometry":{"type":"Point","coordinates":[-68.2697222,44.2833333]},"properties":{"objtype":"LIGHTS","label":"light","name":"Bear Island Light Station","name_lower":"bear island light station"}},{"type":"Feature","geometry":{"type":"Point","coordinates":[-68.1383155,44.3539561]},"properties":{"objtype":"LIGHTS","label":"light","name":"Egg Rock Light Station","name_lower":"egg rock light station"}},{"type":"Feature","geometry":{"type":"Point","coordinates":[-68.8719027,44.1273305]},"properties":{"objtype":"OSMPOI","label":"marina","name":"Brown's Boat Yard","name_lower":"brown's boat yard","source":"osm_poi"}},{"type":"Feature","geometry":{"type":"Point","coordinates":[-68.8763137,44.1380938]},"properties":{"objtype":"OSMPOI","label":"marina","name":"Thayer Boat Yard","name_lower":"thayer boat yard","source":"osm_poi"}},{"type":"Feature","geometry":{"type":"Point","coordinates":[-68.2117229,44.3907075]},"properties":{"objtype":"OSMPOI","label":"marina","name":"Saltair Inn","name_lower":"saltair inn","source":"osm_poi"}},{"type":"Feature","geometry":{"type":"Point","coordinates":[-68.5556387,44.2494521]},"properties":{"objtype":"OSMPOI","label":"school","name":"The WoodenBoat School","name_lower":"the woodenboat school","source":"osm_poi"}},{"type":"Feature","geometry":{"type":"Point","coordinates":[-69.0641434,44.2095588]},"properties":{"objtype":"OSMPOI","label":"marina","name":"Harbor Master Office","name_lower":"harbor master office","source":"osm_poi"}},{"type":"Feature","geometry":{"type":"Point","coordinates":[-69.1084143,44.1082078]},"properties":{"objtype":"OSMPOI","label":"marina","name":"Knight's Marine Service","name_lower":"knight's marine service","source":"osm_poi"}},{"type":"Feature","geometry":{"type":"Point","coordinates":[-68.6678587,44.1511261]},"properties":{"objtype":"OSMPOI","label":"marina","name":"Stonington Harbor","name_lower":"stonington harbor","source":"osm_poi"}},{"type":"Feature","geometry":{"type":"Point","coordinates":[-68.694377,44.7593261]},"properties":{"objtype":"OSMPOI","label":"boatbuilder","name":"Port Harbor Marine","name_lower":"port harbor marine","source":"osm_poi"}},{"type":"Feature","geometry":{"type":"Point","coordinates":[-68.5673561,44.6664787]},"properties":{"objtype":"OSMPOI","label":"boatbuilder","name":"M3","name_lower":"m3","source":"osm_poi"}},{"type":"Feature","geometry":{"type":"Point","coordinates":[-68.2840306,44.2953312]},"properties":{"objtype":"OSMPOI","label":"marina","name":"Northeast Harbor Marina","name_lower":"northeast harbor marina","source":"osm_poi"}},{"type":"Feature","geometry":{"type":"Point","coordinates":[-68.2057044,44.5196607]},"properties":{"objtype":"OSMPOI","label":"marina","name":"Sullivan Marina","name_lower":"sullivan marina","source":"osm_poi"}},{"type":"Feature","geometry":{"type":"Point","coordinates":[-68.1820373,44.4713791]},"properties":{"objtype":"OSMPOI","label":"marina","name":"Sorrento Marina","name_lower":"sorrento marina","source":"osm_poi"}},{"type":"Feature","geometry":{"type":"Point","coordinates":[-68.1833642,44.4763065]},"properties":{"objtype":"OSMPOI","label":"marina","name":"Back Cove Marina","name_lower":"back cove marina","source":"osm_poi"}},{"type":"Feature","geometry":{"type":"Point","coordinates":[-68.4213737,44.535235]},"properties":{"objtype":"OSMPOI","label":"marina","name":"Ellsworth Waterfront Marina","name_lower":"ellsworth waterfront marina","source":"osm_poi"}},{"type":"Feature","geometry":{"type":"Point","coordinates":[-68.555493,44.2446198]},"properties":{"objtype":"OSMPOI","label":"marina","name":"Wooden Boat School Moorings","name_lower":"wooden boat school moorings","source":"osm_poi"}},{"type":"Feature","geometry":{"type":"Point","coordinates":[-68.7955491,44.3885597]},"properties":{"objtype":"OSMPOI","label":"marina","name":"Eaton's Boatyard","name_lower":"eaton's boatyard","source":"osm_poi"}},{"type":"Feature","geometry":{"type":"Point","coordinates":[-69.1051361,44.0995247]},"properties":{"objtype":"OSMPOI","label":"marina","name":"Safe Harbor Marina","name_lower":"safe harbor marina","source":"osm_poi"}},{"type":"Feature","geometry":{"type":"Point","coordinates":[-69.1070378,44.1004414]},"properties":{"objtype":"OSMPOI","label":"marina","name":"Rockland Harbor Master Office","name_lower":"rockland harbor master office","source":"osm_poi"}},{"type":"Feature","geometry":{"type":"Point","coordinates":[-69.1050858,44.1022717]},"properties":{"objtype":"OSMPOI","label":"marina","name":"Landings Marina","name_lower":"landings marina","source":"osm_poi"}},{"type":"Feature","geometry":{"type":"Point","coordinates":[-69.1033813,44.1035355]},"properties":{"objtype":"OSMPOI","label":"marina","name":"Crane Dock","name_lower":"crane dock","source":"osm_poi"}},{"type":"Feature","geometry":{"type":"Point","coordinates":[-69.1031615,44.1043587]},"properties":{"objtype":"OSMPOI","label":"marina","name":"Journey's End Marina","name_lower":"journey's end marina","source":"osm_poi"}},{"type":"Feature","geometry":{"type":"Point","coordinates":[-69.0099179,44.4307355]},"properties":{"objtype":"OSMPOI","label":"boatbuilder","name":"Front Street Shipyard","name_lower":"front street shipyard","source":"osm_poi"}},{"type":"Feature","geometry":{"type":"Point","coordinates":[-68.7941357,44.3905379]},"properties":{"objtype":"OSMPOI","label":"marina","name":"Castine Yacht Club","name_lower":"castine yacht club","source":"osm_poi"}},{"type":"Feature","geometry":{"type":"Point","coordinates":[-69.583833,43.8662349]},"properties":{"objtype":"OSMPOI","label":"marina","name":"Ocean Point Marina","name_lower":"ocean point marina","source":"osm_poi"}},{"type":"Feature","geometry":{"type":"Point","coordinates":[-69.5831647,43.8643505]},"properties":{"objtype":"OSMPOI","label":"boatbuilder","name":"Hodgdon Yachts","name_lower":"hodgdon yachts","source":"osm_poi"}},{"type":"Feature","geometry":{"type":"Point","coordinates":[-69.5814065,43.8643741]},"properties":{"objtype":"OSMPOI","label":"boatbuilder","name":"Washburn & Doughty Associates, Inc.","name_lower":"washburn & doughty associates, inc.","source":"osm_poi"}},{"type":"Feature","geometry":{"type":"Point","coordinates":[-68.0918801,44.3833824]},"properties":{"objtype":"OSMPOI","label":"marina","name":"Winter Harbor Yacht Club","name_lower":"winter harbor yacht club","source":"osm_poi"}},{"type":"Feature","geometry":{"type":"Point","coordinates":[-69.5571702,43.8632923]},"properties":{"objtype":"OSMPOI","label":"boatbuilder","name":"Bittersweet Landing Boatyard","name_lower":"bittersweet landing boatyard","source":"osm_poi"}},{"type":"Feature","geometry":{"type":"Point","coordinates":[-69.5614377,43.8638663]},"properties":{"objtype":"OSMPOI","label":"boatbuilder","name":"Gamage Shipyard","name_lower":"gamage shipyard","source":"osm_poi"}},{"type":"Feature","geometry":{"type":"Point","coordinates":[-69.5537109,43.8447542]},"properties":{"objtype":"OSMPOI","label":"marina","name":"Christmas Cove Yacht Club","name_lower":"christmas cove yacht club","source":"osm_poi"}},{"type":"Feature","geometry":{"type":"Point","coordinates":[-69.118673,44.0889797]},"properties":{"objtype":"OSMPOI","label":"boatbuilder","name":"North End Composites/ Sabre","name_lower":"north end composites/ sabre","source":"osm_poi"}},{"type":"Feature","geometry":{"type":"Point","coordinates":[-69.1173306,44.0894017]},"properties":{"objtype":"OSMPOI","label":"boatbuilder","name":"Back Cove Yachts","name_lower":"back cove yachts","source":"osm_poi"}},{"type":"Feature","geometry":{"type":"Point","coordinates":[-69.5412324,44.0299586]},"properties":{"objtype":"OSMPOI","label":"boatbuilder","name":"Riverside Boat Company","name_lower":"riverside boat company","source":"osm_poi"}},{"type":"Feature","geometry":{"type":"Point","coordinates":[-69.5403381,44.0358068]},"properties":{"objtype":"OSMPOI","label":"boatbuilder","name":"Newcastle Marine","name_lower":"newcastle marine","source":"osm_poi"}},{"type":"Feature","geometry":{"type":"Point","coordinates":[-68.5798919,44.2626074]},"properties":{"objtype":"OSMPOI","label":"boatbuilder","name":"Brooklin Boat Yard Main Shop","name_lower":"brooklin boat yard main shop","source":"osm_poi"}},{"type":"Feature","geometry":{"type":"Point","coordinates":[-69.1074581,44.110551]},"properties":{"objtype":"OSMPOI","label":"marina","name":"The Apprentice Shop","name_lower":"the apprentice shop","source":"osm_poi"}}]}