{"type":"FeatureCollection","features":[{"type":"Feature","geometry":{"type":"Point","coordinates":[-70.808119,42.906226]},"properties":{"objtype":"SOUNDG","valsou":1.5,"chart":"US4NH1BC"}},{"type":"Feature","geometry":{"type":"Point","coordinates":[-70.807675,42.901084]},"properties":{"objtype":"SOUNDG","valsou":0.9,"chart":"US4NH1BC"}},{"type":"Feature","geometry":{"type":"Point","coordinates":[-70.804751,42.901084]},"properties":{"objtype":"SOUNDG","valsou":2.7,"chart":"US4NH1BC"}},{"type":"Feature","geometry":{"type":"Point","coordinates":[-70.803752,42.903587]},"properties":{"objtype":"SOUNDG","valsou":4.5,"chart":"US4NH1BC"}},{"type":"Feature","geometry":{"type":"Point","coordinates":[-70.80353,42.906934]},"properties":{"objtype":"SOUNDG","valsou":5.1,"chart":"US4NH1BC"}},{"type":"Feature","geometry":{"type":"Point","coordinates":[-70.803792,42.916157]},"properties":{"objtype":"SOUNDG","valsou":0.6,"chart":"US5NH1AD"}},{"type":"Feature","geometry":{"type":"Point","coordinates":[-70.801994,42.909504]},"properties":{"objtype":"SOUNDG","valsou":5.1,"chart":"US4NH1BC"}},{"type":"Feature","geometry":{"type":"Point","coordinates":[-70.798719,42.907723]},"properties":{"objtype":"SOUNDG","valsou":6.7,"chart":"US4NH1BD"}},{"type":"Feature","geometry":{"type":"Point","coordinates":[-70.798682,42.903832]},"properties":{"objtype":"SOUNDG","valsou":7.9,"chart":"US4NH1BD"}},{"type":"Feature","geometry":{"type":"Point","coordinates":[-70.79717,42.911605]},"properties":{"objtype":"SOUNDG","valsou":6.0,"chart":"US4NH1BD"}},{"type":"Feature","geometry":{"type":"Point","coordinates":[-70.796253,42.927376]},"properties":{"objtype":"SOUNDG","valsou":0.3,"chart":"US4NH1BD"}},{"type":"Feature","geometry":{"type":"Point","coordinates":[-70.795498,42.922044]},"properties":{"objtype":"SOUNDG","valsou":1.2,"chart":"US4NH1BD"}},{"type":"Feature","geometry":{"type":"Point","coordinates":[-70.795444,42.915924]},"properties":{"objtype":"SOUNDG","valsou":3.3,"chart":"US4NH1BD"}},{"type":"Feature","geometry":{"type":"Point","coordinates":[-70.794374,42.930794]},"properties":{"objtype":"SOUNDG","valsou":2.1,"chart":"US4NH1BD"}},{"type":"Feature","geometry":{"type":"Point","coordinates":[-70.79437,42.908253]},"properties":{"objtype":"SOUNDG","valsou":7.9,"chart":"US4NH1BD"}},{"type":"Feature","geometry":{"type":"Point","coordinates":[-70.793419,42.935647]},"properties":{"objtype":"SOUNDG","valsou":0.6,"chart":"US4NH1BD"}},{"type":"Feature","geometry":{"type":"Point","coordinates":[-70.795496,42.924801]},"properties":{"objtype":"SOUNDG","valsou":1.5,"chart":"US5NH1AE"}},{"type":"Feature","geometry":{"type":"Point","coordinates":[-70.792159,42.938893]},"properties":{"objtype":"SOUNDG","valsou":0.9,"chart":"US4NH1BD"}},{"type":"Feature","geometry":{"type":"Point","coordinates":[-70.792432,42.922256]},"properties":{"objtype":"SOUNDG","valsou":2.7,"chart":"US5NH1AE"}},{"type":"Feature","geometry":{"type":"Point","coordinates":[-70.791077,42.91587]},"properties":{"objtype":"SOUNDG","valsou":2.7,"chart":"US4NH1BD"}},{"type":"Feature","geometry":{"type":"Point","coordinates":[-70.790799,42.905818]},"properties":{"objtype":"SOUNDG","valsou":10.0,"chart":"US4NH1BD"}},{"type":"Feature","geometry":{"type":"Point","coordinates":[-70.790651,42.902853]},"properties":{"objtype":"SOUNDG","valsou":11.2,"chart":"US4NH1BD"}},{"type":"Feature","geometry":{"type":"Point","coordinates":[-70.789009,42.941402]},"properties":{"objtype":"SOUNDG","valsou":0.9,"chart":"US4NH1BD"}},{"type":"Feature","geometry":{"type":"Point","coordinates":[-70.788675,42.926672]},"properties":{"objtype":"SOUNDG","valsou":7.0,"chart":"US4NH1BD"}},{"type":"Feature","geometry":{"type":"Point","coordinates":[-70.788625,42.93067]},"properties":{"objtype":"SOUNDG","valsou":6.7,"chart":"US4NH1BD"}},{"type":"Feature","geometry":{"type":"Point","coordinates":[-70.788338,42.909069]},"properties":{"objtype":"SOUNDG","valsou":11.2,"chart":"US4NH1BD"}},{"type":"Feature","geometry":{"type":"Point","coordinates":[-70.787691,42.920099]},"properties":{"objtype":"SOUNDG","valsou":6.7,"chart":"US4NH1BD"}},{"type":"Feature","geometry":{"type":"Point","coordinates":[-70.788176,42.936082]},"properties":{"objtype":"SOUNDG","valsou":2.7,"chart":"US5NH1AE"}},{"type":"Feature","geometry":{"type":"Point","coordinates":[-70.786654,42.901928]},"properties":{"objtype":"SOUNDG","valsou":15.2,"chart":"US4NH1BD"}},{"type":"Feature","geometry":{"type":"Point","coordinates":[-70.786414,42.912878]},"properties":{"objtype":"SOUNDG","valsou":11.8,"chart":"US4NH1BD"}},{"type":"Feature","geometry":{"type":"Point","coordinates":[-70.78575,42.939871]},"properties":{"objtype":"SOUNDG","valsou":2.1,"chart":"US4NH1BD"}},{"type":"Feature","geometry":{"type":"Point","coordinates":[-70.784527,42.937372]},"properties":{"objtype":"SOUNDG","valsou":7.0,"chart":"US4NH1BD"}},{"type":"Feature","geometry":{"type":"Point","coordinates":[-70.784378,42.948654]},"properties":{"objtype":"SOUNDG","valsou":0.9,"chart":"US4NH1BD"}},{"type":"Feature","geometry":{"type":"Point","coordinates":[-70.784278,42.921233]},"properties":{"objtype":"SOUNDG","valsou":11.2,"chart":"US4NH1BD"}},{"type":"Feature","geometry":{"type":"Point","coordinates":[-70.785483,42.942066]},"properties":{"objtype":"SOUNDG","valsou":0.6,"chart":"US5NH1AE"}},{"type":"Feature","geometry":{"type":"Point","coordinates":[-70.783546,42.90424]},"properties":{"objtype":"SOUNDG","valsou":7.9,"chart":"US4NH1BD"}},{"type":"Feature","geometry":{"type":"Point","coordinates":[-70.783472,42.917352]},"properties":{"objtype":"SOUNDG","valsou":10.9,"chart":"US4NH1BD"}},{"type":"Feature","geometry":{"type":"Point","coordinates":[-70.782935,42.91081]},"properties":{"objtype":"SOUNDG","valsou":16.7,"chart":"US4NH1BD"}},{"type":"Feature","geometry":{"type":"Point","coordinates":[-70.781919,42.929912]},"properties":{"objtype":"SOUNDG","valsou":7.3,"chart":"US5NH1AE"}},{"type":"Feature","geometry":{"type":"Point","coordinates":[-70.782946,42.943403]},"properties":{"objtype":"SOUNDG","valsou":1.2,"chart":"US5NH1AE"}},{"type":"Feature","geometry":{"type":"Point","coordinates":[-70.782276,42.949069]},"properties":{"objtype":"SOUNDG","valsou":3.9,"chart":"US5NH1AE"}},{"type":"Feature","geometry":{"type":"Point","coordinates":[-70.781115,42.951913]},"properties":{"objtype":"SOUNDG","valsou":0.9,"chart":"US4NH1BD"}},{"type":"Feature","geometry":{"type":"Point","coordinates":[-70.782414,42.935163]},"properties":{"objtype":"SOUNDG","valsou":10.0,"chart":"US5NH1AE"}},{"type":"Feature","geometry":{"type":"Point","coordinates":[-70.7801,42.926302]},"properties":{"objtype":"SOUNDG","valsou":11.2,"chart":"US5NH1AE"}},{"type":"Feature","geometry":{"type":"Point","coordinates":[-70.779912,42.944416]},"properties":{"objtype":"SOUNDG","valsou":2.7,"chart":"US4NH1BD"}},{"type":"Feature","geometry":{"type":"Point","coordinates":[-70.779693,42.938234]},"properties":{"objtype":"SOUNDG","valsou":10.0,"chart":"US4NH1BD"}},{"type":"Feature","geometry":{"type":"Point","coordinates":[-70.779132,42.948865]},"properties":{"objtype":"SOUNDG","valsou":7.6,"chart":"US5NH1AE"}},{"type":"Feature","geometry":{"type":"Point","coordinates":[-70.77853,42.953521]},"properties":{"objtype":"SOUNDG","valsou":1.2,"chart":"US5NH1AE"}},{"type":"Feature","geometry":{"type":"Point","coordinates":[-70.776992,42.905207]},"properties":{"objtype":"SOUNDG","valsou":10.9,"chart":"US4NH1BD"}},{"type":"Feature","geometry":{"type":"Point","coordinates":[-70.776518,42.943293]},"properties":{"objtype":"SOUNDG","valsou":12.1,"chart":"US4NH1BD"}},{"type":"Feature","geometry":{"type":"Point","coordinates":[-70.777239,42.952965]},"properties":{"objtype":"SOUNDG","valsou":0.6,"chart":"US5NH1AE"}},{"type":"Feature","geometry":{"type":"Point","coordinates":[-70.775167,42.934273]},"properties":{"objtype":"SOUNDG","valsou":14.9,"chart":"US4NH1BD"}},{"type":"Feature","geometry":{"type":"Point","coordinates":[-70.774404,42.912982]},"properties":{"objtype":"SOUNDG","valsou":23.4,"chart":"US4NH1BD"}},{"type":"Feature","geometry":{"type":"Point","coordinates":[-70.773178,42.938504]},"properties":{"objtype":"SOUNDG","valsou":12.1,"chart":"US4NH1BD"}},{"type":"Feature","geometry":{"type":"Point","coordinates":[-70.773154,42.920701]},"properties":{"objtype":"SOUNDG","valsou":20.1,"chart":"US4NH1BD"}},{"type":"Feature","geometry":{"type":"Point","coordinates":[-70.773083,42.955396]},"properties":{"objtype":"SOUNDG","valsou":1.5,"chart":"US4NH1BD"}},{"type":"Feature","geometry":{"type":"Point","coordinates":[-70.773217,42.949498]},"properties":{"objtype":"SOUNDG","valsou":11.5,"chart":"US5NH1AE"}},{"type":"Feature","geometry":{"type":"Point","coordinates":[-70.772114,42.929179]},"properties":{"objtype":"SOUNDG","valsou":14.9,"chart":"US4NH1BD"}},{"type":"Feature","geometry":{"type":"Point","coordinates":[-70.771241,42.916426]},"properties":{"objtype":"SOUNDG","valsou":16.7,"chart":"US4NH1BD"}},{"type":"Feature","geometry":{"type":"Point","coordinates":[-70.771049,42.941442]},"properties":{"objtype":"SOUNDG","valsou":10.0,"chart":"US4NH1BD"}},{"type":"Feature","geometry":{"type":"Point","coordinates":[-70.770328,42.958187]},"properties":{"objtype":"SOUNDG","valsou":2.1,"chart":"US5NH1AE"}},{"type":"Feature","geometry":{"type":"Point","coordinates":[-70.770316,42.904862]},"properties":{"objtype":"SOUNDG","valsou":12.1,"chart":"US4NH1BD"}},{"type":"Feature","geometry":{"type":"Point","coordinates":[-70.769986,42.960683]},"properties":{"objtype":"SOUNDG","valsou":0.9,"chart":"US4NH1BD"}},{"type":"Feature","geometry":{"type":"Point","coordinates":[-70.768222,42.933471]},"properties":{"objtype":"SOUNDG","valsou":19.8,"chart":"US4NH1BD"}},{"type":"Feature","geometry":{"type":"Point","coordinates":[-70.768131,42.969989]},"properties":{"objtype":"SOUNDG","valsou":1.2,"chart":"US4NH1BD"}},{"type":"Feature","geometry":{"type":"Point","coordinates":[-70.768028,42.96615]},"properties":{"objtype":"SOUNDG","valsou":3.0,"chart":"US4NH1BD"}},{"type":"Feature","geometry":{"type":"Point","coordinates":[-70.765548,42.95574]},"properties":{"objtype":"SOUNDG","valsou":2.4,"chart":"US4NH1BD"}},{"type":"Feature","geometry":{"type":"Point","coordinates":[-70.767532,42.963309]},"properties":{"objtype":"SOUNDG","valsou":0.3,"chart":"US5NH1AE"}},{"type":"Feature","geometry":{"type":"Point","coordinates":[-70.767116,42.926203]},"properties":{"objtype":"SOUNDG","valsou":19.2,"chart":"US4NH1BD"}},{"type":"Feature","geometry":{"type":"Point","coordinates":[-70.767109,42.947853]},"properties":{"objtype":"SOUNDG","valsou":10.3,"chart":"US4NH1BD"}},{"type":"Feature","geometry":{"type":"Point","coordinates":[-70.766228,42.945139]},"properties":{"objtype":"SOUNDG","valsou":10.6,"chart":"US5NH1AE"}},{"type":"Feature","geometry":{"type":"Point","coordinates":[-70.765626,42.951696]},"properties":{"objtype":"SOUNDG","valsou":6.7,"chart":"US4NH1BD"}},{"type":"Feature","geometry":{"type":"Point","coordinates":[-70.763021,42.970222]},"properties":{"objtype":"SOUNDG","valsou":3.9,"chart":"US5NH1AE"}},{"type":"Feature","geometry":{"type":"Point","coordinates":[-70.764694,42.900758]},"properties":{"objtype":"SOUNDG","valsou":25.9,"chart":"US4NH1BD"}},{"type":"Feature","geometry":{"type":"Point","coordinates":[-70.763911,42.956737]},"properties":{"objtype":"SOUNDG","valsou":7.9,"chart":"US5NH1AE"}},{"type":"Feature","geometry":{"type":"Point","coordinates":[-70.764935,42.959963]},"properties":{"objtype":"SOUNDG","valsou":7.9,"chart":"US5NH1AE"}},{"type":"Feature","geometry":{"type":"Point","coordinates":[-70.762886,42.931725]},"properties":{"objtype":"SOUNDG","valsou":22.2,"chart":"US4NH1BD"}},{"type":"Feature","geometry":{"type":"Point","coordinates":[-70.761278,42.950366]},"properties":{"objtype":"SOUNDG","valsou":13.7,"chart":"US5NH1AE"}},{"type":"Feature","geometry":{"type":"Point","coordinates":[-70.761605,42.939851]},"properties":{"objtype":"SOUNDG","valsou":19.8,"chart":"US4NH1BD"}},{"type":"Feature","geometry":{"type":"Point","coordinates":[-70.76194,42.966709]},"properties":{"objtype":"SOUNDG","valsou":10.3,"chart":"US5NH1AE"}},{"type":"Feature","geometry":{"type":"Point","coordinates":[-70.761917,42.973828]},"properties":{"objtype":"SOUNDG","valsou":0.9,"chart":"US5NH1AE"}},{"type":"Feature","geometry":{"type":"Point","coordinates":[-70.760582,42.983759]},"properties":{"objtype":"SOUNDG","valsou":0.3,"chart":"US4NH1BD"}},{"type":"Feature","geometry":{"type":"Point","coordinates":[-70.760193,42.912293]},"properties":{"objtype":"SOUNDG","valsou":12.1,"chart":"US4NH1BD"}},{"type":"Feature","geometry":{"type":"Point","coordinates":[-70.760193,42.919984]},"properties":{"objtype":"SOUNDG","valsou":25.9,"chart":"US4NH1BD"}},{"type":"Feature","geometry":{"type":"Point","coordinates":[-70.761396,42.981679]},"properties":{"objtype":"SOUNDG","valsou":0.9,"chart":"US5PSMBC"}},{"type":"Feature","geometry":{"type":"Point","coordinates":[-70.759394,42.954826]},"properties":{"objtype":"SOUNDG","valsou":6.0,"chart":"US5NH1AE"}},{"type":"Feature","geometry":{"type":"Point","coordinates":[-70.758266,42.927279]},"properties":{"objtype":"SOUNDG","valsou":24.9,"chart":"US4NH1BD"}},{"type":"Feature","geometry":{"type":"Point","coordinates":[-70.759416,42.981645]},"properties":{"objtype":"SOUNDG","valsou":2.4,"chart":"US5PSMBC"}},{"type":"Feature","geometry":{"type":"Point","coordinates":[-70.757779,42.945129]},"properties":{"objtype":"SOUNDG","valsou":17.6,"chart":"US4NH1BD"}},{"type":"Feature","geometry":{"type":"Point","coordinates":[-70.757518,42.934857]},"properties":{"objtype":"SOUNDG","valsou":23.7,"chart":"US4NH1BD"}},{"type":"Feature","geometry":{"type":"Point","coordinates":[-70.759439,42.984535]},"properties":{"objtype":"SOUNDG","valsou":1.2,"chart":"US5PSMBC"}},{"type":"Feature","geometry":{"type":"Point","coordinates":[-70.757357,42.959125]},"properties":{"objtype":"SOUNDG","valsou":13.7,"chart":"US4NH1BD"}},{"type":"Feature","geometry":{"type":"Point","coordinates":[-70.757304,42.917]},"properties":{"objtype":"SOUNDG","valsou":23.4,"chart":"US4NH1BD"}},{"type":"Feature","geometry":{"type":"Point","coordinates":[-70.756599,42.976592]},"properties":{"objtype":"SOUNDG","valsou":3.3,"chart":"US4NH1BD"}},{"type":"Feature","geometry":{"type":"Point","coordinates":[-70.75637,42.971388]},"properties":{"objtype":"SOUNDG","valsou":3.0,"chart":"US4NH1BD"}},{"type":"Feature","geometry":{"type":"Point","coordinates":[-70.75548,42.903255]},"properties":{"objtype":"SOUNDG","valsou":19.8,"chart":"US4NH1BD"}},{"type":"Feature","geometry":{"type":"Point","coordinates":[-70.754981,42.964477]},"properties":{"objtype":"SOUNDG","valsou":14.0,"chart":"US4NH1BD"}},{"type":"Feature","geometry":{"type":"Point","coordinates":[-70.754577,42.940941]},"properties":{"objtype":"SOUNDG","valsou":17.6,"chart":"US4NH1BD"}},{"type":"Feature","geometry":{"type":"Point","coordinates":[-70.754415,42.909912]},"properties":{"objtype":"SOUNDG","valsou":21.0,"chart":"US4NH1BD"}},{"type":"Feature","geometry":{"type":"Point","coordinates":[-70.756154,42.989939]},"properties":{"objtype":"SOUNDG","valsou":0.6,"chart":"US5PSMBC"}},{"type":"Feature","geometry":{"type":"Point","coordinates":[-70.753452,42.957118]},"properties":{"objtype":"SOUNDG","valsou":16.4,"chart":"US4NH1BD"}},{"type":"Feature","geometry":{"type":"Point","coordinates":[-70.753499,42.985356]},"properties":{"objtype":"SOUNDG","valsou":5.1,"chart":"US5PSMBC"}},{"type":"Feature","geometry":{"type":"Point","coordinates":[-70.752079,42.94596]},"properties":{"objtype":"SOUNDG","valsou":24.3,"chart":"US4NH1BD"}},{"type":"Feature","geometry":{"type":"Point","coordinates":[-70.751532,42.936076]},"properties":{"objtype":"SOUNDG","valsou":25.9,"chart":"US4NH1BD"}},{"type":"Feature","geometry":{"type":"Point","coordinates":[-70.751298,42.952241]},"properties":{"objtype":"SOUNDG","valsou":21.6,"chart":"US4NH1BD"}},{"type":"Feature","geometry":{"type":"Point","coordinates":[-70.752849,42.976664]},"properties":{"objtype":"SOUNDG","valsou":4.2,"chart":"US5PSMBC"}},{"type":"Feature","geometry":{"type":"Point","coordinates":[-70.749503,42.969169]},"properties":{"objtype":"SOUNDG","valsou":7.3,"chart":"US5NH1AE"}},{"type":"Feature","geometry":{"type":"Point","coordinates":[-70.750363,42.961448]},"properties":{"objtype":"SOUNDG","valsou":20.1,"chart":"US5NH1AE"}},{"type":"Feature","geometry":{"type":"Point","coordinates":[-70.74951,42.990402]},"properties":{"objtype":"SOUNDG","valsou":0.6,"chart":"US5PSMBC"}},{"type":"Feature","geometry":{"type":"Point","coordinates":[-70.749273,42.906814]},"properties":{"objtype":"SOUNDG","valsou":24.6,"chart":"US4NH1BD"}},{"type":"Feature","geometry":{"type":"Point","coordinates":[-70.748141,42.900041]},"properties":{"objtype":"SOUNDG","valsou":23.7,"chart":"US4NH1BD"}},{"type":"Feature","geometry":{"type":"Point","coordinates":[-70.74715,42.995433]},"properties":{"objtype":"SOUNDG","valsou":0.6,"chart":"US4NH1BD"}},{"type":"Feature","geometry":{"type":"Point","coordinates":[-70.747108,42.963163]},"properties":{"objtype":"SOUNDG","valsou":9.7,"chart":"US4NH1BD"}},{"type":"Feature","geometry":{"type":"Point","coordinates":[-70.74689,42.992256]},"properties":{"objtype":"SOUNDG","valsou":1.8,"chart":"US4NH1BD"}},{"type":"Feature","geometry":{"type":"Point","coordinates":[-70.746042,42.982279]},"properties":{"objtype":"SOUNDG","valsou":10.3,"chart":"US5PSMBC"}},{"type":"Feature","geometry":{"type":"Point","coordinates":[-70.744571,42.957811]},"properties":{"objtype":"SOUNDG","valsou":16.4,"chart":"US4NH1BD"}},{"type":"Feature","geometry":{"type":"Point","coordinates":[-70.743799,42.99669]},"properties":{"objtype":"SOUNDG","valsou":1.2,"chart":"US4NH1BD"}},{"type":"Feature","geometry":{"type":"Point","coordinates":[-70.744429,42.970345]},"properties":{"objtype":"SOUNDG","valsou":12.4,"chart":"US5NH1AE"}},{"type":"Feature","geometry":{"type":"Point","coordinates":[-70.743404,42.975388]},"properties":{"objtype":"SOUNDG","valsou":12.8,"chart":"US4NH1BD"}},{"type":"Feature","geometry":{"type":"Point","coordinates":[-70.743091,42.985306]},"properties":{"objtype":"SOUNDG","valsou":7.6,"chart":"US4NH1BD"}},{"type":"Feature","geometry":{"type":"Point","coordinates":[-70.742357,42.948943]},"properties":{"objtype":"SOUNDG","valsou":23.1,"chart":"US4NH1BD"}},{"type":"Feature","geometry":{"type":"Point","coordinates":[-70.741843,43.007991]},"properties":{"objtype":"SOUNDG","valsou":0.9,"chart":"US4NH1BD"}},{"type":"Feature","geometry":{"type":"Point","coordinates":[-70.743135,42.993993]},"properties":{"objtype":"SOUNDG","valsou":2.4,"chart":"US5PSMBC"}},{"type":"Feature","geometry":{"type":"Point","coordinates":[-70.741384,43.00397]},"properties":{"objtype":"SOUNDG","valsou":2.7,"chart":"US5PSMBC"}},{"type":"Feature","geometry":{"type":"Point","coordinates":[-70.74109,42.972075]},"properties":{"objtype":"SOUNDG","valsou":7.9,"chart":"US4NH1BD"}},{"type":"Feature","geometry":{"type":"Point","coordinates":[-70.739786,42.905867]},"properties":{"objtype":"SOUNDG","valsou":24.3,"chart":"US4NH1BD"}},{"type":"Feature","geometry":{"type":"Point","coordinates":[-70.740786,42.995938]},"properties":{"objtype":"SOUNDG","valsou":7.6,"chart":"US5PSMBC"}},{"type":"Feature","geometry":{"type":"Point","coordinates":[-70.741387,42.999855]},"properties":{"objtype":"SOUNDG","valsou":0.1,"chart":"US5PSMBC"}},{"type":"Feature","geometry":{"type":"Point","coordinates":[-70.739625,42.966831]},"properties":{"objtype":"SOUNDG","valsou":19.8,"chart":"US5NH1AE"}},{"type":"Feature","geometry":{"type":"Point","coordinates":[-70.740174,43.009465]},"properties":{"objtype":"SOUNDG","valsou":0.9,"chart":"US5PSMBC"}},{"type":"Feature","geometry":{"type":"Point","coordinates":[-70.73752,42.992543]},"properties":{"objtype":"SOUNDG","valsou":4.5,"chart":"US4NH1BD"}},{"type":"Feature","geometry":{"type":"Point","coordinates":[-70.737381,42.970379]},"properties":{"objtype":"SOUNDG","valsou":10.3,"chart":"US4NH1BD"}},{"type":"Feature","geometry":{"type":"Point","coordinates":[-70.736807,42.924001]},"properties":{"objtype":"SOUNDG","valsou":23.7,"chart":"US4NH1BD"}},{"type":"Feature","geometry":{"type":"Point","coordinates":[-70.736729,42.919697]},"properties":{"objtype":"SOUNDG","valsou":28.0,"chart":"US4NH1BD"}},{"type":"Feature","geometry":{"type":"Point","coordinates":[-70.736416,42.959469]},"properties":{"objtype":"SOUNDG","valsou":21.6,"chart":"US4NH1BD"}},{"type":"Feature","geometry":{"type":"Point","coordinates":[-70.737359,42.97708]},"properties":{"objtype":"SOUNDG","valsou":14.3,"chart":"US5PSMBC"}},{"type":"Feature","geometry":{"type":"Point","coordinates":[-70.737041,42.99016]},"properties":{"objtype":"SOUNDG","valsou":4.5,"chart":"US5PSMBC"}},{"type":"Feature","geometry":{"type":"Point","coordinates":[-70.735921,42.900213]},"properties":{"objtype":"SOUNDG","valsou":23.7,"chart":"US4NH1BD"}},{"type":"Feature","geometry":{"type":"Point","coordinates":[-70.735769,43.004227]},"properties":{"objtype":"SOUNDG","valsou":4.5,"chart":"US5PSMBC"}},{"type":"Feature","geometry":{"type":"Point","coordinates":[-70.733186,43.009157]},"properties":{"objtype":"SOUNDG","valsou":1.5,"chart":"US5PSMBC"}},{"type":"Feature","geometry":{"type":"Point","coordinates":[-70.735236,43.011089]},"properties":{"objtype":"SOUNDG","valsou":0.6,"chart":"US5PSMBC"}},{"type":"Feature","geometry":{"type":"Point","coordinates":[-70.734318,42.992795]},"properties":{"objtype":"SOUNDG","valsou":5.1,"chart":"US5PSMBC"}},{"type":"Feature","geometry":{"type":"Point","coordinates":[-70.734191,42.933303]},"properties":{"objtype":"SOUNDG","valsou":26.8,"chart":"US4NH1BD"}},{"type":"Feature","geometry":{"type":"Point","coordinates":[-70.733417,42.954306]},"properties":{"objtype":"SOUNDG","valsou":15.8,"chart":"US4NH1BD"}},{"type":"Feature","geometry":{"type":"Point","coordinates":[-70.732989,42.963474]},"properties":{"objtype":"SOUNDG","valsou":15.2,"chart":"US4NH1BD"}},{"type":"Feature","geometry":{"type":"Point","coordinates":[-70.732758,42.905321]},"properties":{"objtype":"SOUNDG","valsou":28.6,"chart":"US4NH1BD"}},{"type":"Feature","geometry":{"type":"Point","coordinates":[-70.732513,42.914704]},"properties":{"objtype":"SOUNDG","valsou":30.1,"chart":"US4NH1BD"}},{"type":"Feature","geometry":{"type":"Point","coordinates":[-70.731844,42.999027]},"properties":{"objtype":"SOUNDG","valsou":7.9,"chart":"US5PSMBC"}},{"type":"Feature","geometry":{"type":"Point","coordinates":[-70.731145,42.981322]},"properties":{"objtype":"SOUNDG","valsou":17.9,"chart":"US4NH1BD"}},{"type":"Feature","geometry":{"type":"Point","coordinates":[-70.731114,42.946276]},"properties":{"objtype":"SOUNDG","valsou":29.8,"chart":"US4NH1BD"}},{"type":"Feature","geometry":{"type":"Point","coordinates":[-70.731105,43.015272]},"properties":{"objtype":"SOUNDG","valsou":0.9,"chart":"US4NH1BD"}},{"type":"Feature","geometry":{"type":"Point","coordinates":[-70.731089,43.008952]},"properties":{"objtype":"SOUNDG","valsou":0.6,"chart":"US5PSMBC"}},{"type":"Feature","geometry":{"type":"Point","coordinates":[-70.729622,42.97685]},"properties":{"objtype":"SOUNDG","valsou":21.6,"chart":"US4NH1BD"}},{"type":"Feature","geometry":{"type":"Point","coordinates":[-70.729359,42.991866]},"properties":{"objtype":"SOUNDG","valsou":11.5,"chart":"US4NH1BD"}},{"type":"Feature","geometry":{"type":"Point","coordinates":[-70.728771,42.951381]},"properties":{"objtype":"SOUNDG","valsou":26.2,"chart":"US4NH1BD"}},{"type":"Feature","geometry":{"type":"Point","coordinates":[-70.728576,42.939535]},"properties":{"objtype":"SOUNDG","valsou":27.7,"chart":"US4NH1BD"}},{"type":"Feature","geometry":{"type":"Point","coordinates":[-70.72904,43.023791]},"properties":{"objtype":"SOUNDG","valsou":0.3,"chart":"US5PSMBC"}},{"type":"Feature","geometry":{"type":"Point","coordinates":[-70.72814,42.909912]},"properties":{"objtype":"SOUNDG","valsou":39.3,"chart":"US4NH1BD"}},{"type":"Feature","geometry":{"type":"Point","coordinates":[-70.727735,43.024926]},"properties":{"objtype":"SOUNDG","valsou":0.6,"chart":"US4NH1BD"}},{"type":"Feature","geometry":{"type":"Point","coordinates":[-70.729157,43.002958]},"properties":{"objtype":"SOUNDG","valsou":13.4,"chart":"US5PSMBC"}},{"type":"Feature","geometry":{"type":"Point","coordinates":[-70.727798,42.991236]},"properties":{"objtype":"SOUNDG","valsou":12.4,"chart":"US5PSMBC"}},{"type":"Feature","geometry":{"type":"Point","coordinates":[-70.726816,42.959379]},"properties":{"objtype":"SOUNDG","valsou":22.2,"chart":"US4NH1BD"}},{"type":"Feature","geometry":{"type":"Point","coordinates":[-70.726172,43.011404]},"properties":{"objtype":"SOUNDG","valsou":1.5,"chart":"US4NH1BD"}},{"type":"Feature","geometry":{"type":"Point","coordinates":[-70.726123,42.927685]},"properties":{"objtype":"SOUNDG","valsou":30.4,"chart":"US4NH1BD"}},{"type":"Feature","geometry":{"type":"Point","coordinates":[-70.726108,43.016378]},"properties":{"objtype":"SOUNDG","valsou":3.3,"chart":"US4NH1BD"}},{"type":"Feature","geometry":{"type":"Point","coordinates":[-70.725602,42.93316]},"properties":{"objtype":"SOUNDG","valsou":31.6,"chart":"US4NH1BD"}},{"type":"Feature","geometry":{"type":"Point","coordinates":[-70.725562,42.985392]},"properties":{"objtype":"SOUNDG","valsou":14.0,"chart":"US4NH1BD"}},{"type":"Feature","geometry":{"type":"Point","coordinates":[-70.725362,43.019154]},"properties":{"objtype":"SOUNDG","valsou":6.4,"chart":"US4NH1BD"}},{"type":"Feature","geometry":{"type":"Point","coordinates":[-70.725,43.006983]},"properties":{"objtype":"SOUNDG","valsou":6.7,"chart":"US5PSMBC"}},{"type":"Feature","geometry":{"type":"Point","coordinates":[-70.725024,42.944928]},"properties":{"objtype":"SOUNDG","valsou":32.6,"chart":"US4NH1BD"}},{"type":"Feature","geometry":{"type":"Point","coordinates":[-70.723893,43.012569]},"properties":{"objtype":"SOUNDG","valsou":4.2,"chart":"US5PSMBD"}},{"type":"Feature","geometry":{"type":"Point","coordinates":[-70.725611,43.023097]},"properties":{"objtype":"SOUNDG","valsou":5.1,"chart":"US5PSMBC"}},{"type":"Feature","geometry":{"type":"Point","coordinates":[-70.723461,42.970817]},"properties":{"objtype":"SOUNDG","valsou":26.5,"chart":"US4NH1BD"}},{"type":"Feature","geometry":{"type":"Point","coordinates":[-70.723065,42.915909]},"properties":{"objtype":"SOUNDG","valsou":23.4,"chart":"US4NH1BD"}},{"type":"Feature","geometry":{"type":"Point","coordinates":[-70.72265,43.025741]},"properties":{"objtype":"SOUNDG","valsou":0.9,"chart":"US4NH1BD"}},{"type":"Feature","geometry":{"type":"Point","coordinates":[-70.720817,42.99447]},"properties":{"objtype":"SOUNDG","valsou":16.1,"chart":"US5PSMBD"}},{"type":"Feature","geometry":{"type":"Point","coordinates":[-70.723362,43.011582]},"properties":{"objtype":"SOUNDG","valsou":6.7,"chart":"US5PSMBD"}},{"type":"Feature","geometry":{"type":"Point","coordinates":[-70.721503,42.921131]},"properties":{"objtype":"SOUNDG","valsou":32.3,"chart":"US4NH1BD"}},{"type":"Feature","geometry":{"type":"Point","coordinates":[-70.723494,43.007546]},"properties":{"objtype":"SOUNDG","valsou":9.7,"chart":"US5PSMBD"}},{"type":"Feature","geometry":{"type":"Point","coordinates":[-70.720656,42.901074]},"properties":{"objtype":"SOUNDG","valsou":30.7,"chart":"US4NH1BD"}},{"type":"Feature","geometry":{"type":"Point","coordinates":[-70.720095,43.073039]},"properties":{"objtype":"SOUNDG","valsou":0.3,"chart":"US5PSMCD"}},{"type":"Feature","geometry":{"type":"Point","coordinates":[-70.720409,42.986424]},"properties":{"objtype":"SOUNDG","valsou":16.1,"chart":"US4NH1BD"}},{"type":"Feature","geometry":{"type":"Point","coordinates":[-70.719942,42.910371]},"properties":{"objtype":"SOUNDG","valsou":32.0,"chart":"US4NH1BD"}},{"type":"Feature","geometry":{"type":"Point","coordinates":[-70.719789,42.96368]},"properties":{"objtype":"SOUNDG","valsou":31.0,"chart":"US4NH1BD"}},{"type":"Feature","geometry":{"type":"Point","coordinates":[-70.72042,42.99938]},"properties":{"objtype":"SOUNDG","valsou":20.1,"chart":"US5PSMBD"}},{"type":"Feature","geometry":{"type":"Point","coordinates":[-70.718694,43.08127]},"properties":{"objtype":"SOUNDG","valsou":0.3,"chart":"US5PSMCD"}},{"type":"Feature","geometry":{"type":"Point","coordinates":[-70.7195,43.027471]},"properties":{"objtype":"SOUNDG","valsou":0.6,"chart":"US4NH1BD"}},{"type":"Feature","geometry":{"type":"Point","coordinates":[-70.719291,42.934714]},"properties":{"objtype":"SOUNDG","valsou":27.7,"chart":"US4NH1BD"}},{"type":"Feature","geometry":{"type":"Point","coordinates":[-70.718965,42.926992]},"properties":{"objtype":"SOUNDG","valsou":38.7,"chart":"US4NH1BD"}},{"type":"Feature","geometry":{"type":"Point","coordinates":[-70.720201,43.020981]},"properties":{"objtype":"SOUNDG","valsou":11.8,"chart":"US5PSMBD"}},{"type":"Feature","geometry":{"type":"Point","coordinates":[-70.719791,43.015116]},"properties":{"objtype":"SOUNDG","valsou":11.2,"chart":"US5PSMBD"}},{"type":"Feature","geometry":{"type":"Point","coordinates":[-70.718465,42.950004]},"properties":{"objtype":"SOUNDG","valsou":35.0,"chart":"US4NH1BD"}},{"type":"Feature","geometry":{"type":"Point","coordinates":[-70.718307,42.973254]},"properties":{"objtype":"SOUNDG","valsou":17.0,"chart":"US4NH1BD"}},{"type":"Feature","geometry":{"type":"Point","coordinates":[-70.718103,42.994063]},"properties":{"objtype":"SOUNDG","valsou":15.8,"chart":"US4NH1BD"}},{"type":"Feature","geometry":{"type":"Point","coordinates":[-70.719242,43.078318]},"properties":{"objtype":"SOUNDG","valsou":2.7,"chart":"US5PSMCD"}},{"type":"Feature","geometry":{"type":"Point","coordinates":[-70.71765,42.905982]},"properties":{"objtype":"SOUNDG","valsou":45.7,"chart":"US4NH1BD"}},{"type":"Feature","geometry":{"type":"Point","coordinates":[-70.71754,43.005078]},"properties":{"objtype":"SOUNDG","valsou":13.1,"chart":"US4NH1BD"}},{"type":"Feature","geometry":{"type":"Point","coordinates":[-70.717048,43.010452]},"properties":{"objtype":"SOUNDG","valsou":12.8,"chart":"US5PSMBD"}},{"type":"Feature","geometry":{"type":"Point","coordinates":[-70.716541,42.998768]},"properties":{"objtype":"SOUNDG","valsou":16.1,"chart":"US4NH1BD"}},{"type":"Feature","geometry":{"type":"Point","coordinates":[-70.715926,42.979585]},"properties":{"objtype":"SOUNDG","valsou":24.0,"chart":"US4NH1BD"}},{"type":"Feature","geometry":{"type":"Point","coordinates":[-70.715888,42.938761]},"properties":{"objtype":"SOUNDG","valsou":28.9,"chart":"US4NH1BD"}},{"type":"Feature","geometry":{"type":"Point","coordinates":[-70.717189,43.078412]},"properties":{"objtype":"SOUNDG","valsou":8.8,"chart":"US5PSMCD"}},{"type":"Feature","geometry":{"type":"Point","coordinates":[-70.715686,42.922337]},"properties":{"objtype":"SOUNDG","valsou":30.1,"chart":"US4NH1BD"}},{"type":"Feature","geometry":{"type":"Point","coordinates":[-70.715613,42.982595]},"properties":{"objtype":"SOUNDG","valsou":12.8,"chart":"US4NH1BD"}},{"type":"Feature","geometry":{"type":"Point","coordinates":[-70.715396,42.960693]},"properties":{"objtype":"SOUNDG","valsou":32.6,"chart":"US4NH1BD"}},{"type":"Feature","geometry":{"type":"Point","coordinates":[-70.715184,42.986751]},"properties":{"objtype":"SOUNDG","valsou":14.6,"chart":"US4NH1BD"}},{"type":"Feature","geometry":{"type":"Point","coordinates":[-70.715113,43.047843]},"properties":{"objtype":"SOUNDG","valsou":0.6,"chart":"US4NH1BD"}},{"type":"Feature","geometry":{"type":"Point","coordinates":[-70.71426,43.021357]},"properties":{"objtype":"SOUNDG","valsou":11.5,"chart":"US4NH1BD"}},{"type":"Feature","geometry":{"type":"Point","coordinates":[-70.713799,43.008182]},"properties":{"objtype":"SOUNDG","valsou":18.2,"chart":"US4NH1BD"}},{"type":"Feature","geometry":{"type":"Point","coordinates":[-70.711557,43.054392]},"properties":{"objtype":"SOUNDG","valsou":2.4,"chart":"US5PSMCD"}},{"type":"Feature","geometry":{"type":"Point","coordinates":[-70.7137,42.976146]},"properties":{"objtype":"SOUNDG","valsou":23.7,"chart":"US4NH1BD"}},{"type":"Feature","geometry":{"type":"Point","coordinates":[-70.713604,43.001997]},"properties":{"objtype":"SOUNDG","valsou":11.8,"chart":"US4NH1BD"}},{"type":"Feature","geometry":{"type":"Point","coordinates":[-70.712741,43.031647]},"properties":{"objtype":"SOUNDG","valsou":2.7,"chart":"US5PSMBD"}},{"type":"Feature","geometry":{"type":"Point","coordinates":[-70.713272,42.945588]},"properties":{"objtype":"SOUNDG","valsou":37.4,"chart":"US4NH1BD"}},{"type":"Feature","geometry":{"type":"Point","coordinates":[-70.712863,43.026924]},"properties":{"objtype":"SOUNDG","valsou":9.1,"chart":"US4NH1BD"}},{"type":"Feature","geometry":{"type":"Point","coordinates":[-70.712797,42.913527]},"properties":{"objtype":"SOUNDG","valsou":26.8,"chart":"US4NH1BD"}},{"type":"Feature","geometry":{"type":"Point","coordinates":[-70.712685,42.990735]},"properties":{"objtype":"SOUNDG","valsou":11.5,"chart":"US4NH1BD"}},{"type":"Feature","geometry":{"type":"Point","coordinates":[-70.712677,43.014936]},"properties":{"objtype":"SOUNDG","valsou":14.3,"chart":"US4NH1BD"}},{"type":"Feature","geometry":{"type":"Point","coordinates":[-70.712063,42.995604]},"properties":{"objtype":"SOUNDG","valsou":24.3,"chart":"US4NH1BD"}},{"type":"Feature","geometry":{"type":"Point","coordinates":[-70.711899,43.075929]},"properties":{"objtype":"SOUNDG","valsou":13.7,"chart":"US4NH1BD"}},{"type":"Feature","geometry":{"type":"Point","coordinates":[-70.711598,42.902939]},"properties":{"objtype":"SOUNDG","valsou":30.4,"chart":"US4NH1BD"}},{"type":"Feature","geometry":{"type":"Point","coordinates":[-70.71089,42.969298]},"properties":{"objtype":"SOUNDG","valsou":26.5,"chart":"US4NH1BD"}},{"type":"Feature","geometry":{"type":"Point","coordinates":[-70.710265,42.981076]},"properties":{"objtype":"SOUNDG","valsou":12.1,"chart":"US4NH1BD"}},{"type":"Feature","geometry":{"type":"Point","coordinates":[-70.710221,42.919209]},"properties":{"objtype":"SOUNDG","valsou":22.8,"chart":"US4NH1BD"}},{"type":"Feature","geometry":{"type":"Point","coordinates":[-70.709524,42.954249]},"properties":{"objtype":"SOUNDG","valsou":29.5,"chart":"US4NH1BD"}},{"type":"Feature","geometry":{"type":"Point","coordinates":[-70.709498,42.931582]},"properties":{"objtype":"SOUNDG","valsou":40.8,"chart":"US4NH1BD"}},{"type":"Feature","geometry":{"type":"Point","coordinates":[-70.711302,43.021176]},"properties":{"objtype":"SOUNDG","valsou":12.4,"chart":"US5PSMBD"}},{"type":"Feature","geometry":{"type":"Point","coordinates":[-70.710915,43.080505]},"properties":{"objtype":"SOUNDG","valsou":0.9,"chart":"US5PSMCD"}},{"type":"Feature","geometry":{"type":"Point","coordinates":[-70.709209,43.03039]},"properties":{"objtype":"SOUNDG","valsou":8.8,"chart":"US4NH1BD"}},{"type":"Feature","geometry":{"type":"Point","coordinates":[-70.708856,43.045572]},"properties":{"objtype":"SOUNDG","valsou":7.0,"chart":"US5PSMBD"}},{"type":"Feature","geometry":{"type":"Point","coordinates":[-70.708548,42.947796]},"properties":{"objtype":"SOUNDG","valsou":33.2,"chart":"US4NH1BD"}},{"type":"Feature","geometry":{"type":"Point","coordinates":[-70.708116,43.026275]},"properties":{"objtype":"SOUNDG","valsou":11.8,"chart":"US4NH1BD"}},{"type":"Feature","geometry":{"type":"Point","coordinates":[-70.708429,43.066015]},"properties":{"objtype":"SOUNDG","valsou":6.4,"chart":"US5PSMCD"}},{"type":"Feature","geometry":{"type":"Point","coordinates":[-70.707343,42.901131]},"properties":{"objtype":"SOUNDG","valsou":33.2,"chart":"US4NH1BD"}},{"type":"Feature","geometry":{"type":"Point","coordinates":[-70.707084,43.061416]},"properties":{"objtype":"SOUNDG","valsou":7.6,"chart":"US4NH1BD"}},{"type":"Feature","geometry":{"type":"Point","coordinates":[-70.708467,43.054547]},"properties":{"objtype":"SOUNDG","valsou":11.5,"chart":"US5PSMCD"}},{"type":"Feature","geometry":{"type":"Point","coordinates":[-70.706246,42.993025]},"properties":{"objtype":"SOUNDG","valsou":18.2,"chart":"US4NH1BD"}},{"type":"Feature","geometry":{"type":"Point","coordinates":[-70.706205,42.98529]},"properties":{"objtype":"SOUNDG","valsou":12.8,"chart":"US4NH1BD"}},{"type":"Feature","geometry":{"type":"Point","coordinates":[-70.705972,43.006006]},"properties":{"objtype":"SOUNDG","valsou":17.9,"chart":"US4NH1BD"}},{"type":"Feature","geometry":{"type":"Point","coordinates":[-70.705632,43.03377]},"properties":{"objtype":"SOUNDG","valsou":7.0,"chart":"US5PSMBD"}},{"type":"Feature","geometry":{"type":"Point","coordinates":[-70.705429,43.058809]},"properties":{"objtype":"SOUNDG","valsou":16.4,"chart":"US4NH1BD"}},{"type":"Feature","geometry":{"type":"Point","coordinates":[-70.705301,42.915421]},"properties":{"objtype":"SOUNDG","valsou":16.4,"chart":"US4NH1BD"}},{"type":"Feature","geometry":{"type":"Point","coordinates":[-70.7053,43.048577]},"properties":{"objtype":"SOUNDG","valsou":10.0,"chart":"US4NH1BD"}},{"type":"Feature","geometry":{"type":"Point","coordinates":[-70.704957,43.000533]},"properties":{"objtype":"SOUNDG","valsou":12.1,"chart":"US4NH1BD"}},{"type":"Feature","geometry":{"type":"Point","coordinates":[-70.704683,42.938347]},"properties":{"objtype":"SOUNDG","valsou":34.4,"chart":"US4NH1BD"}},{"type":"Feature","geometry":{"type":"Point","coordinates":[-70.704644,42.951582]},"properties":{"objtype":"SOUNDG","valsou":35.3,"chart":"US4NH1BD"}},{"type":"Feature","geometry":{"type":"Point","coordinates":[-70.704577,43.071671]},"properties":{"objtype":"SOUNDG","valsou":13.4,"chart":"US5PSMCD"}},{"type":"Feature","geometry":{"type":"Point","coordinates":[-70.704138,43.067288]},"properties":{"objtype":"SOUNDG","valsou":11.8,"chart":"US4NH1BD"}},{"type":"Feature","geometry":{"type":"Point","coordinates":[-70.704112,43.036042]},"properties":{"objtype":"SOUNDG","valsou":8.5,"chart":"US4NH1BD"}},{"type":"Feature","geometry":{"type":"Point","coordinates":[-70.705364,43.040077]},"properties":{"objtype":"SOUNDG","valsou":11.2,"chart":"US5PSMBD"}},{"type":"Feature","geometry":{"type":"Point","coordinates":[-70.703917,43.020571]},"properties":{"objtype":"SOUNDG","valsou":6.4,"chart":"US5PSMBD"}},{"type":"Feature","geometry":{"type":"Point","coordinates":[-70.703647,43.009539]},"properties":{"objtype":"SOUNDG","valsou":15.5,"chart":"US4NH1BD"}},{"type":"Feature","geometry":{"type":"Point","coordinates":[-70.702652,42.979757]},"properties":{"objtype":"SOUNDG","valsou":15.2,"chart":"US4NH1BD"}},{"type":"Feature","geometry":{"type":"Point","coordinates":[-70.702146,42.995575]},"properties":{"objtype":"SOUNDG","valsou":13.1,"chart":"US4NH1BD"}},{"type":"Feature","geometry":{"type":"Point","coordinates":[-70.701872,43.060435]},"properties":{"objtype":"SOUNDG","valsou":10.3,"chart":"US5PSMCD"}},{"type":"Feature","geometry":{"type":"Point","coordinates":[-70.701365,42.947968]},"properties":{"objtype":"SOUNDG","valsou":38.1,"chart":"US4NH1BD"}},{"type":"Feature","geometry":{"type":"Point","coordinates":[-70.701343,43.03039]},"properties":{"objtype":"SOUNDG","valsou":12.8,"chart":"US4NH1BD"}},{"type":"Feature","geometry":{"type":"Point","coordinates":[-70.701331,42.906326]},"properties":{"objtype":"SOUNDG","valsou":32.0,"chart":"US4NH1BD"}},{"type":"Feature","geometry":{"type":"Point","coordinates":[-70.701296,43.022911]},"properties":{"objtype":"SOUNDG","valsou":6.0,"chart":"US4NH1BD"}},{"type":"Feature","geometry":{"type":"Point","coordinates":[-70.699917,43.070278]},"properties":{"objtype":"SOUNDG","valsou":5.4,"chart":"US5PSMCD"}},{"type":"Feature","geometry":{"type":"Point","coordinates":[-70.700746,42.933088]},"properties":{"objtype":"SOUNDG","valsou":40.5,"chart":"US4NH1BD"}},{"type":"Feature","geometry":{"type":"Point","coordinates":[-70.700621,43.035461]},"properties":{"objtype":"SOUNDG","valsou":10.6,"chart":"US4NH1BD"}},{"type":"Feature","geometry":{"type":"Point","coordinates":[-70.699723,43.061982]},"properties":{"objtype":"SOUNDG","valsou":0.9,"chart":"US5PSMCD"}},{"type":"Feature","geometry":{"type":"Point","coordinates":[-70.700427,42.960065]},"properties":{"objtype":"SOUNDG","valsou":37.1,"chart":"US4NH1BD"}},{"type":"Feature","geometry":{"type":"Point","coordinates":[-70.700379,43.066916]},"properties":{"objtype":"SOUNDG","valsou":8.8,"chart":"US4NH1BD"}},{"type":"Feature","geometry":{"type":"Point","coordinates":[-70.70007,42.919725]},"properties":{"objtype":"SOUNDG","valsou":25.2,"chart":"US4NH1BD"}},{"type":"Feature","geometry":{"type":"Point","coordinates":[-70.699598,43.049211]},"properties":{"objtype":"SOUNDG","valsou":10.9,"chart":"US4NH1BD"}},{"type":"Feature","geometry":{"type":"Point","coordinates":[-70.699406,42.909538]},"properties":{"objtype":"SOUNDG","valsou":37.7,"chart":"US4NH1BD"}},{"type":"Feature","geometry":{"type":"Point","coordinates":[-70.698345,43.071703]},"properties":{"objtype":"SOUNDG","valsou":0.3,"chart":"US5PSMCD"}},{"type":"Feature","geometry":{"type":"Point","coordinates":[-70.69687,42.99948]},"properties":{"objtype":"SOUNDG","valsou":12.8,"chart":"US5PSMBD"}},{"type":"Feature","geometry":{"type":"Point","coordinates":[-70.697967,42.990391]},"properties":{"objtype":"SOUNDG","valsou":14.6,"chart":"US4NH1BD"}},{"type":"Feature","geometry":{"type":"Point","coordinates":[-70.697948,42.925342]},"properties":{"objtype":"SOUNDG","valsou":40.8,"chart":"US4NH1BD"}},{"type":"Feature","geometry":{"type":"Point","coordinates":[-70.69789,42.943408]},"properties":{"objtype":"SOUNDG","valsou":32.9,"chart":"US4NH1BD"}},{"type":"Feature","geometry":{"type":"Point","coordinates":[-70.697596,43.013706]},"properties":{"objtype":"SOUNDG","valsou":18.2,"chart":"US4NH1BD"}},{"type":"Feature","geometry":{"type":"Point","coordinates":[-70.697549,43.03891]},"properties":{"objtype":"SOUNDG","valsou":13.7,"chart":"US4NH1BD"}},{"type":"Feature","geometry":{"type":"Point","coordinates":[-70.697525,43.052632]},"properties":{"objtype":"SOUNDG","valsou":11.2,"chart":"US4NH1BD"}},{"type":"Feature","geometry":{"type":"Point","coordinates":[-70.697287,43.067883]},"properties":{"objtype":"SOUNDG","valsou":0.9,"chart":"US4NH1BD"}},{"type":"Feature","geometry":{"type":"Point","coordinates":[-70.697139,43.026449]},"properties":{"objtype":"SOUNDG","valsou":13.1,"chart":"US4NH1BD"}},{"type":"Feature","geometry":{"type":"Point","coordinates":[-70.696963,43.044395]},"properties":{"objtype":"SOUNDG","valsou":13.4,"chart":"US4NH1BD"}},{"type":"Feature","geometry":{"type":"Point","coordinates":[-70.696446,42.954879]},"properties":{"objtype":"SOUNDG","valsou":37.1,"chart":"US4NH1BD"}},{"type":"Feature","geometry":{"type":"Point","coordinates":[-70.696405,42.98572]},"properties":{"objtype":"SOUNDG","valsou":21.3,"chart":"US4NH1BD"}},{"type":"Feature","geometry":{"type":"Point","coordinates":[-70.695076,42.997069]},"properties":{"objtype":"SOUNDG","valsou":15.8,"chart":"US5PSMBD"}},{"type":"Feature","geometry":{"type":"Point","coordinates":[-70.69582,42.966946]},"properties":{"objtype":"SOUNDG","valsou":24.0,"chart":"US4NH1BD"}},{"type":"Feature","geometry":{"type":"Point","coordinates":[-70.695508,42.973483]},"properties":{"objtype":"SOUNDG","valsou":29.8,"chart":"US4NH1BD"}},{"type":"Feature","geometry":{"type":"Point","coordinates":[-70.695198,43.017515]},"properties":{"objtype":"SOUNDG","valsou":18.8,"chart":"US4NH1BD"}},{"type":"Feature","geometry":{"type":"Point","coordinates":[-70.695116,43.064862]},"properties":{"objtype":"SOUNDG","valsou":0.3,"chart":"US4NH1BD"}},{"type":"Feature","geometry":{"type":"Point","coordinates":[-70.695,42.982996]},"properties":{"objtype":"SOUNDG","valsou":16.1,"chart":"US4NH1BD"}},{"type":"Feature","geometry":{"type":"Point","coordinates":[-70.694958,43.004832]},"properties":{"objtype":"SOUNDG","valsou":21.9,"chart":"US4NH1BD"}},{"type":"Feature","geometry":{"type":"Point","coordinates":[-70.694298,43.035577]},"properties":{"objtype":"SOUNDG","valsou":14.9,"chart":"US4NH1BD"}},{"type":"Feature","geometry":{"type":"Point","coordinates":[-70.694136,42.91083]},"properties":{"objtype":"SOUNDG","valsou":33.5,"chart":"US4NH1BD"}},{"type":"Feature","geometry":{"type":"Point","coordinates":[-70.693439,43.007779]},"properties":{"objtype":"SOUNDG","valsou":17.9,"chart":"US4NH1BD"}},{"type":"Feature","geometry":{"type":"Point","coordinates":[-70.69338,42.901084]},"properties":{"objtype":"SOUNDG","valsou":53.9,"chart":"US4NH1BD"}},{"type":"Feature","geometry":{"type":"Point","coordinates":[-70.693205,42.940826]},"properties":{"objtype":"SOUNDG","valsou":37.1,"chart":"US4NH1BD"}},{"type":"Feature","geometry":{"type":"Point","coordinates":[-70.693197,43.02677]},"properties":{"objtype":"SOUNDG","valsou":16.7,"chart":"US4NH1BD"}},{"type":"Feature","geometry":{"type":"Point","coordinates":[-70.693011,43.032166]},"properties":{"objtype":"SOUNDG","valsou":16.7,"chart":"US4NH1BD"}},{"type":"Feature","geometry":{"type":"Point","coordinates":[-70.692894,43.002997]},"properties":{"objtype":"SOUNDG","valsou":25.2,"chart":"US4NH1BD"}},{"type":"Feature","geometry":{"type":"Point","coordinates":[-70.692871,43.023219]},"properties":{"objtype":"SOUNDG","valsou":16.1,"chart":"US4NH1BD"}},{"type":"Feature","geometry":{"type":"Point","coordinates":[-70.692187,42.998831]},"properties":{"objtype":"SOUNDG","valsou":11.5,"chart":"US4NH1BD"}},{"type":"Feature","geometry":{"type":"Point","coordinates":[-70.691604,42.970989]},"properties":{"objtype":"SOUNDG","valsou":36.2,"chart":"US4NH1BD"}},{"type":"Feature","geometry":{"type":"Point","coordinates":[-70.69152,42.91918]},"properties":{"objtype":"SOUNDG","valsou":36.2,"chart":"US4NH1BD"}},{"type":"Feature","geometry":{"type":"Point","coordinates":[-70.692154,43.054842]},"properties":{"objtype":"SOUNDG","valsou":7.3,"chart":"US5PSMCD"}},{"type":"Feature","geometry":{"type":"Point","coordinates":[-70.691019,42.935646]},"properties":{"objtype":"SOUNDG","valsou":40.8,"chart":"US4NH1BD"}},{"type":"Feature","geometry":{"type":"Point","coordinates":[-70.690712,42.90601]},"properties":{"objtype":"SOUNDG","valsou":53.3,"chart":"US4NH1BD"}},{"type":"Feature","geometry":{"type":"Point","coordinates":[-70.690528,43.045034]},"properties":{"objtype":"SOUNDG","valsou":11.5,"chart":"US4NH1BD"}},{"type":"Feature","geometry":{"type":"Point","coordinates":[-70.690128,43.038223]},"properties":{"objtype":"SOUNDG","valsou":16.1,"chart":"US4NH1BD"}},{"type":"Feature","geometry":{"type":"Point","coordinates":[-70.689808,42.980933]},"properties":{"objtype":"SOUNDG","valsou":24.6,"chart":"US4NH1BD"}},{"type":"Feature","geometry":{"type":"Point","coordinates":[-70.689262,42.948943]},"properties":{"objtype":"SOUNDG","valsou":38.1,"chart":"US4NH1BD"}},{"type":"Feature","geometry":{"type":"Point","coordinates":[-70.689207,43.01419]},"properties":{"objtype":"SOUNDG","valsou":14.9,"chart":"US4NH1BD"}},{"type":"Feature","geometry":{"type":"Point","coordinates":[-70.688873,42.992394]},"properties":{"objtype":"SOUNDG","valsou":15.8,"chart":"US4NH1BD"}},{"type":"Feature","geometry":{"type":"Point","coordinates":[-70.690071,43.064424]},"properties":{"objtype":"SOUNDG","valsou":1.5,"chart":"US5PSMCD"}},{"type":"Feature","geometry":{"type":"Point","coordinates":[-70.688488,43.052826]},"properties":{"objtype":"SOUNDG","valsou":4.8,"chart":"US4NH1BD"}},{"type":"Feature","geometry":{"type":"Point","coordinates":[-70.688441,43.041762]},"properties":{"objtype":"SOUNDG","valsou":15.5,"chart":"US4NH1BD"}},{"type":"Feature","geometry":{"type":"Point","coordinates":[-70.688402,42.957198]},"properties":{"objtype":"SOUNDG","valsou":37.4,"chart":"US4NH1BD"}},{"type":"Feature","geometry":{"type":"Point","coordinates":[-70.688285,42.97841]},"properties":{"objtype":"SOUNDG","valsou":29.8,"chart":"US4NH1BD"}},{"type":"Feature","geometry":{"type":"Point","coordinates":[-70.68783,42.930889]},"properties":{"objtype":"SOUNDG","valsou":46.0,"chart":"US4NH1BD"}},{"type":"Feature","geometry":{"type":"Point","coordinates":[-70.687467,42.997954]},"properties":{"objtype":"SOUNDG","valsou":12.8,"chart":"US4NH1BD"}},{"type":"Feature","geometry":{"type":"Point","coordinates":[-70.687147,42.922509]},"properties":{"objtype":"SOUNDG","valsou":32.3,"chart":"US4NH1BD"}},{"type":"Feature","geometry":{"type":"Point","coordinates":[-70.68692,42.942318]},"properties":{"objtype":"SOUNDG","valsou":36.2,"chart":"US4NH1BD"}},{"type":"Feature","geometry":{"type":"Point","coordinates":[-70.686913,42.912896]},"properties":{"objtype":"SOUNDG","valsou":39.0,"chart":"US4NH1BD"}},{"type":"Feature","geometry":{"type":"Point","coordinates":[-70.686896,43.035302]},"properties":{"objtype":"SOUNDG","valsou":20.1,"chart":"US4NH1BD"}},{"type":"Feature","geometry":{"type":"Point","coordinates":[-70.68668,43.031005]},"properties":{"objtype":"SOUNDG","valsou":20.1,"chart":"US4NH1BD"}},{"type":"Feature","geometry":{"type":"Point","coordinates":[-70.684625,43.057332]},"properties":{"objtype":"SOUNDG","valsou":2.4,"chart":"US5PSMCD"}},{"type":"Feature","geometry":{"type":"Point","coordinates":[-70.686294,43.048577]},"properties":{"objtype":"SOUNDG","valsou":9.7,"chart":"US4NH1BD"}},{"type":"Feature","geometry":{"type":"Point","coordinates":[-70.685982,42.962445]},"properties":{"objtype":"SOUNDG","valsou":27.7,"chart":"US4NH1BD"}},{"type":"Feature","geometry":{"type":"Point","coordinates":[-70.684143,43.019889]},"properties":{"objtype":"SOUNDG","valsou":16.1,"chart":"US4NH1BD"}},{"type":"Feature","geometry":{"type":"Point","coordinates":[-70.68407,42.953589]},"properties":{"objtype":"SOUNDG","valsou":40.8,"chart":"US4NH1BD"}},{"type":"Feature","geometry":{"type":"Point","coordinates":[-70.683944,43.00985]},"properties":{"objtype":"SOUNDG","valsou":23.7,"chart":"US4NH1BD"}},{"type":"Feature","geometry":{"type":"Point","coordinates":[-70.684002,43.064903]},"properties":{"objtype":"SOUNDG","valsou":2.7,"chart":"US5PSMCD"}},{"type":"Feature","geometry":{"type":"Point","coordinates":[-70.683676,43.051206]},"properties":{"objtype":"SOUNDG","valsou":6.0,"chart":"US4NH1BD"}},{"type":"Feature","geometry":{"type":"Point","coordinates":[-70.683283,42.916799]},"properties":{"objtype":"SOUNDG","valsou":39.3,"chart":"US4NH1BD"}},{"type":"Feature","geometry":{"type":"Point","coordinates":[-70.683282,43.026873]},"properties":{"objtype":"SOUNDG","valsou":16.1,"chart":"US4NH1BD"}},{"type":"Feature","geometry":{"type":"Point","coordinates":[-70.682935,43.037803]},"properties":{"objtype":"SOUNDG","valsou":17.0,"chart":"US4NH1BD"}},{"type":"Feature","geometry":{"type":"Point","coordinates":[-70.682262,43.003797]},"properties":{"objtype":"SOUNDG","valsou":17.0,"chart":"US4NH1BD"}},{"type":"Feature","geometry":{"type":"Point","coordinates":[-70.682754,43.062554]},"properties":{"objtype":"SOUNDG","valsou":2.4,"chart":"US5PSMCD"}},{"type":"Feature","geometry":{"type":"Point","coordinates":[-70.681747,42.925247]},"properties":{"objtype":"SOUNDG","valsou":49.0,"chart":"US4NH1BD"}},{"type":"Feature","geometry":{"type":"Point","coordinates":[-70.679146,43.03142]},"properties":{"objtype":"SOUNDG","valsou":22.2,"chart":"US5PSMBD"}},{"type":"Feature","geometry":{"type":"Point","coordinates":[-70.680828,42.958746]},"properties":{"objtype":"SOUNDG","valsou":31.0,"chart":"US4NH1BD"}},{"type":"Feature","geometry":{"type":"Point","coordinates":[-70.681268,43.052716]},"properties":{"objtype":"SOUNDG","valsou":6.4,"chart":"US5PSMCD"}},{"type":"Feature","geometry":{"type":"Point","coordinates":[-70.68145,43.05124]},"properties":{"objtype":"SOUNDG","valsou":8.8,"chart":"US5PSMCD"}},{"type":"Feature","geometry":{"type":"Point","coordinates":[-70.680401,42.994486]},"properties":{"objtype":"SOUNDG","valsou":20.7,"chart":"US4NH1BD"}},{"type":"Feature","geometry":{"type":"Point","coordinates":[-70.680399,42.969555]},"properties":{"objtype":"SOUNDG","valsou":31.0,"chart":"US4NH1BD"}},{"type":"Feature","geometry":{"type":"Point","coordinates":[-70.680373,43.040788]},"properties":{"objtype":"SOUNDG","valsou":21.3,"chart":"US4NH1BD"}},{"type":"Feature","geometry":{"type":"Point","coordinates":[-70.680322,42.946104]},"properties":{"objtype":"SOUNDG","valsou":42.9,"chart":"US4NH1BD"}},{"type":"Feature","geometry":{"type":"Point","coordinates":[-70.680024,43.021818]},"properties":{"objtype":"SOUNDG","valsou":18.8,"chart":"US4NH1BD"}},{"type":"Feature","geometry":{"type":"Point","coordinates":[-70.678651,43.045602]},"properties":{"objtype":"SOUNDG","valsou":15.2,"chart":"US4NH1BD"}},{"type":"Feature","geometry":{"type":"Point","coordinates":[-70.678369,42.972766]},"properties":{"objtype":"SOUNDG","valsou":34.1,"chart":"US4NH1BD"}},{"type":"Feature","geometry":{"type":"Point","coordinates":[-70.675939,43.057007]},"properties":{"objtype":"SOUNDG","valsou":6.7,"chart":"US5PSMCD"}},{"type":"Feature","geometry":{"type":"Point","coordinates":[-70.678178,42.90571]},"properties":{"objtype":"SOUNDG","valsou":54.5,"chart":"US4NH1BD"}},{"type":"Feature","geometry":{"type":"Point","coordinates":[-70.675795,43.063077]},"properties":{"objtype":"SOUNDG","valsou":4.2,"chart":"US4NH1BD"}},{"type":"Feature","geometry":{"type":"Point","coordinates":[-70.677813,43.011801]},"properties":{"objtype":"SOUNDG","valsou":16.7,"chart":"US4NH1BD"}},{"type":"Feature","geometry":{"type":"Point","coordinates":[-70.678386,43.064421]},"properties":{"objtype":"SOUNDG","valsou":4.2,"chart":"US5PSMCD"}},{"type":"Feature","geometry":{"type":"Point","coordinates":[-70.676993,43.033504]},"properties":{"objtype":"SOUNDG","valsou":17.9,"chart":"US5PSMBD"}},{"type":"Feature","geometry":{"type":"Point","coordinates":[-70.676997,42.913728]},"properties":{"objtype":"SOUNDG","valsou":42.9,"chart":"US4NH1BD"}},{"type":"Feature","geometry":{"type":"Point","coordinates":[-70.676533,43.029571]},"properties":{"objtype":"SOUNDG","valsou":16.1,"chart":"US4NH1BD"}},{"type":"Feature","geometry":{"type":"Point","coordinates":[-70.676486,43.033293]},"properties":{"objtype":"SOUNDG","valsou":17.3,"chart":"US4NH1BD"}},{"type":"Feature","geometry":{"type":"Point","coordinates":[-70.678347,43.053267]},"properties":{"objtype":"SOUNDG","valsou":8.2,"chart":"US5PSMCD"}},{"type":"Feature","geometry":{"type":"Point","coordinates":[-70.675741,43.023902]},"properties":{"objtype":"SOUNDG","valsou":15.5,"chart":"US4NH1BD"}},{"type":"Feature","geometry":{"type":"Point","coordinates":[-70.675598,42.940826]},"properties":{"objtype":"SOUNDG","valsou":37.1,"chart":"US4NH1BD"}},{"type":"Feature","geometry":{"type":"Point","coordinates":[-70.675012,42.935287]},"properties":{"objtype":"SOUNDG","valsou":41.7,"chart":"US4NH1BD"}},{"type":"Feature","geometry":{"type":"Point","coordinates":[-70.67467,43.049207]},"properties":{"objtype":"SOUNDG","valsou":15.2,"chart":"US5PSMBD"}},{"type":"Feature","geometry":{"type":"Point","coordinates":[-70.674199,42.927374]},"properties":{"objtype":"SOUNDG","valsou":41.4,"chart":"US4NH1BD"}},{"type":"Feature","geometry":{"type":"Point","coordinates":[-70.673798,43.014787]},"properties":{"objtype":"SOUNDG","valsou":21.3,"chart":"US4NH1BD"}},{"type":"Feature","geometry":{"type":"Point","coordinates":[-70.673724,42.950865]},"properties":{"objtype":"SOUNDG","valsou":41.4,"chart":"US4NH1BD"}},{"type":"Feature","geometry":{"type":"Point","coordinates":[-70.674413,43.059688]},"properties":{"objtype":"SOUNDG","valsou":3.3,"chart":"US5PSMCD"}},{"type":"Feature","geometry":{"type":"Point","coordinates":[-70.67301,43.065962]},"properties":{"objtype":"SOUNDG","valsou":2.1,"chart":"US4NH1BD"}},{"type":"Feature","geometry":{"type":"Point","coordinates":[-70.673389,42.979832]},"properties":{"objtype":"SOUNDG","valsou":15.8,"chart":"US5PSMBD"}},{"type":"Feature","geometry":{"type":"Point","coordinates":[-70.671871,43.04561]},"properties":{"objtype":"SOUNDG","valsou":17.3,"chart":"US5PSMBD"}},{"type":"Feature","geometry":{"type":"Point","coordinates":[-70.671991,43.02702]},"properties":{"objtype":"SOUNDG","valsou":16.4,"chart":"US4NH1BD"}},{"type":"Feature","geometry":{"type":"Point","coordinates":[-70.671775,42.902209]},"properties":{"objtype":"SOUNDG","valsou":43.2,"chart":"US4NH1BD"}},{"type":"Feature","geometry":{"type":"Point","coordinates":[-70.671668,43.042392]},"properties":{"objtype":"SOUNDG","valsou":17.3,"chart":"US4NH1BD"}},{"type":"Feature","geometry":{"type":"Point","coordinates":[-70.671354,43.05996]},"properties":{"objtype":"SOUNDG","valsou":3.3,"chart":"US4NH1BD"}},{"type":"Feature","geometry":{"type":"Point","coordinates":[-70.671297,42.920586]},"properties":{"objtype":"SOUNDG","valsou":43.5,"chart":"US4NH1BD"}},{"type":"Feature","geometry":{"type":"Point","coordinates":[-70.669675,43.005334]},"properties":{"objtype":"SOUNDG","valsou":16.7,"chart":"US5PSMBD"}},{"type":"Feature","geometry":{"type":"Point","coordinates":[-70.671248,43.007341]},"properties":{"objtype":"SOUNDG","valsou":14.9,"chart":"US4NH1BD"}},{"type":"Feature","geometry":{"type":"Point","coordinates":[-70.67104,43.038893]},"properties":{"objtype":"SOUNDG","valsou":19.5,"chart":"US4NH1BD"}},{"type":"Feature","geometry":{"type":"Point","coordinates":[-70.671195,43.069393]},"properties":{"objtype":"SOUNDG","valsou":0.6,"chart":"US5PSMCD"}},{"type":"Feature","geometry":{"type":"Point","coordinates":[-70.670272,43.019684]},"properties":{"objtype":"SOUNDG","valsou":13.4,"chart":"US4NH1BD"}},{"type":"Feature","geometry":{"type":"Point","coordinates":[-70.67051,43.032214]},"properties":{"objtype":"SOUNDG","valsou":15.8,"chart":"US5PSMBD"}},{"type":"Feature","geometry":{"type":"Point","coordinates":[-70.671304,43.065843]},"properties":{"objtype":"SOUNDG","valsou":10.0,"chart":"US5PSMCD"}},{"type":"Feature","geometry":{"type":"Point","coordinates":[-70.669547,42.955052]},"properties":{"objtype":"SOUNDG","valsou":40.8,"chart":"US4NH1BD"}},{"type":"Feature","geometry":{"type":"Point","coordinates":[-70.666948,43.055818]},"properties":{"objtype":"SOUNDG","valsou":12.1,"chart":"US5PSMCD"}},{"type":"Feature","geometry":{"type":"Point","coordinates":[-70.668687,42.991136]},"properties":{"objtype":"SOUNDG","valsou":24.0,"chart":"US4NH1BD"}},{"type":"Feature","geometry":{"type":"Point","coordinates":[-70.668457,43.048845]},"properties":{"objtype":"SOUNDG","valsou":16.1,"chart":"US4NH1BD"}},{"type":"Feature","geometry":{"type":"Point","coordinates":[-70.668327,42.965707]},"properties":{"objtype":"SOUNDG","valsou":36.5,"chart":"US4NH1BD"}},{"type":"Feature","geometry":{"type":"Point","coordinates":[-70.66814,42.97472]},"properties":{"objtype":"SOUNDG","valsou":29.5,"chart":"US4NH1BD"}},{"type":"Feature","geometry":{"type":"Point","coordinates":[-70.667988,42.900171]},"properties":{"objtype":"SOUNDG","valsou":45.7,"chart":"US4NH1BD"}},{"type":"Feature","geometry":{"type":"Point","coordinates":[-70.66859,43.053186]},"properties":{"objtype":"SOUNDG","valsou":13.1,"chart":"US5PSMCD"}},{"type":"Feature","geometry":{"type":"Point","coordinates":[-70.667153,43.040378]},"properties":{"objtype":"SOUNDG","valsou":18.2,"chart":"US4NH1BD"}},{"type":"Feature","geometry":{"type":"Point","coordinates":[-70.666758,43.031551]},"properties":{"objtype":"SOUNDG","valsou":14.9,"chart":"US4NH1BD"}},{"type":"Feature","geometry":{"type":"Point","coordinates":[-70.666219,42.959651]},"properties":{"objtype":"SOUNDG","valsou":38.7,"chart":"US4NH1BD"}},{"type":"Feature","geometry":{"type":"Point","coordinates":[-70.665105,43.027915]},"properties":{"objtype":"SOUNDG","valsou":17.9,"chart":"US4NH1BD"}},{"type":"Feature","geometry":{"type":"Point","coordinates":[-70.665012,43.043485]},"properties":{"objtype":"SOUNDG","valsou":19.2,"chart":"US4NH1BD"}},{"type":"Feature","geometry":{"type":"Point","coordinates":[-70.664738,42.997346]},"properties":{"objtype":"SOUNDG","valsou":24.0,"chart":"US4NH1BD"}},{"type":"Feature","geometry":{"type":"Point","coordinates":[-70.664716,43.057395]},"properties":{"objtype":"SOUNDG","valsou":12.8,"chart":"US4NH1BD"}},{"type":"Feature","geometry":{"type":"Point","coordinates":[-70.664293,43.064897]},"properties":{"objtype":"SOUNDG","valsou":12.1,"chart":"US4NH1BD"}},{"type":"Feature","geometry":{"type":"Point","coordinates":[-70.664172,43.071909]},"properties":{"objtype":"SOUNDG","valsou":3.3,"chart":"US4NH1BD"}},{"type":"Feature","geometry":{"type":"Point","coordinates":[-70.663777,42.915196]},"properties":{"objtype":"SOUNDG","valsou":47.5,"chart":"US4NH1BD"}},{"type":"Feature","geometry":{"type":"Point","coordinates":[-70.665586,42.975436]},"properties":{"objtype":"SOUNDG","valsou":24.6,"chart":"US5PSMBD"}},{"type":"Feature","geometry":{"type":"Point","coordinates":[-70.6633,43.010507]},"properties":{"objtype":"SOUNDG","valsou":21.9,"chart":"US4NH1BD"}},{"type":"Feature","geometry":{"type":"Point","coordinates":[-70.663152,42.909141]},"properties":{"objtype":"SOUNDG","valsou":49.6,"chart":"US4NH1BD"}},{"type":"Feature","geometry":{"type":"Point","coordinates":[-70.663105,42.951467]},"properties":{"objtype":"SOUNDG","valsou":41.7,"chart":"US4NH1BD"}},{"type":"Feature","geometry":{"type":"Point","coordinates":[-70.663034,43.037151]},"properties":{"objtype":"SOUNDG","valsou":20.1,"chart":"US4NH1BD"}},{"type":"Feature","geometry":{"type":"Point","coordinates":[-70.662545,43.017464]},"properties":{"objtype":"SOUNDG","valsou":16.4,"chart":"US4NH1BD"}},{"type":"Feature","geometry":{"type":"Point","coordinates":[-70.662405,43.048265]},"properties":{"objtype":"SOUNDG","valsou":14.3,"chart":"US4NH1BD"}},{"type":"Feature","geometry":{"type":"Point","coordinates":[-70.662091,43.003484]},"properties":{"objtype":"SOUNDG","valsou":14.9,"chart":"US4NH1BD"}},{"type":"Feature","geometry":{"type":"Point","coordinates":[-70.661992,43.074617]},"properties":{"objtype":"SOUNDG","valsou":9.7,"chart":"US4NH1BD"}},{"type":"Feature","geometry":{"type":"Point","coordinates":[-70.661864,43.083195]},"properties":{"objtype":"SOUNDG","valsou":2.7,"chart":"US4NH1BD"}},{"type":"Feature","geometry":{"type":"Point","coordinates":[-70.661645,43.014389]},"properties":{"objtype":"SOUNDG","valsou":16.4,"chart":"US4NH1BD"}},{"type":"Feature","geometry":{"type":"Point","coordinates":[-70.661447,43.062189]},"properties":{"objtype":"SOUNDG","valsou":10.9,"chart":"US4NH1BD"}},{"type":"Feature","geometry":{"type":"Point","coordinates":[-70.66057,42.904591]},"properties":{"objtype":"SOUNDG","valsou":55.7,"chart":"US4NH1BD"}},{"type":"Feature","geometry":{"type":"Point","coordinates":[-70.660567,42.93567]},"properties":{"objtype":"SOUNDG","valsou":44.8,"chart":"US4NH1BD"}},{"type":"Feature","geometry":{"type":"Point","coordinates":[-70.660269,42.966326]},"properties":{"objtype":"SOUNDG","valsou":38.1,"chart":"US4NH1BD"}},{"type":"Feature","geometry":{"type":"Point","coordinates":[-70.660011,43.030801]},"properties":{"objtype":"SOUNDG","valsou":17.9,"chart":"US5PSMBD"}},{"type":"Feature","geometry":{"type":"Point","coordinates":[-70.659841,42.97875]},"properties":{"objtype":"SOUNDG","valsou":24.9,"chart":"US4NH1BD"}},{"type":"Feature","geometry":{"type":"Point","coordinates":[-70.659473,43.029417]},"properties":{"objtype":"SOUNDG","valsou":17.9,"chart":"US4NH1BD"}},{"type":"Feature","geometry":{"type":"Point","coordinates":[-70.65938,43.022962]},"properties":{"objtype":"SOUNDG","valsou":20.4,"chart":"US4NH1BD"}},{"type":"Feature","geometry":{"type":"Point","coordinates":[-70.659207,43.060147]},"properties":{"objtype":"SOUNDG","valsou":16.4,"chart":"US4NH1BD"}},{"type":"Feature","geometry":{"type":"Point","coordinates":[-70.658875,42.924649]},"properties":{"objtype":"SOUNDG","valsou":50.2,"chart":"US4NH1BD"}},{"type":"Feature","geometry":{"type":"Point","coordinates":[-70.658362,43.07922]},"properties":{"objtype":"SOUNDG","valsou":2.4,"chart":"US4NH1BD"}},{"type":"Feature","geometry":{"type":"Point","coordinates":[-70.658062,42.927207]},"properties":{"objtype":"SOUNDG","valsou":35.6,"chart":"US4NH1BD"}},{"type":"Feature","geometry":{"type":"Point","coordinates":[-70.658062,42.931678]},"properties":{"objtype":"SOUNDG","valsou":47.5,"chart":"US4NH1BD"}},{"type":"Feature","geometry":{"type":"Point","coordinates":[-70.657936,43.07577]},"properties":{"objtype":"SOUNDG","valsou":2.7,"chart":"US4NH1BD"}},{"type":"Feature","geometry":{"type":"Point","coordinates":[-70.65785,42.987521]},"properties":{"objtype":"SOUNDG","valsou":25.9,"chart":"US4NH1BD"}},{"type":"Feature","geometry":{"type":"Point","coordinates":[-70.657825,42.960276]},"properties":{"objtype":"SOUNDG","valsou":35.6,"chart":"US4NH1BD"}},{"type":"Feature","geometry":{"type":"Point","coordinates":[-70.657772,42.983823]},"properties":{"objtype":"SOUNDG","valsou":24.9,"chart":"US4NH1BD"}},{"type":"Feature","geometry":{"type":"Point","coordinates":[-70.660077,43.087964]},"properties":{"objtype":"SOUNDG","valsou":0.3,"chart":"US5PSMCD"}},{"type":"Feature","geometry":{"type":"Point","coordinates":[-70.657411,42.971142]},"properties":{"objtype":"SOUNDG","valsou":39.0,"chart":"US4NH1BD"}},{"type":"Feature","geometry":{"type":"Point","coordinates":[-70.657391,43.067737]},"properties":{"objtype":"SOUNDG","valsou":8.2,"chart":"US4NH1BD"}},{"type":"Feature","geometry":{"type":"Point","coordinates":[-70.654902,43.084241]},"properties":{"objtype":"SOUNDG","valsou":0.6,"chart":"US4NH1BD"}},{"type":"Feature","geometry":{"type":"Point","coordinates":[-70.656164,42.912901]},"properties":{"objtype":"SOUNDG","valsou":56.3,"chart":"US4NH1BD"}},{"type":"Feature","geometry":{"type":"Point","coordinates":[-70.65612,43.07506]},"properties":{"objtype":"SOUNDG","valsou":4.2,"chart":"US4NH1BD"}},{"type":"Feature","geometry":{"type":"Point","coordinates":[-70.655878,43.05522]},"properties":{"objtype":"SOUNDG","valsou":11.8,"chart":"US4NH1BD"}},{"type":"Feature","geometry":{"type":"Point","coordinates":[-70.655228,43.088345]},"properties":{"objtype":"SOUNDG","valsou":2.1,"chart":"US4NH1BD"}},{"type":"Feature","geometry":{"type":"Point","coordinates":[-70.654321,42.944957]},"properties":{"objtype":"SOUNDG","valsou":39.0,"chart":"US4NH1BD"}},{"type":"Feature","geometry":{"type":"Point","coordinates":[-70.654311,43.085843]},"properties":{"objtype":"SOUNDG","valsou":0.3,"chart":"US4NH1BD"}},{"type":"Feature","geometry":{"type":"Point","coordinates":[-70.654182,43.081083]},"properties":{"objtype":"SOUNDG","valsou":6.7,"chart":"US4NH1BD"}},{"type":"Feature","geometry":{"type":"Point","coordinates":[-70.653794,43.043178]},"properties":{"objtype":"SOUNDG","valsou":16.7,"chart":"US4NH1BD"}},{"type":"Feature","geometry":{"type":"Point","coordinates":[-70.653736,42.99632]},"properties":{"objtype":"SOUNDG","valsou":19.8,"chart":"US4NH1BD"}},{"type":"Feature","geometry":{"type":"Point","coordinates":[-70.653696,43.00975]},"properties":{"objtype":"SOUNDG","valsou":21.3,"chart":"US4NH1BD"}},{"type":"Feature","geometry":{"type":"Point","coordinates":[-70.653077,43.094146]},"properties":{"objtype":"SOUNDG","valsou":2.4,"chart":"US5PSMCD"}},{"type":"Feature","geometry":{"type":"Point","coordinates":[-70.653495,43.098069]},"properties":{"objtype":"SOUNDG","valsou":0.6,"chart":"US4NH1BD"}},{"type":"Feature","geometry":{"type":"Point","coordinates":[-70.653492,42.962942]},"properties":{"objtype":"SOUNDG","valsou":32.6,"chart":"US4NH1BD"}},{"type":"Feature","geometry":{"type":"Point","coordinates":[-70.652801,43.015782]},"properties":{"objtype":"SOUNDG","valsou":16.4,"chart":"US4NH1BD"}},{"type":"Feature","geometry":{"type":"Point","coordinates":[-70.65273,43.066406]},"properties":{"objtype":"SOUNDG","valsou":10.6,"chart":"US4NH1BD"}},{"type":"Feature","geometry":{"type":"Point","coordinates":[-70.652697,42.975482]},"properties":{"objtype":"SOUNDG","valsou":28.6,"chart":"US4NH1BD"}},{"type":"Feature","geometry":{"type":"Point","coordinates":[-70.652609,43.070622]},"properties":{"objtype":"SOUNDG","valsou":9.4,"chart":"US4NH1BD"}},{"type":"Feature","geometry":{"type":"Point","coordinates":[-70.652489,43.028475]},"properties":{"objtype":"SOUNDG","valsou":21.6,"chart":"US5PSMBD"}},{"type":"Feature","geometry":{"type":"Point","coordinates":[-70.652293,43.059588]},"properties":{"objtype":"SOUNDG","valsou":17.6,"chart":"US4NH1BD"}},{"type":"Feature","geometry":{"type":"Point","coordinates":[-70.652189,42.986087]},"properties":{"objtype":"SOUNDG","valsou":22.5,"chart":"US4NH1BD"}},{"type":"Feature","geometry":{"type":"Point","coordinates":[-70.651979,43.077605]},"properties":{"objtype":"SOUNDG","valsou":7.0,"chart":"US4NH1BD"}},{"type":"Feature","geometry":{"type":"Point","coordinates":[-70.651891,42.957867]},"properties":{"objtype":"SOUNDG","valsou":32.0,"chart":"US4NH1BD"}},{"type":"Feature","geometry":{"type":"Point","coordinates":[-70.65144,42.918209]},"properties":{"objtype":"SOUNDG","valsou":43.8,"chart":"US4NH1BD"}},{"type":"Feature","geometry":{"type":"Point","coordinates":[-70.651376,43.017287]},"properties":{"objtype":"SOUNDG","valsou":20.1,"chart":"US4NH1BD"}},{"type":"Feature","geometry":{"type":"Point","coordinates":[-70.651075,43.090192]},"properties":{"objtype":"SOUNDG","valsou":7.3,"chart":"US4NH1BD"}},{"type":"Feature","geometry":{"type":"Point","coordinates":[-70.650905,43.085059]},"properties":{"objtype":"SOUNDG","valsou":7.3,"chart":"US4NH1BD"}},{"type":"Feature","geometry":{"type":"Point","coordinates":[-70.650792,43.03599]},"properties":{"objtype":"SOUNDG","valsou":24.9,"chart":"US4NH1BD"}},{"type":"Feature","geometry":{"type":"Point","coordinates":[-70.650709,42.925079]},"properties":{"objtype":"SOUNDG","valsou":42.0,"chart":"US4NH1BD"}},{"type":"Feature","geometry":{"type":"Point","coordinates":[-70.650613,43.004458]},"properties":{"objtype":"SOUNDG","valsou":21.9,"chart":"US4NH1BD"}},{"type":"Feature","geometry":{"type":"Point","coordinates":[-70.648563,43.051428]},"properties":{"objtype":"SOUNDG","valsou":20.7,"chart":"US5PSMCE"}},{"type":"Feature","geometry":{"type":"Point","coordinates":[-70.649951,42.9002]},"properties":{"objtype":"SOUNDG","valsou":49.3,"chart":"US4NH1BD"}},{"type":"Feature","geometry":{"type":"Point","coordinates":[-70.649717,42.903328]},"properties":{"objtype":"SOUNDG","valsou":47.5,"chart":"US4NH1BD"}},{"type":"Feature","geometry":{"type":"Point","coordinates":[-70.649353,42.969795]},"properties":{"objtype":"SOUNDG","valsou":34.7,"chart":"US4NH1BD"}},{"type":"Feature","geometry":{"type":"Point","coordinates":[-70.651367,43.096987]},"properties":{"objtype":"SOUNDG","valsou":1.2,"chart":"US5PSMCD"}},{"type":"Feature","geometry":{"type":"Point","coordinates":[-70.650386,43.014451]},"properties":{"objtype":"SOUNDG","valsou":16.7,"chart":"US5PSMBD"}},{"type":"Feature","geometry":{"type":"Point","coordinates":[-70.648492,43.064941]},"properties":{"objtype":"SOUNDG","valsou":10.9,"chart":"US4NH1BD"}},{"type":"Feature","geometry":{"type":"Point","coordinates":[-70.645657,43.067232]},"properties":{"objtype":"SOUNDG","valsou":10.9,"chart":"US5PSMCE"}},{"type":"Feature","geometry":{"type":"Point","coordinates":[-70.648194,43.091848]},"properties":{"objtype":"SOUNDG","valsou":7.3,"chart":"US4NH1BD"}},{"type":"Feature","geometry":{"type":"Point","coordinates":[-70.647558,42.960505]},"properties":{"objtype":"SOUNDG","valsou":31.6,"chart":"US4NH1BD"}},{"type":"Feature","geometry":{"type":"Point","coordinates":[-70.64667,42.985458]},"properties":{"objtype":"SOUNDG","valsou":23.7,"chart":"US5PSMBE"}},{"type":"Feature","geometry":{"type":"Point","coordinates":[-70.647347,43.082367]},"properties":{"objtype":"SOUNDG","valsou":6.4,"chart":"US4NH1BD"}},{"type":"Feature","geometry":{"type":"Point","coordinates":[-70.64733,43.099597]},"properties":{"objtype":"SOUNDG","valsou":7.3,"chart":"US5PSMCE"}},{"type":"Feature","geometry":{"type":"Point","coordinates":[-70.647091,43.021562]},"properties":{"objtype":"SOUNDG","valsou":20.4,"chart":"US4NH1BD"}},{"type":"Feature","geometry":{"type":"Point","coordinates":[-70.646566,43.062606]},"properties":{"objtype":"SOUNDG","valsou":15.2,"chart":"US5PSMCE"}},{"type":"Feature","geometry":{"type":"Point","coordinates":[-70.646443,43.086094]},"properties":{"objtype":"SOUNDG","valsou":8.5,"chart":"US4NH1BD"}},{"type":"Feature","geometry":{"type":"Point","coordinates":[-70.646192,43.055841]},"properties":{"objtype":"SOUNDG","valsou":14.9,"chart":"US4NH1BD"}},{"type":"Feature","geometry":{"type":"Point","coordinates":[-70.646071,43.075016]},"properties":{"objtype":"SOUNDG","valsou":7.3,"chart":"US4NH1BD"}},{"type":"Feature","geometry":{"type":"Point","coordinates":[-70.646021,42.987836]},"properties":{"objtype":"SOUNDG","valsou":20.4,"chart":"US4NH1BD"}},{"type":"Feature","geometry":{"type":"Point","coordinates":[-70.645829,42.932347]},"properties":{"objtype":"SOUNDG","valsou":36.2,"chart":"US4NH1BD"}},{"type":"Feature","geometry":{"type":"Point","coordinates":[-70.645625,43.039166]},"properties":{"objtype":"SOUNDG","valsou":19.2,"chart":"US4NH1BD"}},{"type":"Feature","geometry":{"type":"Point","coordinates":[-70.644981,42.972805]},"properties":{"objtype":"SOUNDG","valsou":33.2,"chart":"US4NH1BD"}},{"type":"Feature","geometry":{"type":"Point","coordinates":[-70.644709,42.940488]},"properties":{"objtype":"SOUNDG","valsou":36.8,"chart":"US4NH1BD"}},{"type":"Feature","geometry":{"type":"Point","coordinates":[-70.644436,43.072664]},"properties":{"objtype":"SOUNDG","valsou":4.2,"chart":"US4NH1BD"}},{"type":"Feature","geometry":{"type":"Point","coordinates":[-70.644372,43.104092]},"properties":{"objtype":"SOUNDG","valsou":7.3,"chart":"US4NH1BD"}},{"type":"Feature","geometry":{"type":"Point","coordinates":[-70.644134,43.043037]},"properties":{"objtype":"SOUNDG","valsou":22.5,"chart":"US4NH1BD"}},{"type":"Feature","geometry":{"type":"Point","coordinates":[-70.644054,43.001822]},"properties":{"objtype":"SOUNDG","valsou":23.1,"chart":"US4NH1BD"}},{"type":"Feature","geometry":{"type":"Point","coordinates":[-70.642716,43.096201]},"properties":{"objtype":"SOUNDG","valsou":12.1,"chart":"US5PSMCE"}},{"type":"Feature","geometry":{"type":"Point","coordinates":[-70.643655,42.947629]},"properties":{"objtype":"SOUNDG","valsou":38.1,"chart":"US4NH1BD"}},{"type":"Feature","geometry":{"type":"Point","coordinates":[-70.643297,43.034625]},"properties":{"objtype":"SOUNDG","valsou":21.0,"chart":"US4NH1BD"}},{"type":"Feature","geometry":{"type":"Point","coordinates":[-70.643029,42.957122]},"properties":{"objtype":"SOUNDG","valsou":35.6,"chart":"US4NH1BD"}},{"type":"Feature","geometry":{"type":"Point","coordinates":[-70.643226,43.087702]},"properties":{"objtype":"SOUNDG","valsou":9.7,"chart":"US5PSMCE"}},{"type":"Feature","geometry":{"type":"Point","coordinates":[-70.6425,42.911294]},"properties":{"objtype":"SOUNDG","valsou":59.1,"chart":"US4NH1BD"}},{"type":"Feature","geometry":{"type":"Point","coordinates":[-70.642432,43.077315]},"properties":{"objtype":"SOUNDG","valsou":8.2,"chart":"US4NH1BD"}},{"type":"Feature","geometry":{"type":"Point","coordinates":[-70.642378,43.069557]},"properties":{"objtype":"SOUNDG","valsou":8.2,"chart":"US4NH1BD"}},{"type":"Feature","geometry":{"type":"Point","coordinates":[-70.642375,42.995432]},"properties":{"objtype":"SOUNDG","valsou":21.0,"chart":"US4NH1BD"}},{"type":"Feature","geometry":{"type":"Point","coordinates":[-70.641784,43.022826]},"properties":{"objtype":"SOUNDG","valsou":23.4,"chart":"US4NH1BD"}},{"type":"Feature","geometry":{"type":"Point","coordinates":[-70.641652,43.051872]},"properties":{"objtype":"SOUNDG","valsou":14.0,"chart":"US4NH1BD"}},{"type":"Feature","geometry":{"type":"Point","coordinates":[-70.641492,42.989212]},"properties":{"objtype":"SOUNDG","valsou":17.9,"chart":"US4NH1BD"}},{"type":"Feature","geometry":{"type":"Point","coordinates":[-70.641359,43.081746]},"properties":{"objtype":"SOUNDG","valsou":10.9,"chart":"US4NH1BD"}},{"type":"Feature","geometry":{"type":"Point","coordinates":[-70.6418,43.110737]},"properties":{"objtype":"SOUNDG","valsou":1.2,"chart":"US5PSMCE"}},{"type":"Feature","geometry":{"type":"Point","coordinates":[-70.639514,43.106243]},"properties":{"objtype":"SOUNDG","valsou":4.5,"chart":"US5PSMCE"}},{"type":"Feature","geometry":{"type":"Point","coordinates":[-70.640071,42.930363]},"properties":{"objtype":"SOUNDG","valsou":50.2,"chart":"US4NH1BD"}},{"type":"Feature","geometry":{"type":"Point","coordinates":[-70.639959,43.102943]},"properties":{"objtype":"SOUNDG","valsou":7.0,"chart":"US4NH1BD"}},{"type":"Feature","geometry":{"type":"Point","coordinates":[-70.639955,43.007897]},"properties":{"objtype":"SOUNDG","valsou":24.0,"chart":"US4NH1BD"}},{"type":"Feature","geometry":{"type":"Point","coordinates":[-70.639806,43.030425]},"properties":{"objtype":"SOUNDG","valsou":22.8,"chart":"US4NH1BD"}},{"type":"Feature","geometry":{"type":"Point","coordinates":[-70.639775,43.063654]},"properties":{"objtype":"SOUNDG","valsou":12.4,"chart":"US4NH1BD"}},{"type":"Feature","geometry":{"type":"Point","coordinates":[-70.63972,43.080131]},"properties":{"objtype":"SOUNDG","valsou":8.8,"chart":"US4NH1BD"}},{"type":"Feature","geometry":{"type":"Point","coordinates":[-70.639671,42.970368]},"properties":{"objtype":"SOUNDG","valsou":27.7,"chart":"US4NH1BD"}},{"type":"Feature","geometry":{"type":"Point","coordinates":[-70.63923,43.059925]},"properties":{"objtype":"SOUNDG","valsou":15.2,"chart":"US4NH1BD"}},{"type":"Feature","geometry":{"type":"Point","coordinates":[-70.638695,42.963]},"properties":{"objtype":"SOUNDG","valsou":33.8,"chart":"US4NH1BD"}},{"type":"Feature","geometry":{"type":"Point","coordinates":[-70.638682,43.054937]},"properties":{"objtype":"SOUNDG","valsou":7.9,"chart":"US4NH1BD"}},{"type":"Feature","geometry":{"type":"Point","coordinates":[-70.638634,42.921796]},"properties":{"objtype":"SOUNDG","valsou":48.4,"chart":"US4NH1BD"}},{"type":"Feature","geometry":{"type":"Point","coordinates":[-70.638607,43.129097]},"properties":{"objtype":"SOUNDG","valsou":3.0,"chart":"US4NH1BD"}},{"type":"Feature","geometry":{"type":"Point","coordinates":[-70.638543,43.074025]},"properties":{"objtype":"SOUNDG","valsou":5.1,"chart":"US4NH1BD"}},{"type":"Feature","geometry":{"type":"Point","coordinates":[-70.638517,42.918008]},"properties":{"objtype":"SOUNDG","valsou":60.0,"chart":"US4NH1BD"}},{"type":"Feature","geometry":{"type":"Point","coordinates":[-70.639186,43.109175]},"properties":{"objtype":"SOUNDG","valsou":5.4,"chart":"US5PSMCE"}},{"type":"Feature","geometry":{"type":"Point","coordinates":[-70.63839,43.107146]},"properties":{"objtype":"SOUNDG","valsou":0.6,"chart":"US4NH1BD"}},{"type":"Feature","geometry":{"type":"Point","coordinates":[-70.638365,43.092097]},"properties":{"objtype":"SOUNDG","valsou":8.8,"chart":"US4NH1BD"}},{"type":"Feature","geometry":{"type":"Point","coordinates":[-70.637993,43.04657]},"properties":{"objtype":"SOUNDG","valsou":10.9,"chart":"US4NH1BD"}},{"type":"Feature","geometry":{"type":"Point","coordinates":[-70.637961,42.954374]},"properties":{"objtype":"SOUNDG","valsou":46.9,"chart":"US4NH1BD"}},{"type":"Feature","geometry":{"type":"Point","coordinates":[-70.637838,43.065784]},"properties":{"objtype":"SOUNDG","valsou":8.5,"chart":"US4NH1BD"}},{"type":"Feature","geometry":{"type":"Point","coordinates":[-70.637771,42.902898]},"properties":{"objtype":"SOUNDG","valsou":63.7,"chart":"US4NH1BD"}},{"type":"Feature","geometry":{"type":"Point","coordinates":[-70.637549,42.982791]},"properties":{"objtype":"SOUNDG","valsou":17.9,"chart":"US4NH1BD"}},{"type":"Feature","geometry":{"type":"Point","coordinates":[-70.637122,43.094539]},"properties":{"objtype":"SOUNDG","valsou":12.1,"chart":"US4NH1BD"}},{"type":"Feature","geometry":{"type":"Point","coordinates":[-70.637122,43.100625]},"properties":{"objtype":"SOUNDG","valsou":9.7,"chart":"US4NH1BD"}},{"type":"Feature","geometry":{"type":"Point","coordinates":[-70.638634,43.103394]},"properties":{"objtype":"SOUNDG","valsou":9.7,"chart":"US5PSMCE"}},{"type":"Feature","geometry":{"type":"Point","coordinates":[-70.638911,43.086654]},"properties":{"objtype":"SOUNDG","valsou":22.5,"chart":"US5PSMCE"}},{"type":"Feature","geometry":{"type":"Point","coordinates":[-70.636362,42.935503]},"properties":{"objtype":"SOUNDG","valsou":30.1,"chart":"US4NH1BD"}},{"type":"Feature","geometry":{"type":"Point","coordinates":[-70.635711,42.927303]},"properties":{"objtype":"SOUNDG","valsou":29.5,"chart":"US4NH1BD"}},{"type":"Feature","geometry":{"type":"Point","coordinates":[-70.63571,43.033225]},"properties":{"objtype":"SOUNDG","valsou":10.3,"chart":"US4NH1BD"}},{"type":"Feature","geometry":{"type":"Point","coordinates":[-70.635675,42.99139]},"properties":{"objtype":"SOUNDG","valsou":12.4,"chart":"US4NH1BD"}},{"type":"Feature","geometry":{"type":"Point","coordinates":[-70.635029,43.079631]},"properties":{"objtype":"SOUNDG","valsou":8.5,"chart":"US4NH1BD"}},{"type":"Feature","geometry":{"type":"Point","coordinates":[-70.63488,43.131347]},"properties":{"objtype":"SOUNDG","valsou":4.5,"chart":"US4NH1BD"}},{"type":"Feature","geometry":{"type":"Point","coordinates":[-70.635565,43.075275]},"properties":{"objtype":"SOUNDG","valsou":7.6,"chart":"US5PSMCE"}},{"type":"Feature","geometry":{"type":"Point","coordinates":[-70.63437,42.940034]},"properties":{"objtype":"SOUNDG","valsou":51.2,"chart":"US4NH1BD"}},{"type":"Feature","geometry":{"type":"Point","coordinates":[-70.634084,43.05704]},"properties":{"objtype":"SOUNDG","valsou":13.1,"chart":"US4NH1BD"}},{"type":"Feature","geometry":{"type":"Point","coordinates":[-70.633928,43.104883]},"properties":{"objtype":"SOUNDG","valsou":10.6,"chart":"US4NH1BD"}},{"type":"Feature","geometry":{"type":"Point","coordinates":[-70.636498,43.089982]},"properties":{"objtype":"SOUNDG","valsou":13.1,"chart":"US5PSMCE"}},{"type":"Feature","geometry":{"type":"Point","coordinates":[-70.633552,43.084653]},"properties":{"objtype":"SOUNDG","valsou":12.4,"chart":"US4NH1BD"}},{"type":"Feature","geometry":{"type":"Point","coordinates":[-70.633535,43.012787]},"properties":{"objtype":"SOUNDG","valsou":22.2,"chart":"US4NH1BD"}},{"type":"Feature","geometry":{"type":"Point","coordinates":[-70.633071,43.113492]},"properties":{"objtype":"SOUNDG","valsou":5.1,"chart":"US4NH1BD"}},{"type":"Feature","geometry":{"type":"Point","coordinates":[-70.633286,43.108736]},"properties":{"objtype":"SOUNDG","valsou":4.2,"chart":"US5PSMCE"}},{"type":"Feature","geometry":{"type":"Point","coordinates":[-70.63294,43.039661]},"properties":{"objtype":"SOUNDG","valsou":21.9,"chart":"US4NH1BD"}},{"type":"Feature","geometry":{"type":"Point","coordinates":[-70.632884,43.129264]},"properties":{"objtype":"SOUNDG","valsou":4.8,"chart":"US4NH1BD"}},{"type":"Feature","geometry":{"type":"Point","coordinates":[-70.632783,42.931176]},"properties":{"objtype":"SOUNDG","valsou":54.8,"chart":"US4NH1BD"}},{"type":"Feature","geometry":{"type":"Point","coordinates":[-70.632692,43.053781]},"properties":{"objtype":"SOUNDG","valsou":18.5,"chart":"US4NH1BD"}},{"type":"Feature","geometry":{"type":"Point","coordinates":[-70.632527,42.959645]},"properties":{"objtype":"SOUNDG","valsou":17.9,"chart":"US4NH1BD"}},{"type":"Feature","geometry":{"type":"Point","coordinates":[-70.63104,42.9858]},"properties":{"objtype":"SOUNDG","valsou":17.6,"chart":"US5PSMBE"}},{"type":"Feature","geometry":{"type":"Point","coordinates":[-70.63202,43.116428]},"properties":{"objtype":"SOUNDG","valsou":2.7,"chart":"US4NH1BD"}},{"type":"Feature","geometry":{"type":"Point","coordinates":[-70.631998,42.909801]},"properties":{"objtype":"SOUNDG","valsou":48.4,"chart":"US4NH1BD"}},{"type":"Feature","geometry":{"type":"Point","coordinates":[-70.631748,43.065344]},"properties":{"objtype":"SOUNDG","valsou":14.0,"chart":"US4NH1BD"}},{"type":"Feature","geometry":{"type":"Point","coordinates":[-70.63152,42.950932]},"properties":{"objtype":"SOUNDG","valsou":30.7,"chart":"US4NH1BD"}},{"type":"Feature","geometry":{"type":"Point","coordinates":[-70.631485,43.083181]},"properties":{"objtype":"SOUNDG","valsou":14.0,"chart":"US4NH1BD"}},{"type":"Feature","geometry":{"type":"Point","coordinates":[-70.631477,43.108296]},"properties":{"objtype":"SOUNDG","valsou":6.4,"chart":"US4NH1BD"}},{"type":"Feature","geometry":{"type":"Point","coordinates":[-70.631426,43.094911]},"properties":{"objtype":"SOUNDG","valsou":9.1,"chart":"US4NH1BD"}},{"type":"Feature","geometry":{"type":"Point","coordinates":[-70.631327,43.00251]},"properties":{"objtype":"SOUNDG","valsou":20.7,"chart":"US4NH1BD"}},{"type":"Feature","geometry":{"type":"Point","coordinates":[-70.631179,43.048764]},"properties":{"objtype":"SOUNDG","valsou":15.5,"chart":"US4NH1BD"}},{"type":"Feature","geometry":{"type":"Point","coordinates":[-70.633337,43.071866]},"properties":{"objtype":"SOUNDG","valsou":10.0,"chart":"US5PSMCE"}},{"type":"Feature","geometry":{"type":"Point","coordinates":[-70.630692,42.962914]},"properties":{"objtype":"SOUNDG","valsou":30.4,"chart":"US4NH1BD"}},{"type":"Feature","geometry":{"type":"Point","coordinates":[-70.630639,42.992937]},"properties":{"objtype":"SOUNDG","valsou":12.4,"chart":"US4NH1BD"}},{"type":"Feature","geometry":{"type":"Point","coordinates":[-70.630496,42.982318]},"properties":{"objtype":"SOUNDG","valsou":13.4,"chart":"US4NH1BD"}},{"type":"Feature","geometry":{"type":"Point","coordinates":[-70.630341,42.970053]},"properties":{"objtype":"SOUNDG","valsou":5.4,"chart":"US4NH1BD"}},{"type":"Feature","geometry":{"type":"Point","coordinates":[-70.630331,43.059037]},"properties":{"objtype":"SOUNDG","valsou":7.3,"chart":"US4NH1BD"}},{"type":"Feature","geometry":{"type":"Point","coordinates":[-70.630085,42.914909]},"properties":{"objtype":"SOUNDG","valsou":61.8,"chart":"US4NH1BD"}},{"type":"Feature","geometry":{"type":"Point","coordinates":[-70.628338,42.97718]},"properties":{"objtype":"SOUNDG","valsou":0.9,"chart":"US5PSMBE"}},{"type":"Feature","geometry":{"type":"Point","coordinates":[-70.630038,43.07528]},"properties":{"objtype":"SOUNDG","valsou":7.0,"chart":"US4NH1BD"}},{"type":"Feature","geometry":{"type":"Point","coordinates":[-70.630009,43.088549]},"properties":{"objtype":"SOUNDG","valsou":15.2,"chart":"US4NH1BD"}},{"type":"Feature","geometry":{"type":"Point","coordinates":[-70.629455,42.905251]},"properties":{"objtype":"SOUNDG","valsou":45.1,"chart":"US4NH1BD"}},{"type":"Feature","geometry":{"type":"Point","coordinates":[-70.629382,42.919902]},"properties":{"objtype":"SOUNDG","valsou":53.0,"chart":"US4NH1BD"}},{"type":"Feature","geometry":{"type":"Point","coordinates":[-70.62868,43.117347]},"properties":{"objtype":"SOUNDG","valsou":12.8,"chart":"US5PSMCE"}},{"type":"Feature","geometry":{"type":"Point","coordinates":[-70.629179,42.99761]},"properties":{"objtype":"SOUNDG","valsou":18.5,"chart":"US4NH1BD"}},{"type":"Feature","geometry":{"type":"Point","coordinates":[-70.628985,43.118823]},"properties":{"objtype":"SOUNDG","valsou":8.2,"chart":"US4NH1BD"}},{"type":"Feature","geometry":{"type":"Point","coordinates":[-70.628472,43.027334]},"properties":{"objtype":"SOUNDG","valsou":18.5,"chart":"US4NH1BD"}},{"type":"Feature","geometry":{"type":"Point","coordinates":[-70.628456,42.925725]},"properties":{"objtype":"SOUNDG","valsou":48.7,"chart":"US4NH1BD"}},{"type":"Feature","geometry":{"type":"Point","coordinates":[-70.628055,43.121822]},"properties":{"objtype":"SOUNDG","valsou":3.3,"chart":"US4NH1BD"}},{"type":"Feature","geometry":{"type":"Point","coordinates":[-70.627381,42.955865]},"properties":{"objtype":"SOUNDG","valsou":45.1,"chart":"US4NH1BD"}},{"type":"Feature","geometry":{"type":"Point","coordinates":[-70.627351,43.109073]},"properties":{"objtype":"SOUNDG","valsou":10.6,"chart":"US4NH1BD"}},{"type":"Feature","geometry":{"type":"Point","coordinates":[-70.627309,43.097877]},"properties":{"objtype":"SOUNDG","valsou":13.1,"chart":"US4NH1BD"}},{"type":"Feature","geometry":{"type":"Point","coordinates":[-70.626908,43.068959]},"properties":{"objtype":"SOUNDG","valsou":13.4,"chart":"US4NH1BD"}},{"type":"Feature","geometry":{"type":"Point","coordinates":[-70.626656,43.131361]},"properties":{"objtype":"SOUNDG","valsou":7.0,"chart":"US4NH1BD"}},{"type":"Feature","geometry":{"type":"Point","coordinates":[-70.626465,43.085129]},"properties":{"objtype":"SOUNDG","valsou":21.0,"chart":"US4NH1BD"}},{"type":"Feature","geometry":{"type":"Point","coordinates":[-70.626119,43.016488]},"properties":{"objtype":"SOUNDG","valsou":24.6,"chart":"US4NH1BD"}},{"type":"Feature","geometry":{"type":"Point","coordinates":[-70.625993,43.093699]},"properties":{"objtype":"SOUNDG","valsou":14.9,"chart":"US4NH1BD"}},{"type":"Feature","geometry":{"type":"Point","coordinates":[-70.625905,43.077315]},"properties":{"objtype":"SOUNDG","valsou":12.8,"chart":"US4NH1BD"}},{"type":"Feature","geometry":{"type":"Point","coordinates":[-70.625773,42.964003]},"properties":{"objtype":"SOUNDG","valsou":7.0,"chart":"US4NH1BD"}},{"type":"Feature","geometry":{"type":"Point","coordinates":[-70.625712,43.115642]},"properties":{"objtype":"SOUNDG","valsou":9.4,"chart":"US4NH1BD"}},{"type":"Feature","geometry":{"type":"Point","coordinates":[-70.625609,43.059126]},"properties":{"objtype":"SOUNDG","valsou":16.1,"chart":"US4NH1BD"}},{"type":"Feature","geometry":{"type":"Point","coordinates":[-70.625306,43.045701]},"properties":{"objtype":"SOUNDG","valsou":13.4,"chart":"US4NH1BD"}},{"type":"Feature","geometry":{"type":"Point","coordinates":[-70.625226,42.967328]},"properties":{"objtype":"SOUNDG","valsou":0.6,"chart":"US5NH1AG"}},{"type":"Feature","geometry":{"type":"Point","coordinates":[-70.624959,43.126821]},"properties":{"objtype":"SOUNDG","valsou":7.9,"chart":"US4NH1BD"}},{"type":"Feature","geometry":{"type":"Point","coordinates":[-70.6249,43.072639]},"properties":{"objtype":"SOUNDG","valsou":10.3,"chart":"US4NH1BD"}},{"type":"Feature","geometry":{"type":"Point","coordinates":[-70.624748,43.021391]},"properties":{"objtype":"SOUNDG","valsou":24.6,"chart":"US4NH1BD"}},{"type":"Feature","geometry":{"type":"Point","coordinates":[-70.624717,42.99584]},"properties":{"objtype":"SOUNDG","valsou":10.3,"chart":"US4NH1BD"}},{"type":"Feature","geometry":{"type":"Point","coordinates":[-70.624649,42.947778]},"properties":{"objtype":"SOUNDG","valsou":51.2,"chart":"US4NH1BD"}},{"type":"Feature","geometry":{"type":"Point","coordinates":[-70.626075,43.118077]},"properties":{"objtype":"SOUNDG","valsou":16.1,"chart":"US5PSMCE"}},{"type":"Feature","geometry":{"type":"Point","coordinates":[-70.624258,43.123407]},"properties":{"objtype":"SOUNDG","valsou":11.5,"chart":"US4NH1BD"}},{"type":"Feature","geometry":{"type":"Point","coordinates":[-70.624236,43.037647]},"properties":{"objtype":"SOUNDG","valsou":15.2,"chart":"US4NH1BD"}},{"type":"Feature","geometry":{"type":"Point","coordinates":[-70.624162,43.088808]},"properties":{"objtype":"SOUNDG","valsou":14.0,"chart":"US4NH1BD"}},{"type":"Feature","geometry":{"type":"Point","coordinates":[-70.62379,43.103071]},"properties":{"objtype":"SOUNDG","valsou":10.0,"chart":"US4NH1BD"}},{"type":"Feature","geometry":{"type":"Point","coordinates":[-70.623773,43.113423]},"properties":{"objtype":"SOUNDG","valsou":15.5,"chart":"US4NH1BD"}},{"type":"Feature","geometry":{"type":"Point","coordinates":[-70.623739,42.930626]},"properties":{"objtype":"SOUNDG","valsou":23.4,"chart":"US4NH1BD"}},{"type":"Feature","geometry":{"type":"Point","coordinates":[-70.623566,42.988003]},"properties":{"objtype":"SOUNDG","valsou":8.5,"chart":"US4NH1BD"}},{"type":"Feature","geometry":{"type":"Point","coordinates":[-70.623118,42.973092]},"properties":{"objtype":"SOUNDG","valsou":9.7,"chart":"US4NH1BD"}},{"type":"Feature","geometry":{"type":"Point","coordinates":[-70.622894,43.000332]},"properties":{"objtype":"SOUNDG","valsou":15.8,"chart":"US4NH1BD"}},{"type":"Feature","geometry":{"type":"Point","coordinates":[-70.622701,42.901291]},"properties":{"objtype":"SOUNDG","valsou":67.9,"chart":"US4NH1BD"}},{"type":"Feature","geometry":{"type":"Point","coordinates":[-70.622503,43.009186]},"properties":{"objtype":"SOUNDG","valsou":20.1,"chart":"US4NH1BD"}},{"type":"Feature","geometry":{"type":"Point","coordinates":[-70.62239,43.091492]},"properties":{"objtype":"SOUNDG","valsou":13.1,"chart":"US4NH1BD"}},{"type":"Feature","geometry":{"type":"Point","coordinates":[-70.622311,43.100847]},"properties":{"objtype":"SOUNDG","valsou":13.1,"chart":"US4NH1BD"}},{"type":"Feature","geometry":{"type":"Point","coordinates":[-70.622161,43.097589]},"properties":{"objtype":"SOUNDG","valsou":11.8,"chart":"US4NH1BD"}},{"type":"Feature","geometry":{"type":"Point","coordinates":[-70.621925,42.920304]},"properties":{"objtype":"SOUNDG","valsou":60.3,"chart":"US4NH1BD"}},{"type":"Feature","geometry":{"type":"Point","coordinates":[-70.618693,43.082697]},"properties":{"objtype":"SOUNDG","valsou":11.2,"chart":"US5PSMCE"}},{"type":"Feature","geometry":{"type":"Point","coordinates":[-70.620908,42.92472]},"properties":{"objtype":"SOUNDG","valsou":53.3,"chart":"US4NH1BD"}},{"type":"Feature","geometry":{"type":"Point","coordinates":[-70.621124,43.080181]},"properties":{"objtype":"SOUNDG","valsou":15.5,"chart":"US5PSMCE"}},{"type":"Feature","geometry":{"type":"Point","coordinates":[-70.62071,42.905022]},"properties":{"objtype":"SOUNDG","valsou":63.0,"chart":"US4NH1BD"}},{"type":"Feature","geometry":{"type":"Point","coordinates":[-70.620684,43.125182]},"properties":{"objtype":"SOUNDG","valsou":12.4,"chart":"US4NH1BD"}},{"type":"Feature","geometry":{"type":"Point","coordinates":[-70.620559,43.039183]},"properties":{"objtype":"SOUNDG","valsou":24.3,"chart":"US4NH1BD"}},{"type":"Feature","geometry":{"type":"Point","coordinates":[-70.620535,43.04596]},"properties":{"objtype":"SOUNDG","valsou":26.8,"chart":"US4NH1BD"}},{"type":"Feature","geometry":{"type":"Point","coordinates":[-70.620186,43.132485]},"properties":{"objtype":"SOUNDG","valsou":2.1,"chart":"US4NH1BD"}},{"type":"Feature","geometry":{"type":"Point","coordinates":[-70.619957,43.108845]},"properties":{"objtype":"SOUNDG","valsou":16.7,"chart":"US4NH1BD"}},{"type":"Feature","geometry":{"type":"Point","coordinates":[-70.619922,43.015543]},"properties":{"objtype":"SOUNDG","valsou":16.1,"chart":"US4NH1BD"}},{"type":"Feature","geometry":{"type":"Point","coordinates":[-70.619762,43.063719]},"properties":{"objtype":"SOUNDG","valsou":12.8,"chart":"US4NH1BD"}},{"type":"Feature","geometry":{"type":"Point","coordinates":[-70.619739,42.915168]},"properties":{"objtype":"SOUNDG","valsou":47.8,"chart":"US4NH1BD"}},{"type":"Feature","geometry":{"type":"Point","coordinates":[-70.619615,43.069803]},"properties":{"objtype":"SOUNDG","valsou":7.0,"chart":"US4NH1BD"}},{"type":"Feature","geometry":{"type":"Point","coordinates":[-70.619237,42.985151]},"properties":{"objtype":"SOUNDG","valsou":2.1,"chart":"US5PSMBE"}},{"type":"Feature","geometry":{"type":"Point","coordinates":[-70.619471,43.053788]},"properties":{"objtype":"SOUNDG","valsou":20.4,"chart":"US4NH1BD"}},{"type":"Feature","geometry":{"type":"Point","coordinates":[-70.621479,43.116845]},"properties":{"objtype":"SOUNDG","valsou":14.0,"chart":"US5PSMCE"}},{"type":"Feature","geometry":{"type":"Point","coordinates":[-70.618847,43.092098]},"properties":{"objtype":"SOUNDG","valsou":14.9,"chart":"US4NH1BD"}},{"type":"Feature","geometry":{"type":"Point","coordinates":[-70.61867,43.074306]},"properties":{"objtype":"SOUNDG","valsou":7.0,"chart":"US4NH1BD"}},{"type":"Feature","geometry":{"type":"Point","coordinates":[-70.618013,42.937821]},"properties":{"objtype":"SOUNDG","valsou":34.7,"chart":"US4NH1BD"}},{"type":"Feature","geometry":{"type":"Point","coordinates":[-70.617925,42.971945]},"properties":{"objtype":"SOUNDG","valsou":19.8,"chart":"US4NH1BD"}},{"type":"Feature","geometry":{"type":"Point","coordinates":[-70.617738,42.954517]},"properties":{"objtype":"SOUNDG","valsou":19.2,"chart":"US4NH1BD"}},{"type":"Feature","geometry":{"type":"Point","coordinates":[-70.617696,43.031005]},"properties":{"objtype":"SOUNDG","valsou":23.7,"chart":"US4NH1BD"}},{"type":"Feature","geometry":{"type":"Point","coordinates":[-70.617543,42.942586]},"properties":{"objtype":"SOUNDG","valsou":56.0,"chart":"US4NH1BD"}},{"type":"Feature","geometry":{"type":"Point","coordinates":[-70.617459,42.932825]},"properties":{"objtype":"SOUNDG","valsou":49.3,"chart":"US4NH1BD"}},{"type":"Feature","geometry":{"type":"Point","coordinates":[-70.615992,42.997993]},"properties":{"objtype":"SOUNDG","valsou":8.8,"chart":"US5PSMBE"}},{"type":"Feature","geometry":{"type":"Point","coordinates":[-70.617311,43.086731]},"properties":{"objtype":"SOUNDG","valsou":11.8,"chart":"US4NH1BD"}},{"type":"Feature","geometry":{"type":"Point","coordinates":[-70.616413,42.997209]},"properties":{"objtype":"SOUNDG","valsou":6.7,"chart":"US4NH1BD"}},{"type":"Feature","geometry":{"type":"Point","coordinates":[-70.616201,43.000506]},"properties":{"objtype":"SOUNDG","valsou":18.2,"chart":"US5PSMBE"}},{"type":"Feature","geometry":{"type":"Point","coordinates":[-70.615934,42.969881]},"properties":{"objtype":"SOUNDG","valsou":12.1,"chart":"US4NH1BD"}},{"type":"Feature","geometry":{"type":"Point","coordinates":[-70.615896,43.055507]},"properties":{"objtype":"SOUNDG","valsou":14.0,"chart":"US4NH1BD"}},{"type":"Feature","geometry":{"type":"Point","coordinates":[-70.615435,43.02368]},"properties":{"objtype":"SOUNDG","valsou":20.1,"chart":"US4NH1BD"}},{"type":"Feature","geometry":{"type":"Point","coordinates":[-70.615115,42.962455]},"properties":{"objtype":"SOUNDG","valsou":19.8,"chart":"US4NH1BD"}},{"type":"Feature","geometry":{"type":"Point","coordinates":[-70.614889,42.924481]},"properties":{"objtype":"SOUNDG","valsou":62.4,"chart":"US4NH1BD"}},{"type":"Feature","geometry":{"type":"Point","coordinates":[-70.61484,43.101075]},"properties":{"objtype":"SOUNDG","valsou":13.4,"chart":"US4NH1BD"}},{"type":"Feature","geometry":{"type":"Point","coordinates":[-70.614587,43.107819]},"properties":{"objtype":"SOUNDG","valsou":15.8,"chart":"US4NH1BD"}},{"type":"Feature","geometry":{"type":"Point","coordinates":[-70.614233,43.018013]},"properties":{"objtype":"SOUNDG","valsou":21.9,"chart":"US4NH1BD"}},{"type":"Feature","geometry":{"type":"Point","coordinates":[-70.613621,42.982135]},"properties":{"objtype":"SOUNDG","valsou":0.9,"chart":"US5PSMBE"}},{"type":"Feature","geometry":{"type":"Point","coordinates":[-70.613648,42.916631]},"properties":{"objtype":"SOUNDG","valsou":33.8,"chart":"US4NH1BD"}},{"type":"Feature","geometry":{"type":"Point","coordinates":[-70.614943,42.998112]},"properties":{"objtype":"SOUNDG","valsou":11.2,"chart":"US5PSMBE"}},{"type":"Feature","geometry":{"type":"Point","coordinates":[-70.612709,42.929311]},"properties":{"objtype":"SOUNDG","valsou":35.6,"chart":"US4NH1BD"}},{"type":"Feature","geometry":{"type":"Point","coordinates":[-70.612663,42.939689]},"properties":{"objtype":"SOUNDG","valsou":32.9,"chart":"US4NH1BD"}},{"type":"Feature","geometry":{"type":"Point","coordinates":[-70.612528,43.073657]},"properties":{"objtype":"SOUNDG","valsou":8.5,"chart":"US4NH1BD"}},{"type":"Feature","geometry":{"type":"Point","coordinates":[-70.612353,42.996635]},"properties":{"objtype":"SOUNDG","valsou":8.5,"chart":"US4NH1BD"}},{"type":"Feature","geometry":{"type":"Point","coordinates":[-70.612327,43.051716]},"properties":{"objtype":"SOUNDG","valsou":13.1,"chart":"US4NH1BD"}},{"type":"Feature","geometry":{"type":"Point","coordinates":[-70.612086,43.060691]},"properties":{"objtype":"SOUNDG","valsou":12.4,"chart":"US4NH1BD"}},{"type":"Feature","geometry":{"type":"Point","coordinates":[-70.611455,43.003169]},"properties":{"objtype":"SOUNDG","valsou":0.9,"chart":"US4NH1BD"}},{"type":"Feature","geometry":{"type":"Point","coordinates":[-70.611347,43.077423]},"properties":{"objtype":"SOUNDG","valsou":6.0,"chart":"US4NH1BD"}},{"type":"Feature","geometry":{"type":"Point","coordinates":[-70.611288,43.092401]},"properties":{"objtype":"SOUNDG","valsou":8.2,"chart":"US4NH1BD"}},{"type":"Feature","geometry":{"type":"Point","coordinates":[-70.611189,42.909256]},"properties":{"objtype":"SOUNDG","valsou":56.9,"chart":"US4NH1BD"}},{"type":"Feature","geometry":{"type":"Point","coordinates":[-70.611086,43.042]},"properties":{"objtype":"SOUNDG","valsou":21.3,"chart":"US4NH1BD"}},{"type":"Feature","geometry":{"type":"Point","coordinates":[-70.610992,43.113201]},"properties":{"objtype":"SOUNDG","valsou":11.5,"chart":"US4NH1BD"}},{"type":"Feature","geometry":{"type":"Point","coordinates":[-70.610976,42.957752]},"properties":{"objtype":"SOUNDG","valsou":19.8,"chart":"US4NH1BD"}},{"type":"Feature","geometry":{"type":"Point","coordinates":[-70.610859,43.096206]},"properties":{"objtype":"SOUNDG","valsou":13.7,"chart":"US4NH1BD"}},{"type":"Feature","geometry":{"type":"Point","coordinates":[-70.610853,43.046404]},"properties":{"objtype":"SOUNDG","valsou":25.6,"chart":"US4NH1BD"}},{"type":"Feature","geometry":{"type":"Point","coordinates":[-70.610756,43.085822]},"properties":{"objtype":"SOUNDG","valsou":11.2,"chart":"US4NH1BD"}},{"type":"Feature","geometry":{"type":"Point","coordinates":[-70.610726,43.065105]},"properties":{"objtype":"SOUNDG","valsou":16.4,"chart":"US4NH1BD"}},{"type":"Feature","geometry":{"type":"Point","coordinates":[-70.61036,42.948007]},"properties":{"objtype":"SOUNDG","valsou":45.4,"chart":"US4NH1BD"}},{"type":"Feature","geometry":{"type":"Point","coordinates":[-70.610352,42.967071]},"properties":{"objtype":"SOUNDG","valsou":12.1,"chart":"US4NH1BD"}},{"type":"Feature","geometry":{"type":"Point","coordinates":[-70.610063,43.014884]},"properties":{"objtype":"SOUNDG","valsou":20.1,"chart":"US4NH1BD"}},{"type":"Feature","geometry":{"type":"Point","coordinates":[-70.609688,42.963229]},"properties":{"objtype":"SOUNDG","valsou":23.1,"chart":"US4NH1BD"}},{"type":"Feature","geometry":{"type":"Point","coordinates":[-70.61103,42.991871]},"properties":{"objtype":"SOUNDG","valsou":1.5,"chart":"US5PSMBE"}},{"type":"Feature","geometry":{"type":"Point","coordinates":[-70.608216,43.079361]},"properties":{"objtype":"SOUNDG","valsou":14.3,"chart":"US5PSMCE"}},{"type":"Feature","geometry":{"type":"Point","coordinates":[-70.608708,42.935096]},"properties":{"objtype":"SOUNDG","valsou":52.1,"chart":"US4NH1BD"}},{"type":"Feature","geometry":{"type":"Point","coordinates":[-70.608368,42.95251]},"properties":{"objtype":"SOUNDG","valsou":50.2,"chart":"US4NH1BD"}},{"type":"Feature","geometry":{"type":"Point","coordinates":[-70.608108,43.106749]},"properties":{"objtype":"SOUNDG","valsou":11.2,"chart":"US4NH1BD"}},{"type":"Feature","geometry":{"type":"Point","coordinates":[-70.607129,42.919988]},"properties":{"objtype":"SOUNDG","valsou":36.5,"chart":"US4NH1BD"}},{"type":"Feature","geometry":{"type":"Point","coordinates":[-70.606565,42.972318]},"properties":{"objtype":"SOUNDG","valsou":12.4,"chart":"US4NH1BD"}},{"type":"Feature","geometry":{"type":"Point","coordinates":[-70.606341,42.999931]},"properties":{"objtype":"SOUNDG","valsou":2.1,"chart":"US4NH1BD"}},{"type":"Feature","geometry":{"type":"Point","coordinates":[-70.604531,42.99695]},"properties":{"objtype":"SOUNDG","valsou":18.8,"chart":"US5PSMBE"}},{"type":"Feature","geometry":{"type":"Point","coordinates":[-70.60617,42.930458]},"properties":{"objtype":"SOUNDG","valsou":58.5,"chart":"US4NH1BD"}},{"type":"Feature","geometry":{"type":"Point","coordinates":[-70.605455,43.116409]},"properties":{"objtype":"SOUNDG","valsou":15.2,"chart":"US4NH1BD"}},{"type":"Feature","geometry":{"type":"Point","coordinates":[-70.605388,43.124531]},"properties":{"objtype":"SOUNDG","valsou":14.6,"chart":"US4NH1BD"}},{"type":"Feature","geometry":{"type":"Point","coordinates":[-70.605375,43.110393]},"properties":{"objtype":"SOUNDG","valsou":13.4,"chart":"US4NH1BD"}},{"type":"Feature","geometry":{"type":"Point","coordinates":[-70.605264,43.072617]},"properties":{"objtype":"SOUNDG","valsou":3.6,"chart":"US4NH1BD"}},{"type":"Feature","geometry":{"type":"Point","coordinates":[-70.605206,43.102239]},"properties":{"objtype":"SOUNDG","valsou":11.8,"chart":"US4NH1BD"}},{"type":"Feature","geometry":{"type":"Point","coordinates":[-70.605052,43.008642]},"properties":{"objtype":"SOUNDG","valsou":10.6,"chart":"US4NH1BD"}},{"type":"Feature","geometry":{"type":"Point","coordinates":[-70.60491,42.975982]},"properties":{"objtype":"SOUNDG","valsou":21.0,"chart":"US4NH1BD"}},{"type":"Feature","geometry":{"type":"Point","coordinates":[-70.604817,43.061205]},"properties":{"objtype":"SOUNDG","valsou":11.2,"chart":"US4NH1BD"}},{"type":"Feature","geometry":{"type":"Point","coordinates":[-70.604703,43.089825]},"properties":{"objtype":"SOUNDG","valsou":9.4,"chart":"US4NH1BD"}},{"type":"Feature","geometry":{"type":"Point","coordinates":[-70.603972,43.001618]},"properties":{"objtype":"SOUNDG","valsou":0.9,"chart":"US5PSMBE"}},{"type":"Feature","geometry":{"type":"Point","coordinates":[-70.604513,42.908883]},"properties":{"objtype":"SOUNDG","valsou":65.8,"chart":"US4NH1BD"}},{"type":"Feature","geometry":{"type":"Point","coordinates":[-70.606301,42.980977]},"properties":{"objtype":"SOUNDG","valsou":1.8,"chart":"US5PSMBE"}},{"type":"Feature","geometry":{"type":"Point","coordinates":[-70.604347,42.94663]},"properties":{"objtype":"SOUNDG","valsou":59.7,"chart":"US4NH1BD"}},{"type":"Feature","geometry":{"type":"Point","coordinates":[-70.606161,42.989135]},"properties":{"objtype":"SOUNDG","valsou":23.4,"chart":"US5PSMBE"}},{"type":"Feature","geometry":{"type":"Point","coordinates":[-70.60423,43.066144]},"properties":{"objtype":"SOUNDG","valsou":13.1,"chart":"US4NH1BD"}},{"type":"Feature","geometry":{"type":"Point","coordinates":[-70.604673,43.09746]},"properties":{"objtype":"SOUNDG","valsou":10.3,"chart":"US5PSMCE"}},{"type":"Feature","geometry":{"type":"Point","coordinates":[-70.60621,43.075829]},"properties":{"objtype":"SOUNDG","valsou":22.5,"chart":"US5PSMCE"}},{"type":"Feature","geometry":{"type":"Point","coordinates":[-70.603662,43.032046]},"properties":{"objtype":"SOUNDG","valsou":24.0,"chart":"US4NH1BD"}},{"type":"Feature","geometry":{"type":"Point","coordinates":[-70.603602,43.095164]},"properties":{"objtype":"SOUNDG","valsou":7.0,"chart":"US4NH1BD"}},{"type":"Feature","geometry":{"type":"Point","coordinates":[-70.60352,42.96667]},"properties":{"objtype":"SOUNDG","valsou":11.2,"chart":"US4NH1BD"}},{"type":"Feature","geometry":{"type":"Point","coordinates":[-70.603441,42.957179]},"properties":{"objtype":"SOUNDG","valsou":45.4,"chart":"US4NH1BD"}},{"type":"Feature","geometry":{"type":"Point","coordinates":[-70.602611,43.047088]},"properties":{"objtype":"SOUNDG","valsou":21.9,"chart":"US4NH1BD"}},{"type":"Feature","geometry":{"type":"Point","coordinates":[-70.602923,43.067005]},"properties":{"objtype":"SOUNDG","valsou":18.2,"chart":"US5PSMCE"}},{"type":"Feature","geometry":{"type":"Point","coordinates":[-70.602192,42.969021]},"properties":{"objtype":"SOUNDG","valsou":18.5,"chart":"US4NH1BD"}},{"type":"Feature","geometry":{"type":"Point","coordinates":[-70.602122,42.942902]},"properties":{"objtype":"SOUNDG","valsou":36.2,"chart":"US4NH1BD"}},{"type":"Feature","geometry":{"type":"Point","coordinates":[-70.601908,42.926944]},"properties":{"objtype":"SOUNDG","valsou":48.1,"chart":"US4NH1BD"}},{"type":"Feature","geometry":{"type":"Point","coordinates":[-70.601497,43.044799]},"properties":{"objtype":"SOUNDG","valsou":16.1,"chart":"US4NH1BD"}},{"type":"Feature","geometry":{"type":"Point","coordinates":[-70.601242,43.038954]},"properties":{"objtype":"SOUNDG","valsou":15.5,"chart":"US4NH1BD"}},{"type":"Feature","geometry":{"type":"Point","coordinates":[-70.601209,43.013028]},"properties":{"objtype":"SOUNDG","valsou":20.7,"chart":"US4NH1BD"}},{"type":"Feature","geometry":{"type":"Point","coordinates":[-70.601095,42.936913]},"properties":{"objtype":"SOUNDG","valsou":49.9,"chart":"US4NH1BD"}},{"type":"Feature","geometry":{"type":"Point","coordinates":[-70.601021,42.971572]},"properties":{"objtype":"SOUNDG","valsou":6.0,"chart":"US4NH1BD"}},{"type":"Feature","geometry":{"type":"Point","coordinates":[-70.599753,43.053706]},"properties":{"objtype":"SOUNDG","valsou":9.7,"chart":"US4NH1BD"}},{"type":"Feature","geometry":{"type":"Point","coordinates":[-70.599638,42.993732]},"properties":{"objtype":"SOUNDG","valsou":20.1,"chart":"US4NH1BD"}},{"type":"Feature","geometry":{"type":"Point","coordinates":[-70.599625,43.101713]},"properties":{"objtype":"SOUNDG","valsou":8.2,"chart":"US4NH1BD"}},{"type":"Feature","geometry":{"type":"Point","coordinates":[-70.599555,43.087119]},"properties":{"objtype":"SOUNDG","valsou":7.6,"chart":"US4NH1BD"}},{"type":"Feature","geometry":{"type":"Point","coordinates":[-70.598952,42.965208]},"properties":{"objtype":"SOUNDG","valsou":18.8,"chart":"US4NH1BD"}},{"type":"Feature","geometry":{"type":"Point","coordinates":[-70.598914,43.036281]},"properties":{"objtype":"SOUNDG","valsou":24.0,"chart":"US4NH1BD"}},{"type":"Feature","geometry":{"type":"Point","coordinates":[-70.598257,42.954144]},"properties":{"objtype":"SOUNDG","valsou":53.0,"chart":"US4NH1BD"}},{"type":"Feature","geometry":{"type":"Point","coordinates":[-70.598201,43.115525]},"properties":{"objtype":"SOUNDG","valsou":16.7,"chart":"US4NH1BD"}},{"type":"Feature","geometry":{"type":"Point","coordinates":[-70.598181,43.009702]},"properties":{"objtype":"SOUNDG","valsou":6.0,"chart":"US4NH1BD"}},{"type":"Feature","geometry":{"type":"Point","coordinates":[-70.598169,43.028857]},"properties":{"objtype":"SOUNDG","valsou":26.8,"chart":"US4NH1BD"}},{"type":"Feature","geometry":{"type":"Point","coordinates":[-70.598103,43.082655]},"properties":{"objtype":"SOUNDG","valsou":14.3,"chart":"US4NH1BD"}},{"type":"Feature","geometry":{"type":"Point","coordinates":[-70.598037,42.933877]},"properties":{"objtype":"SOUNDG","valsou":65.2,"chart":"US4NH1BD"}},{"type":"Feature","geometry":{"type":"Point","coordinates":[-70.597938,42.903676]},"properties":{"objtype":"SOUNDG","valsou":70.7,"chart":"US4NH1BD"}},{"type":"Feature","geometry":{"type":"Point","coordinates":[-70.597881,43.092401]},"properties":{"objtype":"SOUNDG","valsou":6.0,"chart":"US4NH1BD"}},{"type":"Feature","geometry":{"type":"Point","coordinates":[-70.597681,42.920017]},"properties":{"objtype":"SOUNDG","valsou":38.4,"chart":"US4NH1BD"}},{"type":"Feature","geometry":{"type":"Point","coordinates":[-70.600105,42.983047]},"properties":{"objtype":"SOUNDG","valsou":7.6,"chart":"US5PSMBE"}},{"type":"Feature","geometry":{"type":"Point","coordinates":[-70.597374,43.007027]},"properties":{"objtype":"SOUNDG","valsou":9.4,"chart":"US4NH1BD"}},{"type":"Feature","geometry":{"type":"Point","coordinates":[-70.595747,43.04133]},"properties":{"objtype":"SOUNDG","valsou":11.5,"chart":"US5PSMBE"}},{"type":"Feature","geometry":{"type":"Point","coordinates":[-70.59533,42.981439]},"properties":{"objtype":"SOUNDG","valsou":43.2,"chart":"US5PSMBE"}},{"type":"Feature","geometry":{"type":"Point","coordinates":[-70.596422,42.948724]},"properties":{"objtype":"SOUNDG","valsou":52.4,"chart":"US4NH1BD"}},{"type":"Feature","geometry":{"type":"Point","coordinates":[-70.596158,42.913876]},"properties":{"objtype":"SOUNDG","valsou":53.6,"chart":"US4NH1BD"}},{"type":"Feature","geometry":{"type":"Point","coordinates":[-70.596125,42.997486]},"properties":{"objtype":"SOUNDG","valsou":8.2,"chart":"US4NH1BD"}},{"type":"Feature","geometry":{"type":"Point","coordinates":[-70.595828,43.112598]},"properties":{"objtype":"SOUNDG","valsou":15.2,"chart":"US4NH1BD"}},{"type":"Feature","geometry":{"type":"Point","coordinates":[-70.595608,43.069435]},"properties":{"objtype":"SOUNDG","valsou":20.1,"chart":"US4NH1BD"}},{"type":"Feature","geometry":{"type":"Point","coordinates":[-70.595126,42.960649]},"properties":{"objtype":"SOUNDG","valsou":29.2,"chart":"US4NH1BD"}},{"type":"Feature","geometry":{"type":"Point","coordinates":[-70.594678,43.097643]},"properties":{"objtype":"SOUNDG","valsou":8.5,"chart":"US4NH1BD"}},{"type":"Feature","geometry":{"type":"Point","coordinates":[-70.594524,43.002156]},"properties":{"objtype":"SOUNDG","valsou":24.6,"chart":"US4NH1BD"}},{"type":"Feature","geometry":{"type":"Point","coordinates":[-70.594221,42.989576]},"properties":{"objtype":"SOUNDG","valsou":24.6,"chart":"US4NH1BD"}},{"type":"Feature","geometry":{"type":"Point","coordinates":[-70.594211,42.952116]},"properties":{"objtype":"SOUNDG","valsou":61.8,"chart":"US4NH1BD"}},{"type":"Feature","geometry":{"type":"Point","coordinates":[-70.59384,43.059652]},"properties":{"objtype":"SOUNDG","valsou":11.8,"chart":"US4NH1BD"}},{"type":"Feature","geometry":{"type":"Point","coordinates":[-70.593682,43.101991]},"properties":{"objtype":"SOUNDG","valsou":9.4,"chart":"US4NH1BD"}},{"type":"Feature","geometry":{"type":"Point","coordinates":[-70.593584,43.066225]},"properties":{"objtype":"SOUNDG","valsou":10.6,"chart":"US4NH1BD"}},{"type":"Feature","geometry":{"type":"Point","coordinates":[-70.593174,42.95824]},"properties":{"objtype":"SOUNDG","valsou":47.5,"chart":"US4NH1BD"}},{"type":"Feature","geometry":{"type":"Point","coordinates":[-70.593004,43.108737]},"properties":{"objtype":"SOUNDG","valsou":12.1,"chart":"US4NH1BD"}},{"type":"Feature","geometry":{"type":"Point","coordinates":[-70.594305,43.004866]},"properties":{"objtype":"SOUNDG","valsou":16.7,"chart":"US5PSMBE"}},{"type":"Feature","geometry":{"type":"Point","coordinates":[-70.592766,42.936507]},"properties":{"objtype":"SOUNDG","valsou":52.7,"chart":"US4NH1BD"}},{"type":"Feature","geometry":{"type":"Point","coordinates":[-70.59379,43.084872]},"properties":{"objtype":"SOUNDG","valsou":18.5,"chart":"US5PSMCE"}},{"type":"Feature","geometry":{"type":"Point","coordinates":[-70.592386,43.022567]},"properties":{"objtype":"SOUNDG","valsou":24.0,"chart":"US4NH1BD"}},{"type":"Feature","geometry":{"type":"Point","coordinates":[-70.592257,43.042324]},"properties":{"objtype":"SOUNDG","valsou":10.6,"chart":"US4NH1BD"}},{"type":"Feature","geometry":{"type":"Point","coordinates":[-70.591949,43.018717]},"properties":{"objtype":"SOUNDG","valsou":15.8,"chart":"US4NH1BD"}},{"type":"Feature","geometry":{"type":"Point","coordinates":[-70.591807,42.968304]},"properties":{"objtype":"SOUNDG","valsou":46.0,"chart":"US4NH1BD"}},{"type":"Feature","geometry":{"type":"Point","coordinates":[-70.591403,43.079564]},"properties":{"objtype":"SOUNDG","valsou":13.1,"chart":"US4NH1BD"}},{"type":"Feature","geometry":{"type":"Point","coordinates":[-70.591187,43.047957]},"properties":{"objtype":"SOUNDG","valsou":15.5,"chart":"US4NH1BD"}},{"type":"Feature","geometry":{"type":"Point","coordinates":[-70.591075,43.033283]},"properties":{"objtype":"SOUNDG","valsou":22.2,"chart":"US4NH1BD"}},{"type":"Feature","geometry":{"type":"Point","coordinates":[-70.591048,43.09463]},"properties":{"objtype":"SOUNDG","valsou":0.9,"chart":"US4NH1BD"}},{"type":"Feature","geometry":{"type":"Point","coordinates":[-70.59103,43.051573]},"properties":{"objtype":"SOUNDG","valsou":24.3,"chart":"US4NH1BD"}},{"type":"Feature","geometry":{"type":"Point","coordinates":[-70.590687,42.904017]},"properties":{"objtype":"SOUNDG","valsou":75.8,"chart":"US4NH1BD"}},{"type":"Feature","geometry":{"type":"Point","coordinates":[-70.590424,42.930219]},"properties":{"objtype":"SOUNDG","valsou":45.4,"chart":"US4NH1BD"}},{"type":"Feature","geometry":{"type":"Point","coordinates":[-70.5902,43.027242]},"properties":{"objtype":"SOUNDG","valsou":34.1,"chart":"US4NH1BD"}},{"type":"Feature","geometry":{"type":"Point","coordinates":[-70.590113,43.002328]},"properties":{"objtype":"SOUNDG","valsou":41.7,"chart":"US4NH1BD"}},{"type":"Feature","geometry":{"type":"Point","coordinates":[-70.590058,42.94534]},"properties":{"objtype":"SOUNDG","valsou":36.8,"chart":"US4NH1BD"}},{"type":"Feature","geometry":{"type":"Point","coordinates":[-70.589897,43.111262]},"properties":{"objtype":"SOUNDG","valsou":12.8,"chart":"US4NH1BD"}},{"type":"Feature","geometry":{"type":"Point","coordinates":[-70.589785,42.93989]},"properties":{"objtype":"SOUNDG","valsou":65.8,"chart":"US4NH1BD"}},{"type":"Feature","geometry":{"type":"Point","coordinates":[-70.59123,42.997685]},"properties":{"objtype":"SOUNDG","valsou":26.2,"chart":"US5PSMBE"}},{"type":"Feature","geometry":{"type":"Point","coordinates":[-70.588741,42.91006]},"properties":{"objtype":"SOUNDG","valsou":60.3,"chart":"US4NH1BD"}},{"type":"Feature","geometry":{"type":"Point","coordinates":[-70.588627,43.041232]},"properties":{"objtype":"SOUNDG","valsou":12.8,"chart":"US4NH1BD"}},{"type":"Feature","geometry":{"type":"Point","coordinates":[-70.588434,43.01073]},"properties":{"objtype":"SOUNDG","valsou":14.0,"chart":"US4NH1BD"}},{"type":"Feature","geometry":{"type":"Point","coordinates":[-70.588106,42.951678]},"properties":{"objtype":"SOUNDG","valsou":38.4,"chart":"US4NH1BD"}},{"type":"Feature","geometry":{"type":"Point","coordinates":[-70.586008,43.099952]},"properties":{"objtype":"SOUNDG","valsou":12.1,"chart":"US5PSMCE"}},{"type":"Feature","geometry":{"type":"Point","coordinates":[-70.587638,42.956639]},"properties":{"objtype":"SOUNDG","valsou":35.9,"chart":"US4NH1BD"}},{"type":"Feature","geometry":{"type":"Point","coordinates":[-70.587357,42.960735]},"properties":{"objtype":"SOUNDG","valsou":29.2,"chart":"US4NH1BD"}},{"type":"Feature","geometry":{"type":"Point","coordinates":[-70.587299,43.116642]},"properties":{"objtype":"SOUNDG","valsou":17.0,"chart":"US4NH1BD"}},{"type":"Feature","geometry":{"type":"Point","coordinates":[-70.587218,42.922972]},"properties":{"objtype":"SOUNDG","valsou":44.5,"chart":"US4NH1BD"}},{"type":"Feature","geometry":{"type":"Point","coordinates":[-70.586557,43.067757]},"properties":{"objtype":"SOUNDG","valsou":22.2,"chart":"US4NH1BD"}},{"type":"Feature","geometry":{"type":"Point","coordinates":[-70.586464,43.071261]},"properties":{"objtype":"SOUNDG","valsou":23.4,"chart":"US4NH1BD"}},{"type":"Feature","geometry":{"type":"Point","coordinates":[-70.586389,43.022567]},"properties":{"objtype":"SOUNDG","valsou":21.9,"chart":"US4NH1BD"}},{"type":"Feature","geometry":{"type":"Point","coordinates":[-70.586383,43.034881]},"properties":{"objtype":"SOUNDG","valsou":43.2,"chart":"US4NH1BD"}},{"type":"Feature","geometry":{"type":"Point","coordinates":[-70.586374,42.984302]},"properties":{"objtype":"SOUNDG","valsou":32.3,"chart":"US4NH1BD"}},{"type":"Feature","geometry":{"type":"Point","coordinates":[-70.586359,42.91798]},"properties":{"objtype":"SOUNDG","valsou":62.4,"chart":"US4NH1BD"}},{"type":"Feature","geometry":{"type":"Point","coordinates":[-70.586342,42.972662]},"properties":{"objtype":"SOUNDG","valsou":34.1,"chart":"US4NH1BD"}},{"type":"Feature","geometry":{"type":"Point","coordinates":[-70.586255,43.03884]},"properties":{"objtype":"SOUNDG","valsou":15.5,"chart":"US4NH1BD"}},{"type":"Feature","geometry":{"type":"Point","coordinates":[-70.585847,43.012569]},"properties":{"objtype":"SOUNDG","valsou":21.6,"chart":"US4NH1BD"}},{"type":"Feature","geometry":{"type":"Point","coordinates":[-70.585641,43.092613]},"properties":{"objtype":"SOUNDG","valsou":14.0,"chart":"US4NH1BD"}},{"type":"Feature","geometry":{"type":"Point","coordinates":[-70.585527,43.061574]},"properties":{"objtype":"SOUNDG","valsou":21.3,"chart":"US4NH1BD"}},{"type":"Feature","geometry":{"type":"Point","coordinates":[-70.585416,42.99335]},"properties":{"objtype":"SOUNDG","valsou":17.6,"chart":"US4NH1BD"}},{"type":"Feature","geometry":{"type":"Point","coordinates":[-70.584813,43.1142]},"properties":{"objtype":"SOUNDG","valsou":15.8,"chart":"US4NH1BD"}},{"type":"Feature","geometry":{"type":"Point","coordinates":[-70.584686,43.006483]},"properties":{"objtype":"SOUNDG","valsou":30.1,"chart":"US4NH1BD"}},{"type":"Feature","geometry":{"type":"Point","coordinates":[-70.584577,43.041061]},"properties":{"objtype":"SOUNDG","valsou":14.0,"chart":"US4NH1BD"}},{"type":"Feature","geometry":{"type":"Point","coordinates":[-70.584441,42.900573]},"properties":{"objtype":"SOUNDG","valsou":70.1,"chart":"US4NH1BD"}},{"type":"Feature","geometry":{"type":"Point","coordinates":[-70.584437,43.047718]},"properties":{"objtype":"SOUNDG","valsou":16.1,"chart":"US4NH1BD"}},{"type":"Feature","geometry":{"type":"Point","coordinates":[-70.583982,42.933829]},"properties":{"objtype":"SOUNDG","valsou":48.7,"chart":"US4NH1BD"}},{"type":"Feature","geometry":{"type":"Point","coordinates":[-70.583453,43.027196]},"properties":{"objtype":"SOUNDG","valsou":25.2,"chart":"US4NH1BD"}},{"type":"Feature","geometry":{"type":"Point","coordinates":[-70.582921,43.10462]},"properties":{"objtype":"SOUNDG","valsou":11.5,"chart":"US4NH1BD"}},{"type":"Feature","geometry":{"type":"Point","coordinates":[-70.582555,42.965666]},"properties":{"objtype":"SOUNDG","valsou":54.5,"chart":"US4NH1BD"}},{"type":"Feature","geometry":{"type":"Point","coordinates":[-70.582457,43.054809]},"properties":{"objtype":"SOUNDG","valsou":23.4,"chart":"US4NH1BD"}},{"type":"Feature","geometry":{"type":"Point","coordinates":[-70.582417,43.079611]},"properties":{"objtype":"SOUNDG","valsou":12.4,"chart":"US4NH1BD"}},{"type":"Feature","geometry":{"type":"Point","coordinates":[-70.582268,43.086982]},"properties":{"objtype":"SOUNDG","valsou":16.7,"chart":"US4NH1BD"}},{"type":"Feature","geometry":{"type":"Point","coordinates":[-70.58225,42.939403]},"properties":{"objtype":"SOUNDG","valsou":44.5,"chart":"US4NH1BD"}},{"type":"Feature","geometry":{"type":"Point","coordinates":[-70.582045,43.110972]},"properties":{"objtype":"SOUNDG","valsou":13.7,"chart":"US4NH1BD"}},{"type":"Feature","geometry":{"type":"Point","coordinates":[-70.581966,43.067998]},"properties":{"objtype":"SOUNDG","valsou":14.3,"chart":"US4NH1BD"}},{"type":"Feature","geometry":{"type":"Point","coordinates":[-70.581572,42.977422]},"properties":{"objtype":"SOUNDG","valsou":44.8,"chart":"US4NH1BD"}},{"type":"Feature","geometry":{"type":"Point","coordinates":[-70.58125,43.002472]},"properties":{"objtype":"SOUNDG","valsou":49.6,"chart":"US4NH1BD"}},{"type":"Feature","geometry":{"type":"Point","coordinates":[-70.581157,42.947864]},"properties":{"objtype":"SOUNDG","valsou":46.9,"chart":"US4NH1BD"}},{"type":"Feature","geometry":{"type":"Point","coordinates":[-70.580947,43.03758]},"properties":{"objtype":"SOUNDG","valsou":28.6,"chart":"US4NH1BD"}},{"type":"Feature","geometry":{"type":"Point","coordinates":[-70.580759,42.968677]},"properties":{"objtype":"SOUNDG","valsou":28.6,"chart":"US4NH1BD"}},{"type":"Feature","geometry":{"type":"Point","coordinates":[-70.580488,43.075271]},"properties":{"objtype":"SOUNDG","valsou":16.4,"chart":"US4NH1BD"}},{"type":"Feature","geometry":{"type":"Point","coordinates":[-70.579854,42.990149]},"properties":{"objtype":"SOUNDG","valsou":43.5,"chart":"US4NH1BD"}},{"type":"Feature","geometry":{"type":"Point","coordinates":[-70.579738,43.090724]},"properties":{"objtype":"SOUNDG","valsou":17.0,"chart":"US4NH1BD"}},{"type":"Feature","geometry":{"type":"Point","coordinates":[-70.579736,43.021261]},"properties":{"objtype":"SOUNDG","valsou":38.7,"chart":"US4NH1BD"}},{"type":"Feature","geometry":{"type":"Point","coordinates":[-70.581958,43.096375]},"properties":{"objtype":"SOUNDG","valsou":10.3,"chart":"US4NH1BD"}},{"type":"Feature","geometry":{"type":"Point","coordinates":[-70.579549,42.958813]},"properties":{"objtype":"SOUNDG","valsou":27.1,"chart":"US4NH1BD"}},{"type":"Feature","geometry":{"type":"Point","coordinates":[-70.579527,43.016583]},"properties":{"objtype":"SOUNDG","valsou":32.0,"chart":"US4NH1BD"}},{"type":"Feature","geometry":{"type":"Point","coordinates":[-70.579209,42.902955]},"properties":{"objtype":"SOUNDG","valsou":76.2,"chart":"US4NH1BD"}},{"type":"Feature","geometry":{"type":"Point","coordinates":[-70.578801,43.082586]},"properties":{"objtype":"SOUNDG","valsou":14.6,"chart":"US4NH1BD"}},{"type":"Feature","geometry":{"type":"Point","coordinates":[-70.578386,42.925127]},"properties":{"objtype":"SOUNDG","valsou":65.5,"chart":"US4NH1BD"}},{"type":"Feature","geometry":{"type":"Point","coordinates":[-70.578137,43.043832]},"properties":{"objtype":"SOUNDG","valsou":28.3,"chart":"US4NH1BD"}},{"type":"Feature","geometry":{"type":"Point","coordinates":[-70.577776,43.007056]},"properties":{"objtype":"SOUNDG","valsou":26.8,"chart":"US4NH1BD"}},{"type":"Feature","geometry":{"type":"Point","coordinates":[-70.577089,43.033098]},"properties":{"objtype":"SOUNDG","valsou":24.6,"chart":"US4NH1BD"}},{"type":"Feature","geometry":{"type":"Point","coordinates":[-70.576667,42.953685]},"properties":{"objtype":"SOUNDG","valsou":63.0,"chart":"US4NH1BD"}},{"type":"Feature","geometry":{"type":"Point","coordinates":[-70.576464,42.971142]},"properties":{"objtype":"SOUNDG","valsou":30.7,"chart":"US4NH1BD"}},{"type":"Feature","geometry":{"type":"Point","coordinates":[-70.576365,42.911007]},"properties":{"objtype":"SOUNDG","valsou":76.5,"chart":"US4NH1BD"}},{"type":"Feature","geometry":{"type":"Point","coordinates":[-70.576125,42.905854]},"properties":{"objtype":"SOUNDG","valsou":73.1,"chart":"US4NH1BD"}},{"type":"Feature","geometry":{"type":"Point","coordinates":[-70.575688,43.059307]},"properties":{"objtype":"SOUNDG","valsou":33.5,"chart":"US4NH1BD"}},{"type":"Feature","geometry":{"type":"Point","coordinates":[-70.575584,42.916172]},"properties":{"objtype":"SOUNDG","valsou":66.4,"chart":"US4NH1BD"}},{"type":"Feature","geometry":{"type":"Point","coordinates":[-70.575521,42.982267]},"properties":{"objtype":"SOUNDG","valsou":34.1,"chart":"US4NH1BD"}},{"type":"Feature","geometry":{"type":"Point","coordinates":[-70.574589,43.107413]},"properties":{"objtype":"SOUNDG","valsou":14.6,"chart":"US4NH1BD"}},{"type":"Feature","geometry":{"type":"Point","coordinates":[-70.574538,43.07771]},"properties":{"objtype":"SOUNDG","valsou":22.2,"chart":"US4NH1BD"}},{"type":"Feature","geometry":{"type":"Point","coordinates":[-70.574222,42.928474]},"properties":{"objtype":"SOUNDG","valsou":54.2,"chart":"US4NH1BD"}},{"type":"Feature","geometry":{"type":"Point","coordinates":[-70.574069,43.090759]},"properties":{"objtype":"SOUNDG","valsou":10.6,"chart":"US4NH1BD"}},{"type":"Feature","geometry":{"type":"Point","coordinates":[-70.57395,42.999205]},"properties":{"objtype":"SOUNDG","valsou":34.1,"chart":"US4NH1BD"}},{"type":"Feature","geometry":{"type":"Point","coordinates":[-70.573908,43.063086]},"properties":{"objtype":"SOUNDG","valsou":32.6,"chart":"US4NH1BD"}},{"type":"Feature","geometry":{"type":"Point","coordinates":[-70.573648,43.083479]},"properties":{"objtype":"SOUNDG","valsou":19.5,"chart":"US4NH1BD"}},{"type":"Feature","geometry":{"type":"Point","coordinates":[-70.573544,42.943361]},"properties":{"objtype":"SOUNDG","valsou":70.1,"chart":"US4NH1BD"}},{"type":"Feature","geometry":{"type":"Point","coordinates":[-70.573433,43.055323]},"properties":{"objtype":"SOUNDG","valsou":26.8,"chart":"US4NH1BD"}},{"type":"Feature","geometry":{"type":"Point","coordinates":[-70.572606,43.047952]},"properties":{"objtype":"SOUNDG","valsou":15.2,"chart":"US4NH1BD"}},{"type":"Feature","geometry":{"type":"Point","coordinates":[-70.570602,43.08554]},"properties":{"objtype":"SOUNDG","valsou":13.7,"chart":"US4NH1BD"}},{"type":"Feature","geometry":{"type":"Point","coordinates":[-70.570148,42.947692]},"properties":{"objtype":"SOUNDG","valsou":49.3,"chart":"US4NH1BD"}},{"type":"Feature","geometry":{"type":"Point","coordinates":[-70.56978,43.041308]},"properties":{"objtype":"SOUNDG","valsou":27.4,"chart":"US4NH1BD"}},{"type":"Feature","geometry":{"type":"Point","coordinates":[-70.569741,43.023644]},"properties":{"objtype":"SOUNDG","valsou":33.8,"chart":"US4NH1BD"}},{"type":"Feature","geometry":{"type":"Point","coordinates":[-70.569734,43.013964]},"properties":{"objtype":"SOUNDG","valsou":16.4,"chart":"US4NH1BD"}},{"type":"Feature","geometry":{"type":"Point","coordinates":[-70.569562,43.03679]},"properties":{"objtype":"SOUNDG","valsou":32.9,"chart":"US4NH1BD"}},{"type":"Feature","geometry":{"type":"Point","coordinates":[-70.569537,42.932969]},"properties":{"objtype":"SOUNDG","valsou":55.7,"chart":"US4NH1BD"}},{"type":"Feature","geometry":{"type":"Point","coordinates":[-70.569499,43.007715]},"properties":{"objtype":"SOUNDG","valsou":42.3,"chart":"US4NH1BD"}},{"type":"Feature","geometry":{"type":"Point","coordinates":[-70.569285,43.032061]},"properties":{"objtype":"SOUNDG","valsou":43.2,"chart":"US4NH1BD"}},{"type":"Feature","geometry":{"type":"Point","coordinates":[-70.569049,42.937582]},"properties":{"objtype":"SOUNDG","valsou":50.9,"chart":"US4NH1BD"}},{"type":"Feature","geometry":{"type":"Point","coordinates":[-70.569047,42.96343]},"properties":{"objtype":"SOUNDG","valsou":53.9,"chart":"US4NH1BD"}},{"type":"Feature","geometry":{"type":"Point","coordinates":[-70.568145,42.983303]},"properties":{"objtype":"SOUNDG","valsou":31.6,"chart":"US5NH02M"}},{"type":"Feature","geometry":{"type":"Point","coordinates":[-70.56793,43.026944]},"properties":{"objtype":"SOUNDG","valsou":50.2,"chart":"US4NH1BD"}},{"type":"Feature","geometry":{"type":"Point","coordinates":[-70.567634,42.976132]},"properties":{"objtype":"SOUNDG","valsou":65.5,"chart":"US4NH1BD"}},{"type":"Feature","geometry":{"type":"Point","coordinates":[-70.567376,42.956553]},"properties":{"objtype":"SOUNDG","valsou":60.9,"chart":"US4NH1BD"}},{"type":"Feature","geometry":{"type":"Point","coordinates":[-70.567302,43.057521]},"properties":{"objtype":"SOUNDG","valsou":20.4,"chart":"US4NH1BD"}},{"type":"Feature","geometry":{"type":"Point","coordinates":[-70.567259,42.950789]},"properties":{"objtype":"SOUNDG","valsou":70.7,"chart":"US4NH1BD"}},{"type":"Feature","geometry":{"type":"Point","coordinates":[-70.567209,43.062536]},"properties":{"objtype":"SOUNDG","valsou":33.8,"chart":"US4NH1BD"}},{"type":"Feature","geometry":{"type":"Point","coordinates":[-70.567171,43.043487]},"properties":{"objtype":"SOUNDG","valsou":40.5,"chart":"US4NH1BD"}},{"type":"Feature","geometry":{"type":"Point","coordinates":[-70.566674,42.929956]},"properties":{"objtype":"SOUNDG","valsou":49.9,"chart":"US4NH1BD"}},{"type":"Feature","geometry":{"type":"Point","coordinates":[-70.566643,42.921911]},"properties":{"objtype":"SOUNDG","valsou":70.7,"chart":"US4NH1BD"}},{"type":"Feature","geometry":{"type":"Point","coordinates":[-70.566526,43.079324]},"properties":{"objtype":"SOUNDG","valsou":34.1,"chart":"US4NH1BD"}},{"type":"Feature","geometry":{"type":"Point","coordinates":[-70.56648,43.093334]},"properties":{"objtype":"SOUNDG","valsou":22.2,"chart":"US4NH1BD"}},{"type":"Feature","geometry":{"type":"Point","coordinates":[-70.565896,42.904362]},"properties":{"objtype":"SOUNDG","valsou":57.3,"chart":"US4NH1BD"}},{"type":"Feature","geometry":{"type":"Point","coordinates":[-70.564043,43.08681]},"properties":{"objtype":"SOUNDG","valsou":13.7,"chart":"US4NH1BD"}},{"type":"Feature","geometry":{"type":"Point","coordinates":[-70.562292,42.967759]},"properties":{"objtype":"SOUNDG","valsou":59.1,"chart":"US4NH1BD"}},{"type":"Feature","geometry":{"type":"Point","coordinates":[-70.562115,42.913216]},"properties":{"objtype":"SOUNDG","valsou":57.3,"chart":"US4NH1BD"}},{"type":"Feature","geometry":{"type":"Point","coordinates":[-70.561631,42.925653]},"properties":{"objtype":"SOUNDG","valsou":76.5,"chart":"US4NH1BD"}},{"type":"Feature","geometry":{"type":"Point","coordinates":[-70.56159,42.962598]},"properties":{"objtype":"SOUNDG","valsou":35.6,"chart":"US4NH1BD"}},{"type":"Feature","geometry":{"type":"Point","coordinates":[-70.561481,42.94339]},"properties":{"objtype":"SOUNDG","valsou":56.3,"chart":"US4NH1BD"}},{"type":"Feature","geometry":{"type":"Point","coordinates":[-70.561238,42.97249]},"properties":{"objtype":"SOUNDG","valsou":53.0,"chart":"US4NH1BD"}},{"type":"Feature","geometry":{"type":"Point","coordinates":[-70.560858,43.092269]},"properties":{"objtype":"SOUNDG","valsou":24.3,"chart":"US4NH1BD"}},{"type":"Feature","geometry":{"type":"Point","coordinates":[-70.56049,42.980805]},"properties":{"objtype":"SOUNDG","valsou":55.1,"chart":"US4NH1BD"}},{"type":"Feature","geometry":{"type":"Point","coordinates":[-70.560178,42.99161]},"properties":{"objtype":"SOUNDG","valsou":65.5,"chart":"US4NH1BD"}},{"type":"Feature","geometry":{"type":"Point","coordinates":[-70.559994,43.071913]},"properties":{"objtype":"SOUNDG","valsou":32.6,"chart":"US4NH1BD"}},{"type":"Feature","geometry":{"type":"Point","coordinates":[-70.559724,42.951191]},"properties":{"objtype":"SOUNDG","valsou":51.5,"chart":"US4NH1BD"}},{"type":"Feature","geometry":{"type":"Point","coordinates":[-70.559687,43.075993]},"properties":{"objtype":"SOUNDG","valsou":40.8,"chart":"US4NH1BD"}},{"type":"Feature","geometry":{"type":"Point","coordinates":[-70.559224,42.931558]},"properties":{"objtype":"SOUNDG","valsou":66.4,"chart":"US4NH1BD"}},{"type":"Feature","geometry":{"type":"Point","coordinates":[-70.558796,42.908022]},"properties":{"objtype":"SOUNDG","valsou":59.1,"chart":"US4NH1BD"}},{"type":"Feature","geometry":{"type":"Point","coordinates":[-70.55841,42.936578]},"properties":{"objtype":"SOUNDG","valsou":47.2,"chart":"US4NH1BD"}},{"type":"Feature","geometry":{"type":"Point","coordinates":[-70.558187,43.082964]},"properties":{"objtype":"SOUNDG","valsou":38.4,"chart":"US4NH1BD"}},{"type":"Feature","geometry":{"type":"Point","coordinates":[-70.557625,43.088046]},"properties":{"objtype":"SOUNDG","valsou":22.5,"chart":"US4NH1BD"}},{"type":"Feature","geometry":{"type":"Point","coordinates":[-70.557295,42.975127]},"properties":{"objtype":"SOUNDG","valsou":72.5,"chart":"US4NH1BD"}},{"type":"Feature","geometry":{"type":"Point","coordinates":[-70.557157,42.915598]},"properties":{"objtype":"SOUNDG","valsou":76.2,"chart":"US4NH1BD"}},{"type":"Feature","geometry":{"type":"Point","coordinates":[-70.55703,42.946946]},"properties":{"objtype":"SOUNDG","valsou":76.5,"chart":"US4NH1BD"}},{"type":"Feature","geometry":{"type":"Point","coordinates":[-70.55682,42.979572]},"properties":{"objtype":"SOUNDG","valsou":44.1,"chart":"US4NH1BD"}},{"type":"Feature","geometry":{"type":"Point","coordinates":[-70.556625,42.984044]},"properties":{"objtype":"SOUNDG","valsou":54.5,"chart":"US4NH1BD"}},{"type":"Feature","geometry":{"type":"Point","coordinates":[-70.556616,42.996253]},"properties":{"objtype":"SOUNDG","valsou":38.7,"chart":"US4NH1BD"}},{"type":"Feature","geometry":{"type":"Point","coordinates":[-70.555189,42.926968]},"properties":{"objtype":"SOUNDG","valsou":58.5,"chart":"US4NH1BD"}},{"type":"Feature","geometry":{"type":"Point","coordinates":[-70.554981,43.071913]},"properties":{"objtype":"SOUNDG","valsou":25.6,"chart":"US4NH1BD"}},{"type":"Feature","geometry":{"type":"Point","coordinates":[-70.55468,42.957953]},"properties":{"objtype":"SOUNDG","valsou":74.6,"chart":"US4NH1BD"}},{"type":"Feature","geometry":{"type":"Point","coordinates":[-70.554361,42.990837]},"properties":{"objtype":"SOUNDG","valsou":38.7,"chart":"US4NH1BD"}},{"type":"Feature","geometry":{"type":"Point","coordinates":[-70.553643,43.091274]},"properties":{"objtype":"SOUNDG","valsou":42.9,"chart":"US4NH1BD"}},{"type":"Feature","geometry":{"type":"Point","coordinates":[-70.55343,42.965666]},"properties":{"objtype":"SOUNDG","valsou":38.4,"chart":"US4NH1BD"}},{"type":"Feature","geometry":{"type":"Point","coordinates":[-70.553196,42.971515]},"properties":{"objtype":"SOUNDG","valsou":58.8,"chart":"US4NH1BD"}},{"type":"Feature","geometry":{"type":"Point","coordinates":[-70.55215,42.954947]},"properties":{"objtype":"SOUNDG","valsou":67.6,"chart":"US4NH1BD"}},{"type":"Feature","geometry":{"type":"Point","coordinates":[-70.551916,42.951191]},"properties":{"objtype":"SOUNDG","valsou":46.6,"chart":"US4NH1BD"}},{"type":"Feature","geometry":{"type":"Point","coordinates":[-70.551514,43.067448]},"properties":{"objtype":"SOUNDG","valsou":43.8,"chart":"US4NH1BD"}},{"type":"Feature","geometry":{"type":"Point","coordinates":[-70.551412,42.904878]},"properties":{"objtype":"SOUNDG","valsou":81.3,"chart":"US4NH1BD"}},{"type":"Feature","geometry":{"type":"Point","coordinates":[-70.551306,43.006168]},"properties":{"objtype":"SOUNDG","valsou":48.4,"chart":"US4NH1BD"}},{"type":"Feature","geometry":{"type":"Point","coordinates":[-70.550676,42.918582]},"properties":{"objtype":"SOUNDG","valsou":72.8,"chart":"US4NH1BD"}},{"type":"Feature","geometry":{"type":"Point","coordinates":[-70.550261,42.977652]},"properties":{"objtype":"SOUNDG","valsou":74.0,"chart":"US4NH1BD"}},{"type":"Feature","geometry":{"type":"Point","coordinates":[-70.550036,43.078775]},"properties":{"objtype":"SOUNDG","valsou":34.4,"chart":"US4NH1BD"}},{"type":"Feature","geometry":{"type":"Point","coordinates":[-70.549901,42.994792]},"properties":{"objtype":"SOUNDG","valsou":69.1,"chart":"US4NH1BD"}},{"type":"Feature","geometry":{"type":"Point","coordinates":[-70.549848,43.087668]},"properties":{"objtype":"SOUNDG","valsou":29.8,"chart":"US4NH1BD"}},{"type":"Feature","geometry":{"type":"Point","coordinates":[-70.549807,42.94511]},"properties":{"objtype":"SOUNDG","valsou":54.8,"chart":"US4NH1BD"}},{"type":"Feature","geometry":{"type":"Point","coordinates":[-70.549129,42.984703]},"properties":{"objtype":"SOUNDG","valsou":71.9,"chart":"US4NH1BD"}},{"type":"Feature","geometry":{"type":"Point","coordinates":[-70.549109,42.900717]},"properties":{"objtype":"SOUNDG","valsou":67.6,"chart":"US4NH1BD"}},{"type":"Feature","geometry":{"type":"Point","coordinates":[-70.548677,43.074688]},"properties":{"objtype":"SOUNDG","valsou":32.3,"chart":"US4NH1BD"}},{"type":"Feature","geometry":{"type":"Point","coordinates":[-70.548333,42.923202]},"properties":{"objtype":"SOUNDG","valsou":76.5,"chart":"US4NH1BD"}},{"type":"Feature","geometry":{"type":"Point","coordinates":[-70.547045,42.908481]},"properties":{"objtype":"SOUNDG","valsou":66.4,"chart":"US4NH1BD"}},{"type":"Feature","geometry":{"type":"Point","coordinates":[-70.547037,43.083376]},"properties":{"objtype":"SOUNDG","valsou":51.2,"chart":"US4NH1BD"}},{"type":"Feature","geometry":{"type":"Point","coordinates":[-70.546637,42.963889]},"properties":{"objtype":"SOUNDG","valsou":75.5,"chart":"US4NH1BD"}},{"type":"Feature","geometry":{"type":"Point","coordinates":[-70.546357,42.989518]},"properties":{"objtype":"SOUNDG","valsou":72.2,"chart":"US4NH1BD"}},{"type":"Feature","geometry":{"type":"Point","coordinates":[-70.546308,42.934116]},"properties":{"objtype":"SOUNDG","valsou":58.2,"chart":"US4NH1BD"}},{"type":"Feature","geometry":{"type":"Point","coordinates":[-70.545664,42.912166]},"properties":{"objtype":"SOUNDG","valsou":78.9,"chart":"US4NH1BD"}},{"type":"Feature","geometry":{"type":"Point","coordinates":[-70.54545,43.001784]},"properties":{"objtype":"SOUNDG","valsou":39.9,"chart":"US4NH1BD"}},{"type":"Feature","geometry":{"type":"Point","coordinates":[-70.545088,42.903902]},"properties":{"objtype":"SOUNDG","valsou":68.8,"chart":"US4NH1BD"}},{"type":"Feature","geometry":{"type":"Point","coordinates":[-70.544576,42.94924]},"properties":{"objtype":"SOUNDG","valsou":64.6,"chart":"US4NH1BD"}},{"type":"Feature","geometry":{"type":"Point","coordinates":[-70.54442,42.941927]},"properties":{"objtype":"SOUNDG","valsou":63.3,"chart":"US4NH1BD"}},{"type":"Feature","geometry":{"type":"Point","coordinates":[-70.544323,42.927111]},"properties":{"objtype":"SOUNDG","valsou":60.9,"chart":"US4NH1BD"}},{"type":"Feature","geometry":{"type":"Point","coordinates":[-70.543852,43.094124]},"properties":{"objtype":"SOUNDG","valsou":32.6,"chart":"US4NH1BD"}},{"type":"Feature","geometry":{"type":"Point","coordinates":[-70.543459,43.006483]},"properties":{"objtype":"SOUNDG","valsou":67.3,"chart":"US4NH1BD"}},{"type":"Feature","geometry":{"type":"Point","coordinates":[-70.543358,42.973723]},"properties":{"objtype":"SOUNDG","valsou":54.2,"chart":"US4NH1BD"}},{"type":"Feature","geometry":{"type":"Point","coordinates":[-70.54254,43.088287]},"properties":{"objtype":"SOUNDG","valsou":48.7,"chart":"US4NH1BD"}},{"type":"Feature","geometry":{"type":"Point","coordinates":[-70.542379,43.072566]},"properties":{"objtype":"SOUNDG","valsou":47.5,"chart":"US4NH1BD"}},{"type":"Feature","geometry":{"type":"Point","coordinates":[-70.54232,43.013578]},"properties":{"objtype":"SOUNDG","valsou":51.8,"chart":"US4NH1BD"}},{"type":"Feature","geometry":{"type":"Point","coordinates":[-70.541864,43.060647]},"properties":{"objtype":"SOUNDG","valsou":33.5,"chart":"US4NH1BD"}},{"type":"Feature","geometry":{"type":"Point","coordinates":[-70.541687,42.900685]},"properties":{"objtype":"SOUNDG","valsou":74.6,"chart":"US4NH1BD"}},{"type":"Feature","geometry":{"type":"Point","coordinates":[-70.541375,42.95598]},"properties":{"objtype":"SOUNDG","valsou":58.2,"chart":"US4NH1BD"}},{"type":"Feature","geometry":{"type":"Point","coordinates":[-70.541101,42.946545]},"properties":{"objtype":"SOUNDG","valsou":61.5,"chart":"US4NH1BD"}},{"type":"Feature","geometry":{"type":"Point","coordinates":[-70.540141,42.997285]},"properties":{"objtype":"SOUNDG","valsou":41.4,"chart":"US4NH1BD"}},{"type":"Feature","geometry":{"type":"Point","coordinates":[-70.539345,42.938299]},"properties":{"objtype":"SOUNDG","valsou":57.3,"chart":"US4NH1BD"}},{"type":"Feature","geometry":{"type":"Point","coordinates":[-70.539334,43.066074]},"properties":{"objtype":"SOUNDG","valsou":35.0,"chart":"US4NH1BD"}},{"type":"Feature","geometry":{"type":"Point","coordinates":[-70.539198,42.918668]},"properties":{"objtype":"SOUNDG","valsou":59.1,"chart":"US4NH1BD"}},{"type":"Feature","geometry":{"type":"Point","coordinates":[-70.53879,42.96581]},"properties":{"objtype":"SOUNDG","valsou":78.3,"chart":"US4NH1BD"}},{"type":"Feature","geometry":{"type":"Point","coordinates":[-70.538198,42.977136]},"properties":{"objtype":"SOUNDG","valsou":51.2,"chart":"US4NH1BD"}},{"type":"Feature","geometry":{"type":"Point","coordinates":[-70.537495,42.985993]},"properties":{"objtype":"SOUNDG","valsou":69.1,"chart":"US4NH1BD"}},{"type":"Feature","geometry":{"type":"Point","coordinates":[-70.537133,42.931558]},"properties":{"objtype":"SOUNDG","valsou":69.7,"chart":"US4NH1BD"}},{"type":"Feature","geometry":{"type":"Point","coordinates":[-70.537132,43.05917]},"properties":{"objtype":"SOUNDG","valsou":27.1,"chart":"US4NH1BD"}},{"type":"Feature","geometry":{"type":"Point","coordinates":[-70.536873,42.924649]},"properties":{"objtype":"SOUNDG","valsou":82.6,"chart":"US4NH1BD"}},{"type":"Feature","geometry":{"type":"Point","coordinates":[-70.53669,42.948896]},"properties":{"objtype":"SOUNDG","valsou":79.2,"chart":"US4NH1BD"}},{"type":"Feature","geometry":{"type":"Point","coordinates":[-70.536168,43.080217]},"properties":{"objtype":"SOUNDG","valsou":40.5,"chart":"US4NH1BD"}},{"type":"Feature","geometry":{"type":"Point","coordinates":[-70.535987,42.952624]},"properties":{"objtype":"SOUNDG","valsou":63.7,"chart":"US4NH1BD"}},{"type":"Feature","geometry":{"type":"Point","coordinates":[-70.535963,43.000896]},"properties":{"objtype":"SOUNDG","valsou":60.0,"chart":"US4NH1BD"}},{"type":"Feature","geometry":{"type":"Point","coordinates":[-70.535091,43.093368]},"properties":{"objtype":"SOUNDG","valsou":47.5,"chart":"US4NH1BD"}},{"type":"Feature","geometry":{"type":"Point","coordinates":[-70.534464,42.941152]},"properties":{"objtype":"SOUNDG","valsou":63.0,"chart":"US4NH1BD"}},{"type":"Feature","geometry":{"type":"Point","coordinates":[-70.533966,42.908539]},"properties":{"objtype":"SOUNDG","valsou":61.5,"chart":"US4NH1BD"}},{"type":"Feature","geometry":{"type":"Point","coordinates":[-70.533949,42.960591]},"properties":{"objtype":"SOUNDG","valsou":55.4,"chart":"US4NH1BD"}},{"type":"Feature","geometry":{"type":"Point","coordinates":[-70.533524,43.05649]},"properties":{"objtype":"SOUNDG","valsou":49.0,"chart":"US4NH1BD"}},{"type":"Feature","geometry":{"type":"Point","coordinates":[-70.533227,43.012235]},"properties":{"objtype":"SOUNDG","valsou":59.1,"chart":"US4NH1BD"}},{"type":"Feature","geometry":{"type":"Point","coordinates":[-70.532869,43.060612]},"properties":{"objtype":"SOUNDG","valsou":26.2,"chart":"US4NH1BD"}},{"type":"Feature","geometry":{"type":"Point","coordinates":[-70.532741,42.927279]},"properties":{"objtype":"SOUNDG","valsou":72.2,"chart":"US4NH1BD"}},{"type":"Feature","geometry":{"type":"Point","coordinates":[-70.532467,43.074379]},"properties":{"objtype":"SOUNDG","valsou":58.8,"chart":"US4NH1BD"}},{"type":"Feature","geometry":{"type":"Point","coordinates":[-70.532351,43.051511]},"properties":{"objtype":"SOUNDG","valsou":53.3,"chart":"US4NH1BD"}},{"type":"Feature","geometry":{"type":"Point","coordinates":[-70.53159,42.995107]},"properties":{"objtype":"SOUNDG","valsou":60.9,"chart":"US4NH1BD"}},{"type":"Feature","geometry":{"type":"Point","coordinates":[-70.531489,42.969537]},"properties":{"objtype":"SOUNDG","valsou":81.3,"chart":"US4NH1BD"}},{"type":"Feature","geometry":{"type":"Point","coordinates":[-70.531288,42.981378]},"properties":{"objtype":"SOUNDG","valsou":73.1,"chart":"US4NH1BD"}},{"type":"Feature","geometry":{"type":"Point","coordinates":[-70.530853,42.902813]},"properties":{"objtype":"SOUNDG","valsou":72.5,"chart":"US4NH1BD"}},{"type":"Feature","geometry":{"type":"Point","coordinates":[-70.530667,43.06604]},"properties":{"objtype":"SOUNDG","valsou":41.1,"chart":"US4NH1BD"}},{"type":"Feature","geometry":{"type":"Point","coordinates":[-70.530626,42.937773]},"properties":{"objtype":"SOUNDG","valsou":68.8,"chart":"US4NH1BD"}},{"type":"Feature","geometry":{"type":"Point","coordinates":[-70.530429,42.989977]},"properties":{"objtype":"SOUNDG","valsou":71.6,"chart":"US4NH1BD"}},{"type":"Feature","geometry":{"type":"Point","coordinates":[-70.529282,43.085883]},"properties":{"objtype":"SOUNDG","valsou":50.5,"chart":"US4NH1BD"}},{"type":"Feature","geometry":{"type":"Point","coordinates":[-70.528969,42.909773]},"properties":{"objtype":"SOUNDG","valsou":76.8,"chart":"US4NH1BD"}},{"type":"Feature","geometry":{"type":"Point","coordinates":[-70.528922,43.019204]},"properties":{"objtype":"SOUNDG","valsou":57.3,"chart":"US4NH1BD"}},{"type":"Feature","geometry":{"type":"Point","coordinates":[-70.527618,42.976591]},"properties":{"objtype":"SOUNDG","valsou":53.0,"chart":"US4NH1BD"}},{"type":"Feature","geometry":{"type":"Point","coordinates":[-70.527515,42.944537]},"properties":{"objtype":"SOUNDG","valsou":60.6,"chart":"US4NH1BD"}},{"type":"Feature","geometry":{"type":"Point","coordinates":[-70.527491,43.006999]},"properties":{"objtype":"SOUNDG","valsou":64.0,"chart":"US4NH1BD"}},{"type":"Feature","geometry":{"type":"Point","coordinates":[-70.527164,42.953341]},"properties":{"objtype":"SOUNDG","valsou":78.6,"chart":"US4NH1BD"}},{"type":"Feature","geometry":{"type":"Point","coordinates":[-70.527017,42.918869]},"properties":{"objtype":"SOUNDG","valsou":78.3,"chart":"US4NH1BD"}},{"type":"Feature","geometry":{"type":"Point","coordinates":[-70.525978,42.987369]},"properties":{"objtype":"SOUNDG","valsou":79.2,"chart":"US4NH1BD"}},{"type":"Feature","geometry":{"type":"Point","coordinates":[-70.525888,43.072016]},"properties":{"objtype":"SOUNDG","valsou":39.6,"chart":"US4NH1BD"}},{"type":"Feature","geometry":{"type":"Point","coordinates":[-70.525746,42.932744]},"properties":{"objtype":"SOUNDG","valsou":69.4,"chart":"US4NH1BD"}},{"type":"Feature","geometry":{"type":"Point","coordinates":[-70.524822,43.083935]},"properties":{"objtype":"SOUNDG","valsou":30.4,"chart":"US4NH1BD"}},{"type":"Feature","geometry":{"type":"Point","coordinates":[-70.524541,43.088983]},"properties":{"objtype":"SOUNDG","valsou":35.0,"chart":"US4NH1BD"}},{"type":"Feature","geometry":{"type":"Point","coordinates":[-70.524471,43.025076]},"properties":{"objtype":"SOUNDG","valsou":51.2,"chart":"US4NH1BD"}},{"type":"Feature","geometry":{"type":"Point","coordinates":[-70.524206,42.914995]},"properties":{"objtype":"SOUNDG","valsou":60.3,"chart":"US4NH1BD"}},{"type":"Feature","geometry":{"type":"Point","coordinates":[-70.524055,42.929062]},"properties":{"objtype":"SOUNDG","valsou":68.2,"chart":"US4NH1BD"}},{"type":"Feature","geometry":{"type":"Point","coordinates":[-70.523791,43.081222]},"properties":{"objtype":"SOUNDG","valsou":43.2,"chart":"US4NH1BD"}},{"type":"Feature","geometry":{"type":"Point","coordinates":[-70.523766,43.062758]},"properties":{"objtype":"SOUNDG","valsou":45.1,"chart":"US4NH1BD"}},{"type":"Feature","geometry":{"type":"Point","coordinates":[-70.523681,42.962025]},"properties":{"objtype":"SOUNDG","valsou":64.6,"chart":"US4NH1BD"}},{"type":"Feature","geometry":{"type":"Point","coordinates":[-70.523642,42.968677]},"properties":{"objtype":"SOUNDG","valsou":82.9,"chart":"US4NH1BD"}},{"type":"Feature","geometry":{"type":"Point","coordinates":[-70.522986,42.948437]},"properties":{"objtype":"SOUNDG","valsou":66.4,"chart":"US4NH1BD"}},{"type":"Feature","geometry":{"type":"Point","coordinates":[-70.520838,43.068283]},"properties":{"objtype":"SOUNDG","valsou":27.4,"chart":"US4NH1BD"}},{"type":"Feature","geometry":{"type":"Point","coordinates":[-70.520815,43.000208]},"properties":{"objtype":"SOUNDG","valsou":65.5,"chart":"US4NH1BD"}},{"type":"Feature","geometry":{"type":"Point","coordinates":[-70.520815,43.00293]},"properties":{"objtype":"SOUNDG","valsou":78.6,"chart":"US4NH1BD"}},{"type":"Feature","geometry":{"type":"Point","coordinates":[-70.519903,43.014649]},"properties":{"objtype":"SOUNDG","valsou":67.0,"chart":"US4NH1BD"}},{"type":"Feature","geometry":{"type":"Point","coordinates":[-70.519482,42.912298]},"properties":{"objtype":"SOUNDG","valsou":42.6,"chart":"US4NH1BD"}},{"type":"Feature","geometry":{"type":"Point","coordinates":[-70.518979,42.935445]},"properties":{"objtype":"SOUNDG","valsou":66.4,"chart":"US4NH1BD"}},{"type":"Feature","geometry":{"type":"Point","coordinates":[-70.518677,42.979515]},"properties":{"objtype":"SOUNDG","valsou":81.6,"chart":"US4NH1BD"}},{"type":"Feature","geometry":{"type":"Point","coordinates":[-70.518203,43.048006]},"properties":{"objtype":"SOUNDG","valsou":33.5,"chart":"US4NH1BD"}},{"type":"Feature","geometry":{"type":"Point","coordinates":[-70.517742,42.992012]},"properties":{"objtype":"SOUNDG","valsou":66.4,"chart":"US4NH1BD"}},{"type":"Feature","geometry":{"type":"Point","coordinates":[-70.517701,43.089326]},"properties":{"objtype":"SOUNDG","valsou":49.6,"chart":"US4NH1BD"}},{"type":"Feature","geometry":{"type":"Point","coordinates":[-70.517168,43.06293]},"properties":{"objtype":"SOUNDG","valsou":57.9,"chart":"US4NH1BD"}},{"type":"Feature","geometry":{"type":"Point","coordinates":[-70.517062,42.907706]},"properties":{"objtype":"SOUNDG","valsou":72.8,"chart":"US4NH1BD"}},{"type":"Feature","geometry":{"type":"Point","coordinates":[-70.517012,43.053597]},"properties":{"objtype":"SOUNDG","valsou":42.6,"chart":"US4NH1BD"}},{"type":"Feature","geometry":{"type":"Point","coordinates":[-70.516897,42.926528]},"properties":{"objtype":"SOUNDG","valsou":88.0,"chart":"US4NH1BD"}},{"type":"Feature","geometry":{"type":"Point","coordinates":[-70.516811,43.085618]},"properties":{"objtype":"SOUNDG","valsou":32.0,"chart":"US4NH1BD"}},{"type":"Feature","geometry":{"type":"Point","coordinates":[-70.516482,43.094682]},"properties":{"objtype":"SOUNDG","valsou":27.1,"chart":"US4NH1BD"}},{"type":"Feature","geometry":{"type":"Point","coordinates":[-70.516303,42.958326]},"properties":{"objtype":"SOUNDG","valsou":84.1,"chart":"US4NH1BD"}},{"type":"Feature","geometry":{"type":"Point","coordinates":[-70.516038,43.023415]},"properties":{"objtype":"SOUNDG","valsou":62.1,"chart":"US4NH1BD"}},{"type":"Feature","geometry":{"type":"Point","coordinates":[-70.515873,42.974153]},"properties":{"objtype":"SOUNDG","valsou":85.0,"chart":"US4NH1BD"}},{"type":"Feature","geometry":{"type":"Point","coordinates":[-70.515453,43.030318]},"properties":{"objtype":"SOUNDG","valsou":64.6,"chart":"US4NH1BD"}},{"type":"Feature","geometry":{"type":"Point","coordinates":[-70.515143,42.900664]},"properties":{"objtype":"SOUNDG","valsou":60.9,"chart":"US4NH1BD"}},{"type":"Feature","geometry":{"type":"Point","coordinates":[-70.514954,42.918008]},"properties":{"objtype":"SOUNDG","valsou":84.7,"chart":"US4NH1BD"}},{"type":"Feature","geometry":{"type":"Point","coordinates":[-70.514944,42.951535]},"properties":{"objtype":"SOUNDG","valsou":65.5,"chart":"US4NH1BD"}},{"type":"Feature","geometry":{"type":"Point","coordinates":[-70.514943,43.060411]},"properties":{"objtype":"SOUNDG","valsou":43.8,"chart":"US4NH1BD"}},{"type":"Feature","geometry":{"type":"Point","coordinates":[-70.51368,43.071718]},"properties":{"objtype":"SOUNDG","valsou":41.7,"chart":"US4NH1BD"}},{"type":"Feature","geometry":{"type":"Point","coordinates":[-70.513617,42.942127]},"properties":{"objtype":"SOUNDG","valsou":75.8,"chart":"US4NH1BD"}},{"type":"Feature","geometry":{"type":"Point","coordinates":[-70.513291,42.996723]},"properties":{"objtype":"SOUNDG","valsou":81.6,"chart":"US4NH1BD"}},{"type":"Feature","geometry":{"type":"Point","coordinates":[-70.512956,43.044398]},"properties":{"objtype":"SOUNDG","valsou":49.6,"chart":"US4NH1BD"}},{"type":"Feature","geometry":{"type":"Point","coordinates":[-70.512816,42.933623]},"properties":{"objtype":"SOUNDG","valsou":78.9,"chart":"US4NH1BD"}},{"type":"Feature","geometry":{"type":"Point","coordinates":[-70.512489,42.905371]},"properties":{"objtype":"SOUNDG","valsou":87.7,"chart":"US4NH1BD"}},{"type":"Feature","geometry":{"type":"Point","coordinates":[-70.512032,43.092588]},"properties":{"objtype":"SOUNDG","valsou":40.8,"chart":"US4NH1BD"}},{"type":"Feature","geometry":{"type":"Point","coordinates":[-70.51198,43.009515]},"properties":{"objtype":"SOUNDG","valsou":67.0,"chart":"US4NH1BD"}},{"type":"Feature","geometry":{"type":"Point","coordinates":[-70.510908,42.987483]},"properties":{"objtype":"SOUNDG","valsou":61.5,"chart":"US4NH1BD"}},{"type":"Feature","geometry":{"type":"Point","coordinates":[-70.510908,43.088502]},"properties":{"objtype":"SOUNDG","valsou":35.9,"chart":"US4NH1BD"}},{"type":"Feature","geometry":{"type":"Point","coordinates":[-70.51066,43.037732]},"properties":{"objtype":"SOUNDG","valsou":46.6,"chart":"US4NH1BD"}},{"type":"Feature","geometry":{"type":"Point","coordinates":[-70.51048,43.004254]},"properties":{"objtype":"SOUNDG","valsou":82.2,"chart":"US4NH1BD"}},{"type":"Feature","geometry":{"type":"Point","coordinates":[-70.509945,43.055659]},"properties":{"objtype":"SOUNDG","valsou":59.1,"chart":"US4NH1BD"}},{"type":"Feature","geometry":{"type":"Point","coordinates":[-70.509714,43.028542]},"properties":{"objtype":"SOUNDG","valsou":53.3,"chart":"US4NH1BD"}},{"type":"Feature","geometry":{"type":"Point","coordinates":[-70.50962,42.981865]},"properties":{"objtype":"SOUNDG","valsou":85.9,"chart":"US4NH1BD"}},{"type":"Feature","geometry":{"type":"Point","coordinates":[-70.509491,43.067883]},"properties":{"objtype":"SOUNDG","valsou":37.7,"chart":"US4NH1BD"}},{"type":"Feature","geometry":{"type":"Point","coordinates":[-70.509011,43.018287]},"properties":{"objtype":"SOUNDG","valsou":67.6,"chart":"US4NH1BD"}},{"type":"Feature","geometry":{"type":"Point","coordinates":[-70.508846,43.085068]},"properties":{"objtype":"SOUNDG","valsou":50.9,"chart":"US4NH1BD"}},{"type":"Feature","geometry":{"type":"Point","coordinates":[-70.508533,42.966698]},"properties":{"objtype":"SOUNDG","valsou":68.8,"chart":"US4NH1BD"}},{"type":"Feature","geometry":{"type":"Point","coordinates":[-70.507759,43.073554]},"properties":{"objtype":"SOUNDG","valsou":27.7,"chart":"US4NH1BD"}},{"type":"Feature","geometry":{"type":"Point","coordinates":[-70.507716,42.99356]},"properties":{"objtype":"SOUNDG","valsou":84.7,"chart":"US4NH1BD"}},{"type":"Feature","geometry":{"type":"Point","coordinates":[-70.506707,42.949126]},"properties":{"objtype":"SOUNDG","valsou":83.2,"chart":"US4NH1BD"}},{"type":"Feature","geometry":{"type":"Point","coordinates":[-70.506457,43.078921]},"properties":{"objtype":"SOUNDG","valsou":47.2,"chart":"US4NH1BD"}},{"type":"Feature","geometry":{"type":"Point","coordinates":[-70.506394,42.955062]},"properties":{"objtype":"SOUNDG","valsou":86.5,"chart":"US4NH1BD"}},{"type":"Feature","geometry":{"type":"Point","coordinates":[-70.506374,42.92547]},"properties":{"objtype":"SOUNDG","valsou":94.7,"chart":"US4NH1BD"}},{"type":"Feature","geometry":{"type":"Point","coordinates":[-70.505989,42.976677]},"properties":{"objtype":"SOUNDG","valsou":71.6,"chart":"US4NH1BD"}},{"type":"Feature","geometry":{"type":"Point","coordinates":[-70.50501,43.047085]},"properties":{"objtype":"SOUNDG","valsou":69.1,"chart":"US4NH1BD"}},{"type":"Feature","geometry":{"type":"Point","coordinates":[-70.504842,42.913044]},"properties":{"objtype":"SOUNDG","valsou":92.3,"chart":"US4NH1BD"}},{"type":"Feature","geometry":{"type":"Point","coordinates":[-70.504026,43.038701]},"properties":{"objtype":"SOUNDG","valsou":57.3,"chart":"US4NH1BD"}},{"type":"Feature","geometry":{"type":"Point","coordinates":[-70.503966,42.960362]},"properties":{"objtype":"SOUNDG","valsou":73.1,"chart":"US4NH1BD"}},{"type":"Feature","geometry":{"type":"Point","coordinates":[-70.503431,42.905371]},"properties":{"objtype":"SOUNDG","valsou":97.2,"chart":"US4NH1BD"}},{"type":"Feature","geometry":{"type":"Point","coordinates":[-70.503154,42.941841]},"properties":{"objtype":"SOUNDG","valsou":89.0,"chart":"US4NH1BD"}},{"type":"Feature","geometry":{"type":"Point","coordinates":[-70.503017,43.053716]},"properties":{"objtype":"SOUNDG","valsou":42.9,"chart":"US4NH1BD"}},{"type":"Feature","geometry":{"type":"Point","coordinates":[-70.502882,43.027454]},"properties":{"objtype":"SOUNDG","valsou":67.6,"chart":"US4NH1BD"}},{"type":"Feature","geometry":{"type":"Point","coordinates":[-70.502736,43.061068]},"properties":{"objtype":"SOUNDG","valsou":53.9,"chart":"US4NH1BD"}},{"type":"Feature","geometry":{"type":"Point","coordinates":[-70.50261,43.008552]},"properties":{"objtype":"SOUNDG","valsou":84.4,"chart":"US4NH1BD"}},{"type":"Feature","geometry":{"type":"Point","coordinates":[-70.502334,43.093961]},"properties":{"objtype":"SOUNDG","valsou":48.7,"chart":"US4NH1BD"}},{"type":"Feature","geometry":{"type":"Point","coordinates":[-70.502293,43.032343]},"properties":{"objtype":"SOUNDG","valsou":44.8,"chart":"US4NH1BD"}},{"type":"Feature","geometry":{"type":"Point","coordinates":[-70.50224,43.084656]},"properties":{"objtype":"SOUNDG","valsou":62.4,"chart":"US4NH1BD"}},{"type":"Feature","geometry":{"type":"Point","coordinates":[-70.502218,43.021639]},"properties":{"objtype":"SOUNDG","valsou":53.0,"chart":"US4NH1BD"}},{"type":"Feature","geometry":{"type":"Point","coordinates":[-70.502194,43.08991]},"properties":{"objtype":"SOUNDG","valsou":50.9,"chart":"US4NH1BD"}},{"type":"Feature","geometry":{"type":"Point","coordinates":[-70.502173,43.070205]},"properties":{"objtype":"SOUNDG","valsou":68.8,"chart":"US4NH1BD"}},{"type":"Feature","geometry":{"type":"Point","coordinates":[-70.502101,43.014277]},"properties":{"objtype":"SOUNDG","valsou":74.6,"chart":"US4NH1BD"}},{"type":"Feature","geometry":{"type":"Point","coordinates":[-70.501428,42.971171]},"properties":{"objtype":"SOUNDG","valsou":87.7,"chart":"US4NH1BD"}},{"type":"Feature","geometry":{"type":"Point","coordinates":[-70.501345,42.998993]},"properties":{"objtype":"SOUNDG","valsou":83.8,"chart":"US4NH1BD"}},{"type":"Feature","geometry":{"type":"Point","coordinates":[-70.747921,42.927518]},"properties":{"objtype":"SOUNDG","valsou":31.0,"chart":"US4NH1BD"}},{"type":"Feature","geometry":{"type":"Point","coordinates":[-70.746997,42.920156]},"properties":{"objtype":"SOUNDG","valsou":28.9,"chart":"US4NH1BD"}},{"type":"Feature","geometry":{"type":"Point","coordinates":[-70.74688,42.932992]},"properties":{"objtype":"SOUNDG","valsou":28.0,"chart":"US4NH1BD"}},{"type":"Feature","geometry":{"type":"Point","coordinates":[-70.739657,42.936769]},"properties":{"objtype":"SOUNDG","valsou":31.3,"chart":"US4NH1BD"}},{"type":"Feature","geometry":{"type":"Point","coordinates":[-70.739547,42.942605]},"properties":{"objtype":"SOUNDG","valsou":31.0,"chart":"US4NH1BD"}},{"type":"Feature","geometry":{"type":"Point","coordinates":[-70.737249,42.928187]},"properties":{"objtype":"SOUNDG","valsou":32.6,"chart":"US4NH1BD"}},{"type":"Feature","geometry":{"type":"Point","coordinates":[-70.705567,43.078361]},"properties":{"objtype":"SOUNDG","valsou":7.9,"chart":"US5PSMCD"}},{"type":"Feature","geometry":{"type":"Point","coordinates":[-70.685981,42.985318]},"properties":{"objtype":"SOUNDG","valsou":29.2,"chart":"US4NH1BD"}},{"type":"Feature","geometry":{"type":"Point","coordinates":[-70.674269,42.991251]},"properties":{"objtype":"SOUNDG","valsou":27.7,"chart":"US4NH1BD"}},{"type":"Feature","geometry":{"type":"Point","coordinates":[-70.673093,42.999257]},"properties":{"objtype":"SOUNDG","valsou":28.6,"chart":"US4NH1BD"}},{"type":"Feature","geometry":{"type":"Point","coordinates":[-70.669079,42.995976]},"properties":{"objtype":"SOUNDG","valsou":29.2,"chart":"US4NH1BD"}},{"type":"Feature","geometry":{"type":"Point","coordinates":[-70.664487,42.981903]},"properties":{"objtype":"SOUNDG","valsou":28.6,"chart":"US4NH1BD"}},{"type":"Feature","geometry":{"type":"Point","coordinates":[-70.648185,43.025985]},"properties":{"objtype":"SOUNDG","valsou":28.3,"chart":"US4NH1BD"}},{"type":"Feature","geometry":{"type":"Point","coordinates":[-70.64282,42.980097]},"properties":{"objtype":"SOUNDG","valsou":28.9,"chart":"US4NH1BD"}},{"type":"Feature","geometry":{"type":"Point","coordinates":[-70.642663,43.016602]},"properties":{"objtype":"SOUNDG","valsou":28.9,"chart":"US4NH1BD"}},{"type":"Feature","geometry":{"type":"Point","coordinates":[-70.634942,43.022143]},"properties":{"objtype":"SOUNDG","valsou":31.0,"chart":"US4NH1BD"}},{"type":"Feature","geometry":{"type":"Point","coordinates":[-70.631329,42.970663]},"properties":{"objtype":"SOUNDG","valsou":25.6,"chart":"US5NH1AG"}},{"type":"Feature","geometry":{"type":"Point","coordinates":[-70.633318,43.100268]},"properties":{"objtype":"SOUNDG","valsou":11.5,"chart":"US5PSMCE"}},{"type":"Feature","geometry":{"type":"Point","coordinates":[-70.629405,43.033234]},"properties":{"objtype":"SOUNDG","valsou":26.2,"chart":"US5PSMBE"}},{"type":"Feature","geometry":{"type":"Point","coordinates":[-70.626137,43.103683]},"properties":{"objtype":"SOUNDG","valsou":13.7,"chart":"US5PSMCE"}},{"type":"Feature","geometry":{"type":"Point","coordinates":[-70.626893,42.980122]},"properties":{"objtype":"SOUNDG","valsou":14.6,"chart":"US5PSMBE"}},{"type":"Feature","geometry":{"type":"Point","coordinates":[-70.618573,43.123142]},"properties":{"objtype":"SOUNDG","valsou":16.4,"chart":"US5PSMCE"}},{"type":"Feature","geometry":{"type":"Point","coordinates":[-70.618043,42.965093]},"properties":{"objtype":"SOUNDG","valsou":39.3,"chart":"US4NH1BD"}},{"type":"Feature","geometry":{"type":"Point","coordinates":[-70.615558,43.100818]},"properties":{"objtype":"SOUNDG","valsou":13.4,"chart":"US5PSMCE"}},{"type":"Feature","geometry":{"type":"Point","coordinates":[-70.616174,43.111899]},"properties":{"objtype":"SOUNDG","valsou":14.6,"chart":"US5PSMCE"}},{"type":"Feature","geometry":{"type":"Point","coordinates":[-70.611109,43.035939]},"properties":{"objtype":"SOUNDG","valsou":31.6,"chart":"US4NH1BD"}},{"type":"Feature","geometry":{"type":"Point","coordinates":[-70.60962,43.029226]},"properties":{"objtype":"SOUNDG","valsou":30.4,"chart":"US4NH1BD"}},{"type":"Feature","geometry":{"type":"Point","coordinates":[-70.609532,42.96862]},"properties":{"objtype":"SOUNDG","valsou":30.1,"chart":"US4NH1BD"}},{"type":"Feature","geometry":{"type":"Point","coordinates":[-70.60617,43.056279]},"properties":{"objtype":"SOUNDG","valsou":20.1,"chart":"US4NH1BD"}},{"type":"Feature","geometry":{"type":"Point","coordinates":[-70.599721,43.021054]},"properties":{"objtype":"SOUNDG","valsou":42.3,"chart":"US4NH1BD"}},{"type":"Feature","geometry":{"type":"Point","coordinates":[-70.588803,43.072632]},"properties":{"objtype":"SOUNDG","valsou":32.3,"chart":"US5PSMCE"}},{"type":"Feature","geometry":{"type":"Point","coordinates":[-70.583826,43.08885]},"properties":{"objtype":"SOUNDG","valsou":29.5,"chart":"US4NH1BD"}},{"type":"Feature","geometry":{"type":"Point","coordinates":[-70.570894,42.996881]},"properties":{"objtype":"SOUNDG","valsou":52.7,"chart":"US5NH02M"}},{"type":"Feature","geometry":{"type":"Point","coordinates":[-70.550635,42.937821]},"properties":{"objtype":"SOUNDG","valsou":76.8,"chart":"US4NH1BD"}},{"type":"Feature","geometry":{"type":"Point","coordinates":[-70.610314,43.070535]},"properties":{"objtype":"SOUNDG","valsou":2.7,"chart":"US4NH1BD"}},{"type":"Feature","geometry":{"type":"Point","coordinates":[-70.600178,43.077035]},"properties":{"objtype":"SOUNDG","valsou":9.7,"chart":"US4NH1BD"}},{"type":"Feature","geometry":{"type":"Point","coordinates":[-70.599297,43.074796]},"properties":{"objtype":"SOUNDG","valsou":8.2,"chart":"US4NH1BD"}},{"type":"Feature","geometry":{"type":"Point","coordinates":[-70.595167,43.076556]},"properties":{"objtype":"SOUNDG","valsou":9.1,"chart":"US4NH1BD"}},{"type":"Feature","geometry":{"type":"Point","coordinates":[-70.594027,43.090278]},"properties":{"objtype":"SOUNDG","valsou":8.5,"chart":"US4NH1BD"}},{"type":"Feature","geometry":{"type":"Point","coordinates":[-70.587667,43.085194]},"properties":{"objtype":"SOUNDG","valsou":9.4,"chart":"US4NH1BD"}},{"type":"Feature","geometry":{"type":"Point","coordinates":[-70.585611,43.082278]},"properties":{"objtype":"SOUNDG","valsou":7.9,"chart":"US4NH1BD"}},{"type":"Feature","geometry":{"type":"Point","coordinates":[-70.615842,43.125518]},"properties":{"objtype":"SOUNDG","valsou":10.9,"chart":"US4NH1BD"}},{"type":"Feature","geometry":{"type":"Point","coordinates":[-70.611998,43.119115]},"properties":{"objtype":"SOUNDG","valsou":13.4,"chart":"US4NH1BD"}},{"type":"Feature","geometry":{"type":"Point","coordinates":[-70.609523,43.127369]},"properties":{"objtype":"SOUNDG","valsou":14.9,"chart":"US4NH1BD"}},{"type":"Feature","geometry":{"type":"Point","coordinates":[-70.607227,43.131264]},"properties":{"objtype":"SOUNDG","valsou":16.4,"chart":"US4NH1BD"}},{"type":"Feature","geometry":{"type":"Point","coordinates":[-70.600887,43.118922]},"properties":{"objtype":"SOUNDG","valsou":17.6,"chart":"US4NH1BD"}},{"type":"Feature","geometry":{"type":"Point","coordinates":[-70.600729,43.131842]},"properties":{"objtype":"SOUNDG","valsou":22.8,"chart":"US4NH1BD"}},{"type":"Feature","geometry":{"type":"Point","coordinates":[-70.597728,43.12544]},"properties":{"objtype":"SOUNDG","valsou":21.3,"chart":"US4NH1BD"}},{"type":"Feature","geometry":{"type":"Point","coordinates":[-70.592041,43.127986]},"properties":{"objtype":"SOUNDG","valsou":23.1,"chart":"US4NH1BD"}},{"type":"Feature","geometry":{"type":"Point","coordinates":[-70.587408,43.131611]},"properties":{"objtype":"SOUNDG","valsou":21.0,"chart":"US4NH1BD"}},{"type":"Feature","geometry":{"type":"Point","coordinates":[-70.586004,43.121813]},"properties":{"objtype":"SOUNDG","valsou":17.9,"chart":"US4NH1BD"}},{"type":"Feature","geometry":{"type":"Point","coordinates":[-70.585221,43.097615]},"properties":{"objtype":"SOUNDG","valsou":1.8,"chart":"US4NH1BD"}},{"type":"Feature","geometry":{"type":"Point","coordinates":[-70.584354,43.12598]},"properties":{"objtype":"SOUNDG","valsou":20.1,"chart":"US4NH1BD"}},{"type":"Feature","geometry":{"type":"Point","coordinates":[-70.582381,43.098589]},"properties":{"objtype":"SOUNDG","valsou":8.5,"chart":"US4NH1BD"}},{"type":"Feature","geometry":{"type":"Point","coordinates":[-70.581194,43.120773]},"properties":{"objtype":"SOUNDG","valsou":14.6,"chart":"US4NH1BD"}},{"type":"Feature","geometry":{"type":"Point","coordinates":[-70.580749,43.117716]},"properties":{"objtype":"SOUNDG","valsou":19.5,"chart":"US4NH1BD"}},{"type":"Feature","geometry":{"type":"Point","coordinates":[-70.57948,43.101246]},"properties":{"objtype":"SOUNDG","valsou":13.4,"chart":"US4NH1BD"}},{"type":"Feature","geometry":{"type":"Point","coordinates":[-70.574191,43.131958]},"properties":{"objtype":"SOUNDG","valsou":21.6,"chart":"US4NH1BD"}},{"type":"Feature","geometry":{"type":"Point","coordinates":[-70.576471,43.096883]},"properties":{"objtype":"SOUNDG","valsou":23.1,"chart":"US5PSMCE"}},{"type":"Feature","geometry":{"type":"Point","coordinates":[-70.57241,43.111695]},"properties":{"objtype":"SOUNDG","valsou":22.5,"chart":"US4NH1BD"}},{"type":"Feature","geometry":{"type":"Point","coordinates":[-70.571685,43.117672]},"properties":{"objtype":"SOUNDG","valsou":19.5,"chart":"US4NH1BD"}},{"type":"Feature","geometry":{"type":"Point","coordinates":[-70.570231,43.125942]},"properties":{"objtype":"SOUNDG","valsou":23.7,"chart":"US4NH1BD"}},{"type":"Feature","geometry":{"type":"Point","coordinates":[-70.568845,43.104921]},"properties":{"objtype":"SOUNDG","valsou":18.8,"chart":"US4NH1BD"}},{"type":"Feature","geometry":{"type":"Point","coordinates":[-70.563333,43.13084]},"properties":{"objtype":"SOUNDG","valsou":24.0,"chart":"US4NH1BD"}},{"type":"Feature","geometry":{"type":"Point","coordinates":[-70.561543,43.12301]},"properties":{"objtype":"SOUNDG","valsou":22.8,"chart":"US4NH1BD"}},{"type":"Feature","geometry":{"type":"Point","coordinates":[-70.5614,43.100715]},"properties":{"objtype":"SOUNDG","valsou":21.6,"chart":"US4NH1BD"}},{"type":"Feature","geometry":{"type":"Point","coordinates":[-70.559285,43.110456]},"properties":{"objtype":"SOUNDG","valsou":23.4,"chart":"US4NH1BD"}},{"type":"Feature","geometry":{"type":"Point","coordinates":[-70.558329,43.097611]},"properties":{"objtype":"SOUNDG","valsou":18.5,"chart":"US4NH1BD"}},{"type":"Feature","geometry":{"type":"Point","coordinates":[-70.55572,43.117849]},"properties":{"objtype":"SOUNDG","valsou":17.6,"chart":"US4NH1BD"}},{"type":"Feature","geometry":{"type":"Point","coordinates":[-70.554277,43.132961]},"properties":{"objtype":"SOUNDG","valsou":20.4,"chart":"US4NH1BD"}},{"type":"Feature","geometry":{"type":"Point","coordinates":[-70.553182,43.095578]},"properties":{"objtype":"SOUNDG","valsou":26.2,"chart":"US4NH1BD"}},{"type":"Feature","geometry":{"type":"Point","coordinates":[-70.550583,43.111075]},"properties":{"objtype":"SOUNDG","valsou":26.5,"chart":"US4NH1BD"}},{"type":"Feature","geometry":{"type":"Point","coordinates":[-70.548811,43.127292]},"properties":{"objtype":"SOUNDG","valsou":21.6,"chart":"US4NH1BD"}},{"type":"Feature","geometry":{"type":"Point","coordinates":[-70.546909,43.097305]},"properties":{"objtype":"SOUNDG","valsou":17.0,"chart":"US4NH1BD"}},{"type":"Feature","geometry":{"type":"Point","coordinates":[-70.546231,43.120581]},"properties":{"objtype":"SOUNDG","valsou":19.5,"chart":"US4NH1BD"}},{"type":"Feature","geometry":{"type":"Point","coordinates":[-70.545145,43.104877]},"properties":{"objtype":"SOUNDG","valsou":20.7,"chart":"US4NH1BD"}},{"type":"Feature","geometry":{"type":"Point","coordinates":[-70.544722,43.099564]},"properties":{"objtype":"SOUNDG","valsou":26.2,"chart":"US4NH1BD"}},{"type":"Feature","geometry":{"type":"Point","coordinates":[-70.54344,43.132691]},"properties":{"objtype":"SOUNDG","valsou":13.1,"chart":"US4NH1BD"}},{"type":"Feature","geometry":{"type":"Point","coordinates":[-70.542849,43.11475]},"properties":{"objtype":"SOUNDG","valsou":26.8,"chart":"US4NH1BD"}},{"type":"Feature","geometry":{"type":"Point","coordinates":[-70.539674,43.107598]},"properties":{"objtype":"SOUNDG","valsou":25.2,"chart":"US4NH1BD"}},{"type":"Feature","geometry":{"type":"Point","coordinates":[-70.538122,43.125865]},"properties":{"objtype":"SOUNDG","valsou":22.5,"chart":"US4NH1BD"}},{"type":"Feature","geometry":{"type":"Point","coordinates":[-70.537229,43.100051]},"properties":{"objtype":"SOUNDG","valsou":35.3,"chart":"US4NH1BD"}},{"type":"Feature","geometry":{"type":"Point","coordinates":[-70.536121,43.121313]},"properties":{"objtype":"SOUNDG","valsou":25.6,"chart":"US4NH1BD"}},{"type":"Feature","geometry":{"type":"Point","coordinates":[-70.533482,43.113688]},"properties":{"objtype":"SOUNDG","valsou":24.0,"chart":"US4NH1BD"}},{"type":"Feature","geometry":{"type":"Point","coordinates":[-70.53318,43.107357]},"properties":{"objtype":"SOUNDG","valsou":27.1,"chart":"US4NH1BD"}},{"type":"Feature","geometry":{"type":"Point","coordinates":[-70.531319,43.097128]},"properties":{"objtype":"SOUNDG","valsou":32.9,"chart":"US4NH1BD"}},{"type":"Feature","geometry":{"type":"Point","coordinates":[-70.527854,43.121236]},"properties":{"objtype":"SOUNDG","valsou":27.1,"chart":"US4NH1BD"}},{"type":"Feature","geometry":{"type":"Point","coordinates":[-70.527331,43.112005]},"properties":{"objtype":"SOUNDG","valsou":21.3,"chart":"US4NH1BD"}},{"type":"Feature","geometry":{"type":"Point","coordinates":[-70.526538,43.131804]},"properties":{"objtype":"SOUNDG","valsou":24.0,"chart":"US4NH1BD"}},{"type":"Feature","geometry":{"type":"Point","coordinates":[-70.52588,43.102176]},"properties":{"objtype":"SOUNDG","valsou":46.0,"chart":"US4NH1BD"}},{"type":"Feature","geometry":{"type":"Point","coordinates":[-70.524274,43.128796]},"properties":{"objtype":"SOUNDG","valsou":19.2,"chart":"US4NH1BD"}},{"type":"Feature","geometry":{"type":"Point","coordinates":[-70.523886,43.094958]},"properties":{"objtype":"SOUNDG","valsou":47.2,"chart":"US4NH1BD"}},{"type":"Feature","geometry":{"type":"Point","coordinates":[-70.52298,43.106073]},"properties":{"objtype":"SOUNDG","valsou":21.3,"chart":"US4NH1BD"}},{"type":"Feature","geometry":{"type":"Point","coordinates":[-70.522738,43.100272]},"properties":{"objtype":"SOUNDG","valsou":24.9,"chart":"US4NH1BD"}},{"type":"Feature","geometry":{"type":"Point","coordinates":[-70.521288,43.109216]},"properties":{"objtype":"SOUNDG","valsou":17.0,"chart":"US4NH1BD"}},{"type":"Feature","geometry":{"type":"Point","coordinates":[-70.520442,43.115724]},"properties":{"objtype":"SOUNDG","valsou":18.8,"chart":"US4NH1BD"}},{"type":"Feature","geometry":{"type":"Point","coordinates":[-70.518113,43.122818]},"properties":{"objtype":"SOUNDG","valsou":28.0,"chart":"US4NH1BD"}},{"type":"Feature","geometry":{"type":"Point","coordinates":[-70.515849,43.097438]},"properties":{"objtype":"SOUNDG","valsou":17.6,"chart":"US4NH1BD"}},{"type":"Feature","geometry":{"type":"Point","coordinates":[-70.514638,43.131534]},"properties":{"objtype":"SOUNDG","valsou":16.4,"chart":"US4NH1BD"}},{"type":"Feature","geometry":{"type":"Point","coordinates":[-70.514585,43.119038]},"properties":{"objtype":"SOUNDG","valsou":32.9,"chart":"US4NH1BD"}},{"type":"Feature","geometry":{"type":"Point","coordinates":[-70.514459,43.114706]},"properties":{"objtype":"SOUNDG","valsou":22.5,"chart":"US4NH1BD"}},{"type":"Feature","geometry":{"type":"Point","coordinates":[-70.51369,43.127292]},"properties":{"objtype":"SOUNDG","valsou":19.5,"chart":"US4NH1BD"}},{"type":"Feature","geometry":{"type":"Point","coordinates":[-70.51168,43.10067]},"properties":{"objtype":"SOUNDG","valsou":46.9,"chart":"US4NH1BD"}},{"type":"Feature","geometry":{"type":"Point","coordinates":[-70.509267,43.123666]},"properties":{"objtype":"SOUNDG","valsou":24.0,"chart":"US4NH1BD"}},{"type":"Feature","geometry":{"type":"Point","coordinates":[-70.506906,43.096375]},"properties":{"objtype":"SOUNDG","valsou":35.3,"chart":"US4NH1BD"}},{"type":"Feature","geometry":{"type":"Point","coordinates":[-70.506126,43.131394]},"properties":{"objtype":"SOUNDG","valsou":17.0,"chart":"US4NH1BD"}},{"type":"Feature","geometry":{"type":"Point","coordinates":[-70.505275,43.118922]},"properties":{"objtype":"SOUNDG","valsou":19.5,"chart":"US4NH1BD"}},{"type":"Feature","geometry":{"type":"Point","coordinates":[-70.504126,43.108375]},"properties":{"objtype":"SOUNDG","valsou":46.0,"chart":"US4NH1BD"}},{"type":"Feature","geometry":{"type":"Point","coordinates":[-70.503099,43.114396]},"properties":{"objtype":"SOUNDG","valsou":48.1,"chart":"US4NH1BD"}},{"type":"Feature","geometry":{"type":"Point","coordinates":[-70.502264,43.128294]},"properties":{"objtype":"SOUNDG","valsou":16.4,"chart":"US4NH1BD"}},{"type":"Feature","geometry":{"type":"Point","coordinates":[-70.500379,43.100228]},"properties":{"objtype":"SOUNDG","valsou":42.3,"chart":"US4NH1BD"}},{"type":"Feature","geometry":{"type":"Point","coordinates":[-70.500198,43.10895]},"properties":{"objtype":"SOUNDG","valsou":22.2,"chart":"US4NH1BD"}},{"type":"Feature","geometry":{"type":"Point","coordinates":[-70.62877,43.034459]},"properties":{"objtype":"SOUNDG","valsou":29.5,"chart":"US4NH1BD"}},{"type":"Feature","geometry":{"type":"Point","coordinates":[-70.578362,43.087635]},"properties":{"objtype":"SOUNDG","valsou":32.0,"chart":"US4NH1BD"}},{"type":"Feature","geometry":{"type":"Point","coordinates":[-70.576024,43.101466]},"properties":{"objtype":"SOUNDG","valsou":20.1,"chart":"US5PSMCE"}},{"type":"Feature","geometry":{"type":"Point","coordinates":[-70.567345,43.111205]},"properties":{"objtype":"SOUNDG","valsou":25.2,"chart":"US5NH02M"}},{"type":"Feature","geometry":{"type":"Point","coordinates":[-70.546364,43.109078]},"properties":{"objtype":"SOUNDG","valsou":31.6,"chart":"US4NH1BD"}},{"type":"Feature","geometry":{"type":"Point","coordinates":[-70.539497,43.117771]},"properties":{"objtype":"SOUNDG","valsou":31.3,"chart":"US4NH1BD"}},{"type":"Feature","geometry":{"type":"Point","coordinates":[-70.532896,43.122924]},"properties":{"objtype":"SOUNDG","valsou":32.9,"chart":"US4NH1BD"}},{"type":"Feature","geometry":{"type":"Point","coordinates":[-70.530761,43.129154]},"properties":{"objtype":"SOUNDG","valsou":32.6,"chart":"US4NH1BD"}},{"type":"Feature","geometry":{"type":"Point","coordinates":[-70.565123,43.051691]},"properties":{"objtype":"SOUNDG","valsou":19.5,"chart":"US4NH1BD"}},{"type":"Feature","geometry":{"type":"Point","coordinates":[-70.564492,43.069876]},"properties":{"objtype":"SOUNDG","valsou":15.5,"chart":"US4NH1BD"}},{"type":"Feature","geometry":{"type":"Point","coordinates":[-70.56313,43.003981]},"properties":{"objtype":"SOUNDG","valsou":53.6,"chart":"US4NH1BD"}},{"type":"Feature","geometry":{"type":"Point","coordinates":[-70.56313,43.012969]},"properties":{"objtype":"SOUNDG","valsou":51.2,"chart":"US4NH1BD"}},{"type":"Feature","geometry":{"type":"Point","coordinates":[-70.561941,43.018996]},"properties":{"objtype":"SOUNDG","valsou":36.8,"chart":"US4NH1BD"}},{"type":"Feature","geometry":{"type":"Point","coordinates":[-70.561509,43.034614]},"properties":{"objtype":"SOUNDG","valsou":60.3,"chart":"US4NH1BD"}},{"type":"Feature","geometry":{"type":"Point","coordinates":[-70.561449,43.063735]},"properties":{"objtype":"SOUNDG","valsou":29.2,"chart":"US4NH1BD"}},{"type":"Feature","geometry":{"type":"Point","coordinates":[-70.561017,43.044505]},"properties":{"objtype":"SOUNDG","valsou":28.3,"chart":"US4NH1BD"}},{"type":"Feature","geometry":{"type":"Point","coordinates":[-70.560212,43.029911]},"properties":{"objtype":"SOUNDG","valsou":56.6,"chart":"US4NH1BD"}},{"type":"Feature","geometry":{"type":"Point","coordinates":[-70.559744,43.015983]},"properties":{"objtype":"SOUNDG","valsou":47.2,"chart":"US4NH1BD"}},{"type":"Feature","geometry":{"type":"Point","coordinates":[-70.559672,43.039846]},"properties":{"objtype":"SOUNDG","valsou":39.6,"chart":"US4NH1BD"}},{"type":"Feature","geometry":{"type":"Point","coordinates":[-70.559396,43.051585]},"properties":{"objtype":"SOUNDG","valsou":30.7,"chart":"US4NH1BD"}},{"type":"Feature","geometry":{"type":"Point","coordinates":[-70.559108,43.060038]},"properties":{"objtype":"SOUNDG","valsou":24.6,"chart":"US4NH1BD"}},{"type":"Feature","geometry":{"type":"Point","coordinates":[-70.558784,43.048124]},"properties":{"objtype":"SOUNDG","valsou":41.4,"chart":"US4NH1BD"}},{"type":"Feature","geometry":{"type":"Point","coordinates":[-70.557979,43.008899]},"properties":{"objtype":"SOUNDG","valsou":42.0,"chart":"US4NH1BD"}},{"type":"Feature","geometry":{"type":"Point","coordinates":[-70.557847,43.055151]},"properties":{"objtype":"SOUNDG","valsou":46.6,"chart":"US4NH1BD"}},{"type":"Feature","geometry":{"type":"Point","coordinates":[-70.557451,43.063551]},"properties":{"objtype":"SOUNDG","valsou":48.7,"chart":"US4NH1BD"}},{"type":"Feature","geometry":{"type":"Point","coordinates":[-70.556574,43.02148]},"properties":{"objtype":"SOUNDG","valsou":36.8,"chart":"US4NH1BD"}},{"type":"Feature","geometry":{"type":"Point","coordinates":[-70.556538,43.00525]},"properties":{"objtype":"SOUNDG","valsou":53.9,"chart":"US4NH1BD"}},{"type":"Feature","geometry":{"type":"Point","coordinates":[-70.556034,43.026158]},"properties":{"objtype":"SOUNDG","valsou":56.9,"chart":"US4NH1BD"}},{"type":"Feature","geometry":{"type":"Point","coordinates":[-70.55601,43.059509]},"properties":{"objtype":"SOUNDG","valsou":35.0,"chart":"US4NH1BD"}},{"type":"Feature","geometry":{"type":"Point","coordinates":[-70.555097,43.016036]},"properties":{"objtype":"SOUNDG","valsou":63.7,"chart":"US4NH1BD"}},{"type":"Feature","geometry":{"type":"Point","coordinates":[-70.554809,43.030519]},"properties":{"objtype":"SOUNDG","valsou":58.8,"chart":"US4NH1BD"}},{"type":"Feature","geometry":{"type":"Point","coordinates":[-70.553693,43.035249]},"properties":{"objtype":"SOUNDG","valsou":46.6,"chart":"US4NH1BD"}},{"type":"Feature","geometry":{"type":"Point","coordinates":[-70.552048,43.045509]},"properties":{"objtype":"SOUNDG","valsou":47.8,"chart":"US4NH1BD"}},{"type":"Feature","geometry":{"type":"Point","coordinates":[-70.551832,43.061675]},"properties":{"objtype":"SOUNDG","valsou":41.7,"chart":"US4NH1BD"}},{"type":"Feature","geometry":{"type":"Point","coordinates":[-70.551711,43.008951]},"properties":{"objtype":"SOUNDG","valsou":65.2,"chart":"US4NH1BD"}},{"type":"Feature","geometry":{"type":"Point","coordinates":[-70.550967,43.05531]},"properties":{"objtype":"SOUNDG","valsou":37.1,"chart":"US4NH1BD"}},{"type":"Feature","geometry":{"type":"Point","coordinates":[-70.550607,43.050766]},"properties":{"objtype":"SOUNDG","valsou":48.7,"chart":"US4NH1BD"}},{"type":"Feature","geometry":{"type":"Point","coordinates":[-70.550162,43.013974]},"properties":{"objtype":"SOUNDG","valsou":57.9,"chart":"US4NH1BD"}},{"type":"Feature","geometry":{"type":"Point","coordinates":[-70.54991,43.024784]},"properties":{"objtype":"SOUNDG","valsou":40.5,"chart":"US4NH1BD"}},{"type":"Feature","geometry":{"type":"Point","coordinates":[-70.54937,43.038023]},"properties":{"objtype":"SOUNDG","valsou":52.4,"chart":"US4NH1BD"}},{"type":"Feature","geometry":{"type":"Point","coordinates":[-70.548974,43.020185]},"properties":{"objtype":"SOUNDG","valsou":59.7,"chart":"US4NH1BD"}},{"type":"Feature","geometry":{"type":"Point","coordinates":[-70.547425,43.032553]},"properties":{"objtype":"SOUNDG","valsou":43.8,"chart":"US4NH1BD"}},{"type":"Feature","geometry":{"type":"Point","coordinates":[-70.547149,43.05803]},"properties":{"objtype":"SOUNDG","valsou":35.3,"chart":"US4NH1BD"}},{"type":"Feature","geometry":{"type":"Point","coordinates":[-70.546609,43.053196]},"properties":{"objtype":"SOUNDG","valsou":42.3,"chart":"US4NH1BD"}},{"type":"Feature","geometry":{"type":"Point","coordinates":[-70.544111,43.023806]},"properties":{"objtype":"SOUNDG","valsou":67.6,"chart":"US4NH1BD"}},{"type":"Feature","geometry":{"type":"Point","coordinates":[-70.542178,43.045747]},"properties":{"objtype":"SOUNDG","valsou":38.1,"chart":"US4NH1BD"}},{"type":"Feature","geometry":{"type":"Point","coordinates":[-70.542166,43.027374]},"properties":{"objtype":"SOUNDG","valsou":52.7,"chart":"US4NH1BD"}},{"type":"Feature","geometry":{"type":"Point","coordinates":[-70.541554,43.018361]},"properties":{"objtype":"SOUNDG","valsou":68.2,"chart":"US4NH1BD"}},{"type":"Feature","geometry":{"type":"Point","coordinates":[-70.541313,43.05177]},"properties":{"objtype":"SOUNDG","valsou":47.5,"chart":"US4NH1BD"}},{"type":"Feature","geometry":{"type":"Point","coordinates":[-70.540149,43.035407]},"properties":{"objtype":"SOUNDG","valsou":32.9,"chart":"US4NH1BD"}},{"type":"Feature","geometry":{"type":"Point","coordinates":[-70.537711,43.042708]},"properties":{"objtype":"SOUNDG","valsou":45.1,"chart":"US4NH1BD"}},{"type":"Feature","geometry":{"type":"Point","coordinates":[-70.536511,43.032051]},"properties":{"objtype":"SOUNDG","valsou":49.3,"chart":"US4NH1BD"}},{"type":"Feature","geometry":{"type":"Point","coordinates":[-70.535478,43.03827]},"properties":{"objtype":"SOUNDG","valsou":28.9,"chart":"US4NH1BD"}},{"type":"Feature","geometry":{"type":"Point","coordinates":[-70.535442,43.049551]},"properties":{"objtype":"SOUNDG","valsou":48.7,"chart":"US4NH1BD"}},{"type":"Feature","geometry":{"type":"Point","coordinates":[-70.534926,43.025577]},"properties":{"objtype":"SOUNDG","valsou":53.6,"chart":"US4NH1BD"}},{"type":"Feature","geometry":{"type":"Point","coordinates":[-70.533701,43.035909]},"properties":{"objtype":"SOUNDG","valsou":45.7,"chart":"US4NH1BD"}},{"type":"Feature","geometry":{"type":"Point","coordinates":[-70.530759,43.040965]},"properties":{"objtype":"SOUNDG","valsou":43.2,"chart":"US4NH1BD"}},{"type":"Feature","geometry":{"type":"Point","coordinates":[-70.530135,43.028378]},"properties":{"objtype":"SOUNDG","valsou":60.0,"chart":"US4NH1BD"}},{"type":"Feature","geometry":{"type":"Point","coordinates":[-70.529126,43.031364]},"properties":{"objtype":"SOUNDG","valsou":52.7,"chart":"US4NH1BD"}},{"type":"Feature","geometry":{"type":"Point","coordinates":[-70.525536,43.035627]},"properties":{"objtype":"SOUNDG","valsou":72.2,"chart":"US4NH1BD"}},{"type":"Feature","geometry":{"type":"Point","coordinates":[-70.522655,43.044373]},"properties":{"objtype":"SOUNDG","valsou":30.1,"chart":"US4NH1BD"}},{"type":"Feature","geometry":{"type":"Point","coordinates":[-70.517252,43.039168]},"properties":{"objtype":"SOUNDG","valsou":57.6,"chart":"US4NH1BD"}},{"type":"Feature","geometry":{"type":"Point","coordinates":[-70.563526,43.007048]},"properties":{"objtype":"SOUNDG","valsou":62.4,"chart":"US4NH1BD"}},{"type":"Feature","geometry":{"type":"Point","coordinates":[-70.563394,43.061992]},"properties":{"objtype":"SOUNDG","valsou":42.0,"chart":"US4NH1BD"}},{"type":"Feature","geometry":{"type":"Point","coordinates":[-70.556262,43.045403]},"properties":{"objtype":"SOUNDG","valsou":60.3,"chart":"US4NH1BD"}},{"type":"Feature","geometry":{"type":"Point","coordinates":[-70.546861,43.04107]},"properties":{"objtype":"SOUNDG","valsou":61.2,"chart":"US4NH1BD"}},{"type":"Feature","geometry":{"type":"Point","coordinates":[-70.545132,43.048864]},"properties":{"objtype":"SOUNDG","valsou":55.7,"chart":"US4NH1BD"}},{"type":"Feature","geometry":{"type":"Point","coordinates":[-70.528742,43.044294]},"properties":{"objtype":"SOUNDG","valsou":68.2,"chart":"US4NH1BD"}},{"type":"Feature","geometry":{"type":"Point","coordinates":[-70.526113,43.039617]},"properties":{"objtype":"SOUNDG","valsou":71.9,"chart":"US4NH1BD"}},{"type":"Feature","geometry":{"type":"Point","coordinates":[-70.622689,43.14615]},"properties":{"objtype":"SOUNDG","valsou":1.5,"chart":"US4NH1BD"}},{"type":"Feature","geometry":{"type":"Point","coordinates":[-70.620685,43.154386]},"properties":{"objtype":"SOUNDG","valsou":0.9,"chart":"US4NH1BD"}},{"type":"Feature","geometry":{"type":"Point","coordinates":[-70.619407,43.139298]},"properties":{"objtype":"SOUNDG","valsou":2.7,"chart":"US4NH1BD"}},{"type":"Feature","geometry":{"type":"Point","coordinates":[-70.619407,43.148293]},"properties":{"objtype":"SOUNDG","valsou":4.5,"chart":"US4NH1BD"}},{"type":"Feature","geometry":{"type":"Point","coordinates":[-70.618255,43.154816]},"properties":{"objtype":"SOUNDG","valsou":2.4,"chart":"US4NH1BD"}},{"type":"Feature","geometry":{"type":"Point","coordinates":[-70.617172,43.143543]},"properties":{"objtype":"SOUNDG","valsou":6.7,"chart":"US4NH1BD"}},{"type":"Feature","geometry":{"type":"Point","coordinates":[-70.61633,43.148178]},"properties":{"objtype":"SOUNDG","valsou":6.7,"chart":"US4NH1BD"}},{"type":"Feature","geometry":{"type":"Point","coordinates":[-70.616318,43.137815]},"properties":{"objtype":"SOUNDG","valsou":10.0,"chart":"US4NH1BD"}},{"type":"Feature","geometry":{"type":"Point","coordinates":[-70.616297,43.13488]},"properties":{"objtype":"SOUNDG","valsou":11.8,"chart":"US4NH1BD"}},{"type":"Feature","geometry":{"type":"Point","coordinates":[-70.615812,43.159946]},"properties":{"objtype":"SOUNDG","valsou":2.7,"chart":"US4NH1BD"}},{"type":"Feature","geometry":{"type":"Point","coordinates":[-70.613576,43.156554]},"properties":{"objtype":"SOUNDG","valsou":3.9,"chart":"US4NH1BD"}},{"type":"Feature","geometry":{"type":"Point","coordinates":[-70.612878,43.153231]},"properties":{"objtype":"SOUNDG","valsou":5.7,"chart":"US4NH1BD"}},{"type":"Feature","geometry":{"type":"Point","coordinates":[-70.612674,43.161539]},"properties":{"objtype":"SOUNDG","valsou":5.1,"chart":"US4NH1BD"}},{"type":"Feature","geometry":{"type":"Point","coordinates":[-70.612636,43.141681]},"properties":{"objtype":"SOUNDG","valsou":13.7,"chart":"US4NH1BD"}},{"type":"Feature","geometry":{"type":"Point","coordinates":[-70.611947,43.146614]},"properties":{"objtype":"SOUNDG","valsou":10.0,"chart":"US4NH1BD"}},{"type":"Feature","geometry":{"type":"Point","coordinates":[-70.610088,43.151204]},"properties":{"objtype":"SOUNDG","valsou":5.7,"chart":"US4NH1BD"}},{"type":"Feature","geometry":{"type":"Point","coordinates":[-70.609937,43.165393]},"properties":{"objtype":"SOUNDG","valsou":3.0,"chart":"US4NH1BD"}},{"type":"Feature","geometry":{"type":"Point","coordinates":[-70.609518,43.154005]},"properties":{"objtype":"SOUNDG","valsou":9.4,"chart":"US4NH1BD"}},{"type":"Feature","geometry":{"type":"Point","coordinates":[-70.609488,43.137642]},"properties":{"objtype":"SOUNDG","valsou":15.5,"chart":"US4NH1BD"}},{"type":"Feature","geometry":{"type":"Point","coordinates":[-70.60908,43.159497]},"properties":{"objtype":"SOUNDG","valsou":7.9,"chart":"US4NH1BD"}},{"type":"Feature","geometry":{"type":"Point","coordinates":[-70.607529,43.147478]},"properties":{"objtype":"SOUNDG","valsou":12.4,"chart":"US4NH1BD"}},{"type":"Feature","geometry":{"type":"Point","coordinates":[-70.603273,43.164092]},"properties":{"objtype":"SOUNDG","valsou":7.3,"chart":"US4NH1BD"}},{"type":"Feature","geometry":{"type":"Point","coordinates":[-70.603232,43.148884]},"properties":{"objtype":"SOUNDG","valsou":9.4,"chart":"US4NH1BD"}},{"type":"Feature","geometry":{"type":"Point","coordinates":[-70.602389,43.155796]},"properties":{"objtype":"SOUNDG","valsou":14.3,"chart":"US4NH1BD"}},{"type":"Feature","geometry":{"type":"Point","coordinates":[-70.601716,43.177666]},"properties":{"objtype":"SOUNDG","valsou":7.6,"chart":"US4NH1BD"}},{"type":"Feature","geometry":{"type":"Point","coordinates":[-70.598123,43.141996]},"properties":{"objtype":"SOUNDG","valsou":14.3,"chart":"US4NH1BD"}},{"type":"Feature","geometry":{"type":"Point","coordinates":[-70.59611,43.16007]},"properties":{"objtype":"SOUNDG","valsou":14.6,"chart":"US4NH1BD"}},{"type":"Feature","geometry":{"type":"Point","coordinates":[-70.593822,43.147594]},"properties":{"objtype":"SOUNDG","valsou":16.4,"chart":"US4NH1BD"}},{"type":"Feature","geometry":{"type":"Point","coordinates":[-70.585977,43.163468]},"properties":{"objtype":"SOUNDG","valsou":23.4,"chart":"US4NH1BD"}},{"type":"Feature","geometry":{"type":"Point","coordinates":[-70.585799,43.135744]},"properties":{"objtype":"SOUNDG","valsou":21.9,"chart":"US4NH1BD"}},{"type":"Feature","geometry":{"type":"Point","coordinates":[-70.583963,43.153688]},"properties":{"objtype":"SOUNDG","valsou":23.4,"chart":"US4NH1BD"}},{"type":"Feature","geometry":{"type":"Point","coordinates":[-70.710954,43.048602]},"properties":{"objtype":"SOUNDG","valsou":6.4,"chart":"US5PSMBD"}},{"type":"Feature","geometry":{"type":"Point","coordinates":[-70.696336,43.056767]},"properties":{"objtype":"SOUNDG","valsou":6.0,"chart":"US4NH1BD"}},{"type":"Feature","geometry":{"type":"Point","coordinates":[-70.622323,43.12959]},"properties":{"objtype":"SOUNDG","valsou":9.4,"chart":"US4NH1BD"}},{"type":"Feature","geometry":{"type":"Point","coordinates":[-70.615253,43.130538]},"properties":{"objtype":"SOUNDG","valsou":13.4,"chart":"US4NH1BD"}},{"type":"Feature","geometry":{"type":"Point","coordinates":[-70.611498,43.068947]},"properties":{"objtype":"SOUNDG","valsou":9.1,"chart":"US5PSMCE"}},{"type":"Feature","geometry":{"type":"Point","coordinates":[-70.598067,43.066798]},"properties":{"objtype":"SOUNDG","valsou":21.6,"chart":"US5PSMCE"}},{"type":"Feature","geometry":{"type":"Point","coordinates":[-70.605217,43.141002]},"properties":{"objtype":"SOUNDG","valsou":14.9,"chart":"US4NH1BD"}},{"type":"Feature","geometry":{"type":"Point","coordinates":[-70.604319,43.175838]},"properties":{"objtype":"SOUNDG","valsou":3.0,"chart":"US4NH1BD"}},{"type":"Feature","geometry":{"type":"Point","coordinates":[-70.60361,43.135875]},"properties":{"objtype":"SOUNDG","valsou":15.8,"chart":"US4NH1BD"}},{"type":"Feature","geometry":{"type":"Point","coordinates":[-70.601288,43.146417]},"properties":{"objtype":"SOUNDG","valsou":11.2,"chart":"US4NH1BD"}},{"type":"Feature","geometry":{"type":"Point","coordinates":[-70.598573,43.15034]},"properties":{"objtype":"SOUNDG","valsou":15.5,"chart":"US4NH1BD"}},{"type":"Feature","geometry":{"type":"Point","coordinates":[-70.596394,43.177012]},"properties":{"objtype":"SOUNDG","valsou":11.8,"chart":"US4NH1BD"}},{"type":"Feature","geometry":{"type":"Point","coordinates":[-70.59405,43.137837]},"properties":{"objtype":"SOUNDG","valsou":20.7,"chart":"US4NH1BD"}},{"type":"Feature","geometry":{"type":"Point","coordinates":[-70.593322,43.173326]},"properties":{"objtype":"SOUNDG","valsou":15.8,"chart":"US4NH1BD"}},{"type":"Feature","geometry":{"type":"Point","coordinates":[-70.592286,43.155309]},"properties":{"objtype":"SOUNDG","valsou":14.3,"chart":"US4NH1BD"}},{"type":"Feature","geometry":{"type":"Point","coordinates":[-70.592,43.151282]},"properties":{"objtype":"SOUNDG","valsou":18.5,"chart":"US4NH1BD"}},{"type":"Feature","geometry":{"type":"Point","coordinates":[-70.589785,43.158997]},"properties":{"objtype":"SOUNDG","valsou":22.2,"chart":"US4NH1BD"}},{"type":"Feature","geometry":{"type":"Point","coordinates":[-70.589621,43.169796]},"properties":{"objtype":"SOUNDG","valsou":19.5,"chart":"US4NH1BD"}},{"type":"Feature","geometry":{"type":"Point","coordinates":[-70.588406,43.140374]},"properties":{"objtype":"SOUNDG","valsou":22.5,"chart":"US4NH1BD"}},{"type":"Feature","geometry":{"type":"Point","coordinates":[-70.588205,43.188645]},"properties":{"objtype":"SOUNDG","valsou":17.6,"chart":"US4NH1BD"}},{"type":"Feature","geometry":{"type":"Point","coordinates":[-70.587228,43.175679]},"properties":{"objtype":"SOUNDG","valsou":22.8,"chart":"US4NH1BD"}},{"type":"Feature","geometry":{"type":"Point","coordinates":[-70.585906,43.14503]},"properties":{"objtype":"SOUNDG","valsou":20.7,"chart":"US4NH1BD"}},{"type":"Feature","geometry":{"type":"Point","coordinates":[-70.584061,43.194813]},"properties":{"objtype":"SOUNDG","valsou":20.7,"chart":"US4NH1BD"}},{"type":"Feature","geometry":{"type":"Point","coordinates":[-70.581418,43.191494]},"properties":{"objtype":"SOUNDG","valsou":22.2,"chart":"US4NH1BD"}},{"type":"Feature","geometry":{"type":"Point","coordinates":[-70.581262,43.167574]},"properties":{"objtype":"SOUNDG","valsou":29.2,"chart":"US4NH1BD"}},{"type":"Feature","geometry":{"type":"Point","coordinates":[-70.580739,43.18543]},"properties":{"objtype":"SOUNDG","valsou":22.5,"chart":"US4NH1BD"}},{"type":"Feature","geometry":{"type":"Point","coordinates":[-70.580262,43.176228]},"properties":{"objtype":"SOUNDG","valsou":22.8,"chart":"US4NH1BD"}},{"type":"Feature","geometry":{"type":"Point","coordinates":[-70.579726,43.163782]},"properties":{"objtype":"SOUNDG","valsou":21.3,"chart":"US4NH1BD"}},{"type":"Feature","geometry":{"type":"Point","coordinates":[-70.57919,43.1517]},"properties":{"objtype":"SOUNDG","valsou":17.3,"chart":"US4NH1BD"}},{"type":"Feature","geometry":{"type":"Point","coordinates":[-70.579047,43.160357]},"properties":{"objtype":"SOUNDG","valsou":17.6,"chart":"US4NH1BD"}},{"type":"Feature","geometry":{"type":"Point","coordinates":[-70.578226,43.173509]},"properties":{"objtype":"SOUNDG","valsou":24.0,"chart":"US4NH1BD"}},{"type":"Feature","geometry":{"type":"Point","coordinates":[-70.57744,43.140217]},"properties":{"objtype":"SOUNDG","valsou":23.7,"chart":"US4NH1BD"}},{"type":"Feature","geometry":{"type":"Point","coordinates":[-70.576845,43.180385]},"properties":{"objtype":"SOUNDG","valsou":20.7,"chart":"US4NH1BD"}},{"type":"Feature","geometry":{"type":"Point","coordinates":[-70.576475,43.150183]},"properties":{"objtype":"SOUNDG","valsou":22.8,"chart":"US4NH1BD"}},{"type":"Feature","geometry":{"type":"Point","coordinates":[-70.576453,43.186318]},"properties":{"objtype":"SOUNDG","valsou":21.3,"chart":"US4NH1BD"}},{"type":"Feature","geometry":{"type":"Point","coordinates":[-70.575131,43.195597]},"properties":{"objtype":"SOUNDG","valsou":21.9,"chart":"US4NH1BD"}},{"type":"Feature","geometry":{"type":"Point","coordinates":[-70.575046,43.164514]},"properties":{"objtype":"SOUNDG","valsou":33.2,"chart":"US4NH1BD"}},{"type":"Feature","geometry":{"type":"Point","coordinates":[-70.574118,43.156826]},"properties":{"objtype":"SOUNDG","valsou":27.1,"chart":"US4NH1BD"}},{"type":"Feature","geometry":{"type":"Point","coordinates":[-70.573582,43.168489]},"properties":{"objtype":"SOUNDG","valsou":21.0,"chart":"US4NH1BD"}},{"type":"Feature","geometry":{"type":"Point","coordinates":[-70.570296,43.175992]},"properties":{"objtype":"SOUNDG","valsou":22.2,"chart":"US4NH1BD"}},{"type":"Feature","geometry":{"type":"Point","coordinates":[-70.570081,43.136581]},"properties":{"objtype":"SOUNDG","valsou":24.9,"chart":"US4NH1BD"}},{"type":"Feature","geometry":{"type":"Point","coordinates":[-70.570023,43.180724]},"properties":{"objtype":"SOUNDG","valsou":19.5,"chart":"US4NH1BD"}},{"type":"Feature","geometry":{"type":"Point","coordinates":[-70.56976,43.152511]},"properties":{"objtype":"SOUNDG","valsou":26.8,"chart":"US4NH1BD"}},{"type":"Feature","geometry":{"type":"Point","coordinates":[-70.569653,43.171705]},"properties":{"objtype":"SOUNDG","valsou":21.3,"chart":"US4NH1BD"}},{"type":"Feature","geometry":{"type":"Point","coordinates":[-70.569474,43.160827]},"properties":{"objtype":"SOUNDG","valsou":26.8,"chart":"US4NH1BD"}},{"type":"Feature","geometry":{"type":"Point","coordinates":[-70.569224,43.143226]},"properties":{"objtype":"SOUNDG","valsou":21.9,"chart":"US4NH1BD"}},{"type":"Feature","geometry":{"type":"Point","coordinates":[-70.568944,43.197139]},"properties":{"objtype":"SOUNDG","valsou":24.0,"chart":"US4NH1BD"}},{"type":"Feature","geometry":{"type":"Point","coordinates":[-70.568831,43.163991]},"properties":{"objtype":"SOUNDG","valsou":24.3,"chart":"US4NH1BD"}},{"type":"Feature","geometry":{"type":"Point","coordinates":[-70.568701,43.189534]},"properties":{"objtype":"SOUNDG","valsou":23.1,"chart":"US4NH1BD"}},{"type":"Feature","geometry":{"type":"Point","coordinates":[-70.568188,43.158369]},"properties":{"objtype":"SOUNDG","valsou":29.2,"chart":"US4NH1BD"}},{"type":"Feature","geometry":{"type":"Point","coordinates":[-70.567415,43.184672]},"properties":{"objtype":"SOUNDG","valsou":27.1,"chart":"US4NH1BD"}},{"type":"Feature","geometry":{"type":"Point","coordinates":[-70.563473,43.166868]},"properties":{"objtype":"SOUNDG","valsou":22.5,"chart":"US4NH1BD"}},{"type":"Feature","geometry":{"type":"Point","coordinates":[-70.562514,43.199413]},"properties":{"objtype":"SOUNDG","valsou":28.6,"chart":"US4NH1BD"}},{"type":"Feature","geometry":{"type":"Point","coordinates":[-70.562115,43.146731]},"properties":{"objtype":"SOUNDG","valsou":29.8,"chart":"US4NH1BD"}},{"type":"Feature","geometry":{"type":"Point","coordinates":[-70.560901,43.1796]},"properties":{"objtype":"SOUNDG","valsou":25.2,"chart":"US4NH1BD"}},{"type":"Feature","geometry":{"type":"Point","coordinates":[-70.55852,43.195963]},"properties":{"objtype":"SOUNDG","valsou":28.9,"chart":"US4NH1BD"}},{"type":"Feature","geometry":{"type":"Point","coordinates":[-70.558222,43.175705]},"properties":{"objtype":"SOUNDG","valsou":23.1,"chart":"US4NH1BD"}},{"type":"Feature","geometry":{"type":"Point","coordinates":[-70.558186,43.150837]},"properties":{"objtype":"SOUNDG","valsou":26.8,"chart":"US4NH1BD"}},{"type":"Feature","geometry":{"type":"Point","coordinates":[-70.556305,43.190501]},"properties":{"objtype":"SOUNDG","valsou":31.3,"chart":"US4NH1BD"}},{"type":"Feature","geometry":{"type":"Point","coordinates":[-70.556221,43.165534]},"properties":{"objtype":"SOUNDG","valsou":34.1,"chart":"US4NH1BD"}},{"type":"Feature","geometry":{"type":"Point","coordinates":[-70.556185,43.171522]},"properties":{"objtype":"SOUNDG","valsou":30.4,"chart":"US4NH1BD"}},{"type":"Feature","geometry":{"type":"Point","coordinates":[-70.555828,43.141944]},"properties":{"objtype":"SOUNDG","valsou":34.7,"chart":"US4NH1BD"}},{"type":"Feature","geometry":{"type":"Point","coordinates":[-70.554877,43.185325]},"properties":{"objtype":"SOUNDG","valsou":28.9,"chart":"US4NH1BD"}},{"type":"Feature","geometry":{"type":"Point","coordinates":[-70.554078,43.150863]},"properties":{"objtype":"SOUNDG","valsou":32.9,"chart":"US4NH1BD"}},{"type":"Feature","geometry":{"type":"Point","coordinates":[-70.552412,43.194552]},"properties":{"objtype":"SOUNDG","valsou":33.2,"chart":"US4NH1BD"}},{"type":"Feature","geometry":{"type":"Point","coordinates":[-70.551133,43.1997]},"properties":{"objtype":"SOUNDG","valsou":36.5,"chart":"US4NH1BD"}},{"type":"Feature","geometry":{"type":"Point","coordinates":[-70.549756,43.178058]},"properties":{"objtype":"SOUNDG","valsou":31.3,"chart":"US4NH1BD"}},{"type":"Feature","geometry":{"type":"Point","coordinates":[-70.549184,43.155937]},"properties":{"objtype":"SOUNDG","valsou":29.8,"chart":"US4NH1BD"}},{"type":"Feature","geometry":{"type":"Point","coordinates":[-70.548398,43.170999]},"properties":{"objtype":"SOUNDG","valsou":24.9,"chart":"US4NH1BD"}},{"type":"Feature","geometry":{"type":"Point","coordinates":[-70.548268,43.186449]},"properties":{"objtype":"SOUNDG","valsou":26.8,"chart":"US4NH1BD"}},{"type":"Feature","geometry":{"type":"Point","coordinates":[-70.547125,43.191154]},"properties":{"objtype":"SOUNDG","valsou":32.6,"chart":"US4NH1BD"}},{"type":"Feature","geometry":{"type":"Point","coordinates":[-70.547089,43.179809]},"properties":{"objtype":"SOUNDG","valsou":24.6,"chart":"US4NH1BD"}},{"type":"Feature","geometry":{"type":"Point","coordinates":[-70.545862,43.140139]},"properties":{"objtype":"SOUNDG","valsou":16.7,"chart":"US4NH1BD"}},{"type":"Feature","geometry":{"type":"Point","coordinates":[-70.544912,43.162344]},"properties":{"objtype":"SOUNDG","valsou":28.9,"chart":"US4NH1BD"}},{"type":"Feature","geometry":{"type":"Point","coordinates":[-70.542826,43.14401]},"properties":{"objtype":"SOUNDG","valsou":24.6,"chart":"US4NH1BD"}},{"type":"Feature","geometry":{"type":"Point","coordinates":[-70.542361,43.167966]},"properties":{"objtype":"SOUNDG","valsou":30.1,"chart":"US4NH1BD"}},{"type":"Feature","geometry":{"type":"Point","coordinates":[-70.541702,43.197218]},"properties":{"objtype":"SOUNDG","valsou":29.8,"chart":"US4NH1BD"}},{"type":"Feature","geometry":{"type":"Point","coordinates":[-70.541054,43.153583]},"properties":{"objtype":"SOUNDG","valsou":27.4,"chart":"US4NH1BD"}},{"type":"Feature","geometry":{"type":"Point","coordinates":[-70.540338,43.19267]},"properties":{"objtype":"SOUNDG","valsou":29.5,"chart":"US4NH1BD"}},{"type":"Feature","geometry":{"type":"Point","coordinates":[-70.539718,43.140296]},"properties":{"objtype":"SOUNDG","valsou":22.8,"chart":"US4NH1BD"}},{"type":"Feature","geometry":{"type":"Point","coordinates":[-70.539231,43.187756]},"properties":{"objtype":"SOUNDG","valsou":28.9,"chart":"US4NH1BD"}},{"type":"Feature","geometry":{"type":"Point","coordinates":[-70.538718,43.174293]},"properties":{"objtype":"SOUNDG","valsou":24.0,"chart":"US4NH1BD"}},{"type":"Feature","geometry":{"type":"Point","coordinates":[-70.538159,43.183757]},"properties":{"objtype":"SOUNDG","valsou":25.6,"chart":"US4NH1BD"}},{"type":"Feature","geometry":{"type":"Point","coordinates":[-70.537875,43.148431]},"properties":{"objtype":"SOUNDG","valsou":19.2,"chart":"US4NH1BD"}},{"type":"Feature","geometry":{"type":"Point","coordinates":[-70.537409,43.18062]},"properties":{"objtype":"SOUNDG","valsou":23.7,"chart":"US4NH1BD"}},{"type":"Feature","geometry":{"type":"Point","coordinates":[-70.534773,43.197322]},"properties":{"objtype":"SOUNDG","valsou":32.9,"chart":"US4NH1BD"}},{"type":"Feature","geometry":{"type":"Point","coordinates":[-70.534645,43.168672]},"properties":{"objtype":"SOUNDG","valsou":26.8,"chart":"US4NH1BD"}},{"type":"Feature","geometry":{"type":"Point","coordinates":[-70.534503,43.17628]},"properties":{"objtype":"SOUNDG","valsou":34.7,"chart":"US4NH1BD"}},{"type":"Feature","geometry":{"type":"Point","coordinates":[-70.534288,43.142153]},"properties":{"objtype":"SOUNDG","valsou":17.0,"chart":"US4NH1BD"}},{"type":"Feature","geometry":{"type":"Point","coordinates":[-70.534267,43.160095]},"properties":{"objtype":"SOUNDG","valsou":27.7,"chart":"US4NH1BD"}},{"type":"Feature","geometry":{"type":"Point","coordinates":[-70.534015,43.1922]},"properties":{"objtype":"SOUNDG","valsou":31.0,"chart":"US4NH1BD"}},{"type":"Feature","geometry":{"type":"Point","coordinates":[-70.533788,43.134619]},"properties":{"objtype":"SOUNDG","valsou":21.6,"chart":"US4NH1BD"}},{"type":"Feature","geometry":{"type":"Point","coordinates":[-70.530573,43.174894]},"properties":{"objtype":"SOUNDG","valsou":27.1,"chart":"US4NH1BD"}},{"type":"Feature","geometry":{"type":"Point","coordinates":[-70.529379,43.199648]},"properties":{"objtype":"SOUNDG","valsou":31.6,"chart":"US4NH1BD"}},{"type":"Feature","geometry":{"type":"Point","coordinates":[-70.529359,43.167443]},"properties":{"objtype":"SOUNDG","valsou":34.7,"chart":"US4NH1BD"}},{"type":"Feature","geometry":{"type":"Point","coordinates":[-70.528514,43.190161]},"properties":{"objtype":"SOUNDG","valsou":29.8,"chart":"US4NH1BD"}},{"type":"Feature","geometry":{"type":"Point","coordinates":[-70.52848,43.155859]},"properties":{"objtype":"SOUNDG","valsou":23.4,"chart":"US4NH1BD"}},{"type":"Feature","geometry":{"type":"Point","coordinates":[-70.528264,43.181639]},"properties":{"objtype":"SOUNDG","valsou":24.9,"chart":"US4NH1BD"}},{"type":"Feature","geometry":{"type":"Point","coordinates":[-70.527158,43.148431]},"properties":{"objtype":"SOUNDG","valsou":20.7,"chart":"US4NH1BD"}},{"type":"Feature","geometry":{"type":"Point","coordinates":[-70.526965,43.171862]},"properties":{"objtype":"SOUNDG","valsou":35.6,"chart":"US4NH1BD"}},{"type":"Feature","geometry":{"type":"Point","coordinates":[-70.525656,43.194421]},"properties":{"objtype":"SOUNDG","valsou":31.3,"chart":"US4NH1BD"}},{"type":"Feature","geometry":{"type":"Point","coordinates":[-70.524679,43.16305]},"properties":{"objtype":"SOUNDG","valsou":24.3,"chart":"US4NH1BD"}},{"type":"Feature","geometry":{"type":"Point","coordinates":[-70.524072,43.139511]},"properties":{"objtype":"SOUNDG","valsou":14.0,"chart":"US4NH1BD"}},{"type":"Feature","geometry":{"type":"Point","coordinates":[-70.522321,43.175705]},"properties":{"objtype":"SOUNDG","valsou":36.2,"chart":"US4NH1BD"}},{"type":"Feature","geometry":{"type":"Point","coordinates":[-70.522156,43.184959]},"properties":{"objtype":"SOUNDG","valsou":27.7,"chart":"US4NH1BD"}},{"type":"Feature","geometry":{"type":"Point","coordinates":[-70.521913,43.19855]},"properties":{"objtype":"SOUNDG","valsou":29.2,"chart":"US4NH1BD"}},{"type":"Feature","geometry":{"type":"Point","coordinates":[-70.521906,43.190004]},"properties":{"objtype":"SOUNDG","valsou":28.9,"chart":"US4NH1BD"}},{"type":"Feature","geometry":{"type":"Point","coordinates":[-70.521464,43.142415]},"properties":{"objtype":"SOUNDG","valsou":21.0,"chart":"US4NH1BD"}},{"type":"Feature","geometry":{"type":"Point","coordinates":[-70.519312,43.180019]},"properties":{"objtype":"SOUNDG","valsou":35.9,"chart":"US4NH1BD"}},{"type":"Feature","geometry":{"type":"Point","coordinates":[-70.51712,43.149869]},"properties":{"objtype":"SOUNDG","valsou":21.3,"chart":"US4NH1BD"}},{"type":"Feature","geometry":{"type":"Point","coordinates":[-70.516204,43.187887]},"properties":{"objtype":"SOUNDG","valsou":30.7,"chart":"US4NH1BD"}},{"type":"Feature","geometry":{"type":"Point","coordinates":[-70.516142,43.175705]},"properties":{"objtype":"SOUNDG","valsou":22.2,"chart":"US4NH1BD"}},{"type":"Feature","geometry":{"type":"Point","coordinates":[-70.515941,43.138726]},"properties":{"objtype":"SOUNDG","valsou":28.3,"chart":"US4NH1BD"}},{"type":"Feature","geometry":{"type":"Point","coordinates":[-70.515626,43.197113]},"properties":{"objtype":"SOUNDG","valsou":32.0,"chart":"US4NH1BD"}},{"type":"Feature","geometry":{"type":"Point","coordinates":[-70.515549,43.142598]},"properties":{"objtype":"SOUNDG","valsou":16.7,"chart":"US4NH1BD"}},{"type":"Feature","geometry":{"type":"Point","coordinates":[-70.51487,43.135038]},"properties":{"objtype":"SOUNDG","valsou":21.6,"chart":"US4NH1BD"}},{"type":"Feature","geometry":{"type":"Point","coordinates":[-70.51482,43.170946]},"properties":{"objtype":"SOUNDG","valsou":29.5,"chart":"US4NH1BD"}},{"type":"Feature","geometry":{"type":"Point","coordinates":[-70.51374,43.192356]},"properties":{"objtype":"SOUNDG","valsou":27.7,"chart":"US4NH1BD"}},{"type":"Feature","geometry":{"type":"Point","coordinates":[-70.513454,43.181221]},"properties":{"objtype":"SOUNDG","valsou":31.3,"chart":"US4NH1BD"}},{"type":"Feature","geometry":{"type":"Point","coordinates":[-70.511941,43.142153]},"properties":{"objtype":"SOUNDG","valsou":29.8,"chart":"US4NH1BD"}},{"type":"Feature","geometry":{"type":"Point","coordinates":[-70.511676,43.163468]},"properties":{"objtype":"SOUNDG","valsou":30.7,"chart":"US4NH1BD"}},{"type":"Feature","geometry":{"type":"Point","coordinates":[-70.50974,43.148745]},"properties":{"objtype":"SOUNDG","valsou":21.9,"chart":"US4NH1BD"}},{"type":"Feature","geometry":{"type":"Point","coordinates":[-70.50831,43.18726]},"properties":{"objtype":"SOUNDG","valsou":34.1,"chart":"US4NH1BD"}},{"type":"Feature","geometry":{"type":"Point","coordinates":[-70.50769,43.175548]},"properties":{"objtype":"SOUNDG","valsou":28.6,"chart":"US4NH1BD"}},{"type":"Feature","geometry":{"type":"Point","coordinates":[-70.505838,43.19923]},"properties":{"objtype":"SOUNDG","valsou":33.5,"chart":"US4NH1BD"}},{"type":"Feature","geometry":{"type":"Point","coordinates":[-70.505725,43.140374]},"properties":{"objtype":"SOUNDG","valsou":22.5,"chart":"US4NH1BD"}},{"type":"Feature","geometry":{"type":"Point","coordinates":[-70.505418,43.155205]},"properties":{"objtype":"SOUNDG","valsou":23.4,"chart":"US4NH1BD"}},{"type":"Feature","geometry":{"type":"Point","coordinates":[-70.504475,43.14503]},"properties":{"objtype":"SOUNDG","valsou":30.1,"chart":"US4NH1BD"}},{"type":"Feature","geometry":{"type":"Point","coordinates":[-70.50438,43.18211]},"properties":{"objtype":"SOUNDG","valsou":28.3,"chart":"US4NH1BD"}},{"type":"Feature","geometry":{"type":"Point","coordinates":[-70.503903,43.136921]},"properties":{"objtype":"SOUNDG","valsou":19.2,"chart":"US4NH1BD"}},{"type":"Feature","geometry":{"type":"Point","coordinates":[-70.500974,43.169142]},"properties":{"objtype":"SOUNDG","valsou":33.2,"chart":"US4NH1BD"}},{"type":"Feature","geometry":{"type":"Point","coordinates":[-70.500203,43.15918]},"properties":{"objtype":"SOUNDG","valsou":32.9,"chart":"US4NH1BD"}},{"type":"Feature","geometry":{"type":"Point","coordinates":[-70.500117,43.141761]},"properties":{"objtype":"SOUNDG","valsou":30.7,"chart":"US4NH1BD"}},{"type":"Feature","geometry":{"type":"Point","coordinates":[-70.614288,43.122561]},"properties":{"objtype":"SOUNDG","valsou":15.5,"chart":"US5PSMCE"}},{"type":"Feature","geometry":{"type":"Point","coordinates":[-70.557533,43.106427]},"properties":{"objtype":"SOUNDG","valsou":32.3,"chart":"US4NH1BD"}},{"type":"Feature","geometry":{"type":"Point","coordinates":[-70.549858,43.101379]},"properties":{"objtype":"SOUNDG","valsou":28.3,"chart":"US4NH1BD"}},{"type":"Feature","geometry":{"type":"Point","coordinates":[-70.518991,43.112714]},"properties":{"objtype":"SOUNDG","valsou":29.8,"chart":"US4NH1BD"}},{"type":"Feature","geometry":{"type":"Point","coordinates":[-70.51307,43.103726]},"properties":{"objtype":"SOUNDG","valsou":52.4,"chart":"US4NH1BD"}},{"type":"Feature","geometry":{"type":"Point","coordinates":[-70.510229,43.113112]},"properties":{"objtype":"SOUNDG","valsou":14.0,"chart":"US4NH1BD"}},{"type":"Feature","geometry":{"type":"Point","coordinates":[-70.506181,43.102752]},"properties":{"objtype":"SOUNDG","valsou":60.9,"chart":"US4NH1BD"}},{"type":"Feature","geometry":{"type":"Point","coordinates":[-70.586433,43.199079]},"properties":{"objtype":"SOUNDG","valsou":1.2,"chart":"US4NH1BD"}},{"type":"Feature","geometry":{"type":"Point","coordinates":[-70.532061,43.186158]},"properties":{"objtype":"SOUNDG","valsou":25.6,"chart":"US4NH1BD"}},{"type":"Feature","geometry":{"type":"Point","coordinates":[-70.519325,43.159106]},"properties":{"objtype":"SOUNDG","valsou":20.7,"chart":"US4NH1BD"}},{"type":"Feature","geometry":{"type":"Point","coordinates":[-70.502487,43.192173]},"properties":{"objtype":"SOUNDG","valsou":31.3,"chart":"US4NH1BD"}},{"type":"Feature","geometry":{"type":"Point","coordinates":[-70.703472,43.052403]},"properties":{"objtype":"SOUNDG","valsou":10.0,"chart":"US4NH1BD"}},{"type":"Feature","geometry":{"type":"Point","coordinates":[-70.559829,43.159101]},"properties":{"objtype":"SOUNDG","valsou":38.7,"chart":"US4NH1BD"}},{"type":"Feature","geometry":{"type":"Point","coordinates":[-70.536789,43.138229]},"properties":{"objtype":"SOUNDG","valsou":28.0,"chart":"US4NH1BD"}},{"type":"Feature","geometry":{"type":"Point","coordinates":[-70.50076,43.174084]},"properties":{"objtype":"SOUNDG","valsou":38.1,"chart":"US4NH1BD"}},{"type":"Feature","geometry":{"type":"Point","coordinates":[-70.600959,43.186108]},"properties":{"objtype":"SOUNDG","valsou":5.1,"chart":"US4NH1BD"}},{"type":"Feature","geometry":{"type":"Point","coordinates":[-70.766103,42.909404]},"properties":{"objtype":"SOUNDG","valsou":6.0,"chart":"US5NH1AE"}},{"type":"Feature","geometry":{"type":"Point","coordinates":[-70.498689,42.984216]},"properties":{"objtype":"SOUNDG","valsou":83.2,"chart":"US4NH1BE"}},{"type":"Feature","geometry":{"type":"Point","coordinates":[-70.498244,42.919529]},"properties":{"objtype":"SOUNDG","valsou":102.4,"chart":"US4NH1BE"}},{"type":"Feature","geometry":{"type":"Point","coordinates":[-70.497468,43.035402]},"properties":{"objtype":"SOUNDG","valsou":71.0,"chart":"US4NH1BE"}},{"type":"Feature","geometry":{"type":"Point","coordinates":[-70.497363,42.998271]},"properties":{"objtype":"SOUNDG","valsou":74.3,"chart":"US4NH1BE"}},{"type":"Feature","geometry":{"type":"Point","coordinates":[-70.496739,43.063988]},"properties":{"objtype":"SOUNDG","valsou":71.6,"chart":"US4NH1BE"}},{"type":"Feature","geometry":{"type":"Point","coordinates":[-70.495864,43.005389]},"properties":{"objtype":"SOUNDG","valsou":66.4,"chart":"US4NH1BE"}},{"type":"Feature","geometry":{"type":"Point","coordinates":[-70.495615,43.05753]},"properties":{"objtype":"SOUNDG","valsou":36.2,"chart":"US4NH1BE"}},{"type":"Feature","geometry":{"type":"Point","coordinates":[-70.495214,42.99075]},"properties":{"objtype":"SOUNDG","valsou":88.6,"chart":"US4NH1BE"}},{"type":"Feature","geometry":{"type":"Point","coordinates":[-70.495175,42.9792]},"properties":{"objtype":"SOUNDG","valsou":90.2,"chart":"US4NH1BE"}},{"type":"Feature","geometry":{"type":"Point","coordinates":[-70.494532,42.937232]},"properties":{"objtype":"SOUNDG","valsou":94.1,"chart":"US4NH1BE"}},{"type":"Feature","geometry":{"type":"Point","coordinates":[-70.493959,42.963437]},"properties":{"objtype":"SOUNDG","valsou":71.9,"chart":"US4NH1BE"}},{"type":"Feature","geometry":{"type":"Point","coordinates":[-70.493653,42.931495]},"properties":{"objtype":"SOUNDG","valsou":95.0,"chart":"US4NH1BE"}},{"type":"Feature","geometry":{"type":"Point","coordinates":[-70.493392,43.051689]},"properties":{"objtype":"SOUNDG","valsou":70.4,"chart":"US4NH1BE"}},{"type":"Feature","geometry":{"type":"Point","coordinates":[-70.493116,43.082952]},"properties":{"objtype":"SOUNDG","valsou":41.7,"chart":"US4NH1BE"}},{"type":"Feature","geometry":{"type":"Point","coordinates":[-70.492788,43.090781]},"properties":{"objtype":"SOUNDG","valsou":54.8,"chart":"US4NH1BE"}},{"type":"Feature","geometry":{"type":"Point","coordinates":[-70.4926,42.958001]},"properties":{"objtype":"SOUNDG","valsou":89.9,"chart":"US4NH1BE"}},{"type":"Feature","geometry":{"type":"Point","coordinates":[-70.492455,43.044405]},"properties":{"objtype":"SOUNDG","valsou":70.1,"chart":"US4NH1BE"}},{"type":"Feature","geometry":{"type":"Point","coordinates":[-70.492341,43.026967]},"properties":{"objtype":"SOUNDG","valsou":66.4,"chart":"US4NH1BE"}},{"type":"Feature","geometry":{"type":"Point","coordinates":[-70.492223,43.01081]},"properties":{"objtype":"SOUNDG","valsou":72.8,"chart":"US4NH1BE"}},{"type":"Feature","geometry":{"type":"Point","coordinates":[-70.49195,43.017285]},"properties":{"objtype":"SOUNDG","valsou":59.7,"chart":"US4NH1BE"}},{"type":"Feature","geometry":{"type":"Point","coordinates":[-70.491773,43.058251]},"properties":{"objtype":"SOUNDG","valsou":43.2,"chart":"US4NH1BE"}},{"type":"Feature","geometry":{"type":"Point","coordinates":[-70.491559,42.943246]},"properties":{"objtype":"SOUNDG","valsou":68.8,"chart":"US4NH1BE"}},{"type":"Feature","geometry":{"type":"Point","coordinates":[-70.490867,43.075671]},"properties":{"objtype":"SOUNDG","valsou":71.3,"chart":"US4NH1BE"}},{"type":"Feature","geometry":{"type":"Point","coordinates":[-70.490075,42.950416]},"properties":{"objtype":"SOUNDG","valsou":95.0,"chart":"US4NH1BE"}},{"type":"Feature","geometry":{"type":"Point","coordinates":[-70.489865,42.976992]},"properties":{"objtype":"SOUNDG","valsou":93.8,"chart":"US4NH1BE"}},{"type":"Feature","geometry":{"type":"Point","coordinates":[-70.489368,42.965742]},"properties":{"objtype":"SOUNDG","valsou":88.3,"chart":"US4NH1BE"}},{"type":"Feature","geometry":{"type":"Point","coordinates":[-70.489095,42.971712]},"properties":{"objtype":"SOUNDG","valsou":75.2,"chart":"US4NH1BE"}},{"type":"Feature","geometry":{"type":"Point","coordinates":[-70.489056,43.065671]},"properties":{"objtype":"SOUNDG","valsou":72.8,"chart":"US4NH1BE"}},{"type":"Feature","geometry":{"type":"Point","coordinates":[-70.488754,43.038907]},"properties":{"objtype":"SOUNDG","valsou":72.2,"chart":"US4NH1BE"}},{"type":"Feature","geometry":{"type":"Point","coordinates":[-70.488655,42.988716]},"properties":{"objtype":"SOUNDG","valsou":71.9,"chart":"US4NH1BE"}},{"type":"Feature","geometry":{"type":"Point","coordinates":[-70.487976,42.919816]},"properties":{"objtype":"SOUNDG","valsou":61.5,"chart":"US4NH1BE"}},{"type":"Feature","geometry":{"type":"Point","coordinates":[-70.487703,42.906731]},"properties":{"objtype":"SOUNDG","valsou":105.7,"chart":"US4NH1BE"}},{"type":"Feature","geometry":{"type":"Point","coordinates":[-70.487447,43.094626]},"properties":{"objtype":"SOUNDG","valsou":57.3,"chart":"US4NH1BE"}},{"type":"Feature","geometry":{"type":"Point","coordinates":[-70.486505,43.031999]},"properties":{"objtype":"SOUNDG","valsou":83.2,"chart":"US4NH1BE"}},{"type":"Feature","geometry":{"type":"Point","coordinates":[-70.486025,43.001744]},"properties":{"objtype":"SOUNDG","valsou":89.9,"chart":"US4NH1BE"}},{"type":"Feature","geometry":{"type":"Point","coordinates":[-70.485964,43.060003]},"properties":{"objtype":"SOUNDG","valsou":60.6,"chart":"US4NH1BE"}},{"type":"Feature","geometry":{"type":"Point","coordinates":[-70.48586,43.023816]},"properties":{"objtype":"SOUNDG","valsou":71.9,"chart":"US4NH1BE"}},{"type":"Feature","geometry":{"type":"Point","coordinates":[-70.485665,43.012156]},"properties":{"objtype":"SOUNDG","valsou":54.2,"chart":"US4NH1BE"}},{"type":"Feature","geometry":{"type":"Point","coordinates":[-70.484229,42.923259]},"properties":{"objtype":"SOUNDG","valsou":49.9,"chart":"US4NH1BE"}},{"type":"Feature","geometry":{"type":"Point","coordinates":[-70.483868,42.940521]},"properties":{"objtype":"SOUNDG","valsou":81.9,"chart":"US4NH1BE"}},{"type":"Feature","geometry":{"type":"Point","coordinates":[-70.483553,43.047429]},"properties":{"objtype":"SOUNDG","valsou":80.1,"chart":"US4NH1BE"}},{"type":"Feature","geometry":{"type":"Point","coordinates":[-70.48333,42.916229]},"properties":{"objtype":"SOUNDG","valsou":53.9,"chart":"US4NH1BE"}},{"type":"Feature","geometry":{"type":"Point","coordinates":[-70.483267,42.984044]},"properties":{"objtype":"SOUNDG","valsou":96.9,"chart":"US4NH1BE"}},{"type":"Feature","geometry":{"type":"Point","coordinates":[-70.483113,42.933862]},"properties":{"objtype":"SOUNDG","valsou":100.5,"chart":"US4NH1BE"}},{"type":"Feature","geometry":{"type":"Point","coordinates":[-70.482512,43.006523]},"properties":{"objtype":"SOUNDG","valsou":85.6,"chart":"US4NH1BE"}},{"type":"Feature","geometry":{"type":"Point","coordinates":[-70.482106,42.96463]},"properties":{"objtype":"SOUNDG","valsou":71.0,"chart":"US4NH1BE"}},{"type":"Feature","geometry":{"type":"Point","coordinates":[-70.480803,42.928029]},"properties":{"objtype":"SOUNDG","valsou":83.8,"chart":"US4NH1BE"}},{"type":"Feature","geometry":{"type":"Point","coordinates":[-70.480467,43.081681]},"properties":{"objtype":"SOUNDG","valsou":71.3,"chart":"US4NH1BE"}},{"type":"Feature","geometry":{"type":"Point","coordinates":[-70.480051,42.910433]},"properties":{"objtype":"SOUNDG","valsou":81.0,"chart":"US4NH1BE"}},{"type":"Feature","geometry":{"type":"Point","coordinates":[-70.478468,43.063988]},"properties":{"objtype":"SOUNDG","valsou":78.3,"chart":"US4NH1BE"}},{"type":"Feature","geometry":{"type":"Point","coordinates":[-70.478207,42.954976]},"properties":{"objtype":"SOUNDG","valsou":94.7,"chart":"US4NH1BE"}},{"type":"Feature","geometry":{"type":"Point","coordinates":[-70.477999,43.054953]},"properties":{"objtype":"SOUNDG","valsou":81.3,"chart":"US4NH1BE"}},{"type":"Feature","geometry":{"type":"Point","coordinates":[-70.477734,42.969447]},"properties":{"objtype":"SOUNDG","valsou":90.8,"chart":"US4NH1BE"}},{"type":"Feature","geometry":{"type":"Point","coordinates":[-70.4777,43.014277]},"properties":{"objtype":"SOUNDG","valsou":71.0,"chart":"US4NH1BE"}},{"type":"Feature","geometry":{"type":"Point","coordinates":[-70.476342,42.915254]},"properties":{"objtype":"SOUNDG","valsou":69.7,"chart":"US4NH1BE"}},{"type":"Feature","geometry":{"type":"Point","coordinates":[-70.476281,42.995588]},"properties":{"objtype":"SOUNDG","valsou":71.6,"chart":"US4NH1BE"}},{"type":"Feature","geometry":{"type":"Point","coordinates":[-70.476251,43.087622]},"properties":{"objtype":"SOUNDG","valsou":49.9,"chart":"US4NH1BE"}},{"type":"Feature","geometry":{"type":"Point","coordinates":[-70.476178,43.027396]},"properties":{"objtype":"SOUNDG","valsou":73.7,"chart":"US4NH1BE"}},{"type":"Feature","geometry":{"type":"Point","coordinates":[-70.475969,43.091571]},"properties":{"objtype":"SOUNDG","valsou":67.0,"chart":"US4NH1BE"}},{"type":"Feature","geometry":{"type":"Point","coordinates":[-70.475542,43.038976]},"properties":{"objtype":"SOUNDG","valsou":87.7,"chart":"US4NH1BE"}},{"type":"Feature","geometry":{"type":"Point","coordinates":[-70.475483,42.921767]},"properties":{"objtype":"SOUNDG","valsou":60.9,"chart":"US4NH1BE"}},{"type":"Feature","geometry":{"type":"Point","coordinates":[-70.475108,42.976362]},"properties":{"objtype":"SOUNDG","valsou":60.3,"chart":"US4NH1BE"}},{"type":"Feature","geometry":{"type":"Point","coordinates":[-70.472038,42.946889]},"properties":{"objtype":"SOUNDG","valsou":91.4,"chart":"US4NH1BE"}},{"type":"Feature","geometry":{"type":"Point","coordinates":[-70.474219,43.001641]},"properties":{"objtype":"SOUNDG","valsou":92.6,"chart":"US4NH1BE"}},{"type":"Feature","geometry":{"type":"Point","coordinates":[-70.472994,42.928483]},"properties":{"objtype":"SOUNDG","valsou":67.6,"chart":"US4NH1BE"}},{"type":"Feature","geometry":{"type":"Point","coordinates":[-70.470746,42.965376]},"properties":{"objtype":"SOUNDG","valsou":88.0,"chart":"US4NH1BE"}},{"type":"Feature","geometry":{"type":"Point","coordinates":[-70.470629,43.077766]},"properties":{"objtype":"SOUNDG","valsou":76.2,"chart":"US4NH1BE"}},{"type":"Feature","geometry":{"type":"Point","coordinates":[-70.470111,42.904951]},"properties":{"objtype":"SOUNDG","valsou":109.4,"chart":"US4NH1BE"}},{"type":"Feature","geometry":{"type":"Point","coordinates":[-70.469926,43.089991]},"properties":{"objtype":"SOUNDG","valsou":49.3,"chart":"US4NH1BE"}},{"type":"Feature","geometry":{"type":"Point","coordinates":[-70.469307,43.019433]},"properties":{"objtype":"SOUNDG","valsou":81.3,"chart":"US4NH1BE"}},{"type":"Feature","geometry":{"type":"Point","coordinates":[-70.469198,42.921767]},"properties":{"objtype":"SOUNDG","valsou":52.4,"chart":"US4NH1BE"}},{"type":"Feature","geometry":{"type":"Point","coordinates":[-70.469081,42.911552]},"properties":{"objtype":"SOUNDG","valsou":84.1,"chart":"US4NH1BE"}},{"type":"Feature","geometry":{"type":"Point","coordinates":[-70.468898,42.986881]},"properties":{"objtype":"SOUNDG","valsou":93.8,"chart":"US4NH1BE"}},{"type":"Feature","geometry":{"type":"Point","coordinates":[-70.468702,43.031553]},"properties":{"objtype":"SOUNDG","valsou":90.5,"chart":"US4NH1BE"}},{"type":"Feature","geometry":{"type":"Point","coordinates":[-70.468526,43.013131]},"properties":{"objtype":"SOUNDG","valsou":88.3,"chart":"US4NH1BE"}},{"type":"Feature","geometry":{"type":"Point","coordinates":[-70.468277,42.932571]},"properties":{"objtype":"SOUNDG","valsou":84.1,"chart":"US4NH1BE"}},{"type":"Feature","geometry":{"type":"Point","coordinates":[-70.4677,42.968472]},"properties":{"objtype":"SOUNDG","valsou":63.3,"chart":"US4NH1BE"}},{"type":"Feature","geometry":{"type":"Point","coordinates":[-70.467203,43.050521]},"properties":{"objtype":"SOUNDG","valsou":85.6,"chart":"US4NH1BE"}},{"type":"Feature","geometry":{"type":"Point","coordinates":[-70.466803,43.059591]},"properties":{"objtype":"SOUNDG","valsou":83.8,"chart":"US4NH1BE"}},{"type":"Feature","geometry":{"type":"Point","coordinates":[-70.466709,43.069827]},"properties":{"objtype":"SOUNDG","valsou":79.2,"chart":"US4NH1BE"}},{"type":"Feature","geometry":{"type":"Point","coordinates":[-70.466685,42.95924]},"properties":{"objtype":"SOUNDG","valsou":98.7,"chart":"US4NH1BE"}},{"type":"Feature","geometry":{"type":"Point","coordinates":[-70.466677,42.996483]},"properties":{"objtype":"SOUNDG","valsou":91.1,"chart":"US4NH1BE"}},{"type":"Feature","geometry":{"type":"Point","coordinates":[-70.466321,42.977393]},"properties":{"objtype":"SOUNDG","valsou":66.7,"chart":"US4NH1BE"}},{"type":"Feature","geometry":{"type":"Point","coordinates":[-70.466006,43.065602]},"properties":{"objtype":"SOUNDG","valsou":72.5,"chart":"US4NH1BE"}},{"type":"Feature","geometry":{"type":"Point","coordinates":[-70.465751,43.042825]},"properties":{"objtype":"SOUNDG","valsou":89.0,"chart":"US4NH1BE"}},{"type":"Feature","geometry":{"type":"Point","coordinates":[-70.465714,42.938743]},"properties":{"objtype":"SOUNDG","valsou":98.7,"chart":"US4NH1BE"}},{"type":"Feature","geometry":{"type":"Point","coordinates":[-70.465663,43.084291]},"properties":{"objtype":"SOUNDG","valsou":71.9,"chart":"US4NH1BE"}},{"type":"Feature","geometry":{"type":"Point","coordinates":[-70.465202,42.971683]},"properties":{"objtype":"SOUNDG","valsou":53.9,"chart":"US4NH1BE"}},{"type":"Feature","geometry":{"type":"Point","coordinates":[-70.464877,42.991553]},"properties":{"objtype":"SOUNDG","valsou":94.4,"chart":"US4NH1BE"}},{"type":"Feature","geometry":{"type":"Point","coordinates":[-70.463725,43.006798]},"properties":{"objtype":"SOUNDG","valsou":92.9,"chart":"US4NH1BE"}},{"type":"Feature","geometry":{"type":"Point","coordinates":[-70.463146,42.924062]},"properties":{"objtype":"SOUNDG","valsou":84.1,"chart":"US4NH1BE"}},{"type":"Feature","geometry":{"type":"Point","coordinates":[-70.461575,42.928698]},"properties":{"objtype":"SOUNDG","valsou":68.8,"chart":"US4NH1BE"}},{"type":"Feature","geometry":{"type":"Point","coordinates":[-70.461394,43.034577]},"properties":{"objtype":"SOUNDG","valsou":92.9,"chart":"US4NH1BE"}},{"type":"Feature","geometry":{"type":"Point","coordinates":[-70.461212,43.093974]},"properties":{"objtype":"SOUNDG","valsou":65.8,"chart":"US4NH1BE"}},{"type":"Feature","geometry":{"type":"Point","coordinates":[-70.46099,42.947692]},"properties":{"objtype":"SOUNDG","valsou":76.8,"chart":"US4NH1BE"}},{"type":"Feature","geometry":{"type":"Point","coordinates":[-70.46054,43.001297]},"properties":{"objtype":"SOUNDG","valsou":90.2,"chart":"US4NH1BE"}},{"type":"Feature","geometry":{"type":"Point","coordinates":[-70.458197,43.012127]},"properties":{"objtype":"SOUNDG","valsou":92.9,"chart":"US4NH1BE"}},{"type":"Feature","geometry":{"type":"Point","coordinates":[-70.457798,42.921911]},"properties":{"objtype":"SOUNDG","valsou":66.7,"chart":"US4NH1BE"}},{"type":"Feature","geometry":{"type":"Point","coordinates":[-70.457782,43.023673]},"properties":{"objtype":"SOUNDG","valsou":91.7,"chart":"US4NH1BE"}},{"type":"Feature","geometry":{"type":"Point","coordinates":[-70.457511,42.973776]},"properties":{"objtype":"SOUNDG","valsou":60.6,"chart":"US4NH1BE"}},{"type":"Feature","geometry":{"type":"Point","coordinates":[-70.456249,42.980031]},"properties":{"objtype":"SOUNDG","valsou":85.0,"chart":"US4NH1BE"}},{"type":"Feature","geometry":{"type":"Point","coordinates":[-70.455866,43.043546]},"properties":{"objtype":"SOUNDG","valsou":90.2,"chart":"US4NH1BE"}},{"type":"Feature","geometry":{"type":"Point","coordinates":[-70.454729,42.906472]},"properties":{"objtype":"SOUNDG","valsou":61.2,"chart":"US4NH1BE"}},{"type":"Feature","geometry":{"type":"Point","coordinates":[-70.454513,43.085905]},"properties":{"objtype":"SOUNDG","valsou":72.8,"chart":"US4NH1BE"}},{"type":"Feature","geometry":{"type":"Point","coordinates":[-70.453996,43.065261]},"properties":{"objtype":"SOUNDG","valsou":82.6,"chart":"US4NH1BE"}},{"type":"Feature","geometry":{"type":"Point","coordinates":[-70.453474,42.926881]},"properties":{"objtype":"SOUNDG","valsou":78.3,"chart":"US4NH1BE"}},{"type":"Feature","geometry":{"type":"Point","coordinates":[-70.453231,42.998477]},"properties":{"objtype":"SOUNDG","valsou":80.4,"chart":"US4NH1BE"}},{"type":"Feature","geometry":{"type":"Point","coordinates":[-70.453164,42.989461]},"properties":{"objtype":"SOUNDG","valsou":96.0,"chart":"US4NH1BE"}},{"type":"Feature","geometry":{"type":"Point","coordinates":[-70.452867,43.034061]},"properties":{"objtype":"SOUNDG","valsou":77.7,"chart":"US4NH1BE"}},{"type":"Feature","geometry":{"type":"Point","coordinates":[-70.452639,43.090884]},"properties":{"objtype":"SOUNDG","valsou":68.5,"chart":"US4NH1BE"}},{"type":"Feature","geometry":{"type":"Point","coordinates":[-70.452371,42.917033]},"properties":{"objtype":"SOUNDG","valsou":59.7,"chart":"US4NH1BE"}},{"type":"Feature","geometry":{"type":"Point","coordinates":[-70.451046,43.078934]},"properties":{"objtype":"SOUNDG","valsou":75.8,"chart":"US4NH1BE"}},{"type":"Feature","geometry":{"type":"Point","coordinates":[-70.450722,42.953972]},"properties":{"objtype":"SOUNDG","valsou":103.0,"chart":"US4NH1BE"}},{"type":"Feature","geometry":{"type":"Point","coordinates":[-70.450286,43.029659]},"properties":{"objtype":"SOUNDG","valsou":93.5,"chart":"US4NH1BE"}},{"type":"Feature","geometry":{"type":"Point","coordinates":[-70.45008,42.982811]},"properties":{"objtype":"SOUNDG","valsou":95.4,"chart":"US4NH1BE"}},{"type":"Feature","geometry":{"type":"Point","coordinates":[-70.44982,42.962193]},"properties":{"objtype":"SOUNDG","valsou":99.9,"chart":"US4NH1BE"}},{"type":"Feature","geometry":{"type":"Point","coordinates":[-70.449733,43.056295]},"properties":{"objtype":"SOUNDG","valsou":80.7,"chart":"US4NH1BE"}},{"type":"Feature","geometry":{"type":"Point","coordinates":[-70.448805,42.969934]},"properties":{"objtype":"SOUNDG","valsou":87.4,"chart":"US4NH1BE"}},{"type":"Feature","geometry":{"type":"Point","coordinates":[-70.447716,42.9423]},"properties":{"objtype":"SOUNDG","valsou":99.3,"chart":"US4NH1BE"}},{"type":"Feature","geometry":{"type":"Point","coordinates":[-70.447011,43.048872]},"properties":{"objtype":"SOUNDG","valsou":82.6,"chart":"US4NH1BE"}},{"type":"Feature","geometry":{"type":"Point","coordinates":[-70.446766,43.008036]},"properties":{"objtype":"SOUNDG","valsou":94.4,"chart":"US4NH1BE"}},{"type":"Feature","geometry":{"type":"Point","coordinates":[-70.445578,42.924091]},"properties":{"objtype":"SOUNDG","valsou":72.2,"chart":"US4NH1BE"}},{"type":"Feature","geometry":{"type":"Point","coordinates":[-70.445406,42.931973]},"properties":{"objtype":"SOUNDG","valsou":57.6,"chart":"US4NH1BE"}},{"type":"Feature","geometry":{"type":"Point","coordinates":[-70.445142,43.072062]},"properties":{"objtype":"SOUNDG","valsou":82.6,"chart":"US4NH1BE"}},{"type":"Feature","geometry":{"type":"Point","coordinates":[-70.444751,42.995554]},"properties":{"objtype":"SOUNDG","valsou":88.3,"chart":"US4NH1BE"}},{"type":"Feature","geometry":{"type":"Point","coordinates":[-70.444716,43.038357]},"properties":{"objtype":"SOUNDG","valsou":82.9,"chart":"US4NH1BE"}},{"type":"Feature","geometry":{"type":"Point","coordinates":[-70.444627,43.087759]},"properties":{"objtype":"SOUNDG","valsou":78.0,"chart":"US4NH1BE"}},{"type":"Feature","geometry":{"type":"Point","coordinates":[-70.44454,42.904693]},"properties":{"objtype":"SOUNDG","valsou":59.1,"chart":"US4NH1BE"}},{"type":"Feature","geometry":{"type":"Point","coordinates":[-70.443815,43.001537]},"properties":{"objtype":"SOUNDG","valsou":90.8,"chart":"US4NH1BE"}},{"type":"Feature","geometry":{"type":"Point","coordinates":[-70.443704,43.015738]},"properties":{"objtype":"SOUNDG","valsou":95.7,"chart":"US4NH1BE"}},{"type":"Feature","geometry":{"type":"Point","coordinates":[-70.443274,43.020923]},"properties":{"objtype":"SOUNDG","valsou":94.4,"chart":"US4NH1BE"}},{"type":"Feature","geometry":{"type":"Point","coordinates":[-70.441777,42.974808]},"properties":{"objtype":"SOUNDG","valsou":97.2,"chart":"US4NH1BE"}},{"type":"Feature","geometry":{"type":"Point","coordinates":[-70.440969,43.031355]},"properties":{"objtype":"SOUNDG","valsou":92.6,"chart":"US4NH1BE"}},{"type":"Feature","geometry":{"type":"Point","coordinates":[-70.440854,42.912556]},"properties":{"objtype":"SOUNDG","valsou":72.2,"chart":"US4NH1BE"}},{"type":"Feature","geometry":{"type":"Point","coordinates":[-70.440501,43.034311]},"properties":{"objtype":"SOUNDG","valsou":88.3,"chart":"US4NH1BE"}},{"type":"Feature","geometry":{"type":"Point","coordinates":[-70.440457,43.065845]},"properties":{"objtype":"SOUNDG","valsou":73.7,"chart":"US4NH1BE"}},{"type":"Feature","geometry":{"type":"Point","coordinates":[-70.440067,43.006523]},"properties":{"objtype":"SOUNDG","valsou":90.8,"chart":"US4NH1BE"}},{"type":"Feature","geometry":{"type":"Point","coordinates":[-70.437788,43.086042]},"properties":{"objtype":"SOUNDG","valsou":73.1,"chart":"US4NH1BE"}},{"type":"Feature","geometry":{"type":"Point","coordinates":[-70.437694,43.079999]},"properties":{"objtype":"SOUNDG","valsou":81.0,"chart":"US4NH1BE"}},{"type":"Feature","geometry":{"type":"Point","coordinates":[-70.437693,43.056982]},"properties":{"objtype":"SOUNDG","valsou":88.3,"chart":"US4NH1BE"}},{"type":"Feature","geometry":{"type":"Point","coordinates":[-70.437142,42.935511]},"properties":{"objtype":"SOUNDG","valsou":81.3,"chart":"US4NH1BE"}},{"type":"Feature","geometry":{"type":"Point","coordinates":[-70.436429,42.95729]},"properties":{"objtype":"SOUNDG","valsou":105.1,"chart":"US4NH1BE"}},{"type":"Feature","geometry":{"type":"Point","coordinates":[-70.436277,42.950445]},"properties":{"objtype":"SOUNDG","valsou":107.5,"chart":"US4NH1BE"}},{"type":"Feature","geometry":{"type":"Point","coordinates":[-70.43495,42.942988]},"properties":{"objtype":"SOUNDG","valsou":108.2,"chart":"US4NH1BE"}},{"type":"Feature","geometry":{"type":"Point","coordinates":[-70.434274,43.075465]},"properties":{"objtype":"SOUNDG","valsou":61.2,"chart":"US4NH1BE"}},{"type":"Feature","geometry":{"type":"Point","coordinates":[-70.43423,42.988142]},"properties":{"objtype":"SOUNDG","valsou":100.2,"chart":"US4NH1BE"}},{"type":"Feature","geometry":{"type":"Point","coordinates":[-70.434129,43.045376]},"properties":{"objtype":"SOUNDG","valsou":87.4,"chart":"US4NH1BE"}},{"type":"Feature","geometry":{"type":"Point","coordinates":[-70.433712,43.090094]},"properties":{"objtype":"SOUNDG","valsou":77.7,"chart":"US4NH1BE"}},{"type":"Feature","geometry":{"type":"Point","coordinates":[-70.43311,42.968157]},"properties":{"objtype":"SOUNDG","valsou":99.9,"chart":"US4NH1BE"}},{"type":"Feature","geometry":{"type":"Point","coordinates":[-70.433007,43.014076]},"properties":{"objtype":"SOUNDG","valsou":83.2,"chart":"US4NH1BE"}},{"type":"Feature","geometry":{"type":"Point","coordinates":[-70.432583,43.036098]},"properties":{"objtype":"SOUNDG","valsou":92.9,"chart":"US4NH1BE"}},{"type":"Feature","geometry":{"type":"Point","coordinates":[-70.431709,42.929917]},"properties":{"objtype":"SOUNDG","valsou":57.3,"chart":"US4NH1BE"}},{"type":"Feature","geometry":{"type":"Point","coordinates":[-70.431446,42.998133]},"properties":{"objtype":"SOUNDG","valsou":94.4,"chart":"US4NH1BE"}},{"type":"Feature","geometry":{"type":"Point","coordinates":[-70.430875,42.904722]},"properties":{"objtype":"SOUNDG","valsou":64.3,"chart":"US4NH1BE"}},{"type":"Feature","geometry":{"type":"Point","coordinates":[-70.43071,43.041184]},"properties":{"objtype":"SOUNDG","valsou":85.3,"chart":"US4NH1BE"}},{"type":"Feature","geometry":{"type":"Point","coordinates":[-70.43065,43.003738]},"properties":{"objtype":"SOUNDG","valsou":91.1,"chart":"US4NH1BE"}},{"type":"Feature","geometry":{"type":"Point","coordinates":[-70.429884,42.923058]},"properties":{"objtype":"SOUNDG","valsou":65.2,"chart":"US4NH1BE"}},{"type":"Feature","geometry":{"type":"Point","coordinates":[-70.429766,43.02436]},"properties":{"objtype":"SOUNDG","valsou":99.0,"chart":"US4NH1BE"}},{"type":"Feature","geometry":{"type":"Point","coordinates":[-70.429688,43.017857]},"properties":{"objtype":"SOUNDG","valsou":99.9,"chart":"US4NH1BE"}},{"type":"Feature","geometry":{"type":"Point","coordinates":[-70.428791,43.070276]},"properties":{"objtype":"SOUNDG","valsou":85.0,"chart":"US4NH1BE"}},{"type":"Feature","geometry":{"type":"Point","coordinates":[-70.428437,43.085428]},"properties":{"objtype":"SOUNDG","valsou":75.5,"chart":"US4NH1BE"}},{"type":"Feature","geometry":{"type":"Point","coordinates":[-70.428061,42.977078]},"properties":{"objtype":"SOUNDG","valsou":101.4,"chart":"US4NH1BE"}},{"type":"Feature","geometry":{"type":"Point","coordinates":[-70.42758,42.910547]},"properties":{"objtype":"SOUNDG","valsou":53.6,"chart":"US4NH1BE"}},{"type":"Feature","geometry":{"type":"Point","coordinates":[-70.427528,43.077217]},"properties":{"objtype":"SOUNDG","valsou":71.3,"chart":"US4NH1BE"}},{"type":"Feature","geometry":{"type":"Point","coordinates":[-70.427259,42.94752]},"properties":{"objtype":"SOUNDG","valsou":112.4,"chart":"US4NH1BE"}},{"type":"Feature","geometry":{"type":"Point","coordinates":[-70.427149,43.049465]},"properties":{"objtype":"SOUNDG","valsou":92.6,"chart":"US4NH1BE"}},{"type":"Feature","geometry":{"type":"Point","coordinates":[-70.426777,43.061242]},"properties":{"objtype":"SOUNDG","valsou":89.6,"chart":"US4NH1BE"}},{"type":"Feature","geometry":{"type":"Point","coordinates":[-70.42668,43.043314]},"properties":{"objtype":"SOUNDG","valsou":87.4,"chart":"US4NH1BE"}},{"type":"Feature","geometry":{"type":"Point","coordinates":[-70.424151,43.032421]},"properties":{"objtype":"SOUNDG","valsou":89.9,"chart":"US4NH1BE"}},{"type":"Feature","geometry":{"type":"Point","coordinates":[-70.422702,43.089304]},"properties":{"objtype":"SOUNDG","valsou":70.4,"chart":"US4NH1BE"}},{"type":"Feature","geometry":{"type":"Point","coordinates":[-70.422574,42.955492]},"properties":{"objtype":"SOUNDG","valsou":108.5,"chart":"US4NH1BE"}},{"type":"Feature","geometry":{"type":"Point","coordinates":[-70.422515,43.080754]},"properties":{"objtype":"SOUNDG","valsou":74.0,"chart":"US4NH1BE"}},{"type":"Feature","geometry":{"type":"Point","coordinates":[-70.422037,42.912901]},"properties":{"objtype":"SOUNDG","valsou":70.1,"chart":"US4NH1BE"}},{"type":"Feature","geometry":{"type":"Point","coordinates":[-70.421424,42.984732]},"properties":{"objtype":"SOUNDG","valsou":105.4,"chart":"US4NH1BE"}},{"type":"Feature","geometry":{"type":"Point","coordinates":[-70.421115,42.904607]},"properties":{"objtype":"SOUNDG","valsou":64.3,"chart":"US4NH1BE"}},{"type":"Feature","geometry":{"type":"Point","coordinates":[-70.421026,42.935296]},"properties":{"objtype":"SOUNDG","valsou":66.7,"chart":"US4NH1BE"}},{"type":"Feature","geometry":{"type":"Point","coordinates":[-70.420826,42.919213]},"properties":{"objtype":"SOUNDG","valsou":69.1,"chart":"US4NH1BE"}},{"type":"Feature","geometry":{"type":"Point","coordinates":[-70.419641,42.973604]},"properties":{"objtype":"SOUNDG","valsou":106.9,"chart":"US4NH1BE"}},{"type":"Feature","geometry":{"type":"Point","coordinates":[-70.419522,43.028828]},"properties":{"objtype":"SOUNDG","valsou":97.5,"chart":"US4NH1BE"}},{"type":"Feature","geometry":{"type":"Point","coordinates":[-70.419266,43.009102]},"properties":{"objtype":"SOUNDG","valsou":100.8,"chart":"US4NH1BE"}},{"type":"Feature","geometry":{"type":"Point","coordinates":[-70.419043,42.99118]},"properties":{"objtype":"SOUNDG","valsou":96.0,"chart":"US4NH1BE"}},{"type":"Feature","geometry":{"type":"Point","coordinates":[-70.418975,43.01674]},"properties":{"objtype":"SOUNDG","valsou":85.3,"chart":"US4NH1BE"}},{"type":"Feature","geometry":{"type":"Point","coordinates":[-70.418482,43.049465]},"properties":{"objtype":"SOUNDG","valsou":84.1,"chart":"US4NH1BE"}},{"type":"Feature","geometry":{"type":"Point","coordinates":[-70.417494,42.961046]},"properties":{"objtype":"SOUNDG","valsou":106.6,"chart":"US4NH1BE"}},{"type":"Feature","geometry":{"type":"Point","coordinates":[-70.417345,42.998546]},"properties":{"objtype":"SOUNDG","valsou":103.3,"chart":"US4NH1BE"}},{"type":"Feature","geometry":{"type":"Point","coordinates":[-70.416564,43.065708]},"properties":{"objtype":"SOUNDG","valsou":92.3,"chart":"US4NH1BE"}},{"type":"Feature","geometry":{"type":"Point","coordinates":[-70.416471,43.086901]},"properties":{"objtype":"SOUNDG","valsou":72.2,"chart":"US4NH1BE"}},{"type":"Feature","geometry":{"type":"Point","coordinates":[-70.41579,42.909773]},"properties":{"objtype":"SOUNDG","valsou":48.4,"chart":"US4NH1BE"}},{"type":"Feature","geometry":{"type":"Point","coordinates":[-70.414306,42.922829]},"properties":{"objtype":"SOUNDG","valsou":76.8,"chart":"US4NH1BE"}},{"type":"Feature","geometry":{"type":"Point","coordinates":[-70.41366,43.093974]},"properties":{"objtype":"SOUNDG","valsou":83.8,"chart":"US4NH1BE"}},{"type":"Feature","geometry":{"type":"Point","coordinates":[-70.413594,42.943734]},"properties":{"objtype":"SOUNDG","valsou":116.7,"chart":"US4NH1BE"}},{"type":"Feature","geometry":{"type":"Point","coordinates":[-70.41355,43.003979]},"properties":{"objtype":"SOUNDG","valsou":103.3,"chart":"US4NH1BE"}},{"type":"Feature","geometry":{"type":"Point","coordinates":[-70.41211,43.037163]},"properties":{"objtype":"SOUNDG","valsou":94.4,"chart":"US4NH1BE"}},{"type":"Feature","geometry":{"type":"Point","coordinates":[-70.412026,43.023902]},"properties":{"objtype":"SOUNDG","valsou":104.2,"chart":"US4NH1BE"}},{"type":"Feature","geometry":{"type":"Point","coordinates":[-70.409536,43.056673]},"properties":{"objtype":"SOUNDG","valsou":94.7,"chart":"US4NH1BE"}},{"type":"Feature","geometry":{"type":"Point","coordinates":[-70.409115,43.072268]},"properties":{"objtype":"SOUNDG","valsou":78.3,"chart":"US4NH1BE"}},{"type":"Feature","geometry":{"type":"Point","coordinates":[-70.409069,43.08175]},"properties":{"objtype":"SOUNDG","valsou":89.6,"chart":"US4NH1BE"}},{"type":"Feature","geometry":{"type":"Point","coordinates":[-70.407777,42.95251]},"properties":{"objtype":"SOUNDG","valsou":113.3,"chart":"US4NH1BE"}},{"type":"Feature","geometry":{"type":"Point","coordinates":[-70.407379,43.042902]},"properties":{"objtype":"SOUNDG","valsou":89.6,"chart":"US4NH1BE"}},{"type":"Feature","geometry":{"type":"Point","coordinates":[-70.406563,42.968501]},"properties":{"objtype":"SOUNDG","valsou":111.5,"chart":"US4NH1BE"}},{"type":"Feature","geometry":{"type":"Point","coordinates":[-70.406235,42.929798]},"properties":{"objtype":"SOUNDG","valsou":108.2,"chart":"US4NH1BE"}},{"type":"Feature","geometry":{"type":"Point","coordinates":[-70.406225,42.916229]},"properties":{"objtype":"SOUNDG","valsou":83.5,"chart":"US4NH1BE"}},{"type":"Feature","geometry":{"type":"Point","coordinates":[-70.40521,42.909285]},"properties":{"objtype":"SOUNDG","valsou":59.7,"chart":"US4NH1BE"}},{"type":"Feature","geometry":{"type":"Point","coordinates":[-70.404966,42.937185]},"properties":{"objtype":"SOUNDG","valsou":114.9,"chart":"US4NH1BE"}},{"type":"Feature","geometry":{"type":"Point","coordinates":[-70.404696,42.994488]},"properties":{"objtype":"SOUNDG","valsou":106.9,"chart":"US4NH1BE"}},{"type":"Feature","geometry":{"type":"Point","coordinates":[-70.404601,42.900703]},"properties":{"objtype":"SOUNDG","valsou":84.1,"chart":"US4NH1BE"}},{"type":"Feature","geometry":{"type":"Point","coordinates":[-70.40453,43.012128]},"properties":{"objtype":"SOUNDG","valsou":107.2,"chart":"US4NH1BE"}},{"type":"Feature","geometry":{"type":"Point","coordinates":[-70.403973,42.976476]},"properties":{"objtype":"SOUNDG","valsou":112.4,"chart":"US4NH1BE"}},{"type":"Feature","geometry":{"type":"Point","coordinates":[-70.402685,42.983556]},"properties":{"objtype":"SOUNDG","valsou":95.4,"chart":"US4NH1BE"}},{"type":"Feature","geometry":{"type":"Point","coordinates":[-70.401813,43.028313]},"properties":{"objtype":"SOUNDG","valsou":105.1,"chart":"US4NH1BE"}},{"type":"Feature","geometry":{"type":"Point","coordinates":[-70.401619,43.07505]},"properties":{"objtype":"SOUNDG","valsou":93.8,"chart":"US4NH1BE"}},{"type":"Feature","geometry":{"type":"Point","coordinates":[-70.401244,43.067665]},"properties":{"objtype":"SOUNDG","valsou":86.8,"chart":"US4NH1BE"}},{"type":"Feature","geometry":{"type":"Point","coordinates":[-70.401199,43.087965]},"properties":{"objtype":"SOUNDG","valsou":81.0,"chart":"US4NH1BE"}},{"type":"Feature","geometry":{"type":"Point","coordinates":[-70.401175,42.96053]},"properties":{"objtype":"SOUNDG","valsou":114.3,"chart":"US4NH1BE"}},{"type":"Feature","geometry":{"type":"Point","coordinates":[-70.400772,42.989346]},"properties":{"objtype":"SOUNDG","valsou":100.8,"chart":"US4NH1BE"}},{"type":"Feature","geometry":{"type":"Point","coordinates":[-70.400744,42.923173]},"properties":{"objtype":"SOUNDG","valsou":71.0,"chart":"US4NH1BE"}},{"type":"Feature","geometry":{"type":"Point","coordinates":[-70.399836,43.034483]},"properties":{"objtype":"SOUNDG","valsou":103.3,"chart":"US4NH1BE"}},{"type":"Feature","geometry":{"type":"Point","coordinates":[-70.398026,43.021496]},"properties":{"objtype":"SOUNDG","valsou":92.9,"chart":"US4NH1BE"}},{"type":"Feature","geometry":{"type":"Point","coordinates":[-70.395935,43.002775]},"properties":{"objtype":"SOUNDG","valsou":114.9,"chart":"US4NH1BE"}},{"type":"Feature","geometry":{"type":"Point","coordinates":[-70.395667,43.046853]},"properties":{"objtype":"SOUNDG","valsou":96.6,"chart":"US4NH1BE"}},{"type":"Feature","geometry":{"type":"Point","coordinates":[-70.395435,43.066291]},"properties":{"objtype":"SOUNDG","valsou":94.7,"chart":"US4NH1BE"}},{"type":"Feature","geometry":{"type":"Point","coordinates":[-70.395331,42.948845]},"properties":{"objtype":"SOUNDG","valsou":80.4,"chart":"US4NH1BE"}},{"type":"Feature","geometry":{"type":"Point","coordinates":[-70.394177,42.904463]},"properties":{"objtype":"SOUNDG","valsou":61.5,"chart":"US4NH1BE"}},{"type":"Feature","geometry":{"type":"Point","coordinates":[-70.393951,42.919271]},"properties":{"objtype":"SOUNDG","valsou":81.3,"chart":"US4NH1BE"}},{"type":"Feature","geometry":{"type":"Point","coordinates":[-70.393843,43.078591]},"properties":{"objtype":"SOUNDG","valsou":76.8,"chart":"US4NH1BE"}},{"type":"Feature","geometry":{"type":"Point","coordinates":[-70.392858,43.072096]},"properties":{"objtype":"SOUNDG","valsou":91.1,"chart":"US4NH1BE"}},{"type":"Feature","geometry":{"type":"Point","coordinates":[-70.39218,42.933312]},"properties":{"objtype":"SOUNDG","valsou":119.1,"chart":"US4NH1BE"}},{"type":"Feature","geometry":{"type":"Point","coordinates":[-70.391491,42.908137]},"properties":{"objtype":"SOUNDG","valsou":82.6,"chart":"US4NH1BE"}},{"type":"Feature","geometry":{"type":"Point","coordinates":[-70.391285,42.985133]},"properties":{"objtype":"SOUNDG","valsou":105.1,"chart":"US4NH1BE"}},{"type":"Feature","geometry":{"type":"Point","coordinates":[-70.39047,43.093768]},"properties":{"objtype":"SOUNDG","valsou":76.8,"chart":"US4NH1BE"}},{"type":"Feature","geometry":{"type":"Point","coordinates":[-70.390282,42.964257]},"properties":{"objtype":"SOUNDG","valsou":104.5,"chart":"US4NH1BE"}},{"type":"Feature","geometry":{"type":"Point","coordinates":[-70.38967,43.032214]},"properties":{"objtype":"SOUNDG","valsou":107.5,"chart":"US4NH1BE"}},{"type":"Feature","geometry":{"type":"Point","coordinates":[-70.389439,43.084051]},"properties":{"objtype":"SOUNDG","valsou":90.2,"chart":"US4NH1BE"}},{"type":"Feature","geometry":{"type":"Point","coordinates":[-70.389164,43.012156]},"properties":{"objtype":"SOUNDG","valsou":114.9,"chart":"US4NH1BE"}},{"type":"Feature","geometry":{"type":"Point","coordinates":[-70.388827,43.037507]},"properties":{"objtype":"SOUNDG","valsou":99.6,"chart":"US4NH1BE"}},{"type":"Feature","geometry":{"type":"Point","coordinates":[-70.38863,42.99012]},"properties":{"objtype":"SOUNDG","valsou":112.4,"chart":"US4NH1BE"}},{"type":"Feature","geometry":{"type":"Point","coordinates":[-70.388096,42.975582]},"properties":{"objtype":"SOUNDG","valsou":85.6,"chart":"US4NH1BE"}},{"type":"Feature","geometry":{"type":"Point","coordinates":[-70.387939,43.05578]},"properties":{"objtype":"SOUNDG","valsou":98.1,"chart":"US4NH1BE"}},{"type":"Feature","geometry":{"type":"Point","coordinates":[-70.387665,42.914479]},"properties":{"objtype":"SOUNDG","valsou":67.0,"chart":"US4NH1BE"}},{"type":"Feature","geometry":{"type":"Point","coordinates":[-70.387333,42.925351]},"properties":{"objtype":"SOUNDG","valsou":112.1,"chart":"US4NH1BE"}},{"type":"Feature","geometry":{"type":"Point","coordinates":[-70.385767,43.022097]},"properties":{"objtype":"SOUNDG","valsou":113.3,"chart":"US4NH1BE"}},{"type":"Feature","geometry":{"type":"Point","coordinates":[-70.385633,42.954316]},"properties":{"objtype":"SOUNDG","valsou":124.3,"chart":"US4NH1BE"}},{"type":"Feature","geometry":{"type":"Point","coordinates":[-70.385551,43.089098]},"properties":{"objtype":"SOUNDG","valsou":95.0,"chart":"US4NH1BE"}},{"type":"Feature","geometry":{"type":"Point","coordinates":[-70.385446,42.93993]},"properties":{"objtype":"SOUNDG","valsou":121.6,"chart":"US4NH1BE"}},{"type":"Feature","geometry":{"type":"Point","coordinates":[-70.383385,42.947193]},"properties":{"objtype":"SOUNDG","valsou":119.4,"chart":"US4NH1BE"}},{"type":"Feature","geometry":{"type":"Point","coordinates":[-70.382442,43.004529]},"properties":{"objtype":"SOUNDG","valsou":122.8,"chart":"US4NH1BE"}},{"type":"Feature","geometry":{"type":"Point","coordinates":[-70.381173,42.979916]},"properties":{"objtype":"SOUNDG","valsou":114.9,"chart":"US4NH1BE"}},{"type":"Feature","geometry":{"type":"Point","coordinates":[-70.381084,42.996551]},"properties":{"objtype":"SOUNDG","valsou":120.7,"chart":"US4NH1BE"}},{"type":"Feature","geometry":{"type":"Point","coordinates":[-70.380575,43.027253]},"properties":{"objtype":"SOUNDG","valsou":109.7,"chart":"US4NH1BE"}},{"type":"Feature","geometry":{"type":"Point","coordinates":[-70.379929,43.082402]},"properties":{"objtype":"SOUNDG","valsou":76.5,"chart":"US4NH1BE"}},{"type":"Feature","geometry":{"type":"Point","coordinates":[-70.379319,43.071993]},"properties":{"objtype":"SOUNDG","valsou":98.4,"chart":"US4NH1BE"}},{"type":"Feature","geometry":{"type":"Point","coordinates":[-70.378022,42.915081]},"properties":{"objtype":"SOUNDG","valsou":69.7,"chart":"US4NH1BE"}},{"type":"Feature","geometry":{"type":"Point","coordinates":[-70.376762,42.986021]},"properties":{"objtype":"SOUNDG","valsou":105.4,"chart":"US4NH1BE"}},{"type":"Feature","geometry":{"type":"Point","coordinates":[-70.376677,43.047312]},"properties":{"objtype":"SOUNDG","valsou":104.8,"chart":"US4NH1BE"}},{"type":"Feature","geometry":{"type":"Point","coordinates":[-70.376514,43.016798]},"properties":{"objtype":"SOUNDG","valsou":119.1,"chart":"US4NH1BE"}},{"type":"Feature","geometry":{"type":"Point","coordinates":[-70.376423,42.97498]},"properties":{"objtype":"SOUNDG","valsou":111.5,"chart":"US4NH1BE"}},{"type":"Feature","geometry":{"type":"Point","coordinates":[-70.376304,42.909084]},"properties":{"objtype":"SOUNDG","valsou":80.1,"chart":"US4NH1BE"}},{"type":"Feature","geometry":{"type":"Point","coordinates":[-70.375666,43.088618]},"properties":{"objtype":"SOUNDG","valsou":77.4,"chart":"US4NH1BE"}},{"type":"Feature","geometry":{"type":"Point","coordinates":[-70.37542,42.9432]},"properties":{"objtype":"SOUNDG","valsou":106.9,"chart":"US4NH1BE"}},{"type":"Feature","geometry":{"type":"Point","coordinates":[-70.374937,42.932308]},"properties":{"objtype":"SOUNDG","valsou":126.4,"chart":"US4NH1BE"}},{"type":"Feature","geometry":{"type":"Point","coordinates":[-70.374587,43.059421]},"properties":{"objtype":"SOUNDG","valsou":102.4,"chart":"US4NH1BE"}},{"type":"Feature","geometry":{"type":"Point","coordinates":[-70.373964,42.966465]},"properties":{"objtype":"SOUNDG","valsou":75.5,"chart":"US4NH1BE"}},{"type":"Feature","geometry":{"type":"Point","coordinates":[-70.373866,43.036728]},"properties":{"objtype":"SOUNDG","valsou":113.9,"chart":"US4NH1BE"}},{"type":"Feature","geometry":{"type":"Point","coordinates":[-70.372947,42.922714]},"properties":{"objtype":"SOUNDG","valsou":124.3,"chart":"US4NH1BE"}},{"type":"Feature","geometry":{"type":"Point","coordinates":[-70.371496,43.094283]},"properties":{"objtype":"SOUNDG","valsou":72.5,"chart":"US4NH1BE"}},{"type":"Feature","geometry":{"type":"Point","coordinates":[-70.37111,42.953525]},"properties":{"objtype":"SOUNDG","valsou":127.1,"chart":"US4NH1BE"}},{"type":"Feature","geometry":{"type":"Point","coordinates":[-70.368691,42.916574]},"properties":{"objtype":"SOUNDG","valsou":81.3,"chart":"US4NH1BE"}},{"type":"Feature","geometry":{"type":"Point","coordinates":[-70.368388,42.99944]},"properties":{"objtype":"SOUNDG","valsou":129.8,"chart":"US4NH1BE"}},{"type":"Feature","geometry":{"type":"Point","coordinates":[-70.368217,43.077045]},"properties":{"objtype":"SOUNDG","valsou":87.4,"chart":"US4NH1BE"}},{"type":"Feature","geometry":{"type":"Point","coordinates":[-70.367029,43.009171]},"properties":{"objtype":"SOUNDG","valsou":125.5,"chart":"US4NH1BE"}},{"type":"Feature","geometry":{"type":"Point","coordinates":[-70.366858,43.08697]},"properties":{"objtype":"SOUNDG","valsou":83.8,"chart":"US4NH1BE"}},{"type":"Feature","geometry":{"type":"Point","coordinates":[-70.366561,42.993525]},"properties":{"objtype":"SOUNDG","valsou":127.1,"chart":"US4NH1BE"}},{"type":"Feature","geometry":{"type":"Point","coordinates":[-70.366497,42.906587]},"properties":{"objtype":"SOUNDG","valsou":95.4,"chart":"US4NH1BE"}},{"type":"Feature","geometry":{"type":"Point","coordinates":[-70.365592,43.068078]},"properties":{"objtype":"SOUNDG","valsou":99.3,"chart":"US4NH1BE"}},{"type":"Feature","geometry":{"type":"Point","coordinates":[-70.365513,43.023988]},"properties":{"objtype":"SOUNDG","valsou":120.0,"chart":"US4NH1BE"}},{"type":"Feature","geometry":{"type":"Point","coordinates":[-70.364403,43.048033]},"properties":{"objtype":"SOUNDG","valsou":113.9,"chart":"US4NH1BE"}},{"type":"Feature","geometry":{"type":"Point","coordinates":[-70.36272,42.962193]},"properties":{"objtype":"SOUNDG","valsou":92.9,"chart":"US4NH1BE"}},{"type":"Feature","geometry":{"type":"Point","coordinates":[-70.362054,42.931567]},"properties":{"objtype":"SOUNDG","valsou":131.6,"chart":"US4NH1BE"}},{"type":"Feature","geometry":{"type":"Point","coordinates":[-70.361553,42.94203]},"properties":{"objtype":"SOUNDG","valsou":132.8,"chart":"US4NH1BE"}},{"type":"Feature","geometry":{"type":"Point","coordinates":[-70.360443,42.983041]},"properties":{"objtype":"SOUNDG","valsou":109.4,"chart":"US4NH1BE"}},{"type":"Feature","geometry":{"type":"Point","coordinates":[-70.359948,42.972486]},"properties":{"objtype":"SOUNDG","valsou":122.2,"chart":"US4NH1BE"}},{"type":"Feature","geometry":{"type":"Point","coordinates":[-70.359361,43.055642]},"properties":{"objtype":"SOUNDG","valsou":105.1,"chart":"US4NH1BE"}},{"type":"Feature","geometry":{"type":"Point","coordinates":[-70.358321,42.952011]},"properties":{"objtype":"SOUNDG","valsou":131.3,"chart":"US4NH1BE"}},{"type":"Feature","geometry":{"type":"Point","coordinates":[-70.356364,43.080995]},"properties":{"objtype":"SOUNDG","valsou":97.8,"chart":"US4NH1BE"}},{"type":"Feature","geometry":{"type":"Point","coordinates":[-70.35438,43.001537]},"properties":{"objtype":"SOUNDG","valsou":121.9,"chart":"US4NH1BE"}},{"type":"Feature","geometry":{"type":"Point","coordinates":[-70.352864,43.027854]},"properties":{"objtype":"SOUNDG","valsou":117.9,"chart":"US4NH1BE"}},{"type":"Feature","geometry":{"type":"Point","coordinates":[-70.352737,43.039443]},"properties":{"objtype":"SOUNDG","valsou":116.4,"chart":"US4NH1BE"}},{"type":"Feature","geometry":{"type":"Point","coordinates":[-70.351663,42.993216]},"properties":{"objtype":"SOUNDG","valsou":137.7,"chart":"US4NH1BE"}},{"type":"Feature","geometry":{"type":"Point","coordinates":[-70.350988,42.922118]},"properties":{"objtype":"SOUNDG","valsou":135.3,"chart":"US4NH1BE"}},{"type":"Feature","geometry":{"type":"Point","coordinates":[-70.350837,42.912361]},"properties":{"objtype":"SOUNDG","valsou":127.1,"chart":"US4NH1BE"}},{"type":"Feature","geometry":{"type":"Point","coordinates":[-70.349875,42.957662]},"properties":{"objtype":"SOUNDG","valsou":111.2,"chart":"US4NH1BE"}},{"type":"Feature","geometry":{"type":"Point","coordinates":[-70.347836,43.063612]},"properties":{"objtype":"SOUNDG","valsou":108.5,"chart":"US4NH1BE"}},{"type":"Feature","geometry":{"type":"Point","coordinates":[-70.34713,42.977938]},"properties":{"objtype":"SOUNDG","valsou":126.1,"chart":"US4NH1BE"}},{"type":"Feature","geometry":{"type":"Point","coordinates":[-70.346573,43.089613]},"properties":{"objtype":"SOUNDG","valsou":101.1,"chart":"US4NH1BE"}},{"type":"Feature","geometry":{"type":"Point","coordinates":[-70.344449,42.967469]},"properties":{"objtype":"SOUNDG","valsou":128.0,"chart":"US4NH1BE"}},{"type":"Feature","geometry":{"type":"Point","coordinates":[-70.344418,43.074881]},"properties":{"objtype":"SOUNDG","valsou":111.8,"chart":"US4NH1BE"}},{"type":"Feature","geometry":{"type":"Point","coordinates":[-70.343742,43.050713]},"properties":{"objtype":"SOUNDG","valsou":120.7,"chart":"US4NH1BE"}},{"type":"Feature","geometry":{"type":"Point","coordinates":[-70.343001,42.934149]},"properties":{"objtype":"SOUNDG","valsou":143.8,"chart":"US4NH1BE"}},{"type":"Feature","geometry":{"type":"Point","coordinates":[-70.342621,42.99662]},"properties":{"objtype":"SOUNDG","valsou":131.0,"chart":"US4NH1BE"}},{"type":"Feature","geometry":{"type":"Point","coordinates":[-70.342073,43.020464]},"properties":{"objtype":"SOUNDG","valsou":124.0,"chart":"US4NH1BE"}},{"type":"Feature","geometry":{"type":"Point","coordinates":[-70.341121,42.942852]},"properties":{"objtype":"SOUNDG","valsou":133.1,"chart":"US4NH1BE"}},{"type":"Feature","geometry":{"type":"Point","coordinates":[-70.340882,42.954689]},"properties":{"objtype":"SOUNDG","valsou":113.6,"chart":"US4NH1BE"}},{"type":"Feature","geometry":{"type":"Point","coordinates":[-70.34022,42.983012]},"properties":{"objtype":"SOUNDG","valsou":133.1,"chart":"US4NH1BE"}},{"type":"Feature","geometry":{"type":"Point","coordinates":[-70.335172,43.005389]},"properties":{"objtype":"SOUNDG","valsou":131.3,"chart":"US4NH1BE"}},{"type":"Feature","geometry":{"type":"Point","coordinates":[-70.335028,43.040783]},"properties":{"objtype":"SOUNDG","valsou":113.0,"chart":"US4NH1BE"}},{"type":"Feature","geometry":{"type":"Point","coordinates":[-70.335014,42.923455]},"properties":{"objtype":"SOUNDG","valsou":149.9,"chart":"US4NH1BE"}},{"type":"Feature","geometry":{"type":"Point","coordinates":[-70.334226,43.029573]},"properties":{"objtype":"SOUNDG","valsou":127.4,"chart":"US4NH1BE"}},{"type":"Feature","geometry":{"type":"Point","coordinates":[-70.333221,43.08333]},"properties":{"objtype":"SOUNDG","valsou":114.6,"chart":"US4NH1BE"}},{"type":"Feature","geometry":{"type":"Point","coordinates":[-70.332095,43.066978]},"properties":{"objtype":"SOUNDG","valsou":121.6,"chart":"US4NH1BE"}},{"type":"Feature","geometry":{"type":"Point","coordinates":[-70.330538,42.999043]},"properties":{"objtype":"SOUNDG","valsou":134.7,"chart":"US4NH1BE"}},{"type":"Feature","geometry":{"type":"Point","coordinates":[-70.330289,42.972616]},"properties":{"objtype":"SOUNDG","valsou":137.4,"chart":"US4NH1BE"}},{"type":"Feature","geometry":{"type":"Point","coordinates":[-70.328966,42.940916]},"properties":{"objtype":"SOUNDG","valsou":140.8,"chart":"US4NH1BE"}},{"type":"Feature","geometry":{"type":"Point","coordinates":[-70.328394,43.054646]},"properties":{"objtype":"SOUNDG","valsou":125.5,"chart":"US4NH1BE"}},{"type":"Feature","geometry":{"type":"Point","coordinates":[-70.327067,43.012001]},"properties":{"objtype":"SOUNDG","valsou":133.8,"chart":"US4NH1BE"}},{"type":"Feature","geometry":{"type":"Point","coordinates":[-70.325764,42.918141]},"properties":{"objtype":"SOUNDG","valsou":148.7,"chart":"US4NH1BE"}},{"type":"Feature","geometry":{"type":"Point","coordinates":[-70.32464,43.020365]},"properties":{"objtype":"SOUNDG","valsou":128.9,"chart":"US4NH1BE"}},{"type":"Feature","geometry":{"type":"Point","coordinates":[-70.324043,42.978619]},"properties":{"objtype":"SOUNDG","valsou":144.7,"chart":"US4NH1BE"}},{"type":"Feature","geometry":{"type":"Point","coordinates":[-70.323506,42.950642]},"properties":{"objtype":"SOUNDG","valsou":116.7,"chart":"US4NH1BE"}},{"type":"Feature","geometry":{"type":"Point","coordinates":[-70.321666,42.961812]},"properties":{"objtype":"SOUNDG","valsou":143.2,"chart":"US4NH1BE"}},{"type":"Feature","geometry":{"type":"Point","coordinates":[-70.320144,42.988566]},"properties":{"objtype":"SOUNDG","valsou":141.4,"chart":"US4NH1BE"}},{"type":"Feature","geometry":{"type":"Point","coordinates":[-70.31996,43.028725]},"properties":{"objtype":"SOUNDG","valsou":131.3,"chart":"US4NH1BE"}},{"type":"Feature","geometry":{"type":"Point","coordinates":[-70.319404,43.076828]},"properties":{"objtype":"SOUNDG","valsou":124.6,"chart":"US4NH1BE"}},{"type":"Feature","geometry":{"type":"Point","coordinates":[-70.319124,43.120629]},"properties":{"objtype":"SOUNDG","valsou":109.1,"chart":"US4NH1BE"}},{"type":"Feature","geometry":{"type":"Point","coordinates":[-70.319123,43.089774]},"properties":{"objtype":"SOUNDG","valsou":126.1,"chart":"US4NH1BE"}},{"type":"Feature","geometry":{"type":"Point","coordinates":[-70.317976,43.001262]},"properties":{"objtype":"SOUNDG","valsou":140.5,"chart":"US4NH1BE"}},{"type":"Feature","geometry":{"type":"Point","coordinates":[-70.315917,42.972192]},"properties":{"objtype":"SOUNDG","valsou":159.7,"chart":"US4NH1BE"}},{"type":"Feature","geometry":{"type":"Point","coordinates":[-70.313927,43.04799]},"properties":{"objtype":"SOUNDG","valsou":131.3,"chart":"US4NH1BE"}},{"type":"Feature","geometry":{"type":"Point","coordinates":[-70.31344,43.01784]},"properties":{"objtype":"SOUNDG","valsou":134.7,"chart":"US4NH1BE"}},{"type":"Feature","geometry":{"type":"Point","coordinates":[-70.312585,43.008679]},"properties":{"objtype":"SOUNDG","valsou":140.8,"chart":"US4NH1BE"}},{"type":"Feature","geometry":{"type":"Point","coordinates":[-70.311799,43.066013]},"properties":{"objtype":"SOUNDG","valsou":126.1,"chart":"US4NH1BE"}},{"type":"Feature","geometry":{"type":"Point","coordinates":[-70.31166,42.940711]},"properties":{"objtype":"SOUNDG","valsou":126.4,"chart":"US4NH1BE"}},{"type":"Feature","geometry":{"type":"Point","coordinates":[-70.311421,42.949327]},"properties":{"objtype":"SOUNDG","valsou":111.2,"chart":"US4NH1BE"}},{"type":"Feature","geometry":{"type":"Point","coordinates":[-70.308725,43.062724]},"properties":{"objtype":"SOUNDG","valsou":120.7,"chart":"US4NH1BE"}},{"type":"Feature","geometry":{"type":"Point","coordinates":[-70.308238,42.961155]},"properties":{"objtype":"SOUNDG","valsou":150.2,"chart":"US4NH1BE"}},{"type":"Feature","geometry":{"type":"Point","coordinates":[-70.307979,42.99502]},"properties":{"objtype":"SOUNDG","valsou":144.7,"chart":"US4NH1BE"}},{"type":"Feature","geometry":{"type":"Point","coordinates":[-70.307681,43.033916]},"properties":{"objtype":"SOUNDG","valsou":135.6,"chart":"US4NH1BE"}},{"type":"Feature","geometry":{"type":"Point","coordinates":[-70.307601,43.056932]},"properties":{"objtype":"SOUNDG","valsou":137.4,"chart":"US4NH1BE"}},{"type":"Feature","geometry":{"type":"Point","coordinates":[-70.305821,42.934689]},"properties":{"objtype":"SOUNDG","valsou":124.6,"chart":"US4NH1BE"}},{"type":"Feature","geometry":{"type":"Point","coordinates":[-70.304657,42.982994]},"properties":{"objtype":"SOUNDG","valsou":151.1,"chart":"US4NH1BE"}},{"type":"Feature","geometry":{"type":"Point","coordinates":[-70.301294,43.09059]},"properties":{"objtype":"SOUNDG","valsou":137.7,"chart":"US4NH1BE"}},{"type":"Feature","geometry":{"type":"Point","coordinates":[-70.30048,42.915955]},"properties":{"objtype":"SOUNDG","valsou":153.6,"chart":"US4NH1BE"}},{"type":"Feature","geometry":{"type":"Point","coordinates":[-70.300311,43.019453]},"properties":{"objtype":"SOUNDG","valsou":148.1,"chart":"US4NH1BE"}},{"type":"Feature","geometry":{"type":"Point","coordinates":[-70.300151,43.052702]},"properties":{"objtype":"SOUNDG","valsou":138.6,"chart":"US4NH1BE"}},{"type":"Feature","geometry":{"type":"Point","coordinates":[-70.299425,43.000868]},"properties":{"objtype":"SOUNDG","valsou":147.5,"chart":"US4NH1BE"}},{"type":"Feature","geometry":{"type":"Point","coordinates":[-70.299336,43.009227]},"properties":{"objtype":"SOUNDG","valsou":148.4,"chart":"US4NH1BE"}},{"type":"Feature","geometry":{"type":"Point","coordinates":[-70.298888,42.976852]},"properties":{"objtype":"SOUNDG","valsou":150.5,"chart":"US4NH1BE"}},{"type":"Feature","geometry":{"type":"Point","coordinates":[-70.298331,42.96694]},"properties":{"objtype":"SOUNDG","valsou":162.1,"chart":"US4NH1BE"}},{"type":"Feature","geometry":{"type":"Point","coordinates":[-70.298232,42.941654]},"properties":{"objtype":"SOUNDG","valsou":135.3,"chart":"US4NH1BE"}},{"type":"Feature","geometry":{"type":"Point","coordinates":[-70.297841,43.065363]},"properties":{"objtype":"SOUNDG","valsou":143.8,"chart":"US4NH1BE"}},{"type":"Feature","geometry":{"type":"Point","coordinates":[-70.297422,43.073655]},"properties":{"objtype":"SOUNDG","valsou":137.1,"chart":"US4NH1BE"}},{"type":"Feature","geometry":{"type":"Point","coordinates":[-70.296372,42.951212]},"properties":{"objtype":"SOUNDG","valsou":129.8,"chart":"US4NH1BE"}},{"type":"Feature","geometry":{"type":"Point","coordinates":[-70.295997,42.99249]},"properties":{"objtype":"SOUNDG","valsou":145.9,"chart":"US4NH1BE"}},{"type":"Feature","geometry":{"type":"Point","coordinates":[-70.295579,43.040393]},"properties":{"objtype":"SOUNDG","valsou":135.6,"chart":"US4NH1BE"}},{"type":"Feature","geometry":{"type":"Point","coordinates":[-70.294114,43.107028]},"properties":{"objtype":"SOUNDG","valsou":110.0,"chart":"US4NH1BE"}},{"type":"Feature","geometry":{"type":"Point","coordinates":[-70.292821,43.029472]},"properties":{"objtype":"SOUNDG","valsou":147.2,"chart":"US4NH1BE"}},{"type":"Feature","geometry":{"type":"Point","coordinates":[-70.292343,42.961688]},"properties":{"objtype":"SOUNDG","valsou":162.1,"chart":"US4NH1BE"}},{"type":"Feature","geometry":{"type":"Point","coordinates":[-70.292343,43.09678]},"properties":{"objtype":"SOUNDG","valsou":136.5,"chart":"US4NH1BE"}},{"type":"Feature","geometry":{"type":"Point","coordinates":[-70.288942,43.123758]},"properties":{"objtype":"SOUNDG","valsou":125.5,"chart":"US4NH1BE"}},{"type":"Feature","geometry":{"type":"Point","coordinates":[-70.288405,42.983417]},"properties":{"objtype":"SOUNDG","valsou":151.1,"chart":"US4NH1BE"}},{"type":"Feature","geometry":{"type":"Point","coordinates":[-70.288017,43.056998]},"properties":{"objtype":"SOUNDG","valsou":149.9,"chart":"US4NH1BE"}},{"type":"Feature","geometry":{"type":"Point","coordinates":[-70.286107,43.001306]},"properties":{"objtype":"SOUNDG","valsou":156.9,"chart":"US4NH1BE"}},{"type":"Feature","geometry":{"type":"Point","coordinates":[-70.285194,43.112651]},"properties":{"objtype":"SOUNDG","valsou":121.9,"chart":"US4NH1BE"}},{"type":"Feature","geometry":{"type":"Point","coordinates":[-70.284227,42.940945]},"properties":{"objtype":"SOUNDG","valsou":135.0,"chart":"US4NH1BE"}},{"type":"Feature","geometry":{"type":"Point","coordinates":[-70.284178,43.090714]},"properties":{"objtype":"SOUNDG","valsou":137.7,"chart":"US4NH1BE"}},{"type":"Feature","geometry":{"type":"Point","coordinates":[-70.283968,43.022773]},"properties":{"objtype":"SOUNDG","valsou":145.0,"chart":"US4NH1BE"}},{"type":"Feature","geometry":{"type":"Point","coordinates":[-70.282586,43.01149]},"properties":{"objtype":"SOUNDG","valsou":153.3,"chart":"US4NH1BE"}},{"type":"Feature","geometry":{"type":"Point","coordinates":[-70.282069,43.073327]},"properties":{"objtype":"SOUNDG","valsou":145.3,"chart":"US4NH1BE"}},{"type":"Feature","geometry":{"type":"Point","coordinates":[-70.28176,42.929391]},"properties":{"objtype":"SOUNDG","valsou":133.8,"chart":"US4NH1BE"}},{"type":"Feature","geometry":{"type":"Point","coordinates":[-70.281094,43.101715]},"properties":{"objtype":"SOUNDG","valsou":124.6,"chart":"US4NH1BE"}},{"type":"Feature","geometry":{"type":"Point","coordinates":[-70.279214,43.132508]},"properties":{"objtype":"SOUNDG","valsou":121.3,"chart":"US4NH1BE"}},{"type":"Feature","geometry":{"type":"Point","coordinates":[-70.279038,42.977556]},"properties":{"objtype":"SOUNDG","valsou":146.9,"chart":"US4NH1BE"}},{"type":"Feature","geometry":{"type":"Point","coordinates":[-70.278269,42.992479]},"properties":{"objtype":"SOUNDG","valsou":156.6,"chart":"US4NH1BE"}},{"type":"Feature","geometry":{"type":"Point","coordinates":[-70.277374,42.945023]},"properties":{"objtype":"SOUNDG","valsou":170.9,"chart":"US4NH1BE"}},{"type":"Feature","geometry":{"type":"Point","coordinates":[-70.277215,43.03412]},"properties":{"objtype":"SOUNDG","valsou":143.2,"chart":"US4NH1BE"}},{"type":"Feature","geometry":{"type":"Point","coordinates":[-70.276479,43.107101]},"properties":{"objtype":"SOUNDG","valsou":122.8,"chart":"US4NH1BE"}},{"type":"Feature","geometry":{"type":"Point","coordinates":[-70.276071,43.062833]},"properties":{"objtype":"SOUNDG","valsou":147.8,"chart":"US4NH1BE"}},{"type":"Feature","geometry":{"type":"Point","coordinates":[-70.275007,42.961608]},"properties":{"objtype":"SOUNDG","valsou":163.0,"chart":"US4NH1BE"}},{"type":"Feature","geometry":{"type":"Point","coordinates":[-70.274589,43.085073]},"properties":{"objtype":"SOUNDG","valsou":128.9,"chart":"US4NH1BE"}},{"type":"Feature","geometry":{"type":"Point","coordinates":[-70.273992,43.039994]},"properties":{"objtype":"SOUNDG","valsou":148.1,"chart":"US4NH1BE"}},{"type":"Feature","geometry":{"type":"Point","coordinates":[-70.270342,42.98371]},"properties":{"objtype":"SOUNDG","valsou":162.4,"chart":"US4NH1BE"}},{"type":"Feature","geometry":{"type":"Point","coordinates":[-70.269974,42.972484]},"properties":{"objtype":"SOUNDG","valsou":152.7,"chart":"US4NH1BE"}},{"type":"Feature","geometry":{"type":"Point","coordinates":[-70.269695,43.022729]},"properties":{"objtype":"SOUNDG","valsou":138.3,"chart":"US4NH1BE"}},{"type":"Feature","geometry":{"type":"Point","coordinates":[-70.26886,43.129004]},"properties":{"objtype":"SOUNDG","valsou":122.5,"chart":"US4NH1BE"}},{"type":"Feature","geometry":{"type":"Point","coordinates":[-70.268333,43.118454]},"properties":{"objtype":"SOUNDG","valsou":133.8,"chart":"US4NH1BE"}},{"type":"Feature","geometry":{"type":"Point","coordinates":[-70.268064,43.1024]},"properties":{"objtype":"SOUNDG","valsou":123.1,"chart":"US4NH1BE"}},{"type":"Feature","geometry":{"type":"Point","coordinates":[-70.267676,42.950437]},"properties":{"objtype":"SOUNDG","valsou":167.3,"chart":"US4NH1BE"}},{"type":"Feature","geometry":{"type":"Point","coordinates":[-70.266134,43.052651]},"properties":{"objtype":"SOUNDG","valsou":151.1,"chart":"US4NH1BE"}},{"type":"Feature","geometry":{"type":"Point","coordinates":[-70.264483,42.965341]},"properties":{"objtype":"SOUNDG","valsou":151.7,"chart":"US4NH1BE"}},{"type":"Feature","geometry":{"type":"Point","coordinates":[-70.262235,42.99272]},"properties":{"objtype":"SOUNDG","valsou":159.4,"chart":"US4NH1BE"}},{"type":"Feature","geometry":{"type":"Point","coordinates":[-70.262007,43.096416]},"properties":{"objtype":"SOUNDG","valsou":135.0,"chart":"US4NH1BE"}},{"type":"Feature","geometry":{"type":"Point","coordinates":[-70.261818,43.073451]},"properties":{"objtype":"SOUNDG","valsou":149.0,"chart":"US4NH1BE"}},{"type":"Feature","geometry":{"type":"Point","coordinates":[-70.261251,42.923119]},"properties":{"objtype":"SOUNDG","valsou":128.9,"chart":"US4NH1BE"}},{"type":"Feature","geometry":{"type":"Point","coordinates":[-70.261131,42.978276]},"properties":{"objtype":"SOUNDG","valsou":159.4,"chart":"US4NH1BE"}},{"type":"Feature","geometry":{"type":"Point","coordinates":[-70.261042,43.039293]},"properties":{"objtype":"SOUNDG","valsou":156.0,"chart":"US4NH1BE"}},{"type":"Feature","geometry":{"type":"Point","coordinates":[-70.260037,43.085467]},"properties":{"objtype":"SOUNDG","valsou":139.9,"chart":"US4NH1BE"}},{"type":"Feature","geometry":{"type":"Point","coordinates":[-70.259401,42.945936]},"properties":{"objtype":"SOUNDG","valsou":176.7,"chart":"US4NH1BE"}},{"type":"Feature","geometry":{"type":"Point","coordinates":[-70.258943,42.934426]},"properties":{"objtype":"SOUNDG","valsou":143.2,"chart":"US4NH1BE"}},{"type":"Feature","geometry":{"type":"Point","coordinates":[-70.258714,43.112523]},"properties":{"objtype":"SOUNDG","valsou":141.1,"chart":"US4NH1BE"}},{"type":"Feature","geometry":{"type":"Point","coordinates":[-70.25773,43.12939]},"properties":{"objtype":"SOUNDG","valsou":123.4,"chart":"US4NH1BE"}},{"type":"Feature","geometry":{"type":"Point","coordinates":[-70.25768,43.016803]},"properties":{"objtype":"SOUNDG","valsou":142.0,"chart":"US4NH1BE"}},{"type":"Feature","geometry":{"type":"Point","coordinates":[-70.256934,42.956063]},"properties":{"objtype":"SOUNDG","valsou":164.5,"chart":"US4NH1BE"}},{"type":"Feature","geometry":{"type":"Point","coordinates":[-70.25215,42.995239]},"properties":{"objtype":"SOUNDG","valsou":161.2,"chart":"US4NH1BE"}},{"type":"Feature","geometry":{"type":"Point","coordinates":[-70.251881,42.983228]},"properties":{"objtype":"SOUNDG","valsou":162.1,"chart":"US4NH1BE"}},{"type":"Feature","geometry":{"type":"Point","coordinates":[-70.251546,43.063387]},"properties":{"objtype":"SOUNDG","valsou":159.4,"chart":"US4NH1BE"}},{"type":"Feature","geometry":{"type":"Point","coordinates":[-70.251503,43.023277]},"properties":{"objtype":"SOUNDG","valsou":135.9,"chart":"US4NH1BE"}},{"type":"Feature","geometry":{"type":"Point","coordinates":[-70.250797,42.928857]},"properties":{"objtype":"SOUNDG","valsou":124.3,"chart":"US4NH1BE"}},{"type":"Feature","geometry":{"type":"Point","coordinates":[-70.250349,43.091167]},"properties":{"objtype":"SOUNDG","valsou":140.8,"chart":"US4NH1BE"}},{"type":"Feature","geometry":{"type":"Point","coordinates":[-70.249454,42.918908]},"properties":{"objtype":"SOUNDG","valsou":125.5,"chart":"US4NH1BE"}},{"type":"Feature","geometry":{"type":"Point","coordinates":[-70.249146,43.05109]},"properties":{"objtype":"SOUNDG","valsou":161.2,"chart":"US4NH1BE"}},{"type":"Feature","geometry":{"type":"Point","coordinates":[-70.248619,43.006708]},"properties":{"objtype":"SOUNDG","valsou":160.3,"chart":"US4NH1BE"}},{"type":"Feature","geometry":{"type":"Point","coordinates":[-70.248539,42.972119]},"properties":{"objtype":"SOUNDG","valsou":161.2,"chart":"US4NH1BE"}},{"type":"Feature","geometry":{"type":"Point","coordinates":[-70.24837,43.123736]},"properties":{"objtype":"SOUNDG","valsou":138.3,"chart":"US4NH1BE"}},{"type":"Feature","geometry":{"type":"Point","coordinates":[-70.248211,42.945936]},"properties":{"objtype":"SOUNDG","valsou":171.9,"chart":"US4NH1BE"}},{"type":"Feature","geometry":{"type":"Point","coordinates":[-70.246192,43.079809]},"properties":{"objtype":"SOUNDG","valsou":133.1,"chart":"US4NH1BE"}},{"type":"Feature","geometry":{"type":"Point","coordinates":[-70.244461,43.017847]},"properties":{"objtype":"SOUNDG","valsou":135.0,"chart":"US4NH1BE"}},{"type":"Feature","geometry":{"type":"Point","coordinates":[-70.243438,42.940055]},"properties":{"objtype":"SOUNDG","valsou":178.0,"chart":"US4NH1BE"}},{"type":"Feature","geometry":{"type":"Point","coordinates":[-70.24285,43.112515]},"properties":{"objtype":"SOUNDG","valsou":132.2,"chart":"US4NH1BE"}},{"type":"Feature","geometry":{"type":"Point","coordinates":[-70.241606,42.961644]},"properties":{"objtype":"SOUNDG","valsou":141.1,"chart":"US4NH1BE"}},{"type":"Feature","geometry":{"type":"Point","coordinates":[-70.240741,43.129521]},"properties":{"objtype":"SOUNDG","valsou":134.4,"chart":"US4NH1BE"}},{"type":"Feature","geometry":{"type":"Point","coordinates":[-70.239408,43.045626]},"properties":{"objtype":"SOUNDG","valsou":166.7,"chart":"US4NH1BE"}},{"type":"Feature","geometry":{"type":"Point","coordinates":[-70.23903,43.106248]},"properties":{"objtype":"SOUNDG","valsou":126.1,"chart":"US4NH1BE"}},{"type":"Feature","geometry":{"type":"Point","coordinates":[-70.238553,43.033923]},"properties":{"objtype":"SOUNDG","valsou":158.1,"chart":"US4NH1BE"}},{"type":"Feature","geometry":{"type":"Point","coordinates":[-70.237876,43.073414]},"properties":{"objtype":"SOUNDG","valsou":141.4,"chart":"US4NH1BE"}},{"type":"Feature","geometry":{"type":"Point","coordinates":[-70.237742,43.056742]},"properties":{"objtype":"SOUNDG","valsou":178.3,"chart":"US4NH1BE"}},{"type":"Feature","geometry":{"type":"Point","coordinates":[-70.236494,43.090519]},"properties":{"objtype":"SOUNDG","valsou":151.1,"chart":"US4NH1BE"}},{"type":"Feature","geometry":{"type":"Point","coordinates":[-70.235091,42.918031]},"properties":{"objtype":"SOUNDG","valsou":123.7,"chart":"US4NH1BE"}},{"type":"Feature","geometry":{"type":"Point","coordinates":[-70.234007,42.995027]},"properties":{"objtype":"SOUNDG","valsou":163.6,"chart":"US4NH1BE"}},{"type":"Feature","geometry":{"type":"Point","coordinates":[-70.233768,43.118877]},"properties":{"objtype":"SOUNDG","valsou":135.9,"chart":"US4NH1BE"}},{"type":"Feature","geometry":{"type":"Point","coordinates":[-70.232981,42.983635]},"properties":{"objtype":"SOUNDG","valsou":164.2,"chart":"US4NH1BE"}},{"type":"Feature","geometry":{"type":"Point","coordinates":[-70.232127,42.956093]},"properties":{"objtype":"SOUNDG","valsou":139.9,"chart":"US4NH1BE"}},{"type":"Feature","geometry":{"type":"Point","coordinates":[-70.230864,42.945651]},"properties":{"objtype":"SOUNDG","valsou":167.9,"chart":"US4NH1BE"}},{"type":"Feature","geometry":{"type":"Point","coordinates":[-70.229094,43.012066]},"properties":{"objtype":"SOUNDG","valsou":154.2,"chart":"US4NH1BE"}},{"type":"Feature","geometry":{"type":"Point","coordinates":[-70.228835,43.050937]},"properties":{"objtype":"SOUNDG","valsou":162.4,"chart":"US4NH1BE"}},{"type":"Feature","geometry":{"type":"Point","coordinates":[-70.228348,43.027203]},"properties":{"objtype":"SOUNDG","valsou":157.8,"chart":"US4NH1BE"}},{"type":"Feature","geometry":{"type":"Point","coordinates":[-70.22783,43.129324]},"properties":{"objtype":"SOUNDG","valsou":142.0,"chart":"US4NH1BE"}},{"type":"Feature","geometry":{"type":"Point","coordinates":[-70.227771,43.099309]},"properties":{"objtype":"SOUNDG","valsou":136.8,"chart":"US4NH1BE"}},{"type":"Feature","geometry":{"type":"Point","coordinates":[-70.227452,42.912504]},"properties":{"objtype":"SOUNDG","valsou":114.9,"chart":"US4NH1BE"}},{"type":"Feature","geometry":{"type":"Point","coordinates":[-70.226878,42.940021]},"properties":{"objtype":"SOUNDG","valsou":167.3,"chart":"US4NH1BE"}},{"type":"Feature","geometry":{"type":"Point","coordinates":[-70.225878,43.039662]},"properties":{"objtype":"SOUNDG","valsou":164.2,"chart":"US4NH1BE"}},{"type":"Feature","geometry":{"type":"Point","coordinates":[-70.225493,42.923375]},"properties":{"objtype":"SOUNDG","valsou":131.9,"chart":"US4NH1BE"}},{"type":"Feature","geometry":{"type":"Point","coordinates":[-70.22409,42.972777]},"properties":{"objtype":"SOUNDG","valsou":157.8,"chart":"US4NH1BE"}},{"type":"Feature","geometry":{"type":"Point","coordinates":[-70.223961,43.08551]},"properties":{"objtype":"SOUNDG","valsou":159.1,"chart":"US4NH1BE"}},{"type":"Feature","geometry":{"type":"Point","coordinates":[-70.223374,43.06478]},"properties":{"objtype":"SOUNDG","valsou":149.0,"chart":"US4NH1BE"}},{"type":"Feature","geometry":{"type":"Point","coordinates":[-70.223145,42.961688]},"properties":{"objtype":"SOUNDG","valsou":159.1,"chart":"US4NH1BE"}},{"type":"Feature","geometry":{"type":"Point","coordinates":[-70.22224,43.111983]},"properties":{"objtype":"SOUNDG","valsou":141.1,"chart":"US4NH1BE"}},{"type":"Feature","geometry":{"type":"Point","coordinates":[-70.21855,43.073021]},"properties":{"objtype":"SOUNDG","valsou":162.7,"chart":"US4NH1BE"}},{"type":"Feature","geometry":{"type":"Point","coordinates":[-70.218103,42.978196]},"properties":{"objtype":"SOUNDG","valsou":156.9,"chart":"US4NH1BE"}},{"type":"Feature","geometry":{"type":"Point","coordinates":[-70.214492,42.912548]},"properties":{"objtype":"SOUNDG","valsou":135.3,"chart":"US4NH1BE"}},{"type":"Feature","geometry":{"type":"Point","coordinates":[-70.214362,43.062527]},"properties":{"objtype":"SOUNDG","valsou":156.0,"chart":"US4NH1BE"}},{"type":"Feature","geometry":{"type":"Point","coordinates":[-70.213676,43.132122]},"properties":{"objtype":"SOUNDG","valsou":101.1,"chart":"US4NH1BE"}},{"type":"Feature","geometry":{"type":"Point","coordinates":[-70.213159,43.01603]},"properties":{"objtype":"SOUNDG","valsou":152.7,"chart":"US4NH1BE"}},{"type":"Feature","geometry":{"type":"Point","coordinates":[-70.213139,42.92396]},"properties":{"objtype":"SOUNDG","valsou":160.6,"chart":"US4NH1BE"}},{"type":"Feature","geometry":{"type":"Point","coordinates":[-70.211886,42.940463]},"properties":{"objtype":"SOUNDG","valsou":135.6,"chart":"US4NH1BE"}},{"type":"Feature","geometry":{"type":"Point","coordinates":[-70.211717,43.028845]},"properties":{"objtype":"SOUNDG","valsou":166.7,"chart":"US4NH1BE"}},{"type":"Feature","geometry":{"type":"Point","coordinates":[-70.2112,43.005438]},"properties":{"objtype":"SOUNDG","valsou":150.2,"chart":"US4NH1BE"}},{"type":"Feature","geometry":{"type":"Point","coordinates":[-70.2112,43.051367]},"properties":{"objtype":"SOUNDG","valsou":170.6,"chart":"US4NH1BE"}},{"type":"Feature","geometry":{"type":"Point","coordinates":[-70.210603,43.095942]},"properties":{"objtype":"SOUNDG","valsou":157.5,"chart":"US4NH1BE"}},{"type":"Feature","geometry":{"type":"Point","coordinates":[-70.210384,43.124698]},"properties":{"objtype":"SOUNDG","valsou":152.0,"chart":"US4NH1BE"}},{"type":"Feature","geometry":{"type":"Point","coordinates":[-70.209519,43.106518]},"properties":{"objtype":"SOUNDG","valsou":145.9,"chart":"US4NH1BE"}},{"type":"Feature","geometry":{"type":"Point","coordinates":[-70.209091,42.994808]},"properties":{"objtype":"SOUNDG","valsou":171.9,"chart":"US4NH1BE"}},{"type":"Feature","geometry":{"type":"Point","coordinates":[-70.207978,43.079847]},"properties":{"objtype":"SOUNDG","valsou":164.2,"chart":"US4NH1BE"}},{"type":"Feature","geometry":{"type":"Point","coordinates":[-70.207072,42.972609]},"properties":{"objtype":"SOUNDG","valsou":149.6,"chart":"US4NH1BE"}},{"type":"Feature","geometry":{"type":"Point","coordinates":[-70.204555,43.102108]},"properties":{"objtype":"SOUNDG","valsou":162.4,"chart":"US4NH1BE"}},{"type":"Feature","geometry":{"type":"Point","coordinates":[-70.20365,42.956837]},"properties":{"objtype":"SOUNDG","valsou":134.7,"chart":"US4NH1BE"}},{"type":"Feature","geometry":{"type":"Point","coordinates":[-70.201979,43.073064]},"properties":{"objtype":"SOUNDG","valsou":154.8,"chart":"US4NH1BE"}},{"type":"Feature","geometry":{"type":"Point","coordinates":[-70.200467,42.940646]},"properties":{"objtype":"SOUNDG","valsou":122.8,"chart":"US4NH1BE"}},{"type":"Feature","geometry":{"type":"Point","coordinates":[-70.499304,43.124144]},"properties":{"objtype":"SOUNDG","valsou":24.6,"chart":"US4NH1BE"}},{"type":"Feature","geometry":{"type":"Point","coordinates":[-70.496851,43.120465]},"properties":{"objtype":"SOUNDG","valsou":45.7,"chart":"US4NH1BE"}},{"type":"Feature","geometry":{"type":"Point","coordinates":[-70.496754,43.096021]},"properties":{"objtype":"SOUNDG","valsou":58.2,"chart":"US4NH1BE"}},{"type":"Feature","geometry":{"type":"Point","coordinates":[-70.496573,43.114307]},"properties":{"objtype":"SOUNDG","valsou":28.9,"chart":"US4NH1BE"}},{"type":"Feature","geometry":{"type":"Point","coordinates":[-70.495122,43.100051]},"properties":{"objtype":"SOUNDG","valsou":29.2,"chart":"US4NH1BE"}},{"type":"Feature","geometry":{"type":"Point","coordinates":[-70.494155,43.103106]},"properties":{"objtype":"SOUNDG","valsou":28.9,"chart":"US4NH1BE"}},{"type":"Feature","geometry":{"type":"Point","coordinates":[-70.489843,43.120465]},"properties":{"objtype":"SOUNDG","valsou":24.6,"chart":"US4NH1BE"}},{"type":"Feature","geometry":{"type":"Point","coordinates":[-70.489479,43.130955]},"properties":{"objtype":"SOUNDG","valsou":33.5,"chart":"US4NH1BE"}},{"type":"Feature","geometry":{"type":"Point","coordinates":[-70.487871,43.100626]},"properties":{"objtype":"SOUNDG","valsou":49.0,"chart":"US4NH1BE"}},{"type":"Feature","geometry":{"type":"Point","coordinates":[-70.487508,43.105807]},"properties":{"objtype":"SOUNDG","valsou":46.6,"chart":"US4NH1BE"}},{"type":"Feature","geometry":{"type":"Point","coordinates":[-70.486267,43.118459]},"properties":{"objtype":"SOUNDG","valsou":10.0,"chart":"US4NH1BE"}},{"type":"Feature","geometry":{"type":"Point","coordinates":[-70.485272,43.110456]},"properties":{"objtype":"SOUNDG","valsou":45.7,"chart":"US4NH1BE"}},{"type":"Feature","geometry":{"type":"Point","coordinates":[-70.484319,43.128642]},"properties":{"objtype":"SOUNDG","valsou":21.0,"chart":"US4NH1BE"}},{"type":"Feature","geometry":{"type":"Point","coordinates":[-70.484213,43.123666]},"properties":{"objtype":"SOUNDG","valsou":8.5,"chart":"US4NH1BE"}},{"type":"Feature","geometry":{"type":"Point","coordinates":[-70.482553,43.114573]},"properties":{"objtype":"SOUNDG","valsou":12.8,"chart":"US4NH1BE"}},{"type":"Feature","geometry":{"type":"Point","coordinates":[-70.48216,43.118228]},"properties":{"objtype":"SOUNDG","valsou":25.9,"chart":"US4NH1BE"}},{"type":"Feature","geometry":{"type":"Point","coordinates":[-70.481159,43.132035]},"properties":{"objtype":"SOUNDG","valsou":14.9,"chart":"US4NH1BE"}},{"type":"Feature","geometry":{"type":"Point","coordinates":[-70.478009,43.101689]},"properties":{"objtype":"SOUNDG","valsou":7.6,"chart":"US4NH1BE"}},{"type":"Feature","geometry":{"type":"Point","coordinates":[-70.476438,43.110898]},"properties":{"objtype":"SOUNDG","valsou":42.9,"chart":"US4NH1BE"}},{"type":"Feature","geometry":{"type":"Point","coordinates":[-70.476372,43.128968]},"properties":{"objtype":"SOUNDG","valsou":24.6,"chart":"US4NH1BE"}},{"type":"Feature","geometry":{"type":"Point","coordinates":[-70.474081,43.10656]},"properties":{"objtype":"SOUNDG","valsou":29.2,"chart":"US4NH1BE"}},{"type":"Feature","geometry":{"type":"Point","coordinates":[-70.471845,43.100626]},"properties":{"objtype":"SOUNDG","valsou":63.3,"chart":"US4NH1BE"}},{"type":"Feature","geometry":{"type":"Point","coordinates":[-70.471744,43.126945]},"properties":{"objtype":"SOUNDG","valsou":36.5,"chart":"US4NH1BE"}},{"type":"Feature","geometry":{"type":"Point","coordinates":[-70.47106,43.097349]},"properties":{"objtype":"SOUNDG","valsou":67.3,"chart":"US4NH1BE"}},{"type":"Feature","geometry":{"type":"Point","coordinates":[-70.469428,43.130531]},"properties":{"objtype":"SOUNDG","valsou":26.2,"chart":"US4NH1BE"}},{"type":"Feature","geometry":{"type":"Point","coordinates":[-70.468824,43.105453]},"properties":{"objtype":"SOUNDG","valsou":22.8,"chart":"US4NH1BE"}},{"type":"Feature","geometry":{"type":"Point","coordinates":[-70.46411,43.127176]},"properties":{"objtype":"SOUNDG","valsou":46.0,"chart":"US4NH1BE"}},{"type":"Feature","geometry":{"type":"Point","coordinates":[-70.46399,43.113378]},"properties":{"objtype":"SOUNDG","valsou":7.3,"chart":"US4NH1BE"}},{"type":"Feature","geometry":{"type":"Point","coordinates":[-70.463567,43.101512]},"properties":{"objtype":"SOUNDG","valsou":49.6,"chart":"US4NH1BE"}},{"type":"Feature","geometry":{"type":"Point","coordinates":[-70.462539,43.111385]},"properties":{"objtype":"SOUNDG","valsou":12.4,"chart":"US4NH1BE"}},{"type":"Feature","geometry":{"type":"Point","coordinates":[-70.462109,43.121275]},"properties":{"objtype":"SOUNDG","valsou":38.4,"chart":"US4NH1BE"}},{"type":"Feature","geometry":{"type":"Point","coordinates":[-70.461633,43.107376]},"properties":{"objtype":"SOUNDG","valsou":46.9,"chart":"US4NH1BE"}},{"type":"Feature","geometry":{"type":"Point","coordinates":[-70.459318,43.125788]},"properties":{"objtype":"SOUNDG","valsou":35.0,"chart":"US4NH1BE"}},{"type":"Feature","geometry":{"type":"Point","coordinates":[-70.456738,43.102486]},"properties":{"objtype":"SOUNDG","valsou":59.4,"chart":"US4NH1BE"}},{"type":"Feature","geometry":{"type":"Point","coordinates":[-70.456678,43.116654]},"properties":{"objtype":"SOUNDG","valsou":14.3,"chart":"US4NH1BE"}},{"type":"Feature","geometry":{"type":"Point","coordinates":[-70.456461,43.110583]},"properties":{"objtype":"SOUNDG","valsou":35.6,"chart":"US4NH1BE"}},{"type":"Feature","geometry":{"type":"Point","coordinates":[-70.455843,43.130107]},"properties":{"objtype":"SOUNDG","valsou":33.5,"chart":"US4NH1BE"}},{"type":"Feature","geometry":{"type":"Point","coordinates":[-70.455348,43.108021]},"properties":{"objtype":"SOUNDG","valsou":26.8,"chart":"US4NH1BE"}},{"type":"Feature","geometry":{"type":"Point","coordinates":[-70.452946,43.126675]},"properties":{"objtype":"SOUNDG","valsou":44.8,"chart":"US4NH1BE"}},{"type":"Feature","geometry":{"type":"Point","coordinates":[-70.451893,43.120311]},"properties":{"objtype":"SOUNDG","valsou":42.6,"chart":"US4NH1BE"}},{"type":"Feature","geometry":{"type":"Point","coordinates":[-70.451818,43.096567]},"properties":{"objtype":"SOUNDG","valsou":47.5,"chart":"US4NH1BE"}},{"type":"Feature","geometry":{"type":"Point","coordinates":[-70.450521,43.11578]},"properties":{"objtype":"SOUNDG","valsou":41.1,"chart":"US4NH1BE"}},{"type":"Feature","geometry":{"type":"Point","coordinates":[-70.446889,43.109659]},"properties":{"objtype":"SOUNDG","valsou":48.1,"chart":"US4NH1BE"}},{"type":"Feature","geometry":{"type":"Point","coordinates":[-70.446581,43.100922]},"properties":{"objtype":"SOUNDG","valsou":44.5,"chart":"US4NH1BE"}},{"type":"Feature","geometry":{"type":"Point","coordinates":[-70.446175,43.104833]},"properties":{"objtype":"SOUNDG","valsou":71.9,"chart":"US4NH1BE"}},{"type":"Feature","geometry":{"type":"Point","coordinates":[-70.444048,43.128564]},"properties":{"objtype":"SOUNDG","valsou":32.0,"chart":"US4NH1BE"}},{"type":"Feature","geometry":{"type":"Point","coordinates":[-70.443921,43.118035]},"properties":{"objtype":"SOUNDG","valsou":49.3,"chart":"US4NH1BE"}},{"type":"Feature","geometry":{"type":"Point","coordinates":[-70.443565,43.11351]},"properties":{"objtype":"SOUNDG","valsou":35.9,"chart":"US4NH1BE"}},{"type":"Feature","geometry":{"type":"Point","coordinates":[-70.441678,43.095696]},"properties":{"objtype":"SOUNDG","valsou":75.5,"chart":"US4NH1BE"}},{"type":"Feature","geometry":{"type":"Point","coordinates":[-70.44047,43.124946]},"properties":{"objtype":"SOUNDG","valsou":4.5,"chart":"US4NH1BE"}},{"type":"Feature","geometry":{"type":"Point","coordinates":[-70.43819,43.131844]},"properties":{"objtype":"SOUNDG","valsou":47.5,"chart":"US4NH1BE"}},{"type":"Feature","geometry":{"type":"Point","coordinates":[-70.437836,43.107976]},"properties":{"objtype":"SOUNDG","valsou":66.4,"chart":"US4NH1BE"}},{"type":"Feature","geometry":{"type":"Point","coordinates":[-70.436736,43.113688]},"properties":{"objtype":"SOUNDG","valsou":46.0,"chart":"US4NH1BE"}},{"type":"Feature","geometry":{"type":"Point","coordinates":[-70.436244,43.118575]},"properties":{"objtype":"SOUNDG","valsou":6.0,"chart":"US4NH1BE"}},{"type":"Feature","geometry":{"type":"Point","coordinates":[-70.434507,43.126173]},"properties":{"objtype":"SOUNDG","valsou":29.5,"chart":"US4NH1BE"}},{"type":"Feature","geometry":{"type":"Point","coordinates":[-70.434211,43.103372]},"properties":{"objtype":"SOUNDG","valsou":62.7,"chart":"US4NH1BE"}},{"type":"Feature","geometry":{"type":"Point","coordinates":[-70.431129,43.112315]},"properties":{"objtype":"SOUNDG","valsou":67.0,"chart":"US4NH1BE"}},{"type":"Feature","geometry":{"type":"Point","coordinates":[-70.430645,43.099165]},"properties":{"objtype":"SOUNDG","valsou":61.5,"chart":"US4NH1BE"}},{"type":"Feature","geometry":{"type":"Point","coordinates":[-70.430452,43.122162]},"properties":{"objtype":"SOUNDG","valsou":10.3,"chart":"US4NH1BE"}},{"type":"Feature","geometry":{"type":"Point","coordinates":[-70.429873,43.130416]},"properties":{"objtype":"SOUNDG","valsou":47.8,"chart":"US4NH1BE"}},{"type":"Feature","geometry":{"type":"Point","coordinates":[-70.429136,43.118729]},"properties":{"objtype":"SOUNDG","valsou":21.3,"chart":"US4NH1BE"}},{"type":"Feature","geometry":{"type":"Point","coordinates":[-70.42724,43.126289]},"properties":{"objtype":"SOUNDG","valsou":51.5,"chart":"US4NH1BE"}},{"type":"Feature","geometry":{"type":"Point","coordinates":[-70.425751,43.104478]},"properties":{"objtype":"SOUNDG","valsou":78.6,"chart":"US4NH1BE"}},{"type":"Feature","geometry":{"type":"Point","coordinates":[-70.424397,43.13246]},"properties":{"objtype":"SOUNDG","valsou":45.7,"chart":"US4NH1BE"}},{"type":"Feature","geometry":{"type":"Point","coordinates":[-70.423757,43.110721]},"properties":{"objtype":"SOUNDG","valsou":76.5,"chart":"US4NH1BE"}},{"type":"Feature","geometry":{"type":"Point","coordinates":[-70.421219,43.107711]},"properties":{"objtype":"SOUNDG","valsou":68.5,"chart":"US4NH1BE"}},{"type":"Feature","geometry":{"type":"Point","coordinates":[-70.421158,43.096065]},"properties":{"objtype":"SOUNDG","valsou":79.5,"chart":"US4NH1BE"}},{"type":"Feature","geometry":{"type":"Point","coordinates":[-70.420816,43.126867]},"properties":{"objtype":"SOUNDG","valsou":28.0,"chart":"US4NH1BE"}},{"type":"Feature","geometry":{"type":"Point","coordinates":[-70.4205,43.120041]},"properties":{"objtype":"SOUNDG","valsou":31.6,"chart":"US4NH1BE"}},{"type":"Feature","geometry":{"type":"Point","coordinates":[-70.419466,43.114219]},"properties":{"objtype":"SOUNDG","valsou":62.4,"chart":"US4NH1BE"}},{"type":"Feature","geometry":{"type":"Point","coordinates":[-70.416691,43.122756]},"properties":{"objtype":"SOUNDG","valsou":49.6,"chart":"US4NH1BE"}},{"type":"Feature","geometry":{"type":"Point","coordinates":[-70.416143,43.10222]},"properties":{"objtype":"SOUNDG","valsou":70.1,"chart":"US4NH1BE"}},{"type":"Feature","geometry":{"type":"Point","coordinates":[-70.414148,43.108906]},"properties":{"objtype":"SOUNDG","valsou":82.2,"chart":"US4NH1BE"}},{"type":"Feature","geometry":{"type":"Point","coordinates":[-70.413544,43.105231]},"properties":{"objtype":"SOUNDG","valsou":79.2,"chart":"US4NH1BE"}},{"type":"Feature","geometry":{"type":"Point","coordinates":[-70.413254,43.115635]},"properties":{"objtype":"SOUNDG","valsou":78.9,"chart":"US4NH1BE"}},{"type":"Feature","geometry":{"type":"Point","coordinates":[-70.408843,43.112536]},"properties":{"objtype":"SOUNDG","valsou":67.6,"chart":"US4NH1BE"}},{"type":"Feature","geometry":{"type":"Point","coordinates":[-70.408359,43.097925]},"properties":{"objtype":"SOUNDG","valsou":68.5,"chart":"US4NH1BE"}},{"type":"Feature","geometry":{"type":"Point","coordinates":[-70.407663,43.128256]},"properties":{"objtype":"SOUNDG","valsou":18.8,"chart":"US4NH1BE"}},{"type":"Feature","geometry":{"type":"Point","coordinates":[-70.403102,43.11475]},"properties":{"objtype":"SOUNDG","valsou":66.7,"chart":"US4NH1BE"}},{"type":"Feature","geometry":{"type":"Point","coordinates":[-70.4028,43.108331]},"properties":{"objtype":"SOUNDG","valsou":63.3,"chart":"US4NH1BE"}},{"type":"Feature","geometry":{"type":"Point","coordinates":[-70.402081,43.130493]},"properties":{"objtype":"SOUNDG","valsou":52.1,"chart":"US4NH1BE"}},{"type":"Feature","geometry":{"type":"Point","coordinates":[-70.400987,43.095135]},"properties":{"objtype":"SOUNDG","valsou":88.6,"chart":"US4NH1BE"}},{"type":"Feature","geometry":{"type":"Point","coordinates":[-70.400818,43.128294]},"properties":{"objtype":"SOUNDG","valsou":46.3,"chart":"US4NH1BE"}},{"type":"Feature","geometry":{"type":"Point","coordinates":[-70.397658,43.122085]},"properties":{"objtype":"SOUNDG","valsou":73.7,"chart":"US4NH1BE"}},{"type":"Feature","geometry":{"type":"Point","coordinates":[-70.397543,43.10129]},"properties":{"objtype":"SOUNDG","valsou":69.4,"chart":"US4NH1BE"}},{"type":"Feature","geometry":{"type":"Point","coordinates":[-70.392445,43.131341]},"properties":{"objtype":"SOUNDG","valsou":50.2,"chart":"US4NH1BE"}},{"type":"Feature","geometry":{"type":"Point","coordinates":[-70.391802,43.10926]},"properties":{"objtype":"SOUNDG","valsou":73.1,"chart":"US4NH1BE"}},{"type":"Feature","geometry":{"type":"Point","coordinates":[-70.389566,43.11599]},"properties":{"objtype":"SOUNDG","valsou":69.7,"chart":"US4NH1BE"}},{"type":"Feature","geometry":{"type":"Point","coordinates":[-70.389204,43.102575]},"properties":{"objtype":"SOUNDG","valsou":67.9,"chart":"US4NH1BE"}},{"type":"Feature","geometry":{"type":"Point","coordinates":[-70.388391,43.122046]},"properties":{"objtype":"SOUNDG","valsou":78.6,"chart":"US4NH1BE"}},{"type":"Feature","geometry":{"type":"Point","coordinates":[-70.382704,43.129336]},"properties":{"objtype":"SOUNDG","valsou":74.6,"chart":"US4NH1BE"}},{"type":"Feature","geometry":{"type":"Point","coordinates":[-70.382375,43.098811]},"properties":{"objtype":"SOUNDG","valsou":64.6,"chart":"US4NH1BE"}},{"type":"Feature","geometry":{"type":"Point","coordinates":[-70.381388,43.12166]},"properties":{"objtype":"SOUNDG","valsou":93.5,"chart":"US4NH1BE"}},{"type":"Feature","geometry":{"type":"Point","coordinates":[-70.381106,43.107578]},"properties":{"objtype":"SOUNDG","valsou":92.9,"chart":"US4NH1BE"}},{"type":"Feature","geometry":{"type":"Point","coordinates":[-70.38026,43.117406]},"properties":{"objtype":"SOUNDG","valsou":80.4,"chart":"US4NH1BE"}},{"type":"Feature","geometry":{"type":"Point","coordinates":[-70.373009,43.107844]},"properties":{"objtype":"SOUNDG","valsou":83.2,"chart":"US4NH1BE"}},{"type":"Feature","geometry":{"type":"Point","coordinates":[-70.367634,43.126096]},"properties":{"objtype":"SOUNDG","valsou":100.8,"chart":"US4NH1BE"}},{"type":"Feature","geometry":{"type":"Point","coordinates":[-70.361158,43.132498]},"properties":{"objtype":"SOUNDG","valsou":100.5,"chart":"US4NH1BE"}},{"type":"Feature","geometry":{"type":"Point","coordinates":[-70.360029,43.116565]},"properties":{"objtype":"SOUNDG","valsou":99.9,"chart":"US4NH1BE"}},{"type":"Feature","geometry":{"type":"Point","coordinates":[-70.35911,43.095932]},"properties":{"objtype":"SOUNDG","valsou":98.4,"chart":"US4NH1BE"}},{"type":"Feature","geometry":{"type":"Point","coordinates":[-70.35447,43.106427]},"properties":{"objtype":"SOUNDG","valsou":96.6,"chart":"US4NH1BE"}},{"type":"Feature","geometry":{"type":"Point","coordinates":[-70.351254,43.125175]},"properties":{"objtype":"SOUNDG","valsou":106.9,"chart":"US4NH1BE"}},{"type":"Feature","geometry":{"type":"Point","coordinates":[-70.34039,43.109349]},"properties":{"objtype":"SOUNDG","valsou":112.7,"chart":"US4NH1BE"}},{"type":"Feature","geometry":{"type":"Point","coordinates":[-70.339674,43.130801]},"properties":{"objtype":"SOUNDG","valsou":89.6,"chart":"US4NH1BE"}},{"type":"Feature","geometry":{"type":"Point","coordinates":[-70.332897,43.095755]},"properties":{"objtype":"SOUNDG","valsou":110.3,"chart":"US4NH1BE"}},{"type":"Feature","geometry":{"type":"Point","coordinates":[-70.326415,43.128834]},"properties":{"objtype":"SOUNDG","valsou":98.4,"chart":"US4NH1BE"}},{"type":"Feature","geometry":{"type":"Point","coordinates":[-70.324473,43.110013]},"properties":{"objtype":"SOUNDG","valsou":121.6,"chart":"US4NH1BE"}},{"type":"Feature","geometry":{"type":"Point","coordinates":[-70.3113,43.102043]},"properties":{"objtype":"SOUNDG","valsou":123.7,"chart":"US4NH1BE"}},{"type":"Feature","geometry":{"type":"Point","coordinates":[-70.310756,43.095224]},"properties":{"objtype":"SOUNDG","valsou":132.5,"chart":"US4NH1BE"}},{"type":"Feature","geometry":{"type":"Point","coordinates":[-70.302598,43.112935]},"properties":{"objtype":"SOUNDG","valsou":118.5,"chart":"US4NH1BE"}},{"type":"Feature","geometry":{"type":"Point","coordinates":[-70.297602,43.12949]},"properties":{"objtype":"SOUNDG","valsou":109.4,"chart":"US4NH1BE"}},{"type":"Feature","geometry":{"type":"Point","coordinates":[-70.499801,43.19808]},"properties":{"objtype":"SOUNDG","valsou":31.0,"chart":"US4NH1BE"}},{"type":"Feature","geometry":{"type":"Point","coordinates":[-70.498524,43.152433]},"properties":{"objtype":"SOUNDG","valsou":30.4,"chart":"US4NH1BE"}},{"type":"Feature","geometry":{"type":"Point","coordinates":[-70.497938,43.178947]},"properties":{"objtype":"SOUNDG","valsou":31.3,"chart":"US4NH1BE"}},{"type":"Feature","geometry":{"type":"Point","coordinates":[-70.497772,43.188619]},"properties":{"objtype":"SOUNDG","valsou":34.1,"chart":"US4NH1BE"}},{"type":"Feature","geometry":{"type":"Point","coordinates":[-70.495152,43.145449]},"properties":{"objtype":"SOUNDG","valsou":21.3,"chart":"US4NH1BE"}},{"type":"Feature","geometry":{"type":"Point","coordinates":[-70.494651,43.137575]},"properties":{"objtype":"SOUNDG","valsou":14.3,"chart":"US4NH1BE"}},{"type":"Feature","geometry":{"type":"Point","coordinates":[-70.494401,43.172724]},"properties":{"objtype":"SOUNDG","valsou":35.3,"chart":"US4NH1BE"}},{"type":"Feature","geometry":{"type":"Point","coordinates":[-70.493723,43.167574]},"properties":{"objtype":"SOUNDG","valsou":26.5,"chart":"US4NH1BE"}},{"type":"Feature","geometry":{"type":"Point","coordinates":[-70.4937,43.184959]},"properties":{"objtype":"SOUNDG","valsou":24.6,"chart":"US4NH1BE"}},{"type":"Feature","geometry":{"type":"Point","coordinates":[-70.493666,43.159572]},"properties":{"objtype":"SOUNDG","valsou":30.4,"chart":"US4NH1BE"}},{"type":"Feature","geometry":{"type":"Point","coordinates":[-70.493271,43.192461]},"properties":{"objtype":"SOUNDG","valsou":30.4,"chart":"US4NH1BE"}},{"type":"Feature","geometry":{"type":"Point","coordinates":[-70.489343,43.155309]},"properties":{"objtype":"SOUNDG","valsou":49.3,"chart":"US4NH1BE"}},{"type":"Feature","geometry":{"type":"Point","coordinates":[-70.488936,43.175077]},"properties":{"objtype":"SOUNDG","valsou":19.5,"chart":"US4NH1BE"}},{"type":"Feature","geometry":{"type":"Point","coordinates":[-70.487377,43.180672]},"properties":{"objtype":"SOUNDG","valsou":21.9,"chart":"US4NH1BE"}},{"type":"Feature","geometry":{"type":"Point","coordinates":[-70.486948,43.19003]},"properties":{"objtype":"SOUNDG","valsou":23.4,"chart":"US4NH1BE"}},{"type":"Feature","geometry":{"type":"Point","coordinates":[-70.486535,43.144298]},"properties":{"objtype":"SOUNDG","valsou":16.1,"chart":"US4NH1BE"}},{"type":"Feature","geometry":{"type":"Point","coordinates":[-70.485678,43.139433]},"properties":{"objtype":"SOUNDG","valsou":38.1,"chart":"US4NH1BE"}},{"type":"Feature","geometry":{"type":"Point","coordinates":[-70.483949,43.154159]},"properties":{"objtype":"SOUNDG","valsou":12.8,"chart":"US4NH1BE"}},{"type":"Feature","geometry":{"type":"Point","coordinates":[-70.482983,43.186214]},"properties":{"objtype":"SOUNDG","valsou":21.0,"chart":"US4NH1BE"}},{"type":"Feature","geometry":{"type":"Point","coordinates":[-70.482949,43.151465]},"properties":{"objtype":"SOUNDG","valsou":25.6,"chart":"US4NH1BE"}},{"type":"Feature","geometry":{"type":"Point","coordinates":[-70.482685,43.173247]},"properties":{"objtype":"SOUNDG","valsou":20.7,"chart":"US4NH1BE"}},{"type":"Feature","geometry":{"type":"Point","coordinates":[-70.481019,43.180097]},"properties":{"objtype":"SOUNDG","valsou":20.1,"chart":"US4NH1BE"}},{"type":"Feature","geometry":{"type":"Point","coordinates":[-70.479213,43.143147]},"properties":{"objtype":"SOUNDG","valsou":42.9,"chart":"US4NH1BE"}},{"type":"Feature","geometry":{"type":"Point","coordinates":[-70.476375,43.185221]},"properties":{"objtype":"SOUNDG","valsou":23.7,"chart":"US4NH1BE"}},{"type":"Feature","geometry":{"type":"Point","coordinates":[-70.475233,43.154812]},"properties":{"objtype":"SOUNDG","valsou":42.3,"chart":"US4NH1BE"}},{"type":"Feature","geometry":{"type":"Point","coordinates":[-70.475125,43.196068]},"properties":{"objtype":"SOUNDG","valsou":21.3,"chart":"US4NH1BE"}},{"type":"Feature","geometry":{"type":"Point","coordinates":[-70.474983,43.160383]},"properties":{"objtype":"SOUNDG","valsou":20.7,"chart":"US4NH1BE"}},{"type":"Feature","geometry":{"type":"Point","coordinates":[-70.474926,43.146705]},"properties":{"objtype":"SOUNDG","valsou":48.1,"chart":"US4NH1BE"}},{"type":"Feature","geometry":{"type":"Point","coordinates":[-70.474267,43.190605]},"properties":{"objtype":"SOUNDG","valsou":44.1,"chart":"US4NH1BE"}},{"type":"Feature","geometry":{"type":"Point","coordinates":[-70.473568,43.14966]},"properties":{"objtype":"SOUNDG","valsou":46.6,"chart":"US4NH1BE"}},{"type":"Feature","geometry":{"type":"Point","coordinates":[-70.473175,43.141211]},"properties":{"objtype":"SOUNDG","valsou":26.2,"chart":"US4NH1BE"}},{"type":"Feature","geometry":{"type":"Point","coordinates":[-70.472983,43.164854]},"properties":{"objtype":"SOUNDG","valsou":41.4,"chart":"US4NH1BE"}},{"type":"Feature","geometry":{"type":"Point","coordinates":[-70.470375,43.1716]},"properties":{"objtype":"SOUNDG","valsou":44.1,"chart":"US4NH1BE"}},{"type":"Feature","geometry":{"type":"Point","coordinates":[-70.469067,43.137314]},"properties":{"objtype":"SOUNDG","valsou":21.3,"chart":"US4NH1BE"}},{"type":"Feature","geometry":{"type":"Point","coordinates":[-70.469052,43.193846]},"properties":{"objtype":"SOUNDG","valsou":46.0,"chart":"US4NH1BE"}},{"type":"Feature","geometry":{"type":"Point","coordinates":[-70.468838,43.183652]},"properties":{"objtype":"SOUNDG","valsou":42.6,"chart":"US4NH1BE"}},{"type":"Feature","geometry":{"type":"Point","coordinates":[-70.468425,43.146286]},"properties":{"objtype":"SOUNDG","valsou":26.5,"chart":"US4NH1BE"}},{"type":"Feature","geometry":{"type":"Point","coordinates":[-70.466803,43.167757]},"properties":{"objtype":"SOUNDG","valsou":48.1,"chart":"US4NH1BE"}},{"type":"Feature","geometry":{"type":"Point","coordinates":[-70.465996,43.156434]},"properties":{"objtype":"SOUNDG","valsou":52.4,"chart":"US4NH1BE"}},{"type":"Feature","geometry":{"type":"Point","coordinates":[-70.465874,43.177953]},"properties":{"objtype":"SOUNDG","valsou":37.7,"chart":"US4NH1BE"}},{"type":"Feature","geometry":{"type":"Point","coordinates":[-70.465553,43.163311]},"properties":{"objtype":"SOUNDG","valsou":49.6,"chart":"US4NH1BE"}},{"type":"Feature","geometry":{"type":"Point","coordinates":[-70.46548,43.187521]},"properties":{"objtype":"SOUNDG","valsou":30.7,"chart":"US4NH1BE"}},{"type":"Feature","geometry":{"type":"Point","coordinates":[-70.465245,43.142362]},"properties":{"objtype":"SOUNDG","valsou":33.2,"chart":"US4NH1BE"}},{"type":"Feature","geometry":{"type":"Point","coordinates":[-70.464209,43.149974]},"properties":{"objtype":"SOUNDG","valsou":38.4,"chart":"US4NH1BE"}},{"type":"Feature","geometry":{"type":"Point","coordinates":[-70.462602,43.134593]},"properties":{"objtype":"SOUNDG","valsou":45.4,"chart":"US4NH1BE"}},{"type":"Feature","geometry":{"type":"Point","coordinates":[-70.461907,43.192461]},"properties":{"objtype":"SOUNDG","valsou":34.1,"chart":"US4NH1BE"}},{"type":"Feature","geometry":{"type":"Point","coordinates":[-70.461014,43.184541]},"properties":{"objtype":"SOUNDG","valsou":35.9,"chart":"US4NH1BE"}},{"type":"Feature","geometry":{"type":"Point","coordinates":[-70.460637,43.145528]},"properties":{"objtype":"SOUNDG","valsou":44.5,"chart":"US4NH1BE"}},{"type":"Feature","geometry":{"type":"Point","coordinates":[-70.4602,43.198315]},"properties":{"objtype":"SOUNDG","valsou":44.5,"chart":"US4NH1BE"}},{"type":"Feature","geometry":{"type":"Point","coordinates":[-70.460123,43.169325]},"properties":{"objtype":"SOUNDG","valsou":54.8,"chart":"US4NH1BE"}},{"type":"Feature","geometry":{"type":"Point","coordinates":[-70.459958,43.153662]},"properties":{"objtype":"SOUNDG","valsou":35.0,"chart":"US4NH1BE"}},{"type":"Feature","geometry":{"type":"Point","coordinates":[-70.459065,43.140715]},"properties":{"objtype":"SOUNDG","valsou":45.4,"chart":"US4NH1BE"}},{"type":"Feature","geometry":{"type":"Point","coordinates":[-70.457887,43.158369]},"properties":{"objtype":"SOUNDG","valsou":48.1,"chart":"US4NH1BE"}},{"type":"Feature","geometry":{"type":"Point","coordinates":[-70.457371,43.180515]},"properties":{"objtype":"SOUNDG","valsou":53.0,"chart":"US4NH1BE"}},{"type":"Feature","geometry":{"type":"Point","coordinates":[-70.455765,43.166057]},"properties":{"objtype":"SOUNDG","valsou":53.6,"chart":"US4NH1BE"}},{"type":"Feature","geometry":{"type":"Point","coordinates":[-70.454507,43.136241]},"properties":{"objtype":"SOUNDG","valsou":20.7,"chart":"US4NH1BE"}},{"type":"Feature","geometry":{"type":"Point","coordinates":[-70.454013,43.195989]},"properties":{"objtype":"SOUNDG","valsou":48.1,"chart":"US4NH1BE"}},{"type":"Feature","geometry":{"type":"Point","coordinates":[-70.453977,43.186162]},"properties":{"objtype":"SOUNDG","valsou":49.9,"chart":"US4NH1BE"}},{"type":"Feature","geometry":{"type":"Point","coordinates":[-70.45385,43.145815]},"properties":{"objtype":"SOUNDG","valsou":29.5,"chart":"US4NH1BE"}},{"type":"Feature","geometry":{"type":"Point","coordinates":[-70.453156,43.190788]},"properties":{"objtype":"SOUNDG","valsou":35.6,"chart":"US4NH1BE"}},{"type":"Feature","geometry":{"type":"Point","coordinates":[-70.452886,43.161298]},"properties":{"objtype":"SOUNDG","valsou":46.6,"chart":"US4NH1BE"}},{"type":"Feature","geometry":{"type":"Point","coordinates":[-70.452014,43.177483]},"properties":{"objtype":"SOUNDG","valsou":43.5,"chart":"US4NH1BE"}},{"type":"Feature","geometry":{"type":"Point","coordinates":[-70.45165,43.141081]},"properties":{"objtype":"SOUNDG","valsou":49.9,"chart":"US4NH1BE"}},{"type":"Feature","geometry":{"type":"Point","coordinates":[-70.451191,43.181953]},"properties":{"objtype":"SOUNDG","valsou":39.0,"chart":"US4NH1BE"}},{"type":"Feature","geometry":{"type":"Point","coordinates":[-70.450657,43.172358]},"properties":{"objtype":"SOUNDG","valsou":47.8,"chart":"US4NH1BE"}},{"type":"Feature","geometry":{"type":"Point","coordinates":[-70.449778,43.149817]},"properties":{"objtype":"SOUNDG","valsou":29.5,"chart":"US4NH1BE"}},{"type":"Feature","geometry":{"type":"Point","coordinates":[-70.449421,43.154499]},"properties":{"objtype":"SOUNDG","valsou":34.1,"chart":"US4NH1BE"}},{"type":"Feature","geometry":{"type":"Point","coordinates":[-70.447805,43.19693]},"properties":{"objtype":"SOUNDG","valsou":41.1,"chart":"US4NH1BE"}},{"type":"Feature","geometry":{"type":"Point","coordinates":[-70.44617,43.160095]},"properties":{"objtype":"SOUNDG","valsou":38.7,"chart":"US4NH1BE"}},{"type":"Feature","geometry":{"type":"Point","coordinates":[-70.445613,43.143461]},"properties":{"objtype":"SOUNDG","valsou":61.2,"chart":"US4NH1BE"}},{"type":"Feature","geometry":{"type":"Point","coordinates":[-70.444189,43.191781]},"properties":{"objtype":"SOUNDG","valsou":51.5,"chart":"US4NH1BE"}},{"type":"Feature","geometry":{"type":"Point","coordinates":[-70.443582,43.186998]},"properties":{"objtype":"SOUNDG","valsou":48.4,"chart":"US4NH1BE"}},{"type":"Feature","geometry":{"type":"Point","coordinates":[-70.443434,43.136555]},"properties":{"objtype":"SOUNDG","valsou":37.1,"chart":"US4NH1BE"}},{"type":"Feature","geometry":{"type":"Point","coordinates":[-70.441975,43.180855]},"properties":{"objtype":"SOUNDG","valsou":53.0,"chart":"US4NH1BE"}},{"type":"Feature","geometry":{"type":"Point","coordinates":[-70.441405,43.166789]},"properties":{"objtype":"SOUNDG","valsou":56.0,"chart":"US4NH1BE"}},{"type":"Feature","geometry":{"type":"Point","coordinates":[-70.440696,43.199491]},"properties":{"objtype":"SOUNDG","valsou":37.4,"chart":"US4NH1BE"}},{"type":"Feature","geometry":{"type":"Point","coordinates":[-70.440669,43.147646]},"properties":{"objtype":"SOUNDG","valsou":49.0,"chart":"US4NH1BE"}},{"type":"Feature","geometry":{"type":"Point","coordinates":[-70.440047,43.173483]},"properties":{"objtype":"SOUNDG","valsou":59.7,"chart":"US4NH1BE"}},{"type":"Feature","geometry":{"type":"Point","coordinates":[-70.438111,43.157166]},"properties":{"objtype":"SOUNDG","valsou":51.2,"chart":"US4NH1BE"}},{"type":"Feature","geometry":{"type":"Point","coordinates":[-70.437182,43.142101]},"properties":{"objtype":"SOUNDG","valsou":46.3,"chart":"US4NH1BE"}},{"type":"Feature","geometry":{"type":"Point","coordinates":[-70.436811,43.178241]},"properties":{"objtype":"SOUNDG","valsou":61.2,"chart":"US4NH1BE"}},{"type":"Feature","geometry":{"type":"Point","coordinates":[-70.435075,43.153348]},"properties":{"objtype":"SOUNDG","valsou":66.7,"chart":"US4NH1BE"}},{"type":"Feature","geometry":{"type":"Point","coordinates":[-70.434738,43.19544]},"properties":{"objtype":"SOUNDG","valsou":48.4,"chart":"US4NH1BE"}},{"type":"Feature","geometry":{"type":"Point","coordinates":[-70.434168,43.164174]},"properties":{"objtype":"SOUNDG","valsou":53.3,"chart":"US4NH1BE"}},{"type":"Feature","geometry":{"type":"Point","coordinates":[-70.432967,43.137575]},"properties":{"objtype":"SOUNDG","valsou":49.0,"chart":"US4NH1BE"}},{"type":"Feature","geometry":{"type":"Point","coordinates":[-70.432967,43.159023]},"properties":{"objtype":"SOUNDG","valsou":67.0,"chart":"US4NH1BE"}},{"type":"Feature","geometry":{"type":"Point","coordinates":[-70.43106,43.172175]},"properties":{"objtype":"SOUNDG","valsou":57.6,"chart":"US4NH1BE"}},{"type":"Feature","geometry":{"type":"Point","coordinates":[-70.430808,43.183103]},"properties":{"objtype":"SOUNDG","valsou":66.7,"chart":"US4NH1BE"}},{"type":"Feature","geometry":{"type":"Point","coordinates":[-70.430415,43.189194]},"properties":{"objtype":"SOUNDG","valsou":53.3,"chart":"US4NH1BE"}},{"type":"Feature","geometry":{"type":"Point","coordinates":[-70.430252,43.142415]},"properties":{"objtype":"SOUNDG","valsou":42.9,"chart":"US4NH1BE"}},{"type":"Feature","geometry":{"type":"Point","coordinates":[-70.429381,43.167312]},"properties":{"objtype":"SOUNDG","valsou":68.2,"chart":"US4NH1BE"}},{"type":"Feature","geometry":{"type":"Point","coordinates":[-70.427666,43.17743]},"properties":{"objtype":"SOUNDG","valsou":66.1,"chart":"US4NH1BE"}},{"type":"Feature","geometry":{"type":"Point","coordinates":[-70.426716,43.154342]},"properties":{"objtype":"SOUNDG","valsou":52.7,"chart":"US4NH1BE"}},{"type":"Feature","geometry":{"type":"Point","coordinates":[-70.4266,43.197583]},"properties":{"objtype":"SOUNDG","valsou":47.2,"chart":"US4NH1BE"}},{"type":"Feature","geometry":{"type":"Point","coordinates":[-70.425501,43.162213]},"properties":{"objtype":"SOUNDG","valsou":69.7,"chart":"US4NH1BE"}},{"type":"Feature","geometry":{"type":"Point","coordinates":[-70.425414,43.192905]},"properties":{"objtype":"SOUNDG","valsou":49.6,"chart":"US4NH1BE"}},{"type":"Feature","geometry":{"type":"Point","coordinates":[-70.424573,43.140165]},"properties":{"objtype":"SOUNDG","valsou":70.4,"chart":"US4NH1BE"}},{"type":"Feature","geometry":{"type":"Point","coordinates":[-70.423735,43.186632]},"properties":{"objtype":"SOUNDG","valsou":60.3,"chart":"US4NH1BE"}},{"type":"Feature","geometry":{"type":"Point","coordinates":[-70.422608,43.14503]},"properties":{"objtype":"SOUNDG","valsou":45.7,"chart":"US4NH1BE"}},{"type":"Feature","geometry":{"type":"Point","coordinates":[-70.422592,43.179836]},"properties":{"objtype":"SOUNDG","valsou":51.2,"chart":"US4NH1BE"}},{"type":"Feature","geometry":{"type":"Point","coordinates":[-70.421108,43.157898]},"properties":{"objtype":"SOUNDG","valsou":61.5,"chart":"US4NH1BE"}},{"type":"Feature","geometry":{"type":"Point","coordinates":[-70.420308,43.173587]},"properties":{"objtype":"SOUNDG","valsou":60.0,"chart":"US4NH1BE"}},{"type":"Feature","geometry":{"type":"Point","coordinates":[-70.420057,43.170397]},"properties":{"objtype":"SOUNDG","valsou":53.0,"chart":"US4NH1BE"}},{"type":"Feature","geometry":{"type":"Point","coordinates":[-70.419286,43.149555]},"properties":{"objtype":"SOUNDG","valsou":42.0,"chart":"US4NH1BE"}},{"type":"Feature","geometry":{"type":"Point","coordinates":[-70.418607,43.142441]},"properties":{"objtype":"SOUNDG","valsou":53.0,"chart":"US4NH1BE"}},{"type":"Feature","geometry":{"type":"Point","coordinates":[-70.418341,43.193088]},"properties":{"objtype":"SOUNDG","valsou":61.8,"chart":"US4NH1BE"}},{"type":"Feature","geometry":{"type":"Point","coordinates":[-70.417556,43.187547]},"properties":{"objtype":"SOUNDG","valsou":71.3,"chart":"US4NH1BE"}},{"type":"Feature","geometry":{"type":"Point","coordinates":[-70.417414,43.165822]},"properties":{"objtype":"SOUNDG","valsou":55.4,"chart":"US4NH1BE"}},{"type":"Feature","geometry":{"type":"Point","coordinates":[-70.416092,43.179208]},"properties":{"objtype":"SOUNDG","valsou":65.5,"chart":"US4NH1BE"}},{"type":"Feature","geometry":{"type":"Point","coordinates":[-70.414026,43.198655]},"properties":{"objtype":"SOUNDG","valsou":66.4,"chart":"US4NH1BE"}},{"type":"Feature","geometry":{"type":"Point","coordinates":[-70.412785,43.147149]},"properties":{"objtype":"SOUNDG","valsou":56.3,"chart":"US4NH1BE"}},{"type":"Feature","geometry":{"type":"Point","coordinates":[-70.412734,43.175234]},"properties":{"objtype":"SOUNDG","valsou":50.9,"chart":"US4NH1BE"}},{"type":"Feature","geometry":{"type":"Point","coordinates":[-70.412519,43.1836]},"properties":{"objtype":"SOUNDG","valsou":56.0,"chart":"US4NH1BE"}},{"type":"Feature","geometry":{"type":"Point","coordinates":[-70.410448,43.170424]},"properties":{"objtype":"SOUNDG","valsou":71.0,"chart":"US4NH1BE"}},{"type":"Feature","geometry":{"type":"Point","coordinates":[-70.409998,43.161141]},"properties":{"objtype":"SOUNDG","valsou":68.5,"chart":"US4NH1BE"}},{"type":"Feature","geometry":{"type":"Point","coordinates":[-70.409355,43.153008]},"properties":{"objtype":"SOUNDG","valsou":61.8,"chart":"US4NH1BE"}},{"type":"Feature","geometry":{"type":"Point","coordinates":[-70.409198,43.17913]},"properties":{"objtype":"SOUNDG","valsou":68.2,"chart":"US4NH1BE"}},{"type":"Feature","geometry":{"type":"Point","coordinates":[-70.408911,43.188279]},"properties":{"objtype":"SOUNDG","valsou":58.5,"chart":"US4NH1BE"}},{"type":"Feature","geometry":{"type":"Point","coordinates":[-70.408319,43.139145]},"properties":{"objtype":"SOUNDG","valsou":51.8,"chart":"US4NH1BE"}},{"type":"Feature","geometry":{"type":"Point","coordinates":[-70.405876,43.167155]},"properties":{"objtype":"SOUNDG","valsou":78.9,"chart":"US4NH1BE"}},{"type":"Feature","geometry":{"type":"Point","coordinates":[-70.404839,43.193167]},"properties":{"objtype":"SOUNDG","valsou":66.4,"chart":"US4NH1BE"}},{"type":"Feature","geometry":{"type":"Point","coordinates":[-70.402368,43.14966]},"properties":{"objtype":"SOUNDG","valsou":72.5,"chart":"US4NH1BE"}},{"type":"Feature","geometry":{"type":"Point","coordinates":[-70.402368,43.154289]},"properties":{"objtype":"SOUNDG","valsou":80.7,"chart":"US4NH1BE"}},{"type":"Feature","geometry":{"type":"Point","coordinates":[-70.402082,43.15918]},"properties":{"objtype":"SOUNDG","valsou":79.8,"chart":"US4NH1BE"}},{"type":"Feature","geometry":{"type":"Point","coordinates":[-70.401875,43.173979]},"properties":{"objtype":"SOUNDG","valsou":68.5,"chart":"US4NH1BE"}},{"type":"Feature","geometry":{"type":"Point","coordinates":[-70.401631,43.199491]},"properties":{"objtype":"SOUNDG","valsou":64.9,"chart":"US4NH1BE"}},{"type":"Feature","geometry":{"type":"Point","coordinates":[-70.401482,43.179025]},"properties":{"objtype":"SOUNDG","valsou":58.8,"chart":"US4NH1BE"}},{"type":"Feature","geometry":{"type":"Point","coordinates":[-70.401318,43.138229]},"properties":{"objtype":"SOUNDG","valsou":72.8,"chart":"US4NH1BE"}},{"type":"Feature","geometry":{"type":"Point","coordinates":[-70.400123,43.189037]},"properties":{"objtype":"SOUNDG","valsou":76.8,"chart":"US4NH1BE"}},{"type":"Feature","geometry":{"type":"Point","coordinates":[-70.399909,43.183495]},"properties":{"objtype":"SOUNDG","valsou":68.8,"chart":"US4NH1BE"}},{"type":"Feature","geometry":{"type":"Point","coordinates":[-70.397817,43.145109]},"properties":{"objtype":"SOUNDG","valsou":82.9,"chart":"US4NH1BE"}},{"type":"Feature","geometry":{"type":"Point","coordinates":[-70.39763,43.195916]},"properties":{"objtype":"SOUNDG","valsou":60.6,"chart":"US4NH1BE"}},{"type":"Feature","geometry":{"type":"Point","coordinates":[-70.397017,43.172698]},"properties":{"objtype":"SOUNDG","valsou":76.8,"chart":"US4NH1BE"}},{"type":"Feature","geometry":{"type":"Point","coordinates":[-70.394302,43.168436]},"properties":{"objtype":"SOUNDG","valsou":61.2,"chart":"US4NH1BE"}},{"type":"Feature","geometry":{"type":"Point","coordinates":[-70.393586,43.185482]},"properties":{"objtype":"SOUNDG","valsou":70.7,"chart":"US4NH1BE"}},{"type":"Feature","geometry":{"type":"Point","coordinates":[-70.393473,43.160723]},"properties":{"objtype":"SOUNDG","valsou":59.7,"chart":"US4NH1BE"}},{"type":"Feature","geometry":{"type":"Point","coordinates":[-70.392945,43.175548]},"properties":{"objtype":"SOUNDG","valsou":76.2,"chart":"US4NH1BE"}},{"type":"Feature","geometry":{"type":"Point","coordinates":[-70.392423,43.138805]},"properties":{"objtype":"SOUNDG","valsou":71.9,"chart":"US4NH1BE"}},{"type":"Feature","geometry":{"type":"Point","coordinates":[-70.391586,43.190344]},"properties":{"objtype":"SOUNDG","valsou":78.6,"chart":"US4NH1BE"}},{"type":"Feature","geometry":{"type":"Point","coordinates":[-70.389443,43.196146]},"properties":{"objtype":"SOUNDG","valsou":72.2,"chart":"US4NH1BE"}},{"type":"Feature","geometry":{"type":"Point","coordinates":[-70.389258,43.153348]},"properties":{"objtype":"SOUNDG","valsou":72.8,"chart":"US4NH1BE"}},{"type":"Feature","geometry":{"type":"Point","coordinates":[-70.387408,43.179208]},"properties":{"objtype":"SOUNDG","valsou":78.3,"chart":"US4NH1BE"}},{"type":"Feature","geometry":{"type":"Point","coordinates":[-70.38535,43.142833]},"properties":{"objtype":"SOUNDG","valsou":84.1,"chart":"US4NH1BE"}},{"type":"Feature","geometry":{"type":"Point","coordinates":[-70.384586,43.172384]},"properties":{"objtype":"SOUNDG","valsou":61.2,"chart":"US4NH1BE"}},{"type":"Feature","geometry":{"type":"Point","coordinates":[-70.38412,43.18509]},"properties":{"objtype":"SOUNDG","valsou":75.2,"chart":"US4NH1BE"}},{"type":"Feature","geometry":{"type":"Point","coordinates":[-70.383686,43.160566]},"properties":{"objtype":"SOUNDG","valsou":65.5,"chart":"US4NH1BE"}},{"type":"Feature","geometry":{"type":"Point","coordinates":[-70.383656,43.193271]},"properties":{"objtype":"SOUNDG","valsou":65.5,"chart":"US4NH1BE"}},{"type":"Feature","geometry":{"type":"Point","coordinates":[-70.381864,43.154106]},"properties":{"objtype":"SOUNDG","valsou":87.1,"chart":"US4NH1BE"}},{"type":"Feature","geometry":{"type":"Point","coordinates":[-70.380085,43.169744]},"properties":{"objtype":"SOUNDG","valsou":85.9,"chart":"US4NH1BE"}},{"type":"Feature","geometry":{"type":"Point","coordinates":[-70.378992,43.135142]},"properties":{"objtype":"SOUNDG","valsou":66.4,"chart":"US4NH1BE"}},{"type":"Feature","geometry":{"type":"Point","coordinates":[-70.377906,43.166266]},"properties":{"objtype":"SOUNDG","valsou":65.2,"chart":"US4NH1BE"}},{"type":"Feature","geometry":{"type":"Point","coordinates":[-70.375568,43.19936]},"properties":{"objtype":"SOUNDG","valsou":75.8,"chart":"US4NH1BE"}},{"type":"Feature","geometry":{"type":"Point","coordinates":[-70.374684,43.146914]},"properties":{"objtype":"SOUNDG","valsou":77.7,"chart":"US4NH1BE"}},{"type":"Feature","geometry":{"type":"Point","coordinates":[-70.374368,43.183103]},"properties":{"objtype":"SOUNDG","valsou":63.7,"chart":"US4NH1BE"}},{"type":"Feature","geometry":{"type":"Point","coordinates":[-70.374119,43.176045]},"properties":{"objtype":"SOUNDG","valsou":67.9,"chart":"US4NH1BE"}},{"type":"Feature","geometry":{"type":"Point","coordinates":[-70.372326,43.155806]},"properties":{"objtype":"SOUNDG","valsou":72.2,"chart":"US4NH1BE"}},{"type":"Feature","geometry":{"type":"Point","coordinates":[-70.370004,43.137471]},"properties":{"objtype":"SOUNDG","valsou":58.5,"chart":"US4NH1BE"}},{"type":"Feature","geometry":{"type":"Point","coordinates":[-70.369831,43.19186]},"properties":{"objtype":"SOUNDG","valsou":82.6,"chart":"US4NH1BE"}},{"type":"Feature","geometry":{"type":"Point","coordinates":[-70.368833,43.166345]},"properties":{"objtype":"SOUNDG","valsou":78.9,"chart":"US4NH1BE"}},{"type":"Feature","geometry":{"type":"Point","coordinates":[-70.367868,43.178319]},"properties":{"objtype":"SOUNDG","valsou":77.7,"chart":"US4NH1BE"}},{"type":"Feature","geometry":{"type":"Point","coordinates":[-70.365803,43.157663]},"properties":{"objtype":"SOUNDG","valsou":94.7,"chart":"US4NH1BE"}},{"type":"Feature","geometry":{"type":"Point","coordinates":[-70.364232,43.152066]},"properties":{"objtype":"SOUNDG","valsou":85.3,"chart":"US4NH1BE"}},{"type":"Feature","geometry":{"type":"Point","coordinates":[-70.36336,43.145658]},"properties":{"objtype":"SOUNDG","valsou":71.0,"chart":"US4NH1BE"}},{"type":"Feature","geometry":{"type":"Point","coordinates":[-70.362508,43.184227]},"properties":{"objtype":"SOUNDG","valsou":77.1,"chart":"US4NH1BE"}},{"type":"Feature","geometry":{"type":"Point","coordinates":[-70.361137,43.199308]},"properties":{"objtype":"SOUNDG","valsou":74.9,"chart":"US4NH1BE"}},{"type":"Feature","geometry":{"type":"Point","coordinates":[-70.359866,43.170659]},"properties":{"objtype":"SOUNDG","valsou":56.9,"chart":"US4NH1BE"}},{"type":"Feature","geometry":{"type":"Point","coordinates":[-70.358266,43.161952]},"properties":{"objtype":"SOUNDG","valsou":91.4,"chart":"US4NH1BE"}},{"type":"Feature","geometry":{"type":"Point","coordinates":[-70.357114,43.191677]},"properties":{"objtype":"SOUNDG","valsou":72.8,"chart":"US4NH1BE"}},{"type":"Feature","geometry":{"type":"Point","coordinates":[-70.355293,43.186946]},"properties":{"objtype":"SOUNDG","valsou":94.1,"chart":"US4NH1BE"}},{"type":"Feature","geometry":{"type":"Point","coordinates":[-70.354058,43.16475]},"properties":{"objtype":"SOUNDG","valsou":67.9,"chart":"US4NH1BE"}},{"type":"Feature","geometry":{"type":"Point","coordinates":[-70.353015,43.155754]},"properties":{"objtype":"SOUNDG","valsou":82.2,"chart":"US4NH1BE"}},{"type":"Feature","geometry":{"type":"Point","coordinates":[-70.351643,43.142807]},"properties":{"objtype":"SOUNDG","valsou":78.9,"chart":"US4NH1BE"}},{"type":"Feature","geometry":{"type":"Point","coordinates":[-70.351486,43.174476]},"properties":{"objtype":"SOUNDG","valsou":57.6,"chart":"US4NH1BE"}},{"type":"Feature","geometry":{"type":"Point","coordinates":[-70.348791,43.184567]},"properties":{"objtype":"SOUNDG","valsou":73.1,"chart":"US4NH1BE"}},{"type":"Feature","geometry":{"type":"Point","coordinates":[-70.347684,43.197244]},"properties":{"objtype":"SOUNDG","valsou":67.6,"chart":"US4NH1BE"}},{"type":"Feature","geometry":{"type":"Point","coordinates":[-70.347378,43.179522]},"properties":{"objtype":"SOUNDG","valsou":72.8,"chart":"US4NH1BE"}},{"type":"Feature","geometry":{"type":"Point","coordinates":[-70.346735,43.176646]},"properties":{"objtype":"SOUNDG","valsou":86.8,"chart":"US4NH1BE"}},{"type":"Feature","geometry":{"type":"Point","coordinates":[-70.346057,43.168802]},"properties":{"objtype":"SOUNDG","valsou":75.5,"chart":"US4NH1BE"}},{"type":"Feature","geometry":{"type":"Point","coordinates":[-70.34312,43.146208]},"properties":{"objtype":"SOUNDG","valsou":83.5,"chart":"US4NH1BE"}},{"type":"Feature","geometry":{"type":"Point","coordinates":[-70.342897,43.188749]},"properties":{"objtype":"SOUNDG","valsou":69.1,"chart":"US4NH1BE"}},{"type":"Feature","geometry":{"type":"Point","coordinates":[-70.341227,43.160775]},"properties":{"objtype":"SOUNDG","valsou":102.1,"chart":"US4NH1BE"}},{"type":"Feature","geometry":{"type":"Point","coordinates":[-70.339039,43.194656]},"properties":{"objtype":"SOUNDG","valsou":103.9,"chart":"US4NH1BE"}},{"type":"Feature","geometry":{"type":"Point","coordinates":[-70.338312,43.142938]},"properties":{"objtype":"SOUNDG","valsou":100.8,"chart":"US4NH1BE"}},{"type":"Feature","geometry":{"type":"Point","coordinates":[-70.335519,43.166841]},"properties":{"objtype":"SOUNDG","valsou":89.9,"chart":"US4NH1BE"}},{"type":"Feature","geometry":{"type":"Point","coordinates":[-70.335146,43.197583]},"properties":{"objtype":"SOUNDG","valsou":81.3,"chart":"US4NH1BE"}},{"type":"Feature","geometry":{"type":"Point","coordinates":[-70.333697,43.178032]},"properties":{"objtype":"SOUNDG","valsou":80.7,"chart":"US4NH1BE"}},{"type":"Feature","geometry":{"type":"Point","coordinates":[-70.332904,43.15272]},"properties":{"objtype":"SOUNDG","valsou":87.7,"chart":"US4NH1BE"}},{"type":"Feature","geometry":{"type":"Point","coordinates":[-70.332681,43.186737]},"properties":{"objtype":"SOUNDG","valsou":88.0,"chart":"US4NH1BE"}},{"type":"Feature","geometry":{"type":"Point","coordinates":[-70.328589,43.166136]},"properties":{"objtype":"SOUNDG","valsou":77.4,"chart":"US4NH1BE"}},{"type":"Feature","geometry":{"type":"Point","coordinates":[-70.328573,43.196616]},"properties":{"objtype":"SOUNDG","valsou":95.4,"chart":"US4NH1BE"}},{"type":"Feature","geometry":{"type":"Point","coordinates":[-70.32198,43.174005]},"properties":{"objtype":"SOUNDG","valsou":96.6,"chart":"US4NH1BE"}},{"type":"Feature","geometry":{"type":"Point","coordinates":[-70.320973,43.146992]},"properties":{"objtype":"SOUNDG","valsou":110.3,"chart":"US4NH1BE"}},{"type":"Feature","geometry":{"type":"Point","coordinates":[-70.320607,43.186606]},"properties":{"objtype":"SOUNDG","valsou":105.7,"chart":"US4NH1BE"}},{"type":"Feature","geometry":{"type":"Point","coordinates":[-70.318758,43.157925]},"properties":{"objtype":"SOUNDG","valsou":93.5,"chart":"US4NH1BE"}},{"type":"Feature","geometry":{"type":"Point","coordinates":[-70.31457,43.193977]},"properties":{"objtype":"SOUNDG","valsou":91.1,"chart":"US4NH1BE"}},{"type":"Feature","geometry":{"type":"Point","coordinates":[-70.310998,43.199413]},"properties":{"objtype":"SOUNDG","valsou":94.7,"chart":"US4NH1BE"}},{"type":"Feature","geometry":{"type":"Point","coordinates":[-70.310492,43.135038]},"properties":{"objtype":"SOUNDG","valsou":113.6,"chart":"US4NH1BE"}},{"type":"Feature","geometry":{"type":"Point","coordinates":[-70.309978,43.173927]},"properties":{"objtype":"SOUNDG","valsou":88.6,"chart":"US4NH1BE"}},{"type":"Feature","geometry":{"type":"Point","coordinates":[-70.306363,43.152093]},"properties":{"objtype":"SOUNDG","valsou":114.9,"chart":"US4NH1BE"}},{"type":"Feature","geometry":{"type":"Point","coordinates":[-70.305977,43.165456]},"properties":{"objtype":"SOUNDG","valsou":114.3,"chart":"US4NH1BE"}},{"type":"Feature","geometry":{"type":"Point","coordinates":[-70.305675,43.186318]},"properties":{"objtype":"SOUNDG","valsou":94.1,"chart":"US4NH1BE"}},{"type":"Feature","geometry":{"type":"Point","coordinates":[-70.297118,43.1756]},"properties":{"objtype":"SOUNDG","valsou":104.5,"chart":"US4NH1BE"}},{"type":"Feature","geometry":{"type":"Point","coordinates":[-70.295432,43.160644]},"properties":{"objtype":"SOUNDG","valsou":118.2,"chart":"US4NH1BE"}},{"type":"Feature","geometry":{"type":"Point","coordinates":[-70.292851,43.182554]},"properties":{"objtype":"SOUNDG","valsou":113.3,"chart":"US4NH1BE"}},{"type":"Feature","geometry":{"type":"Point","coordinates":[-70.289895,43.146391]},"properties":{"objtype":"SOUNDG","valsou":112.4,"chart":"US4NH1BE"}},{"type":"Feature","geometry":{"type":"Point","coordinates":[-70.285493,43.195597]},"properties":{"objtype":"SOUNDG","valsou":98.4,"chart":"US4NH1BE"}},{"type":"Feature","geometry":{"type":"Point","coordinates":[-70.2824,43.169482]},"properties":{"objtype":"SOUNDG","valsou":118.5,"chart":"US4NH1BE"}},{"type":"Feature","geometry":{"type":"Point","coordinates":[-70.279884,43.179992]},"properties":{"objtype":"SOUNDG","valsou":108.5,"chart":"US4NH1BE"}},{"type":"Feature","geometry":{"type":"Point","coordinates":[-70.355329,42.905864]},"properties":{"objtype":"SOUNDG","valsou":116.1,"chart":"US4NH1BE"}},{"type":"Feature","geometry":{"type":"Point","coordinates":[-70.346616,42.906008]},"properties":{"objtype":"SOUNDG","valsou":130.1,"chart":"US4NH1BE"}},{"type":"Feature","geometry":{"type":"Point","coordinates":[-70.337858,42.912064]},"properties":{"objtype":"SOUNDG","valsou":145.9,"chart":"US4NH1BE"}},{"type":"Feature","geometry":{"type":"Point","coordinates":[-70.327366,42.907178]},"properties":{"objtype":"SOUNDG","valsou":160.0,"chart":"US4NH1BE"}},{"type":"Feature","geometry":{"type":"Point","coordinates":[-70.323902,42.928126]},"properties":{"objtype":"SOUNDG","valsou":149.0,"chart":"US4NH1BE"}},{"type":"Feature","geometry":{"type":"Point","coordinates":[-70.317211,42.917635]},"properties":{"objtype":"SOUNDG","valsou":142.0,"chart":"US4NH1BE"}},{"type":"Feature","geometry":{"type":"Point","coordinates":[-70.312801,42.912682]},"properties":{"objtype":"SOUNDG","valsou":148.1,"chart":"US4NH1BE"}},{"type":"Feature","geometry":{"type":"Point","coordinates":[-70.311954,42.903005]},"properties":{"objtype":"SOUNDG","valsou":159.1,"chart":"US4NH1BE"}},{"type":"Feature","geometry":{"type":"Point","coordinates":[-70.297997,42.900553]},"properties":{"objtype":"SOUNDG","valsou":155.1,"chart":"US4NH1BE"}},{"type":"Feature","geometry":{"type":"Point","coordinates":[-70.287984,42.923918]},"properties":{"objtype":"SOUNDG","valsou":142.9,"chart":"US4NH1BE"}},{"type":"Feature","geometry":{"type":"Point","coordinates":[-70.282012,42.907581]},"properties":{"objtype":"SOUNDG","valsou":131.9,"chart":"US4NH1BE"}},{"type":"Feature","geometry":{"type":"Point","coordinates":[-70.270021,42.905521]},"properties":{"objtype":"SOUNDG","valsou":142.0,"chart":"US4NH1BE"}},{"type":"Feature","geometry":{"type":"Point","coordinates":[-70.247388,42.902763]},"properties":{"objtype":"SOUNDG","valsou":143.8,"chart":"US4NH1BE"}},{"type":"Feature","geometry":{"type":"Point","coordinates":[-70.229631,42.901932]},"properties":{"objtype":"SOUNDG","valsou":138.9,"chart":"US4NH1BE"}},{"type":"Feature","geometry":{"type":"Point","coordinates":[-70.220676,42.907151]},"properties":{"objtype":"SOUNDG","valsou":143.8,"chart":"US4NH1BE"}},{"type":"Feature","geometry":{"type":"Point","coordinates":[-70.218357,42.901931]},"properties":{"objtype":"SOUNDG","valsou":130.1,"chart":"US4NH1BE"}},{"type":"Feature","geometry":{"type":"Point","coordinates":[-70.207,42.908501]},"properties":{"objtype":"SOUNDG","valsou":145.9,"chart":"US4NH1BE"}},{"type":"Feature","geometry":{"type":"Point","coordinates":[-70.48615,43.167391]},"properties":{"objtype":"SOUNDG","valsou":24.9,"chart":"US4NH1BE"}},{"type":"Feature","geometry":{"type":"Point","coordinates":[-70.323107,43.195623]},"properties":{"objtype":"SOUNDG","valsou":78.9,"chart":"US4NH1BE"}},{"type":"Feature","geometry":{"type":"Point","coordinates":[-70.289291,43.136689]},"properties":{"objtype":"SOUNDG","valsou":109.7,"chart":"US4NH1BE"}},{"type":"Feature","geometry":{"type":"Point","coordinates":[-70.278571,43.151186]},"properties":{"objtype":"SOUNDG","valsou":118.2,"chart":"US4NH1BE"}},{"type":"Feature","geometry":{"type":"Point","coordinates":[-70.276849,43.160354]},"properties":{"objtype":"SOUNDG","valsou":120.3,"chart":"US4NH1BE"}},{"type":"Feature","geometry":{"type":"Point","coordinates":[-70.274296,43.14121]},"properties":{"objtype":"SOUNDG","valsou":121.6,"chart":"US4NH1BE"}},{"type":"Feature","geometry":{"type":"Point","coordinates":[-70.27225,43.1882]},"properties":{"objtype":"SOUNDG","valsou":126.4,"chart":"US4NH1BE"}},{"type":"Feature","geometry":{"type":"Point","coordinates":[-70.266612,43.150993]},"properties":{"objtype":"SOUNDG","valsou":122.5,"chart":"US4NH1BE"}},{"type":"Feature","geometry":{"type":"Point","coordinates":[-70.265892,43.177165]},"properties":{"objtype":"SOUNDG","valsou":119.1,"chart":"US4NH1BE"}},{"type":"Feature","geometry":{"type":"Point","coordinates":[-70.263836,43.166449]},"properties":{"objtype":"SOUNDG","valsou":120.0,"chart":"US4NH1BE"}},{"type":"Feature","geometry":{"type":"Point","coordinates":[-70.263096,43.136919]},"properties":{"objtype":"SOUNDG","valsou":134.1,"chart":"US4NH1BE"}},{"type":"Feature","geometry":{"type":"Point","coordinates":[-70.263092,43.198735]},"properties":{"objtype":"SOUNDG","valsou":115.5,"chart":"US4NH1BE"}},{"type":"Feature","geometry":{"type":"Point","coordinates":[-70.260581,43.187894]},"properties":{"objtype":"SOUNDG","valsou":112.1,"chart":"US4NH1BE"}},{"type":"Feature","geometry":{"type":"Point","coordinates":[-70.260188,43.141133]},"properties":{"objtype":"SOUNDG","valsou":125.8,"chart":"US4NH1BE"}},{"type":"Feature","geometry":{"type":"Point","coordinates":[-70.253742,43.156782]},"properties":{"objtype":"SOUNDG","valsou":123.7,"chart":"US4NH1BE"}},{"type":"Feature","geometry":{"type":"Point","coordinates":[-70.249442,43.150054]},"properties":{"objtype":"SOUNDG","valsou":139.2,"chart":"US4NH1BE"}},{"type":"Feature","geometry":{"type":"Point","coordinates":[-70.248982,43.172005]},"properties":{"objtype":"SOUNDG","valsou":118.5,"chart":"US4NH1BE"}},{"type":"Feature","geometry":{"type":"Point","coordinates":[-70.247036,43.139505]},"properties":{"objtype":"SOUNDG","valsou":137.7,"chart":"US4NH1BE"}},{"type":"Feature","geometry":{"type":"Point","coordinates":[-70.246885,43.193002]},"properties":{"objtype":"SOUNDG","valsou":120.3,"chart":"US4NH1BE"}},{"type":"Feature","geometry":{"type":"Point","coordinates":[-70.244154,43.161916]},"properties":{"objtype":"SOUNDG","valsou":124.9,"chart":"US4NH1BE"}},{"type":"Feature","geometry":{"type":"Point","coordinates":[-70.24409,43.181866]},"properties":{"objtype":"SOUNDG","valsou":117.9,"chart":"US4NH1BE"}},{"type":"Feature","geometry":{"type":"Point","coordinates":[-70.23721,43.155457]},"properties":{"objtype":"SOUNDG","valsou":116.4,"chart":"US4NH1BE"}},{"type":"Feature","geometry":{"type":"Point","coordinates":[-70.236676,43.139781]},"properties":{"objtype":"SOUNDG","valsou":134.7,"chart":"US4NH1BE"}},{"type":"Feature","geometry":{"type":"Point","coordinates":[-70.234376,43.149121]},"properties":{"objtype":"SOUNDG","valsou":124.9,"chart":"US4NH1BE"}},{"type":"Feature","geometry":{"type":"Point","coordinates":[-70.231754,43.198618]},"properties":{"objtype":"SOUNDG","valsou":109.7,"chart":"US4NH1BE"}},{"type":"Feature","geometry":{"type":"Point","coordinates":[-70.231622,43.161765]},"properties":{"objtype":"SOUNDG","valsou":138.0,"chart":"US4NH1BE"}},{"type":"Feature","geometry":{"type":"Point","coordinates":[-70.228865,43.188508]},"properties":{"objtype":"SOUNDG","valsou":116.1,"chart":"US4NH1BE"}},{"type":"Feature","geometry":{"type":"Point","coordinates":[-70.228796,43.177269]},"properties":{"objtype":"SOUNDG","valsou":115.5,"chart":"US4NH1BE"}},{"type":"Feature","geometry":{"type":"Point","coordinates":[-70.226762,43.146177]},"properties":{"objtype":"SOUNDG","valsou":144.7,"chart":"US4NH1BE"}},{"type":"Feature","geometry":{"type":"Point","coordinates":[-70.222258,43.1666]},"properties":{"objtype":"SOUNDG","valsou":107.2,"chart":"US4NH1BE"}},{"type":"Feature","geometry":{"type":"Point","coordinates":[-70.219435,43.155418]},"properties":{"objtype":"SOUNDG","valsou":138.3,"chart":"US4NH1BE"}},{"type":"Feature","geometry":{"type":"Point","coordinates":[-70.219425,43.139645]},"properties":{"objtype":"SOUNDG","valsou":136.2,"chart":"US4NH1BE"}},{"type":"Feature","geometry":{"type":"Point","coordinates":[-70.218384,43.193821]},"properties":{"objtype":"SOUNDG","valsou":112.7,"chart":"US4NH1BE"}},{"type":"Feature","geometry":{"type":"Point","coordinates":[-70.215799,43.177627]},"properties":{"objtype":"SOUNDG","valsou":111.2,"chart":"US4NH1BE"}},{"type":"Feature","geometry":{"type":"Point","coordinates":[-70.213101,43.146149]},"properties":{"objtype":"SOUNDG","valsou":152.4,"chart":"US4NH1BE"}},{"type":"Feature","geometry":{"type":"Point","coordinates":[-70.209864,43.163679]},"properties":{"objtype":"SOUNDG","valsou":99.3,"chart":"US4NH1BE"}},{"type":"Feature","geometry":{"type":"Point","coordinates":[-70.209021,43.187844]},"properties":{"objtype":"SOUNDG","valsou":103.6,"chart":"US4NH1BE"}},{"type":"Feature","geometry":{"type":"Point","coordinates":[-70.208142,43.138517]},"properties":{"objtype":"SOUNDG","valsou":132.2,"chart":"US4NH1BE"}},{"type":"Feature","geometry":{"type":"Point","coordinates":[-70.206924,43.173437]},"properties":{"objtype":"SOUNDG","valsou":121.6,"chart":"US4NH1BE"}},{"type":"Feature","geometry":{"type":"Point","coordinates":[-70.201684,43.192902]},"properties":{"objtype":"SOUNDG","valsou":114.3,"chart":"US4NH1BE"}},{"type":"Feature","geometry":{"type":"Point","coordinates":[-70.499652,43.16407]},"properties":{"objtype":"SOUNDG","valsou":37.1,"chart":"US4NH1BE"}},{"type":"Feature","geometry":{"type":"Point","coordinates":[-70.45948,43.175862]},"properties":{"objtype":"SOUNDG","valsou":55.7,"chart":"US4NH1BE"}},{"type":"Feature","geometry":{"type":"Point","coordinates":[-70.302897,42.926226]},"properties":{"objtype":"SOUNDG","valsou":167.6,"chart":"US4NH1BE"}},{"type":"Feature","geometry":{"type":"Point","coordinates":[-70.294581,42.918594]},"properties":{"objtype":"SOUNDG","valsou":178.6,"chart":"US4NH1BE"}},{"type":"Feature","geometry":{"type":"Point","coordinates":[-70.291389,43.079613]},"properties":{"objtype":"SOUNDG","valsou":156.3,"chart":"US4NH1BE"}},{"type":"Feature","geometry":{"type":"Point","coordinates":[-70.288852,43.046385]},"properties":{"objtype":"SOUNDG","valsou":166.4,"chart":"US4NH1BE"}},{"type":"Feature","geometry":{"type":"Point","coordinates":[-70.284794,42.967598]},"properties":{"objtype":"SOUNDG","valsou":178.0,"chart":"US4NH1BE"}},{"type":"Feature","geometry":{"type":"Point","coordinates":[-70.28189,42.956428]},"properties":{"objtype":"SOUNDG","valsou":184.4,"chart":"US4NH1BE"}},{"type":"Feature","geometry":{"type":"Point","coordinates":[-70.273276,42.917717]},"properties":{"objtype":"SOUNDG","valsou":172.5,"chart":"US4NH1BE"}},{"type":"Feature","geometry":{"type":"Point","coordinates":[-70.26686,43.006329]},"properties":{"objtype":"SOUNDG","valsou":165.5,"chart":"US4NH1BE"}},{"type":"Feature","geometry":{"type":"Point","coordinates":[-70.262136,43.04618]},"properties":{"objtype":"SOUNDG","valsou":169.4,"chart":"US4NH1BE"}},{"type":"Feature","geometry":{"type":"Point","coordinates":[-70.26138,42.913001]},"properties":{"objtype":"SOUNDG","valsou":156.6,"chart":"US4NH1BE"}},{"type":"Feature","geometry":{"type":"Point","coordinates":[-70.251573,43.028845]},"properties":{"objtype":"SOUNDG","valsou":156.3,"chart":"US4NH1BE"}},{"type":"Feature","geometry":{"type":"Point","coordinates":[-70.242888,42.978319]},"properties":{"objtype":"SOUNDG","valsou":175.5,"chart":"US4NH1BE"}},{"type":"Feature","geometry":{"type":"Point","coordinates":[-70.225194,43.123445]},"properties":{"objtype":"SOUNDG","valsou":149.3,"chart":"US4NH1BE"}},{"type":"Feature","geometry":{"type":"Point","coordinates":[-70.221713,43.057859]},"properties":{"objtype":"SOUNDG","valsou":189.5,"chart":"US4NH1BE"}},{"type":"Feature","geometry":{"type":"Point","coordinates":[-70.22054,42.928265]},"properties":{"objtype":"SOUNDG","valsou":185.6,"chart":"US4NH1BE"}},{"type":"Feature","geometry":{"type":"Point","coordinates":[-70.211001,42.986674]},"properties":{"objtype":"SOUNDG","valsou":185.9,"chart":"US4NH1BE"}},{"type":"Feature","geometry":{"type":"Point","coordinates":[-70.209937,42.951299]},"properties":{"objtype":"SOUNDG","valsou":146.9,"chart":"US4NH1BE"}},{"type":"Feature","geometry":{"type":"Point","coordinates":[-70.201196,43.089638]},"properties":{"objtype":"SOUNDG","valsou":188.9,"chart":"US4NH1BE"}},{"type":"Feature","geometry":{"type":"Point","coordinates":[-70.241131,42.908272]},"properties":{"objtype":"SOUNDG","valsou":156.9,"chart":"US4NH1BE"}},{"type":"Feature","geometry":{"type":"Point","coordinates":[-70.217361,43.118078]},"properties":{"objtype":"SOUNDG","valsou":142.6,"chart":"US4NH1BE"}},{"type":"Feature","geometry":{"type":"Point","coordinates":[-70.207942,43.117528]},"properties":{"objtype":"SOUNDG","valsou":159.1,"chart":"US4NH1BE"}},{"type":"Feature","geometry":{"type":"Point","coordinates":[-70.447312,43.132498]},"properties":{"objtype":"SOUNDG","valsou":58.5,"chart":"US4NH1BE"}},{"type":"Feature","geometry":{"type":"Point","coordinates":[-70.197046,43.106277]},"properties":{"objtype":"SOUNDG","valsou":176.4,"chart":"US4NH1BF"}},{"type":"Feature","geometry":{"type":"Point","coordinates":[-70.195454,43.050718]},"properties":{"objtype":"SOUNDG","valsou":179.8,"chart":"US4NH1BF"}},{"type":"Feature","geometry":{"type":"Point","coordinates":[-70.195156,43.039738]},"properties":{"objtype":"SOUNDG","valsou":167.0,"chart":"US4NH1BF"}},{"type":"Feature","geometry":{"type":"Point","coordinates":[-70.195096,43.012066]},"properties":{"objtype":"SOUNDG","valsou":157.2,"chart":"US4NH1BF"}},{"type":"Feature","geometry":{"type":"Point","coordinates":[-70.194708,42.983556]},"properties":{"objtype":"SOUNDG","valsou":176.7,"chart":"US4NH1BF"}},{"type":"Feature","geometry":{"type":"Point","coordinates":[-70.193644,42.973061]},"properties":{"objtype":"SOUNDG","valsou":150.5,"chart":"US4NH1BF"}},{"type":"Feature","geometry":{"type":"Point","coordinates":[-70.193197,43.062519]},"properties":{"objtype":"SOUNDG","valsou":161.5,"chart":"US4NH1BF"}},{"type":"Feature","geometry":{"type":"Point","coordinates":[-70.193107,43.128028]},"properties":{"objtype":"SOUNDG","valsou":173.1,"chart":"US4NH1BF"}},{"type":"Feature","geometry":{"type":"Point","coordinates":[-70.193027,43.000124]},"properties":{"objtype":"SOUNDG","valsou":179.5,"chart":"US4NH1BF"}},{"type":"Feature","geometry":{"type":"Point","coordinates":[-70.191426,42.935369]},"properties":{"objtype":"SOUNDG","valsou":124.6,"chart":"US4NH1BF"}},{"type":"Feature","geometry":{"type":"Point","coordinates":[-70.190839,42.950554]},"properties":{"objtype":"SOUNDG","valsou":136.5,"chart":"US4NH1BF"}},{"type":"Feature","geometry":{"type":"Point","coordinates":[-70.190571,42.928989]},"properties":{"objtype":"SOUNDG","valsou":113.3,"chart":"US4NH1BF"}},{"type":"Feature","geometry":{"type":"Point","coordinates":[-70.189944,42.961725]},"properties":{"objtype":"SOUNDG","valsou":143.2,"chart":"US4NH1BF"}},{"type":"Feature","geometry":{"type":"Point","coordinates":[-70.18875,42.912636]},"properties":{"objtype":"SOUNDG","valsou":112.7,"chart":"US4NH1BF"}},{"type":"Feature","geometry":{"type":"Point","coordinates":[-70.188253,43.078635]},"properties":{"objtype":"SOUNDG","valsou":160.6,"chart":"US4NH1BF"}},{"type":"Feature","geometry":{"type":"Point","coordinates":[-70.186701,43.006577]},"properties":{"objtype":"SOUNDG","valsou":155.1,"chart":"US4NH1BF"}},{"type":"Feature","geometry":{"type":"Point","coordinates":[-70.185607,42.94625]},"properties":{"objtype":"SOUNDG","valsou":123.7,"chart":"US4NH1BF"}},{"type":"Feature","geometry":{"type":"Point","coordinates":[-70.185468,43.123401]},"properties":{"objtype":"SOUNDG","valsou":167.9,"chart":"US4NH1BF"}},{"type":"Feature","geometry":{"type":"Point","coordinates":[-70.18518,42.992041]},"properties":{"objtype":"SOUNDG","valsou":177.0,"chart":"US4NH1BF"}},{"type":"Feature","geometry":{"type":"Point","coordinates":[-70.182325,43.10584]},"properties":{"objtype":"SOUNDG","valsou":148.7,"chart":"US4NH1BF"}},{"type":"Feature","geometry":{"type":"Point","coordinates":[-70.181788,43.044707]},"properties":{"objtype":"SOUNDG","valsou":174.9,"chart":"US4NH1BF"}},{"type":"Feature","geometry":{"type":"Point","coordinates":[-70.181778,43.072977]},"properties":{"objtype":"SOUNDG","valsou":167.6,"chart":"US4NH1BF"}},{"type":"Feature","geometry":{"type":"Point","coordinates":[-70.179053,43.0318]},"properties":{"objtype":"SOUNDG","valsou":164.8,"chart":"US4NH1BF"}},{"type":"Feature","geometry":{"type":"Point","coordinates":[-70.178864,43.084205]},"properties":{"objtype":"SOUNDG","valsou":163.3,"chart":"US4NH1BF"}},{"type":"Feature","geometry":{"type":"Point","coordinates":[-70.178535,42.978072]},"properties":{"objtype":"SOUNDG","valsou":160.9,"chart":"US4NH1BF"}},{"type":"Feature","geometry":{"type":"Point","coordinates":[-70.177581,42.950189]},"properties":{"objtype":"SOUNDG","valsou":130.7,"chart":"US4NH1BF"}},{"type":"Feature","geometry":{"type":"Point","coordinates":[-70.176496,43.065218]},"properties":{"objtype":"SOUNDG","valsou":160.0,"chart":"US4NH1BF"}},{"type":"Feature","geometry":{"type":"Point","coordinates":[-70.175979,42.935143]},"properties":{"objtype":"SOUNDG","valsou":121.0,"chart":"US4NH1BF"}},{"type":"Feature","geometry":{"type":"Point","coordinates":[-70.175681,42.961191]},"properties":{"objtype":"SOUNDG","valsou":141.7,"chart":"US4NH1BF"}},{"type":"Feature","geometry":{"type":"Point","coordinates":[-70.174537,43.127933]},"properties":{"objtype":"SOUNDG","valsou":104.5,"chart":"US4NH1BF"}},{"type":"Feature","geometry":{"type":"Point","coordinates":[-70.174447,43.090081]},"properties":{"objtype":"SOUNDG","valsou":171.2,"chart":"US4NH1BF"}},{"type":"Feature","geometry":{"type":"Point","coordinates":[-70.174267,43.0513]},"properties":{"objtype":"SOUNDG","valsou":164.2,"chart":"US4NH1BF"}},{"type":"Feature","geometry":{"type":"Point","coordinates":[-70.173811,42.913265]},"properties":{"objtype":"SOUNDG","valsou":93.2,"chart":"US4NH1BF"}},{"type":"Feature","geometry":{"type":"Point","coordinates":[-70.172378,42.972119]},"properties":{"objtype":"SOUNDG","valsou":153.3,"chart":"US4NH1BF"}},{"type":"Feature","geometry":{"type":"Point","coordinates":[-70.171463,43.000211]},"properties":{"objtype":"SOUNDG","valsou":170.0,"chart":"US4NH1BF"}},{"type":"Feature","geometry":{"type":"Point","coordinates":[-70.171225,43.016913]},"properties":{"objtype":"SOUNDG","valsou":172.5,"chart":"US4NH1BF"}},{"type":"Feature","geometry":{"type":"Point","coordinates":[-70.17026,43.061732]},"properties":{"objtype":"SOUNDG","valsou":163.6,"chart":"US4NH1BF"}},{"type":"Feature","geometry":{"type":"Point","coordinates":[-70.169991,43.072977]},"properties":{"objtype":"SOUNDG","valsou":163.3,"chart":"US4NH1BF"}},{"type":"Feature","geometry":{"type":"Point","coordinates":[-70.169237,42.940021]},"properties":{"objtype":"SOUNDG","valsou":113.0,"chart":"US4NH1BF"}},{"type":"Feature","geometry":{"type":"Point","coordinates":[-70.168748,43.079328]},"properties":{"objtype":"SOUNDG","valsou":178.6,"chart":"US4NH1BF"}},{"type":"Feature","geometry":{"type":"Point","coordinates":[-70.16831,43.095403]},"properties":{"objtype":"SOUNDG","valsou":156.6,"chart":"US4NH1BF"}},{"type":"Feature","geometry":{"type":"Point","coordinates":[-70.163596,43.131248]},"properties":{"objtype":"SOUNDG","valsou":121.9,"chart":"US4NH1BF"}},{"type":"Feature","geometry":{"type":"Point","coordinates":[-70.162104,42.929127]},"properties":{"objtype":"SOUNDG","valsou":105.1,"chart":"US4NH1BF"}},{"type":"Feature","geometry":{"type":"Point","coordinates":[-70.161447,43.123802]},"properties":{"objtype":"SOUNDG","valsou":153.6,"chart":"US4NH1BF"}},{"type":"Feature","geometry":{"type":"Point","coordinates":[-70.16089,43.006416]},"properties":{"objtype":"SOUNDG","valsou":182.2,"chart":"US4NH1BF"}},{"type":"Feature","geometry":{"type":"Point","coordinates":[-70.160582,43.056801]},"properties":{"objtype":"SOUNDG","valsou":151.7,"chart":"US4NH1BF"}},{"type":"Feature","geometry":{"type":"Point","coordinates":[-70.158882,42.945499]},"properties":{"objtype":"SOUNDG","valsou":131.3,"chart":"US4NH1BF"}},{"type":"Feature","geometry":{"type":"Point","coordinates":[-70.158175,43.089585]},"properties":{"objtype":"SOUNDG","valsou":162.7,"chart":"US4NH1BF"}},{"type":"Feature","geometry":{"type":"Point","coordinates":[-70.157707,43.022525]},"properties":{"objtype":"SOUNDG","valsou":156.9,"chart":"US4NH1BF"}},{"type":"Feature","geometry":{"type":"Point","coordinates":[-70.157618,43.07332]},"properties":{"objtype":"SOUNDG","valsou":161.8,"chart":"US4NH1BF"}},{"type":"Feature","geometry":{"type":"Point","coordinates":[-70.157181,42.961555]},"properties":{"objtype":"SOUNDG","valsou":145.3,"chart":"US4NH1BF"}},{"type":"Feature","geometry":{"type":"Point","coordinates":[-70.156733,43.105687]},"properties":{"objtype":"SOUNDG","valsou":156.3,"chart":"US4NH1BF"}},{"type":"Feature","geometry":{"type":"Point","coordinates":[-70.154544,43.131619]},"properties":{"objtype":"SOUNDG","valsou":123.7,"chart":"US4NH1BF"}},{"type":"Feature","geometry":{"type":"Point","coordinates":[-70.154157,42.972006]},"properties":{"objtype":"SOUNDG","valsou":148.4,"chart":"US4NH1BF"}},{"type":"Feature","geometry":{"type":"Point","coordinates":[-70.153629,42.924172]},"properties":{"objtype":"SOUNDG","valsou":103.3,"chart":"US4NH1BF"}},{"type":"Feature","geometry":{"type":"Point","coordinates":[-70.153311,42.995093]},"properties":{"objtype":"SOUNDG","valsou":181.9,"chart":"US4NH1BF"}},{"type":"Feature","geometry":{"type":"Point","coordinates":[-70.152605,42.982957]},"properties":{"objtype":"SOUNDG","valsou":163.0,"chart":"US4NH1BF"}},{"type":"Feature","geometry":{"type":"Point","coordinates":[-70.14971,43.050747]},"properties":{"objtype":"SOUNDG","valsou":149.9,"chart":"US4NH1BF"}},{"type":"Feature","geometry":{"type":"Point","coordinates":[-70.149382,43.110147]},"properties":{"objtype":"SOUNDG","valsou":92.3,"chart":"US4NH1BF"}},{"type":"Feature","geometry":{"type":"Point","coordinates":[-70.148944,43.125704]},"properties":{"objtype":"SOUNDG","valsou":151.4,"chart":"US4NH1BF"}},{"type":"Feature","geometry":{"type":"Point","coordinates":[-70.147244,43.011701]},"properties":{"objtype":"SOUNDG","valsou":165.2,"chart":"US4NH1BF"}},{"type":"Feature","geometry":{"type":"Point","coordinates":[-70.147035,43.083454]},"properties":{"objtype":"SOUNDG","valsou":136.8,"chart":"US4NH1BF"}},{"type":"Feature","geometry":{"type":"Point","coordinates":[-70.146,43.095184]},"properties":{"objtype":"SOUNDG","valsou":139.5,"chart":"US4NH1BF"}},{"type":"Feature","geometry":{"type":"Point","coordinates":[-70.145374,43.022423]},"properties":{"objtype":"SOUNDG","valsou":160.0,"chart":"US4NH1BF"}},{"type":"Feature","geometry":{"type":"Point","coordinates":[-70.145374,43.038936]},"properties":{"objtype":"SOUNDG","valsou":153.0,"chart":"US4NH1BF"}},{"type":"Feature","geometry":{"type":"Point","coordinates":[-70.144488,42.956143]},"properties":{"objtype":"SOUNDG","valsou":136.8,"chart":"US4NH1BF"}},{"type":"Feature","geometry":{"type":"Point","coordinates":[-70.143762,43.131168]},"properties":{"objtype":"SOUNDG","valsou":91.1,"chart":"US4NH1BF"}},{"type":"Feature","geometry":{"type":"Point","coordinates":[-70.143424,42.932723]},"properties":{"objtype":"SOUNDG","valsou":102.7,"chart":"US4NH1BF"}},{"type":"Feature","geometry":{"type":"Point","coordinates":[-70.143238,43.1118]},"properties":{"objtype":"SOUNDG","valsou":115.2,"chart":"US4NH1BF"}},{"type":"Feature","geometry":{"type":"Point","coordinates":[-70.141912,43.073823]},"properties":{"objtype":"SOUNDG","valsou":163.6,"chart":"US4NH1BF"}},{"type":"Feature","geometry":{"type":"Point","coordinates":[-70.141684,43.061848]},"properties":{"objtype":"SOUNDG","valsou":157.5,"chart":"US4NH1BF"}},{"type":"Feature","geometry":{"type":"Point","coordinates":[-70.141254,42.971945]},"properties":{"objtype":"SOUNDG","valsou":138.0,"chart":"US4NH1BF"}},{"type":"Feature","geometry":{"type":"Point","coordinates":[-70.141226,42.944789]},"properties":{"objtype":"SOUNDG","valsou":128.9,"chart":"US4NH1BF"}},{"type":"Feature","geometry":{"type":"Point","coordinates":[-70.137685,43.132253]},"properties":{"objtype":"SOUNDG","valsou":104.5,"chart":"US4NH1BF"}},{"type":"Feature","geometry":{"type":"Point","coordinates":[-70.137287,43.085561]},"properties":{"objtype":"SOUNDG","valsou":117.0,"chart":"US4NH1BF"}},{"type":"Feature","geometry":{"type":"Point","coordinates":[-70.1367,43.096992]},"properties":{"objtype":"SOUNDG","valsou":118.8,"chart":"US4NH1BF"}},{"type":"Feature","geometry":{"type":"Point","coordinates":[-70.136104,42.992282]},"properties":{"objtype":"SOUNDG","valsou":173.1,"chart":"US4NH1BF"}},{"type":"Feature","geometry":{"type":"Point","coordinates":[-70.135934,43.044824]},"properties":{"objtype":"SOUNDG","valsou":142.6,"chart":"US4NH1BF"}},{"type":"Feature","geometry":{"type":"Point","coordinates":[-70.135407,42.928747]},"properties":{"objtype":"SOUNDG","valsou":91.7,"chart":"US4NH1BF"}},{"type":"Feature","geometry":{"type":"Point","coordinates":[-70.134887,42.978911]},"properties":{"objtype":"SOUNDG","valsou":132.5,"chart":"US4NH1BF"}},{"type":"Feature","geometry":{"type":"Point","coordinates":[-70.134861,43.066566]},"properties":{"objtype":"SOUNDG","valsou":145.6,"chart":"US4NH1BF"}},{"type":"Feature","geometry":{"type":"Point","coordinates":[-70.13297,43.011803]},"properties":{"objtype":"SOUNDG","valsou":158.4,"chart":"US4NH1BF"}},{"type":"Feature","geometry":{"type":"Point","coordinates":[-70.132334,42.939951]},"properties":{"objtype":"SOUNDG","valsou":105.7,"chart":"US4NH1BF"}},{"type":"Feature","geometry":{"type":"Point","coordinates":[-70.13081,43.113373]},"properties":{"objtype":"SOUNDG","valsou":86.5,"chart":"US4NH1BF"}},{"type":"Feature","geometry":{"type":"Point","coordinates":[-70.130613,43.106372]},"properties":{"objtype":"SOUNDG","valsou":149.9,"chart":"US4NH1BF"}},{"type":"Feature","geometry":{"type":"Point","coordinates":[-70.130543,43.001219]},"properties":{"objtype":"SOUNDG","valsou":159.7,"chart":"US4NH1BF"}},{"type":"Feature","geometry":{"type":"Point","coordinates":[-70.129944,42.962115]},"properties":{"objtype":"SOUNDG","valsou":132.8,"chart":"US4NH1BF"}},{"type":"Feature","geometry":{"type":"Point","coordinates":[-70.127957,43.095854]},"properties":{"objtype":"SOUNDG","valsou":105.1,"chart":"US4NH1BF"}},{"type":"Feature","geometry":{"type":"Point","coordinates":[-70.127659,43.089265]},"properties":{"objtype":"SOUNDG","valsou":103.6,"chart":"US4NH1BF"}},{"type":"Feature","geometry":{"type":"Point","coordinates":[-70.127331,43.056218]},"properties":{"objtype":"SOUNDG","valsou":130.1,"chart":"US4NH1BF"}},{"type":"Feature","geometry":{"type":"Point","coordinates":[-70.126341,42.988369]},"properties":{"objtype":"SOUNDG","valsou":137.7,"chart":"US4NH1BF"}},{"type":"Feature","geometry":{"type":"Point","coordinates":[-70.125739,43.073567]},"properties":{"objtype":"SOUNDG","valsou":155.1,"chart":"US4NH1BF"}},{"type":"Feature","geometry":{"type":"Point","coordinates":[-70.123128,43.104292]},"properties":{"objtype":"SOUNDG","valsou":137.7,"chart":"US4NH1BF"}},{"type":"Feature","geometry":{"type":"Point","coordinates":[-70.123123,43.062811]},"properties":{"objtype":"SOUNDG","valsou":161.5,"chart":"US4NH1BF"}},{"type":"Feature","geometry":{"type":"Point","coordinates":[-70.123074,43.022151]},"properties":{"objtype":"SOUNDG","valsou":148.1,"chart":"US4NH1BF"}},{"type":"Feature","geometry":{"type":"Point","coordinates":[-70.123064,43.045619]},"properties":{"objtype":"SOUNDG","valsou":148.4,"chart":"US4NH1BF"}},{"type":"Feature","geometry":{"type":"Point","coordinates":[-70.122974,43.034617]},"properties":{"objtype":"SOUNDG","valsou":159.4,"chart":"US4NH1BF"}},{"type":"Feature","geometry":{"type":"Point","coordinates":[-70.119639,42.984002]},"properties":{"objtype":"SOUNDG","valsou":137.1,"chart":"US4NH1BF"}},{"type":"Feature","geometry":{"type":"Point","coordinates":[-70.1192,42.972201]},"properties":{"objtype":"SOUNDG","valsou":126.1,"chart":"US4NH1BF"}},{"type":"Feature","geometry":{"type":"Point","coordinates":[-70.118969,42.94092]},"properties":{"objtype":"SOUNDG","valsou":115.2,"chart":"US4NH1BF"}},{"type":"Feature","geometry":{"type":"Point","coordinates":[-70.118885,42.950484]},"properties":{"objtype":"SOUNDG","valsou":118.8,"chart":"US4NH1BF"}},{"type":"Feature","geometry":{"type":"Point","coordinates":[-70.117963,43.00592]},"properties":{"objtype":"SOUNDG","valsou":138.9,"chart":"US4NH1BF"}},{"type":"Feature","geometry":{"type":"Point","coordinates":[-70.117395,43.077989]},"properties":{"objtype":"SOUNDG","valsou":117.0,"chart":"US4NH1BF"}},{"type":"Feature","geometry":{"type":"Point","coordinates":[-70.11649,43.093083]},"properties":{"objtype":"SOUNDG","valsou":84.1,"chart":"US4NH1BF"}},{"type":"Feature","geometry":{"type":"Point","coordinates":[-70.116169,43.058494]},"properties":{"objtype":"SOUNDG","valsou":151.7,"chart":"US4NH1BF"}},{"type":"Feature","geometry":{"type":"Point","coordinates":[-70.116036,43.040885]},"properties":{"objtype":"SOUNDG","valsou":138.9,"chart":"US4NH1BF"}},{"type":"Feature","geometry":{"type":"Point","coordinates":[-70.115597,43.087471]},"properties":{"objtype":"SOUNDG","valsou":104.2,"chart":"US4NH1BF"}},{"type":"Feature","geometry":{"type":"Point","coordinates":[-70.115168,43.126606]},"properties":{"objtype":"SOUNDG","valsou":133.5,"chart":"US4NH1BF"}},{"type":"Feature","geometry":{"type":"Point","coordinates":[-70.113523,42.919434]},"properties":{"objtype":"SOUNDG","valsou":58.5,"chart":"US4NH1BF"}},{"type":"Feature","geometry":{"type":"Point","coordinates":[-70.113188,43.051638]},"properties":{"objtype":"SOUNDG","valsou":144.4,"chart":"US4NH1BF"}},{"type":"Feature","geometry":{"type":"Point","coordinates":[-70.112099,42.960761]},"properties":{"objtype":"SOUNDG","valsou":124.3,"chart":"US4NH1BF"}},{"type":"Feature","geometry":{"type":"Point","coordinates":[-70.111345,42.946976]},"properties":{"objtype":"SOUNDG","valsou":106.0,"chart":"US4NH1BF"}},{"type":"Feature","geometry":{"type":"Point","coordinates":[-70.111039,43.109855]},"properties":{"objtype":"SOUNDG","valsou":137.1,"chart":"US4NH1BF"}},{"type":"Feature","geometry":{"type":"Point","coordinates":[-70.110666,42.935069]},"properties":{"objtype":"SOUNDG","valsou":109.7,"chart":"US4NH1BF"}},{"type":"Feature","geometry":{"type":"Point","coordinates":[-70.110598,43.066956]},"properties":{"objtype":"SOUNDG","valsou":129.8,"chart":"US4NH1BF"}},{"type":"Feature","geometry":{"type":"Point","coordinates":[-70.108689,43.017933]},"properties":{"objtype":"SOUNDG","valsou":135.3,"chart":"US4NH1BF"}},{"type":"Feature","geometry":{"type":"Point","coordinates":[-70.107742,42.903151]},"properties":{"objtype":"SOUNDG","valsou":62.1,"chart":"US4NH1BF"}},{"type":"Feature","geometry":{"type":"Point","coordinates":[-70.10761,43.027683]},"properties":{"objtype":"SOUNDG","valsou":144.4,"chart":"US4NH1BF"}},{"type":"Feature","geometry":{"type":"Point","coordinates":[-70.10615,42.923621]},"properties":{"objtype":"SOUNDG","valsou":62.1,"chart":"US4NH1BF"}},{"type":"Feature","geometry":{"type":"Point","coordinates":[-70.106008,43.092143]},"properties":{"objtype":"SOUNDG","valsou":98.7,"chart":"US4NH1BF"}},{"type":"Feature","geometry":{"type":"Point","coordinates":[-70.105863,43.09894]},"properties":{"objtype":"SOUNDG","valsou":65.8,"chart":"US4NH1BF"}},{"type":"Feature","geometry":{"type":"Point","coordinates":[-70.104743,43.088057]},"properties":{"objtype":"SOUNDG","valsou":102.4,"chart":"US4NH1BF"}},{"type":"Feature","geometry":{"type":"Point","coordinates":[-70.104391,42.966115]},"properties":{"objtype":"SOUNDG","valsou":115.2,"chart":"US4NH1BF"}},{"type":"Feature","geometry":{"type":"Point","coordinates":[-70.104072,42.95583]},"properties":{"objtype":"SOUNDG","valsou":111.5,"chart":"US4NH1BF"}},{"type":"Feature","geometry":{"type":"Point","coordinates":[-70.103888,42.91266]},"properties":{"objtype":"SOUNDG","valsou":60.3,"chart":"US4NH1BF"}},{"type":"Feature","geometry":{"type":"Point","coordinates":[-70.103229,43.078699]},"properties":{"objtype":"SOUNDG","valsou":91.4,"chart":"US4NH1BF"}},{"type":"Feature","geometry":{"type":"Point","coordinates":[-70.103218,43.040639]},"properties":{"objtype":"SOUNDG","valsou":120.7,"chart":"US4NH1BF"}},{"type":"Feature","geometry":{"type":"Point","coordinates":[-70.101446,42.97811]},"properties":{"objtype":"SOUNDG","valsou":117.0,"chart":"US4NH1BF"}},{"type":"Feature","geometry":{"type":"Point","coordinates":[-70.100788,43.045248]},"properties":{"objtype":"SOUNDG","valsou":120.7,"chart":"US4NH1BF"}},{"type":"Feature","geometry":{"type":"Point","coordinates":[-70.099699,43.007273]},"properties":{"objtype":"SOUNDG","valsou":131.6,"chart":"US4NH1BF"}},{"type":"Feature","geometry":{"type":"Point","coordinates":[-70.099331,43.059559]},"properties":{"objtype":"SOUNDG","valsou":129.8,"chart":"US4NH1BF"}},{"type":"Feature","geometry":{"type":"Point","coordinates":[-70.099113,43.051515]},"properties":{"objtype":"SOUNDG","valsou":137.1,"chart":"US4NH1BF"}},{"type":"Feature","geometry":{"type":"Point","coordinates":[-70.098945,42.940674]},"properties":{"objtype":"SOUNDG","valsou":89.6,"chart":"US4NH1BF"}},{"type":"Feature","geometry":{"type":"Point","coordinates":[-70.098809,43.126093]},"properties":{"objtype":"SOUNDG","valsou":100.5,"chart":"US4NH1BF"}},{"type":"Feature","geometry":{"type":"Point","coordinates":[-70.098694,42.921035]},"properties":{"objtype":"SOUNDG","valsou":54.8,"chart":"US4NH1BF"}},{"type":"Feature","geometry":{"type":"Point","coordinates":[-70.098191,42.996549]},"properties":{"objtype":"SOUNDG","valsou":137.1,"chart":"US4NH1BF"}},{"type":"Feature","geometry":{"type":"Point","coordinates":[-70.097849,43.104856]},"properties":{"objtype":"SOUNDG","valsou":82.2,"chart":"US4NH1BF"}},{"type":"Feature","geometry":{"type":"Point","coordinates":[-70.097772,42.988123]},"properties":{"objtype":"SOUNDG","valsou":138.9,"chart":"US4NH1BF"}},{"type":"Feature","geometry":{"type":"Point","coordinates":[-70.097478,43.069158]},"properties":{"objtype":"SOUNDG","valsou":109.7,"chart":"US4NH1BF"}},{"type":"Feature","geometry":{"type":"Point","coordinates":[-70.096991,43.023014]},"properties":{"objtype":"SOUNDG","valsou":113.3,"chart":"US4NH1BF"}},{"type":"Feature","geometry":{"type":"Point","coordinates":[-70.096915,43.112131]},"properties":{"objtype":"SOUNDG","valsou":131.6,"chart":"US4NH1BF"}},{"type":"Feature","geometry":{"type":"Point","coordinates":[-70.095578,43.0121]},"properties":{"objtype":"SOUNDG","valsou":126.1,"chart":"US4NH1BF"}},{"type":"Feature","geometry":{"type":"Point","coordinates":[-70.093754,43.083179]},"properties":{"objtype":"SOUNDG","valsou":96.9,"chart":"US4NH1BF"}},{"type":"Feature","geometry":{"type":"Point","coordinates":[-70.093638,42.935043]},"properties":{"objtype":"SOUNDG","valsou":71.3,"chart":"US4NH1BF"}},{"type":"Feature","geometry":{"type":"Point","coordinates":[-70.093416,42.924975]},"properties":{"objtype":"SOUNDG","valsou":58.5,"chart":"US4NH1BF"}},{"type":"Feature","geometry":{"type":"Point","coordinates":[-70.092235,42.947494]},"properties":{"objtype":"SOUNDG","valsou":96.9,"chart":"US4NH1BF"}},{"type":"Feature","geometry":{"type":"Point","coordinates":[-70.09214,43.09513]},"properties":{"objtype":"SOUNDG","valsou":80.4,"chart":"US4NH1BF"}},{"type":"Feature","geometry":{"type":"Point","coordinates":[-70.091908,43.031125]},"properties":{"objtype":"SOUNDG","valsou":107.8,"chart":"US4NH1BF"}},{"type":"Feature","geometry":{"type":"Point","coordinates":[-70.091533,43.122823]},"properties":{"objtype":"SOUNDG","valsou":85.9,"chart":"US4NH1BF"}},{"type":"Feature","geometry":{"type":"Point","coordinates":[-70.091233,43.05058]},"properties":{"objtype":"SOUNDG","valsou":131.6,"chart":"US4NH1BF"}},{"type":"Feature","geometry":{"type":"Point","coordinates":[-70.091154,42.972452]},"properties":{"objtype":"SOUNDG","valsou":91.4,"chart":"US4NH1BF"}},{"type":"Feature","geometry":{"type":"Point","coordinates":[-70.091025,43.00379]},"properties":{"objtype":"SOUNDG","valsou":113.3,"chart":"US4NH1BF"}},{"type":"Feature","geometry":{"type":"Point","coordinates":[-70.090986,42.91654]},"properties":{"objtype":"SOUNDG","valsou":64.0,"chart":"US4NH1BF"}},{"type":"Feature","geometry":{"type":"Point","coordinates":[-70.090232,42.962607]},"properties":{"objtype":"SOUNDG","valsou":91.4,"chart":"US4NH1BF"}},{"type":"Feature","geometry":{"type":"Point","coordinates":[-70.090203,43.102233]},"properties":{"objtype":"SOUNDG","valsou":80.4,"chart":"US4NH1BF"}},{"type":"Feature","geometry":{"type":"Point","coordinates":[-70.089702,43.126104]},"properties":{"objtype":"SOUNDG","valsou":93.2,"chart":"US4NH1BF"}},{"type":"Feature","geometry":{"type":"Point","coordinates":[-70.089394,42.940181]},"properties":{"objtype":"SOUNDG","valsou":80.4,"chart":"US4NH1BF"}},{"type":"Feature","geometry":{"type":"Point","coordinates":[-70.088931,43.06557]},"properties":{"objtype":"SOUNDG","valsou":100.5,"chart":"US4NH1BF"}},{"type":"Feature","geometry":{"type":"Point","coordinates":[-70.087551,42.901857]},"properties":{"objtype":"SOUNDG","valsou":69.4,"chart":"US4NH1BF"}},{"type":"Feature","geometry":{"type":"Point","coordinates":[-70.087383,42.988738]},"properties":{"objtype":"SOUNDG","valsou":129.8,"chart":"US4NH1BF"}},{"type":"Feature","geometry":{"type":"Point","coordinates":[-70.087356,42.994534]},"properties":{"objtype":"SOUNDG","valsou":117.0,"chart":"US4NH1BF"}},{"type":"Feature","geometry":{"type":"Point","coordinates":[-70.087132,42.957562]},"properties":{"objtype":"SOUNDG","valsou":89.6,"chart":"US4NH1BF"}},{"type":"Feature","geometry":{"type":"Point","coordinates":[-70.086964,43.043159]},"properties":{"objtype":"SOUNDG","valsou":104.2,"chart":"US4NH1BF"}},{"type":"Feature","geometry":{"type":"Point","coordinates":[-70.086951,42.928629]},"properties":{"objtype":"SOUNDG","valsou":62.1,"chart":"US4NH1BF"}},{"type":"Feature","geometry":{"type":"Point","coordinates":[-70.085942,43.020493]},"properties":{"objtype":"SOUNDG","valsou":106.0,"chart":"US4NH1BF"}},{"type":"Feature","geometry":{"type":"Point","coordinates":[-70.084955,43.088781]},"properties":{"objtype":"SOUNDG","valsou":102.4,"chart":"US4NH1BF"}},{"type":"Feature","geometry":{"type":"Point","coordinates":[-70.084828,43.109855]},"properties":{"objtype":"SOUNDG","valsou":128.0,"chart":"US4NH1BF"}},{"type":"Feature","geometry":{"type":"Point","coordinates":[-70.084644,43.060147]},"properties":{"objtype":"SOUNDG","valsou":118.8,"chart":"US4NH1BF"}},{"type":"Feature","geometry":{"type":"Point","coordinates":[-70.083834,43.012271]},"properties":{"objtype":"SOUNDG","valsou":102.4,"chart":"US4NH1BF"}},{"type":"Feature","geometry":{"type":"Point","coordinates":[-70.081635,43.098968]},"properties":{"objtype":"SOUNDG","valsou":89.6,"chart":"US4NH1BF"}},{"type":"Feature","geometry":{"type":"Point","coordinates":[-70.081453,43.026422]},"properties":{"objtype":"SOUNDG","valsou":85.9,"chart":"US4NH1BF"}},{"type":"Feature","geometry":{"type":"Point","coordinates":[-70.081415,43.064997]},"properties":{"objtype":"SOUNDG","valsou":104.2,"chart":"US4NH1BF"}},{"type":"Feature","geometry":{"type":"Point","coordinates":[-70.081304,43.03873]},"properties":{"objtype":"SOUNDG","valsou":85.9,"chart":"US4NH1BF"}},{"type":"Feature","geometry":{"type":"Point","coordinates":[-70.080932,42.935749]},"properties":{"objtype":"SOUNDG","valsou":60.3,"chart":"US4NH1BF"}},{"type":"Feature","geometry":{"type":"Point","coordinates":[-70.08068,43.122512]},"properties":{"objtype":"SOUNDG","valsou":98.7,"chart":"US4NH1BF"}},{"type":"Feature","geometry":{"type":"Point","coordinates":[-70.080055,43.006684]},"properties":{"objtype":"SOUNDG","valsou":91.4,"chart":"US4NH1BF"}},{"type":"Feature","geometry":{"type":"Point","coordinates":[-70.0797,43.131182]},"properties":{"objtype":"SOUNDG","valsou":102.4,"chart":"US4NH1BF"}},{"type":"Feature","geometry":{"type":"Point","coordinates":[-70.079257,42.984863]},"properties":{"objtype":"SOUNDG","valsou":129.8,"chart":"US4NH1BF"}},{"type":"Feature","geometry":{"type":"Point","coordinates":[-70.078828,43.052721]},"properties":{"objtype":"SOUNDG","valsou":117.0,"chart":"US4NH1BF"}},{"type":"Feature","geometry":{"type":"Point","coordinates":[-70.078789,42.910377]},"properties":{"objtype":"SOUNDG","valsou":67.6,"chart":"US4NH1BF"}},{"type":"Feature","geometry":{"type":"Point","coordinates":[-70.078707,42.918199]},"properties":{"objtype":"SOUNDG","valsou":80.4,"chart":"US4NH1BF"}},{"type":"Feature","geometry":{"type":"Point","coordinates":[-70.078502,43.081936]},"properties":{"objtype":"SOUNDG","valsou":100.5,"chart":"US4NH1BF"}},{"type":"Feature","geometry":{"type":"Point","coordinates":[-70.077719,43.045915]},"properties":{"objtype":"SOUNDG","valsou":118.8,"chart":"US4NH1BF"}},{"type":"Feature","geometry":{"type":"Point","coordinates":[-70.077497,42.930886]},"properties":{"objtype":"SOUNDG","valsou":58.5,"chart":"US4NH1BF"}},{"type":"Feature","geometry":{"type":"Point","coordinates":[-70.076994,42.975589]},"properties":{"objtype":"SOUNDG","valsou":104.2,"chart":"US4NH1BF"}},{"type":"Feature","geometry":{"type":"Point","coordinates":[-70.076659,42.950177]},"properties":{"objtype":"SOUNDG","valsou":84.1,"chart":"US4NH1BF"}},{"type":"Feature","geometry":{"type":"Point","coordinates":[-70.074389,43.034029]},"properties":{"objtype":"SOUNDG","valsou":100.5,"chart":"US4NH1BF"}},{"type":"Feature","geometry":{"type":"Point","coordinates":[-70.07422,43.070001]},"properties":{"objtype":"SOUNDG","valsou":87.7,"chart":"US4NH1BF"}},{"type":"Feature","geometry":{"type":"Point","coordinates":[-70.07362,42.964639]},"properties":{"objtype":"SOUNDG","valsou":80.4,"chart":"US4NH1BF"}},{"type":"Feature","geometry":{"type":"Point","coordinates":[-70.073255,43.105031]},"properties":{"objtype":"SOUNDG","valsou":40.2,"chart":"US4NH1BF"}},{"type":"Feature","geometry":{"type":"Point","coordinates":[-70.073224,43.017909]},"properties":{"objtype":"SOUNDG","valsou":78.6,"chart":"US4NH1BF"}},{"type":"Feature","geometry":{"type":"Point","coordinates":[-70.072364,42.991439]},"properties":{"objtype":"SOUNDG","valsou":102.4,"chart":"US4NH1BF"}},{"type":"Feature","geometry":{"type":"Point","coordinates":[-70.071527,43.111566]},"properties":{"objtype":"SOUNDG","valsou":45.7,"chart":"US4NH1BF"}},{"type":"Feature","geometry":{"type":"Point","coordinates":[-70.071427,43.026508]},"properties":{"objtype":"SOUNDG","valsou":85.9,"chart":"US4NH1BF"}},{"type":"Feature","geometry":{"type":"Point","coordinates":[-70.070819,43.092329]},"properties":{"objtype":"SOUNDG","valsou":49.3,"chart":"US4NH1BF"}},{"type":"Feature","geometry":{"type":"Point","coordinates":[-70.070292,42.940304]},"properties":{"objtype":"SOUNDG","valsou":60.3,"chart":"US4NH1BF"}},{"type":"Feature","geometry":{"type":"Point","coordinates":[-70.069498,43.056707]},"properties":{"objtype":"SOUNDG","valsou":71.3,"chart":"US4NH1BF"}},{"type":"Feature","geometry":{"type":"Point","coordinates":[-70.069161,43.039555]},"properties":{"objtype":"SOUNDG","valsou":82.2,"chart":"US4NH1BF"}},{"type":"Feature","geometry":{"type":"Point","coordinates":[-70.06839,43.098994]},"properties":{"objtype":"SOUNDG","valsou":43.8,"chart":"US4NH1BF"}},{"type":"Feature","geometry":{"type":"Point","coordinates":[-70.067952,43.013274]},"properties":{"objtype":"SOUNDG","valsou":76.8,"chart":"US4NH1BF"}},{"type":"Feature","geometry":{"type":"Point","coordinates":[-70.06736,42.923374]},"properties":{"objtype":"SOUNDG","valsou":78.6,"chart":"US4NH1BF"}},{"type":"Feature","geometry":{"type":"Point","coordinates":[-70.066522,42.914692]},"properties":{"objtype":"SOUNDG","valsou":78.6,"chart":"US4NH1BF"}},{"type":"Feature","geometry":{"type":"Point","coordinates":[-70.065812,43.126397]},"properties":{"objtype":"SOUNDG","valsou":47.5,"chart":"US4NH1BF"}},{"type":"Feature","geometry":{"type":"Point","coordinates":[-70.065265,43.01877]},"properties":{"objtype":"SOUNDG","valsou":98.7,"chart":"US4NH1BF"}},{"type":"Feature","geometry":{"type":"Point","coordinates":[-70.065216,43.132056]},"properties":{"objtype":"SOUNDG","valsou":49.3,"chart":"US4NH1BF"}},{"type":"Feature","geometry":{"type":"Point","coordinates":[-70.065014,42.907647]},"properties":{"objtype":"SOUNDG","valsou":84.1,"chart":"US4NH1BF"}},{"type":"Feature","geometry":{"type":"Point","coordinates":[-70.065014,42.957992]},"properties":{"objtype":"SOUNDG","valsou":58.5,"chart":"US4NH1BF"}},{"type":"Feature","geometry":{"type":"Point","coordinates":[-70.064123,42.985534]},"properties":{"objtype":"SOUNDG","valsou":102.4,"chart":"US4NH1BF"}},{"type":"Feature","geometry":{"type":"Point","coordinates":[-70.063925,42.952885]},"properties":{"objtype":"SOUNDG","valsou":54.8,"chart":"US4NH1BF"}},{"type":"Feature","geometry":{"type":"Point","coordinates":[-70.063439,42.935089]},"properties":{"objtype":"SOUNDG","valsou":67.6,"chart":"US4NH1BF"}},{"type":"Feature","geometry":{"type":"Point","coordinates":[-70.063087,42.946669]},"properties":{"objtype":"SOUNDG","valsou":60.3,"chart":"US4NH1BF"}},{"type":"Feature","geometry":{"type":"Point","coordinates":[-70.063003,42.998086]},"properties":{"objtype":"SOUNDG","valsou":96.9,"chart":"US4NH1BF"}},{"type":"Feature","geometry":{"type":"Point","coordinates":[-70.062564,43.065742]},"properties":{"objtype":"SOUNDG","valsou":49.3,"chart":"US4NH1BF"}},{"type":"Feature","geometry":{"type":"Point","coordinates":[-70.062426,43.069735]},"properties":{"objtype":"SOUNDG","valsou":51.2,"chart":"US4NH1BF"}},{"type":"Feature","geometry":{"type":"Point","coordinates":[-70.062236,43.08151]},"properties":{"objtype":"SOUNDG","valsou":51.2,"chart":"US4NH1BF"}},{"type":"Feature","geometry":{"type":"Point","coordinates":[-70.061724,43.092825]},"properties":{"objtype":"SOUNDG","valsou":47.5,"chart":"US4NH1BF"}},{"type":"Feature","geometry":{"type":"Point","coordinates":[-70.061639,43.054687]},"properties":{"objtype":"SOUNDG","valsou":45.7,"chart":"US4NH1BF"}},{"type":"Feature","geometry":{"type":"Point","coordinates":[-70.060992,42.972513]},"properties":{"objtype":"SOUNDG","valsou":84.1,"chart":"US4NH1BF"}},{"type":"Feature","geometry":{"type":"Point","coordinates":[-70.05986,43.087485]},"properties":{"objtype":"SOUNDG","valsou":47.5,"chart":"US4NH1BF"}},{"type":"Feature","geometry":{"type":"Point","coordinates":[-70.059218,43.076436]},"properties":{"objtype":"SOUNDG","valsou":53.0,"chart":"US4NH1BF"}},{"type":"Feature","geometry":{"type":"Point","coordinates":[-70.058056,43.110843]},"properties":{"objtype":"SOUNDG","valsou":49.3,"chart":"US4NH1BF"}},{"type":"Feature","geometry":{"type":"Point","coordinates":[-70.057641,42.965007]},"properties":{"objtype":"SOUNDG","valsou":60.3,"chart":"US4NH1BF"}},{"type":"Feature","geometry":{"type":"Point","coordinates":[-70.056529,43.105]},"properties":{"objtype":"SOUNDG","valsou":51.2,"chart":"US4NH1BF"}},{"type":"Feature","geometry":{"type":"Point","coordinates":[-70.056252,43.07151]},"properties":{"objtype":"SOUNDG","valsou":53.0,"chart":"US4NH1BF"}},{"type":"Feature","geometry":{"type":"Point","coordinates":[-70.056217,43.011208]},"properties":{"objtype":"SOUNDG","valsou":51.2,"chart":"US4NH1BF"}},{"type":"Feature","geometry":{"type":"Point","coordinates":[-70.056123,43.025706]},"properties":{"objtype":"SOUNDG","valsou":43.8,"chart":"US4NH1BF"}},{"type":"Feature","geometry":{"type":"Point","coordinates":[-70.056049,42.932733]},"properties":{"objtype":"SOUNDG","valsou":74.9,"chart":"US4NH1BF"}},{"type":"Feature","geometry":{"type":"Point","coordinates":[-70.055865,43.060005]},"properties":{"objtype":"SOUNDG","valsou":51.2,"chart":"US4NH1BF"}},{"type":"Feature","geometry":{"type":"Point","coordinates":[-70.05568,43.096758]},"properties":{"objtype":"SOUNDG","valsou":53.0,"chart":"US4NH1BF"}},{"type":"Feature","geometry":{"type":"Point","coordinates":[-70.05546,42.920138]},"properties":{"objtype":"SOUNDG","valsou":85.9,"chart":"US4NH1BF"}},{"type":"Feature","geometry":{"type":"Point","coordinates":[-70.055222,42.992212]},"properties":{"objtype":"SOUNDG","valsou":85.9,"chart":"US4NH1BF"}},{"type":"Feature","geometry":{"type":"Point","coordinates":[-70.055218,43.048173]},"properties":{"objtype":"SOUNDG","valsou":51.2,"chart":"US4NH1BF"}},{"type":"Feature","geometry":{"type":"Point","coordinates":[-70.055128,43.040701]},"properties":{"objtype":"SOUNDG","valsou":51.2,"chart":"US4NH1BF"}},{"type":"Feature","geometry":{"type":"Point","coordinates":[-70.054495,43.126295]},"properties":{"objtype":"SOUNDG","valsou":45.7,"chart":"US4NH1BF"}},{"type":"Feature","geometry":{"type":"Point","coordinates":[-70.054319,43.035637]},"properties":{"objtype":"SOUNDG","valsou":49.3,"chart":"US4NH1BF"}},{"type":"Feature","geometry":{"type":"Point","coordinates":[-70.053703,42.905209]},"properties":{"objtype":"SOUNDG","valsou":102.4,"chart":"US4NH1BF"}},{"type":"Feature","geometry":{"type":"Point","coordinates":[-70.053218,43.019748]},"properties":{"objtype":"SOUNDG","valsou":45.7,"chart":"US4NH1BF"}},{"type":"Feature","geometry":{"type":"Point","coordinates":[-70.052843,42.997171]},"properties":{"objtype":"SOUNDG","valsou":71.3,"chart":"US4NH1BF"}},{"type":"Feature","geometry":{"type":"Point","coordinates":[-70.052528,42.980375]},"properties":{"objtype":"SOUNDG","valsou":62.1,"chart":"US4NH1BF"}},{"type":"Feature","geometry":{"type":"Point","coordinates":[-70.052028,43.054157]},"properties":{"objtype":"SOUNDG","valsou":53.0,"chart":"US4NH1BF"}},{"type":"Feature","geometry":{"type":"Point","coordinates":[-70.05201,43.131371]},"properties":{"objtype":"SOUNDG","valsou":51.2,"chart":"US4NH1BF"}},{"type":"Feature","geometry":{"type":"Point","coordinates":[-70.051693,42.943813]},"properties":{"objtype":"SOUNDG","valsou":69.4,"chart":"US4NH1BF"}},{"type":"Feature","geometry":{"type":"Point","coordinates":[-70.051274,43.003092]},"properties":{"objtype":"SOUNDG","valsou":53.0,"chart":"US4NH1BF"}},{"type":"Feature","geometry":{"type":"Point","coordinates":[-70.05119,42.956392]},"properties":{"objtype":"SOUNDG","valsou":60.3,"chart":"US4NH1BF"}},{"type":"Feature","geometry":{"type":"Point","coordinates":[-70.050765,43.11449]},"properties":{"objtype":"SOUNDG","valsou":53.0,"chart":"US4NH1BF"}},{"type":"Feature","geometry":{"type":"Point","coordinates":[-70.049127,43.081564]},"properties":{"objtype":"SOUNDG","valsou":60.3,"chart":"US4NH1BF"}},{"type":"Feature","geometry":{"type":"Point","coordinates":[-70.049012,43.04322]},"properties":{"objtype":"SOUNDG","valsou":53.0,"chart":"US4NH1BF"}},{"type":"Feature","geometry":{"type":"Point","coordinates":[-70.048342,42.964023]},"properties":{"objtype":"SOUNDG","valsou":62.1,"chart":"US4NH1BF"}},{"type":"Feature","geometry":{"type":"Point","coordinates":[-70.048104,43.014993]},"properties":{"objtype":"SOUNDG","valsou":49.3,"chart":"US4NH1BF"}},{"type":"Feature","geometry":{"type":"Point","coordinates":[-70.047506,42.914904]},"properties":{"objtype":"SOUNDG","valsou":96.9,"chart":"US4NH1BF"}},{"type":"Feature","geometry":{"type":"Point","coordinates":[-70.047128,43.02837]},"properties":{"objtype":"SOUNDG","valsou":53.0,"chart":"US4NH1BF"}},{"type":"Feature","geometry":{"type":"Point","coordinates":[-70.047001,42.925899]},"properties":{"objtype":"SOUNDG","valsou":87.7,"chart":"US4NH1BF"}},{"type":"Feature","geometry":{"type":"Point","coordinates":[-70.046416,43.092281]},"properties":{"objtype":"SOUNDG","valsou":87.7,"chart":"US4NH1BF"}},{"type":"Feature","geometry":{"type":"Point","coordinates":[-70.046383,43.064677]},"properties":{"objtype":"SOUNDG","valsou":60.3,"chart":"US4NH1BF"}},{"type":"Feature","geometry":{"type":"Point","coordinates":[-70.045493,43.035366]},"properties":{"objtype":"SOUNDG","valsou":54.8,"chart":"US4NH1BF"}},{"type":"Feature","geometry":{"type":"Point","coordinates":[-70.045409,42.99538]},"properties":{"objtype":"SOUNDG","valsou":54.8,"chart":"US4NH1BF"}},{"type":"Feature","geometry":{"type":"Point","coordinates":[-70.043978,42.989002]},"properties":{"objtype":"SOUNDG","valsou":53.0,"chart":"US4NH1BF"}},{"type":"Feature","geometry":{"type":"Point","coordinates":[-70.043482,42.951531]},"properties":{"objtype":"SOUNDG","valsou":71.3,"chart":"US4NH1BF"}},{"type":"Feature","geometry":{"type":"Point","coordinates":[-70.043354,42.983499]},"properties":{"objtype":"SOUNDG","valsou":51.2,"chart":"US4NH1BF"}},{"type":"Feature","geometry":{"type":"Point","coordinates":[-70.043315,42.969006]},"properties":{"objtype":"SOUNDG","valsou":58.5,"chart":"US4NH1BF"}},{"type":"Feature","geometry":{"type":"Point","coordinates":[-70.042963,43.072474]},"properties":{"objtype":"SOUNDG","valsou":65.8,"chart":"US4NH1BF"}},{"type":"Feature","geometry":{"type":"Point","coordinates":[-70.04277,42.9195]},"properties":{"objtype":"SOUNDG","valsou":96.9,"chart":"US4NH1BF"}},{"type":"Feature","geometry":{"type":"Point","coordinates":[-70.042187,43.123176]},"properties":{"objtype":"SOUNDG","valsou":58.5,"chart":"US4NH1BF"}},{"type":"Feature","geometry":{"type":"Point","coordinates":[-70.041974,42.903089]},"properties":{"objtype":"SOUNDG","valsou":115.2,"chart":"US4NH1BF"}},{"type":"Feature","geometry":{"type":"Point","coordinates":[-70.041779,43.010609]},"properties":{"objtype":"SOUNDG","valsou":51.2,"chart":"US4NH1BF"}},{"type":"Feature","geometry":{"type":"Point","coordinates":[-70.041614,43.10853]},"properties":{"objtype":"SOUNDG","valsou":93.2,"chart":"US4NH1BF"}},{"type":"Feature","geometry":{"type":"Point","coordinates":[-70.041028,42.936641]},"properties":{"objtype":"SOUNDG","valsou":80.4,"chart":"US4NH1BF"}},{"type":"Feature","geometry":{"type":"Point","coordinates":[-70.041014,43.006999]},"properties":{"objtype":"SOUNDG","valsou":49.3,"chart":"US4NH1BF"}},{"type":"Feature","geometry":{"type":"Point","coordinates":[-70.040515,43.049238]},"properties":{"objtype":"SOUNDG","valsou":58.5,"chart":"US4NH1BF"}},{"type":"Feature","geometry":{"type":"Point","coordinates":[-70.039961,43.101622]},"properties":{"objtype":"SOUNDG","valsou":98.7,"chart":"US4NH1BF"}},{"type":"Feature","geometry":{"type":"Point","coordinates":[-70.039327,43.059456]},"properties":{"objtype":"SOUNDG","valsou":67.6,"chart":"US4NH1BF"}},{"type":"Feature","geometry":{"type":"Point","coordinates":[-70.038119,43.131386]},"properties":{"objtype":"SOUNDG","valsou":60.3,"chart":"US4NH1BF"}},{"type":"Feature","geometry":{"type":"Point","coordinates":[-70.038037,42.960638]},"properties":{"objtype":"SOUNDG","valsou":65.8,"chart":"US4NH1BF"}},{"type":"Feature","geometry":{"type":"Point","coordinates":[-70.036696,43.037517]},"properties":{"objtype":"SOUNDG","valsou":62.1,"chart":"US4NH1BF"}},{"type":"Feature","geometry":{"type":"Point","coordinates":[-70.036446,43.114094]},"properties":{"objtype":"SOUNDG","valsou":95.0,"chart":"US4NH1BF"}},{"type":"Feature","geometry":{"type":"Point","coordinates":[-70.034458,43.078966]},"properties":{"objtype":"SOUNDG","valsou":87.7,"chart":"US4NH1BF"}},{"type":"Feature","geometry":{"type":"Point","coordinates":[-70.034323,43.013961]},"properties":{"objtype":"SOUNDG","valsou":58.5,"chart":"US4NH1BF"}},{"type":"Feature","geometry":{"type":"Point","coordinates":[-70.034323,43.028513]},"properties":{"objtype":"SOUNDG","valsou":62.1,"chart":"US4NH1BF"}},{"type":"Feature","geometry":{"type":"Point","coordinates":[-70.033597,42.999033]},"properties":{"objtype":"SOUNDG","valsou":60.3,"chart":"US4NH1BF"}},{"type":"Feature","geometry":{"type":"Point","coordinates":[-70.033406,43.064883]},"properties":{"objtype":"SOUNDG","valsou":84.1,"chart":"US4NH1BF"}},{"type":"Feature","geometry":{"type":"Point","coordinates":[-70.032842,42.971529]},"properties":{"objtype":"SOUNDG","valsou":64.0,"chart":"US4NH1BF"}},{"type":"Feature","geometry":{"type":"Point","coordinates":[-70.032266,42.980919]},"properties":{"objtype":"SOUNDG","valsou":62.1,"chart":"US4NH1BF"}},{"type":"Feature","geometry":{"type":"Point","coordinates":[-70.031166,42.988677]},"properties":{"objtype":"SOUNDG","valsou":64.0,"chart":"US4NH1BF"}},{"type":"Feature","geometry":{"type":"Point","coordinates":[-70.031023,43.129336]},"properties":{"objtype":"SOUNDG","valsou":67.6,"chart":"US4NH1BF"}},{"type":"Feature","geometry":{"type":"Point","coordinates":[-70.030816,43.09693]},"properties":{"objtype":"SOUNDG","valsou":89.6,"chart":"US4NH1BF"}},{"type":"Feature","geometry":{"type":"Point","coordinates":[-70.030707,43.020837]},"properties":{"objtype":"SOUNDG","valsou":65.8,"chart":"US4NH1BF"}},{"type":"Feature","geometry":{"type":"Point","coordinates":[-70.029826,42.914138]},"properties":{"objtype":"SOUNDG","valsou":117.0,"chart":"US4NH1BF"}},{"type":"Feature","geometry":{"type":"Point","coordinates":[-70.029826,42.956085]},"properties":{"objtype":"SOUNDG","valsou":87.7,"chart":"US4NH1BF"}},{"type":"Feature","geometry":{"type":"Point","coordinates":[-70.028943,42.943919]},"properties":{"objtype":"SOUNDG","valsou":85.9,"chart":"US4NH1BF"}},{"type":"Feature","geometry":{"type":"Point","coordinates":[-70.028402,43.006166]},"properties":{"objtype":"SOUNDG","valsou":64.0,"chart":"US4NH1BF"}},{"type":"Feature","geometry":{"type":"Point","coordinates":[-70.02681,42.9291]},"properties":{"objtype":"SOUNDG","valsou":106.0,"chart":"US4NH1BF"}},{"type":"Feature","geometry":{"type":"Point","coordinates":[-70.026573,43.103914]},"properties":{"objtype":"SOUNDG","valsou":107.8,"chart":"US4NH1BF"}},{"type":"Feature","geometry":{"type":"Point","coordinates":[-70.026238,43.073161]},"properties":{"objtype":"SOUNDG","valsou":102.4,"chart":"US4NH1BF"}},{"type":"Feature","geometry":{"type":"Point","coordinates":[-70.025996,43.088369]},"properties":{"objtype":"SOUNDG","valsou":98.7,"chart":"US4NH1BF"}},{"type":"Feature","geometry":{"type":"Point","coordinates":[-70.025033,43.052951]},"properties":{"objtype":"SOUNDG","valsou":104.2,"chart":"US4NH1BF"}},{"type":"Feature","geometry":{"type":"Point","coordinates":[-70.024709,43.03393]},"properties":{"objtype":"SOUNDG","valsou":98.7,"chart":"US4NH1BF"}},{"type":"Feature","geometry":{"type":"Point","coordinates":[-70.024257,43.122046]},"properties":{"objtype":"SOUNDG","valsou":80.4,"chart":"US4NH1BF"}},{"type":"Feature","geometry":{"type":"Point","coordinates":[-70.02329,43.01356]},"properties":{"objtype":"SOUNDG","valsou":87.7,"chart":"US4NH1BF"}},{"type":"Feature","geometry":{"type":"Point","coordinates":[-70.022202,42.970483]},"properties":{"objtype":"SOUNDG","valsou":84.1,"chart":"US4NH1BF"}},{"type":"Feature","geometry":{"type":"Point","coordinates":[-70.022201,43.11209]},"properties":{"objtype":"SOUNDG","valsou":109.7,"chart":"US4NH1BF"}},{"type":"Feature","geometry":{"type":"Point","coordinates":[-70.020861,42.99126]},"properties":{"objtype":"SOUNDG","valsou":85.9,"chart":"US4NH1BF"}},{"type":"Feature","geometry":{"type":"Point","coordinates":[-70.020632,42.982267]},"properties":{"objtype":"SOUNDG","valsou":78.6,"chart":"US4NH1BF"}},{"type":"Feature","geometry":{"type":"Point","coordinates":[-70.019856,42.949192]},"properties":{"objtype":"SOUNDG","valsou":95.0,"chart":"US4NH1BF"}},{"type":"Feature","geometry":{"type":"Point","coordinates":[-70.019287,42.906888]},"properties":{"objtype":"SOUNDG","valsou":131.6,"chart":"US4NH1BF"}},{"type":"Feature","geometry":{"type":"Point","coordinates":[-70.019103,43.08222]},"properties":{"objtype":"SOUNDG","valsou":115.2,"chart":"US4NH1BF"}},{"type":"Feature","geometry":{"type":"Point","coordinates":[-70.018722,43.019175]},"properties":{"objtype":"SOUNDG","valsou":100.5,"chart":"US4NH1BF"}},{"type":"Feature","geometry":{"type":"Point","coordinates":[-70.017277,43.027969]},"properties":{"objtype":"SOUNDG","valsou":109.7,"chart":"US4NH1BF"}},{"type":"Feature","geometry":{"type":"Point","coordinates":[-70.017224,43.096681]},"properties":{"objtype":"SOUNDG","valsou":106.0,"chart":"US4NH1BF"}},{"type":"Feature","geometry":{"type":"Point","coordinates":[-70.017155,43.066225]},"properties":{"objtype":"SOUNDG","valsou":122.5,"chart":"US4NH1BF"}},{"type":"Feature","geometry":{"type":"Point","coordinates":[-70.016891,43.129273]},"properties":{"objtype":"SOUNDG","valsou":80.4,"chart":"US4NH1BF"}},{"type":"Feature","geometry":{"type":"Point","coordinates":[-70.016421,42.940797]},"properties":{"objtype":"SOUNDG","valsou":104.2,"chart":"US4NH1BF"}},{"type":"Feature","geometry":{"type":"Point","coordinates":[-70.015918,42.964343]},"properties":{"objtype":"SOUNDG","valsou":95.0,"chart":"US4NH1BF"}},{"type":"Feature","geometry":{"type":"Point","coordinates":[-70.015416,43.034444]},"properties":{"objtype":"SOUNDG","valsou":118.8,"chart":"US4NH1BF"}},{"type":"Feature","geometry":{"type":"Point","coordinates":[-70.015404,43.005538]},"properties":{"objtype":"SOUNDG","valsou":109.7,"chart":"US4NH1BF"}},{"type":"Feature","geometry":{"type":"Point","coordinates":[-70.01508,42.919249]},"properties":{"objtype":"SOUNDG","valsou":126.1,"chart":"US4NH1BF"}},{"type":"Feature","geometry":{"type":"Point","coordinates":[-70.012902,43.013114]},"properties":{"objtype":"SOUNDG","valsou":117.0,"chart":"US4NH1BF"}},{"type":"Feature","geometry":{"type":"Point","coordinates":[-70.011394,43.047767]},"properties":{"objtype":"SOUNDG","valsou":137.1,"chart":"US4NH1BF"}},{"type":"Feature","geometry":{"type":"Point","coordinates":[-70.009889,43.119338]},"properties":{"objtype":"SOUNDG","valsou":100.5,"chart":"US4NH1BF"}},{"type":"Feature","geometry":{"type":"Point","coordinates":[-70.009888,43.056398]},"properties":{"objtype":"SOUNDG","valsou":140.8,"chart":"US4NH1BF"}},{"type":"Feature","geometry":{"type":"Point","coordinates":[-70.009508,42.994506]},"properties":{"objtype":"SOUNDG","valsou":115.2,"chart":"US4NH1BF"}},{"type":"Feature","geometry":{"type":"Point","coordinates":[-70.008295,43.073573]},"properties":{"objtype":"SOUNDG","valsou":138.9,"chart":"US4NH1BF"}},{"type":"Feature","geometry":{"type":"Point","coordinates":[-70.007156,43.093736]},"properties":{"objtype":"SOUNDG","valsou":113.3,"chart":"US4NH1BF"}},{"type":"Feature","geometry":{"type":"Point","coordinates":[-70.006434,43.105521]},"properties":{"objtype":"SOUNDG","valsou":115.2,"chart":"US4NH1BF"}},{"type":"Feature","geometry":{"type":"Point","coordinates":[-70.005859,42.970886]},"properties":{"objtype":"SOUNDG","valsou":115.2,"chart":"US4NH1BF"}},{"type":"Feature","geometry":{"type":"Point","coordinates":[-70.003684,43.129935]},"properties":{"objtype":"SOUNDG","valsou":98.7,"chart":"US4NH1BF"}},{"type":"Feature","geometry":{"type":"Point","coordinates":[-70.0031,42.901365]},"properties":{"objtype":"SOUNDG","valsou":149.9,"chart":"US4NH1BF"}},{"type":"Feature","geometry":{"type":"Point","coordinates":[-70.003085,42.932527]},"properties":{"objtype":"SOUNDG","valsou":131.6,"chart":"US4NH1BF"}},{"type":"Feature","geometry":{"type":"Point","coordinates":[-70.002848,42.960023]},"properties":{"objtype":"SOUNDG","valsou":122.5,"chart":"US4NH1BF"}},{"type":"Feature","geometry":{"type":"Point","coordinates":[-70.002262,42.950546]},"properties":{"objtype":"SOUNDG","valsou":120.7,"chart":"US4NH1BF"}},{"type":"Feature","geometry":{"type":"Point","coordinates":[-70.002262,43.001186]},"properties":{"objtype":"SOUNDG","valsou":140.8,"chart":"US4NH1BF"}},{"type":"Feature","geometry":{"type":"Point","coordinates":[-70.002247,43.027625]},"properties":{"objtype":"SOUNDG","valsou":146.3,"chart":"US4NH1BF"}},{"type":"Feature","geometry":{"type":"Point","coordinates":[-70.002094,42.983941]},"properties":{"objtype":"SOUNDG","valsou":131.6,"chart":"US4NH1BF"}},{"type":"Feature","geometry":{"type":"Point","coordinates":[-70.002052,43.017227]},"properties":{"objtype":"SOUNDG","valsou":144.4,"chart":"US4NH1BF"}},{"type":"Feature","geometry":{"type":"Point","coordinates":[-70.001843,42.918202]},"properties":{"objtype":"SOUNDG","valsou":142.6,"chart":"US4NH1BF"}},{"type":"Feature","geometry":{"type":"Point","coordinates":[-70.118591,43.151827]},"properties":{"objtype":"SOUNDG","valsou":144.4,"chart":"US4NH1BF"}},{"type":"Feature","geometry":{"type":"Point","coordinates":[-70.116432,43.17692]},"properties":{"objtype":"SOUNDG","valsou":157.2,"chart":"US4NH1BF"}},{"type":"Feature","geometry":{"type":"Point","coordinates":[-70.116042,43.188055]},"properties":{"objtype":"SOUNDG","valsou":159.1,"chart":"US4NH1BF"}},{"type":"Feature","geometry":{"type":"Point","coordinates":[-70.115717,43.198437]},"properties":{"objtype":"SOUNDG","valsou":155.4,"chart":"US4NH1BF"}},{"type":"Feature","geometry":{"type":"Point","coordinates":[-70.115462,43.134924]},"properties":{"objtype":"SOUNDG","valsou":104.2,"chart":"US4NH1BF"}},{"type":"Feature","geometry":{"type":"Point","coordinates":[-70.11081,43.171758]},"properties":{"objtype":"SOUNDG","valsou":157.2,"chart":"US4NH1BF"}},{"type":"Feature","geometry":{"type":"Point","coordinates":[-70.108871,43.147171]},"properties":{"objtype":"SOUNDG","valsou":120.7,"chart":"US4NH1BF"}},{"type":"Feature","geometry":{"type":"Point","coordinates":[-70.105489,43.158111]},"properties":{"objtype":"SOUNDG","valsou":146.3,"chart":"US4NH1BF"}},{"type":"Feature","geometry":{"type":"Point","coordinates":[-70.104709,43.176838]},"properties":{"objtype":"SOUNDG","valsou":157.2,"chart":"US4NH1BF"}},{"type":"Feature","geometry":{"type":"Point","coordinates":[-70.10389,43.141561]},"properties":{"objtype":"SOUNDG","valsou":87.7,"chart":"US4NH1BF"}},{"type":"Feature","geometry":{"type":"Point","coordinates":[-70.103383,43.187627]},"properties":{"objtype":"SOUNDG","valsou":160.9,"chart":"US4NH1BF"}},{"type":"Feature","geometry":{"type":"Point","coordinates":[-70.099639,43.137991]},"properties":{"objtype":"SOUNDG","valsou":80.4,"chart":"US4NH1BF"}},{"type":"Feature","geometry":{"type":"Point","coordinates":[-70.097962,43.147015]},"properties":{"objtype":"SOUNDG","valsou":104.2,"chart":"US4NH1BF"}},{"type":"Feature","geometry":{"type":"Point","coordinates":[-70.097806,43.171158]},"properties":{"objtype":"SOUNDG","valsou":155.4,"chart":"US4NH1BF"}},{"type":"Feature","geometry":{"type":"Point","coordinates":[-70.096909,43.163108]},"properties":{"objtype":"SOUNDG","valsou":149.9,"chart":"US4NH1BF"}},{"type":"Feature","geometry":{"type":"Point","coordinates":[-70.09297,43.143017]},"properties":{"objtype":"SOUNDG","valsou":89.6,"chart":"US4NH1BF"}},{"type":"Feature","geometry":{"type":"Point","coordinates":[-70.090006,43.159025]},"properties":{"objtype":"SOUNDG","valsou":140.8,"chart":"US4NH1BF"}},{"type":"Feature","geometry":{"type":"Point","coordinates":[-70.089889,43.198156]},"properties":{"objtype":"SOUNDG","valsou":155.4,"chart":"US4NH1BF"}},{"type":"Feature","geometry":{"type":"Point","coordinates":[-70.088094,43.177381]},"properties":{"objtype":"SOUNDG","valsou":131.6,"chart":"US4NH1BF"}},{"type":"Feature","geometry":{"type":"Point","coordinates":[-70.087509,43.135763]},"properties":{"objtype":"SOUNDG","valsou":115.2,"chart":"US4NH1BF"}},{"type":"Feature","geometry":{"type":"Point","coordinates":[-70.084624,43.169874]},"properties":{"objtype":"SOUNDG","valsou":160.9,"chart":"US4NH1BF"}},{"type":"Feature","geometry":{"type":"Point","coordinates":[-70.083415,43.146558]},"properties":{"objtype":"SOUNDG","valsou":82.2,"chart":"US4NH1BF"}},{"type":"Feature","geometry":{"type":"Point","coordinates":[-70.081386,43.18697]},"properties":{"objtype":"SOUNDG","valsou":142.6,"chart":"US4NH1BF"}},{"type":"Feature","geometry":{"type":"Point","coordinates":[-70.07811,43.164432]},"properties":{"objtype":"SOUNDG","valsou":137.1,"chart":"US4NH1BF"}},{"type":"Feature","geometry":{"type":"Point","coordinates":[-70.078071,43.148986]},"properties":{"objtype":"SOUNDG","valsou":71.3,"chart":"US4NH1BF"}},{"type":"Feature","geometry":{"type":"Point","coordinates":[-70.074405,43.158665]},"properties":{"objtype":"SOUNDG","valsou":106.0,"chart":"US4NH1BF"}},{"type":"Feature","geometry":{"type":"Point","coordinates":[-70.072845,43.182216]},"properties":{"objtype":"SOUNDG","valsou":124.3,"chart":"US4NH1BF"}},{"type":"Feature","geometry":{"type":"Point","coordinates":[-70.07265,43.197774]},"properties":{"objtype":"SOUNDG","valsou":142.6,"chart":"US4NH1BF"}},{"type":"Feature","geometry":{"type":"Point","coordinates":[-70.072416,43.176536]},"properties":{"objtype":"SOUNDG","valsou":135.3,"chart":"US4NH1BF"}},{"type":"Feature","geometry":{"type":"Point","coordinates":[-70.067229,43.165346]},"properties":{"objtype":"SOUNDG","valsou":113.3,"chart":"US4NH1BF"}},{"type":"Feature","geometry":{"type":"Point","coordinates":[-70.067149,43.115419]},"properties":{"objtype":"SOUNDG","valsou":47.5,"chart":"US4NH1BF"}},{"type":"Feature","geometry":{"type":"Point","coordinates":[-70.063329,43.197802]},"properties":{"objtype":"SOUNDG","valsou":128.0,"chart":"US4NH1BF"}},{"type":"Feature","geometry":{"type":"Point","coordinates":[-70.063173,43.17117]},"properties":{"objtype":"SOUNDG","valsou":117.0,"chart":"US4NH1BF"}},{"type":"Feature","geometry":{"type":"Point","coordinates":[-70.062939,43.161349]},"properties":{"objtype":"SOUNDG","valsou":96.9,"chart":"US4NH1BF"}},{"type":"Feature","geometry":{"type":"Point","coordinates":[-70.061613,43.156667]},"properties":{"objtype":"SOUNDG","valsou":87.7,"chart":"US4NH1BF"}},{"type":"Feature","geometry":{"type":"Point","coordinates":[-70.060677,43.187153]},"properties":{"objtype":"SOUNDG","valsou":129.8,"chart":"US4NH1BF"}},{"type":"Feature","geometry":{"type":"Point","coordinates":[-70.059585,43.145331]},"properties":{"objtype":"SOUNDG","valsou":51.2,"chart":"US4NH1BF"}},{"type":"Feature","geometry":{"type":"Point","coordinates":[-70.056738,43.182159]},"properties":{"objtype":"SOUNDG","valsou":122.5,"chart":"US4NH1BF"}},{"type":"Feature","geometry":{"type":"Point","coordinates":[-70.055529,43.166716]},"properties":{"objtype":"SOUNDG","valsou":84.1,"chart":"US4NH1BF"}},{"type":"Feature","geometry":{"type":"Point","coordinates":[-70.054554,43.153783]},"properties":{"objtype":"SOUNDG","valsou":53.0,"chart":"US4NH1BF"}},{"type":"Feature","geometry":{"type":"Point","coordinates":[-70.053345,43.174195]},"properties":{"objtype":"SOUNDG","valsou":84.1,"chart":"US4NH1BF"}},{"type":"Feature","geometry":{"type":"Point","coordinates":[-70.052604,43.197431]},"properties":{"objtype":"SOUNDG","valsou":122.5,"chart":"US4NH1BF"}},{"type":"Feature","geometry":{"type":"Point","coordinates":[-70.051941,43.150242]},"properties":{"objtype":"SOUNDG","valsou":47.5,"chart":"US4NH1BF"}},{"type":"Feature","geometry":{"type":"Point","coordinates":[-70.051551,43.162291]},"properties":{"objtype":"SOUNDG","valsou":60.3,"chart":"US4NH1BF"}},{"type":"Feature","geometry":{"type":"Point","coordinates":[-70.050966,43.137214]},"properties":{"objtype":"SOUNDG","valsou":47.5,"chart":"US4NH1BF"}},{"type":"Feature","geometry":{"type":"Point","coordinates":[-70.050342,43.19003]},"properties":{"objtype":"SOUNDG","valsou":126.1,"chart":"US4NH1BF"}},{"type":"Feature","geometry":{"type":"Point","coordinates":[-70.048587,43.14224]},"properties":{"objtype":"SOUNDG","valsou":53.0,"chart":"US4NH1BF"}},{"type":"Feature","geometry":{"type":"Point","coordinates":[-70.047807,43.159231]},"properties":{"objtype":"SOUNDG","valsou":51.2,"chart":"US4NH1BF"}},{"type":"Feature","geometry":{"type":"Point","coordinates":[-70.044492,43.152664]},"properties":{"objtype":"SOUNDG","valsou":51.2,"chart":"US4NH1BF"}},{"type":"Feature","geometry":{"type":"Point","coordinates":[-70.042932,43.174703]},"properties":{"objtype":"SOUNDG","valsou":64.0,"chart":"US4NH1BF"}},{"type":"Feature","geometry":{"type":"Point","coordinates":[-70.042035,43.16514]},"properties":{"objtype":"SOUNDG","valsou":49.3,"chart":"US4NH1BF"}},{"type":"Feature","geometry":{"type":"Point","coordinates":[-70.04184,43.148752]},"properties":{"objtype":"SOUNDG","valsou":56.6,"chart":"US4NH1BF"}},{"type":"Feature","geometry":{"type":"Point","coordinates":[-70.040787,43.189858]},"properties":{"objtype":"SOUNDG","valsou":96.9,"chart":"US4NH1BF"}},{"type":"Feature","geometry":{"type":"Point","coordinates":[-70.039461,43.138042]},"properties":{"objtype":"SOUNDG","valsou":60.3,"chart":"US4NH1BF"}},{"type":"Feature","geometry":{"type":"Point","coordinates":[-70.039422,43.159431]},"properties":{"objtype":"SOUNDG","valsou":53.0,"chart":"US4NH1BF"}},{"type":"Feature","geometry":{"type":"Point","coordinates":[-70.032168,43.179584]},"properties":{"objtype":"SOUNDG","valsou":67.6,"chart":"US4NH1BF"}},{"type":"Feature","geometry":{"type":"Point","coordinates":[-70.031505,43.157175]},"properties":{"objtype":"SOUNDG","valsou":58.5,"chart":"US4NH1BF"}},{"type":"Feature","geometry":{"type":"Point","coordinates":[-70.031232,43.146781]},"properties":{"objtype":"SOUNDG","valsou":60.3,"chart":"US4NH1BF"}},{"type":"Feature","geometry":{"type":"Point","coordinates":[-70.03014,43.192855]},"properties":{"objtype":"SOUNDG","valsou":80.4,"chart":"US4NH1BF"}},{"type":"Feature","geometry":{"type":"Point","coordinates":[-70.028853,43.187404]},"properties":{"objtype":"SOUNDG","valsou":67.6,"chart":"US4NH1BF"}},{"type":"Feature","geometry":{"type":"Point","coordinates":[-70.028034,43.13947]},"properties":{"objtype":"SOUNDG","valsou":62.1,"chart":"US4NH1BF"}},{"type":"Feature","geometry":{"type":"Point","coordinates":[-70.026474,43.171963]},"properties":{"objtype":"SOUNDG","valsou":65.8,"chart":"US4NH1BF"}},{"type":"Feature","geometry":{"type":"Point","coordinates":[-70.026435,43.163685]},"properties":{"objtype":"SOUNDG","valsou":62.1,"chart":"US4NH1BF"}},{"type":"Feature","geometry":{"type":"Point","coordinates":[-70.022418,43.144068]},"properties":{"objtype":"SOUNDG","valsou":62.1,"chart":"US4NH1BF"}},{"type":"Feature","geometry":{"type":"Point","coordinates":[-70.02117,43.184733]},"properties":{"objtype":"SOUNDG","valsou":78.6,"chart":"US4NH1BF"}},{"type":"Feature","geometry":{"type":"Point","coordinates":[-70.01805,43.174372]},"properties":{"objtype":"SOUNDG","valsou":78.6,"chart":"US4NH1BF"}},{"type":"Feature","geometry":{"type":"Point","coordinates":[-70.015983,43.153777]},"properties":{"objtype":"SOUNDG","valsou":65.8,"chart":"US4NH1BF"}},{"type":"Feature","geometry":{"type":"Point","coordinates":[-70.015632,43.191268]},"properties":{"objtype":"SOUNDG","valsou":78.6,"chart":"US4NH1BF"}},{"type":"Feature","geometry":{"type":"Point","coordinates":[-70.013019,43.162571]},"properties":{"objtype":"SOUNDG","valsou":74.9,"chart":"US4NH1BF"}},{"type":"Feature","geometry":{"type":"Point","coordinates":[-70.012941,43.180309]},"properties":{"objtype":"SOUNDG","valsou":87.7,"chart":"US4NH1BF"}},{"type":"Feature","geometry":{"type":"Point","coordinates":[-70.009821,43.185332]},"properties":{"objtype":"SOUNDG","valsou":87.7,"chart":"US4NH1BF"}},{"type":"Feature","geometry":{"type":"Point","coordinates":[-70.008066,43.197175]},"properties":{"objtype":"SOUNDG","valsou":84.1,"chart":"US4NH1BF"}},{"type":"Feature","geometry":{"type":"Point","coordinates":[-70.007364,43.137214]},"properties":{"objtype":"SOUNDG","valsou":82.2,"chart":"US4NH1BF"}},{"type":"Feature","geometry":{"type":"Point","coordinates":[-70.005375,43.15629]},"properties":{"objtype":"SOUNDG","valsou":78.6,"chart":"US4NH1BF"}},{"type":"Feature","geometry":{"type":"Point","coordinates":[-70.005297,43.171746]},"properties":{"objtype":"SOUNDG","valsou":89.6,"chart":"US4NH1BF"}},{"type":"Feature","geometry":{"type":"Point","coordinates":[-70.0044,43.192466]},"properties":{"objtype":"SOUNDG","valsou":87.7,"chart":"US4NH1BF"}},{"type":"Feature","geometry":{"type":"Point","coordinates":[-70.003893,43.149009]},"properties":{"objtype":"SOUNDG","valsou":80.4,"chart":"US4NH1BF"}},{"type":"Feature","geometry":{"type":"Point","coordinates":[-69.999854,43.102706]},"properties":{"objtype":"SOUNDG","valsou":100.5,"chart":"US4NH1BF"}},{"type":"Feature","geometry":{"type":"Point","coordinates":[-69.998472,43.185903]},"properties":{"objtype":"SOUNDG","valsou":95.0,"chart":"US4NH1BF"}},{"type":"Feature","geometry":{"type":"Point","coordinates":[-69.998316,43.137499]},"properties":{"objtype":"SOUNDG","valsou":100.5,"chart":"US4NH1BF"}},{"type":"Feature","geometry":{"type":"Point","coordinates":[-69.997244,43.05628]},"properties":{"objtype":"SOUNDG","valsou":159.1,"chart":"US4NH1BF"}},{"type":"Feature","geometry":{"type":"Point","coordinates":[-69.996517,43.083135]},"properties":{"objtype":"SOUNDG","valsou":144.4,"chart":"US4NH1BF"}},{"type":"Feature","geometry":{"type":"Point","coordinates":[-69.996055,43.067901]},"properties":{"objtype":"SOUNDG","valsou":155.4,"chart":"US4NH1BF"}},{"type":"Feature","geometry":{"type":"Point","coordinates":[-69.995943,43.145088]},"properties":{"objtype":"SOUNDG","valsou":100.5,"chart":"US4NH1BF"}},{"type":"Feature","geometry":{"type":"Point","coordinates":[-69.995494,43.039294]},"properties":{"objtype":"SOUNDG","valsou":162.7,"chart":"US4NH1BF"}},{"type":"Feature","geometry":{"type":"Point","coordinates":[-69.995157,43.164125]},"properties":{"objtype":"SOUNDG","valsou":98.7,"chart":"US4NH1BF"}},{"type":"Feature","geometry":{"type":"Point","coordinates":[-69.994932,43.112592]},"properties":{"objtype":"SOUNDG","valsou":115.2,"chart":"US4NH1BF"}},{"type":"Feature","geometry":{"type":"Point","coordinates":[-69.993977,43.095046]},"properties":{"objtype":"SOUNDG","valsou":128.0,"chart":"US4NH1BF"}},{"type":"Feature","geometry":{"type":"Point","coordinates":[-69.992686,43.155697]},"properties":{"objtype":"SOUNDG","valsou":104.2,"chart":"US4NH1BF"}},{"type":"Feature","geometry":{"type":"Point","coordinates":[-69.992068,43.123454]},"properties":{"objtype":"SOUNDG","valsou":124.3,"chart":"US4NH1BF"}},{"type":"Feature","geometry":{"type":"Point","coordinates":[-69.9919,43.19758]},"properties":{"objtype":"SOUNDG","valsou":91.4,"chart":"US4NH1BF"}},{"type":"Feature","geometry":{"type":"Point","coordinates":[-69.989878,43.172347]},"properties":{"objtype":"SOUNDG","valsou":104.2,"chart":"US4NH1BF"}},{"type":"Feature","geometry":{"type":"Point","coordinates":[-69.987519,43.13711]},"properties":{"objtype":"SOUNDG","valsou":122.5,"chart":"US4NH1BF"}},{"type":"Feature","geometry":{"type":"Point","coordinates":[-69.986901,43.147515]},"properties":{"objtype":"SOUNDG","valsou":124.3,"chart":"US4NH1BF"}},{"type":"Feature","geometry":{"type":"Point","coordinates":[-69.986564,43.106239]},"properties":{"objtype":"SOUNDG","valsou":124.3,"chart":"US4NH1BF"}},{"type":"Feature","geometry":{"type":"Point","coordinates":[-69.98589,43.192033]},"properties":{"objtype":"SOUNDG","valsou":104.2,"chart":"US4NH1BF"}},{"type":"Feature","geometry":{"type":"Point","coordinates":[-69.984823,43.079223]},"properties":{"objtype":"SOUNDG","valsou":157.2,"chart":"US4NH1BF"}},{"type":"Feature","geometry":{"type":"Point","coordinates":[-69.984655,43.090024]},"properties":{"objtype":"SOUNDG","valsou":142.6,"chart":"US4NH1BF"}},{"type":"Feature","geometry":{"type":"Point","coordinates":[-69.983981,43.046667]},"properties":{"objtype":"SOUNDG","valsou":179.2,"chart":"US4NH1BF"}},{"type":"Feature","geometry":{"type":"Point","coordinates":[-69.983925,43.159315]},"properties":{"objtype":"SOUNDG","valsou":122.5,"chart":"US4NH1BF"}},{"type":"Feature","geometry":{"type":"Point","coordinates":[-69.983756,43.056634]},"properties":{"objtype":"SOUNDG","valsou":175.5,"chart":"US4NH1BF"}},{"type":"Feature","geometry":{"type":"Point","coordinates":[-69.982352,43.118147]},"properties":{"objtype":"SOUNDG","valsou":135.3,"chart":"US4NH1BF"}},{"type":"Feature","geometry":{"type":"Point","coordinates":[-69.981341,43.168318]},"properties":{"objtype":"SOUNDG","valsou":118.8,"chart":"US4NH1BF"}},{"type":"Feature","geometry":{"type":"Point","coordinates":[-69.981061,43.128143]},"properties":{"objtype":"SOUNDG","valsou":135.3,"chart":"US4NH1BF"}},{"type":"Feature","geometry":{"type":"Point","coordinates":[-69.977579,43.143896]},"properties":{"objtype":"SOUNDG","valsou":137.1,"chart":"US4NH1BF"}},{"type":"Feature","geometry":{"type":"Point","coordinates":[-69.975557,43.100931]},"properties":{"objtype":"SOUNDG","valsou":140.8,"chart":"US4NH1BF"}},{"type":"Feature","geometry":{"type":"Point","coordinates":[-69.973535,43.187718]},"properties":{"objtype":"SOUNDG","valsou":122.5,"chart":"US4NH1BF"}},{"type":"Feature","geometry":{"type":"Point","coordinates":[-69.972805,43.112058]},"properties":{"objtype":"SOUNDG","valsou":144.4,"chart":"US4NH1BF"}},{"type":"Feature","geometry":{"type":"Point","coordinates":[-69.97258,43.066542]},"properties":{"objtype":"SOUNDG","valsou":177.3,"chart":"US4NH1BF"}},{"type":"Feature","geometry":{"type":"Point","coordinates":[-69.972468,43.168688]},"properties":{"objtype":"SOUNDG","valsou":135.3,"chart":"US4NH1BF"}},{"type":"Feature","geometry":{"type":"Point","coordinates":[-69.969885,43.177238]},"properties":{"objtype":"SOUNDG","valsou":135.3,"chart":"US4NH1BF"}},{"type":"Feature","geometry":{"type":"Point","coordinates":[-69.969211,43.089596]},"properties":{"objtype":"SOUNDG","valsou":157.2,"chart":"US4NH1BF"}},{"type":"Feature","geometry":{"type":"Point","coordinates":[-69.969098,43.122384]},"properties":{"objtype":"SOUNDG","valsou":146.3,"chart":"US4NH1BF"}},{"type":"Feature","geometry":{"type":"Point","coordinates":[-69.9682,43.134519]},"properties":{"objtype":"SOUNDG","valsou":146.3,"chart":"US4NH1BF"}},{"type":"Feature","geometry":{"type":"Point","coordinates":[-69.966515,43.199552]},"properties":{"objtype":"SOUNDG","valsou":122.5,"chart":"US4NH1BF"}},{"type":"Feature","geometry":{"type":"Point","coordinates":[-69.96483,43.155862]},"properties":{"objtype":"SOUNDG","valsou":149.9,"chart":"US4NH1BF"}},{"type":"Feature","geometry":{"type":"Point","coordinates":[-69.962135,43.078852]},"properties":{"objtype":"SOUNDG","valsou":175.5,"chart":"US4NH1BF"}},{"type":"Feature","geometry":{"type":"Point","coordinates":[-69.95972,43.193512]},"properties":{"objtype":"SOUNDG","valsou":137.1,"chart":"US4NH1BF"}},{"type":"Feature","geometry":{"type":"Point","coordinates":[-69.952812,43.14494]},"properties":{"objtype":"SOUNDG","valsou":157.2,"chart":"US4NH1BF"}},{"type":"Feature","geometry":{"type":"Point","coordinates":[-69.952643,43.134042]},"properties":{"objtype":"SOUNDG","valsou":157.2,"chart":"US4NH1BF"}},{"type":"Feature","geometry":{"type":"Point","coordinates":[-69.95152,43.122615]},"properties":{"objtype":"SOUNDG","valsou":153.6,"chart":"US4NH1BF"}},{"type":"Feature","geometry":{"type":"Point","coordinates":[-69.944388,43.177057]},"properties":{"objtype":"SOUNDG","valsou":157.2,"chart":"US4NH1BF"}},{"type":"Feature","geometry":{"type":"Point","coordinates":[-69.940232,43.127798]},"properties":{"objtype":"SOUNDG","valsou":162.7,"chart":"US4NH1BF"}},{"type":"Feature","geometry":{"type":"Point","coordinates":[-69.94012,43.198426]},"properties":{"objtype":"SOUNDG","valsou":155.4,"chart":"US4NH1BF"}},{"type":"Feature","geometry":{"type":"Point","coordinates":[-69.937031,43.156709]},"properties":{"objtype":"SOUNDG","valsou":168.2,"chart":"US4NH1BF"}},{"type":"Feature","geometry":{"type":"Point","coordinates":[-69.930628,43.138163]},"properties":{"objtype":"SOUNDG","valsou":171.9,"chart":"US4NH1BF"}},{"type":"Feature","geometry":{"type":"Point","coordinates":[-69.920576,43.149472]},"properties":{"objtype":"SOUNDG","valsou":173.7,"chart":"US4NH1BF"}},{"type":"Feature","geometry":{"type":"Point","coordinates":[-69.915521,43.161766]},"properties":{"objtype":"SOUNDG","valsou":173.7,"chart":"US4NH1BF"}},{"type":"Feature","geometry":{"type":"Point","coordinates":[-69.91378,43.134297]},"properties":{"objtype":"SOUNDG","valsou":173.7,"chart":"US4NH1BF"}},{"type":"Feature","geometry":{"type":"Point","coordinates":[-69.912432,43.192468]},"properties":{"objtype":"SOUNDG","valsou":166.4,"chart":"US4NH1BF"}},{"type":"Feature","geometry":{"type":"Point","coordinates":[-69.902717,43.156684]},"properties":{"objtype":"SOUNDG","valsou":171.9,"chart":"US4NH1BF"}},{"type":"Feature","geometry":{"type":"Point","coordinates":[-69.901313,43.169223]},"properties":{"objtype":"SOUNDG","valsou":170.0,"chart":"US4NH1BF"}},{"type":"Feature","geometry":{"type":"Point","coordinates":[-69.900246,43.184225]},"properties":{"objtype":"SOUNDG","valsou":170.0,"chart":"US4NH1BF"}},{"type":"Feature","geometry":{"type":"Point","coordinates":[-70.199571,42.919805]},"properties":{"objtype":"SOUNDG","valsou":114.9,"chart":"US4NH1BF"}},{"type":"Feature","geometry":{"type":"Point","coordinates":[-70.199078,42.901801]},"properties":{"objtype":"SOUNDG","valsou":93.8,"chart":"US4NH1BF"}},{"type":"Feature","geometry":{"type":"Point","coordinates":[-70.187923,42.902793]},"properties":{"objtype":"SOUNDG","valsou":74.9,"chart":"US4NH1BF"}},{"type":"Feature","geometry":{"type":"Point","coordinates":[-70.178351,42.901003]},"properties":{"objtype":"SOUNDG","valsou":59.1,"chart":"US4NH1BF"}},{"type":"Feature","geometry":{"type":"Point","coordinates":[-70.172514,42.923482]},"properties":{"objtype":"SOUNDG","valsou":110.9,"chart":"US4NH1BF"}},{"type":"Feature","geometry":{"type":"Point","coordinates":[-70.164568,42.902625]},"properties":{"objtype":"SOUNDG","valsou":56.9,"chart":"US4NH1BF"}},{"type":"Feature","geometry":{"type":"Point","coordinates":[-70.158973,42.911432]},"properties":{"objtype":"SOUNDG","valsou":60.0,"chart":"US4NH1BF"}},{"type":"Feature","geometry":{"type":"Point","coordinates":[-70.153687,42.907791]},"properties":{"objtype":"SOUNDG","valsou":53.9,"chart":"US4NH1BF"}},{"type":"Feature","geometry":{"type":"Point","coordinates":[-70.143204,42.912741]},"properties":{"objtype":"SOUNDG","valsou":59.1,"chart":"US4NH1BF"}},{"type":"Feature","geometry":{"type":"Point","coordinates":[-70.136091,42.90462]},"properties":{"objtype":"SOUNDG","valsou":60.0,"chart":"US4NH1BF"}},{"type":"Feature","geometry":{"type":"Point","coordinates":[-70.133879,42.922418]},"properties":{"objtype":"SOUNDG","valsou":85.9,"chart":"US4NH1BF"}},{"type":"Feature","geometry":{"type":"Point","coordinates":[-70.129308,42.916083]},"properties":{"objtype":"SOUNDG","valsou":60.0,"chart":"US4NH1BF"}},{"type":"Feature","geometry":{"type":"Point","coordinates":[-70.120498,42.910889]},"properties":{"objtype":"SOUNDG","valsou":59.1,"chart":"US4NH1BF"}},{"type":"Feature","geometry":{"type":"Point","coordinates":[-70.119092,42.900366]},"properties":{"objtype":"SOUNDG","valsou":56.0,"chart":"US4NH1BF"}},{"type":"Feature","geometry":{"type":"Point","coordinates":[-70.118403,42.928933]},"properties":{"objtype":"SOUNDG","valsou":103.9,"chart":"US4NH1BF"}},{"type":"Feature","geometry":{"type":"Point","coordinates":[-70.199536,43.156023]},"properties":{"objtype":"SOUNDG","valsou":139.5,"chart":"US4NH1BF"}},{"type":"Feature","geometry":{"type":"Point","coordinates":[-70.196513,43.182531]},"properties":{"objtype":"SOUNDG","valsou":109.4,"chart":"US4NH1BF"}},{"type":"Feature","geometry":{"type":"Point","coordinates":[-70.195798,43.140194]},"properties":{"objtype":"SOUNDG","valsou":159.7,"chart":"US4NH1BF"}},{"type":"Feature","geometry":{"type":"Point","coordinates":[-70.195075,43.161865]},"properties":{"objtype":"SOUNDG","valsou":118.5,"chart":"US4NH1BF"}},{"type":"Feature","geometry":{"type":"Point","coordinates":[-70.194249,43.149826]},"properties":{"objtype":"SOUNDG","valsou":153.6,"chart":"US4NH1BF"}},{"type":"Feature","geometry":{"type":"Point","coordinates":[-70.190462,43.168866]},"properties":{"objtype":"SOUNDG","valsou":132.5,"chart":"US4NH1BF"}},{"type":"Feature","geometry":{"type":"Point","coordinates":[-70.18915,43.197587]},"properties":{"objtype":"SOUNDG","valsou":99.0,"chart":"US4NH1BF"}},{"type":"Feature","geometry":{"type":"Point","coordinates":[-70.18701,43.176758]},"properties":{"objtype":"SOUNDG","valsou":123.1,"chart":"US4NH1BF"}},{"type":"Feature","geometry":{"type":"Point","coordinates":[-70.18209,43.135895]},"properties":{"objtype":"SOUNDG","valsou":153.6,"chart":"US4NH1BF"}},{"type":"Feature","geometry":{"type":"Point","coordinates":[-70.18163,43.192748]},"properties":{"objtype":"SOUNDG","valsou":99.0,"chart":"US4NH1BF"}},{"type":"Feature","geometry":{"type":"Point","coordinates":[-70.179652,43.161664]},"properties":{"objtype":"SOUNDG","valsou":144.1,"chart":"US4NH1BF"}},{"type":"Feature","geometry":{"type":"Point","coordinates":[-70.176668,43.183042]},"properties":{"objtype":"SOUNDG","valsou":125.8,"chart":"US4NH1BF"}},{"type":"Feature","geometry":{"type":"Point","coordinates":[-70.172883,43.198462]},"properties":{"objtype":"SOUNDG","valsou":103.0,"chart":"US4NH1BF"}},{"type":"Feature","geometry":{"type":"Point","coordinates":[-70.170206,43.144888]},"properties":{"objtype":"SOUNDG","valsou":155.7,"chart":"US4NH1BF"}},{"type":"Feature","geometry":{"type":"Point","coordinates":[-70.17007,43.135648]},"properties":{"objtype":"SOUNDG","valsou":136.5,"chart":"US4NH1BF"}},{"type":"Feature","geometry":{"type":"Point","coordinates":[-70.169857,43.172058]},"properties":{"objtype":"SOUNDG","valsou":138.6,"chart":"US4NH1BF"}},{"type":"Feature","geometry":{"type":"Point","coordinates":[-70.168704,43.156073]},"properties":{"objtype":"SOUNDG","valsou":139.5,"chart":"US4NH1BF"}},{"type":"Feature","geometry":{"type":"Point","coordinates":[-70.163965,43.182972]},"properties":{"objtype":"SOUNDG","valsou":130.4,"chart":"US4NH1BF"}},{"type":"Feature","geometry":{"type":"Point","coordinates":[-70.163886,43.192696]},"properties":{"objtype":"SOUNDG","valsou":123.1,"chart":"US4NH1BF"}},{"type":"Feature","geometry":{"type":"Point","coordinates":[-70.159959,43.166449]},"properties":{"objtype":"SOUNDG","valsou":141.4,"chart":"US4NH1BF"}},{"type":"Feature","geometry":{"type":"Point","coordinates":[-70.159697,43.139499]},"properties":{"objtype":"SOUNDG","valsou":142.3,"chart":"US4NH1BF"}},{"type":"Feature","geometry":{"type":"Point","coordinates":[-70.154894,43.15028]},"properties":{"objtype":"SOUNDG","valsou":155.4,"chart":"US4NH1BF"}},{"type":"Feature","geometry":{"type":"Point","coordinates":[-70.154477,43.17732]},"properties":{"objtype":"SOUNDG","valsou":136.8,"chart":"US4NH1BF"}},{"type":"Feature","geometry":{"type":"Point","coordinates":[-70.151239,43.193412]},"properties":{"objtype":"SOUNDG","valsou":136.5,"chart":"US4NH1BF"}},{"type":"Feature","geometry":{"type":"Point","coordinates":[-70.149867,43.156324]},"properties":{"objtype":"SOUNDG","valsou":145.6,"chart":"US4NH1BF"}},{"type":"Feature","geometry":{"type":"Point","coordinates":[-70.149041,43.161362]},"properties":{"objtype":"SOUNDG","valsou":153.0,"chart":"US4NH1BF"}},{"type":"Feature","geometry":{"type":"Point","coordinates":[-70.146122,43.137811]},"properties":{"objtype":"SOUNDG","valsou":104.5,"chart":"US4NH1BF"}},{"type":"Feature","geometry":{"type":"Point","coordinates":[-70.143891,43.145636]},"properties":{"objtype":"SOUNDG","valsou":150.8,"chart":"US4NH1BF"}},{"type":"Feature","geometry":{"type":"Point","coordinates":[-70.143692,43.183246]},"properties":{"objtype":"SOUNDG","valsou":131.0,"chart":"US4NH1BF"}},{"type":"Feature","geometry":{"type":"Point","coordinates":[-70.140758,43.172312]},"properties":{"objtype":"SOUNDG","valsou":143.2,"chart":"US4NH1BF"}},{"type":"Feature","geometry":{"type":"Point","coordinates":[-70.13589,43.153806]},"properties":{"objtype":"SOUNDG","valsou":156.9,"chart":"US4NH1BF"}},{"type":"Feature","geometry":{"type":"Point","coordinates":[-70.13412,43.192748]},"properties":{"objtype":"SOUNDG","valsou":159.4,"chart":"US4NH1BF"}},{"type":"Feature","geometry":{"type":"Point","coordinates":[-70.133893,43.159599]},"properties":{"objtype":"SOUNDG","valsou":154.5,"chart":"US4NH1BF"}},{"type":"Feature","geometry":{"type":"Point","coordinates":[-70.132552,43.145527]},"properties":{"objtype":"SOUNDG","valsou":139.2,"chart":"US4NH1BF"}},{"type":"Feature","geometry":{"type":"Point","coordinates":[-70.129784,43.137918]},"properties":{"objtype":"SOUNDG","valsou":114.6,"chart":"US4NH1BF"}},{"type":"Feature","geometry":{"type":"Point","coordinates":[-70.129368,43.171392]},"properties":{"objtype":"SOUNDG","valsou":154.8,"chart":"US4NH1BF"}},{"type":"Feature","geometry":{"type":"Point","coordinates":[-70.126503,43.182786]},"properties":{"objtype":"SOUNDG","valsou":144.7,"chart":"US4NH1BF"}},{"type":"Feature","geometry":{"type":"Point","coordinates":[-70.124314,43.142562]},"properties":{"objtype":"SOUNDG","valsou":107.8,"chart":"US4NH1BF"}},{"type":"Feature","geometry":{"type":"Point","coordinates":[-70.111259,43.143264]},"properties":{"objtype":"SOUNDG","valsou":93.2,"chart":"US4NH1BF"}},{"type":"Feature","geometry":{"type":"Point","coordinates":[-70.074564,43.138902]},"properties":{"objtype":"SOUNDG","valsou":100.5,"chart":"US4NH1BF"}},{"type":"Feature","geometry":{"type":"Point","coordinates":[-70.062148,43.13836]},"properties":{"objtype":"SOUNDG","valsou":49.3,"chart":"US4NH1BF"}},{"type":"Feature","geometry":{"type":"Point","coordinates":[-70.043517,43.182495]},"properties":{"objtype":"SOUNDG","valsou":87.7,"chart":"US4NH1BF"}},{"type":"Feature","geometry":{"type":"Point","coordinates":[-70.034625,43.171878]},"properties":{"objtype":"SOUNDG","valsou":56.6,"chart":"US4NH1BF"}},{"type":"Feature","geometry":{"type":"Point","coordinates":[-70.024329,43.197962]},"properties":{"objtype":"SOUNDG","valsou":85.9,"chart":"US4NH1BF"}},{"type":"Feature","geometry":{"type":"Point","coordinates":[-70.011881,43.145027]},"properties":{"objtype":"SOUNDG","valsou":71.3,"chart":"US4NH1BF"}},{"type":"Feature","geometry":{"type":"Point","coordinates":[-69.998823,43.177141]},"properties":{"objtype":"SOUNDG","valsou":95.0,"chart":"US4NH1BF"}},{"type":"Feature","geometry":{"type":"Point","coordinates":[-69.989709,43.182293]},"properties":{"objtype":"SOUNDG","valsou":104.2,"chart":"US4NH1BF"}},{"type":"Feature","geometry":{"type":"Point","coordinates":[-69.975056,43.040048]},"properties":{"objtype":"SOUNDG","valsou":189.8,"chart":"US4NH1BF"}},{"type":"Feature","geometry":{"type":"Point","coordinates":[-69.969898,43.055097]},"properties":{"objtype":"SOUNDG","valsou":188.6,"chart":"US4NH1BF"}},{"type":"Feature","geometry":{"type":"Point","coordinates":[-69.947308,43.160779]},"properties":{"objtype":"SOUNDG","valsou":162.7,"chart":"US4NH1BF"}},{"type":"Feature","geometry":{"type":"Point","coordinates":[-69.94523,43.187907]},"properties":{"objtype":"SOUNDG","valsou":153.6,"chart":"US4NH1BF"}},{"type":"Feature","geometry":{"type":"Point","coordinates":[-69.932538,43.165589]},"properties":{"objtype":"SOUNDG","valsou":168.2,"chart":"US4NH1BF"}},{"type":"Feature","geometry":{"type":"Point","coordinates":[-69.930797,43.175701]},"properties":{"objtype":"SOUNDG","valsou":168.2,"chart":"US4NH1BF"}},{"type":"Feature","geometry":{"type":"Point","coordinates":[-69.925911,43.187537]},"properties":{"objtype":"SOUNDG","valsou":162.7,"chart":"US4NH1BF"}},{"type":"Feature","geometry":{"type":"Point","coordinates":[-69.920969,43.175989]},"properties":{"objtype":"SOUNDG","valsou":168.2,"chart":"US4NH1BF"}},{"type":"Feature","geometry":{"type":"Point","coordinates":[-69.90794,43.122392]},"properties":{"objtype":"SOUNDG","valsou":171.9,"chart":"US4NH1BF"}},{"type":"Feature","geometry":{"type":"Point","coordinates":[-70.183839,43.1185]},"properties":{"objtype":"SOUNDG","valsou":160.0,"chart":"US4NH1BF"}},{"type":"Feature","geometry":{"type":"Point","coordinates":[-70.172278,43.121872]},"properties":{"objtype":"SOUNDG","valsou":147.5,"chart":"US4NH1BF"}},{"type":"Feature","geometry":{"type":"Point","coordinates":[-70.157769,43.117494]},"properties":{"objtype":"SOUNDG","valsou":139.5,"chart":"US4NH1BF"}},{"type":"Feature","geometry":{"type":"Point","coordinates":[-70.153619,43.113942]},"properties":{"objtype":"SOUNDG","valsou":106.3,"chart":"US4NH1BF"}},{"type":"Feature","geometry":{"type":"Point","coordinates":[-70.148408,43.120728]},"properties":{"objtype":"SOUNDG","valsou":148.7,"chart":"US4NH1BF"}},{"type":"Feature","geometry":{"type":"Point","coordinates":[-70.139544,43.118344]},"properties":{"objtype":"SOUNDG","valsou":131.0,"chart":"US4NH1BF"}},{"type":"Feature","geometry":{"type":"Point","coordinates":[-70.130317,43.123744]},"properties":{"objtype":"SOUNDG","valsou":140.2,"chart":"US4NH1BF"}},{"type":"Feature","geometry":{"type":"Point","coordinates":[-70.121078,43.114811]},"properties":{"objtype":"SOUNDG","valsou":76.8,"chart":"US4NH1BF"}},{"type":"Feature","geometry":{"type":"Point","coordinates":[-70.119319,43.120607]},"properties":{"objtype":"SOUNDG","valsou":129.8,"chart":"US4NH1BF"}},{"type":"Feature","geometry":{"type":"Point","coordinates":[-70.111607,43.115171]},"properties":{"objtype":"SOUNDG","valsou":69.4,"chart":"US4NH1BF"}},{"type":"Feature","geometry":{"type":"Point","coordinates":[-70.104255,43.116884]},"properties":{"objtype":"SOUNDG","valsou":74.9,"chart":"US4NH1BF"}},{"type":"Feature","geometry":{"type":"Point","coordinates":[-70.085957,43.117289]},"properties":{"objtype":"SOUNDG","valsou":87.7,"chart":"US4NH1BF"}},{"type":"Feature","geometry":{"type":"Point","coordinates":[-70.069348,43.121477]},"properties":{"objtype":"SOUNDG","valsou":47.5,"chart":"US4NH1BF"}},{"type":"Feature","geometry":{"type":"Point","coordinates":[-70.056309,43.120668]},"properties":{"objtype":"SOUNDG","valsou":51.2,"chart":"US4NH1BF"}},{"type":"Feature","geometry":{"type":"Point","coordinates":[-70.190093,43.023072]},"properties":{"objtype":"SOUNDG","valsou":173.4,"chart":"US4NH1BF"}},{"type":"Feature","geometry":{"type":"Point","coordinates":[-70.188412,43.095293]},"properties":{"objtype":"SOUNDG","valsou":200.8,"chart":"US4NH1BF"}},{"type":"Feature","geometry":{"type":"Point","coordinates":[-70.180485,43.056378]},"properties":{"objtype":"SOUNDG","valsou":185.9,"chart":"US4NH1BF"}},{"type":"Feature","geometry":{"type":"Point","coordinates":[-70.172269,42.989186]},"properties":{"objtype":"SOUNDG","valsou":188.0,"chart":"US4NH1BF"}},{"type":"Feature","geometry":{"type":"Point","coordinates":[-70.169096,43.111838]},"properties":{"objtype":"SOUNDG","valsou":165.5,"chart":"US4NH1BF"}},{"type":"Feature","geometry":{"type":"Point","coordinates":[-70.16471,43.038732]},"properties":{"objtype":"SOUNDG","valsou":170.6,"chart":"US4NH1BF"}},{"type":"Feature","geometry":{"type":"Point","coordinates":[-70.159498,43.045743]},"properties":{"objtype":"SOUNDG","valsou":171.2,"chart":"US4NH1BF"}},{"type":"Feature","geometry":{"type":"Point","coordinates":[-70.158055,43.028823]},"properties":{"objtype":"SOUNDG","valsou":176.1,"chart":"US4NH1BF"}},{"type":"Feature","geometry":{"type":"Point","coordinates":[-70.145483,43.101343]},"properties":{"objtype":"SOUNDG","valsou":186.5,"chart":"US4NH1BF"}},{"type":"Feature","geometry":{"type":"Point","coordinates":[-70.143593,43.001387]},"properties":{"objtype":"SOUNDG","valsou":184.0,"chart":"US4NH1BF"}},{"type":"Feature","geometry":{"type":"Point","coordinates":[-70.138889,43.050455]},"properties":{"objtype":"SOUNDG","valsou":173.7,"chart":"US4NH1BF"}},{"type":"Feature","geometry":{"type":"Point","coordinates":[-70.137407,43.03172]},"properties":{"objtype":"SOUNDG","valsou":182.5,"chart":"US4NH1BF"}},{"type":"Feature","geometry":{"type":"Point","coordinates":[-70.125162,43.130723]},"properties":{"objtype":"SOUNDG","valsou":151.4,"chart":"US4NH1BF"}},{"type":"Feature","geometry":{"type":"Point","coordinates":[-70.117461,42.994827]},"properties":{"objtype":"SOUNDG","valsou":186.5,"chart":"US4NH1BF"}},{"type":"Feature","geometry":{"type":"Point","coordinates":[-70.102517,43.132042]},"properties":{"objtype":"SOUNDG","valsou":151.7,"chart":"US4NH1BF"}},{"type":"Feature","geometry":{"type":"Point","coordinates":[-70.098107,43.034813]},"properties":{"objtype":"SOUNDG","valsou":148.1,"chart":"US4NH1BF"}},{"type":"Feature","geometry":{"type":"Point","coordinates":[-70.077162,42.998517]},"properties":{"objtype":"SOUNDG","valsou":111.5,"chart":"US4NH1BF"}},{"type":"Feature","geometry":{"type":"Point","coordinates":[-69.984346,43.002665]},"properties":{"objtype":"SOUNDG","valsou":166.4,"chart":"US4NH1BF"}},{"type":"Feature","geometry":{"type":"Point","coordinates":[-69.948276,42.974857]},"properties":{"objtype":"SOUNDG","valsou":212.1,"chart":"US4NH1BF"}},{"type":"Feature","geometry":{"type":"Point","coordinates":[-69.936608,43.012962]},"properties":{"objtype":"SOUNDG","valsou":226.7,"chart":"US4NH1BF"}},{"type":"Feature","geometry":{"type":"Point","coordinates":[-69.92883,42.921838]},"properties":{"objtype":"SOUNDG","valsou":223.1,"chart":"US4NH1BF"}},{"type":"Feature","geometry":{"type":"Point","coordinates":[-69.908959,42.981584]},"properties":{"objtype":"SOUNDG","valsou":230.4,"chart":"US4NH1BF"}},{"type":"Feature","geometry":{"type":"Point","coordinates":[-69.945207,43.073646]},"properties":{"objtype":"SOUNDG","valsou":190.1,"chart":"US4NH1BF"}},{"type":"Feature","geometry":{"type":"Point","coordinates":[-69.930547,43.040562]},"properties":{"objtype":"SOUNDG","valsou":210.3,"chart":"US4NH1BF"}},{"type":"Feature","geometry":{"type":"Point","coordinates":[-70.140859,43.123847]},"properties":{"objtype":"SOUNDG","valsou":149.0,"chart":"US4NH1BF"}},{"type":"Feature","geometry":{"type":"Point","coordinates":[-70.027625,43.043008]},"properties":{"objtype":"SOUNDG","valsou":91.4,"chart":"US4NH1BF"}},{"type":"Feature","geometry":{"type":"Point","coordinates":[-70.184968,43.145714]},"properties":{"objtype":"SOUNDG","valsou":170.3,"chart":"US4NH1BF"}},{"type":"Feature","geometry":{"type":"Point","coordinates":[-70.195556,43.117786]},"properties":{"objtype":"SOUNDG","valsou":185.9,"chart":"US4NH1BF"}},{"type":"Feature","geometry":{"type":"Point","coordinates":[-69.890441,42.956711]},"properties":{"objtype":"SOUNDG","valsou":228.6,"chart":"US4NH1BG"}},{"type":"Feature","geometry":{"type":"Point","coordinates":[-69.862565,42.918371]},"properties":{"objtype":"SOUNDG","valsou":245.0,"chart":"US4NH1BG"}},{"type":"Feature","geometry":{"type":"Point","coordinates":[-69.855342,43.010518]},"properties":{"objtype":"SOUNDG","valsou":204.8,"chart":"US4NH1BG"}},{"type":"Feature","geometry":{"type":"Point","coordinates":[-69.81411,42.902462]},"properties":{"objtype":"SOUNDG","valsou":232.2,"chart":"US4NH1BG"}},{"type":"Feature","geometry":{"type":"Point","coordinates":[-69.757554,42.942848]},"properties":{"objtype":"SOUNDG","valsou":192.0,"chart":"US4NH1BG"}},{"type":"Feature","geometry":{"type":"Point","coordinates":[-69.611454,42.983014]},"properties":{"objtype":"SOUNDG","valsou":151.7,"chart":"US4NH1BG"}},{"type":"Feature","geometry":{"type":"Point","coordinates":[-69.60812,42.944483]},"properties":{"objtype":"SOUNDG","valsou":168.2,"chart":"US4NH1BG"}},{"type":"Feature","geometry":{"type":"Point","coordinates":[-69.893619,43.140861]},"properties":{"objtype":"SOUNDG","valsou":173.7,"chart":"US4NH1BG"}},{"type":"Feature","geometry":{"type":"Point","coordinates":[-69.888564,43.125272]},"properties":{"objtype":"SOUNDG","valsou":175.5,"chart":"US4NH1BG"}},{"type":"Feature","geometry":{"type":"Point","coordinates":[-69.843524,43.168343]},"properties":{"objtype":"SOUNDG","valsou":177.3,"chart":"US4NH1BG"}},{"type":"Feature","geometry":{"type":"Point","coordinates":[-69.841277,43.125165]},"properties":{"objtype":"SOUNDG","valsou":171.9,"chart":"US4NH1BG"}},{"type":"Feature","geometry":{"type":"Point","coordinates":[-69.896708,43.198566]},"properties":{"objtype":"SOUNDG","valsou":168.2,"chart":"US4NH1BG"}},{"type":"Feature","geometry":{"type":"Point","coordinates":[-69.8857,43.192156]},"properties":{"objtype":"SOUNDG","valsou":170.0,"chart":"US4NH1BG"}},{"type":"Feature","geometry":{"type":"Point","coordinates":[-69.88233,43.15948]},"properties":{"objtype":"SOUNDG","valsou":175.5,"chart":"US4NH1BG"}},{"type":"Feature","geometry":{"type":"Point","coordinates":[-69.881151,43.174032]},"properties":{"objtype":"SOUNDG","valsou":173.7,"chart":"US4NH1BG"}},{"type":"Feature","geometry":{"type":"Point","coordinates":[-69.869358,43.193044]},"properties":{"objtype":"SOUNDG","valsou":168.2,"chart":"US4NH1BG"}},{"type":"Feature","geometry":{"type":"Point","coordinates":[-69.867729,43.152227]},"properties":{"objtype":"SOUNDG","valsou":175.5,"chart":"US4NH1BG"}},{"type":"Feature","geometry":{"type":"Point","coordinates":[-69.864022,43.125782]},"properties":{"objtype":"SOUNDG","valsou":171.9,"chart":"US4NH1BG"}},{"type":"Feature","geometry":{"type":"Point","coordinates":[-69.862506,43.138862]},"properties":{"objtype":"SOUNDG","valsou":173.7,"chart":"US4NH1BG"}},{"type":"Feature","geometry":{"type":"Point","coordinates":[-69.859192,43.17931]},"properties":{"objtype":"SOUNDG","valsou":175.5,"chart":"US4NH1BG"}},{"type":"Feature","geometry":{"type":"Point","coordinates":[-69.853183,43.099704]},"properties":{"objtype":"SOUNDG","valsou":170.0,"chart":"US4NH1BG"}},{"type":"Feature","geometry":{"type":"Point","coordinates":[-69.848578,43.056741]},"properties":{"objtype":"SOUNDG","valsou":179.2,"chart":"US4NH1BG"}},{"type":"Feature","geometry":{"type":"Point","coordinates":[-69.84723,43.192468]},"properties":{"objtype":"SOUNDG","valsou":171.9,"chart":"US4NH1BG"}},{"type":"Feature","geometry":{"type":"Point","coordinates":[-69.844029,43.150993]},"properties":{"objtype":"SOUNDG","valsou":173.7,"chart":"US4NH1BG"}},{"type":"Feature","geometry":{"type":"Point","coordinates":[-69.839649,43.113119]},"properties":{"objtype":"SOUNDG","valsou":170.0,"chart":"US4NH1BG"}},{"type":"Feature","geometry":{"type":"Point","coordinates":[-69.834875,43.08012]},"properties":{"objtype":"SOUNDG","valsou":170.0,"chart":"US4NH1BG"}},{"type":"Feature","geometry":{"type":"Point","coordinates":[-69.833359,43.142687]},"properties":{"objtype":"SOUNDG","valsou":171.9,"chart":"US4NH1BG"}},{"type":"Feature","geometry":{"type":"Point","coordinates":[-69.832179,43.179803]},"properties":{"objtype":"SOUNDG","valsou":175.5,"chart":"US4NH1BG"}},{"type":"Feature","geometry":{"type":"Point","coordinates":[-69.827237,43.064813]},"properties":{"objtype":"SOUNDG","valsou":173.7,"chart":"US4NH1BG"}},{"type":"Feature","geometry":{"type":"Point","coordinates":[-69.824127,43.195102]},"properties":{"objtype":"SOUNDG","valsou":173.7,"chart":"US4NH1BG"}},{"type":"Feature","geometry":{"type":"Point","coordinates":[-69.823362,43.100536]},"properties":{"objtype":"SOUNDG","valsou":168.2,"chart":"US4NH1BG"}},{"type":"Feature","geometry":{"type":"Point","coordinates":[-69.821171,43.168939]},"properties":{"objtype":"SOUNDG","valsou":179.2,"chart":"US4NH1BG"}},{"type":"Feature","geometry":{"type":"Point","coordinates":[-69.820891,43.048397]},"properties":{"objtype":"SOUNDG","valsou":175.5,"chart":"US4NH1BG"}},{"type":"Feature","geometry":{"type":"Point","coordinates":[-69.820386,43.126152]},"properties":{"objtype":"SOUNDG","valsou":171.9,"chart":"US4NH1BG"}},{"type":"Feature","geometry":{"type":"Point","coordinates":[-69.820105,43.154201]},"properties":{"objtype":"SOUNDG","valsou":175.5,"chart":"US4NH1BG"}},{"type":"Feature","geometry":{"type":"Point","coordinates":[-69.81769,43.09428]},"properties":{"objtype":"SOUNDG","valsou":164.5,"chart":"US4NH1BG"}},{"type":"Feature","geometry":{"type":"Point","coordinates":[-69.812467,43.080944]},"properties":{"objtype":"SOUNDG","valsou":164.5,"chart":"US4NH1BG"}},{"type":"Feature","geometry":{"type":"Point","coordinates":[-69.811456,43.180099]},"properties":{"objtype":"SOUNDG","valsou":175.5,"chart":"US4NH1BG"}},{"type":"Feature","geometry":{"type":"Point","coordinates":[-69.809412,43.036187]},"properties":{"objtype":"SOUNDG","valsou":175.5,"chart":"US4NH1BG"}},{"type":"Feature","geometry":{"type":"Point","coordinates":[-69.809041,43.143221]},"properties":{"objtype":"SOUNDG","valsou":171.9,"chart":"US4NH1BG"}},{"type":"Feature","geometry":{"type":"Point","coordinates":[-69.807581,43.112576]},"properties":{"objtype":"SOUNDG","valsou":164.5,"chart":"US4NH1BG"}},{"type":"Feature","geometry":{"type":"Point","coordinates":[-69.806626,43.195673]},"properties":{"objtype":"SOUNDG","valsou":175.5,"chart":"US4NH1BG"}},{"type":"Feature","geometry":{"type":"Point","coordinates":[-69.806458,43.064994]},"properties":{"objtype":"SOUNDG","valsou":170.0,"chart":"US4NH1BG"}},{"type":"Feature","geometry":{"type":"Point","coordinates":[-69.80146,43.126358]},"properties":{"objtype":"SOUNDG","valsou":168.2,"chart":"US4NH1BG"}},{"type":"Feature","geometry":{"type":"Point","coordinates":[-69.800561,43.168919]},"properties":{"objtype":"SOUNDG","valsou":173.7,"chart":"US4NH1BG"}},{"type":"Feature","geometry":{"type":"Point","coordinates":[-69.797978,43.046379]},"properties":{"objtype":"SOUNDG","valsou":171.9,"chart":"US4NH1BG"}},{"type":"Feature","geometry":{"type":"Point","coordinates":[-69.794159,43.100988]},"properties":{"objtype":"SOUNDG","valsou":159.1,"chart":"US4NH1BG"}},{"type":"Feature","geometry":{"type":"Point","coordinates":[-69.793934,43.154817]},"properties":{"objtype":"SOUNDG","valsou":168.2,"chart":"US4NH1BG"}},{"type":"Feature","geometry":{"type":"Point","coordinates":[-69.791968,43.079915]},"properties":{"objtype":"SOUNDG","valsou":160.9,"chart":"US4NH1BG"}},{"type":"Feature","geometry":{"type":"Point","coordinates":[-69.787419,43.056758]},"properties":{"objtype":"SOUNDG","valsou":164.5,"chart":"US4NH1BG"}},{"type":"Feature","geometry":{"type":"Point","coordinates":[-69.787307,43.180345]},"properties":{"objtype":"SOUNDG","valsou":170.0,"chart":"US4NH1BG"}},{"type":"Feature","geometry":{"type":"Point","coordinates":[-69.787195,43.196125]},"properties":{"objtype":"SOUNDG","valsou":166.4,"chart":"US4NH1BG"}},{"type":"Feature","geometry":{"type":"Point","coordinates":[-69.785173,43.143838]},"properties":{"objtype":"SOUNDG","valsou":164.5,"chart":"US4NH1BG"}},{"type":"Feature","geometry":{"type":"Point","coordinates":[-69.760729,43.077375]},"properties":{"objtype":"SOUNDG","valsou":149.9,"chart":"US4NH1BG"}},{"type":"Feature","geometry":{"type":"Point","coordinates":[-69.745767,43.156356]},"properties":{"objtype":"SOUNDG","valsou":146.3,"chart":"US4NH1BG"}},{"type":"Feature","geometry":{"type":"Point","coordinates":[-69.734148,43.131002]},"properties":{"objtype":"SOUNDG","valsou":137.1,"chart":"US4NH1BG"}},{"type":"Feature","geometry":{"type":"Point","coordinates":[-69.730477,43.020805]},"properties":{"objtype":"SOUNDG","valsou":153.6,"chart":"US4NH1BG"}},{"type":"Feature","geometry":{"type":"Point","coordinates":[-69.718859,42.900066]},"properties":{"objtype":"SOUNDG","valsou":177.3,"chart":"US4NH1BG"}},{"type":"Feature","geometry":{"type":"Point","coordinates":[-69.714158,43.179682]},"properties":{"objtype":"SOUNDG","valsou":106.0,"chart":"US4NH1BG"}},{"type":"Feature","geometry":{"type":"Point","coordinates":[-69.706393,42.983999]},"properties":{"objtype":"SOUNDG","valsou":129.8,"chart":"US4NH1BG"}},{"type":"Feature","geometry":{"type":"Point","coordinates":[-69.697805,43.066105]},"properties":{"objtype":"SOUNDG","valsou":113.3,"chart":"US4NH1BG"}},{"type":"Feature","geometry":{"type":"Point","coordinates":[-69.695067,43.084708]},"properties":{"objtype":"SOUNDG","valsou":102.4,"chart":"US4NH1BG"}},{"type":"Feature","geometry":{"type":"Point","coordinates":[-69.687822,43.183733]},"properties":{"objtype":"SOUNDG","valsou":82.2,"chart":"US4NH1BG"}},{"type":"Feature","geometry":{"type":"Point","coordinates":[-69.686499,42.933259]},"properties":{"objtype":"SOUNDG","valsou":151.7,"chart":"US4NH1BG"}},{"type":"Feature","geometry":{"type":"Point","coordinates":[-69.677618,43.124507]},"properties":{"objtype":"SOUNDG","valsou":85.9,"chart":"US4NH1BG"}},{"type":"Feature","geometry":{"type":"Point","coordinates":[-69.665982,43.021774]},"properties":{"objtype":"SOUNDG","valsou":107.8,"chart":"US4NH1BG"}},{"type":"Feature","geometry":{"type":"Point","coordinates":[-69.665894,43.195029]},"properties":{"objtype":"SOUNDG","valsou":49.3,"chart":"US4NH1BG"}},{"type":"Feature","geometry":{"type":"Point","coordinates":[-69.645541,43.160423]},"properties":{"objtype":"SOUNDG","valsou":73.1,"chart":"US4NH1BG"}},{"type":"Feature","geometry":{"type":"Point","coordinates":[-69.644883,42.910088]},"properties":{"objtype":"SOUNDG","valsou":137.1,"chart":"US4NH1BG"}},{"type":"Feature","geometry":{"type":"Point","coordinates":[-69.637415,43.194208]},"properties":{"objtype":"SOUNDG","valsou":56.6,"chart":"US4NH1BG"}},{"type":"Feature","geometry":{"type":"Point","coordinates":[-69.632476,43.181675]},"properties":{"objtype":"SOUNDG","valsou":96.9,"chart":"US4NH1BG"}},{"type":"Feature","geometry":{"type":"Point","coordinates":[-69.630412,43.114979]},"properties":{"objtype":"SOUNDG","valsou":62.1,"chart":"US4NH1BG"}},{"type":"Feature","geometry":{"type":"Point","coordinates":[-69.627956,43.067086]},"properties":{"objtype":"SOUNDG","valsou":93.2,"chart":"US4NH1BG"}},{"type":"Feature","geometry":{"type":"Point","coordinates":[-69.607714,43.176263]},"properties":{"objtype":"SOUNDG","valsou":64.0,"chart":"US4NH1BG"}},{"type":"Feature","geometry":{"type":"Point","coordinates":[-69.606343,43.147094]},"properties":{"objtype":"SOUNDG","valsou":62.1,"chart":"US4NH1BG"}},{"type":"Feature","geometry":{"type":"Point","coordinates":[-69.605942,43.056687]},"properties":{"objtype":"SOUNDG","valsou":98.7,"chart":"US4NH1BG"}},{"type":"Feature","geometry":{"type":"Point","coordinates":[-69.897435,43.104379]},"properties":{"objtype":"SOUNDG","valsou":168.2,"chart":"US4NH1BG"}},{"type":"Feature","geometry":{"type":"Point","coordinates":[-69.875432,43.053953]},"properties":{"objtype":"SOUNDG","valsou":193.8,"chart":"US4NH1BG"}},{"type":"Feature","geometry":{"type":"Point","coordinates":[-70.574952,43.181671]},"properties":{"objtype":"SOUNDG","valsou":22.8,"chart":"US5NH02M"}},{"type":"Feature","geometry":{"type":"Point","coordinates":[-70.574714,43.008183]},"properties":{"objtype":"SOUNDG","valsou":56.9,"chart":"US5NH02M"}},{"type":"Feature","geometry":{"type":"Point","coordinates":[-70.574644,43.084951]},"properties":{"objtype":"SOUNDG","valsou":28.0,"chart":"US5NH02M"}},{"type":"Feature","geometry":{"type":"Point","coordinates":[-70.574625,43.147228]},"properties":{"objtype":"SOUNDG","valsou":28.6,"chart":"US5NH02M"}},{"type":"Feature","geometry":{"type":"Point","coordinates":[-70.574588,43.173743]},"properties":{"objtype":"SOUNDG","valsou":23.1,"chart":"US5NH02M"}},{"type":"Feature","geometry":{"type":"Point","coordinates":[-70.574516,43.118522]},"properties":{"objtype":"SOUNDG","valsou":26.2,"chart":"US5NH02M"}},{"type":"Feature","geometry":{"type":"Point","coordinates":[-70.574426,43.139034]},"properties":{"objtype":"SOUNDG","valsou":28.3,"chart":"US5NH02M"}},{"type":"Feature","geometry":{"type":"Point","coordinates":[-70.574416,43.175234]},"properties":{"objtype":"SOUNDG","valsou":24.3,"chart":"US5NH02M"}},{"type":"Feature","geometry":{"type":"Point","coordinates":[-70.574362,43.143087]},"properties":{"objtype":"SOUNDG","valsou":25.6,"chart":"US5NH02M"}},{"type":"Feature","geometry":{"type":"Point","coordinates":[-70.57436,42.964453]},"properties":{"objtype":"SOUNDG","valsou":69.4,"chart":"US5NH02M"}},{"type":"Feature","geometry":{"type":"Point","coordinates":[-70.574345,43.151891]},"properties":{"objtype":"SOUNDG","valsou":23.4,"chart":"US5NH02M"}},{"type":"Feature","geometry":{"type":"Point","coordinates":[-70.57433,43.177526]},"properties":{"objtype":"SOUNDG","valsou":23.7,"chart":"US5NH02M"}},{"type":"Feature","geometry":{"type":"Point","coordinates":[-70.574295,42.990555]},"properties":{"objtype":"SOUNDG","valsou":51.8,"chart":"US5NH02M"}},{"type":"Feature","geometry":{"type":"Point","coordinates":[-70.574215,43.192324]},"properties":{"objtype":"SOUNDG","valsou":22.2,"chart":"US5NH02M"}},{"type":"Feature","geometry":{"type":"Point","coordinates":[-70.574137,43.161861]},"properties":{"objtype":"SOUNDG","valsou":27.1,"chart":"US5NH02M"}},{"type":"Feature","geometry":{"type":"Point","coordinates":[-70.574129,43.188306]},"properties":{"objtype":"SOUNDG","valsou":29.2,"chart":"US5NH02M"}},{"type":"Feature","geometry":{"type":"Point","coordinates":[-70.574087,43.123802]},"properties":{"objtype":"SOUNDG","valsou":23.4,"chart":"US5NH02M"}},{"type":"Feature","geometry":{"type":"Point","coordinates":[-70.57532,42.995565]},"properties":{"objtype":"SOUNDG","valsou":60.6,"chart":"US5PSMBE"}},{"type":"Feature","geometry":{"type":"Point","coordinates":[-70.573929,43.079499]},"properties":{"objtype":"SOUNDG","valsou":44.1,"chart":"US5NH02M"}},{"type":"Feature","geometry":{"type":"Point","coordinates":[-70.57511,42.984672]},"properties":{"objtype":"SOUNDG","valsou":47.8,"chart":"US5PSMBE"}},{"type":"Feature","geometry":{"type":"Point","coordinates":[-70.576135,43.005139]},"properties":{"objtype":"SOUNDG","valsou":28.0,"chart":"US5PSMBE"}},{"type":"Feature","geometry":{"type":"Point","coordinates":[-70.573575,43.17086]},"properties":{"objtype":"SOUNDG","valsou":33.2,"chart":"US5NH02M"}},{"type":"Feature","geometry":{"type":"Point","coordinates":[-70.576158,42.992521]},"properties":{"objtype":"SOUNDG","valsou":50.5,"chart":"US5PSMBE"}},{"type":"Feature","geometry":{"type":"Point","coordinates":[-70.573476,43.099763]},"properties":{"objtype":"SOUNDG","valsou":29.5,"chart":"US5NH02M"}},{"type":"Feature","geometry":{"type":"Point","coordinates":[-70.573456,42.986844]},"properties":{"objtype":"SOUNDG","valsou":51.8,"chart":"US5NH02M"}},{"type":"Feature","geometry":{"type":"Point","coordinates":[-70.573378,43.094761]},"properties":{"objtype":"SOUNDG","valsou":22.2,"chart":"US5NH02M"}},{"type":"Feature","geometry":{"type":"Point","coordinates":[-70.573357,43.194333]},"properties":{"objtype":"SOUNDG","valsou":24.9,"chart":"US5NH02M"}},{"type":"Feature","geometry":{"type":"Point","coordinates":[-70.573332,43.136772]},"properties":{"objtype":"SOUNDG","valsou":24.0,"chart":"US5NH02M"}},{"type":"Feature","geometry":{"type":"Point","coordinates":[-70.571802,43.078739]},"properties":{"objtype":"SOUNDG","valsou":27.1,"chart":"US5NH02M"}},{"type":"Feature","geometry":{"type":"Point","coordinates":[-70.573292,43.186359]},"properties":{"objtype":"SOUNDG","valsou":22.5,"chart":"US5NH02M"}},{"type":"Feature","geometry":{"type":"Point","coordinates":[-70.57318,43.144719]},"properties":{"objtype":"SOUNDG","valsou":27.1,"chart":"US5NH02M"}},{"type":"Feature","geometry":{"type":"Point","coordinates":[-70.573176,42.970646]},"properties":{"objtype":"SOUNDG","valsou":35.9,"chart":"US5NH02M"}},{"type":"Feature","geometry":{"type":"Point","coordinates":[-70.573153,43.006558]},"properties":{"objtype":"SOUNDG","valsou":45.1,"chart":"US5NH02M"}},{"type":"Feature","geometry":{"type":"Point","coordinates":[-70.570657,43.133652]},"properties":{"objtype":"SOUNDG","valsou":25.6,"chart":"US5NH02M"}},{"type":"Feature","geometry":{"type":"Point","coordinates":[-70.573128,43.149973]},"properties":{"objtype":"SOUNDG","valsou":24.3,"chart":"US5NH02M"}},{"type":"Feature","geometry":{"type":"Point","coordinates":[-70.573011,43.08941]},"properties":{"objtype":"SOUNDG","valsou":17.3,"chart":"US5NH02M"}},{"type":"Feature","geometry":{"type":"Point","coordinates":[-70.570847,42.98332]},"properties":{"objtype":"SOUNDG","valsou":45.1,"chart":"US5NH02M"}},{"type":"Feature","geometry":{"type":"Point","coordinates":[-70.572291,42.976753]},"properties":{"objtype":"SOUNDG","valsou":64.6,"chart":"US5NH02M"}},{"type":"Feature","geometry":{"type":"Point","coordinates":[-70.572807,43.180164]},"properties":{"objtype":"SOUNDG","valsou":23.4,"chart":"US5NH02M"}},{"type":"Feature","geometry":{"type":"Point","coordinates":[-70.572757,42.974786]},"properties":{"objtype":"SOUNDG","valsou":64.3,"chart":"US5NH02M"}},{"type":"Feature","geometry":{"type":"Point","coordinates":[-70.572734,42.969072]},"properties":{"objtype":"SOUNDG","valsou":49.3,"chart":"US5NH02M"}},{"type":"Feature","geometry":{"type":"Point","coordinates":[-70.57106,43.011046]},"properties":{"objtype":"SOUNDG","valsou":31.6,"chart":"US5NH02M"}},{"type":"Feature","geometry":{"type":"Point","coordinates":[-70.572629,42.962552]},"properties":{"objtype":"SOUNDG","valsou":39.6,"chart":"US5NH02M"}},{"type":"Feature","geometry":{"type":"Point","coordinates":[-70.572566,43.127619]},"properties":{"objtype":"SOUNDG","valsou":23.4,"chart":"US5NH02M"}},{"type":"Feature","geometry":{"type":"Point","coordinates":[-70.572547,43.002678]},"properties":{"objtype":"SOUNDG","valsou":45.1,"chart":"US5NH02M"}},{"type":"Feature","geometry":{"type":"Point","coordinates":[-70.572507,43.182629]},"properties":{"objtype":"SOUNDG","valsou":22.5,"chart":"US5NH02M"}},{"type":"Feature","geometry":{"type":"Point","coordinates":[-70.572391,43.190189]},"properties":{"objtype":"SOUNDG","valsou":27.4,"chart":"US5NH02M"}},{"type":"Feature","geometry":{"type":"Point","coordinates":[-70.572371,43.153509]},"properties":{"objtype":"SOUNDG","valsou":30.1,"chart":"US5NH02M"}},{"type":"Feature","geometry":{"type":"Point","coordinates":[-70.571426,43.083234]},"properties":{"objtype":"SOUNDG","valsou":26.8,"chart":"US5NH02M"}},{"type":"Feature","geometry":{"type":"Point","coordinates":[-70.572173,43.158614]},"properties":{"objtype":"SOUNDG","valsou":31.3,"chart":"US5NH02M"}},{"type":"Feature","geometry":{"type":"Point","coordinates":[-70.571983,43.091615]},"properties":{"objtype":"SOUNDG","valsou":16.7,"chart":"US5NH02M"}},{"type":"Feature","geometry":{"type":"Point","coordinates":[-70.571971,43.173633]},"properties":{"objtype":"SOUNDG","valsou":22.8,"chart":"US5NH02M"}},{"type":"Feature","geometry":{"type":"Point","coordinates":[-70.571942,42.999908]},"properties":{"objtype":"SOUNDG","valsou":51.8,"chart":"US5NH02M"}},{"type":"Feature","geometry":{"type":"Point","coordinates":[-70.571687,43.129913]},"properties":{"objtype":"SOUNDG","valsou":24.9,"chart":"US5NH02M"}},{"type":"Feature","geometry":{"type":"Point","coordinates":[-70.571663,43.122372]},"properties":{"objtype":"SOUNDG","valsou":23.4,"chart":"US5NH02M"}},{"type":"Feature","geometry":{"type":"Point","coordinates":[-70.571616,42.966164]},"properties":{"objtype":"SOUNDG","valsou":53.3,"chart":"US5NH02M"}},{"type":"Feature","geometry":{"type":"Point","coordinates":[-70.571523,42.989152]},"properties":{"objtype":"SOUNDG","valsou":58.2,"chart":"US5NH02M"}},{"type":"Feature","geometry":{"type":"Point","coordinates":[-70.57149,43.195541]},"properties":{"objtype":"SOUNDG","valsou":22.8,"chart":"US5NH02M"}},{"type":"Feature","geometry":{"type":"Point","coordinates":[-70.571453,42.982004]},"properties":{"objtype":"SOUNDG","valsou":50.5,"chart":"US5NH02M"}},{"type":"Feature","geometry":{"type":"Point","coordinates":[-70.571404,43.188981]},"properties":{"objtype":"SOUNDG","valsou":23.1,"chart":"US5NH02M"}},{"type":"Feature","geometry":{"type":"Point","coordinates":[-70.571193,43.165715]},"properties":{"objtype":"SOUNDG","valsou":31.0,"chart":"US5NH02M"}},{"type":"Feature","geometry":{"type":"Point","coordinates":[-70.57073,42.991957]},"properties":{"objtype":"SOUNDG","valsou":47.2,"chart":"US5NH02M"}},{"type":"Feature","geometry":{"type":"Point","coordinates":[-70.570694,43.075031]},"properties":{"objtype":"SOUNDG","valsou":39.0,"chart":"US5NH02M"}},{"type":"Feature","geometry":{"type":"Point","coordinates":[-70.570651,43.141187]},"properties":{"objtype":"SOUNDG","valsou":23.7,"chart":"US5NH02M"}},{"type":"Feature","geometry":{"type":"Point","coordinates":[-70.567959,43.002934]},"properties":{"objtype":"SOUNDG","valsou":56.0,"chart":"US5NH02M"}},{"type":"Feature","geometry":{"type":"Point","coordinates":[-70.5703,43.076878]},"properties":{"objtype":"SOUNDG","valsou":44.5,"chart":"US5NH02M"}},{"type":"Feature","geometry":{"type":"Point","coordinates":[-70.570255,43.091746]},"properties":{"objtype":"SOUNDG","valsou":18.8,"chart":"US5NH02M"}},{"type":"Feature","geometry":{"type":"Point","coordinates":[-70.570125,42.986946]},"properties":{"objtype":"SOUNDG","valsou":44.5,"chart":"US5NH02M"}},{"type":"Feature","geometry":{"type":"Point","coordinates":[-70.567957,43.101922]},"properties":{"objtype":"SOUNDG","valsou":25.6,"chart":"US5NH02M"}},{"type":"Feature","geometry":{"type":"Point","coordinates":[-70.568797,42.967157]},"properties":{"objtype":"SOUNDG","valsou":53.9,"chart":"US5NH02M"}},{"type":"Feature","geometry":{"type":"Point","coordinates":[-70.567741,43.098006]},"properties":{"objtype":"SOUNDG","valsou":25.2,"chart":"US5NH02M"}},{"type":"Feature","geometry":{"type":"Point","coordinates":[-70.568532,43.147599]},"properties":{"objtype":"SOUNDG","valsou":28.9,"chart":"US5NH02M"}},{"type":"Feature","geometry":{"type":"Point","coordinates":[-70.569892,43.00502]},"properties":{"objtype":"SOUNDG","valsou":49.3,"chart":"US5NH02M"}},{"type":"Feature","geometry":{"type":"Point","coordinates":[-70.569799,43.169483]},"properties":{"objtype":"SOUNDG","valsou":29.2,"chart":"US5NH02M"}},{"type":"Feature","geometry":{"type":"Point","coordinates":[-70.568941,43.083732]},"properties":{"objtype":"SOUNDG","valsou":21.0,"chart":"US5NH02M"}},{"type":"Feature","geometry":{"type":"Point","coordinates":[-70.56941,43.186045]},"properties":{"objtype":"SOUNDG","valsou":23.4,"chart":"US5NH02M"}},{"type":"Feature","geometry":{"type":"Point","coordinates":[-70.56956,43.12066]},"properties":{"objtype":"SOUNDG","valsou":25.9,"chart":"US5NH02M"}},{"type":"Feature","geometry":{"type":"Point","coordinates":[-70.569542,42.970013]},"properties":{"objtype":"SOUNDG","valsou":53.9,"chart":"US5NH02M"}},{"type":"Feature","geometry":{"type":"Point","coordinates":[-70.567675,43.096215]},"properties":{"objtype":"SOUNDG","valsou":25.2,"chart":"US5NH02M"}},{"type":"Feature","geometry":{"type":"Point","coordinates":[-70.569299,43.139097]},"properties":{"objtype":"SOUNDG","valsou":28.0,"chart":"US5NH02M"}},{"type":"Feature","geometry":{"type":"Point","coordinates":[-70.569287,43.088973]},"properties":{"objtype":"SOUNDG","valsou":33.5,"chart":"US5NH02M"}},{"type":"Feature","geometry":{"type":"Point","coordinates":[-70.56922,43.128341]},"properties":{"objtype":"SOUNDG","valsou":25.6,"chart":"US5NH02M"}},{"type":"Feature","geometry":{"type":"Point","coordinates":[-70.568838,43.01187]},"properties":{"objtype":"SOUNDG","valsou":34.1,"chart":"US5NH02M"}},{"type":"Feature","geometry":{"type":"Point","coordinates":[-70.569077,42.978515]},"properties":{"objtype":"SOUNDG","valsou":65.8,"chart":"US5NH02M"}},{"type":"Feature","geometry":{"type":"Point","coordinates":[-70.569077,42.990144]},"properties":{"objtype":"SOUNDG","valsou":53.3,"chart":"US5NH02M"}},{"type":"Feature","geometry":{"type":"Point","coordinates":[-70.56896,42.981935]},"properties":{"objtype":"SOUNDG","valsou":51.2,"chart":"US5NH02M"}},{"type":"Feature","geometry":{"type":"Point","coordinates":[-70.568916,43.195133]},"properties":{"objtype":"SOUNDG","valsou":28.3,"chart":"US5NH02M"}},{"type":"Feature","geometry":{"type":"Point","coordinates":[-70.568745,43.079591]},"properties":{"objtype":"SOUNDG","valsou":28.3,"chart":"US5NH02M"}},{"type":"Feature","geometry":{"type":"Point","coordinates":[-70.568691,43.086175]},"properties":{"objtype":"SOUNDG","valsou":18.5,"chart":"US5NH02M"}},{"type":"Feature","geometry":{"type":"Point","coordinates":[-70.568616,43.117972]},"properties":{"objtype":"SOUNDG","valsou":24.3,"chart":"US5NH02M"}},{"type":"Feature","geometry":{"type":"Point","coordinates":[-70.568576,43.166892]},"properties":{"objtype":"SOUNDG","valsou":25.2,"chart":"US5NH02M"}},{"type":"Feature","geometry":{"type":"Point","coordinates":[-70.568472,43.130663]},"properties":{"objtype":"SOUNDG","valsou":27.7,"chart":"US5NH02M"}},{"type":"Feature","geometry":{"type":"Point","coordinates":[-70.568261,42.999053]},"properties":{"objtype":"SOUNDG","valsou":53.6,"chart":"US5NH02M"}},{"type":"Feature","geometry":{"type":"Point","coordinates":[-70.569531,43.072929]},"properties":{"objtype":"SOUNDG","valsou":25.9,"chart":"US5NH02M"}},{"type":"Feature","geometry":{"type":"Point","coordinates":[-70.567935,42.995462]},"properties":{"objtype":"SOUNDG","valsou":54.8,"chart":"US5NH02M"}},{"type":"Feature","geometry":{"type":"Point","coordinates":[-70.567892,43.145046]},"properties":{"objtype":"SOUNDG","valsou":25.6,"chart":"US5NH02M"}},{"type":"Feature","geometry":{"type":"Point","coordinates":[-70.567818,43.179877]},"properties":{"objtype":"SOUNDG","valsou":21.0,"chart":"US5NH02M"}},{"type":"Feature","geometry":{"type":"Point","coordinates":[-70.567679,42.993222]},"properties":{"objtype":"SOUNDG","valsou":61.5,"chart":"US5NH02M"}},{"type":"Feature","geometry":{"type":"Point","coordinates":[-70.56744,43.087715]},"properties":{"objtype":"SOUNDG","valsou":39.3,"chart":"US5NH02M"}},{"type":"Feature","geometry":{"type":"Point","coordinates":[-70.567436,43.140902]},"properties":{"objtype":"SOUNDG","valsou":24.6,"chart":"US5NH02M"}},{"type":"Feature","geometry":{"type":"Point","coordinates":[-70.567399,42.972802]},"properties":{"objtype":"SOUNDG","valsou":53.3,"chart":"US5NH02M"}},{"type":"Feature","geometry":{"type":"Point","coordinates":[-70.567329,42.965754]},"properties":{"objtype":"SOUNDG","valsou":70.1,"chart":"US5NH02M"}},{"type":"Feature","geometry":{"type":"Point","coordinates":[-70.567236,42.980293]},"properties":{"objtype":"SOUNDG","valsou":64.6,"chart":"US5NH02M"}},{"type":"Feature","geometry":{"type":"Point","coordinates":[-70.567217,43.103736]},"properties":{"objtype":"SOUNDG","valsou":27.1,"chart":"US5NH02M"}},{"type":"Feature","geometry":{"type":"Point","coordinates":[-70.567166,42.985287]},"properties":{"objtype":"SOUNDG","valsou":60.0,"chart":"US5NH02M"}},{"type":"Feature","geometry":{"type":"Point","coordinates":[-70.567117,43.12523]},"properties":{"objtype":"SOUNDG","valsou":24.3,"chart":"US5NH02M"}},{"type":"Feature","geometry":{"type":"Point","coordinates":[-70.567093,43.18716]},"properties":{"objtype":"SOUNDG","valsou":23.7,"chart":"US5NH02M"}},{"type":"Feature","geometry":{"type":"Point","coordinates":[-70.567057,43.133041]},"properties":{"objtype":"SOUNDG","valsou":31.0,"chart":"US5NH02M"}},{"type":"Feature","geometry":{"type":"Point","coordinates":[-70.566986,43.122734]},"properties":{"objtype":"SOUNDG","valsou":22.2,"chart":"US5NH02M"}},{"type":"Feature","geometry":{"type":"Point","coordinates":[-70.566957,43.000797]},"properties":{"objtype":"SOUNDG","valsou":50.5,"chart":"US5NH02M"}},{"type":"Feature","geometry":{"type":"Point","coordinates":[-70.566724,42.991444]},"properties":{"objtype":"SOUNDG","valsou":45.7,"chart":"US5NH02M"}},{"type":"Feature","geometry":{"type":"Point","coordinates":[-70.56691,43.006063]},"properties":{"objtype":"SOUNDG","valsou":53.0,"chart":"US5NH02M"}},{"type":"Feature","geometry":{"type":"Point","coordinates":[-70.566905,43.013631]},"properties":{"objtype":"SOUNDG","valsou":40.8,"chart":"US5NH02M"}},{"type":"Feature","geometry":{"type":"Point","coordinates":[-70.5669,43.116275]},"properties":{"objtype":"SOUNDG","valsou":24.9,"chart":"US5NH02M"}},{"type":"Feature","geometry":{"type":"Point","coordinates":[-70.566853,43.155787]},"properties":{"objtype":"SOUNDG","valsou":33.2,"chart":"US5NH02M"}},{"type":"Feature","geometry":{"type":"Point","coordinates":[-70.566805,43.106641]},"properties":{"objtype":"SOUNDG","valsou":28.9,"chart":"US5NH02M"}},{"type":"Feature","geometry":{"type":"Point","coordinates":[-70.566761,43.084662]},"properties":{"objtype":"SOUNDG","valsou":36.5,"chart":"US5NH02M"}},{"type":"Feature","geometry":{"type":"Point","coordinates":[-70.566722,43.150982]},"properties":{"objtype":"SOUNDG","valsou":30.7,"chart":"US5NH02M"}},{"type":"Feature","geometry":{"type":"Point","coordinates":[-70.566746,43.160184]},"properties":{"objtype":"SOUNDG","valsou":38.1,"chart":"US5NH02M"}},{"type":"Feature","geometry":{"type":"Point","coordinates":[-70.566743,43.082369]},"properties":{"objtype":"SOUNDG","valsou":48.1,"chart":"US5NH02M"}},{"type":"Feature","geometry":{"type":"Point","coordinates":[-70.566739,43.162774]},"properties":{"objtype":"SOUNDG","valsou":26.2,"chart":"US5NH02M"}},{"type":"Feature","geometry":{"type":"Point","coordinates":[-70.566728,43.1919]},"properties":{"objtype":"SOUNDG","valsou":31.6,"chart":"US5NH02M"}},{"type":"Feature","geometry":{"type":"Point","coordinates":[-70.566695,43.02175]},"properties":{"objtype":"SOUNDG","valsou":40.5,"chart":"US5NH02M"}},{"type":"Feature","geometry":{"type":"Point","coordinates":[-70.566677,43.008593]},"properties":{"objtype":"SOUNDG","valsou":44.8,"chart":"US5NH02M"}},{"type":"Feature","geometry":{"type":"Point","coordinates":[-70.566637,43.169086]},"properties":{"objtype":"SOUNDG","valsou":23.4,"chart":"US5NH02M"}},{"type":"Feature","geometry":{"type":"Point","coordinates":[-70.566635,43.077049]},"properties":{"objtype":"SOUNDG","valsou":37.7,"chart":"US5NH02M"}},{"type":"Feature","geometry":{"type":"Point","coordinates":[-70.566624,43.128106]},"properties":{"objtype":"SOUNDG","valsou":26.8,"chart":"US5NH02M"}},{"type":"Feature","geometry":{"type":"Point","coordinates":[-70.566608,43.175642]},"properties":{"objtype":"SOUNDG","valsou":24.6,"chart":"US5NH02M"}},{"type":"Feature","geometry":{"type":"Point","coordinates":[-70.566586,43.178531]},"properties":{"objtype":"SOUNDG","valsou":22.8,"chart":"US5NH02M"}},{"type":"Feature","geometry":{"type":"Point","coordinates":[-70.566579,43.099796]},"properties":{"objtype":"SOUNDG","valsou":26.8,"chart":"US5NH02M"}},{"type":"Feature","geometry":{"type":"Point","coordinates":[-70.566531,42.963989]},"properties":{"objtype":"SOUNDG","valsou":53.3,"chart":"US5NH02M"}},{"type":"Feature","geometry":{"type":"Point","coordinates":[-70.575782,43.050337]},"properties":{"objtype":"SOUNDG","valsou":18.5,"chart":"US5PSMCE"}},{"type":"Feature","geometry":{"type":"Point","coordinates":[-70.574682,43.02274]},"properties":{"objtype":"SOUNDG","valsou":48.7,"chart":"US5NH02M"}},{"type":"Feature","geometry":{"type":"Point","coordinates":[-70.574307,43.03594]},"properties":{"objtype":"SOUNDG","valsou":35.3,"chart":"US5NH02M"}},{"type":"Feature","geometry":{"type":"Point","coordinates":[-70.574133,43.015859]},"properties":{"objtype":"SOUNDG","valsou":48.4,"chart":"US5NH02M"}},{"type":"Feature","geometry":{"type":"Point","coordinates":[-70.574118,43.010997]},"properties":{"objtype":"SOUNDG","valsou":40.2,"chart":"US5NH02M"}},{"type":"Feature","geometry":{"type":"Point","coordinates":[-70.576426,43.036723]},"properties":{"objtype":"SOUNDG","valsou":35.0,"chart":"US5PSMBE"}},{"type":"Feature","geometry":{"type":"Point","coordinates":[-70.573939,43.019367]},"properties":{"objtype":"SOUNDG","valsou":45.1,"chart":"US5NH02M"}},{"type":"Feature","geometry":{"type":"Point","coordinates":[-70.573936,43.073368]},"properties":{"objtype":"SOUNDG","valsou":16.4,"chart":"US5NH02M"}},{"type":"Feature","geometry":{"type":"Point","coordinates":[-70.573845,43.05448]},"properties":{"objtype":"SOUNDG","valsou":26.8,"chart":"US5NH02M"}},{"type":"Feature","geometry":{"type":"Point","coordinates":[-70.573738,43.045135]},"properties":{"objtype":"SOUNDG","valsou":31.3,"chart":"US5NH02M"}},{"type":"Feature","geometry":{"type":"Point","coordinates":[-70.573595,43.033139]},"properties":{"objtype":"SOUNDG","valsou":48.1,"chart":"US5NH02M"}},{"type":"Feature","geometry":{"type":"Point","coordinates":[-70.573369,43.041439]},"properties":{"objtype":"SOUNDG","valsou":51.8,"chart":"US5NH02M"}},{"type":"Feature","geometry":{"type":"Point","coordinates":[-70.572569,43.012769]},"properties":{"objtype":"SOUNDG","valsou":40.5,"chart":"US5NH02M"}},{"type":"Feature","geometry":{"type":"Point","coordinates":[-70.572839,43.028259]},"properties":{"objtype":"SOUNDG","valsou":45.4,"chart":"US5NH02M"}},{"type":"Feature","geometry":{"type":"Point","coordinates":[-70.572499,43.067429]},"properties":{"objtype":"SOUNDG","valsou":22.2,"chart":"US5NH02M"}},{"type":"Feature","geometry":{"type":"Point","coordinates":[-70.571945,43.071978]},"properties":{"objtype":"SOUNDG","valsou":29.2,"chart":"US5NH02M"}},{"type":"Feature","geometry":{"type":"Point","coordinates":[-70.571731,43.021063]},"properties":{"objtype":"SOUNDG","valsou":42.9,"chart":"US5NH02M"}},{"type":"Feature","geometry":{"type":"Point","coordinates":[-70.571212,43.064565]},"properties":{"objtype":"SOUNDG","valsou":33.8,"chart":"US5NH02M"}},{"type":"Feature","geometry":{"type":"Point","coordinates":[-70.570962,43.062501]},"properties":{"objtype":"SOUNDG","valsou":42.3,"chart":"US5NH02M"}},{"type":"Feature","geometry":{"type":"Point","coordinates":[-70.570944,43.05984]},"properties":{"objtype":"SOUNDG","valsou":35.3,"chart":"US5NH02M"}},{"type":"Feature","geometry":{"type":"Point","coordinates":[-70.570692,43.050217]},"properties":{"objtype":"SOUNDG","valsou":22.2,"chart":"US5NH02M"}},{"type":"Feature","geometry":{"type":"Point","coordinates":[-70.570623,43.02274]},"properties":{"objtype":"SOUNDG","valsou":33.8,"chart":"US5NH02M"}},{"type":"Feature","geometry":{"type":"Point","coordinates":[-70.570509,43.024629]},"properties":{"objtype":"SOUNDG","valsou":50.5,"chart":"US5NH02M"}},{"type":"Feature","geometry":{"type":"Point","coordinates":[-70.570476,43.066462]},"properties":{"objtype":"SOUNDG","valsou":30.4,"chart":"US5NH02M"}},{"type":"Feature","geometry":{"type":"Point","coordinates":[-70.570336,43.068011]},"properties":{"objtype":"SOUNDG","valsou":28.0,"chart":"US5NH02M"}},{"type":"Feature","geometry":{"type":"Point","coordinates":[-70.569447,43.05942]},"properties":{"objtype":"SOUNDG","valsou":36.5,"chart":"US5NH02M"}},{"type":"Feature","geometry":{"type":"Point","coordinates":[-70.570254,43.017514]},"properties":{"objtype":"SOUNDG","valsou":40.8,"chart":"US5NH02M"}},{"type":"Feature","geometry":{"type":"Point","coordinates":[-70.569874,43.036011]},"properties":{"objtype":"SOUNDG","valsou":32.9,"chart":"US5NH02M"}},{"type":"Feature","geometry":{"type":"Point","coordinates":[-70.56977,43.048439]},"properties":{"objtype":"SOUNDG","valsou":18.2,"chart":"US5NH02M"}},{"type":"Feature","geometry":{"type":"Point","coordinates":[-70.569126,43.044773]},"properties":{"objtype":"SOUNDG","valsou":47.2,"chart":"US5NH02M"}},{"type":"Feature","geometry":{"type":"Point","coordinates":[-70.568737,43.019786]},"properties":{"objtype":"SOUNDG","valsou":42.0,"chart":"US5NH02M"}},{"type":"Feature","geometry":{"type":"Point","coordinates":[-70.567815,43.069539]},"properties":{"objtype":"SOUNDG","valsou":30.4,"chart":"US5NH02M"}},{"type":"Feature","geometry":{"type":"Point","coordinates":[-70.568332,43.053049]},"properties":{"objtype":"SOUNDG","valsou":35.3,"chart":"US5NH02M"}},{"type":"Feature","geometry":{"type":"Point","coordinates":[-70.567903,43.054606]},"properties":{"objtype":"SOUNDG","valsou":34.1,"chart":"US5NH02M"}},{"type":"Feature","geometry":{"type":"Point","coordinates":[-70.567473,43.029172]},"properties":{"objtype":"SOUNDG","valsou":57.9,"chart":"US5NH02M"}},{"type":"Feature","geometry":{"type":"Point","coordinates":[-70.567461,43.066037]},"properties":{"objtype":"SOUNDG","valsou":49.9,"chart":"US5NH02M"}},{"type":"Feature","geometry":{"type":"Point","coordinates":[-70.567254,43.032878]},"properties":{"objtype":"SOUNDG","valsou":57.6,"chart":"US5NH02M"}},{"type":"Feature","geometry":{"type":"Point","coordinates":[-70.567231,43.011221]},"properties":{"objtype":"SOUNDG","valsou":45.4,"chart":"US5NH02M"}},{"type":"Feature","geometry":{"type":"Point","coordinates":[-70.567116,43.041511]},"properties":{"objtype":"SOUNDG","valsou":36.8,"chart":"US5NH02M"}},{"type":"Feature","geometry":{"type":"Point","coordinates":[-70.567066,43.073371]},"properties":{"objtype":"SOUNDG","valsou":38.7,"chart":"US5NH02M"}},{"type":"Feature","geometry":{"type":"Point","coordinates":[-70.566826,43.05731]},"properties":{"objtype":"SOUNDG","valsou":20.4,"chart":"US5NH02M"}},{"type":"Feature","geometry":{"type":"Point","coordinates":[-70.566639,43.173861]},"properties":{"objtype":"SOUNDG","valsou":25.2,"chart":"US5NH02M"}},{"type":"Feature","geometry":{"type":"Point","coordinates":[-70.574973,43.108721]},"properties":{"objtype":"SOUNDG","valsou":16.1,"chart":"US5NH02M"}},{"type":"Feature","geometry":{"type":"Point","coordinates":[-70.575837,43.111717]},"properties":{"objtype":"SOUNDG","valsou":18.2,"chart":"US5PSMCE"}},{"type":"Feature","geometry":{"type":"Point","coordinates":[-70.572707,43.108536]},"properties":{"objtype":"SOUNDG","valsou":15.5,"chart":"US5NH02M"}},{"type":"Feature","geometry":{"type":"Point","coordinates":[-70.572067,43.10271]},"properties":{"objtype":"SOUNDG","valsou":21.6,"chart":"US5NH02M"}},{"type":"Feature","geometry":{"type":"Point","coordinates":[-70.570607,43.108115]},"properties":{"objtype":"SOUNDG","valsou":22.5,"chart":"US5NH02M"}},{"type":"Feature","geometry":{"type":"Point","coordinates":[-70.570968,43.115494]},"properties":{"objtype":"SOUNDG","valsou":28.6,"chart":"US5NH02M"}},{"type":"Feature","geometry":{"type":"Point","coordinates":[-70.569757,43.110432]},"properties":{"objtype":"SOUNDG","valsou":25.9,"chart":"US5NH02M"}},{"type":"Feature","geometry":{"type":"Point","coordinates":[-70.56843,43.114286]},"properties":{"objtype":"SOUNDG","valsou":21.9,"chart":"US5NH02M"}},{"type":"Feature","geometry":{"type":"Point","coordinates":[-70.834619,42.918168]},"properties":{"objtype":"SOUNDG","valsou":0.3,"chart":"US5NH1AD"}},{"type":"Feature","geometry":{"type":"Point","coordinates":[-70.834368,42.913783]},"properties":{"objtype":"SOUNDG","valsou":0.3,"chart":"US5NH1AD"}},{"type":"Feature","geometry":{"type":"Point","coordinates":[-70.832058,42.911306]},"properties":{"objtype":"SOUNDG","valsou":0.3,"chart":"US5NH1AD"}},{"type":"Feature","geometry":{"type":"Point","coordinates":[-70.830908,42.910577]},"properties":{"objtype":"SOUNDG","valsou":0.3,"chart":"US5NH1AD"}},{"type":"Feature","geometry":{"type":"Point","coordinates":[-70.82959,42.909904]},"properties":{"objtype":"SOUNDG","valsou":0.3,"chart":"US5NH1AD"}},{"type":"Feature","geometry":{"type":"Point","coordinates":[-70.827542,42.909034]},"properties":{"objtype":"SOUNDG","valsou":0.3,"chart":"US5NH1AD"}},{"type":"Feature","geometry":{"type":"Point","coordinates":[-70.82525,42.90783]},"properties":{"objtype":"SOUNDG","valsou":0.9,"chart":"US5NH1AD"}},{"type":"Feature","geometry":{"type":"Point","coordinates":[-70.823991,42.907079]},"properties":{"objtype":"SOUNDG","valsou":0.6,"chart":"US5NH1AD"}},{"type":"Feature","geometry":{"type":"Point","coordinates":[-70.821886,42.902029]},"properties":{"objtype":"SOUNDG","valsou":0.9,"chart":"US5NH1AD"}},{"type":"Feature","geometry":{"type":"Point","coordinates":[-70.820665,42.904763]},"properties":{"objtype":"SOUNDG","valsou":0.3,"chart":"US5NH1AD"}},{"type":"Feature","geometry":{"type":"Point","coordinates":[-70.819084,42.9042]},"properties":{"objtype":"SOUNDG","valsou":1.2,"chart":"US5NH1AD"}},{"type":"Feature","geometry":{"type":"Point","coordinates":[-70.807827,42.903215]},"properties":{"objtype":"SOUNDG","valsou":1.5,"chart":"US5NH1AD"}},{"type":"Feature","geometry":{"type":"Point","coordinates":[-70.807441,42.907901]},"properties":{"objtype":"SOUNDG","valsou":2.4,"chart":"US5NH1AD"}},{"type":"Feature","geometry":{"type":"Point","coordinates":[-70.806522,42.905149]},"properties":{"objtype":"SOUNDG","valsou":3.3,"chart":"US5NH1AD"}},{"type":"Feature","geometry":{"type":"Point","coordinates":[-70.805193,42.915066]},"properties":{"objtype":"SOUNDG","valsou":0.3,"chart":"US5NH1AD"}},{"type":"Feature","geometry":{"type":"Point","coordinates":[-70.804108,42.913135]},"properties":{"objtype":"SOUNDG","valsou":3.3,"chart":"US5NH1AD"}},{"type":"Feature","geometry":{"type":"Point","coordinates":[-70.801181,42.901474]},"properties":{"objtype":"SOUNDG","valsou":6.4,"chart":"US5NH1AD"}},{"type":"Feature","geometry":{"type":"Point","coordinates":[-70.800869,42.905317]},"properties":{"objtype":"SOUNDG","valsou":6.4,"chart":"US5NH1AD"}},{"type":"Feature","geometry":{"type":"Point","coordinates":[-70.800856,42.917108]},"properties":{"objtype":"SOUNDG","valsou":0.3,"chart":"US5NH1AD"}},{"type":"Feature","geometry":{"type":"Point","coordinates":[-70.820602,42.900356]},"properties":{"objtype":"SOUNDG","valsou":2.4,"chart":"US5NH1AD"}},{"type":"Feature","geometry":{"type":"Point","coordinates":[-70.818936,42.900126]},"properties":{"objtype":"SOUNDG","valsou":1.3,"chart":"US5NH1AD"}},{"type":"Feature","geometry":{"type":"Point","coordinates":[-70.799328,42.915322]},"properties":{"objtype":"SOUNDG","valsou":4.2,"chart":"US5NH1AE"}},{"type":"Feature","geometry":{"type":"Point","coordinates":[-70.795647,42.916168]},"properties":{"objtype":"SOUNDG","valsou":3.3,"chart":"US5NH1AE"}},{"type":"Feature","geometry":{"type":"Point","coordinates":[-70.796205,42.905839]},"properties":{"objtype":"SOUNDG","valsou":7.9,"chart":"US5NH1AE"}},{"type":"Feature","geometry":{"type":"Point","coordinates":[-70.794843,42.903155]},"properties":{"objtype":"SOUNDG","valsou":10.0,"chart":"US5NH1AE"}},{"type":"Feature","geometry":{"type":"Point","coordinates":[-70.794682,42.90089]},"properties":{"objtype":"SOUNDG","valsou":10.3,"chart":"US5NH1AE"}},{"type":"Feature","geometry":{"type":"Point","coordinates":[-70.794493,42.912235]},"properties":{"objtype":"SOUNDG","valsou":7.0,"chart":"US5NH1AE"}},{"type":"Feature","geometry":{"type":"Point","coordinates":[-70.792665,42.91661]},"properties":{"objtype":"SOUNDG","valsou":0.3,"chart":"US5NH1AE"}},{"type":"Feature","geometry":{"type":"Point","coordinates":[-70.791756,42.91131]},"properties":{"objtype":"SOUNDG","valsou":8.5,"chart":"US5NH1AE"}},{"type":"Feature","geometry":{"type":"Point","coordinates":[-70.791365,42.91787]},"properties":{"objtype":"SOUNDG","valsou":3.3,"chart":"US5NH1AE"}},{"type":"Feature","geometry":{"type":"Point","coordinates":[-70.790684,42.900352]},"properties":{"objtype":"SOUNDG","valsou":12.4,"chart":"US5NH1AE"}},{"type":"Feature","geometry":{"type":"Point","coordinates":[-70.789278,42.918317]},"properties":{"objtype":"SOUNDG","valsou":4.8,"chart":"US5NH1AE"}},{"type":"Feature","geometry":{"type":"Point","coordinates":[-70.788621,42.916391]},"properties":{"objtype":"SOUNDG","valsou":7.6,"chart":"US5NH1AE"}},{"type":"Feature","geometry":{"type":"Point","coordinates":[-70.788274,42.904974]},"properties":{"objtype":"SOUNDG","valsou":13.1,"chart":"US5NH1AE"}},{"type":"Feature","geometry":{"type":"Point","coordinates":[-70.787041,42.913258]},"properties":{"objtype":"SOUNDG","valsou":11.8,"chart":"US5NH1AE"}},{"type":"Feature","geometry":{"type":"Point","coordinates":[-70.785765,42.910463]},"properties":{"objtype":"SOUNDG","valsou":14.3,"chart":"US5NH1AE"}},{"type":"Feature","geometry":{"type":"Point","coordinates":[-70.783537,42.904684]},"properties":{"objtype":"SOUNDG","valsou":7.9,"chart":"US5NH1AE"}},{"type":"Feature","geometry":{"type":"Point","coordinates":[-70.784615,42.917883]},"properties":{"objtype":"SOUNDG","valsou":10.9,"chart":"US5NH1AE"}},{"type":"Feature","geometry":{"type":"Point","coordinates":[-70.783926,42.91505]},"properties":{"objtype":"SOUNDG","valsou":13.7,"chart":"US5NH1AE"}},{"type":"Feature","geometry":{"type":"Point","coordinates":[-70.794816,42.928414]},"properties":{"objtype":"SOUNDG","valsou":3.0,"chart":"US5NH1AE"}},{"type":"Feature","geometry":{"type":"Point","coordinates":[-70.793886,42.931814]},"properties":{"objtype":"SOUNDG","valsou":2.7,"chart":"US5NH1AE"}},{"type":"Feature","geometry":{"type":"Point","coordinates":[-70.79163,42.935163]},"properties":{"objtype":"SOUNDG","valsou":4.5,"chart":"US5NH1AE"}},{"type":"Feature","geometry":{"type":"Point","coordinates":[-70.79111,42.929084]},"properties":{"objtype":"SOUNDG","valsou":5.7,"chart":"US5NH1AE"}},{"type":"Feature","geometry":{"type":"Point","coordinates":[-70.790997,42.923467]},"properties":{"objtype":"SOUNDG","valsou":0.9,"chart":"US5NH1AE"}},{"type":"Feature","geometry":{"type":"Point","coordinates":[-70.790275,42.927332]},"properties":{"objtype":"SOUNDG","valsou":6.7,"chart":"US5NH1AE"}},{"type":"Feature","geometry":{"type":"Point","coordinates":[-70.790158,42.933421]},"properties":{"objtype":"SOUNDG","valsou":5.7,"chart":"US5NH1AE"}},{"type":"Feature","geometry":{"type":"Point","coordinates":[-70.789487,42.923815]},"properties":{"objtype":"SOUNDG","valsou":2.7,"chart":"US5NH1AE"}},{"type":"Feature","geometry":{"type":"Point","coordinates":[-70.789445,42.939268]},"properties":{"objtype":"SOUNDG","valsou":1.8,"chart":"US5NH1AE"}},{"type":"Feature","geometry":{"type":"Point","coordinates":[-70.787874,42.934105]},"properties":{"objtype":"SOUNDG","valsou":6.7,"chart":"US5NH1AE"}},{"type":"Feature","geometry":{"type":"Point","coordinates":[-70.785839,42.929851]},"properties":{"objtype":"SOUNDG","valsou":8.5,"chart":"US5NH1AE"}},{"type":"Feature","geometry":{"type":"Point","coordinates":[-70.785743,42.923153]},"properties":{"objtype":"SOUNDG","valsou":4.2,"chart":"US5NH1AE"}},{"type":"Feature","geometry":{"type":"Point","coordinates":[-70.784009,42.92761]},"properties":{"objtype":"SOUNDG","valsou":7.6,"chart":"US5NH1AE"}},{"type":"Feature","geometry":{"type":"Point","coordinates":[-70.785067,42.933681]},"properties":{"objtype":"SOUNDG","valsou":8.5,"chart":"US5NH1AE"}},{"type":"Feature","geometry":{"type":"Point","coordinates":[-70.782844,42.924603]},"properties":{"objtype":"SOUNDG","valsou":12.8,"chart":"US5NH1AE"}},{"type":"Feature","geometry":{"type":"Point","coordinates":[-70.782444,42.946401]},"properties":{"objtype":"SOUNDG","valsou":1.2,"chart":"US5NH1AE"}},{"type":"Feature","geometry":{"type":"Point","coordinates":[-70.781782,42.940468]},"properties":{"objtype":"SOUNDG","valsou":4.8,"chart":"US5NH1AE"}},{"type":"Feature","geometry":{"type":"Point","coordinates":[-70.781763,42.927897]},"properties":{"objtype":"SOUNDG","valsou":10.6,"chart":"US5NH1AE"}},{"type":"Feature","geometry":{"type":"Point","coordinates":[-70.78028,42.930874]},"properties":{"objtype":"SOUNDG","valsou":7.6,"chart":"US5NH1AE"}},{"type":"Feature","geometry":{"type":"Point","coordinates":[-70.780216,42.923527]},"properties":{"objtype":"SOUNDG","valsou":14.9,"chart":"US5NH1AE"}},{"type":"Feature","geometry":{"type":"Point","coordinates":[-70.779284,42.942236]},"properties":{"objtype":"SOUNDG","valsou":7.0,"chart":"US5NH1AE"}},{"type":"Feature","geometry":{"type":"Point","coordinates":[-70.777966,42.932207]},"properties":{"objtype":"SOUNDG","valsou":11.2,"chart":"US5NH1AE"}},{"type":"Feature","geometry":{"type":"Point","coordinates":[-70.779456,42.920981]},"properties":{"objtype":"SOUNDG","valsou":16.4,"chart":"US5NH1AE"}},{"type":"Feature","geometry":{"type":"Point","coordinates":[-70.779206,42.951458]},"properties":{"objtype":"SOUNDG","valsou":0.9,"chart":"US5NH1AE"}},{"type":"Feature","geometry":{"type":"Point","coordinates":[-70.778764,42.936084]},"properties":{"objtype":"SOUNDG","valsou":12.8,"chart":"US5NH1AE"}},{"type":"Feature","geometry":{"type":"Point","coordinates":[-70.776552,42.946132]},"properties":{"objtype":"SOUNDG","valsou":10.6,"chart":"US5NH1AE"}},{"type":"Feature","geometry":{"type":"Point","coordinates":[-70.777326,42.921879]},"properties":{"objtype":"SOUNDG","valsou":17.6,"chart":"US5NH1AE"}},{"type":"Feature","geometry":{"type":"Point","coordinates":[-70.776404,42.951213]},"properties":{"objtype":"SOUNDG","valsou":4.5,"chart":"US5NH1AE"}},{"type":"Feature","geometry":{"type":"Point","coordinates":[-70.776954,42.924298]},"properties":{"objtype":"SOUNDG","valsou":15.5,"chart":"US5NH1AE"}},{"type":"Feature","geometry":{"type":"Point","coordinates":[-70.776158,42.9273]},"properties":{"objtype":"SOUNDG","valsou":11.8,"chart":"US5NH1AE"}},{"type":"Feature","geometry":{"type":"Point","coordinates":[-70.776119,42.939583]},"properties":{"objtype":"SOUNDG","valsou":11.2,"chart":"US5NH1AE"}},{"type":"Feature","geometry":{"type":"Point","coordinates":[-70.775486,42.948274]},"properties":{"objtype":"SOUNDG","valsou":10.6,"chart":"US5NH1AE"}},{"type":"Feature","geometry":{"type":"Point","coordinates":[-70.775412,42.937145]},"properties":{"objtype":"SOUNDG","valsou":15.5,"chart":"US5NH1AE"}},{"type":"Feature","geometry":{"type":"Point","coordinates":[-70.774575,42.928513]},"properties":{"objtype":"SOUNDG","valsou":14.3,"chart":"US5NH1AE"}},{"type":"Feature","geometry":{"type":"Point","coordinates":[-70.774463,42.922896]},"properties":{"objtype":"SOUNDG","valsou":19.5,"chart":"US5NH1AE"}},{"type":"Feature","geometry":{"type":"Point","coordinates":[-70.774058,42.934392]},"properties":{"objtype":"SOUNDG","valsou":13.7,"chart":"US5NH1AE"}},{"type":"Feature","geometry":{"type":"Point","coordinates":[-70.773837,42.955719]},"properties":{"objtype":"SOUNDG","valsou":1.2,"chart":"US5NH1AE"}},{"type":"Feature","geometry":{"type":"Point","coordinates":[-70.773153,42.95238]},"properties":{"objtype":"SOUNDG","valsou":7.0,"chart":"US5NH1AE"}},{"type":"Feature","geometry":{"type":"Point","coordinates":[-70.771553,42.941059]},"properties":{"objtype":"SOUNDG","valsou":9.7,"chart":"US5NH1AE"}},{"type":"Feature","geometry":{"type":"Point","coordinates":[-70.773118,42.946041]},"properties":{"objtype":"SOUNDG","valsou":13.1,"chart":"US5NH1AE"}},{"type":"Feature","geometry":{"type":"Point","coordinates":[-70.772653,42.926418]},"properties":{"objtype":"SOUNDG","valsou":15.5,"chart":"US5NH1AE"}},{"type":"Feature","geometry":{"type":"Point","coordinates":[-70.771865,42.958776]},"properties":{"objtype":"SOUNDG","valsou":1.2,"chart":"US5NH1AE"}},{"type":"Feature","geometry":{"type":"Point","coordinates":[-70.771359,42.947978]},"properties":{"objtype":"SOUNDG","valsou":13.4,"chart":"US5NH1AE"}},{"type":"Feature","geometry":{"type":"Point","coordinates":[-70.770174,42.954515]},"properties":{"objtype":"SOUNDG","valsou":3.3,"chart":"US5NH1AE"}},{"type":"Feature","geometry":{"type":"Point","coordinates":[-70.77113,42.938292]},"properties":{"objtype":"SOUNDG","valsou":12.8,"chart":"US5NH1AE"}},{"type":"Feature","geometry":{"type":"Point","coordinates":[-70.771103,42.932205]},"properties":{"objtype":"SOUNDG","valsou":18.8,"chart":"US5NH1AE"}},{"type":"Feature","geometry":{"type":"Point","coordinates":[-70.768783,42.952196]},"properties":{"objtype":"SOUNDG","valsou":7.9,"chart":"US5NH1AE"}},{"type":"Feature","geometry":{"type":"Point","coordinates":[-70.769914,42.966199]},"properties":{"objtype":"SOUNDG","valsou":0.9,"chart":"US5NH1AE"}},{"type":"Feature","geometry":{"type":"Point","coordinates":[-70.77039,42.944967]},"properties":{"objtype":"SOUNDG","valsou":13.1,"chart":"US5NH1AE"}},{"type":"Feature","geometry":{"type":"Point","coordinates":[-70.770212,42.928473]},"properties":{"objtype":"SOUNDG","valsou":17.6,"chart":"US5NH1AE"}},{"type":"Feature","geometry":{"type":"Point","coordinates":[-70.769554,42.934606]},"properties":{"objtype":"SOUNDG","valsou":18.8,"chart":"US5NH1AE"}},{"type":"Feature","geometry":{"type":"Point","coordinates":[-70.769306,42.961877]},"properties":{"objtype":"SOUNDG","valsou":3.0,"chart":"US5NH1AE"}},{"type":"Feature","geometry":{"type":"Point","coordinates":[-70.769133,42.967823]},"properties":{"objtype":"SOUNDG","valsou":0.9,"chart":"US5NH1AE"}},{"type":"Feature","geometry":{"type":"Point","coordinates":[-70.768351,42.928538]},"properties":{"objtype":"SOUNDG","valsou":20.1,"chart":"US5NH1AE"}},{"type":"Feature","geometry":{"type":"Point","coordinates":[-70.768302,42.937111]},"properties":{"objtype":"SOUNDG","valsou":17.6,"chart":"US5NH1AE"}},{"type":"Feature","geometry":{"type":"Point","coordinates":[-70.767822,42.954588]},"properties":{"objtype":"SOUNDG","valsou":3.3,"chart":"US5NH1AE"}},{"type":"Feature","geometry":{"type":"Point","coordinates":[-70.766936,42.961337]},"properties":{"objtype":"SOUNDG","valsou":5.1,"chart":"US5NH1AE"}},{"type":"Feature","geometry":{"type":"Point","coordinates":[-70.766923,42.942031]},"properties":{"objtype":"SOUNDG","valsou":14.9,"chart":"US5NH1AE"}},{"type":"Feature","geometry":{"type":"Point","coordinates":[-70.765421,42.954661]},"properties":{"objtype":"SOUNDG","valsou":5.1,"chart":"US5NH1AE"}},{"type":"Feature","geometry":{"type":"Point","coordinates":[-70.762873,42.972562]},"properties":{"objtype":"SOUNDG","valsou":0.3,"chart":"US5NH1AE"}},{"type":"Feature","geometry":{"type":"Point","coordinates":[-70.765272,42.966586]},"properties":{"objtype":"SOUNDG","valsou":8.2,"chart":"US5NH1AE"}},{"type":"Feature","geometry":{"type":"Point","coordinates":[-70.765224,42.947748]},"properties":{"objtype":"SOUNDG","valsou":13.7,"chart":"US5NH1AE"}},{"type":"Feature","geometry":{"type":"Point","coordinates":[-70.764465,42.962384]},"properties":{"objtype":"SOUNDG","valsou":6.7,"chart":"US5NH1AE"}},{"type":"Feature","geometry":{"type":"Point","coordinates":[-70.76412,42.940021]},"properties":{"objtype":"SOUNDG","valsou":21.3,"chart":"US5NH1AE"}},{"type":"Feature","geometry":{"type":"Point","coordinates":[-70.763916,42.934585]},"properties":{"objtype":"SOUNDG","valsou":21.9,"chart":"US5NH1AE"}},{"type":"Feature","geometry":{"type":"Point","coordinates":[-70.76377,42.950076]},"properties":{"objtype":"SOUNDG","valsou":13.1,"chart":"US5NH1AE"}},{"type":"Feature","geometry":{"type":"Point","coordinates":[-70.762686,42.942997]},"properties":{"objtype":"SOUNDG","valsou":20.7,"chart":"US5NH1AE"}},{"type":"Feature","geometry":{"type":"Point","coordinates":[-70.762297,42.955141]},"properties":{"objtype":"SOUNDG","valsou":7.3,"chart":"US5NH1AE"}},{"type":"Feature","geometry":{"type":"Point","coordinates":[-70.760999,42.956062]},"properties":{"objtype":"SOUNDG","valsou":6.0,"chart":"US5NH1AE"}},{"type":"Feature","geometry":{"type":"Point","coordinates":[-70.761682,42.969703]},"properties":{"objtype":"SOUNDG","valsou":0.9,"chart":"US5NH1AE"}},{"type":"Feature","geometry":{"type":"Point","coordinates":[-70.76078,42.960423]},"properties":{"objtype":"SOUNDG","valsou":13.4,"chart":"US5NH1AE"}},{"type":"Feature","geometry":{"type":"Point","coordinates":[-70.760406,42.96277]},"properties":{"objtype":"SOUNDG","valsou":13.1,"chart":"US5NH1AE"}},{"type":"Feature","geometry":{"type":"Point","coordinates":[-70.7602,42.946961]},"properties":{"objtype":"SOUNDG","valsou":20.1,"chart":"US5NH1AE"}},{"type":"Feature","geometry":{"type":"Point","coordinates":[-70.759611,42.943512]},"properties":{"objtype":"SOUNDG","valsou":20.1,"chart":"US5NH1AE"}},{"type":"Feature","geometry":{"type":"Point","coordinates":[-70.759003,42.968627]},"properties":{"objtype":"SOUNDG","valsou":1.2,"chart":"US5NH1AE"}},{"type":"Feature","geometry":{"type":"Point","coordinates":[-70.758845,42.964812]},"properties":{"objtype":"SOUNDG","valsou":12.4,"chart":"US5NH1AE"}},{"type":"Feature","geometry":{"type":"Point","coordinates":[-70.758318,42.949728]},"properties":{"objtype":"SOUNDG","valsou":18.2,"chart":"US5NH1AE"}},{"type":"Feature","geometry":{"type":"Point","coordinates":[-70.758186,42.95715]},"properties":{"objtype":"SOUNDG","valsou":15.2,"chart":"US5NH1AE"}},{"type":"Feature","geometry":{"type":"Point","coordinates":[-70.757711,42.962884]},"properties":{"objtype":"SOUNDG","valsou":14.6,"chart":"US5NH1AE"}},{"type":"Feature","geometry":{"type":"Point","coordinates":[-70.757033,42.947658]},"properties":{"objtype":"SOUNDG","valsou":21.6,"chart":"US5NH1AE"}},{"type":"Feature","geometry":{"type":"Point","coordinates":[-70.758144,42.971502]},"properties":{"objtype":"SOUNDG","valsou":0.6,"chart":"US5NH1AE"}},{"type":"Feature","geometry":{"type":"Point","coordinates":[-70.754345,42.965241]},"properties":{"objtype":"SOUNDG","valsou":9.7,"chart":"US5NH1AE"}},{"type":"Feature","geometry":{"type":"Point","coordinates":[-70.75648,42.954078]},"properties":{"objtype":"SOUNDG","valsou":15.5,"chart":"US5NH1AE"}},{"type":"Feature","geometry":{"type":"Point","coordinates":[-70.756161,42.95149]},"properties":{"objtype":"SOUNDG","valsou":18.8,"chart":"US5NH1AE"}},{"type":"Feature","geometry":{"type":"Point","coordinates":[-70.7548,42.960515]},"properties":{"objtype":"SOUNDG","valsou":14.0,"chart":"US5NH1AE"}},{"type":"Feature","geometry":{"type":"Point","coordinates":[-70.755484,42.969077]},"properties":{"objtype":"SOUNDG","valsou":7.3,"chart":"US5NH1AE"}},{"type":"Feature","geometry":{"type":"Point","coordinates":[-70.753933,42.957647]},"properties":{"objtype":"SOUNDG","valsou":14.6,"chart":"US5NH1AE"}},{"type":"Feature","geometry":{"type":"Point","coordinates":[-70.753264,42.966878]},"properties":{"objtype":"SOUNDG","valsou":8.8,"chart":"US5NH1AE"}},{"type":"Feature","geometry":{"type":"Point","coordinates":[-70.752975,42.970521]},"properties":{"objtype":"SOUNDG","valsou":8.2,"chart":"US5NH1AE"}},{"type":"Feature","geometry":{"type":"Point","coordinates":[-70.752322,42.96999]},"properties":{"objtype":"SOUNDG","valsou":7.9,"chart":"US5NH1AE"}},{"type":"Feature","geometry":{"type":"Point","coordinates":[-70.752065,42.960917]},"properties":{"objtype":"SOUNDG","valsou":17.9,"chart":"US5NH1AE"}},{"type":"Feature","geometry":{"type":"Point","coordinates":[-70.750579,42.963858]},"properties":{"objtype":"SOUNDG","valsou":13.1,"chart":"US5NH1AE"}},{"type":"Feature","geometry":{"type":"Point","coordinates":[-70.749524,42.966431]},"properties":{"objtype":"SOUNDG","valsou":10.0,"chart":"US5NH1AE"}},{"type":"Feature","geometry":{"type":"Point","coordinates":[-70.748606,42.963492]},"properties":{"objtype":"SOUNDG","valsou":10.9,"chart":"US5NH1AE"}},{"type":"Feature","geometry":{"type":"Point","coordinates":[-70.746465,42.969486]},"properties":{"objtype":"SOUNDG","valsou":11.5,"chart":"US5NH1AE"}},{"type":"Feature","geometry":{"type":"Point","coordinates":[-70.796442,42.922498]},"properties":{"objtype":"SOUNDG","valsou":1.2,"chart":"US5NH1AE"}},{"type":"Feature","geometry":{"type":"Point","coordinates":[-70.796127,42.930561]},"properties":{"objtype":"SOUNDG","valsou":0.3,"chart":"US5NH1AE"}},{"type":"Feature","geometry":{"type":"Point","coordinates":[-70.789678,42.941788]},"properties":{"objtype":"SOUNDG","valsou":0.9,"chart":"US5NH1AE"}},{"type":"Feature","geometry":{"type":"Point","coordinates":[-70.774739,42.913153]},"properties":{"objtype":"SOUNDG","valsou":23.4,"chart":"US5NH1AE"}},{"type":"Feature","geometry":{"type":"Point","coordinates":[-70.771127,42.916564]},"properties":{"objtype":"SOUNDG","valsou":16.7,"chart":"US5NH1AE"}},{"type":"Feature","geometry":{"type":"Point","coordinates":[-70.765221,42.920102]},"properties":{"objtype":"SOUNDG","valsou":23.1,"chart":"US5NH1AE"}},{"type":"Feature","geometry":{"type":"Point","coordinates":[-70.762325,42.926642]},"properties":{"objtype":"SOUNDG","valsou":23.7,"chart":"US5NH1AE"}},{"type":"Feature","geometry":{"type":"Point","coordinates":[-70.757276,42.922639]},"properties":{"objtype":"SOUNDG","valsou":26.2,"chart":"US5NH1AE"}},{"type":"Feature","geometry":{"type":"Point","coordinates":[-70.75693,42.931438]},"properties":{"objtype":"SOUNDG","valsou":24.6,"chart":"US5NH1AE"}},{"type":"Feature","geometry":{"type":"Point","coordinates":[-70.752997,42.922735]},"properties":{"objtype":"SOUNDG","valsou":27.7,"chart":"US5NH1AE"}},{"type":"Feature","geometry":{"type":"Point","coordinates":[-70.751709,42.914932]},"properties":{"objtype":"SOUNDG","valsou":29.5,"chart":"US5NH1AE"}},{"type":"Feature","geometry":{"type":"Point","coordinates":[-70.751441,42.930644]},"properties":{"objtype":"SOUNDG","valsou":27.1,"chart":"US5NH1AE"}},{"type":"Feature","geometry":{"type":"Point","coordinates":[-70.747869,42.940549]},"properties":{"objtype":"SOUNDG","valsou":26.5,"chart":"US5NH1AE"}},{"type":"Feature","geometry":{"type":"Point","coordinates":[-70.746435,42.914233]},"properties":{"objtype":"SOUNDG","valsou":32.0,"chart":"US5NH1AE"}},{"type":"Feature","geometry":{"type":"Point","coordinates":[-70.746327,42.953161]},"properties":{"objtype":"SOUNDG","valsou":24.6,"chart":"US5NH1AE"}},{"type":"Feature","geometry":{"type":"Point","coordinates":[-70.74449,42.957791]},"properties":{"objtype":"SOUNDG","valsou":16.4,"chart":"US5NH1AE"}},{"type":"Feature","geometry":{"type":"Point","coordinates":[-70.744418,42.94256]},"properties":{"objtype":"SOUNDG","valsou":28.3,"chart":"US5NH1AE"}},{"type":"Feature","geometry":{"type":"Point","coordinates":[-70.743444,42.925911]},"properties":{"objtype":"SOUNDG","valsou":29.8,"chart":"US5NH1AE"}},{"type":"Feature","geometry":{"type":"Point","coordinates":[-70.743228,42.921337]},"properties":{"objtype":"SOUNDG","valsou":32.0,"chart":"US5NH1AE"}},{"type":"Feature","geometry":{"type":"Point","coordinates":[-70.741637,42.913185]},"properties":{"objtype":"SOUNDG","valsou":28.9,"chart":"US5NH1AE"}},{"type":"Feature","geometry":{"type":"Point","coordinates":[-70.740031,42.954669]},"properties":{"objtype":"SOUNDG","valsou":26.8,"chart":"US5NH1AE"}},{"type":"Feature","geometry":{"type":"Point","coordinates":[-70.735707,42.910452]},"properties":{"objtype":"SOUNDG","valsou":34.4,"chart":"US5NH1AE"}},{"type":"Feature","geometry":{"type":"Point","coordinates":[-70.735341,42.949308]},"properties":{"objtype":"SOUNDG","valsou":31.0,"chart":"US5NH1AE"}},{"type":"Feature","geometry":{"type":"Point","coordinates":[-70.732016,42.931502]},"properties":{"objtype":"SOUNDG","valsou":34.7,"chart":"US5NH1AE"}},{"type":"Feature","geometry":{"type":"Point","coordinates":[-70.731162,42.941475]},"properties":{"objtype":"SOUNDG","valsou":32.0,"chart":"US5NH1AE"}},{"type":"Feature","geometry":{"type":"Point","coordinates":[-70.731151,42.922004]},"properties":{"objtype":"SOUNDG","valsou":28.9,"chart":"US5NH1AE"}},{"type":"Feature","geometry":{"type":"Point","coordinates":[-70.730529,42.900233]},"properties":{"objtype":"SOUNDG","valsou":29.5,"chart":"US5NH1AE"}},{"type":"Feature","geometry":{"type":"Point","coordinates":[-70.756998,42.973587]},"properties":{"objtype":"SOUNDG","valsou":4.2,"chart":"US5NH1AE"}},{"type":"Feature","geometry":{"type":"Point","coordinates":[-70.752702,42.974516]},"properties":{"objtype":"SOUNDG","valsou":9.1,"chart":"US5NH1AE"}},{"type":"Feature","geometry":{"type":"Point","coordinates":[-70.741698,42.966609]},"properties":{"objtype":"SOUNDG","valsou":15.8,"chart":"US5NH1AE"}},{"type":"Feature","geometry":{"type":"Point","coordinates":[-70.738972,42.969329]},"properties":{"objtype":"SOUNDG","valsou":11.5,"chart":"US5NH1AE"}},{"type":"Feature","geometry":{"type":"Point","coordinates":[-70.73606,42.964505]},"properties":{"objtype":"SOUNDG","valsou":20.1,"chart":"US5NH1AE"}},{"type":"Feature","geometry":{"type":"Point","coordinates":[-70.75492,42.976394]},"properties":{"objtype":"SOUNDG","valsou":4.2,"chart":"US5PSMBC"}},{"type":"Feature","geometry":{"type":"Point","coordinates":[-70.749252,42.97092]},"properties":{"objtype":"SOUNDG","valsou":7.9,"chart":"US5NH1AE"}},{"type":"Feature","geometry":{"type":"Point","coordinates":[-70.748356,42.975652]},"properties":{"objtype":"SOUNDG","valsou":13.4,"chart":"US5PSMBC"}},{"type":"Feature","geometry":{"type":"Point","coordinates":[-70.746813,42.971389]},"properties":{"objtype":"SOUNDG","valsou":9.1,"chart":"US5NH1AE"}},{"type":"Feature","geometry":{"type":"Point","coordinates":[-70.746965,42.966344]},"properties":{"objtype":"SOUNDG","valsou":11.2,"chart":"US5NH1AE"}},{"type":"Feature","geometry":{"type":"Point","coordinates":[-70.746122,42.974714]},"properties":{"objtype":"SOUNDG","valsou":14.0,"chart":"US5NH1AE"}},{"type":"Feature","geometry":{"type":"Point","coordinates":[-70.741675,42.970612]},"properties":{"objtype":"SOUNDG","valsou":9.7,"chart":"US5NH1AE"}},{"type":"Feature","geometry":{"type":"Point","coordinates":[-70.740238,42.974767]},"properties":{"objtype":"SOUNDG","valsou":13.1,"chart":"US5NH1AE"}},{"type":"Feature","geometry":{"type":"Point","coordinates":[-70.760566,42.973007]},"properties":{"objtype":"SOUNDG","valsou":0.3,"chart":"US5NH1AE"}},{"type":"Feature","geometry":{"type":"Point","coordinates":[-70.742606,42.963461]},"properties":{"objtype":"SOUNDG","valsou":11.2,"chart":"US5NH1AE"}},{"type":"Feature","geometry":{"type":"Point","coordinates":[-70.740789,42.962349]},"properties":{"objtype":"SOUNDG","valsou":17.9,"chart":"US5NH1AE"}},{"type":"Feature","geometry":{"type":"Point","coordinates":[-70.736713,42.963667]},"properties":{"objtype":"SOUNDG","valsou":17.9,"chart":"US5NH1AE"}},{"type":"Feature","geometry":{"type":"Point","coordinates":[-70.735501,42.971878]},"properties":{"objtype":"SOUNDG","valsou":12.4,"chart":"US5NH1AE"}},{"type":"Feature","geometry":{"type":"Point","coordinates":[-70.735199,42.974854]},"properties":{"objtype":"SOUNDG","valsou":19.2,"chart":"US5NH1AE"}},{"type":"Feature","geometry":{"type":"Point","coordinates":[-70.733941,42.969723]},"properties":{"objtype":"SOUNDG","valsou":15.8,"chart":"US5NH1AE"}},{"type":"Feature","geometry":{"type":"Point","coordinates":[-70.733335,42.966335]},"properties":{"objtype":"SOUNDG","valsou":13.1,"chart":"US5NH1AE"}},{"type":"Feature","geometry":{"type":"Point","coordinates":[-70.732613,42.973349]},"properties":{"objtype":"SOUNDG","valsou":21.3,"chart":"US5NH1AE"}},{"type":"Feature","geometry":{"type":"Point","coordinates":[-70.730679,42.966951]},"properties":{"objtype":"SOUNDG","valsou":22.8,"chart":"US5NH1AE"}},{"type":"Feature","geometry":{"type":"Point","coordinates":[-70.73026,42.970338]},"properties":{"objtype":"SOUNDG","valsou":19.2,"chart":"US5NH1AE"}},{"type":"Feature","geometry":{"type":"Point","coordinates":[-70.730144,42.964026]},"properties":{"objtype":"SOUNDG","valsou":16.7,"chart":"US5NH1AE"}},{"type":"Feature","geometry":{"type":"Point","coordinates":[-70.729888,42.973058]},"properties":{"objtype":"SOUNDG","valsou":23.1,"chart":"US5NH1AE"}},{"type":"Feature","geometry":{"type":"Point","coordinates":[-70.72835,42.962914]},"properties":{"objtype":"SOUNDG","valsou":18.8,"chart":"US5NH1AE"}},{"type":"Feature","geometry":{"type":"Point","coordinates":[-70.728001,42.965702]},"properties":{"objtype":"SOUNDG","valsou":25.2,"chart":"US5NH1AE"}},{"type":"Feature","geometry":{"type":"Point","coordinates":[-70.727581,42.969415]},"properties":{"objtype":"SOUNDG","valsou":24.3,"chart":"US5NH1AE"}},{"type":"Feature","geometry":{"type":"Point","coordinates":[-70.727535,42.974512]},"properties":{"objtype":"SOUNDG","valsou":23.7,"chart":"US5NH1AE"}},{"type":"Feature","geometry":{"type":"Point","coordinates":[-70.72637,42.971929]},"properties":{"objtype":"SOUNDG","valsou":25.9,"chart":"US5NH1AE"}},{"type":"Feature","geometry":{"type":"Point","coordinates":[-70.725182,42.965138]},"properties":{"objtype":"SOUNDG","valsou":27.7,"chart":"US5NH1AE"}},{"type":"Feature","geometry":{"type":"Point","coordinates":[-70.725112,42.967909]},"properties":{"objtype":"SOUNDG","valsou":26.8,"chart":"US5NH1AE"}},{"type":"Feature","geometry":{"type":"Point","coordinates":[-70.773377,42.919203]},"properties":{"objtype":"SOUNDG","valsou":20.7,"chart":"US5NH1AE"}},{"type":"Feature","geometry":{"type":"Point","coordinates":[-70.770146,42.922747]},"properties":{"objtype":"SOUNDG","valsou":21.3,"chart":"US5NH1AE"}},{"type":"Feature","geometry":{"type":"Point","coordinates":[-70.781836,42.9026]},"properties":{"objtype":"SOUNDG","valsou":19.5,"chart":"US5NH1AE"}},{"type":"Feature","geometry":{"type":"Point","coordinates":[-70.724414,42.95584]},"properties":{"objtype":"SOUNDG","valsou":31.6,"chart":"US5NH1AF"}},{"type":"Feature","geometry":{"type":"Point","coordinates":[-70.723209,42.952526]},"properties":{"objtype":"SOUNDG","valsou":32.9,"chart":"US5NH1AF"}},{"type":"Feature","geometry":{"type":"Point","coordinates":[-70.721934,42.939596]},"properties":{"objtype":"SOUNDG","valsou":32.0,"chart":"US5NH1AF"}},{"type":"Feature","geometry":{"type":"Point","coordinates":[-70.721466,42.960543]},"properties":{"objtype":"SOUNDG","valsou":27.7,"chart":"US5NH1AF"}},{"type":"Feature","geometry":{"type":"Point","coordinates":[-70.719843,42.910516]},"properties":{"objtype":"SOUNDG","valsou":32.0,"chart":"US5NH1AF"}},{"type":"Feature","geometry":{"type":"Point","coordinates":[-70.717596,42.916044]},"properties":{"objtype":"SOUNDG","valsou":24.9,"chart":"US5NH1AF"}},{"type":"Feature","geometry":{"type":"Point","coordinates":[-70.713749,42.90826]},"properties":{"objtype":"SOUNDG","valsou":38.7,"chart":"US5NH1AF"}},{"type":"Feature","geometry":{"type":"Point","coordinates":[-70.708318,42.947006]},"properties":{"objtype":"SOUNDG","valsou":33.2,"chart":"US5NH1AF"}},{"type":"Feature","geometry":{"type":"Point","coordinates":[-70.697771,42.938088]},"properties":{"objtype":"SOUNDG","valsou":41.7,"chart":"US5NH1AF"}},{"type":"Feature","geometry":{"type":"Point","coordinates":[-70.683759,42.901936]},"properties":{"objtype":"SOUNDG","valsou":51.2,"chart":"US5NH1AF"}},{"type":"Feature","geometry":{"type":"Point","coordinates":[-70.681797,42.909022]},"properties":{"objtype":"SOUNDG","valsou":53.9,"chart":"US5NH1AF"}},{"type":"Feature","geometry":{"type":"Point","coordinates":[-70.677802,42.931442]},"properties":{"objtype":"SOUNDG","valsou":48.1,"chart":"US5NH1AF"}},{"type":"Feature","geometry":{"type":"Point","coordinates":[-70.677595,42.920924]},"properties":{"objtype":"SOUNDG","valsou":51.5,"chart":"US5NH1AF"}},{"type":"Feature","geometry":{"type":"Point","coordinates":[-70.675172,42.940973]},"properties":{"objtype":"SOUNDG","valsou":37.1,"chart":"US5NH1AF"}},{"type":"Feature","geometry":{"type":"Point","coordinates":[-70.672362,42.940126]},"properties":{"objtype":"SOUNDG","valsou":39.0,"chart":"US5NH1AF"}},{"type":"Feature","geometry":{"type":"Point","coordinates":[-70.672287,42.910802]},"properties":{"objtype":"SOUNDG","valsou":53.9,"chart":"US5NH1AF"}},{"type":"Feature","geometry":{"type":"Point","coordinates":[-70.671034,42.907656]},"properties":{"objtype":"SOUNDG","valsou":54.8,"chart":"US5NH1AF"}},{"type":"Feature","geometry":{"type":"Point","coordinates":[-70.670805,42.915199]},"properties":{"objtype":"SOUNDG","valsou":54.8,"chart":"US5NH1AF"}},{"type":"Feature","geometry":{"type":"Point","coordinates":[-70.668388,42.935885]},"properties":{"objtype":"SOUNDG","valsou":48.4,"chart":"US5NH1AF"}},{"type":"Feature","geometry":{"type":"Point","coordinates":[-70.667886,42.92748]},"properties":{"objtype":"SOUNDG","valsou":46.0,"chart":"US5NH1AF"}},{"type":"Feature","geometry":{"type":"Point","coordinates":[-70.666927,42.931089]},"properties":{"objtype":"SOUNDG","valsou":49.9,"chart":"US5NH1AF"}},{"type":"Feature","geometry":{"type":"Point","coordinates":[-70.665446,42.9469]},"properties":{"objtype":"SOUNDG","valsou":44.8,"chart":"US5NH1AF"}},{"type":"Feature","geometry":{"type":"Point","coordinates":[-70.665241,42.922258]},"properties":{"objtype":"SOUNDG","valsou":43.5,"chart":"US5NH1AF"}},{"type":"Feature","geometry":{"type":"Point","coordinates":[-70.664481,42.943301]},"properties":{"objtype":"SOUNDG","valsou":42.0,"chart":"US5NH1AF"}},{"type":"Feature","geometry":{"type":"Point","coordinates":[-70.662572,42.93904]},"properties":{"objtype":"SOUNDG","valsou":48.7,"chart":"US5NH1AF"}},{"type":"Feature","geometry":{"type":"Point","coordinates":[-70.659838,42.919558]},"properties":{"objtype":"SOUNDG","valsou":54.5,"chart":"US5NH1AF"}},{"type":"Feature","geometry":{"type":"Point","coordinates":[-70.659495,42.958161]},"properties":{"objtype":"SOUNDG","valsou":39.6,"chart":"US5NH1AF"}},{"type":"Feature","geometry":{"type":"Point","coordinates":[-70.659006,42.947773]},"properties":{"objtype":"SOUNDG","valsou":45.4,"chart":"US5NH1AF"}},{"type":"Feature","geometry":{"type":"Point","coordinates":[-70.658775,42.955145]},"properties":{"objtype":"SOUNDG","valsou":34.1,"chart":"US5NH1AF"}},{"type":"Feature","geometry":{"type":"Point","coordinates":[-70.655785,42.951891]},"properties":{"objtype":"SOUNDG","valsou":43.5,"chart":"US5NH1AF"}},{"type":"Feature","geometry":{"type":"Point","coordinates":[-70.653386,42.93994]},"properties":{"objtype":"SOUNDG","valsou":44.5,"chart":"US5NH1AF"}},{"type":"Feature","geometry":{"type":"Point","coordinates":[-70.653138,42.930168]},"properties":{"objtype":"SOUNDG","valsou":36.2,"chart":"US5NH1AF"}},{"type":"Feature","geometry":{"type":"Point","coordinates":[-70.65147,42.953293]},"properties":{"objtype":"SOUNDG","valsou":34.1,"chart":"US5NH1AF"}},{"type":"Feature","geometry":{"type":"Point","coordinates":[-70.650847,42.919907]},"properties":{"objtype":"SOUNDG","valsou":44.8,"chart":"US5NH1AF"}},{"type":"Feature","geometry":{"type":"Point","coordinates":[-70.650361,42.948197]},"properties":{"objtype":"SOUNDG","valsou":46.0,"chart":"US5NH1AF"}},{"type":"Feature","geometry":{"type":"Point","coordinates":[-70.724879,42.962349]},"properties":{"objtype":"SOUNDG","valsou":23.1,"chart":"US5NH1AF"}},{"type":"Feature","geometry":{"type":"Point","coordinates":[-70.72269,42.964419]},"properties":{"objtype":"SOUNDG","valsou":27.1,"chart":"US5NH1AF"}},{"type":"Feature","geometry":{"type":"Point","coordinates":[-70.722363,42.973828]},"properties":{"objtype":"SOUNDG","valsou":25.2,"chart":"US5NH1AF"}},{"type":"Feature","geometry":{"type":"Point","coordinates":[-70.721548,42.966301]},"properties":{"objtype":"SOUNDG","valsou":26.5,"chart":"US5NH1AF"}},{"type":"Feature","geometry":{"type":"Point","coordinates":[-70.719848,42.968491]},"properties":{"objtype":"SOUNDG","valsou":28.6,"chart":"US5NH1AF"}},{"type":"Feature","geometry":{"type":"Point","coordinates":[-70.718799,42.965943]},"properties":{"objtype":"SOUNDG","valsou":28.3,"chart":"US5NH1AF"}},{"type":"Feature","geometry":{"type":"Point","coordinates":[-70.716144,42.968166]},"properties":{"objtype":"SOUNDG","valsou":29.8,"chart":"US5NH1AF"}},{"type":"Feature","geometry":{"type":"Point","coordinates":[-70.716027,42.965394]},"properties":{"objtype":"SOUNDG","valsou":31.6,"chart":"US5NH1AF"}},{"type":"Feature","geometry":{"type":"Point","coordinates":[-70.715841,42.972374]},"properties":{"objtype":"SOUNDG","valsou":21.0,"chart":"US5NH1AF"}},{"type":"Feature","geometry":{"type":"Point","coordinates":[-70.715724,42.962845]},"properties":{"objtype":"SOUNDG","valsou":32.0,"chart":"US5NH1AF"}},{"type":"Feature","geometry":{"type":"Point","coordinates":[-70.713465,42.967191]},"properties":{"objtype":"SOUNDG","valsou":30.1,"chart":"US5NH1AF"}},{"type":"Feature","geometry":{"type":"Point","coordinates":[-70.713116,42.97222]},"properties":{"objtype":"SOUNDG","valsou":25.2,"chart":"US5NH1AF"}},{"type":"Feature","geometry":{"type":"Point","coordinates":[-70.712883,42.962572]},"properties":{"objtype":"SOUNDG","valsou":32.6,"chart":"US5NH1AF"}},{"type":"Feature","geometry":{"type":"Point","coordinates":[-70.710833,42.97364]},"properties":{"objtype":"SOUNDG","valsou":24.0,"chart":"US5NH1AF"}},{"type":"Feature","geometry":{"type":"Point","coordinates":[-70.708573,42.967276]},"properties":{"objtype":"SOUNDG","valsou":28.0,"chart":"US5NH1AF"}},{"type":"Feature","geometry":{"type":"Point","coordinates":[-70.710087,42.963581]},"properties":{"objtype":"SOUNDG","valsou":34.7,"chart":"US5NH1AF"}},{"type":"Feature","geometry":{"type":"Point","coordinates":[-70.708294,42.972545]},"properties":{"objtype":"SOUNDG","valsou":26.8,"chart":"US5NH1AF"}},{"type":"Feature","geometry":{"type":"Point","coordinates":[-70.707105,42.965617]},"properties":{"objtype":"SOUNDG","valsou":29.8,"chart":"US5NH1AF"}},{"type":"Feature","geometry":{"type":"Point","coordinates":[-70.706174,42.969261]},"properties":{"objtype":"SOUNDG","valsou":30.1,"chart":"US5NH1AF"}},{"type":"Feature","geometry":{"type":"Point","coordinates":[-70.706011,42.974016]},"properties":{"objtype":"SOUNDG","valsou":24.9,"chart":"US5NH1AF"}},{"type":"Feature","geometry":{"type":"Point","coordinates":[-70.703937,42.967995]},"properties":{"objtype":"SOUNDG","valsou":35.6,"chart":"US5NH1AF"}},{"type":"Feature","geometry":{"type":"Point","coordinates":[-70.703588,42.971861]},"properties":{"objtype":"SOUNDG","valsou":25.6,"chart":"US5NH1AF"}},{"type":"Feature","geometry":{"type":"Point","coordinates":[-70.703332,42.974769]},"properties":{"objtype":"SOUNDG","valsou":29.5,"chart":"US5NH1AF"}},{"type":"Feature","geometry":{"type":"Point","coordinates":[-70.70261,42.963085]},"properties":{"objtype":"SOUNDG","valsou":33.5,"chart":"US5NH1AF"}},{"type":"Feature","geometry":{"type":"Point","coordinates":[-70.701072,42.972938]},"properties":{"objtype":"SOUNDG","valsou":31.6,"chart":"US5NH1AF"}},{"type":"Feature","geometry":{"type":"Point","coordinates":[-70.701026,42.970219]},"properties":{"objtype":"SOUNDG","valsou":25.2,"chart":"US5NH1AF"}},{"type":"Feature","geometry":{"type":"Point","coordinates":[-70.699162,42.963427]},"properties":{"objtype":"SOUNDG","valsou":36.2,"chart":"US5NH1AF"}},{"type":"Feature","geometry":{"type":"Point","coordinates":[-70.69844,42.965856]},"properties":{"objtype":"SOUNDG","valsou":35.0,"chart":"US5NH1AF"}},{"type":"Feature","geometry":{"type":"Point","coordinates":[-70.698277,42.973229]},"properties":{"objtype":"SOUNDG","valsou":32.9,"chart":"US5NH1AF"}},{"type":"Feature","geometry":{"type":"Point","coordinates":[-70.698207,42.968713]},"properties":{"objtype":"SOUNDG","valsou":25.2,"chart":"US5NH1AF"}},{"type":"Feature","geometry":{"type":"Point","coordinates":[-70.69632,42.964248]},"properties":{"objtype":"SOUNDG","valsou":35.6,"chart":"US5NH1AF"}},{"type":"Feature","geometry":{"type":"Point","coordinates":[-70.692943,42.964522]},"properties":{"objtype":"SOUNDG","valsou":23.4,"chart":"US5NH1AF"}},{"type":"Feature","geometry":{"type":"Point","coordinates":[-70.692547,42.974067]},"properties":{"objtype":"SOUNDG","valsou":30.1,"chart":"US5NH1AF"}},{"type":"Feature","geometry":{"type":"Point","coordinates":[-70.692127,42.968337]},"properties":{"objtype":"SOUNDG","valsou":33.5,"chart":"US5NH1AF"}},{"type":"Feature","geometry":{"type":"Point","coordinates":[-70.690217,42.965189]},"properties":{"objtype":"SOUNDG","valsou":32.3,"chart":"US5NH1AF"}},{"type":"Feature","geometry":{"type":"Point","coordinates":[-70.689937,42.962383]},"properties":{"objtype":"SOUNDG","valsou":24.9,"chart":"US5NH1AF"}},{"type":"Feature","geometry":{"type":"Point","coordinates":[-70.689309,42.972545]},"properties":{"objtype":"SOUNDG","valsou":31.6,"chart":"US5NH1AF"}},{"type":"Feature","geometry":{"type":"Point","coordinates":[-70.689122,42.968525]},"properties":{"objtype":"SOUNDG","valsou":33.5,"chart":"US5NH1AF"}},{"type":"Feature","geometry":{"type":"Point","coordinates":[-70.687329,42.966489]},"properties":{"objtype":"SOUNDG","valsou":34.1,"chart":"US5NH1AF"}},{"type":"Feature","geometry":{"type":"Point","coordinates":[-70.685931,42.972648]},"properties":{"objtype":"SOUNDG","valsou":33.2,"chart":"US5NH1AF"}},{"type":"Feature","geometry":{"type":"Point","coordinates":[-70.685791,42.969945]},"properties":{"objtype":"SOUNDG","valsou":33.2,"chart":"US5NH1AF"}},{"type":"Feature","geometry":{"type":"Point","coordinates":[-70.681761,42.97405]},"properties":{"objtype":"SOUNDG","valsou":28.9,"chart":"US5NH1AF"}},{"type":"Feature","geometry":{"type":"Point","coordinates":[-70.683881,42.967516]},"properties":{"objtype":"SOUNDG","valsou":31.0,"chart":"US5NH1AF"}},{"type":"Feature","geometry":{"type":"Point","coordinates":[-70.682693,42.963667]},"properties":{"objtype":"SOUNDG","valsou":33.8,"chart":"US5NH1AF"}},{"type":"Feature","geometry":{"type":"Point","coordinates":[-70.681016,42.966866]},"properties":{"objtype":"SOUNDG","valsou":34.1,"chart":"US5NH1AF"}},{"type":"Feature","geometry":{"type":"Point","coordinates":[-70.679991,42.96317]},"properties":{"objtype":"SOUNDG","valsou":36.2,"chart":"US5NH1AF"}},{"type":"Feature","geometry":{"type":"Point","coordinates":[-70.677755,42.968371]},"properties":{"objtype":"SOUNDG","valsou":31.0,"chart":"US5NH1AF"}},{"type":"Feature","geometry":{"type":"Point","coordinates":[-70.677312,42.974683]},"properties":{"objtype":"SOUNDG","valsou":35.0,"chart":"US5NH1AF"}},{"type":"Feature","geometry":{"type":"Point","coordinates":[-70.672746,42.970663]},"properties":{"objtype":"SOUNDG","valsou":36.2,"chart":"US5NH1AF"}},{"type":"Feature","geometry":{"type":"Point","coordinates":[-70.674889,42.965702]},"properties":{"objtype":"SOUNDG","valsou":38.1,"chart":"US5NH1AF"}},{"type":"Feature","geometry":{"type":"Point","coordinates":[-70.674377,42.969517]},"properties":{"objtype":"SOUNDG","valsou":35.0,"chart":"US5NH1AF"}},{"type":"Feature","geometry":{"type":"Point","coordinates":[-70.673771,42.974563]},"properties":{"objtype":"SOUNDG","valsou":34.7,"chart":"US5NH1AF"}},{"type":"Feature","geometry":{"type":"Point","coordinates":[-70.672141,42.972374]},"properties":{"objtype":"SOUNDG","valsou":34.1,"chart":"US5NH1AF"}},{"type":"Feature","geometry":{"type":"Point","coordinates":[-70.672024,42.967413]},"properties":{"objtype":"SOUNDG","valsou":36.8,"chart":"US5NH1AF"}},{"type":"Feature","geometry":{"type":"Point","coordinates":[-70.669951,42.967909]},"properties":{"objtype":"SOUNDG","valsou":36.2,"chart":"US5NH1AF"}},{"type":"Feature","geometry":{"type":"Point","coordinates":[-70.669322,42.972254]},"properties":{"objtype":"SOUNDG","valsou":35.3,"chart":"US5NH1AF"}},{"type":"Feature","geometry":{"type":"Point","coordinates":[-70.667761,42.967824]},"properties":{"objtype":"SOUNDG","valsou":39.0,"chart":"US5NH1AF"}},{"type":"Feature","geometry":{"type":"Point","coordinates":[-70.666107,42.972682]},"properties":{"objtype":"SOUNDG","valsou":34.1,"chart":"US5NH1AF"}},{"type":"Feature","geometry":{"type":"Point","coordinates":[-70.664523,42.965429]},"properties":{"objtype":"SOUNDG","valsou":39.6,"chart":"US5NH1AF"}},{"type":"Feature","geometry":{"type":"Point","coordinates":[-70.663708,42.968046]},"properties":{"objtype":"SOUNDG","valsou":42.3,"chart":"US5NH1AF"}},{"type":"Feature","geometry":{"type":"Point","coordinates":[-70.661612,42.970783]},"properties":{"objtype":"SOUNDG","valsou":38.1,"chart":"US5NH1AF"}},{"type":"Feature","geometry":{"type":"Point","coordinates":[-70.659576,42.976257]},"properties":{"objtype":"SOUNDG","valsou":29.2,"chart":"US5PSMBD"}},{"type":"Feature","geometry":{"type":"Point","coordinates":[-70.659701,42.968388]},"properties":{"objtype":"SOUNDG","valsou":41.7,"chart":"US5NH1AF"}},{"type":"Feature","geometry":{"type":"Point","coordinates":[-70.657605,42.970886]},"properties":{"objtype":"SOUNDG","valsou":39.0,"chart":"US5NH1AF"}},{"type":"Feature","geometry":{"type":"Point","coordinates":[-70.654693,42.96601]},"properties":{"objtype":"SOUNDG","valsou":38.1,"chart":"US5NH1AF"}},{"type":"Feature","geometry":{"type":"Point","coordinates":[-70.65467,42.969859]},"properties":{"objtype":"SOUNDG","valsou":39.3,"chart":"US5NH1AF"}},{"type":"Feature","geometry":{"type":"Point","coordinates":[-70.653552,42.972819]},"properties":{"objtype":"SOUNDG","valsou":37.4,"chart":"US5NH1AF"}},{"type":"Feature","geometry":{"type":"Point","coordinates":[-70.651618,42.968149]},"properties":{"objtype":"SOUNDG","valsou":37.1,"chart":"US5NH1AF"}},{"type":"Feature","geometry":{"type":"Point","coordinates":[-70.650663,42.972973]},"properties":{"objtype":"SOUNDG","valsou":35.3,"chart":"US5NH1AF"}},{"type":"Feature","geometry":{"type":"Point","coordinates":[-70.650593,42.966678]},"properties":{"objtype":"SOUNDG","valsou":34.7,"chart":"US5NH1AF"}},{"type":"Feature","geometry":{"type":"Point","coordinates":[-70.647891,42.97234]},"properties":{"objtype":"SOUNDG","valsou":34.4,"chart":"US5NH1AG"}},{"type":"Feature","geometry":{"type":"Point","coordinates":[-70.646796,42.974786]},"properties":{"objtype":"SOUNDG","valsou":32.6,"chart":"US5NH1AG"}},{"type":"Feature","geometry":{"type":"Point","coordinates":[-70.64668,42.967293]},"properties":{"objtype":"SOUNDG","valsou":37.4,"chart":"US5NH1AG"}},{"type":"Feature","geometry":{"type":"Point","coordinates":[-70.64477,42.969842]},"properties":{"objtype":"SOUNDG","valsou":34.7,"chart":"US5NH1AG"}},{"type":"Feature","geometry":{"type":"Point","coordinates":[-70.64442,42.965275]},"properties":{"objtype":"SOUNDG","valsou":39.9,"chart":"US5NH1AG"}},{"type":"Feature","geometry":{"type":"Point","coordinates":[-70.642277,42.972887]},"properties":{"objtype":"SOUNDG","valsou":32.0,"chart":"US5NH1AG"}},{"type":"Feature","geometry":{"type":"Point","coordinates":[-70.641881,42.966438]},"properties":{"objtype":"SOUNDG","valsou":39.6,"chart":"US5NH1AG"}},{"type":"Feature","geometry":{"type":"Point","coordinates":[-70.639109,42.973383]},"properties":{"objtype":"SOUNDG","valsou":32.6,"chart":"US5NH1AG"}},{"type":"Feature","geometry":{"type":"Point","coordinates":[-70.638794,42.965101]},"properties":{"objtype":"SOUNDG","valsou":39.6,"chart":"US5NH1AG"}},{"type":"Feature","geometry":{"type":"Point","coordinates":[-70.638201,42.969158]},"properties":{"objtype":"SOUNDG","valsou":35.9,"chart":"US5NH1AG"}},{"type":"Feature","geometry":{"type":"Point","coordinates":[-70.635824,42.972921]},"properties":{"objtype":"SOUNDG","valsou":27.1,"chart":"US5NH1AG"}},{"type":"Feature","geometry":{"type":"Point","coordinates":[-70.635312,42.966404]},"properties":{"objtype":"SOUNDG","valsou":32.3,"chart":"US5NH1AG"}},{"type":"Feature","geometry":{"type":"Point","coordinates":[-70.635172,42.969397]},"properties":{"objtype":"SOUNDG","valsou":27.4,"chart":"US5NH1AG"}},{"type":"Feature","geometry":{"type":"Point","coordinates":[-70.634031,42.974786]},"properties":{"objtype":"SOUNDG","valsou":22.8,"chart":"US5NH1AG"}},{"type":"Feature","geometry":{"type":"Point","coordinates":[-70.633605,42.96345]},"properties":{"objtype":"SOUNDG","valsou":30.1,"chart":"US5NH1AG"}},{"type":"Feature","geometry":{"type":"Point","coordinates":[-70.632936,42.967499]},"properties":{"objtype":"SOUNDG","valsou":29.5,"chart":"US5NH1AG"}},{"type":"Feature","geometry":{"type":"Point","coordinates":[-70.631771,42.974871]},"properties":{"objtype":"SOUNDG","valsou":4.5,"chart":"US5NH1AG"}},{"type":"Feature","geometry":{"type":"Point","coordinates":[-70.630677,42.969688]},"properties":{"objtype":"SOUNDG","valsou":7.9,"chart":"US5NH1AG"}},{"type":"Feature","geometry":{"type":"Point","coordinates":[-70.628501,42.976428]},"properties":{"objtype":"SOUNDG","valsou":1.2,"chart":"US5PSMBE"}},{"type":"Feature","geometry":{"type":"Point","coordinates":[-70.627835,42.967105]},"properties":{"objtype":"SOUNDG","valsou":0.9,"chart":"US5NH1AG"}},{"type":"Feature","geometry":{"type":"Point","coordinates":[-70.62969,42.964306]},"properties":{"objtype":"SOUNDG","valsou":25.6,"chart":"US5NH1AG"}},{"type":"Feature","geometry":{"type":"Point","coordinates":[-70.628324,42.971467]},"properties":{"objtype":"SOUNDG","valsou":22.8,"chart":"US5NH1AG"}},{"type":"Feature","geometry":{"type":"Point","coordinates":[-70.625636,42.973246]},"properties":{"objtype":"SOUNDG","valsou":10.0,"chart":"US5NH1AG"}},{"type":"Feature","geometry":{"type":"Point","coordinates":[-70.626297,42.969893]},"properties":{"objtype":"SOUNDG","valsou":3.9,"chart":"US5NH1AG"}},{"type":"Feature","geometry":{"type":"Point","coordinates":[-70.627322,42.975265]},"properties":{"objtype":"SOUNDG","valsou":1.5,"chart":"US5PSMBE"}},{"type":"Feature","geometry":{"type":"Point","coordinates":[-70.623795,42.975846]},"properties":{"objtype":"SOUNDG","valsou":15.8,"chart":"US5PSMBE"}},{"type":"Feature","geometry":{"type":"Point","coordinates":[-70.623219,42.963831]},"properties":{"objtype":"SOUNDG","valsou":38.1,"chart":"US5NH1AG"}},{"type":"Feature","geometry":{"type":"Point","coordinates":[-70.623572,42.965942]},"properties":{"objtype":"SOUNDG","valsou":12.4,"chart":"US5NH1AG"}},{"type":"Feature","geometry":{"type":"Point","coordinates":[-70.623479,42.969209]},"properties":{"objtype":"SOUNDG","valsou":0.3,"chart":"US5NH1AG"}},{"type":"Feature","geometry":{"type":"Point","coordinates":[-70.621466,42.968799]},"properties":{"objtype":"SOUNDG","valsou":12.8,"chart":"US5NH1AG"}},{"type":"Feature","geometry":{"type":"Point","coordinates":[-70.621326,42.970715]},"properties":{"objtype":"SOUNDG","valsou":12.1,"chart":"US5NH1AG"}},{"type":"Feature","geometry":{"type":"Point","coordinates":[-70.620814,42.967105]},"properties":{"objtype":"SOUNDG","valsou":8.8,"chart":"US5NH1AG"}},{"type":"Feature","geometry":{"type":"Point","coordinates":[-70.61911,42.962666]},"properties":{"objtype":"SOUNDG","valsou":35.0,"chart":"US5NH1AG"}},{"type":"Feature","geometry":{"type":"Point","coordinates":[-70.620581,42.975231]},"properties":{"objtype":"SOUNDG","valsou":17.3,"chart":"US5PSMBE"}},{"type":"Feature","geometry":{"type":"Point","coordinates":[-70.618107,42.964436]},"properties":{"objtype":"SOUNDG","valsou":39.3,"chart":"US5NH1AG"}},{"type":"Feature","geometry":{"type":"Point","coordinates":[-70.617552,42.976103]},"properties":{"objtype":"SOUNDG","valsou":6.4,"chart":"US5PSMBE"}},{"type":"Feature","geometry":{"type":"Point","coordinates":[-70.615479,42.966387]},"properties":{"objtype":"SOUNDG","valsou":40.5,"chart":"US5NH1AG"}},{"type":"Feature","geometry":{"type":"Point","coordinates":[-70.613849,42.971946]},"properties":{"objtype":"SOUNDG","valsou":7.9,"chart":"US5NH1AG"}},{"type":"Feature","geometry":{"type":"Point","coordinates":[-70.613056,42.968747]},"properties":{"objtype":"SOUNDG","valsou":36.5,"chart":"US5NH1AG"}},{"type":"Feature","geometry":{"type":"Point","coordinates":[-70.611845,42.972973]},"properties":{"objtype":"SOUNDG","valsou":5.7,"chart":"US5NH1AG"}},{"type":"Feature","geometry":{"type":"Point","coordinates":[-70.610913,42.974974]},"properties":{"objtype":"SOUNDG","valsou":3.0,"chart":"US5NH1AG"}},{"type":"Feature","geometry":{"type":"Point","coordinates":[-70.609493,42.976154]},"properties":{"objtype":"SOUNDG","valsou":6.0,"chart":"US5PSMBE"}},{"type":"Feature","geometry":{"type":"Point","coordinates":[-70.608045,42.96244]},"properties":{"objtype":"SOUNDG","valsou":42.3,"chart":"US5NH1AG"}},{"type":"Feature","geometry":{"type":"Point","coordinates":[-70.607419,42.966164]},"properties":{"objtype":"SOUNDG","valsou":29.8,"chart":"US5NH1AG"}},{"type":"Feature","geometry":{"type":"Point","coordinates":[-70.607,42.969928]},"properties":{"objtype":"SOUNDG","valsou":20.4,"chart":"US5NH1AG"}},{"type":"Feature","geometry":{"type":"Point","coordinates":[-70.605765,42.972733]},"properties":{"objtype":"SOUNDG","valsou":20.4,"chart":"US5NH1AG"}},{"type":"Feature","geometry":{"type":"Point","coordinates":[-70.604228,42.963296]},"properties":{"objtype":"SOUNDG","valsou":10.6,"chart":"US5NH1AG"}},{"type":"Feature","geometry":{"type":"Point","coordinates":[-70.605532,42.968679]},"properties":{"objtype":"SOUNDG","valsou":27.7,"chart":"US5NH1AG"}},{"type":"Feature","geometry":{"type":"Point","coordinates":[-70.603366,42.966729]},"properties":{"objtype":"SOUNDG","valsou":11.2,"chart":"US5NH1AG"}},{"type":"Feature","geometry":{"type":"Point","coordinates":[-70.602189,42.962797]},"properties":{"objtype":"SOUNDG","valsou":3.3,"chart":"US5NH1AG"}},{"type":"Feature","geometry":{"type":"Point","coordinates":[-70.602015,42.974033]},"properties":{"objtype":"SOUNDG","valsou":20.1,"chart":"US5NH1AG"}},{"type":"Feature","geometry":{"type":"Point","coordinates":[-70.599359,42.974786]},"properties":{"objtype":"SOUNDG","valsou":0.6,"chart":"US5NH1AG"}},{"type":"Feature","geometry":{"type":"Point","coordinates":[-70.600105,42.968628]},"properties":{"objtype":"SOUNDG","valsou":28.3,"chart":"US5NH1AG"}},{"type":"Feature","geometry":{"type":"Point","coordinates":[-70.600058,42.971553]},"properties":{"objtype":"SOUNDG","valsou":11.5,"chart":"US5NH1AG"}},{"type":"Feature","geometry":{"type":"Point","coordinates":[-70.599488,42.963367]},"properties":{"objtype":"SOUNDG","valsou":21.3,"chart":"US5NH1AG"}},{"type":"Feature","geometry":{"type":"Point","coordinates":[-70.597466,42.963688]},"properties":{"objtype":"SOUNDG","valsou":39.9,"chart":"US5NH1AG"}},{"type":"Feature","geometry":{"type":"Point","coordinates":[-70.596867,42.966472]},"properties":{"objtype":"SOUNDG","valsou":43.8,"chart":"US5NH1AG"}},{"type":"Feature","geometry":{"type":"Point","coordinates":[-70.59512,42.972442]},"properties":{"objtype":"SOUNDG","valsou":41.7,"chart":"US5NH1AG"}},{"type":"Feature","geometry":{"type":"Point","coordinates":[-70.595702,42.967926]},"properties":{"objtype":"SOUNDG","valsou":46.3,"chart":"US5NH1AG"}},{"type":"Feature","geometry":{"type":"Point","coordinates":[-70.597216,42.975333]},"properties":{"objtype":"SOUNDG","valsou":2.7,"chart":"US5PSMBE"}},{"type":"Feature","geometry":{"type":"Point","coordinates":[-70.593233,42.970561]},"properties":{"objtype":"SOUNDG","valsou":49.3,"chart":"US5NH1AG"}},{"type":"Feature","geometry":{"type":"Point","coordinates":[-70.592883,42.965531]},"properties":{"objtype":"SOUNDG","valsou":50.9,"chart":"US5NH1AG"}},{"type":"Feature","geometry":{"type":"Point","coordinates":[-70.593396,42.975367]},"properties":{"objtype":"SOUNDG","valsou":36.5,"chart":"US5PSMBE"}},{"type":"Feature","geometry":{"type":"Point","coordinates":[-70.590235,42.96408]},"properties":{"objtype":"SOUNDG","valsou":56.3,"chart":"US5NH1AG"}},{"type":"Feature","geometry":{"type":"Point","coordinates":[-70.581478,42.962932]},"properties":{"objtype":"SOUNDG","valsou":56.6,"chart":"US5NH1AG"}},{"type":"Feature","geometry":{"type":"Point","coordinates":[-70.581236,42.973554]},"properties":{"objtype":"SOUNDG","valsou":63.7,"chart":"US5NH1AG"}},{"type":"Feature","geometry":{"type":"Point","coordinates":[-70.579582,42.972528]},"properties":{"objtype":"SOUNDG","valsou":53.3,"chart":"US5NH1AG"}},{"type":"Feature","geometry":{"type":"Point","coordinates":[-70.576717,42.975282]},"properties":{"objtype":"SOUNDG","valsou":55.4,"chart":"US5PSMBE"}},{"type":"Feature","geometry":{"type":"Point","coordinates":[-70.576738,42.96349]},"properties":{"objtype":"SOUNDG","valsou":56.6,"chart":"US5NH1AG"}},{"type":"Feature","geometry":{"type":"Point","coordinates":[-70.577579,42.972904]},"properties":{"objtype":"SOUNDG","valsou":42.3,"chart":"US5NH1AG"}},{"type":"Feature","geometry":{"type":"Point","coordinates":[-70.577482,42.965142]},"properties":{"objtype":"SOUNDG","valsou":55.4,"chart":"US5NH1AG"}},{"type":"Feature","geometry":{"type":"Point","coordinates":[-70.578092,42.969312]},"properties":{"objtype":"SOUNDG","valsou":42.3,"chart":"US5NH1AG"}},{"type":"Feature","geometry":{"type":"Point","coordinates":[-70.576042,42.968303]},"properties":{"objtype":"SOUNDG","valsou":43.5,"chart":"US5NH1AG"}},{"type":"Feature","geometry":{"type":"Point","coordinates":[-70.575343,42.966369]},"properties":{"objtype":"SOUNDG","valsou":66.1,"chart":"US5NH1AG"}},{"type":"Feature","geometry":{"type":"Point","coordinates":[-70.649568,42.935838]},"properties":{"objtype":"SOUNDG","valsou":46.0,"chart":"US5NH1AG"}},{"type":"Feature","geometry":{"type":"Point","coordinates":[-70.64873,42.930517]},"properties":{"objtype":"SOUNDG","valsou":41.7,"chart":"US5NH1AG"}},{"type":"Feature","geometry":{"type":"Point","coordinates":[-70.646175,42.952976]},"properties":{"objtype":"SOUNDG","valsou":44.8,"chart":"US5NH1AG"}},{"type":"Feature","geometry":{"type":"Point","coordinates":[-70.644993,42.940708]},"properties":{"objtype":"SOUNDG","valsou":36.8,"chart":"US5NH1AG"}},{"type":"Feature","geometry":{"type":"Point","coordinates":[-70.643828,42.925911]},"properties":{"objtype":"SOUNDG","valsou":40.5,"chart":"US5NH1AG"}},{"type":"Feature","geometry":{"type":"Point","coordinates":[-70.641788,42.93642]},"properties":{"objtype":"SOUNDG","valsou":50.9,"chart":"US5NH1AG"}},{"type":"Feature","geometry":{"type":"Point","coordinates":[-70.641456,42.961442]},"properties":{"objtype":"SOUNDG","valsou":36.2,"chart":"US5NH1AG"}},{"type":"Feature","geometry":{"type":"Point","coordinates":[-70.638113,42.943778]},"properties":{"objtype":"SOUNDG","valsou":39.6,"chart":"US5NH1AG"}},{"type":"Feature","geometry":{"type":"Point","coordinates":[-70.637825,42.949202]},"properties":{"objtype":"SOUNDG","valsou":48.1,"chart":"US5NH1AG"}},{"type":"Feature","geometry":{"type":"Point","coordinates":[-70.63624,42.960013]},"properties":{"objtype":"SOUNDG","valsou":27.1,"chart":"US5NH1AG"}},{"type":"Feature","geometry":{"type":"Point","coordinates":[-70.630967,42.957765]},"properties":{"objtype":"SOUNDG","valsou":34.7,"chart":"US5NH1AG"}},{"type":"Feature","geometry":{"type":"Point","coordinates":[-70.63013,42.946712]},"properties":{"objtype":"SOUNDG","valsou":46.3,"chart":"US5NH1AG"}},{"type":"Feature","geometry":{"type":"Point","coordinates":[-70.627055,42.941899]},"properties":{"objtype":"SOUNDG","valsou":53.0,"chart":"US5NH1AG"}},{"type":"Feature","geometry":{"type":"Point","coordinates":[-70.6256,42.952155]},"properties":{"objtype":"SOUNDG","valsou":47.5,"chart":"US5NH1AG"}},{"type":"Feature","geometry":{"type":"Point","coordinates":[-70.622264,42.958955]},"properties":{"objtype":"SOUNDG","valsou":27.4,"chart":"US5NH1AG"}},{"type":"Feature","geometry":{"type":"Point","coordinates":[-70.622048,42.955198]},"properties":{"objtype":"SOUNDG","valsou":26.8,"chart":"US5NH1AG"}},{"type":"Feature","geometry":{"type":"Point","coordinates":[-70.617711,42.94988]},"properties":{"objtype":"SOUNDG","valsou":48.7,"chart":"US5NH1AG"}},{"type":"Feature","geometry":{"type":"Point","coordinates":[-70.616415,42.959617]},"properties":{"objtype":"SOUNDG","valsou":35.9,"chart":"US5NH1AG"}},{"type":"Feature","geometry":{"type":"Point","coordinates":[-70.612993,42.954113]},"properties":{"objtype":"SOUNDG","valsou":46.0,"chart":"US5NH1AG"}},{"type":"Feature","geometry":{"type":"Point","coordinates":[-70.60921,42.961098]},"properties":{"objtype":"SOUNDG","valsou":32.6,"chart":"US5NH1AG"}},{"type":"Feature","geometry":{"type":"Point","coordinates":[-70.589566,42.971214]},"properties":{"objtype":"SOUNDG","valsou":37.1,"chart":"US5NH1AG"}},{"type":"Feature","geometry":{"type":"Point","coordinates":[-70.588605,42.974494]},"properties":{"objtype":"SOUNDG","valsou":34.1,"chart":"US5NH1AG"}},{"type":"Feature","geometry":{"type":"Point","coordinates":[-70.588388,42.967567]},"properties":{"objtype":"SOUNDG","valsou":44.8,"chart":"US5NH1AG"}},{"type":"Feature","geometry":{"type":"Point","coordinates":[-70.586773,42.963797]},"properties":{"objtype":"SOUNDG","valsou":51.5,"chart":"US5NH1AG"}},{"type":"Feature","geometry":{"type":"Point","coordinates":[-70.583962,42.969757]},"properties":{"objtype":"SOUNDG","valsou":30.4,"chart":"US5NH1AG"}},{"type":"Feature","geometry":{"type":"Point","coordinates":[-70.582261,42.965565]},"properties":{"objtype":"SOUNDG","valsou":54.5,"chart":"US5NH1AG"}},{"type":"Feature","geometry":{"type":"Point","coordinates":[-70.949708,42.984391]},"properties":{"objtype":"SOUNDG","valsou":0.3,"chart":"US5NH1BC"}},{"type":"Feature","geometry":{"type":"Point","coordinates":[-70.950427,42.988145]},"properties":{"objtype":"SOUNDG","valsou":1.5,"chart":"US5NH1BB"}},{"type":"Feature","geometry":{"type":"Point","coordinates":[-70.951527,42.986662]},"properties":{"objtype":"SOUNDG","valsou":0.9,"chart":"US5NH1BB"}},{"type":"Feature","geometry":{"type":"Point","coordinates":[-70.945129,42.991018]},"properties":{"objtype":"SOUNDG","valsou":0.3,"chart":"US5NH1BC"}},{"type":"Feature","geometry":{"type":"Point","coordinates":[-70.944182,42.99254]},"properties":{"objtype":"SOUNDG","valsou":0.9,"chart":"US5NH1BC"}},{"type":"Feature","geometry":{"type":"Point","coordinates":[-70.942779,42.994532]},"properties":{"objtype":"SOUNDG","valsou":1.2,"chart":"US5NH1BC"}},{"type":"Feature","geometry":{"type":"Point","coordinates":[-70.939587,42.995163]},"properties":{"objtype":"SOUNDG","valsou":0.6,"chart":"US5NH1BC"}},{"type":"Feature","geometry":{"type":"Point","coordinates":[-70.939841,42.99981]},"properties":{"objtype":"SOUNDG","valsou":2.7,"chart":"US5NH1BC"}},{"type":"Feature","geometry":{"type":"Point","coordinates":[-70.938017,42.998593]},"properties":{"objtype":"SOUNDG","valsou":0.9,"chart":"US5NH1BC"}},{"type":"Feature","geometry":{"type":"Point","coordinates":[-70.938638,43.000846]},"properties":{"objtype":"SOUNDG","valsou":0.3,"chart":"US5NH1BC"}},{"type":"Feature","geometry":{"type":"Point","coordinates":[-70.938133,43.004084]},"properties":{"objtype":"SOUNDG","valsou":0.9,"chart":"US5NH1BC"}},{"type":"Feature","geometry":{"type":"Point","coordinates":[-70.937963,42.996505]},"properties":{"objtype":"SOUNDG","valsou":0.6,"chart":"US5NH1BC"}},{"type":"Feature","geometry":{"type":"Point","coordinates":[-70.936475,43.031788]},"properties":{"objtype":"SOUNDG","valsou":1.2,"chart":"US5NH1BC"}},{"type":"Feature","geometry":{"type":"Point","coordinates":[-70.935217,43.01627]},"properties":{"objtype":"SOUNDG","valsou":2.1,"chart":"US5NH1BC"}},{"type":"Feature","geometry":{"type":"Point","coordinates":[-70.934522,43.028111]},"properties":{"objtype":"SOUNDG","valsou":1.8,"chart":"US5NH1BC"}},{"type":"Feature","geometry":{"type":"Point","coordinates":[-70.933576,43.021158]},"properties":{"objtype":"SOUNDG","valsou":2.1,"chart":"US5NH1BC"}},{"type":"Feature","geometry":{"type":"Point","coordinates":[-70.932973,43.018469]},"properties":{"objtype":"SOUNDG","valsou":2.1,"chart":"US5NH1BC"}},{"type":"Feature","geometry":{"type":"Point","coordinates":[-70.930144,43.038414]},"properties":{"objtype":"SOUNDG","valsou":0.3,"chart":"US5NH1BC"}},{"type":"Feature","geometry":{"type":"Point","coordinates":[-70.927813,43.040383]},"properties":{"objtype":"SOUNDG","valsou":2.4,"chart":"US5NH1BC"}},{"type":"Feature","geometry":{"type":"Point","coordinates":[-70.924578,43.042663]},"properties":{"objtype":"SOUNDG","valsou":2.4,"chart":"US5NH1BC"}},{"type":"Feature","geometry":{"type":"Point","coordinates":[-70.922259,43.043118]},"properties":{"objtype":"SOUNDG","valsou":1.8,"chart":"US5NH1BC"}},{"type":"Feature","geometry":{"type":"Point","coordinates":[-70.916421,43.045176]},"properties":{"objtype":"SOUNDG","valsou":0.9,"chart":"US5NH1BC"}},{"type":"Feature","geometry":{"type":"Point","coordinates":[-70.916322,43.046016]},"properties":{"objtype":"SOUNDG","valsou":0.4,"chart":"US5NH1BC"}},{"type":"Feature","geometry":{"type":"Point","coordinates":[-70.915354,43.048442]},"properties":{"objtype":"SOUNDG","valsou":0.6,"chart":"US5NH1BC"}},{"type":"Feature","geometry":{"type":"Point","coordinates":[-70.913678,43.049488]},"properties":{"objtype":"SOUNDG","valsou":0.3,"chart":"US5NH1BC"}},{"type":"Feature","geometry":{"type":"Point","coordinates":[-70.939549,43.01144]},"properties":{"objtype":"SOUNDG","valsou":1.8,"chart":"US5NH1BC"}},{"type":"Feature","geometry":{"type":"Point","coordinates":[-70.938968,43.01241]},"properties":{"objtype":"SOUNDG","valsou":2.7,"chart":"US5NH1BC"}},{"type":"Feature","geometry":{"type":"Point","coordinates":[-70.937002,43.015099]},"properties":{"objtype":"SOUNDG","valsou":1.2,"chart":"US5NH1BC"}},{"type":"Feature","geometry":{"type":"Point","coordinates":[-70.938705,43.007351]},"properties":{"objtype":"SOUNDG","valsou":1.6,"chart":"US5NH1BC"}},{"type":"Feature","geometry":{"type":"Point","coordinates":[-70.936933,43.03269]},"properties":{"objtype":"SOUNDG","valsou":3.1,"chart":"US5NH1BC"}},{"type":"Feature","geometry":{"type":"Point","coordinates":[-70.936821,43.033734]},"properties":{"objtype":"SOUNDG","valsou":0.7,"chart":"US5NH1BC"}},{"type":"Feature","geometry":{"type":"Point","coordinates":[-70.933509,43.035364]},"properties":{"objtype":"SOUNDG","valsou":1.2,"chart":"US5NH1BC"}},{"type":"Feature","geometry":{"type":"Point","coordinates":[-70.934564,43.024849]},"properties":{"objtype":"SOUNDG","valsou":1.5,"chart":"US5NH1BC"}},{"type":"Feature","geometry":{"type":"Point","coordinates":[-70.931405,43.03632]},"properties":{"objtype":"SOUNDG","valsou":1.5,"chart":"US5NH1BC"}},{"type":"Feature","geometry":{"type":"Point","coordinates":[-70.930588,43.037478]},"properties":{"objtype":"SOUNDG","valsou":1.6,"chart":"US5NH1BC"}},{"type":"Feature","geometry":{"type":"Point","coordinates":[-70.919479,43.043725]},"properties":{"objtype":"SOUNDG","valsou":0.1,"chart":"US5NH1BC"}},{"type":"Feature","geometry":{"type":"Point","coordinates":[-70.925955,43.041885]},"properties":{"objtype":"SOUNDG","valsou":3.7,"chart":"US5NH1BC"}},{"type":"Feature","geometry":{"type":"Point","coordinates":[-70.949171,42.989095]},"properties":{"objtype":"SOUNDG","valsou":0.9,"chart":"US5NH1BC"}},{"type":"Feature","geometry":{"type":"Point","coordinates":[-70.946563,42.990078]},"properties":{"objtype":"SOUNDG","valsou":1.2,"chart":"US5NH1BC"}},{"type":"Feature","geometry":{"type":"Point","coordinates":[-70.934825,43.023905]},"properties":{"objtype":"SOUNDG","valsou":2.1,"chart":"US5NH1BC"}},{"type":"Feature","geometry":{"type":"Point","coordinates":[-70.93262,43.01992]},"properties":{"objtype":"SOUNDG","valsou":4.2,"chart":"US5NH1BC"}},{"type":"Feature","geometry":{"type":"Point","coordinates":[-70.912658,43.058436]},"properties":{"objtype":"SOUNDG","valsou":2.2,"chart":"US5NH1CC"}},{"type":"Feature","geometry":{"type":"Point","coordinates":[-70.912426,43.057473]},"properties":{"objtype":"SOUNDG","valsou":2.1,"chart":"US5NH1CC"}},{"type":"Feature","geometry":{"type":"Point","coordinates":[-70.912008,43.053727]},"properties":{"objtype":"SOUNDG","valsou":1.8,"chart":"US5NH1CC"}},{"type":"Feature","geometry":{"type":"Point","coordinates":[-70.91105,43.060571]},"properties":{"objtype":"SOUNDG","valsou":0.6,"chart":"US5NH1CC"}},{"type":"Feature","geometry":{"type":"Point","coordinates":[-70.90783,43.061709]},"properties":{"objtype":"SOUNDG","valsou":0.6,"chart":"US5NH1CC"}},{"type":"Feature","geometry":{"type":"Point","coordinates":[-70.9057,43.06234]},"properties":{"objtype":"SOUNDG","valsou":1.8,"chart":"US5NH1CC"}},{"type":"Feature","geometry":{"type":"Point","coordinates":[-70.901308,43.063614]},"properties":{"objtype":"SOUNDG","valsou":0.3,"chart":"US5NH1CC"}},{"type":"Feature","geometry":{"type":"Point","coordinates":[-70.897156,43.067206]},"properties":{"objtype":"SOUNDG","valsou":0.3,"chart":"US5NH1CC"}},{"type":"Feature","geometry":{"type":"Point","coordinates":[-70.912886,43.056943]},"properties":{"objtype":"SOUNDG","valsou":0.9,"chart":"US5NH1CC"}},{"type":"Feature","geometry":{"type":"Point","coordinates":[-70.912739,43.051911]},"properties":{"objtype":"SOUNDG","valsou":0.6,"chart":"US5NH1CC"}},{"type":"Feature","geometry":{"type":"Point","coordinates":[-70.898668,43.065711]},"properties":{"objtype":"SOUNDG","valsou":0.3,"chart":"US5NH1CC"}},{"type":"Feature","geometry":{"type":"Point","coordinates":[-70.896568,43.064978]},"properties":{"objtype":"SOUNDG","valsou":0.3,"chart":"US5NH1CC"}},{"type":"Feature","geometry":{"type":"Point","coordinates":[-70.892668,43.067762]},"properties":{"objtype":"SOUNDG","valsou":1.2,"chart":"US5NH1CC"}},{"type":"Feature","geometry":{"type":"Point","coordinates":[-70.911878,43.059213]},"properties":{"objtype":"SOUNDG","valsou":0.3,"chart":"US5NH1CC"}},{"type":"Feature","geometry":{"type":"Point","coordinates":[-70.933786,43.080671]},"properties":{"objtype":"SOUNDG","valsou":0.3,"chart":"US5NH1CC"}},{"type":"Feature","geometry":{"type":"Point","coordinates":[-70.905692,43.064961]},"properties":{"objtype":"SOUNDG","valsou":0.1,"chart":"US5NH1CC"}},{"type":"Feature","geometry":{"type":"Point","coordinates":[-70.892132,43.06517]},"properties":{"objtype":"SOUNDG","valsou":0.3,"chart":"US5NH1CC"}},{"type":"Feature","geometry":{"type":"Point","coordinates":[-70.891845,43.074097]},"properties":{"objtype":"SOUNDG","valsou":0.3,"chart":"US5NH1CC"}},{"type":"Feature","geometry":{"type":"Point","coordinates":[-70.890025,43.064498]},"properties":{"objtype":"SOUNDG","valsou":0.1,"chart":"US5NH1CC"}},{"type":"Feature","geometry":{"type":"Point","coordinates":[-70.890619,43.067458]},"properties":{"objtype":"SOUNDG","valsou":1.2,"chart":"US5NH1CC"}},{"type":"Feature","geometry":{"type":"Point","coordinates":[-70.89014,43.076402]},"properties":{"objtype":"SOUNDG","valsou":0.3,"chart":"US5NH1CC"}},{"type":"Feature","geometry":{"type":"Point","coordinates":[-70.889951,43.074695]},"properties":{"objtype":"SOUNDG","valsou":0.1,"chart":"US5NH1CC"}},{"type":"Feature","geometry":{"type":"Point","coordinates":[-70.888465,43.068239]},"properties":{"objtype":"SOUNDG","valsou":0.3,"chart":"US5NH1CC"}},{"type":"Feature","geometry":{"type":"Point","coordinates":[-70.8874,43.064076]},"properties":{"objtype":"SOUNDG","valsou":0.3,"chart":"US5NH1CC"}},{"type":"Feature","geometry":{"type":"Point","coordinates":[-70.888113,43.075533]},"properties":{"objtype":"SOUNDG","valsou":0.1,"chart":"US5NH1CC"}},{"type":"Feature","geometry":{"type":"Point","coordinates":[-70.887108,43.072959]},"properties":{"objtype":"SOUNDG","valsou":0.1,"chart":"US5NH1CC"}},{"type":"Feature","geometry":{"type":"Point","coordinates":[-70.887688,43.079087]},"properties":{"objtype":"SOUNDG","valsou":0.6,"chart":"US5NH1CC"}},{"type":"Feature","geometry":{"type":"Point","coordinates":[-70.88551,43.061735]},"properties":{"objtype":"SOUNDG","valsou":0.1,"chart":"US5NH1CC"}},{"type":"Feature","geometry":{"type":"Point","coordinates":[-70.885365,43.063318]},"properties":{"objtype":"SOUNDG","valsou":0.1,"chart":"US5NH1CC"}},{"type":"Feature","geometry":{"type":"Point","coordinates":[-70.885295,43.064833]},"properties":{"objtype":"SOUNDG","valsou":0.1,"chart":"US5NH1CC"}},{"type":"Feature","geometry":{"type":"Point","coordinates":[-70.885248,43.069485]},"properties":{"objtype":"SOUNDG","valsou":0.6,"chart":"US5NH1CC"}},{"type":"Feature","geometry":{"type":"Point","coordinates":[-70.884572,43.0709]},"properties":{"objtype":"SOUNDG","valsou":0.3,"chart":"US5NH1CC"}},{"type":"Feature","geometry":{"type":"Point","coordinates":[-70.883471,43.080184]},"properties":{"objtype":"SOUNDG","valsou":0.1,"chart":"US5NH1CC"}},{"type":"Feature","geometry":{"type":"Point","coordinates":[-70.884354,43.073769]},"properties":{"objtype":"SOUNDG","valsou":0.3,"chart":"US5NH1CC"}},{"type":"Feature","geometry":{"type":"Point","coordinates":[-70.884354,43.077837]},"properties":{"objtype":"SOUNDG","valsou":0.3,"chart":"US5NH1CC"}},{"type":"Feature","geometry":{"type":"Point","coordinates":[-70.882662,43.082973]},"properties":{"objtype":"SOUNDG","valsou":0.1,"chart":"US5NH1CC"}},{"type":"Feature","geometry":{"type":"Point","coordinates":[-70.88249,43.070444]},"properties":{"objtype":"SOUNDG","valsou":0.3,"chart":"US5NH1CC"}},{"type":"Feature","geometry":{"type":"Point","coordinates":[-70.88224,43.07658]},"properties":{"objtype":"SOUNDG","valsou":0.6,"chart":"US5NH1CC"}},{"type":"Feature","geometry":{"type":"Point","coordinates":[-70.880461,43.067211]},"properties":{"objtype":"SOUNDG","valsou":0.3,"chart":"US5NH1CC"}},{"type":"Feature","geometry":{"type":"Point","coordinates":[-70.88079,43.072538]},"properties":{"objtype":"SOUNDG","valsou":0.3,"chart":"US5NH1CC"}},{"type":"Feature","geometry":{"type":"Point","coordinates":[-70.881721,43.081088]},"properties":{"objtype":"SOUNDG","valsou":0.1,"chart":"US5NH1CC"}},{"type":"Feature","geometry":{"type":"Point","coordinates":[-70.880488,43.065801]},"properties":{"objtype":"SOUNDG","valsou":0.3,"chart":"US5NH1CC"}},{"type":"Feature","geometry":{"type":"Point","coordinates":[-70.879609,43.124053]},"properties":{"objtype":"SOUNDG","valsou":0.3,"chart":"US5NH1CC"}},{"type":"Feature","geometry":{"type":"Point","coordinates":[-70.880293,43.062216]},"properties":{"objtype":"SOUNDG","valsou":0.3,"chart":"US5NH1CC"}},{"type":"Feature","geometry":{"type":"Point","coordinates":[-70.879977,43.083892]},"properties":{"objtype":"SOUNDG","valsou":0.3,"chart":"US5NH1CC"}},{"type":"Feature","geometry":{"type":"Point","coordinates":[-70.879315,43.071636]},"properties":{"objtype":"SOUNDG","valsou":0.3,"chart":"US5NH1CC"}},{"type":"Feature","geometry":{"type":"Point","coordinates":[-70.878746,43.081394]},"properties":{"objtype":"SOUNDG","valsou":0.3,"chart":"US5NH1CC"}},{"type":"Feature","geometry":{"type":"Point","coordinates":[-70.876549,43.124466]},"properties":{"objtype":"SOUNDG","valsou":0.1,"chart":"US5NH1CC"}},{"type":"Feature","geometry":{"type":"Point","coordinates":[-70.878761,43.068283]},"properties":{"objtype":"SOUNDG","valsou":0.3,"chart":"US5NH1CC"}},{"type":"Feature","geometry":{"type":"Point","coordinates":[-70.878753,43.066416]},"properties":{"objtype":"SOUNDG","valsou":0.3,"chart":"US5NH1CC"}},{"type":"Feature","geometry":{"type":"Point","coordinates":[-70.878404,43.061052]},"properties":{"objtype":"SOUNDG","valsou":0.1,"chart":"US5NH1CC"}},{"type":"Feature","geometry":{"type":"Point","coordinates":[-70.878154,43.123183]},"properties":{"objtype":"SOUNDG","valsou":0.6,"chart":"US5NH1CC"}},{"type":"Feature","geometry":{"type":"Point","coordinates":[-70.878142,43.083375]},"properties":{"objtype":"SOUNDG","valsou":0.1,"chart":"US5NH1CC"}},{"type":"Feature","geometry":{"type":"Point","coordinates":[-70.877333,43.075103]},"properties":{"objtype":"SOUNDG","valsou":0.1,"chart":"US5NH1CC"}},{"type":"Feature","geometry":{"type":"Point","coordinates":[-70.877208,43.076991]},"properties":{"objtype":"SOUNDG","valsou":0.3,"chart":"US5NH1CC"}},{"type":"Feature","geometry":{"type":"Point","coordinates":[-70.876981,43.084632]},"properties":{"objtype":"SOUNDG","valsou":0.1,"chart":"US5NH1CC"}},{"type":"Feature","geometry":{"type":"Point","coordinates":[-70.87457,43.07058]},"properties":{"objtype":"SOUNDG","valsou":1.5,"chart":"US5NH1CD"}},{"type":"Feature","geometry":{"type":"Point","coordinates":[-70.874775,43.124177]},"properties":{"objtype":"SOUNDG","valsou":0.3,"chart":"US5NH1CD"}},{"type":"Feature","geometry":{"type":"Point","coordinates":[-70.87615,43.122303]},"properties":{"objtype":"SOUNDG","valsou":0.3,"chart":"US5NH1CC"}},{"type":"Feature","geometry":{"type":"Point","coordinates":[-70.87523,43.081522]},"properties":{"objtype":"SOUNDG","valsou":1.8,"chart":"US5NH1CC"}},{"type":"Feature","geometry":{"type":"Point","coordinates":[-70.875331,43.080589]},"properties":{"objtype":"SOUNDG","valsou":0.1,"chart":"US5NH1CC"}},{"type":"Feature","geometry":{"type":"Point","coordinates":[-70.875246,43.073903]},"properties":{"objtype":"SOUNDG","valsou":0.1,"chart":"US5NH1CC"}},{"type":"Feature","geometry":{"type":"Point","coordinates":[-70.934406,43.077185]},"properties":{"objtype":"SOUNDG","valsou":0.6,"chart":"US5NH1CC"}},{"type":"Feature","geometry":{"type":"Point","coordinates":[-70.931661,43.075853]},"properties":{"objtype":"SOUNDG","valsou":0.7,"chart":"US5NH1CC"}},{"type":"Feature","geometry":{"type":"Point","coordinates":[-70.930066,43.075897]},"properties":{"objtype":"SOUNDG","valsou":0.3,"chart":"US5NH1CC"}},{"type":"Feature","geometry":{"type":"Point","coordinates":[-70.927157,43.073923]},"properties":{"objtype":"SOUNDG","valsou":1.3,"chart":"US5NH1CC"}},{"type":"Feature","geometry":{"type":"Point","coordinates":[-70.922578,43.070558]},"properties":{"objtype":"SOUNDG","valsou":0.6,"chart":"US5NH1CC"}},{"type":"Feature","geometry":{"type":"Point","coordinates":[-70.921163,43.069804]},"properties":{"objtype":"SOUNDG","valsou":0.9,"chart":"US5NH1CC"}},{"type":"Feature","geometry":{"type":"Point","coordinates":[-70.915559,43.065559]},"properties":{"objtype":"SOUNDG","valsou":1.0,"chart":"US5NH1CC"}},{"type":"Feature","geometry":{"type":"Point","coordinates":[-70.911709,43.065329]},"properties":{"objtype":"SOUNDG","valsou":1.0,"chart":"US5NH1CC"}},{"type":"Feature","geometry":{"type":"Point","coordinates":[-70.904583,43.067569]},"properties":{"objtype":"SOUNDG","valsou":0.4,"chart":"US5NH1CC"}},{"type":"Feature","geometry":{"type":"Point","coordinates":[-70.900961,43.067457]},"properties":{"objtype":"SOUNDG","valsou":0.6,"chart":"US5NH1CC"}},{"type":"Feature","geometry":{"type":"Point","coordinates":[-70.925728,43.071953]},"properties":{"objtype":"SOUNDG","valsou":2.2,"chart":"US5NH1CC"}},{"type":"Feature","geometry":{"type":"Point","coordinates":[-70.919922,43.06869]},"properties":{"objtype":"SOUNDG","valsou":2.3,"chart":"US5NH1CC"}},{"type":"Feature","geometry":{"type":"Point","coordinates":[-70.927817,43.075079]},"properties":{"objtype":"SOUNDG","valsou":0.6,"chart":"US5NH1CC"}},{"type":"Feature","geometry":{"type":"Point","coordinates":[-70.918366,43.067017]},"properties":{"objtype":"SOUNDG","valsou":1.8,"chart":"US5NH1CC"}},{"type":"Feature","geometry":{"type":"Point","coordinates":[-70.908008,43.064925]},"properties":{"objtype":"SOUNDG","valsou":0.9,"chart":"US5NH1CC"}},{"type":"Feature","geometry":{"type":"Point","coordinates":[-70.870197,43.081451]},"properties":{"objtype":"SOUNDG","valsou":2.1,"chart":"US5NH1CD"}},{"type":"Feature","geometry":{"type":"Point","coordinates":[-70.868717,43.070228]},"properties":{"objtype":"SOUNDG","valsou":2.7,"chart":"US5NH1CD"}},{"type":"Feature","geometry":{"type":"Point","coordinates":[-70.865631,43.071614]},"properties":{"objtype":"SOUNDG","valsou":0.3,"chart":"US5NH1CD"}},{"type":"Feature","geometry":{"type":"Point","coordinates":[-70.867424,43.117143]},"properties":{"objtype":"SOUNDG","valsou":0.9,"chart":"US5NH1CD"}},{"type":"Feature","geometry":{"type":"Point","coordinates":[-70.864508,43.082576]},"properties":{"objtype":"SOUNDG","valsou":0.3,"chart":"US5NH1CD"}},{"type":"Feature","geometry":{"type":"Point","coordinates":[-70.866462,43.123357]},"properties":{"objtype":"SOUNDG","valsou":4.5,"chart":"US5NH1CD"}},{"type":"Feature","geometry":{"type":"Point","coordinates":[-70.867094,43.086074]},"properties":{"objtype":"SOUNDG","valsou":4.2,"chart":"US5NH1CD"}},{"type":"Feature","geometry":{"type":"Point","coordinates":[-70.867064,43.12479]},"properties":{"objtype":"SOUNDG","valsou":0.3,"chart":"US5NH1CD"}},{"type":"Feature","geometry":{"type":"Point","coordinates":[-70.864094,43.113411]},"properties":{"objtype":"SOUNDG","valsou":0.1,"chart":"US5NH1CD"}},{"type":"Feature","geometry":{"type":"Point","coordinates":[-70.861859,43.085608]},"properties":{"objtype":"SOUNDG","valsou":0.6,"chart":"US5NH1CD"}},{"type":"Feature","geometry":{"type":"Point","coordinates":[-70.861758,43.065419]},"properties":{"objtype":"SOUNDG","valsou":0.3,"chart":"US5NH1CD"}},{"type":"Feature","geometry":{"type":"Point","coordinates":[-70.864437,43.08999]},"properties":{"objtype":"SOUNDG","valsou":1.5,"chart":"US5NH1CD"}},{"type":"Feature","geometry":{"type":"Point","coordinates":[-70.862564,43.091572]},"properties":{"objtype":"SOUNDG","valsou":12.1,"chart":"US5NH1CD"}},{"type":"Feature","geometry":{"type":"Point","coordinates":[-70.863305,43.095705]},"properties":{"objtype":"SOUNDG","valsou":6.4,"chart":"US5NH1CD"}},{"type":"Feature","geometry":{"type":"Point","coordinates":[-70.861715,43.115697]},"properties":{"objtype":"SOUNDG","valsou":0.6,"chart":"US5NH1CD"}},{"type":"Feature","geometry":{"type":"Point","coordinates":[-70.859257,43.097659]},"properties":{"objtype":"SOUNDG","valsou":7.3,"chart":"US5NH1CD"}},{"type":"Feature","geometry":{"type":"Point","coordinates":[-70.860579,43.090748]},"properties":{"objtype":"SOUNDG","valsou":0.3,"chart":"US5NH1CD"}},{"type":"Feature","geometry":{"type":"Point","coordinates":[-70.859633,43.112329]},"properties":{"objtype":"SOUNDG","valsou":6.0,"chart":"US5NH1CD"}},{"type":"Feature","geometry":{"type":"Point","coordinates":[-70.860335,43.094935]},"properties":{"objtype":"SOUNDG","valsou":12.1,"chart":"US5NH1CD"}},{"type":"Feature","geometry":{"type":"Point","coordinates":[-70.860115,43.079737]},"properties":{"objtype":"SOUNDG","valsou":1.8,"chart":"US5NH1CD"}},{"type":"Feature","geometry":{"type":"Point","coordinates":[-70.858877,43.065254]},"properties":{"objtype":"SOUNDG","valsou":0.6,"chart":"US5NH1CD"}},{"type":"Feature","geometry":{"type":"Point","coordinates":[-70.856064,43.069249]},"properties":{"objtype":"SOUNDG","valsou":0.1,"chart":"US5NH1CD"}},{"type":"Feature","geometry":{"type":"Point","coordinates":[-70.852535,43.120052]},"properties":{"objtype":"SOUNDG","valsou":1.8,"chart":"US5NH1CD"}},{"type":"Feature","geometry":{"type":"Point","coordinates":[-70.84897,43.121788]},"properties":{"objtype":"SOUNDG","valsou":10.3,"chart":"US5NH1CD"}},{"type":"Feature","geometry":{"type":"Point","coordinates":[-70.845461,43.118142]},"properties":{"objtype":"SOUNDG","valsou":2.1,"chart":"US5NH1CD"}},{"type":"Feature","geometry":{"type":"Point","coordinates":[-70.840743,43.122766]},"properties":{"objtype":"SOUNDG","valsou":0.3,"chart":"US5NH1CD"}},{"type":"Feature","geometry":{"type":"Point","coordinates":[-70.828021,43.123693]},"properties":{"objtype":"SOUNDG","valsou":0.6,"chart":"US5NH1CD"}},{"type":"Feature","geometry":{"type":"Point","coordinates":[-70.817845,43.118189]},"properties":{"objtype":"SOUNDG","valsou":0.3,"chart":"US5NH1CD"}},{"type":"Feature","geometry":{"type":"Point","coordinates":[-70.841289,43.119991]},"properties":{"objtype":"SOUNDG","valsou":9.7,"chart":"US5NH1CD"}},{"type":"Feature","geometry":{"type":"Point","coordinates":[-70.839016,43.123164]},"properties":{"objtype":"SOUNDG","valsou":0.6,"chart":"US5NH1CD"}},{"type":"Feature","geometry":{"type":"Point","coordinates":[-70.83981,43.116244]},"properties":{"objtype":"SOUNDG","valsou":0.9,"chart":"US5NH1CD"}},{"type":"Feature","geometry":{"type":"Point","coordinates":[-70.838838,43.120097]},"properties":{"objtype":"SOUNDG","valsou":10.3,"chart":"US5NH1CD"}},{"type":"Feature","geometry":{"type":"Point","coordinates":[-70.836718,43.118031]},"properties":{"objtype":"SOUNDG","valsou":4.5,"chart":"US5NH1CD"}},{"type":"Feature","geometry":{"type":"Point","coordinates":[-70.834965,43.116571]},"properties":{"objtype":"SOUNDG","valsou":0.9,"chart":"US5NH1CD"}},{"type":"Feature","geometry":{"type":"Point","coordinates":[-70.833749,43.120232]},"properties":{"objtype":"SOUNDG","valsou":2.7,"chart":"US5NH1CD"}},{"type":"Feature","geometry":{"type":"Point","coordinates":[-70.832093,43.116136]},"properties":{"objtype":"SOUNDG","valsou":0.6,"chart":"US5NH1CD"}},{"type":"Feature","geometry":{"type":"Point","coordinates":[-70.830577,43.118955]},"properties":{"objtype":"SOUNDG","valsou":2.1,"chart":"US5NH1CD"}},{"type":"Feature","geometry":{"type":"Point","coordinates":[-70.829963,43.115772]},"properties":{"objtype":"SOUNDG","valsou":1.8,"chart":"US5NH1CD"}},{"type":"Feature","geometry":{"type":"Point","coordinates":[-70.826668,43.115101]},"properties":{"objtype":"SOUNDG","valsou":0.6,"chart":"US5NH1CD"}},{"type":"Feature","geometry":{"type":"Point","coordinates":[-70.826462,43.119336]},"properties":{"objtype":"SOUNDG","valsou":0.3,"chart":"US5NH1CD"}},{"type":"Feature","geometry":{"type":"Point","coordinates":[-70.823276,43.123159]},"properties":{"objtype":"SOUNDG","valsou":0.3,"chart":"US5NH1CD"}},{"type":"Feature","geometry":{"type":"Point","coordinates":[-70.825323,43.119041]},"properties":{"objtype":"SOUNDG","valsou":3.9,"chart":"US5NH1CD"}},{"type":"Feature","geometry":{"type":"Point","coordinates":[-70.825021,43.115949]},"properties":{"objtype":"SOUNDG","valsou":0.3,"chart":"US5NH1CD"}},{"type":"Feature","geometry":{"type":"Point","coordinates":[-70.822323,43.117635]},"properties":{"objtype":"SOUNDG","valsou":0.6,"chart":"US5NH1CD"}},{"type":"Feature","geometry":{"type":"Point","coordinates":[-70.820987,43.123084]},"properties":{"objtype":"SOUNDG","valsou":0.3,"chart":"US5NH1CD"}},{"type":"Feature","geometry":{"type":"Point","coordinates":[-70.816629,43.122327]},"properties":{"objtype":"SOUNDG","valsou":0.3,"chart":"US5NH1CD"}},{"type":"Feature","geometry":{"type":"Point","coordinates":[-70.813699,43.11771]},"properties":{"objtype":"SOUNDG","valsou":0.9,"chart":"US5NH1CD"}},{"type":"Feature","geometry":{"type":"Point","coordinates":[-70.814026,43.121608]},"properties":{"objtype":"SOUNDG","valsou":0.3,"chart":"US5NH1CD"}},{"type":"Feature","geometry":{"type":"Point","coordinates":[-70.812343,43.117962]},"properties":{"objtype":"SOUNDG","valsou":7.3,"chart":"US5NH1CD"}},{"type":"Feature","geometry":{"type":"Point","coordinates":[-70.808325,43.114792]},"properties":{"objtype":"SOUNDG","valsou":1.2,"chart":"US5NH1CD"}},{"type":"Feature","geometry":{"type":"Point","coordinates":[-70.805077,43.111933]},"properties":{"objtype":"SOUNDG","valsou":2.7,"chart":"US5NH1CD"}},{"type":"Feature","geometry":{"type":"Point","coordinates":[-70.804362,43.11254]},"properties":{"objtype":"SOUNDG","valsou":2.7,"chart":"US5NH1CD"}},{"type":"Feature","geometry":{"type":"Point","coordinates":[-70.802773,43.110189]},"properties":{"objtype":"SOUNDG","valsou":3.3,"chart":"US5NH1CD"}},{"type":"Feature","geometry":{"type":"Point","coordinates":[-70.802913,43.116966]},"properties":{"objtype":"SOUNDG","valsou":0.1,"chart":"US5NH1CD"}},{"type":"Feature","geometry":{"type":"Point","coordinates":[-70.873968,43.0695]},"properties":{"objtype":"SOUNDG","valsou":0.1,"chart":"US5NH1CD"}},{"type":"Feature","geometry":{"type":"Point","coordinates":[-70.873409,43.082195]},"properties":{"objtype":"SOUNDG","valsou":0.3,"chart":"US5NH1CD"}},{"type":"Feature","geometry":{"type":"Point","coordinates":[-70.873394,43.07529]},"properties":{"objtype":"SOUNDG","valsou":3.3,"chart":"US5NH1CD"}},{"type":"Feature","geometry":{"type":"Point","coordinates":[-70.873147,43.077299]},"properties":{"objtype":"SOUNDG","valsou":0.3,"chart":"US5NH1CD"}},{"type":"Feature","geometry":{"type":"Point","coordinates":[-70.872286,43.069727]},"properties":{"objtype":"SOUNDG","valsou":0.1,"chart":"US5NH1CD"}},{"type":"Feature","geometry":{"type":"Point","coordinates":[-70.872286,43.124364]},"properties":{"objtype":"SOUNDG","valsou":0.3,"chart":"US5NH1CD"}},{"type":"Feature","geometry":{"type":"Point","coordinates":[-70.871986,43.123035]},"properties":{"objtype":"SOUNDG","valsou":0.3,"chart":"US5NH1CD"}},{"type":"Feature","geometry":{"type":"Point","coordinates":[-70.871003,43.080967]},"properties":{"objtype":"SOUNDG","valsou":0.6,"chart":"US5NH1CD"}},{"type":"Feature","geometry":{"type":"Point","coordinates":[-70.870961,43.063975]},"properties":{"objtype":"SOUNDG","valsou":0.1,"chart":"US5NH1CD"}},{"type":"Feature","geometry":{"type":"Point","coordinates":[-70.870716,43.068869]},"properties":{"objtype":"SOUNDG","valsou":0.3,"chart":"US5NH1CD"}},{"type":"Feature","geometry":{"type":"Point","coordinates":[-70.870526,43.090578]},"properties":{"objtype":"SOUNDG","valsou":0.6,"chart":"US5NH1CD"}},{"type":"Feature","geometry":{"type":"Point","coordinates":[-70.870376,43.122314]},"properties":{"objtype":"SOUNDG","valsou":0.1,"chart":"US5NH1CD"}},{"type":"Feature","geometry":{"type":"Point","coordinates":[-70.868589,43.087374]},"properties":{"objtype":"SOUNDG","valsou":0.1,"chart":"US5NH1CD"}},{"type":"Feature","geometry":{"type":"Point","coordinates":[-70.869041,43.084347]},"properties":{"objtype":"SOUNDG","valsou":0.3,"chart":"US5NH1CD"}},{"type":"Feature","geometry":{"type":"Point","coordinates":[-70.867754,43.076687]},"properties":{"objtype":"SOUNDG","valsou":3.9,"chart":"US5NH1CD"}},{"type":"Feature","geometry":{"type":"Point","coordinates":[-70.868015,43.123733]},"properties":{"objtype":"SOUNDG","valsou":0.1,"chart":"US5NH1CD"}},{"type":"Feature","geometry":{"type":"Point","coordinates":[-70.867974,43.073965]},"properties":{"objtype":"SOUNDG","valsou":3.9,"chart":"US5NH1CD"}},{"type":"Feature","geometry":{"type":"Point","coordinates":[-70.868008,43.068029]},"properties":{"objtype":"SOUNDG","valsou":1.2,"chart":"US5NH1CD"}},{"type":"Feature","geometry":{"type":"Point","coordinates":[-70.86837,43.06623]},"properties":{"objtype":"SOUNDG","valsou":0.3,"chart":"US5NH1CD"}},{"type":"Feature","geometry":{"type":"Point","coordinates":[-70.869061,43.06088]},"properties":{"objtype":"SOUNDG","valsou":0.1,"chart":"US5NH1CD"}},{"type":"Feature","geometry":{"type":"Point","coordinates":[-70.868799,43.119793]},"properties":{"objtype":"SOUNDG","valsou":0.1,"chart":"US5NH1CD"}},{"type":"Feature","geometry":{"type":"Point","coordinates":[-70.868649,43.088801]},"properties":{"objtype":"SOUNDG","valsou":0.3,"chart":"US5NH1CD"}},{"type":"Feature","geometry":{"type":"Point","coordinates":[-70.867633,43.113036]},"properties":{"objtype":"SOUNDG","valsou":0.6,"chart":"US5NH1CD"}},{"type":"Feature","geometry":{"type":"Point","coordinates":[-70.867271,43.065234]},"properties":{"objtype":"SOUNDG","valsou":0.6,"chart":"US5NH1CD"}},{"type":"Feature","geometry":{"type":"Point","coordinates":[-70.867201,43.114455]},"properties":{"objtype":"SOUNDG","valsou":0.3,"chart":"US5NH1CD"}},{"type":"Feature","geometry":{"type":"Point","coordinates":[-70.864541,43.079198]},"properties":{"objtype":"SOUNDG","valsou":0.3,"chart":"US5NH1CD"}},{"type":"Feature","geometry":{"type":"Point","coordinates":[-70.866448,43.067002]},"properties":{"objtype":"SOUNDG","valsou":1.2,"chart":"US5NH1CD"}},{"type":"Feature","geometry":{"type":"Point","coordinates":[-70.866877,43.119793]},"properties":{"objtype":"SOUNDG","valsou":7.6,"chart":"US5NH1CD"}},{"type":"Feature","geometry":{"type":"Point","coordinates":[-70.866704,43.089502]},"properties":{"objtype":"SOUNDG","valsou":0.3,"chart":"US5NH1CD"}},{"type":"Feature","geometry":{"type":"Point","coordinates":[-70.865569,43.077423]},"properties":{"objtype":"SOUNDG","valsou":0.3,"chart":"US5NH1CD"}},{"type":"Feature","geometry":{"type":"Point","coordinates":[-70.866058,43.061603]},"properties":{"objtype":"SOUNDG","valsou":0.3,"chart":"US5NH1CD"}},{"type":"Feature","geometry":{"type":"Point","coordinates":[-70.866051,43.060452]},"properties":{"objtype":"SOUNDG","valsou":0.1,"chart":"US5NH1CD"}},{"type":"Feature","geometry":{"type":"Point","coordinates":[-70.865584,43.073784]},"properties":{"objtype":"SOUNDG","valsou":0.3,"chart":"US5NH1CD"}},{"type":"Feature","geometry":{"type":"Point","coordinates":[-70.863505,43.120451]},"properties":{"objtype":"SOUNDG","valsou":5.1,"chart":"US5NH1CD"}},{"type":"Feature","geometry":{"type":"Point","coordinates":[-70.863158,43.068528]},"properties":{"objtype":"SOUNDG","valsou":0.6,"chart":"US5NH1CD"}},{"type":"Feature","geometry":{"type":"Point","coordinates":[-70.86167,43.07318]},"properties":{"objtype":"SOUNDG","valsou":0.1,"chart":"US5NH1CD"}},{"type":"Feature","geometry":{"type":"Point","coordinates":[-70.864146,43.110198]},"properties":{"objtype":"SOUNDG","valsou":0.1,"chart":"US5NH1CD"}},{"type":"Feature","geometry":{"type":"Point","coordinates":[-70.862047,43.120756]},"properties":{"objtype":"SOUNDG","valsou":0.6,"chart":"US5NH1CD"}},{"type":"Feature","geometry":{"type":"Point","coordinates":[-70.864124,43.070771]},"properties":{"objtype":"SOUNDG","valsou":0.6,"chart":"US5NH1CD"}},{"type":"Feature","geometry":{"type":"Point","coordinates":[-70.864116,43.098787]},"properties":{"objtype":"SOUNDG","valsou":0.3,"chart":"US5NH1CD"}},{"type":"Feature","geometry":{"type":"Point","coordinates":[-70.864044,43.124861]},"properties":{"objtype":"SOUNDG","valsou":2.1,"chart":"US5NH1CD"}},{"type":"Feature","geometry":{"type":"Point","coordinates":[-70.863774,43.108431]},"properties":{"objtype":"SOUNDG","valsou":0.6,"chart":"US5NH1CD"}},{"type":"Feature","geometry":{"type":"Point","coordinates":[-70.863525,43.102444]},"properties":{"objtype":"SOUNDG","valsou":0.1,"chart":"US5NH1CD"}},{"type":"Feature","geometry":{"type":"Point","coordinates":[-70.862092,43.08403]},"properties":{"objtype":"SOUNDG","valsou":0.1,"chart":"US5NH1CD"}},{"type":"Feature","geometry":{"type":"Point","coordinates":[-70.863525,43.104461]},"properties":{"objtype":"SOUNDG","valsou":0.3,"chart":"US5NH1CD"}},{"type":"Feature","geometry":{"type":"Point","coordinates":[-70.86315,43.080364]},"properties":{"objtype":"SOUNDG","valsou":0.3,"chart":"US5NH1CD"}},{"type":"Feature","geometry":{"type":"Point","coordinates":[-70.862998,43.077676]},"properties":{"objtype":"SOUNDG","valsou":0.3,"chart":"US5NH1CD"}},{"type":"Feature","geometry":{"type":"Point","coordinates":[-70.862254,43.059872]},"properties":{"objtype":"SOUNDG","valsou":0.1,"chart":"US5NH1CD"}},{"type":"Feature","geometry":{"type":"Point","coordinates":[-70.86206,43.061233]},"properties":{"objtype":"SOUNDG","valsou":0.3,"chart":"US5NH1CD"}},{"type":"Feature","geometry":{"type":"Point","coordinates":[-70.861474,43.108035]},"properties":{"objtype":"SOUNDG","valsou":4.5,"chart":"US5NH1CD"}},{"type":"Feature","geometry":{"type":"Point","coordinates":[-70.861436,43.104262]},"properties":{"objtype":"SOUNDG","valsou":7.3,"chart":"US5NH1CD"}},{"type":"Feature","geometry":{"type":"Point","coordinates":[-70.861401,43.110218]},"properties":{"objtype":"SOUNDG","valsou":5.1,"chart":"US5NH1CD"}},{"type":"Feature","geometry":{"type":"Point","coordinates":[-70.861378,43.06898]},"properties":{"objtype":"SOUNDG","valsou":0.1,"chart":"US5NH1CD"}},{"type":"Feature","geometry":{"type":"Point","coordinates":[-70.861256,43.070186]},"properties":{"objtype":"SOUNDG","valsou":0.6,"chart":"US5NH1CD"}},{"type":"Feature","geometry":{"type":"Point","coordinates":[-70.861151,43.124137]},"properties":{"objtype":"SOUNDG","valsou":4.8,"chart":"US5NH1CD"}},{"type":"Feature","geometry":{"type":"Point","coordinates":[-70.860954,43.119957]},"properties":{"objtype":"SOUNDG","valsou":0.3,"chart":"US5NH1CD"}},{"type":"Feature","geometry":{"type":"Point","coordinates":[-70.860452,43.114845]},"properties":{"objtype":"SOUNDG","valsou":8.8,"chart":"US5NH1CD"}},{"type":"Feature","geometry":{"type":"Point","coordinates":[-70.85855,43.101986]},"properties":{"objtype":"SOUNDG","valsou":8.5,"chart":"US5NH1CD"}},{"type":"Feature","geometry":{"type":"Point","coordinates":[-70.860073,43.088167]},"properties":{"objtype":"SOUNDG","valsou":0.1,"chart":"US5NH1CD"}},{"type":"Feature","geometry":{"type":"Point","coordinates":[-70.859062,43.121779]},"properties":{"objtype":"SOUNDG","valsou":0.9,"chart":"US5NH1CD"}},{"type":"Feature","geometry":{"type":"Point","coordinates":[-70.859796,43.060472]},"properties":{"objtype":"SOUNDG","valsou":0.3,"chart":"US5NH1CD"}},{"type":"Feature","geometry":{"type":"Point","coordinates":[-70.859351,43.062825]},"properties":{"objtype":"SOUNDG","valsou":0.9,"chart":"US5NH1CD"}},{"type":"Feature","geometry":{"type":"Point","coordinates":[-70.855532,43.11654]},"properties":{"objtype":"SOUNDG","valsou":0.3,"chart":"US5NH1CD"}},{"type":"Feature","geometry":{"type":"Point","coordinates":[-70.856493,43.095722]},"properties":{"objtype":"SOUNDG","valsou":0.3,"chart":"US5NH1CD"}},{"type":"Feature","geometry":{"type":"Point","coordinates":[-70.856144,43.101129]},"properties":{"objtype":"SOUNDG","valsou":2.1,"chart":"US5NH1CD"}},{"type":"Feature","geometry":{"type":"Point","coordinates":[-70.857107,43.121896]},"properties":{"objtype":"SOUNDG","valsou":0.9,"chart":"US5NH1CD"}},{"type":"Feature","geometry":{"type":"Point","coordinates":[-70.85564,43.108239]},"properties":{"objtype":"SOUNDG","valsou":0.1,"chart":"US5NH1CD"}},{"type":"Feature","geometry":{"type":"Point","coordinates":[-70.855894,43.117897]},"properties":{"objtype":"SOUNDG","valsou":0.3,"chart":"US5NH1CD"}},{"type":"Feature","geometry":{"type":"Point","coordinates":[-70.856633,43.125711]},"properties":{"objtype":"SOUNDG","valsou":0.3,"chart":"US5NH1DD"}},{"type":"Feature","geometry":{"type":"Point","coordinates":[-70.855854,43.104198]},"properties":{"objtype":"SOUNDG","valsou":0.3,"chart":"US5NH1CD"}},{"type":"Feature","geometry":{"type":"Point","coordinates":[-70.855632,43.114327]},"properties":{"objtype":"SOUNDG","valsou":0.3,"chart":"US5NH1CD"}},{"type":"Feature","geometry":{"type":"Point","coordinates":[-70.8572,43.060827]},"properties":{"objtype":"SOUNDG","valsou":0.6,"chart":"US5NH1CD"}},{"type":"Feature","geometry":{"type":"Point","coordinates":[-70.855522,43.111253]},"properties":{"objtype":"SOUNDG","valsou":2.7,"chart":"US5NH1CD"}},{"type":"Feature","geometry":{"type":"Point","coordinates":[-70.857127,43.097072]},"properties":{"objtype":"SOUNDG","valsou":2.4,"chart":"US5NH1CD"}},{"type":"Feature","geometry":{"type":"Point","coordinates":[-70.856633,43.058724]},"properties":{"objtype":"SOUNDG","valsou":0.1,"chart":"US5NH1CD"}},{"type":"Feature","geometry":{"type":"Point","coordinates":[-70.856426,43.065254]},"properties":{"objtype":"SOUNDG","valsou":0.3,"chart":"US5NH1CD"}},{"type":"Feature","geometry":{"type":"Point","coordinates":[-70.85549,43.10227]},"properties":{"objtype":"SOUNDG","valsou":0.3,"chart":"US5NH1CD"}},{"type":"Feature","geometry":{"type":"Point","coordinates":[-70.854931,43.112455]},"properties":{"objtype":"SOUNDG","valsou":0.3,"chart":"US5NH1CD"}},{"type":"Feature","geometry":{"type":"Point","coordinates":[-70.853436,43.121294]},"properties":{"objtype":"SOUNDG","valsou":0.3,"chart":"US5NH1CD"}},{"type":"Feature","geometry":{"type":"Point","coordinates":[-70.854624,43.115351]},"properties":{"objtype":"SOUNDG","valsou":0.1,"chart":"US5NH1CD"}},{"type":"Feature","geometry":{"type":"Point","coordinates":[-70.852887,43.12483]},"properties":{"objtype":"SOUNDG","valsou":0.9,"chart":"US5NH1CD"}},{"type":"Feature","geometry":{"type":"Point","coordinates":[-70.853321,43.060192]},"properties":{"objtype":"SOUNDG","valsou":0.3,"chart":"US5NH1CD"}},{"type":"Feature","geometry":{"type":"Point","coordinates":[-70.852919,43.062216]},"properties":{"objtype":"SOUNDG","valsou":1.8,"chart":"US5NH1CD"}},{"type":"Feature","geometry":{"type":"Point","coordinates":[-70.852667,43.064573]},"properties":{"objtype":"SOUNDG","valsou":0.3,"chart":"US5NH1CD"}},{"type":"Feature","geometry":{"type":"Point","coordinates":[-70.852482,43.066427]},"properties":{"objtype":"SOUNDG","valsou":0.3,"chart":"US5NH1CD"}},{"type":"Feature","geometry":{"type":"Point","coordinates":[-70.8524,43.06808]},"properties":{"objtype":"SOUNDG","valsou":0.9,"chart":"US5NH1CD"}},{"type":"Feature","geometry":{"type":"Point","coordinates":[-70.850985,43.120557]},"properties":{"objtype":"SOUNDG","valsou":0.3,"chart":"US5NH1CD"}},{"type":"Feature","geometry":{"type":"Point","coordinates":[-70.85117,43.125558]},"properties":{"objtype":"SOUNDG","valsou":2.1,"chart":"US5NH1DD"}},{"type":"Feature","geometry":{"type":"Point","coordinates":[-70.84928,43.058263]},"properties":{"objtype":"SOUNDG","valsou":0.1,"chart":"US5NH1CD"}},{"type":"Feature","geometry":{"type":"Point","coordinates":[-70.84924,43.061812]},"properties":{"objtype":"SOUNDG","valsou":1.2,"chart":"US5NH1CD"}},{"type":"Feature","geometry":{"type":"Point","coordinates":[-70.84924,43.063849]},"properties":{"objtype":"SOUNDG","valsou":0.3,"chart":"US5NH1CD"}},{"type":"Feature","geometry":{"type":"Point","coordinates":[-70.849113,43.067061]},"properties":{"objtype":"SOUNDG","valsou":0.3,"chart":"US5NH1CD"}},{"type":"Feature","geometry":{"type":"Point","coordinates":[-70.848127,43.124474]},"properties":{"objtype":"SOUNDG","valsou":4.2,"chart":"US5NH1CD"}},{"type":"Feature","geometry":{"type":"Point","coordinates":[-70.848104,43.120285]},"properties":{"objtype":"SOUNDG","valsou":6.4,"chart":"US5NH1CD"}},{"type":"Feature","geometry":{"type":"Point","coordinates":[-70.845613,43.125938]},"properties":{"objtype":"SOUNDG","valsou":1.2,"chart":"US5NH1DD"}},{"type":"Feature","geometry":{"type":"Point","coordinates":[-70.845683,43.059676]},"properties":{"objtype":"SOUNDG","valsou":0.6,"chart":"US5NH1CD"}},{"type":"Feature","geometry":{"type":"Point","coordinates":[-70.845663,43.063082]},"properties":{"objtype":"SOUNDG","valsou":0.3,"chart":"US5NH1CD"}},{"type":"Feature","geometry":{"type":"Point","coordinates":[-70.845646,43.064921]},"properties":{"objtype":"SOUNDG","valsou":0.3,"chart":"US5NH1CD"}},{"type":"Feature","geometry":{"type":"Point","coordinates":[-70.845596,43.122808]},"properties":{"objtype":"SOUNDG","valsou":3.3,"chart":"US5NH1CD"}},{"type":"Feature","geometry":{"type":"Point","coordinates":[-70.843249,43.126167]},"properties":{"objtype":"SOUNDG","valsou":0.1,"chart":"US5NH1DD"}},{"type":"Feature","geometry":{"type":"Point","coordinates":[-70.842066,43.117131]},"properties":{"objtype":"SOUNDG","valsou":1.2,"chart":"US5NH1CD"}},{"type":"Feature","geometry":{"type":"Point","coordinates":[-70.839203,43.124369]},"properties":{"objtype":"SOUNDG","valsou":0.1,"chart":"US5NH1CD"}},{"type":"Feature","geometry":{"type":"Point","coordinates":[-70.836745,43.121544]},"properties":{"objtype":"SOUNDG","valsou":2.7,"chart":"US5NH1CD"}},{"type":"Feature","geometry":{"type":"Point","coordinates":[-70.826264,43.122022]},"properties":{"objtype":"SOUNDG","valsou":0.6,"chart":"US5NH1CD"}},{"type":"Feature","geometry":{"type":"Point","coordinates":[-70.825353,43.114117]},"properties":{"objtype":"SOUNDG","valsou":0.3,"chart":"US5NH1CD"}},{"type":"Feature","geometry":{"type":"Point","coordinates":[-70.824941,43.125944]},"properties":{"objtype":"SOUNDG","valsou":0.3,"chart":"US5NH1DD"}},{"type":"Feature","geometry":{"type":"Point","coordinates":[-70.82075,43.125386]},"properties":{"objtype":"SOUNDG","valsou":0.1,"chart":"US5NH1DD"}},{"type":"Feature","geometry":{"type":"Point","coordinates":[-70.816575,43.117297]},"properties":{"objtype":"SOUNDG","valsou":0.3,"chart":"US5NH1CD"}},{"type":"Feature","geometry":{"type":"Point","coordinates":[-70.81266,43.116871]},"properties":{"objtype":"SOUNDG","valsou":0.3,"chart":"US5NH1CD"}},{"type":"Feature","geometry":{"type":"Point","coordinates":[-70.811984,43.121067]},"properties":{"objtype":"SOUNDG","valsou":3.9,"chart":"US5NH1CD"}},{"type":"Feature","geometry":{"type":"Point","coordinates":[-70.808332,43.112405]},"properties":{"objtype":"SOUNDG","valsou":0.3,"chart":"US5NH1CD"}},{"type":"Feature","geometry":{"type":"Point","coordinates":[-70.808612,43.120837]},"properties":{"objtype":"SOUNDG","valsou":0.6,"chart":"US5NH1CD"}},{"type":"Feature","geometry":{"type":"Point","coordinates":[-70.8047,43.118634]},"properties":{"objtype":"SOUNDG","valsou":0.1,"chart":"US5NH1CD"}},{"type":"Feature","geometry":{"type":"Point","coordinates":[-70.805522,43.110335]},"properties":{"objtype":"SOUNDG","valsou":0.3,"chart":"US5NH1CD"}},{"type":"Feature","geometry":{"type":"Point","coordinates":[-70.803897,43.118138]},"properties":{"objtype":"SOUNDG","valsou":0.3,"chart":"US5NH1CD"}},{"type":"Feature","geometry":{"type":"Point","coordinates":[-70.800625,43.110431]},"properties":{"objtype":"SOUNDG","valsou":10.0,"chart":"US5NH1CD"}},{"type":"Feature","geometry":{"type":"Point","coordinates":[-70.799928,43.11394]},"properties":{"objtype":"SOUNDG","valsou":0.6,"chart":"US5PSMCC"}},{"type":"Feature","geometry":{"type":"Point","coordinates":[-70.808485,43.119766]},"properties":{"objtype":"SOUNDG","valsou":0.6,"chart":"US5NH1CD"}},{"type":"Feature","geometry":{"type":"Point","coordinates":[-70.804923,43.116938]},"properties":{"objtype":"SOUNDG","valsou":1.5,"chart":"US5NH1CD"}},{"type":"Feature","geometry":{"type":"Point","coordinates":[-70.916925,43.131419]},"properties":{"objtype":"SOUNDG","valsou":0.3,"chart":"US5NH1DC"}},{"type":"Feature","geometry":{"type":"Point","coordinates":[-70.915405,43.132406]},"properties":{"objtype":"SOUNDG","valsou":0.3,"chart":"US5NH1DC"}},{"type":"Feature","geometry":{"type":"Point","coordinates":[-70.914399,43.132821]},"properties":{"objtype":"SOUNDG","valsou":0.1,"chart":"US5NH1DC"}},{"type":"Feature","geometry":{"type":"Point","coordinates":[-70.909861,43.13449]},"properties":{"objtype":"SOUNDG","valsou":0.3,"chart":"US5NH1DC"}},{"type":"Feature","geometry":{"type":"Point","coordinates":[-70.908554,43.134646]},"properties":{"objtype":"SOUNDG","valsou":0.1,"chart":"US5NH1DC"}},{"type":"Feature","geometry":{"type":"Point","coordinates":[-70.905471,43.134269]},"properties":{"objtype":"SOUNDG","valsou":1.2,"chart":"US5NH1DC"}},{"type":"Feature","geometry":{"type":"Point","coordinates":[-70.900619,43.132711]},"properties":{"objtype":"SOUNDG","valsou":0.3,"chart":"US5NH1DC"}},{"type":"Feature","geometry":{"type":"Point","coordinates":[-70.899411,43.132423]},"properties":{"objtype":"SOUNDG","valsou":1.5,"chart":"US5NH1DC"}},{"type":"Feature","geometry":{"type":"Point","coordinates":[-70.897239,43.132505]},"properties":{"objtype":"SOUNDG","valsou":0.6,"chart":"US5NH1DC"}},{"type":"Feature","geometry":{"type":"Point","coordinates":[-70.896303,43.132477]},"properties":{"objtype":"SOUNDG","valsou":0.1,"chart":"US5NH1DC"}},{"type":"Feature","geometry":{"type":"Point","coordinates":[-70.893977,43.131832]},"properties":{"objtype":"SOUNDG","valsou":0.1,"chart":"US5NH1DC"}},{"type":"Feature","geometry":{"type":"Point","coordinates":[-70.889519,43.131331]},"properties":{"objtype":"SOUNDG","valsou":0.3,"chart":"US5NH1DC"}},{"type":"Feature","geometry":{"type":"Point","coordinates":[-70.889656,43.132766]},"properties":{"objtype":"SOUNDG","valsou":0.3,"chart":"US5NH1DC"}},{"type":"Feature","geometry":{"type":"Point","coordinates":[-70.886813,43.132823]},"properties":{"objtype":"SOUNDG","valsou":0.6,"chart":"US5NH1DC"}},{"type":"Feature","geometry":{"type":"Point","coordinates":[-70.887732,43.131315]},"properties":{"objtype":"SOUNDG","valsou":0.1,"chart":"US5NH1DC"}},{"type":"Feature","geometry":{"type":"Point","coordinates":[-70.884789,43.130238]},"properties":{"objtype":"SOUNDG","valsou":0.1,"chart":"US5NH1DC"}},{"type":"Feature","geometry":{"type":"Point","coordinates":[-70.88387,43.129474]},"properties":{"objtype":"SOUNDG","valsou":0.3,"chart":"US5NH1DC"}},{"type":"Feature","geometry":{"type":"Point","coordinates":[-70.879934,43.126867]},"properties":{"objtype":"SOUNDG","valsou":0.1,"chart":"US5NH1DC"}},{"type":"Feature","geometry":{"type":"Point","coordinates":[-70.87771,43.127936]},"properties":{"objtype":"SOUNDG","valsou":0.1,"chart":"US5NH1DC"}},{"type":"Feature","geometry":{"type":"Point","coordinates":[-70.8569,43.127925]},"properties":{"objtype":"SOUNDG","valsou":0.3,"chart":"US5NH1DD"}},{"type":"Feature","geometry":{"type":"Point","coordinates":[-70.853937,43.128582]},"properties":{"objtype":"SOUNDG","valsou":0.1,"chart":"US5NH1DD"}},{"type":"Feature","geometry":{"type":"Point","coordinates":[-70.850119,43.128198]},"properties":{"objtype":"SOUNDG","valsou":0.1,"chart":"US5NH1DD"}},{"type":"Feature","geometry":{"type":"Point","coordinates":[-70.832609,43.14645]},"properties":{"objtype":"SOUNDG","valsou":0.1,"chart":"US5NH1DD"}},{"type":"Feature","geometry":{"type":"Point","coordinates":[-70.834181,43.149964]},"properties":{"objtype":"SOUNDG","valsou":0.1,"chart":"US5NH1DD"}},{"type":"Feature","geometry":{"type":"Point","coordinates":[-70.831773,43.143445]},"properties":{"objtype":"SOUNDG","valsou":0.3,"chart":"US5NH1DD"}},{"type":"Feature","geometry":{"type":"Point","coordinates":[-70.832911,43.132494]},"properties":{"objtype":"SOUNDG","valsou":0.1,"chart":"US5NH1DD"}},{"type":"Feature","geometry":{"type":"Point","coordinates":[-70.831478,43.140835]},"properties":{"objtype":"SOUNDG","valsou":5.7,"chart":"US5NH1DD"}},{"type":"Feature","geometry":{"type":"Point","coordinates":[-70.829536,43.138318]},"properties":{"objtype":"SOUNDG","valsou":1.8,"chart":"US5NH1DD"}},{"type":"Feature","geometry":{"type":"Point","coordinates":[-70.828523,43.133154]},"properties":{"objtype":"SOUNDG","valsou":0.3,"chart":"US5NH1DD"}},{"type":"Feature","geometry":{"type":"Point","coordinates":[-70.829029,43.132298]},"properties":{"objtype":"SOUNDG","valsou":0.3,"chart":"US5NH1DD"}},{"type":"Feature","geometry":{"type":"Point","coordinates":[-70.828525,43.187496]},"properties":{"objtype":"SOUNDG","valsou":0.1,"chart":"US5NH1DD"}},{"type":"Feature","geometry":{"type":"Point","coordinates":[-70.827504,43.16705]},"properties":{"objtype":"SOUNDG","valsou":1.2,"chart":"US5NH1DD"}},{"type":"Feature","geometry":{"type":"Point","coordinates":[-70.828116,43.157086]},"properties":{"objtype":"SOUNDG","valsou":0.3,"chart":"US5NH1DD"}},{"type":"Feature","geometry":{"type":"Point","coordinates":[-70.827756,43.171341]},"properties":{"objtype":"SOUNDG","valsou":0.3,"chart":"US5NH1DD"}},{"type":"Feature","geometry":{"type":"Point","coordinates":[-70.826591,43.161181]},"properties":{"objtype":"SOUNDG","valsou":0.6,"chart":"US5NH1DD"}},{"type":"Feature","geometry":{"type":"Point","coordinates":[-70.825705,43.127488]},"properties":{"objtype":"SOUNDG","valsou":0.1,"chart":"US5NH1DD"}},{"type":"Feature","geometry":{"type":"Point","coordinates":[-70.825632,43.172478]},"properties":{"objtype":"SOUNDG","valsou":2.4,"chart":"US5NH1DD"}},{"type":"Feature","geometry":{"type":"Point","coordinates":[-70.823873,43.173574]},"properties":{"objtype":"SOUNDG","valsou":0.9,"chart":"US5NH1DD"}},{"type":"Feature","geometry":{"type":"Point","coordinates":[-70.81941,43.195443]},"properties":{"objtype":"SOUNDG","valsou":1.2,"chart":"US5NH1DD"}},{"type":"Feature","geometry":{"type":"Point","coordinates":[-70.856721,43.163059]},"properties":{"objtype":"SOUNDG","valsou":0.1,"chart":"US5NH1DD"}},{"type":"Feature","geometry":{"type":"Point","coordinates":[-70.849665,43.152449]},"properties":{"objtype":"SOUNDG","valsou":0.6,"chart":"US5NH1DD"}},{"type":"Feature","geometry":{"type":"Point","coordinates":[-70.853904,43.160649]},"properties":{"objtype":"SOUNDG","valsou":0.3,"chart":"US5NH1DD"}},{"type":"Feature","geometry":{"type":"Point","coordinates":[-70.852947,43.132488]},"properties":{"objtype":"SOUNDG","valsou":0.1,"chart":"US5NH1DD"}},{"type":"Feature","geometry":{"type":"Point","coordinates":[-70.852345,43.130722]},"properties":{"objtype":"SOUNDG","valsou":0.1,"chart":"US5NH1DD"}},{"type":"Feature","geometry":{"type":"Point","coordinates":[-70.851384,43.132898]},"properties":{"objtype":"SOUNDG","valsou":0.1,"chart":"US5NH1DD"}},{"type":"Feature","geometry":{"type":"Point","coordinates":[-70.849165,43.134852]},"properties":{"objtype":"SOUNDG","valsou":0.1,"chart":"US5NH1DD"}},{"type":"Feature","geometry":{"type":"Point","coordinates":[-70.84745,43.129927]},"properties":{"objtype":"SOUNDG","valsou":0.1,"chart":"US5NH1DD"}},{"type":"Feature","geometry":{"type":"Point","coordinates":[-70.846582,43.140075]},"properties":{"objtype":"SOUNDG","valsou":0.1,"chart":"US5NH1DD"}},{"type":"Feature","geometry":{"type":"Point","coordinates":[-70.845389,43.141656]},"properties":{"objtype":"SOUNDG","valsou":0.3,"chart":"US5NH1DD"}},{"type":"Feature","geometry":{"type":"Point","coordinates":[-70.846312,43.135395]},"properties":{"objtype":"SOUNDG","valsou":0.3,"chart":"US5NH1DD"}},{"type":"Feature","geometry":{"type":"Point","coordinates":[-70.844999,43.13974]},"properties":{"objtype":"SOUNDG","valsou":0.1,"chart":"US5NH1DD"}},{"type":"Feature","geometry":{"type":"Point","coordinates":[-70.844657,43.135916]},"properties":{"objtype":"SOUNDG","valsou":1.2,"chart":"US5NH1DD"}},{"type":"Feature","geometry":{"type":"Point","coordinates":[-70.853514,43.159059]},"properties":{"objtype":"SOUNDG","valsou":0.6,"chart":"US5NH1DD"}},{"type":"Feature","geometry":{"type":"Point","coordinates":[-70.852592,43.155383]},"properties":{"objtype":"SOUNDG","valsou":0.7,"chart":"US5NH1DD"}},{"type":"Feature","geometry":{"type":"Point","coordinates":[-70.850661,43.154077]},"properties":{"objtype":"SOUNDG","valsou":0.8,"chart":"US5NH1DD"}},{"type":"Feature","geometry":{"type":"Point","coordinates":[-70.84745,43.127911]},"properties":{"objtype":"SOUNDG","valsou":0.3,"chart":"US5NH1DD"}},{"type":"Feature","geometry":{"type":"Point","coordinates":[-70.848513,43.152294]},"properties":{"objtype":"SOUNDG","valsou":0.3,"chart":"US5NH1DD"}},{"type":"Feature","geometry":{"type":"Point","coordinates":[-70.847182,43.149627]},"properties":{"objtype":"SOUNDG","valsou":1.5,"chart":"US5NH1DD"}},{"type":"Feature","geometry":{"type":"Point","coordinates":[-70.846659,43.144354]},"properties":{"objtype":"SOUNDG","valsou":1.5,"chart":"US5NH1DD"}},{"type":"Feature","geometry":{"type":"Point","coordinates":[-70.846245,43.147476]},"properties":{"objtype":"SOUNDG","valsou":1.2,"chart":"US5NH1DD"}},{"type":"Feature","geometry":{"type":"Point","coordinates":[-70.865796,43.196989]},"properties":{"objtype":"SOUNDG","valsou":1.5,"chart":"US5NH1DD"}},{"type":"Feature","geometry":{"type":"Point","coordinates":[-70.863013,43.197006]},"properties":{"objtype":"SOUNDG","valsou":1.5,"chart":"US5NH1DD"}},{"type":"Feature","geometry":{"type":"Point","coordinates":[-70.86073,43.195331]},"properties":{"objtype":"SOUNDG","valsou":1.8,"chart":"US5NH1DD"}},{"type":"Feature","geometry":{"type":"Point","coordinates":[-70.853295,43.193768]},"properties":{"objtype":"SOUNDG","valsou":1.5,"chart":"US5NH1DD"}},{"type":"Feature","geometry":{"type":"Point","coordinates":[-70.84922,43.191977]},"properties":{"objtype":"SOUNDG","valsou":1.5,"chart":"US5NH1DD"}},{"type":"Feature","geometry":{"type":"Point","coordinates":[-70.842226,43.188982]},"properties":{"objtype":"SOUNDG","valsou":1.2,"chart":"US5NH1DD"}},{"type":"Feature","geometry":{"type":"Point","coordinates":[-70.83964,43.18651]},"properties":{"objtype":"SOUNDG","valsou":1.5,"chart":"US5NH1DD"}},{"type":"Feature","geometry":{"type":"Point","coordinates":[-70.830273,43.181248]},"properties":{"objtype":"SOUNDG","valsou":1.2,"chart":"US5NH1DD"}},{"type":"Feature","geometry":{"type":"Point","coordinates":[-70.828661,43.178827]},"properties":{"objtype":"SOUNDG","valsou":1.8,"chart":"US5NH1DD"}},{"type":"Feature","geometry":{"type":"Point","coordinates":[-70.827205,43.177552]},"properties":{"objtype":"SOUNDG","valsou":1.5,"chart":"US5NH1DD"}},{"type":"Feature","geometry":{"type":"Point","coordinates":[-70.869304,43.197378]},"properties":{"objtype":"SOUNDG","valsou":1.5,"chart":"US5NH1DD"}},{"type":"Feature","geometry":{"type":"Point","coordinates":[-70.856766,43.195196]},"properties":{"objtype":"SOUNDG","valsou":1.5,"chart":"US5NH1DD"}},{"type":"Feature","geometry":{"type":"Point","coordinates":[-70.850589,43.192477]},"properties":{"objtype":"SOUNDG","valsou":1.5,"chart":"US5NH1DD"}},{"type":"Feature","geometry":{"type":"Point","coordinates":[-70.84585,43.189933]},"properties":{"objtype":"SOUNDG","valsou":1.8,"chart":"US5NH1DD"}},{"type":"Feature","geometry":{"type":"Point","coordinates":[-70.862896,43.126578]},"properties":{"objtype":"SOUNDG","valsou":10.9,"chart":"US5NH1DD"}},{"type":"Feature","geometry":{"type":"Point","coordinates":[-70.859134,43.127061]},"properties":{"objtype":"SOUNDG","valsou":8.2,"chart":"US5NH1DD"}},{"type":"Feature","geometry":{"type":"Point","coordinates":[-70.845703,43.127318]},"properties":{"objtype":"SOUNDG","valsou":0.3,"chart":"US5NH1DD"}},{"type":"Feature","geometry":{"type":"Point","coordinates":[-70.833949,43.151242]},"properties":{"objtype":"SOUNDG","valsou":0.6,"chart":"US5NH1DD"}},{"type":"Feature","geometry":{"type":"Point","coordinates":[-70.832685,43.155526]},"properties":{"objtype":"SOUNDG","valsou":0.3,"chart":"US5NH1DD"}},{"type":"Feature","geometry":{"type":"Point","coordinates":[-70.832689,43.13989]},"properties":{"objtype":"SOUNDG","valsou":0.9,"chart":"US5NH1DD"}},{"type":"Feature","geometry":{"type":"Point","coordinates":[-70.832606,43.134284]},"properties":{"objtype":"SOUNDG","valsou":0.1,"chart":"US5NH1DD"}},{"type":"Feature","geometry":{"type":"Point","coordinates":[-70.832264,43.129222]},"properties":{"objtype":"SOUNDG","valsou":0.1,"chart":"US5NH1DD"}},{"type":"Feature","geometry":{"type":"Point","coordinates":[-70.831895,43.138234]},"properties":{"objtype":"SOUNDG","valsou":0.6,"chart":"US5NH1DD"}},{"type":"Feature","geometry":{"type":"Point","coordinates":[-70.830178,43.158458]},"properties":{"objtype":"SOUNDG","valsou":0.3,"chart":"US5NH1DD"}},{"type":"Feature","geometry":{"type":"Point","coordinates":[-70.828583,43.154204]},"properties":{"objtype":"SOUNDG","valsou":0.1,"chart":"US5NH1DD"}},{"type":"Feature","geometry":{"type":"Point","coordinates":[-70.831031,43.141853]},"properties":{"objtype":"SOUNDG","valsou":0.3,"chart":"US5NH1DD"}},{"type":"Feature","geometry":{"type":"Point","coordinates":[-70.8286,43.127914]},"properties":{"objtype":"SOUNDG","valsou":0.3,"chart":"US5NH1DD"}},{"type":"Feature","geometry":{"type":"Point","coordinates":[-70.830305,43.125903]},"properties":{"objtype":"SOUNDG","valsou":0.6,"chart":"US5NH1DD"}},{"type":"Feature","geometry":{"type":"Point","coordinates":[-70.829748,43.184961]},"properties":{"objtype":"SOUNDG","valsou":2.1,"chart":"US5NH1DD"}},{"type":"Feature","geometry":{"type":"Point","coordinates":[-70.829339,43.163478]},"properties":{"objtype":"SOUNDG","valsou":0.1,"chart":"US5NH1DD"}},{"type":"Feature","geometry":{"type":"Point","coordinates":[-70.829326,43.161621]},"properties":{"objtype":"SOUNDG","valsou":0.1,"chart":"US5NH1DD"}},{"type":"Feature","geometry":{"type":"Point","coordinates":[-70.829034,43.166502]},"properties":{"objtype":"SOUNDG","valsou":2.4,"chart":"US5NH1DD"}},{"type":"Feature","geometry":{"type":"Point","coordinates":[-70.8287,43.169819]},"properties":{"objtype":"SOUNDG","valsou":1.5,"chart":"US5NH1DD"}},{"type":"Feature","geometry":{"type":"Point","coordinates":[-70.828455,43.136015]},"properties":{"objtype":"SOUNDG","valsou":0.3,"chart":"US5NH1DD"}},{"type":"Feature","geometry":{"type":"Point","coordinates":[-70.828388,43.156379]},"properties":{"objtype":"SOUNDG","valsou":0.3,"chart":"US5NH1DD"}},{"type":"Feature","geometry":{"type":"Point","coordinates":[-70.827045,43.16489]},"properties":{"objtype":"SOUNDG","valsou":0.3,"chart":"US5NH1DD"}},{"type":"Feature","geometry":{"type":"Point","coordinates":[-70.826224,43.18064]},"properties":{"objtype":"SOUNDG","valsou":0.3,"chart":"US5NH1DD"}},{"type":"Feature","geometry":{"type":"Point","coordinates":[-70.828016,43.131009]},"properties":{"objtype":"SOUNDG","valsou":0.1,"chart":"US5NH1DD"}},{"type":"Feature","geometry":{"type":"Point","coordinates":[-70.827904,43.13483]},"properties":{"objtype":"SOUNDG","valsou":0.3,"chart":"US5NH1DD"}},{"type":"Feature","geometry":{"type":"Point","coordinates":[-70.827602,43.188702]},"properties":{"objtype":"SOUNDG","valsou":0.3,"chart":"US5NH1DD"}},{"type":"Feature","geometry":{"type":"Point","coordinates":[-70.827487,43.190088]},"properties":{"objtype":"SOUNDG","valsou":0.9,"chart":"US5NH1DD"}},{"type":"Feature","geometry":{"type":"Point","coordinates":[-70.825445,43.179469]},"properties":{"objtype":"SOUNDG","valsou":0.3,"chart":"US5NH1DD"}},{"type":"Feature","geometry":{"type":"Point","coordinates":[-70.825321,43.176597]},"properties":{"objtype":"SOUNDG","valsou":0.3,"chart":"US5NH1DD"}},{"type":"Feature","geometry":{"type":"Point","coordinates":[-70.824596,43.190462]},"properties":{"objtype":"SOUNDG","valsou":0.3,"chart":"US5NH1DD"}},{"type":"Feature","geometry":{"type":"Point","coordinates":[-70.824512,43.180786]},"properties":{"objtype":"SOUNDG","valsou":0.3,"chart":"US5NH1DD"}},{"type":"Feature","geometry":{"type":"Point","coordinates":[-70.822023,43.191975]},"properties":{"objtype":"SOUNDG","valsou":0.1,"chart":"US5NH1DD"}},{"type":"Feature","geometry":{"type":"Point","coordinates":[-70.819729,43.198827]},"properties":{"objtype":"SOUNDG","valsou":0.1,"chart":"US5NH1DD"}},{"type":"Feature","geometry":{"type":"Point","coordinates":[-70.821157,43.192515]},"properties":{"objtype":"SOUNDG","valsou":0.3,"chart":"US5NH1DD"}},{"type":"Feature","geometry":{"type":"Point","coordinates":[-70.820825,43.195667]},"properties":{"objtype":"SOUNDG","valsou":0.1,"chart":"US5NH1DD"}},{"type":"Feature","geometry":{"type":"Point","coordinates":[-70.858195,43.195509]},"properties":{"objtype":"SOUNDG","valsou":1.8,"chart":"US5NH1DD"}},{"type":"Feature","geometry":{"type":"Point","coordinates":[-70.843026,43.18952]},"properties":{"objtype":"SOUNDG","valsou":1.8,"chart":"US5NH1DD"}},{"type":"Feature","geometry":{"type":"Point","coordinates":[-70.838913,43.185668]},"properties":{"objtype":"SOUNDG","valsou":1.8,"chart":"US5NH1DD"}},{"type":"Feature","geometry":{"type":"Point","coordinates":[-70.836166,43.183585]},"properties":{"objtype":"SOUNDG","valsou":1.2,"chart":"US5NH1DD"}},{"type":"Feature","geometry":{"type":"Point","coordinates":[-70.834895,43.183214]},"properties":{"objtype":"SOUNDG","valsou":1.5,"chart":"US5NH1DD"}},{"type":"Feature","geometry":{"type":"Point","coordinates":[-70.833743,43.183049]},"properties":{"objtype":"SOUNDG","valsou":1.8,"chart":"US5NH1DD"}},{"type":"Feature","geometry":{"type":"Point","coordinates":[-70.825993,43.176533]},"properties":{"objtype":"SOUNDG","valsou":1.5,"chart":"US5NH1DD"}},{"type":"Feature","geometry":{"type":"Point","coordinates":[-70.851925,43.192913]},"properties":{"objtype":"SOUNDG","valsou":1.5,"chart":"US5NH1DD"}},{"type":"Feature","geometry":{"type":"Point","coordinates":[-70.757668,42.987784]},"properties":{"objtype":"SOUNDG","valsou":0.6,"chart":"US5PSMBC"}},{"type":"Feature","geometry":{"type":"Point","coordinates":[-70.731027,43.019125]},"properties":{"objtype":"SOUNDG","valsou":0.6,"chart":"US5PSMBC"}},{"type":"Feature","geometry":{"type":"Point","coordinates":[-70.730416,43.022225]},"properties":{"objtype":"SOUNDG","valsou":0.6,"chart":"US5PSMBC"}},{"type":"Feature","geometry":{"type":"Point","coordinates":[-70.762747,42.976411]},"properties":{"objtype":"SOUNDG","valsou":0.6,"chart":"US5PSMBC"}},{"type":"Feature","geometry":{"type":"Point","coordinates":[-70.761006,42.977151]},"properties":{"objtype":"SOUNDG","valsou":0.6,"chart":"US5PSMBC"}},{"type":"Feature","geometry":{"type":"Point","coordinates":[-70.75704,42.988656]},"properties":{"objtype":"SOUNDG","valsou":1.2,"chart":"US5PSMBC"}},{"type":"Feature","geometry":{"type":"Point","coordinates":[-70.756271,42.982807]},"properties":{"objtype":"SOUNDG","valsou":3.6,"chart":"US5PSMBC"}},{"type":"Feature","geometry":{"type":"Point","coordinates":[-70.755875,42.978241]},"properties":{"objtype":"SOUNDG","valsou":5.7,"chart":"US5PSMBC"}},{"type":"Feature","geometry":{"type":"Point","coordinates":[-70.755595,42.981798]},"properties":{"objtype":"SOUNDG","valsou":5.1,"chart":"US5PSMBC"}},{"type":"Feature","geometry":{"type":"Point","coordinates":[-70.755176,42.987921]},"properties":{"objtype":"SOUNDG","valsou":3.3,"chart":"US5PSMBC"}},{"type":"Feature","geometry":{"type":"Point","coordinates":[-70.75294,42.9871]},"properties":{"objtype":"SOUNDG","valsou":4.8,"chart":"US5PSMBC"}},{"type":"Feature","geometry":{"type":"Point","coordinates":[-70.752008,42.99011]},"properties":{"objtype":"SOUNDG","valsou":1.5,"chart":"US5PSMBC"}},{"type":"Feature","geometry":{"type":"Point","coordinates":[-70.751472,42.982329]},"properties":{"objtype":"SOUNDG","valsou":7.6,"chart":"US5PSMBC"}},{"type":"Feature","geometry":{"type":"Point","coordinates":[-70.749469,42.988468]},"properties":{"objtype":"SOUNDG","valsou":5.1,"chart":"US5PSMBC"}},{"type":"Feature","geometry":{"type":"Point","coordinates":[-70.750191,42.984227]},"properties":{"objtype":"SOUNDG","valsou":7.6,"chart":"US5PSMBC"}},{"type":"Feature","geometry":{"type":"Point","coordinates":[-70.749026,42.980823]},"properties":{"objtype":"SOUNDG","valsou":10.9,"chart":"US5PSMBC"}},{"type":"Feature","geometry":{"type":"Point","coordinates":[-70.747988,42.992082]},"properties":{"objtype":"SOUNDG","valsou":0.6,"chart":"US5PSMBC"}},{"type":"Feature","geometry":{"type":"Point","coordinates":[-70.746499,42.987999]},"properties":{"objtype":"SOUNDG","valsou":7.6,"chart":"US5PSMBC"}},{"type":"Feature","geometry":{"type":"Point","coordinates":[-70.744856,42.997719]},"properties":{"objtype":"SOUNDG","valsou":1.2,"chart":"US5PSMBC"}},{"type":"Feature","geometry":{"type":"Point","coordinates":[-70.744238,42.998981]},"properties":{"objtype":"SOUNDG","valsou":1.4,"chart":"US5PSMBC"}},{"type":"Feature","geometry":{"type":"Point","coordinates":[-70.7429,43.002763]},"properties":{"objtype":"SOUNDG","valsou":0.9,"chart":"US5PSMBC"}},{"type":"Feature","geometry":{"type":"Point","coordinates":[-70.742876,43.005721]},"properties":{"objtype":"SOUNDG","valsou":0.9,"chart":"US5PSMBC"}},{"type":"Feature","geometry":{"type":"Point","coordinates":[-70.740164,43.001711]},"properties":{"objtype":"SOUNDG","valsou":1.2,"chart":"US5PSMBC"}},{"type":"Feature","geometry":{"type":"Point","coordinates":[-70.738683,43.009807]},"properties":{"objtype":"SOUNDG","valsou":1.2,"chart":"US5PSMBC"}},{"type":"Feature","geometry":{"type":"Point","coordinates":[-70.737472,42.976069]},"properties":{"objtype":"SOUNDG","valsou":13.7,"chart":"US5PSMBC"}},{"type":"Feature","geometry":{"type":"Point","coordinates":[-70.737006,43.009841]},"properties":{"objtype":"SOUNDG","valsou":0.6,"chart":"US5PSMBC"}},{"type":"Feature","geometry":{"type":"Point","coordinates":[-70.736984,43.009035]},"properties":{"objtype":"SOUNDG","valsou":2.4,"chart":"US5PSMBC"}},{"type":"Feature","geometry":{"type":"Point","coordinates":[-70.733699,42.977317]},"properties":{"objtype":"SOUNDG","valsou":20.7,"chart":"US5PSMBC"}},{"type":"Feature","geometry":{"type":"Point","coordinates":[-70.73531,42.980965]},"properties":{"objtype":"SOUNDG","valsou":11.2,"chart":"US5PSMBC"}},{"type":"Feature","geometry":{"type":"Point","coordinates":[-70.73293,43.012576]},"properties":{"objtype":"SOUNDG","valsou":1.5,"chart":"US5PSMBC"}},{"type":"Feature","geometry":{"type":"Point","coordinates":[-70.731975,43.011773]},"properties":{"objtype":"SOUNDG","valsou":0.9,"chart":"US5PSMBC"}},{"type":"Feature","geometry":{"type":"Point","coordinates":[-70.7306,42.983646]},"properties":{"objtype":"SOUNDG","valsou":13.7,"chart":"US5PSMBC"}},{"type":"Feature","geometry":{"type":"Point","coordinates":[-70.728366,43.011027]},"properties":{"objtype":"SOUNDG","valsou":0.3,"chart":"US5PSMBC"}},{"type":"Feature","geometry":{"type":"Point","coordinates":[-70.727432,42.98238]},"properties":{"objtype":"SOUNDG","valsou":20.1,"chart":"US5PSMBC"}},{"type":"Feature","geometry":{"type":"Point","coordinates":[-70.728946,43.008183]},"properties":{"objtype":"SOUNDG","valsou":2.4,"chart":"US5PSMBC"}},{"type":"Feature","geometry":{"type":"Point","coordinates":[-70.728248,42.985236]},"properties":{"objtype":"SOUNDG","valsou":11.2,"chart":"US5PSMBC"}},{"type":"Feature","geometry":{"type":"Point","coordinates":[-70.726291,42.977437]},"properties":{"objtype":"SOUNDG","valsou":25.6,"chart":"US5PSMBC"}},{"type":"Feature","geometry":{"type":"Point","coordinates":[-70.725452,42.985527]},"properties":{"objtype":"SOUNDG","valsou":14.0,"chart":"US5PSMBC"}},{"type":"Feature","geometry":{"type":"Point","coordinates":[-70.725359,42.99023]},"properties":{"objtype":"SOUNDG","valsou":15.2,"chart":"US5PSMBC"}},{"type":"Feature","geometry":{"type":"Point","coordinates":[-70.72501,42.980037]},"properties":{"objtype":"SOUNDG","valsou":24.9,"chart":"US5PSMBC"}},{"type":"Feature","geometry":{"type":"Point","coordinates":[-70.751263,43.001882]},"properties":{"objtype":"SOUNDG","valsou":1.6,"chart":"US5PSMBC"}},{"type":"Feature","geometry":{"type":"Point","coordinates":[-70.749804,43.001659]},"properties":{"objtype":"SOUNDG","valsou":0.3,"chart":"US5PSMBC"}},{"type":"Feature","geometry":{"type":"Point","coordinates":[-70.747139,43.001095]},"properties":{"objtype":"SOUNDG","valsou":2.1,"chart":"US5PSMBC"}},{"type":"Feature","geometry":{"type":"Point","coordinates":[-70.748093,43.000303]},"properties":{"objtype":"SOUNDG","valsou":2.7,"chart":"US5PSMBC"}},{"type":"Feature","geometry":{"type":"Point","coordinates":[-70.730316,43.015822]},"properties":{"objtype":"SOUNDG","valsou":0.6,"chart":"US5PSMBC"}},{"type":"Feature","geometry":{"type":"Point","coordinates":[-70.729391,43.014359]},"properties":{"objtype":"SOUNDG","valsou":4.5,"chart":"US5PSMBC"}},{"type":"Feature","geometry":{"type":"Point","coordinates":[-70.729295,43.017927]},"properties":{"objtype":"SOUNDG","valsou":2.7,"chart":"US5PSMBC"}},{"type":"Feature","geometry":{"type":"Point","coordinates":[-70.72888,43.020634]},"properties":{"objtype":"SOUNDG","valsou":2.1,"chart":"US5PSMBC"}},{"type":"Feature","geometry":{"type":"Point","coordinates":[-70.724329,43.02643]},"properties":{"objtype":"SOUNDG","valsou":1.2,"chart":"US5PSMBD"}},{"type":"Feature","geometry":{"type":"Point","coordinates":[-70.750164,42.977137]},"properties":{"objtype":"SOUNDG","valsou":6.7,"chart":"US5PSMBC"}},{"type":"Feature","geometry":{"type":"Point","coordinates":[-70.745277,42.977788]},"properties":{"objtype":"SOUNDG","valsou":9.1,"chart":"US5PSMBC"}},{"type":"Feature","geometry":{"type":"Point","coordinates":[-70.746113,42.989986]},"properties":{"objtype":"SOUNDG","valsou":3.6,"chart":"US5PSMBC"}},{"type":"Feature","geometry":{"type":"Point","coordinates":[-70.746892,42.984571]},"properties":{"objtype":"SOUNDG","valsou":9.4,"chart":"US5PSMBC"}},{"type":"Feature","geometry":{"type":"Point","coordinates":[-70.743309,42.991469]},"properties":{"objtype":"SOUNDG","valsou":3.9,"chart":"US5PSMBC"}},{"type":"Feature","geometry":{"type":"Point","coordinates":[-70.741547,42.986418]},"properties":{"objtype":"SOUNDG","valsou":7.6,"chart":"US5PSMBC"}},{"type":"Feature","geometry":{"type":"Point","coordinates":[-70.741668,42.978527]},"properties":{"objtype":"SOUNDG","valsou":14.3,"chart":"US5PSMBC"}},{"type":"Feature","geometry":{"type":"Point","coordinates":[-70.743715,42.981522]},"properties":{"objtype":"SOUNDG","valsou":11.2,"chart":"US5PSMBC"}},{"type":"Feature","geometry":{"type":"Point","coordinates":[-70.740271,42.991588]},"properties":{"objtype":"SOUNDG","valsou":2.4,"chart":"US5PSMBC"}},{"type":"Feature","geometry":{"type":"Point","coordinates":[-70.73857,42.990461]},"properties":{"objtype":"SOUNDG","valsou":3.6,"chart":"US5PSMBC"}},{"type":"Feature","geometry":{"type":"Point","coordinates":[-70.739926,42.988063]},"properties":{"objtype":"SOUNDG","valsou":6.7,"chart":"US5PSMBC"}},{"type":"Feature","geometry":{"type":"Point","coordinates":[-70.739129,42.98242]},"properties":{"objtype":"SOUNDG","valsou":12.4,"chart":"US5PSMBC"}},{"type":"Feature","geometry":{"type":"Point","coordinates":[-70.739831,42.979492]},"properties":{"objtype":"SOUNDG","valsou":11.8,"chart":"US5PSMBC"}},{"type":"Feature","geometry":{"type":"Point","coordinates":[-70.739401,42.985118]},"properties":{"objtype":"SOUNDG","valsou":10.6,"chart":"US5PSMBC"}},{"type":"Feature","geometry":{"type":"Point","coordinates":[-70.73825,42.9878]},"properties":{"objtype":"SOUNDG","valsou":9.7,"chart":"US5PSMBC"}},{"type":"Feature","geometry":{"type":"Point","coordinates":[-70.737634,42.97985]},"properties":{"objtype":"SOUNDG","valsou":13.4,"chart":"US5PSMBC"}},{"type":"Feature","geometry":{"type":"Point","coordinates":[-70.737534,42.995483]},"properties":{"objtype":"SOUNDG","valsou":7.0,"chart":"US5PSMBC"}},{"type":"Feature","geometry":{"type":"Point","coordinates":[-70.737525,43.000382]},"properties":{"objtype":"SOUNDG","valsou":3.6,"chart":"US5PSMBC"}},{"type":"Feature","geometry":{"type":"Point","coordinates":[-70.736738,42.982889]},"properties":{"objtype":"SOUNDG","valsou":14.0,"chart":"US5PSMBC"}},{"type":"Feature","geometry":{"type":"Point","coordinates":[-70.737122,43.001757]},"properties":{"objtype":"SOUNDG","valsou":4.5,"chart":"US5PSMBC"}},{"type":"Feature","geometry":{"type":"Point","coordinates":[-70.733835,42.982573]},"properties":{"objtype":"SOUNDG","valsou":14.6,"chart":"US5PSMBC"}},{"type":"Feature","geometry":{"type":"Point","coordinates":[-70.735081,43.000707]},"properties":{"objtype":"SOUNDG","valsou":5.1,"chart":"US5PSMBC"}},{"type":"Feature","geometry":{"type":"Point","coordinates":[-70.734902,42.990877]},"properties":{"objtype":"SOUNDG","valsou":5.7,"chart":"US5PSMBC"}},{"type":"Feature","geometry":{"type":"Point","coordinates":[-70.734818,42.996605]},"properties":{"objtype":"SOUNDG","valsou":9.1,"chart":"US5PSMBC"}},{"type":"Feature","geometry":{"type":"Point","coordinates":[-70.734726,43.00381]},"properties":{"objtype":"SOUNDG","valsou":7.0,"chart":"US5PSMBC"}},{"type":"Feature","geometry":{"type":"Point","coordinates":[-70.734231,43.000144]},"properties":{"objtype":"SOUNDG","valsou":5.7,"chart":"US5PSMBC"}},{"type":"Feature","geometry":{"type":"Point","coordinates":[-70.734062,42.98718]},"properties":{"objtype":"SOUNDG","valsou":6.4,"chart":"US5PSMBC"}},{"type":"Feature","geometry":{"type":"Point","coordinates":[-70.732343,43.001073]},"properties":{"objtype":"SOUNDG","valsou":7.9,"chart":"US5PSMBC"}},{"type":"Feature","geometry":{"type":"Point","coordinates":[-70.732247,42.988936]},"properties":{"objtype":"SOUNDG","valsou":8.8,"chart":"US5PSMBC"}},{"type":"Feature","geometry":{"type":"Point","coordinates":[-70.732188,42.995564]},"properties":{"objtype":"SOUNDG","valsou":12.8,"chart":"US5PSMBC"}},{"type":"Feature","geometry":{"type":"Point","coordinates":[-70.732105,42.992612]},"properties":{"objtype":"SOUNDG","valsou":9.4,"chart":"US5PSMBC"}},{"type":"Feature","geometry":{"type":"Point","coordinates":[-70.732059,42.987462]},"properties":{"objtype":"SOUNDG","valsou":7.6,"chart":"US5PSMBC"}},{"type":"Feature","geometry":{"type":"Point","coordinates":[-70.731738,43.005729]},"properties":{"objtype":"SOUNDG","valsou":10.6,"chart":"US5PSMBC"}},{"type":"Feature","geometry":{"type":"Point","coordinates":[-70.728266,43.006177]},"properties":{"objtype":"SOUNDG","valsou":6.7,"chart":"US5PSMBC"}},{"type":"Feature","geometry":{"type":"Point","coordinates":[-70.72813,42.997823]},"properties":{"objtype":"SOUNDG","valsou":11.2,"chart":"US5PSMBC"}},{"type":"Feature","geometry":{"type":"Point","coordinates":[-70.729082,42.988047]},"properties":{"objtype":"SOUNDG","valsou":13.4,"chart":"US5PSMBC"}},{"type":"Feature","geometry":{"type":"Point","coordinates":[-70.728064,42.995483]},"properties":{"objtype":"SOUNDG","valsou":17.0,"chart":"US5PSMBC"}},{"type":"Feature","geometry":{"type":"Point","coordinates":[-70.726481,42.996767]},"properties":{"objtype":"SOUNDG","valsou":14.3,"chart":"US5PSMBC"}},{"type":"Feature","geometry":{"type":"Point","coordinates":[-70.726478,42.998424]},"properties":{"objtype":"SOUNDG","valsou":16.1,"chart":"US5PSMBC"}},{"type":"Feature","geometry":{"type":"Point","coordinates":[-70.726001,42.991912]},"properties":{"objtype":"SOUNDG","valsou":17.0,"chart":"US5PSMBC"}},{"type":"Feature","geometry":{"type":"Point","coordinates":[-70.725901,43.000594]},"properties":{"objtype":"SOUNDG","valsou":16.4,"chart":"US5PSMBC"}},{"type":"Feature","geometry":{"type":"Point","coordinates":[-70.725881,43.005133]},"properties":{"objtype":"SOUNDG","valsou":7.6,"chart":"US5PSMBC"}},{"type":"Feature","geometry":{"type":"Point","coordinates":[-70.724902,42.975179]},"properties":{"objtype":"SOUNDG","valsou":24.3,"chart":"US5PSMBD"}},{"type":"Feature","geometry":{"type":"Point","coordinates":[-70.722564,42.988263]},"properties":{"objtype":"SOUNDG","valsou":14.6,"chart":"US5PSMBD"}},{"type":"Feature","geometry":{"type":"Point","coordinates":[-70.722377,42.976975]},"properties":{"objtype":"SOUNDG","valsou":23.4,"chart":"US5PSMBD"}},{"type":"Feature","geometry":{"type":"Point","coordinates":[-70.721772,42.989939]},"properties":{"objtype":"SOUNDG","valsou":20.4,"chart":"US5PSMBD"}},{"type":"Feature","geometry":{"type":"Point","coordinates":[-70.721236,42.983765]},"properties":{"objtype":"SOUNDG","valsou":20.4,"chart":"US5PSMBD"}},{"type":"Feature","geometry":{"type":"Point","coordinates":[-70.72098,42.98108]},"properties":{"objtype":"SOUNDG","valsou":24.3,"chart":"US5PSMBD"}},{"type":"Feature","geometry":{"type":"Point","coordinates":[-70.720048,42.975607]},"properties":{"objtype":"SOUNDG","valsou":21.9,"chart":"US5PSMBD"}},{"type":"Feature","geometry":{"type":"Point","coordinates":[-70.719994,43.030932]},"properties":{"objtype":"SOUNDG","valsou":0.9,"chart":"US5PSMBD"}},{"type":"Feature","geometry":{"type":"Point","coordinates":[-70.719116,42.978993]},"properties":{"objtype":"SOUNDG","valsou":25.9,"chart":"US5PSMBD"}},{"type":"Feature","geometry":{"type":"Point","coordinates":[-70.718464,42.995377]},"properties":{"objtype":"SOUNDG","valsou":21.3,"chart":"US5PSMBD"}},{"type":"Feature","geometry":{"type":"Point","coordinates":[-70.718417,42.990537]},"properties":{"objtype":"SOUNDG","valsou":24.3,"chart":"US5PSMBD"}},{"type":"Feature","geometry":{"type":"Point","coordinates":[-70.718347,42.982038]},"properties":{"objtype":"SOUNDG","valsou":21.9,"chart":"US5PSMBD"}},{"type":"Feature","geometry":{"type":"Point","coordinates":[-70.718021,42.985373]},"properties":{"objtype":"SOUNDG","valsou":13.4,"chart":"US5PSMBD"}},{"type":"Feature","geometry":{"type":"Point","coordinates":[-70.71922,43.002099]},"properties":{"objtype":"SOUNDG","valsou":16.7,"chart":"US5PSMBD"}},{"type":"Feature","geometry":{"type":"Point","coordinates":[-70.716694,42.991239]},"properties":{"objtype":"SOUNDG","valsou":13.4,"chart":"US5PSMBD"}},{"type":"Feature","geometry":{"type":"Point","coordinates":[-70.715187,43.005096]},"properties":{"objtype":"SOUNDG","valsou":15.8,"chart":"US5PSMBD"}},{"type":"Feature","geometry":{"type":"Point","coordinates":[-70.716461,42.992162]},"properties":{"objtype":"SOUNDG","valsou":20.4,"chart":"US5PSMBD"}},{"type":"Feature","geometry":{"type":"Point","coordinates":[-70.716437,42.975487]},"properties":{"objtype":"SOUNDG","valsou":23.4,"chart":"US5PSMBD"}},{"type":"Feature","geometry":{"type":"Point","coordinates":[-70.716391,42.977368]},"properties":{"objtype":"SOUNDG","valsou":25.6,"chart":"US5PSMBD"}},{"type":"Feature","geometry":{"type":"Point","coordinates":[-70.715529,43.002695]},"properties":{"objtype":"SOUNDG","valsou":13.1,"chart":"US5PSMBD"}},{"type":"Feature","geometry":{"type":"Point","coordinates":[-70.715506,42.995684]},"properties":{"objtype":"SOUNDG","valsou":21.9,"chart":"US5PSMBD"}},{"type":"Feature","geometry":{"type":"Point","coordinates":[-70.713782,42.993615]},"properties":{"objtype":"SOUNDG","valsou":23.7,"chart":"US5PSMBD"}},{"type":"Feature","geometry":{"type":"Point","coordinates":[-70.71306,42.978891]},"properties":{"objtype":"SOUNDG","valsou":19.8,"chart":"US5PSMBD"}},{"type":"Feature","geometry":{"type":"Point","coordinates":[-70.713013,42.998027]},"properties":{"objtype":"SOUNDG","valsou":23.4,"chart":"US5PSMBD"}},{"type":"Feature","geometry":{"type":"Point","coordinates":[-70.712896,42.981627]},"properties":{"objtype":"SOUNDG","valsou":13.4,"chart":"US5PSMBD"}},{"type":"Feature","geometry":{"type":"Point","coordinates":[-70.712757,42.988126]},"properties":{"objtype":"SOUNDG","valsou":18.8,"chart":"US5PSMBD"}},{"type":"Feature","geometry":{"type":"Point","coordinates":[-70.712454,43.004917]},"properties":{"objtype":"SOUNDG","valsou":18.2,"chart":"US5PSMBD"}},{"type":"Feature","geometry":{"type":"Point","coordinates":[-70.711965,42.984313]},"properties":{"objtype":"SOUNDG","valsou":15.5,"chart":"US5PSMBD"}},{"type":"Feature","geometry":{"type":"Point","coordinates":[-70.709109,43.008809]},"properties":{"objtype":"SOUNDG","valsou":18.8,"chart":"US5PSMBD"}},{"type":"Feature","geometry":{"type":"Point","coordinates":[-70.711033,43.003857]},"properties":{"objtype":"SOUNDG","valsou":19.8,"chart":"US5PSMBD"}},{"type":"Feature","geometry":{"type":"Point","coordinates":[-70.710963,43.000865]},"properties":{"objtype":"SOUNDG","valsou":11.5,"chart":"US5PSMBD"}},{"type":"Feature","geometry":{"type":"Point","coordinates":[-70.70854,42.978959]},"properties":{"objtype":"SOUNDG","valsou":17.9,"chart":"US5PSMBD"}},{"type":"Feature","geometry":{"type":"Point","coordinates":[-70.710194,42.992589]},"properties":{"objtype":"SOUNDG","valsou":24.9,"chart":"US5PSMBD"}},{"type":"Feature","geometry":{"type":"Point","coordinates":[-70.709985,42.985339]},"properties":{"objtype":"SOUNDG","valsou":20.4,"chart":"US5PSMBD"}},{"type":"Feature","geometry":{"type":"Point","coordinates":[-70.709472,42.998489]},"properties":{"objtype":"SOUNDG","valsou":24.0,"chart":"US5PSMBD"}},{"type":"Feature","geometry":{"type":"Point","coordinates":[-70.709239,42.98958]},"properties":{"objtype":"SOUNDG","valsou":13.1,"chart":"US5PSMBD"}},{"type":"Feature","geometry":{"type":"Point","coordinates":[-70.708424,42.986895]},"properties":{"objtype":"SOUNDG","valsou":16.1,"chart":"US5PSMBD"}},{"type":"Feature","geometry":{"type":"Point","coordinates":[-70.708377,43.006986]},"properties":{"objtype":"SOUNDG","valsou":19.8,"chart":"US5PSMBD"}},{"type":"Feature","geometry":{"type":"Point","coordinates":[-70.708308,42.995377]},"properties":{"objtype":"SOUNDG","valsou":23.7,"chart":"US5PSMBD"}},{"type":"Feature","geometry":{"type":"Point","coordinates":[-70.708145,42.999822]},"properties":{"objtype":"SOUNDG","valsou":12.8,"chart":"US5PSMBD"}},{"type":"Feature","geometry":{"type":"Point","coordinates":[-70.707469,43.001652]},"properties":{"objtype":"SOUNDG","valsou":19.8,"chart":"US5PSMBD"}},{"type":"Feature","geometry":{"type":"Point","coordinates":[-70.706607,42.990401]},"properties":{"objtype":"SOUNDG","valsou":25.9,"chart":"US5PSMBD"}},{"type":"Feature","geometry":{"type":"Point","coordinates":[-70.706188,42.980345]},"properties":{"objtype":"SOUNDG","valsou":13.4,"chart":"US5PSMBD"}},{"type":"Feature","geometry":{"type":"Point","coordinates":[-70.705885,42.977009]},"properties":{"objtype":"SOUNDG","valsou":21.6,"chart":"US5PSMBD"}},{"type":"Feature","geometry":{"type":"Point","coordinates":[-70.705163,42.993684]},"properties":{"objtype":"SOUNDG","valsou":20.4,"chart":"US5PSMBD"}},{"type":"Feature","geometry":{"type":"Point","coordinates":[-70.704604,43.005875]},"properties":{"objtype":"SOUNDG","valsou":21.9,"chart":"US5PSMBD"}},{"type":"Feature","geometry":{"type":"Point","coordinates":[-70.703416,42.985424]},"properties":{"objtype":"SOUNDG","valsou":14.9,"chart":"US5PSMBD"}},{"type":"Feature","geometry":{"type":"Point","coordinates":[-70.704231,42.997069]},"properties":{"objtype":"SOUNDG","valsou":19.2,"chart":"US5PSMBD"}},{"type":"Feature","geometry":{"type":"Point","coordinates":[-70.703462,42.991204]},"properties":{"objtype":"SOUNDG","valsou":25.6,"chart":"US5PSMBD"}},{"type":"Feature","geometry":{"type":"Point","coordinates":[-70.70288,42.998694]},"properties":{"objtype":"SOUNDG","valsou":25.2,"chart":"US5PSMBD"}},{"type":"Feature","geometry":{"type":"Point","coordinates":[-70.70267,42.988366]},"properties":{"objtype":"SOUNDG","valsou":16.4,"chart":"US5PSMBD"}},{"type":"Feature","geometry":{"type":"Point","coordinates":[-70.702111,43.005105]},"properties":{"objtype":"SOUNDG","valsou":20.1,"chart":"US5PSMBD"}},{"type":"Feature","geometry":{"type":"Point","coordinates":[-70.702088,42.994402]},"properties":{"objtype":"SOUNDG","valsou":22.5,"chart":"US5PSMBD"}},{"type":"Feature","geometry":{"type":"Point","coordinates":[-70.699689,42.979421]},"properties":{"objtype":"SOUNDG","valsou":19.8,"chart":"US5PSMBD"}},{"type":"Feature","geometry":{"type":"Point","coordinates":[-70.701179,42.989528]},"properties":{"objtype":"SOUNDG","valsou":23.1,"chart":"US5PSMBD"}},{"type":"Feature","geometry":{"type":"Point","coordinates":[-70.70104,42.982517]},"properties":{"objtype":"SOUNDG","valsou":14.9,"chart":"US5PSMBD"}},{"type":"Feature","geometry":{"type":"Point","coordinates":[-70.700271,43.002319]},"properties":{"objtype":"SOUNDG","valsou":24.0,"chart":"US5PSMBD"}},{"type":"Feature","geometry":{"type":"Point","coordinates":[-70.699712,42.975573]},"properties":{"objtype":"SOUNDG","valsou":28.3,"chart":"US5PSMBD"}},{"type":"Feature","geometry":{"type":"Point","coordinates":[-70.699665,42.988212]},"properties":{"objtype":"SOUNDG","valsou":19.8,"chart":"US5PSMBD"}},{"type":"Feature","geometry":{"type":"Point","coordinates":[-70.699223,42.981217]},"properties":{"objtype":"SOUNDG","valsou":17.3,"chart":"US5PSMBD"}},{"type":"Feature","geometry":{"type":"Point","coordinates":[-70.699223,42.994026]},"properties":{"objtype":"SOUNDG","valsou":15.2,"chart":"US5PSMBD"}},{"type":"Feature","geometry":{"type":"Point","coordinates":[-70.698897,42.996642]},"properties":{"objtype":"SOUNDG","valsou":26.8,"chart":"US5PSMBD"}},{"type":"Feature","geometry":{"type":"Point","coordinates":[-70.697546,42.977163]},"properties":{"objtype":"SOUNDG","valsou":25.9,"chart":"US5PSMBD"}},{"type":"Feature","geometry":{"type":"Point","coordinates":[-70.696611,43.00584]},"properties":{"objtype":"SOUNDG","valsou":20.1,"chart":"US5PSMBD"}},{"type":"Feature","geometry":{"type":"Point","coordinates":[-70.696031,42.993906]},"properties":{"objtype":"SOUNDG","valsou":16.7,"chart":"US5PSMBD"}},{"type":"Feature","geometry":{"type":"Point","coordinates":[-70.693865,42.99141]},"properties":{"objtype":"SOUNDG","valsou":14.6,"chart":"US5PSMBD"}},{"type":"Feature","geometry":{"type":"Point","coordinates":[-70.695402,43.001686]},"properties":{"objtype":"SOUNDG","valsou":24.6,"chart":"US5PSMBD"}},{"type":"Feature","geometry":{"type":"Point","coordinates":[-70.69503,42.978891]},"properties":{"objtype":"SOUNDG","valsou":24.9,"chart":"US5PSMBD"}},{"type":"Feature","geometry":{"type":"Point","coordinates":[-70.69489,42.999036]},"properties":{"objtype":"SOUNDG","valsou":11.5,"chart":"US5PSMBD"}},{"type":"Feature","geometry":{"type":"Point","coordinates":[-70.69468,42.976069]},"properties":{"objtype":"SOUNDG","valsou":28.3,"chart":"US5PSMBD"}},{"type":"Feature","geometry":{"type":"Point","coordinates":[-70.692887,42.981439]},"properties":{"objtype":"SOUNDG","valsou":18.5,"chart":"US5PSMBD"}},{"type":"Feature","geometry":{"type":"Point","coordinates":[-70.692537,42.983953]},"properties":{"objtype":"SOUNDG","valsou":23.7,"chart":"US5PSMBD"}},{"type":"Feature","geometry":{"type":"Point","coordinates":[-70.692234,42.990007]},"properties":{"objtype":"SOUNDG","valsou":19.5,"chart":"US5PSMBD"}},{"type":"Feature","geometry":{"type":"Point","coordinates":[-70.692071,42.995377]},"properties":{"objtype":"SOUNDG","valsou":17.6,"chart":"US5PSMBD"}},{"type":"Feature","geometry":{"type":"Point","coordinates":[-70.691955,42.977471]},"properties":{"objtype":"SOUNDG","valsou":26.2,"chart":"US5PSMBD"}},{"type":"Feature","geometry":{"type":"Point","coordinates":[-70.691722,42.992863]},"properties":{"objtype":"SOUNDG","valsou":14.0,"chart":"US5PSMBD"}},{"type":"Feature","geometry":{"type":"Point","coordinates":[-70.691023,42.98551]},"properties":{"objtype":"SOUNDG","valsou":25.6,"chart":"US5PSMBD"}},{"type":"Feature","geometry":{"type":"Point","coordinates":[-70.690441,42.99801]},"properties":{"objtype":"SOUNDG","valsou":11.2,"chart":"US5PSMBD"}},{"type":"Feature","geometry":{"type":"Point","coordinates":[-70.689882,42.975401]},"properties":{"objtype":"SOUNDG","valsou":33.8,"chart":"US5PSMBD"}},{"type":"Feature","geometry":{"type":"Point","coordinates":[-70.689812,43.002011]},"properties":{"objtype":"SOUNDG","valsou":21.6,"chart":"US5PSMBD"}},{"type":"Feature","geometry":{"type":"Point","coordinates":[-70.689788,42.983851]},"properties":{"objtype":"SOUNDG","valsou":28.3,"chart":"US5PSMBD"}},{"type":"Feature","geometry":{"type":"Point","coordinates":[-70.68909,42.989597]},"properties":{"objtype":"SOUNDG","valsou":18.5,"chart":"US5PSMBD"}},{"type":"Feature","geometry":{"type":"Point","coordinates":[-70.688414,42.995462]},"properties":{"objtype":"SOUNDG","valsou":19.8,"chart":"US5PSMBD"}},{"type":"Feature","geometry":{"type":"Point","coordinates":[-70.687645,42.988246]},"properties":{"objtype":"SOUNDG","valsou":25.6,"chart":"US5PSMBD"}},{"type":"Feature","geometry":{"type":"Point","coordinates":[-70.686993,42.976257]},"properties":{"objtype":"SOUNDG","valsou":28.3,"chart":"US5PSMBD"}},{"type":"Feature","geometry":{"type":"Point","coordinates":[-70.686597,42.991307]},"properties":{"objtype":"SOUNDG","valsou":17.0,"chart":"US5PSMBD"}},{"type":"Feature","geometry":{"type":"Point","coordinates":[-70.68655,42.996847]},"properties":{"objtype":"SOUNDG","valsou":14.6,"chart":"US5PSMBD"}},{"type":"Feature","geometry":{"type":"Point","coordinates":[-70.686434,42.980721]},"properties":{"objtype":"SOUNDG","valsou":25.9,"chart":"US5PSMBD"}},{"type":"Feature","geometry":{"type":"Point","coordinates":[-70.685945,43.001293]},"properties":{"objtype":"SOUNDG","valsou":20.7,"chart":"US5PSMBD"}},{"type":"Feature","geometry":{"type":"Point","coordinates":[-70.685665,42.991905]},"properties":{"objtype":"SOUNDG","valsou":23.4,"chart":"US5PSMBD"}},{"type":"Feature","geometry":{"type":"Point","coordinates":[-70.68464,42.977984]},"properties":{"objtype":"SOUNDG","valsou":33.5,"chart":"US5PSMBD"}},{"type":"Feature","geometry":{"type":"Point","coordinates":[-70.684337,43.002541]},"properties":{"objtype":"SOUNDG","valsou":21.3,"chart":"US5PSMBD"}},{"type":"Feature","geometry":{"type":"Point","coordinates":[-70.684291,42.989528]},"properties":{"objtype":"SOUNDG","valsou":19.5,"chart":"US5PSMBD"}},{"type":"Feature","geometry":{"type":"Point","coordinates":[-70.682101,42.998557]},"properties":{"objtype":"SOUNDG","valsou":20.4,"chart":"US5PSMBD"}},{"type":"Feature","geometry":{"type":"Point","coordinates":[-70.684151,42.982979]},"properties":{"objtype":"SOUNDG","valsou":26.8,"chart":"US5PSMBD"}},{"type":"Feature","geometry":{"type":"Point","coordinates":[-70.683639,42.993462]},"properties":{"objtype":"SOUNDG","valsou":19.5,"chart":"US5PSMBD"}},{"type":"Feature","geometry":{"type":"Point","coordinates":[-70.681915,42.99683]},"properties":{"objtype":"SOUNDG","valsou":16.4,"chart":"US5PSMBD"}},{"type":"Feature","geometry":{"type":"Point","coordinates":[-70.681868,42.980601]},"properties":{"objtype":"SOUNDG","valsou":26.8,"chart":"US5PSMBD"}},{"type":"Feature","geometry":{"type":"Point","coordinates":[-70.678584,42.979387]},"properties":{"objtype":"SOUNDG","valsou":25.9,"chart":"US5PSMBD"}},{"type":"Feature","geometry":{"type":"Point","coordinates":[-70.679306,42.996488]},"properties":{"objtype":"SOUNDG","valsou":19.5,"chart":"US5PSMBD"}},{"type":"Feature","geometry":{"type":"Point","coordinates":[-70.679818,42.984432]},"properties":{"objtype":"SOUNDG","valsou":24.6,"chart":"US5PSMBD"}},{"type":"Feature","geometry":{"type":"Point","coordinates":[-70.679376,42.998796]},"properties":{"objtype":"SOUNDG","valsou":23.7,"chart":"US5PSMBD"}},{"type":"Feature","geometry":{"type":"Point","coordinates":[-70.67905,42.986382]},"properties":{"objtype":"SOUNDG","valsou":30.1,"chart":"US5PSMBD"}},{"type":"Feature","geometry":{"type":"Point","coordinates":[-70.677908,42.991495]},"properties":{"objtype":"SOUNDG","valsou":25.2,"chart":"US5PSMBD"}},{"type":"Feature","geometry":{"type":"Point","coordinates":[-70.675951,42.980191]},"properties":{"objtype":"SOUNDG","valsou":18.2,"chart":"US5PSMBD"}},{"type":"Feature","geometry":{"type":"Point","coordinates":[-70.677326,42.97689]},"properties":{"objtype":"SOUNDG","valsou":33.8,"chart":"US5PSMBD"}},{"type":"Feature","geometry":{"type":"Point","coordinates":[-70.677303,42.98344]},"properties":{"objtype":"SOUNDG","valsou":19.2,"chart":"US5PSMBD"}},{"type":"Feature","geometry":{"type":"Point","coordinates":[-70.676301,42.995907]},"properties":{"objtype":"SOUNDG","valsou":22.5,"chart":"US5PSMBD"}},{"type":"Feature","geometry":{"type":"Point","coordinates":[-70.676208,42.99789]},"properties":{"objtype":"SOUNDG","valsou":26.8,"chart":"US5PSMBD"}},{"type":"Feature","geometry":{"type":"Point","coordinates":[-70.676045,42.986159]},"properties":{"objtype":"SOUNDG","valsou":28.6,"chart":"US5PSMBD"}},{"type":"Feature","geometry":{"type":"Point","coordinates":[-70.674973,42.993684]},"properties":{"objtype":"SOUNDG","valsou":24.9,"chart":"US5PSMBD"}},{"type":"Feature","geometry":{"type":"Point","coordinates":[-70.67467,42.982927]},"properties":{"objtype":"SOUNDG","valsou":18.8,"chart":"US5PSMBD"}},{"type":"Feature","geometry":{"type":"Point","coordinates":[-70.673203,42.978189]},"properties":{"objtype":"SOUNDG","valsou":17.6,"chart":"US5PSMBD"}},{"type":"Feature","geometry":{"type":"Point","coordinates":[-70.673529,42.996488]},"properties":{"objtype":"SOUNDG","valsou":28.6,"chart":"US5PSMBD"}},{"type":"Feature","geometry":{"type":"Point","coordinates":[-70.673389,42.986621]},"properties":{"objtype":"SOUNDG","valsou":24.3,"chart":"US5PSMBD"}},{"type":"Feature","geometry":{"type":"Point","coordinates":[-70.672341,42.980755]},"properties":{"objtype":"SOUNDG","valsou":17.3,"chart":"US5PSMBD"}},{"type":"Feature","geometry":{"type":"Point","coordinates":[-70.671875,42.982705]},"properties":{"objtype":"SOUNDG","valsou":22.5,"chart":"US5PSMBD"}},{"type":"Feature","geometry":{"type":"Point","coordinates":[-70.671223,42.990384]},"properties":{"objtype":"SOUNDG","valsou":28.6,"chart":"US5PSMBD"}},{"type":"Feature","geometry":{"type":"Point","coordinates":[-70.671116,42.975008]},"properties":{"objtype":"SOUNDG","valsou":31.0,"chart":"US5PSMBD"}},{"type":"Feature","geometry":{"type":"Point","coordinates":[-70.670664,42.985715]},"properties":{"objtype":"SOUNDG","valsou":26.8,"chart":"US5PSMBD"}},{"type":"Feature","geometry":{"type":"Point","coordinates":[-70.670407,42.993137]},"properties":{"objtype":"SOUNDG","valsou":24.6,"chart":"US5PSMBD"}},{"type":"Feature","geometry":{"type":"Point","coordinates":[-70.669033,42.988485]},"properties":{"objtype":"SOUNDG","valsou":29.5,"chart":"US5PSMBD"}},{"type":"Feature","geometry":{"type":"Point","coordinates":[-70.66901,42.97742]},"properties":{"objtype":"SOUNDG","valsou":20.1,"chart":"US5PSMBD"}},{"type":"Feature","geometry":{"type":"Point","coordinates":[-70.668055,42.984945]},"properties":{"objtype":"SOUNDG","valsou":30.1,"chart":"US5PSMBD"}},{"type":"Feature","geometry":{"type":"Point","coordinates":[-70.667845,42.993547]},"properties":{"objtype":"SOUNDG","valsou":30.4,"chart":"US5PSMBD"}},{"type":"Feature","geometry":{"type":"Point","coordinates":[-70.667263,42.980926]},"properties":{"objtype":"SOUNDG","valsou":26.5,"chart":"US5PSMBD"}},{"type":"Feature","geometry":{"type":"Point","coordinates":[-70.666191,42.978275]},"properties":{"objtype":"SOUNDG","valsou":23.4,"chart":"US5PSMBD"}},{"type":"Feature","geometry":{"type":"Point","coordinates":[-70.665912,42.99023]},"properties":{"objtype":"SOUNDG","valsou":24.6,"chart":"US5PSMBD"}},{"type":"Feature","geometry":{"type":"Point","coordinates":[-70.665539,43.004729]},"properties":{"objtype":"SOUNDG","valsou":14.6,"chart":"US5PSMBD"}},{"type":"Feature","geometry":{"type":"Point","coordinates":[-70.665306,42.992538]},"properties":{"objtype":"SOUNDG","valsou":29.8,"chart":"US5PSMBD"}},{"type":"Feature","geometry":{"type":"Point","coordinates":[-70.664514,42.987134]},"properties":{"objtype":"SOUNDG","valsou":29.2,"chart":"US5PSMBD"}},{"type":"Feature","geometry":{"type":"Point","coordinates":[-70.663722,42.984962]},"properties":{"objtype":"SOUNDG","valsou":34.7,"chart":"US5PSMBD"}},{"type":"Feature","geometry":{"type":"Point","coordinates":[-70.663233,42.990024]},"properties":{"objtype":"SOUNDG","valsou":27.7,"chart":"US5PSMBD"}},{"type":"Feature","geometry":{"type":"Point","coordinates":[-70.663163,42.979626]},"properties":{"objtype":"SOUNDG","valsou":24.9,"chart":"US5PSMBD"}},{"type":"Feature","geometry":{"type":"Point","coordinates":[-70.663046,42.976496]},"properties":{"objtype":"SOUNDG","valsou":27.1,"chart":"US5PSMBD"}},{"type":"Feature","geometry":{"type":"Point","coordinates":[-70.662627,42.995719]},"properties":{"objtype":"SOUNDG","valsou":26.2,"chart":"US5PSMBD"}},{"type":"Feature","geometry":{"type":"Point","coordinates":[-70.662115,43.003549]},"properties":{"objtype":"SOUNDG","valsou":14.9,"chart":"US5PSMBD"}},{"type":"Feature","geometry":{"type":"Point","coordinates":[-70.661556,42.992572]},"properties":{"objtype":"SOUNDG","valsou":27.7,"chart":"US5PSMBD"}},{"type":"Feature","geometry":{"type":"Point","coordinates":[-70.660833,42.987579]},"properties":{"objtype":"SOUNDG","valsou":28.3,"chart":"US5PSMBD"}},{"type":"Feature","geometry":{"type":"Point","coordinates":[-70.660205,42.997087]},"properties":{"objtype":"SOUNDG","valsou":23.4,"chart":"US5PSMBD"}},{"type":"Feature","geometry":{"type":"Point","coordinates":[-70.659972,42.989751]},"properties":{"objtype":"SOUNDG","valsou":30.4,"chart":"US5PSMBD"}},{"type":"Feature","geometry":{"type":"Point","coordinates":[-70.65897,42.991871]},"properties":{"objtype":"SOUNDG","valsou":28.9,"chart":"US5PSMBD"}},{"type":"Feature","geometry":{"type":"Point","coordinates":[-70.658131,42.981046]},"properties":{"objtype":"SOUNDG","valsou":24.6,"chart":"US5PSMBD"}},{"type":"Feature","geometry":{"type":"Point","coordinates":[-70.655848,42.994316]},"properties":{"objtype":"SOUNDG","valsou":24.6,"chart":"US5PSMBD"}},{"type":"Feature","geometry":{"type":"Point","coordinates":[-70.656012,42.979421]},"properties":{"objtype":"SOUNDG","valsou":25.2,"chart":"US5PSMBD"}},{"type":"Feature","geometry":{"type":"Point","coordinates":[-70.654909,43.000219]},"properties":{"objtype":"SOUNDG","valsou":19.2,"chart":"US5PSMBD"}},{"type":"Feature","geometry":{"type":"Point","coordinates":[-70.655126,42.982089]},"properties":{"objtype":"SOUNDG","valsou":24.3,"chart":"US5PSMBD"}},{"type":"Feature","geometry":{"type":"Point","coordinates":[-70.655033,42.988177]},"properties":{"objtype":"SOUNDG","valsou":25.2,"chart":"US5PSMBD"}},{"type":"Feature","geometry":{"type":"Point","coordinates":[-70.654987,42.985407]},"properties":{"objtype":"SOUNDG","valsou":23.4,"chart":"US5PSMBD"}},{"type":"Feature","geometry":{"type":"Point","coordinates":[-70.653146,42.980191]},"properties":{"objtype":"SOUNDG","valsou":25.6,"chart":"US5PSMBD"}},{"type":"Feature","geometry":{"type":"Point","coordinates":[-70.652937,42.994231]},"properties":{"objtype":"SOUNDG","valsou":23.4,"chart":"US5PSMBD"}},{"type":"Feature","geometry":{"type":"Point","coordinates":[-70.652657,42.983286]},"properties":{"objtype":"SOUNDG","valsou":24.0,"chart":"US5PSMBD"}},{"type":"Feature","geometry":{"type":"Point","coordinates":[-70.652308,42.98934]},"properties":{"objtype":"SOUNDG","valsou":24.9,"chart":"US5PSMBD"}},{"type":"Feature","geometry":{"type":"Point","coordinates":[-70.653604,43.046719]},"properties":{"objtype":"SOUNDG","valsou":25.9,"chart":"US5PSMBD"}},{"type":"Feature","geometry":{"type":"Point","coordinates":[-70.652098,43.002062]},"properties":{"objtype":"SOUNDG","valsou":22.5,"chart":"US5PSMBD"}},{"type":"Feature","geometry":{"type":"Point","coordinates":[-70.652051,42.999651]},"properties":{"objtype":"SOUNDG","valsou":22.5,"chart":"US5PSMBD"}},{"type":"Feature","geometry":{"type":"Point","coordinates":[-70.652594,43.01443]},"properties":{"objtype":"SOUNDG","valsou":16.7,"chart":"US5PSMBD"}},{"type":"Feature","geometry":{"type":"Point","coordinates":[-70.651166,42.997753]},"properties":{"objtype":"SOUNDG","valsou":25.2,"chart":"US5PSMBD"}},{"type":"Feature","geometry":{"type":"Point","coordinates":[-70.651027,42.978463]},"properties":{"objtype":"SOUNDG","valsou":29.8,"chart":"US5PSMBD"}},{"type":"Feature","geometry":{"type":"Point","coordinates":[-70.650537,42.981354]},"properties":{"objtype":"SOUNDG","valsou":25.2,"chart":"US5PSMBD"}},{"type":"Feature","geometry":{"type":"Point","coordinates":[-70.650194,43.04759]},"properties":{"objtype":"SOUNDG","valsou":27.4,"chart":"US5PSMBD"}},{"type":"Feature","geometry":{"type":"Point","coordinates":[-70.650165,42.991358]},"properties":{"objtype":"SOUNDG","valsou":24.0,"chart":"US5PSMBD"}},{"type":"Feature","geometry":{"type":"Point","coordinates":[-70.650165,42.994453]},"properties":{"objtype":"SOUNDG","valsou":20.1,"chart":"US5PSMBD"}},{"type":"Feature","geometry":{"type":"Point","coordinates":[-70.650095,43.007618]},"properties":{"objtype":"SOUNDG","valsou":24.0,"chart":"US5PSMBD"}},{"type":"Feature","geometry":{"type":"Point","coordinates":[-70.650048,42.98409]},"properties":{"objtype":"SOUNDG","valsou":23.7,"chart":"US5PSMBD"}},{"type":"Feature","geometry":{"type":"Point","coordinates":[-70.721772,42.995992]},"properties":{"objtype":"SOUNDG","valsou":20.4,"chart":"US5PSMBD"}},{"type":"Feature","geometry":{"type":"Point","coordinates":[-70.720622,43.028317]},"properties":{"objtype":"SOUNDG","valsou":0.9,"chart":"US5PSMBD"}},{"type":"Feature","geometry":{"type":"Point","coordinates":[-70.716638,43.033659]},"properties":{"objtype":"SOUNDG","valsou":0.9,"chart":"US5PSMBD"}},{"type":"Feature","geometry":{"type":"Point","coordinates":[-70.716344,43.013516]},"properties":{"objtype":"SOUNDG","valsou":12.4,"chart":"US5PSMBD"}},{"type":"Feature","geometry":{"type":"Point","coordinates":[-70.715875,43.048583]},"properties":{"objtype":"SOUNDG","valsou":0.3,"chart":"US5PSMBD"}},{"type":"Feature","geometry":{"type":"Point","coordinates":[-70.715201,43.015712]},"properties":{"objtype":"SOUNDG","valsou":13.1,"chart":"US5PSMBD"}},{"type":"Feature","geometry":{"type":"Point","coordinates":[-70.712782,43.049007]},"properties":{"objtype":"SOUNDG","valsou":2.1,"chart":"US5PSMBD"}},{"type":"Feature","geometry":{"type":"Point","coordinates":[-70.714133,43.038789]},"properties":{"objtype":"SOUNDG","valsou":1.2,"chart":"US5PSMBD"}},{"type":"Feature","geometry":{"type":"Point","coordinates":[-70.712819,43.017147]},"properties":{"objtype":"SOUNDG","valsou":14.6,"chart":"US5PSMBD"}},{"type":"Feature","geometry":{"type":"Point","coordinates":[-70.712272,43.009912]},"properties":{"objtype":"SOUNDG","valsou":16.4,"chart":"US5PSMBD"}},{"type":"Feature","geometry":{"type":"Point","coordinates":[-70.712543,43.041083]},"properties":{"objtype":"SOUNDG","valsou":0.3,"chart":"US5PSMBD"}},{"type":"Feature","geometry":{"type":"Point","coordinates":[-70.711573,43.046144]},"properties":{"objtype":"SOUNDG","valsou":0.9,"chart":"US5PSMBD"}},{"type":"Feature","geometry":{"type":"Point","coordinates":[-70.712116,43.045373]},"properties":{"objtype":"SOUNDG","valsou":1.2,"chart":"US5PSMBD"}},{"type":"Feature","geometry":{"type":"Point","coordinates":[-70.710813,43.041178]},"properties":{"objtype":"SOUNDG","valsou":0.9,"chart":"US5PSMBD"}},{"type":"Feature","geometry":{"type":"Point","coordinates":[-70.710588,43.013387]},"properties":{"objtype":"SOUNDG","valsou":15.2,"chart":"US5PSMBD"}},{"type":"Feature","geometry":{"type":"Point","coordinates":[-70.710369,43.043383]},"properties":{"objtype":"SOUNDG","valsou":0.3,"chart":"US5PSMBD"}},{"type":"Feature","geometry":{"type":"Point","coordinates":[-70.708962,43.012018]},"properties":{"objtype":"SOUNDG","valsou":17.0,"chart":"US5PSMBD"}},{"type":"Feature","geometry":{"type":"Point","coordinates":[-70.711231,43.023241]},"properties":{"objtype":"SOUNDG","valsou":12.1,"chart":"US5PSMBD"}},{"type":"Feature","geometry":{"type":"Point","coordinates":[-70.706073,43.017508]},"properties":{"objtype":"SOUNDG","valsou":13.7,"chart":"US5PSMBD"}},{"type":"Feature","geometry":{"type":"Point","coordinates":[-70.706834,43.011198]},"properties":{"objtype":"SOUNDG","valsou":15.2,"chart":"US5PSMBD"}},{"type":"Feature","geometry":{"type":"Point","coordinates":[-70.705815,43.015345]},"properties":{"objtype":"SOUNDG","valsou":17.0,"chart":"US5PSMBD"}},{"type":"Feature","geometry":{"type":"Point","coordinates":[-70.706312,43.021283]},"properties":{"objtype":"SOUNDG","valsou":9.4,"chart":"US5PSMBD"}},{"type":"Feature","geometry":{"type":"Point","coordinates":[-70.705714,43.022317]},"properties":{"objtype":"SOUNDG","valsou":8.8,"chart":"US5PSMBD"}},{"type":"Feature","geometry":{"type":"Point","coordinates":[-70.702733,43.022132]},"properties":{"objtype":"SOUNDG","valsou":6.4,"chart":"US5PSMBD"}},{"type":"Feature","geometry":{"type":"Point","coordinates":[-70.705303,43.012832]},"properties":{"objtype":"SOUNDG","valsou":15.8,"chart":"US5PSMBD"}},{"type":"Feature","geometry":{"type":"Point","coordinates":[-70.703963,43.031774]},"properties":{"objtype":"SOUNDG","valsou":14.3,"chart":"US5PSMBD"}},{"type":"Feature","geometry":{"type":"Point","coordinates":[-70.700807,43.007022]},"properties":{"objtype":"SOUNDG","valsou":16.7,"chart":"US5PSMBD"}},{"type":"Feature","geometry":{"type":"Point","coordinates":[-70.699684,43.02489]},"properties":{"objtype":"SOUNDG","valsou":12.4,"chart":"US5PSMBD"}},{"type":"Feature","geometry":{"type":"Point","coordinates":[-70.702321,43.011414]},"properties":{"objtype":"SOUNDG","valsou":17.3,"chart":"US5PSMBD"}},{"type":"Feature","geometry":{"type":"Point","coordinates":[-70.702244,43.033306]},"properties":{"objtype":"SOUNDG","valsou":9.7,"chart":"US5PSMBD"}},{"type":"Feature","geometry":{"type":"Point","coordinates":[-70.702065,43.000472]},"properties":{"objtype":"SOUNDG","valsou":13.7,"chart":"US5PSMBD"}},{"type":"Feature","geometry":{"type":"Point","coordinates":[-70.701682,43.020259]},"properties":{"objtype":"SOUNDG","valsou":15.2,"chart":"US5PSMBD"}},{"type":"Feature","geometry":{"type":"Point","coordinates":[-70.700834,43.012622]},"properties":{"objtype":"SOUNDG","valsou":21.6,"chart":"US5PSMBD"}},{"type":"Feature","geometry":{"type":"Point","coordinates":[-70.701436,43.018336]},"properties":{"objtype":"SOUNDG","valsou":17.0,"chart":"US5PSMBD"}},{"type":"Feature","geometry":{"type":"Point","coordinates":[-70.698547,43.010012]},"properties":{"objtype":"SOUNDG","valsou":18.2,"chart":"US5PSMBD"}},{"type":"Feature","geometry":{"type":"Point","coordinates":[-70.698971,43.020609]},"properties":{"objtype":"SOUNDG","valsou":15.8,"chart":"US5PSMBD"}},{"type":"Feature","geometry":{"type":"Point","coordinates":[-70.696781,43.027989]},"properties":{"objtype":"SOUNDG","valsou":14.3,"chart":"US5PSMBD"}},{"type":"Feature","geometry":{"type":"Point","coordinates":[-70.697266,43.007379]},"properties":{"objtype":"SOUNDG","valsou":19.5,"chart":"US5PSMBD"}},{"type":"Feature","geometry":{"type":"Point","coordinates":[-70.69708,43.017892]},"properties":{"objtype":"SOUNDG","valsou":17.0,"chart":"US5PSMBD"}},{"type":"Feature","geometry":{"type":"Point","coordinates":[-70.698123,43.03556]},"properties":{"objtype":"SOUNDG","valsou":13.7,"chart":"US5PSMBD"}},{"type":"Feature","geometry":{"type":"Point","coordinates":[-70.697153,43.033018]},"properties":{"objtype":"SOUNDG","valsou":13.4,"chart":"US5PSMBD"}},{"type":"Feature","geometry":{"type":"Point","coordinates":[-70.696975,43.023918]},"properties":{"objtype":"SOUNDG","valsou":14.9,"chart":"US5PSMBD"}},{"type":"Feature","geometry":{"type":"Point","coordinates":[-70.694354,43.018884]},"properties":{"objtype":"SOUNDG","valsou":17.6,"chart":"US5PSMBD"}},{"type":"Feature","geometry":{"type":"Point","coordinates":[-70.694393,43.013999]},"properties":{"objtype":"SOUNDG","valsou":17.0,"chart":"US5PSMBD"}},{"type":"Feature","geometry":{"type":"Point","coordinates":[-70.696047,43.03059]},"properties":{"objtype":"SOUNDG","valsou":16.4,"chart":"US5PSMBD"}},{"type":"Feature","geometry":{"type":"Point","coordinates":[-70.695033,43.024214]},"properties":{"objtype":"SOUNDG","valsou":16.4,"chart":"US5PSMBD"}},{"type":"Feature","geometry":{"type":"Point","coordinates":[-70.695438,43.01059]},"properties":{"objtype":"SOUNDG","valsou":22.5,"chart":"US5PSMBD"}},{"type":"Feature","geometry":{"type":"Point","coordinates":[-70.695389,43.025485]},"properties":{"objtype":"SOUNDG","valsou":16.7,"chart":"US5PSMBD"}},{"type":"Feature","geometry":{"type":"Point","coordinates":[-70.693679,43.007601]},"properties":{"objtype":"SOUNDG","valsou":17.9,"chart":"US5PSMBD"}},{"type":"Feature","geometry":{"type":"Point","coordinates":[-70.691331,43.028179]},"properties":{"objtype":"SOUNDG","valsou":17.6,"chart":"US5PSMBD"}},{"type":"Feature","geometry":{"type":"Point","coordinates":[-70.692001,43.012422]},"properties":{"objtype":"SOUNDG","valsou":14.9,"chart":"US5PSMBD"}},{"type":"Feature","geometry":{"type":"Point","coordinates":[-70.69277,43.015704]},"properties":{"objtype":"SOUNDG","valsou":15.8,"chart":"US5PSMBD"}},{"type":"Feature","geometry":{"type":"Point","coordinates":[-70.692421,43.00584]},"properties":{"objtype":"SOUNDG","valsou":22.8,"chart":"US5PSMBD"}},{"type":"Feature","geometry":{"type":"Point","coordinates":[-70.691512,43.013465]},"properties":{"objtype":"SOUNDG","valsou":15.2,"chart":"US5PSMBD"}},{"type":"Feature","geometry":{"type":"Point","coordinates":[-70.691451,43.020543]},"properties":{"objtype":"SOUNDG","valsou":20.4,"chart":"US5PSMBD"}},{"type":"Feature","geometry":{"type":"Point","coordinates":[-70.689905,43.012012]},"properties":{"objtype":"SOUNDG","valsou":16.1,"chart":"US5PSMBD"}},{"type":"Feature","geometry":{"type":"Point","coordinates":[-70.690407,43.022292]},"properties":{"objtype":"SOUNDG","valsou":16.7,"chart":"US5PSMBD"}},{"type":"Feature","geometry":{"type":"Point","coordinates":[-70.687544,43.024677]},"properties":{"objtype":"SOUNDG","valsou":18.8,"chart":"US5PSMBD"}},{"type":"Feature","geometry":{"type":"Point","coordinates":[-70.690394,43.004199]},"properties":{"objtype":"SOUNDG","valsou":23.1,"chart":"US5PSMBD"}},{"type":"Feature","geometry":{"type":"Point","coordinates":[-70.690115,43.007516]},"properties":{"objtype":"SOUNDG","valsou":22.8,"chart":"US5PSMBD"}},{"type":"Feature","geometry":{"type":"Point","coordinates":[-70.689464,43.01722]},"properties":{"objtype":"SOUNDG","valsou":16.1,"chart":"US5PSMBD"}},{"type":"Feature","geometry":{"type":"Point","coordinates":[-70.688391,43.019277]},"properties":{"objtype":"SOUNDG","valsou":17.0,"chart":"US5PSMBD"}},{"type":"Feature","geometry":{"type":"Point","coordinates":[-70.685176,43.006661]},"properties":{"objtype":"SOUNDG","valsou":21.9,"chart":"US5PSMBD"}},{"type":"Feature","geometry":{"type":"Point","coordinates":[-70.687088,43.015251]},"properties":{"objtype":"SOUNDG","valsou":15.8,"chart":"US5PSMBD"}},{"type":"Feature","geometry":{"type":"Point","coordinates":[-70.686881,43.003871]},"properties":{"objtype":"SOUNDG","valsou":21.3,"chart":"US5PSMBD"}},{"type":"Feature","geometry":{"type":"Point","coordinates":[-70.686658,43.020277]},"properties":{"objtype":"SOUNDG","valsou":19.5,"chart":"US5PSMBD"}},{"type":"Feature","geometry":{"type":"Point","coordinates":[-70.686574,43.017431]},"properties":{"objtype":"SOUNDG","valsou":16.7,"chart":"US5PSMBD"}},{"type":"Feature","geometry":{"type":"Point","coordinates":[-70.686295,43.011608]},"properties":{"objtype":"SOUNDG","valsou":18.5,"chart":"US5PSMBD"}},{"type":"Feature","geometry":{"type":"Point","coordinates":[-70.685732,43.024001]},"properties":{"objtype":"SOUNDG","valsou":17.9,"chart":"US5PSMBD"}},{"type":"Feature","geometry":{"type":"Point","coordinates":[-70.684632,43.02514]},"properties":{"objtype":"SOUNDG","valsou":17.3,"chart":"US5PSMBD"}},{"type":"Feature","geometry":{"type":"Point","coordinates":[-70.682544,43.01261]},"properties":{"objtype":"SOUNDG","valsou":19.8,"chart":"US5PSMBD"}},{"type":"Feature","geometry":{"type":"Point","coordinates":[-70.682885,43.024025]},"properties":{"objtype":"SOUNDG","valsou":17.9,"chart":"US5PSMBD"}},{"type":"Feature","geometry":{"type":"Point","coordinates":[-70.682986,43.007225]},"properties":{"objtype":"SOUNDG","valsou":24.3,"chart":"US5PSMBD"}},{"type":"Feature","geometry":{"type":"Point","coordinates":[-70.681659,43.017379]},"properties":{"objtype":"SOUNDG","valsou":21.6,"chart":"US5PSMBD"}},{"type":"Feature","geometry":{"type":"Point","coordinates":[-70.681368,43.026408]},"properties":{"objtype":"SOUNDG","valsou":17.6,"chart":"US5PSMBD"}},{"type":"Feature","geometry":{"type":"Point","coordinates":[-70.681239,43.018849]},"properties":{"objtype":"SOUNDG","valsou":20.1,"chart":"US5PSMBD"}},{"type":"Feature","geometry":{"type":"Point","coordinates":[-70.680338,43.011608]},"properties":{"objtype":"SOUNDG","valsou":19.5,"chart":"US5PSMBD"}},{"type":"Feature","geometry":{"type":"Point","coordinates":[-70.680191,43.002814]},"properties":{"objtype":"SOUNDG","valsou":23.1,"chart":"US5PSMBD"}},{"type":"Feature","geometry":{"type":"Point","coordinates":[-70.679821,43.016933]},"properties":{"objtype":"SOUNDG","valsou":20.7,"chart":"US5PSMBD"}},{"type":"Feature","geometry":{"type":"Point","coordinates":[-70.680308,43.005088]},"properties":{"objtype":"SOUNDG","valsou":24.6,"chart":"US5PSMBD"}},{"type":"Feature","geometry":{"type":"Point","coordinates":[-70.680143,43.028148]},"properties":{"objtype":"SOUNDG","valsou":23.4,"chart":"US5PSMBD"}},{"type":"Feature","geometry":{"type":"Point","coordinates":[-70.680072,43.013815]},"properties":{"objtype":"SOUNDG","valsou":22.8,"chart":"US5PSMBD"}},{"type":"Feature","geometry":{"type":"Point","coordinates":[-70.679861,43.007825]},"properties":{"objtype":"SOUNDG","valsou":24.9,"chart":"US5PSMBD"}},{"type":"Feature","geometry":{"type":"Point","coordinates":[-70.678357,43.025033]},"properties":{"objtype":"SOUNDG","valsou":17.0,"chart":"US5PSMBD"}},{"type":"Feature","geometry":{"type":"Point","coordinates":[-70.67687,43.01556]},"properties":{"objtype":"SOUNDG","valsou":24.0,"chart":"US5PSMBD"}},{"type":"Feature","geometry":{"type":"Point","coordinates":[-70.677053,43.013712]},"properties":{"objtype":"SOUNDG","valsou":22.2,"chart":"US5PSMBD"}},{"type":"Feature","geometry":{"type":"Point","coordinates":[-70.676957,43.021489]},"properties":{"objtype":"SOUNDG","valsou":19.8,"chart":"US5PSMBD"}},{"type":"Feature","geometry":{"type":"Point","coordinates":[-70.676943,43.005793]},"properties":{"objtype":"SOUNDG","valsou":25.6,"chart":"US5PSMBD"}},{"type":"Feature","geometry":{"type":"Point","coordinates":[-70.676511,43.002633]},"properties":{"objtype":"SOUNDG","valsou":27.1,"chart":"US5PSMBD"}},{"type":"Feature","geometry":{"type":"Point","coordinates":[-70.676324,43.008354]},"properties":{"objtype":"SOUNDG","valsou":22.2,"chart":"US5PSMBD"}},{"type":"Feature","geometry":{"type":"Point","coordinates":[-70.675253,43.010354]},"properties":{"objtype":"SOUNDG","valsou":16.4,"chart":"US5PSMBD"}},{"type":"Feature","geometry":{"type":"Point","coordinates":[-70.675144,43.000771]},"properties":{"objtype":"SOUNDG","valsou":27.7,"chart":"US5PSMBD"}},{"type":"Feature","geometry":{"type":"Point","coordinates":[-70.672553,43.019784]},"properties":{"objtype":"SOUNDG","valsou":14.6,"chart":"US5PSMBD"}},{"type":"Feature","geometry":{"type":"Point","coordinates":[-70.674158,43.006285]},"properties":{"objtype":"SOUNDG","valsou":21.9,"chart":"US5PSMBD"}},{"type":"Feature","geometry":{"type":"Point","coordinates":[-70.674789,43.022573]},"properties":{"objtype":"SOUNDG","valsou":15.8,"chart":"US5PSMBD"}},{"type":"Feature","geometry":{"type":"Point","coordinates":[-70.674555,43.015981]},"properties":{"objtype":"SOUNDG","valsou":22.2,"chart":"US5PSMBD"}},{"type":"Feature","geometry":{"type":"Point","coordinates":[-70.67451,43.026887]},"properties":{"objtype":"SOUNDG","valsou":17.0,"chart":"US5PSMBD"}},{"type":"Feature","geometry":{"type":"Point","coordinates":[-70.674473,43.031573]},"properties":{"objtype":"SOUNDG","valsou":17.3,"chart":"US5PSMBD"}},{"type":"Feature","geometry":{"type":"Point","coordinates":[-70.673417,43.028807]},"properties":{"objtype":"SOUNDG","valsou":17.0,"chart":"US5PSMBD"}},{"type":"Feature","geometry":{"type":"Point","coordinates":[-70.67314,43.008974]},"properties":{"objtype":"SOUNDG","valsou":15.2,"chart":"US5PSMBD"}},{"type":"Feature","geometry":{"type":"Point","coordinates":[-70.672432,43.011165]},"properties":{"objtype":"SOUNDG","valsou":20.7,"chart":"US5PSMBD"}},{"type":"Feature","geometry":{"type":"Point","coordinates":[-70.671973,43.027511]},"properties":{"objtype":"SOUNDG","valsou":16.4,"chart":"US5PSMBD"}},{"type":"Feature","geometry":{"type":"Point","coordinates":[-70.671941,43.00166]},"properties":{"objtype":"SOUNDG","valsou":28.3,"chart":"US5PSMBD"}},{"type":"Feature","geometry":{"type":"Point","coordinates":[-70.671239,43.016112]},"properties":{"objtype":"SOUNDG","valsou":24.0,"chart":"US5PSMBD"}},{"type":"Feature","geometry":{"type":"Point","coordinates":[-70.670915,42.997416]},"properties":{"objtype":"SOUNDG","valsou":27.1,"chart":"US5PSMBD"}},{"type":"Feature","geometry":{"type":"Point","coordinates":[-70.670499,43.02368]},"properties":{"objtype":"SOUNDG","valsou":17.6,"chart":"US5PSMBD"}},{"type":"Feature","geometry":{"type":"Point","coordinates":[-70.670288,43.013917]},"properties":{"objtype":"SOUNDG","valsou":20.1,"chart":"US5PSMBD"}},{"type":"Feature","geometry":{"type":"Point","coordinates":[-70.670097,42.998848]},"properties":{"objtype":"SOUNDG","valsou":28.0,"chart":"US5PSMBD"}},{"type":"Feature","geometry":{"type":"Point","coordinates":[-70.668245,43.029793]},"properties":{"objtype":"SOUNDG","valsou":17.9,"chart":"US5PSMBD"}},{"type":"Feature","geometry":{"type":"Point","coordinates":[-70.669491,43.002132]},"properties":{"objtype":"SOUNDG","valsou":26.8,"chart":"US5PSMBD"}},{"type":"Feature","geometry":{"type":"Point","coordinates":[-70.668052,43.020071]},"properties":{"objtype":"SOUNDG","valsou":14.0,"chart":"US5PSMBD"}},{"type":"Feature","geometry":{"type":"Point","coordinates":[-70.669106,43.018367]},"properties":{"objtype":"SOUNDG","valsou":15.5,"chart":"US5PSMBD"}},{"type":"Feature","geometry":{"type":"Point","coordinates":[-70.667333,43.005376]},"properties":{"objtype":"SOUNDG","valsou":15.2,"chart":"US5PSMBD"}},{"type":"Feature","geometry":{"type":"Point","coordinates":[-70.668934,43.024433]},"properties":{"objtype":"SOUNDG","valsou":17.0,"chart":"US5PSMBD"}},{"type":"Feature","geometry":{"type":"Point","coordinates":[-70.668891,43.014963]},"properties":{"objtype":"SOUNDG","valsou":23.1,"chart":"US5PSMBD"}},{"type":"Feature","geometry":{"type":"Point","coordinates":[-70.667056,43.012488]},"properties":{"objtype":"SOUNDG","valsou":18.2,"chart":"US5PSMBD"}},{"type":"Feature","geometry":{"type":"Point","coordinates":[-70.668677,43.000078]},"properties":{"objtype":"SOUNDG","valsou":25.2,"chart":"US5PSMBD"}},{"type":"Feature","geometry":{"type":"Point","coordinates":[-70.668114,43.007634]},"properties":{"objtype":"SOUNDG","valsou":24.9,"chart":"US5PSMBD"}},{"type":"Feature","geometry":{"type":"Point","coordinates":[-70.666904,43.026336]},"properties":{"objtype":"SOUNDG","valsou":23.1,"chart":"US5PSMBD"}},{"type":"Feature","geometry":{"type":"Point","coordinates":[-70.664876,43.003262]},"properties":{"objtype":"SOUNDG","valsou":17.0,"chart":"US5PSMBD"}},{"type":"Feature","geometry":{"type":"Point","coordinates":[-70.663616,43.007962]},"properties":{"objtype":"SOUNDG","valsou":24.0,"chart":"US5PSMBD"}},{"type":"Feature","geometry":{"type":"Point","coordinates":[-70.665749,43.018894]},"properties":{"objtype":"SOUNDG","valsou":15.2,"chart":"US5PSMBD"}},{"type":"Feature","geometry":{"type":"Point","coordinates":[-70.665462,43.039832]},"properties":{"objtype":"SOUNDG","valsou":24.0,"chart":"US5PSMBD"}},{"type":"Feature","geometry":{"type":"Point","coordinates":[-70.665257,43.011497]},"properties":{"objtype":"SOUNDG","valsou":19.5,"chart":"US5PSMBD"}},{"type":"Feature","geometry":{"type":"Point","coordinates":[-70.663926,43.031086]},"properties":{"objtype":"SOUNDG","valsou":20.1,"chart":"US5PSMBD"}},{"type":"Feature","geometry":{"type":"Point","coordinates":[-70.663971,43.016933]},"properties":{"objtype":"SOUNDG","valsou":17.0,"chart":"US5PSMBD"}},{"type":"Feature","geometry":{"type":"Point","coordinates":[-70.664791,43.034713]},"properties":{"objtype":"SOUNDG","valsou":23.4,"chart":"US5PSMBD"}},{"type":"Feature","geometry":{"type":"Point","coordinates":[-70.664691,43.000002]},"properties":{"objtype":"SOUNDG","valsou":25.2,"chart":"US5PSMBD"}},{"type":"Feature","geometry":{"type":"Point","coordinates":[-70.663967,43.021587]},"properties":{"objtype":"SOUNDG","valsou":19.5,"chart":"US5PSMBD"}},{"type":"Feature","geometry":{"type":"Point","coordinates":[-70.664324,43.025203]},"properties":{"objtype":"SOUNDG","valsou":24.9,"chart":"US5PSMBD"}},{"type":"Feature","geometry":{"type":"Point","coordinates":[-70.663434,43.020444]},"properties":{"objtype":"SOUNDG","valsou":17.9,"chart":"US5PSMBD"}},{"type":"Feature","geometry":{"type":"Point","coordinates":[-70.663424,43.033673]},"properties":{"objtype":"SOUNDG","valsou":20.1,"chart":"US5PSMBD"}},{"type":"Feature","geometry":{"type":"Point","coordinates":[-70.660917,43.045432]},"properties":{"objtype":"SOUNDG","valsou":17.6,"chart":"US5PSMBD"}},{"type":"Feature","geometry":{"type":"Point","coordinates":[-70.662306,43.049983]},"properties":{"objtype":"SOUNDG","valsou":17.6,"chart":"US5PSMBD"}},{"type":"Feature","geometry":{"type":"Point","coordinates":[-70.662229,43.026741]},"properties":{"objtype":"SOUNDG","valsou":21.0,"chart":"US5PSMBD"}},{"type":"Feature","geometry":{"type":"Point","coordinates":[-70.662042,43.000453]},"properties":{"objtype":"SOUNDG","valsou":23.4,"chart":"US5PSMBD"}},{"type":"Feature","geometry":{"type":"Point","coordinates":[-70.661959,43.029329]},"properties":{"objtype":"SOUNDG","valsou":17.9,"chart":"US5PSMBD"}},{"type":"Feature","geometry":{"type":"Point","coordinates":[-70.661952,43.033389]},"properties":{"objtype":"SOUNDG","valsou":21.0,"chart":"US5PSMBD"}},{"type":"Feature","geometry":{"type":"Point","coordinates":[-70.661697,43.023841]},"properties":{"objtype":"SOUNDG","valsou":21.0,"chart":"US5PSMBD"}},{"type":"Feature","geometry":{"type":"Point","coordinates":[-70.661036,43.008183]},"properties":{"objtype":"SOUNDG","valsou":24.0,"chart":"US5PSMBD"}},{"type":"Feature","geometry":{"type":"Point","coordinates":[-70.660437,43.001977]},"properties":{"objtype":"SOUNDG","valsou":16.1,"chart":"US5PSMBD"}},{"type":"Feature","geometry":{"type":"Point","coordinates":[-70.658296,43.041719]},"properties":{"objtype":"SOUNDG","valsou":19.2,"chart":"US5PSMBD"}},{"type":"Feature","geometry":{"type":"Point","coordinates":[-70.660225,43.01843]},"properties":{"objtype":"SOUNDG","valsou":17.0,"chart":"US5PSMBD"}},{"type":"Feature","geometry":{"type":"Point","coordinates":[-70.658813,43.04629]},"properties":{"objtype":"SOUNDG","valsou":14.6,"chart":"US5PSMBD"}},{"type":"Feature","geometry":{"type":"Point","coordinates":[-70.659594,43.000433]},"properties":{"objtype":"SOUNDG","valsou":17.3,"chart":"US5PSMBD"}},{"type":"Feature","geometry":{"type":"Point","coordinates":[-70.657551,43.050224]},"properties":{"objtype":"SOUNDG","valsou":18.8,"chart":"US5PSMCD"}},{"type":"Feature","geometry":{"type":"Point","coordinates":[-70.659359,43.014451]},"properties":{"objtype":"SOUNDG","valsou":17.9,"chart":"US5PSMBD"}},{"type":"Feature","geometry":{"type":"Point","coordinates":[-70.659188,43.042604]},"properties":{"objtype":"SOUNDG","valsou":18.5,"chart":"US5PSMBD"}},{"type":"Feature","geometry":{"type":"Point","coordinates":[-70.659165,43.003985]},"properties":{"objtype":"SOUNDG","valsou":17.9,"chart":"US5PSMBD"}},{"type":"Feature","geometry":{"type":"Point","coordinates":[-70.659107,43.021014]},"properties":{"objtype":"SOUNDG","valsou":23.7,"chart":"US5PSMBD"}},{"type":"Feature","geometry":{"type":"Point","coordinates":[-70.658993,43.02722]},"properties":{"objtype":"SOUNDG","valsou":19.8,"chart":"US5PSMBD"}},{"type":"Feature","geometry":{"type":"Point","coordinates":[-70.658268,43.009445]},"properties":{"objtype":"SOUNDG","valsou":22.8,"chart":"US5PSMBD"}},{"type":"Feature","geometry":{"type":"Point","coordinates":[-70.658199,43.03664]},"properties":{"objtype":"SOUNDG","valsou":26.8,"chart":"US5PSMBD"}},{"type":"Feature","geometry":{"type":"Point","coordinates":[-70.658649,43.011066]},"properties":{"objtype":"SOUNDG","valsou":21.9,"chart":"US5PSMBD"}},{"type":"Feature","geometry":{"type":"Point","coordinates":[-70.657487,43.034195]},"properties":{"objtype":"SOUNDG","valsou":26.5,"chart":"US5PSMBD"}},{"type":"Feature","geometry":{"type":"Point","coordinates":[-70.657479,43.002749]},"properties":{"objtype":"SOUNDG","valsou":18.8,"chart":"US5PSMBD"}},{"type":"Feature","geometry":{"type":"Point","coordinates":[-70.655789,43.044839]},"properties":{"objtype":"SOUNDG","valsou":19.8,"chart":"US5PSMBD"}},{"type":"Feature","geometry":{"type":"Point","coordinates":[-70.656172,43.02126]},"properties":{"objtype":"SOUNDG","valsou":20.1,"chart":"US5PSMBD"}},{"type":"Feature","geometry":{"type":"Point","coordinates":[-70.654689,43.027455]},"properties":{"objtype":"SOUNDG","valsou":20.7,"chart":"US5PSMBD"}},{"type":"Feature","geometry":{"type":"Point","coordinates":[-70.655753,43.014943]},"properties":{"objtype":"SOUNDG","valsou":21.0,"chart":"US5PSMBD"}},{"type":"Feature","geometry":{"type":"Point","coordinates":[-70.656727,43.03003]},"properties":{"objtype":"SOUNDG","valsou":20.4,"chart":"US5PSMBD"}},{"type":"Feature","geometry":{"type":"Point","coordinates":[-70.656344,43.03188]},"properties":{"objtype":"SOUNDG","valsou":21.0,"chart":"US5PSMBD"}},{"type":"Feature","geometry":{"type":"Point","coordinates":[-70.656341,43.046056]},"properties":{"objtype":"SOUNDG","valsou":18.2,"chart":"US5PSMBD"}},{"type":"Feature","geometry":{"type":"Point","coordinates":[-70.655595,43.03804]},"properties":{"objtype":"SOUNDG","valsou":20.7,"chart":"US5PSMBD"}},{"type":"Feature","geometry":{"type":"Point","coordinates":[-70.654562,43.009431]},"properties":{"objtype":"SOUNDG","valsou":21.3,"chart":"US5PSMBD"}},{"type":"Feature","geometry":{"type":"Point","coordinates":[-70.655248,43.003617]},"properties":{"objtype":"SOUNDG","valsou":18.5,"chart":"US5PSMBD"}},{"type":"Feature","geometry":{"type":"Point","coordinates":[-70.654942,43.01685]},"properties":{"objtype":"SOUNDG","valsou":17.0,"chart":"US5PSMBD"}},{"type":"Feature","geometry":{"type":"Point","coordinates":[-70.654624,43.024238]},"properties":{"objtype":"SOUNDG","valsou":22.8,"chart":"US5PSMBD"}},{"type":"Feature","geometry":{"type":"Point","coordinates":[-70.653815,43.040686]},"properties":{"objtype":"SOUNDG","valsou":17.6,"chart":"US5PSMBD"}},{"type":"Feature","geometry":{"type":"Point","coordinates":[-70.653941,43.035908]},"properties":{"objtype":"SOUNDG","valsou":28.0,"chart":"US5PSMBD"}},{"type":"Feature","geometry":{"type":"Point","coordinates":[-70.654315,43.022456]},"properties":{"objtype":"SOUNDG","valsou":21.6,"chart":"US5PSMBD"}},{"type":"Feature","geometry":{"type":"Point","coordinates":[-70.653945,43.025603]},"properties":{"objtype":"SOUNDG","valsou":21.0,"chart":"US5PSMBD"}},{"type":"Feature","geometry":{"type":"Point","coordinates":[-70.652598,43.021184]},"properties":{"objtype":"SOUNDG","valsou":21.6,"chart":"US5PSMBD"}},{"type":"Feature","geometry":{"type":"Point","coordinates":[-70.65343,43.049822]},"properties":{"objtype":"SOUNDG","valsou":21.0,"chart":"US5PSMBD"}},{"type":"Feature","geometry":{"type":"Point","coordinates":[-70.652544,43.006559]},"properties":{"objtype":"SOUNDG","valsou":23.1,"chart":"US5PSMBD"}},{"type":"Feature","geometry":{"type":"Point","coordinates":[-70.652397,43.031443]},"properties":{"objtype":"SOUNDG","valsou":28.6,"chart":"US5PSMBD"}},{"type":"Feature","geometry":{"type":"Point","coordinates":[-70.652036,43.037993]},"properties":{"objtype":"SOUNDG","valsou":21.6,"chart":"US5PSMBD"}},{"type":"Feature","geometry":{"type":"Point","coordinates":[-70.651227,43.027051]},"properties":{"objtype":"SOUNDG","valsou":28.3,"chart":"US5PSMBD"}},{"type":"Feature","geometry":{"type":"Point","coordinates":[-70.650451,43.038995]},"properties":{"objtype":"SOUNDG","valsou":18.5,"chart":"US5PSMBD"}},{"type":"Feature","geometry":{"type":"Point","coordinates":[-70.648542,43.03092]},"properties":{"objtype":"SOUNDG","valsou":29.5,"chart":"US5PSMBE"}},{"type":"Feature","geometry":{"type":"Point","coordinates":[-70.65003,43.043985]},"properties":{"objtype":"SOUNDG","valsou":22.2,"chart":"US5PSMBD"}},{"type":"Feature","geometry":{"type":"Point","coordinates":[-70.704877,43.036663]},"properties":{"objtype":"SOUNDG","valsou":7.9,"chart":"US5PSMBD"}},{"type":"Feature","geometry":{"type":"Point","coordinates":[-70.701268,43.036892]},"properties":{"objtype":"SOUNDG","valsou":11.8,"chart":"US5PSMBD"}},{"type":"Feature","geometry":{"type":"Point","coordinates":[-70.670591,43.036414]},"properties":{"objtype":"SOUNDG","valsou":23.4,"chart":"US5PSMBD"}},{"type":"Feature","geometry":{"type":"Point","coordinates":[-70.668326,43.039274]},"properties":{"objtype":"SOUNDG","valsou":18.8,"chart":"US5PSMBD"}},{"type":"Feature","geometry":{"type":"Point","coordinates":[-70.668212,43.033721]},"properties":{"objtype":"SOUNDG","valsou":19.5,"chart":"US5PSMBD"}},{"type":"Feature","geometry":{"type":"Point","coordinates":[-70.703393,43.043348]},"properties":{"objtype":"SOUNDG","valsou":11.8,"chart":"US5PSMBD"}},{"type":"Feature","geometry":{"type":"Point","coordinates":[-70.702272,43.045666]},"properties":{"objtype":"SOUNDG","valsou":13.1,"chart":"US5PSMBD"}},{"type":"Feature","geometry":{"type":"Point","coordinates":[-70.699855,43.04174]},"properties":{"objtype":"SOUNDG","valsou":14.3,"chart":"US5PSMBD"}},{"type":"Feature","geometry":{"type":"Point","coordinates":[-70.701997,43.042613]},"properties":{"objtype":"SOUNDG","valsou":16.7,"chart":"US5PSMBD"}},{"type":"Feature","geometry":{"type":"Point","coordinates":[-70.697369,43.047756]},"properties":{"objtype":"SOUNDG","valsou":14.3,"chart":"US5PSMBD"}},{"type":"Feature","geometry":{"type":"Point","coordinates":[-70.697828,43.041229]},"properties":{"objtype":"SOUNDG","valsou":14.9,"chart":"US5PSMBD"}},{"type":"Feature","geometry":{"type":"Point","coordinates":[-70.693978,43.047662]},"properties":{"objtype":"SOUNDG","valsou":13.1,"chart":"US5PSMBD"}},{"type":"Feature","geometry":{"type":"Point","coordinates":[-70.694552,43.050679]},"properties":{"objtype":"SOUNDG","valsou":12.4,"chart":"US5PSMCD"}},{"type":"Feature","geometry":{"type":"Point","coordinates":[-70.695618,43.03766]},"properties":{"objtype":"SOUNDG","valsou":15.5,"chart":"US5PSMBD"}},{"type":"Feature","geometry":{"type":"Point","coordinates":[-70.693966,43.041863]},"properties":{"objtype":"SOUNDG","valsou":14.0,"chart":"US5PSMBD"}},{"type":"Feature","geometry":{"type":"Point","coordinates":[-70.694372,43.044126]},"properties":{"objtype":"SOUNDG","valsou":13.7,"chart":"US5PSMBD"}},{"type":"Feature","geometry":{"type":"Point","coordinates":[-70.693085,43.04555]},"properties":{"objtype":"SOUNDG","valsou":14.0,"chart":"US5PSMBD"}},{"type":"Feature","geometry":{"type":"Point","coordinates":[-70.692971,43.039608]},"properties":{"objtype":"SOUNDG","valsou":14.6,"chart":"US5PSMBD"}},{"type":"Feature","geometry":{"type":"Point","coordinates":[-70.692347,43.050595]},"properties":{"objtype":"SOUNDG","valsou":8.8,"chart":"US5PSMCD"}},{"type":"Feature","geometry":{"type":"Point","coordinates":[-70.69197,43.037138]},"properties":{"objtype":"SOUNDG","valsou":16.4,"chart":"US5PSMBD"}},{"type":"Feature","geometry":{"type":"Point","coordinates":[-70.690862,43.034345]},"properties":{"objtype":"SOUNDG","valsou":16.1,"chart":"US5PSMBD"}},{"type":"Feature","geometry":{"type":"Point","coordinates":[-70.687742,43.02798]},"properties":{"objtype":"SOUNDG","valsou":16.7,"chart":"US5PSMBD"}},{"type":"Feature","geometry":{"type":"Point","coordinates":[-70.689561,43.033464]},"properties":{"objtype":"SOUNDG","valsou":19.8,"chart":"US5PSMBD"}},{"type":"Feature","geometry":{"type":"Point","coordinates":[-70.690481,43.050547]},"properties":{"objtype":"SOUNDG","valsou":6.4,"chart":"US5PSMCD"}},{"type":"Feature","geometry":{"type":"Point","coordinates":[-70.689031,43.048131]},"properties":{"objtype":"SOUNDG","valsou":14.9,"chart":"US5PSMBD"}},{"type":"Feature","geometry":{"type":"Point","coordinates":[-70.68889,43.035851]},"properties":{"objtype":"SOUNDG","valsou":17.3,"chart":"US5PSMBD"}},{"type":"Feature","geometry":{"type":"Point","coordinates":[-70.687787,43.043971]},"properties":{"objtype":"SOUNDG","valsou":17.3,"chart":"US5PSMBD"}},{"type":"Feature","geometry":{"type":"Point","coordinates":[-70.686848,43.038366]},"properties":{"objtype":"SOUNDG","valsou":19.2,"chart":"US5PSMBD"}},{"type":"Feature","geometry":{"type":"Point","coordinates":[-70.685878,43.047781]},"properties":{"objtype":"SOUNDG","valsou":10.3,"chart":"US5PSMBD"}},{"type":"Feature","geometry":{"type":"Point","coordinates":[-70.685497,43.041052]},"properties":{"objtype":"SOUNDG","valsou":17.6,"chart":"US5PSMBD"}},{"type":"Feature","geometry":{"type":"Point","coordinates":[-70.685244,43.044369]},"properties":{"objtype":"SOUNDG","valsou":18.8,"chart":"US5PSMBD"}},{"type":"Feature","geometry":{"type":"Point","coordinates":[-70.684949,43.028201]},"properties":{"objtype":"SOUNDG","valsou":17.6,"chart":"US5PSMBD"}},{"type":"Feature","geometry":{"type":"Point","coordinates":[-70.684406,43.029866]},"properties":{"objtype":"SOUNDG","valsou":24.3,"chart":"US5PSMBD"}},{"type":"Feature","geometry":{"type":"Point","coordinates":[-70.683926,43.03207]},"properties":{"objtype":"SOUNDG","valsou":24.3,"chart":"US5PSMBD"}},{"type":"Feature","geometry":{"type":"Point","coordinates":[-70.682766,43.047107]},"properties":{"objtype":"SOUNDG","valsou":13.1,"chart":"US5PSMBD"}},{"type":"Feature","geometry":{"type":"Point","coordinates":[-70.683694,43.039745]},"properties":{"objtype":"SOUNDG","valsou":20.7,"chart":"US5PSMBD"}},{"type":"Feature","geometry":{"type":"Point","coordinates":[-70.682553,43.035728]},"properties":{"objtype":"SOUNDG","valsou":22.5,"chart":"US5PSMBD"}},{"type":"Feature","geometry":{"type":"Point","coordinates":[-70.682372,43.043475]},"properties":{"objtype":"SOUNDG","valsou":18.2,"chart":"US5PSMBD"}},{"type":"Feature","geometry":{"type":"Point","coordinates":[-70.68004,43.042609]},"properties":{"objtype":"SOUNDG","valsou":21.3,"chart":"US5PSMBD"}},{"type":"Feature","geometry":{"type":"Point","coordinates":[-70.680456,43.038064]},"properties":{"objtype":"SOUNDG","valsou":21.0,"chart":"US5PSMBD"}},{"type":"Feature","geometry":{"type":"Point","coordinates":[-70.6801,43.0358]},"properties":{"objtype":"SOUNDG","valsou":23.4,"chart":"US5PSMBD"}},{"type":"Feature","geometry":{"type":"Point","coordinates":[-70.677763,43.047286]},"properties":{"objtype":"SOUNDG","valsou":16.7,"chart":"US5PSMBD"}},{"type":"Feature","geometry":{"type":"Point","coordinates":[-70.677881,43.04988]},"properties":{"objtype":"SOUNDG","valsou":13.4,"chart":"US5PSMBD"}},{"type":"Feature","geometry":{"type":"Point","coordinates":[-70.675785,43.039645]},"properties":{"objtype":"SOUNDG","valsou":21.3,"chart":"US5PSMBD"}},{"type":"Feature","geometry":{"type":"Point","coordinates":[-70.676412,43.037403]},"properties":{"objtype":"SOUNDG","valsou":23.4,"chart":"US5PSMBD"}},{"type":"Feature","geometry":{"type":"Point","coordinates":[-70.676034,43.043388]},"properties":{"objtype":"SOUNDG","valsou":17.9,"chart":"US5PSMBD"}},{"type":"Feature","geometry":{"type":"Point","coordinates":[-70.674902,43.041459]},"properties":{"objtype":"SOUNDG","valsou":23.4,"chart":"US5PSMBD"}},{"type":"Feature","geometry":{"type":"Point","coordinates":[-70.673244,43.047319]},"properties":{"objtype":"SOUNDG","valsou":17.6,"chart":"US5PSMBD"}},{"type":"Feature","geometry":{"type":"Point","coordinates":[-70.67427,43.034481]},"properties":{"objtype":"SOUNDG","valsou":21.9,"chart":"US5PSMBD"}},{"type":"Feature","geometry":{"type":"Point","coordinates":[-70.674129,43.038337]},"properties":{"objtype":"SOUNDG","valsou":23.4,"chart":"US5PSMBD"}},{"type":"Feature","geometry":{"type":"Point","coordinates":[-70.673941,43.044067]},"properties":{"objtype":"SOUNDG","valsou":19.5,"chart":"US5PSMBD"}},{"type":"Feature","geometry":{"type":"Point","coordinates":[-70.669819,43.051403]},"properties":{"objtype":"SOUNDG","valsou":15.2,"chart":"US5PSMCD"}},{"type":"Feature","geometry":{"type":"Point","coordinates":[-70.67044,43.043542]},"properties":{"objtype":"SOUNDG","valsou":20.1,"chart":"US5PSMBD"}},{"type":"Feature","geometry":{"type":"Point","coordinates":[-70.667802,43.044048]},"properties":{"objtype":"SOUNDG","valsou":26.5,"chart":"US5PSMBD"}},{"type":"Feature","geometry":{"type":"Point","coordinates":[-70.667435,43.046827]},"properties":{"objtype":"SOUNDG","valsou":22.2,"chart":"US5PSMBD"}},{"type":"Feature","geometry":{"type":"Point","coordinates":[-70.664649,43.0473]},"properties":{"objtype":"SOUNDG","valsou":18.5,"chart":"US5PSMBD"}},{"type":"Feature","geometry":{"type":"Point","coordinates":[-70.663617,43.04908]},"properties":{"objtype":"SOUNDG","valsou":15.8,"chart":"US5PSMBD"}},{"type":"Feature","geometry":{"type":"Point","coordinates":[-70.723385,43.018988]},"properties":{"objtype":"SOUNDG","valsou":10.0,"chart":"US5PSMBD"}},{"type":"Feature","geometry":{"type":"Point","coordinates":[-70.723337,43.024284]},"properties":{"objtype":"SOUNDG","valsou":2.4,"chart":"US5PSMBD"}},{"type":"Feature","geometry":{"type":"Point","coordinates":[-70.722811,43.016007]},"properties":{"objtype":"SOUNDG","valsou":10.0,"chart":"US5PSMBD"}},{"type":"Feature","geometry":{"type":"Point","coordinates":[-70.722218,43.014107]},"properties":{"objtype":"SOUNDG","valsou":9.7,"chart":"US5PSMBD"}},{"type":"Feature","geometry":{"type":"Point","coordinates":[-70.717704,43.017705]},"properties":{"objtype":"SOUNDG","valsou":12.1,"chart":"US5PSMBD"}},{"type":"Feature","geometry":{"type":"Point","coordinates":[-70.719409,43.027801]},"properties":{"objtype":"SOUNDG","valsou":0.3,"chart":"US5PSMBD"}},{"type":"Feature","geometry":{"type":"Point","coordinates":[-70.718673,43.024282]},"properties":{"objtype":"SOUNDG","valsou":10.0,"chart":"US5PSMBD"}},{"type":"Feature","geometry":{"type":"Point","coordinates":[-70.717123,43.03032]},"properties":{"objtype":"SOUNDG","valsou":1.2,"chart":"US5PSMBD"}},{"type":"Feature","geometry":{"type":"Point","coordinates":[-70.71697,43.023083]},"properties":{"objtype":"SOUNDG","valsou":12.4,"chart":"US5PSMBD"}},{"type":"Feature","geometry":{"type":"Point","coordinates":[-70.71625,43.0272]},"properties":{"objtype":"SOUNDG","valsou":7.6,"chart":"US5PSMBD"}},{"type":"Feature","geometry":{"type":"Point","coordinates":[-70.715947,43.01982]},"properties":{"objtype":"SOUNDG","valsou":11.5,"chart":"US5PSMBD"}},{"type":"Feature","geometry":{"type":"Point","coordinates":[-70.715138,43.031323]},"properties":{"objtype":"SOUNDG","valsou":1.2,"chart":"US5PSMBD"}},{"type":"Feature","geometry":{"type":"Point","coordinates":[-70.714139,43.03602]},"properties":{"objtype":"SOUNDG","valsou":1.2,"chart":"US5PSMBD"}},{"type":"Feature","geometry":{"type":"Point","coordinates":[-70.713912,43.029612]},"properties":{"objtype":"SOUNDG","valsou":5.1,"chart":"US5PSMBD"}},{"type":"Feature","geometry":{"type":"Point","coordinates":[-70.711493,43.025614]},"properties":{"objtype":"SOUNDG","valsou":13.1,"chart":"US5PSMBD"}},{"type":"Feature","geometry":{"type":"Point","coordinates":[-70.710037,43.038603]},"properties":{"objtype":"SOUNDG","valsou":4.5,"chart":"US5PSMBD"}},{"type":"Feature","geometry":{"type":"Point","coordinates":[-70.711016,43.03142]},"properties":{"objtype":"SOUNDG","valsou":5.7,"chart":"US5PSMBD"}},{"type":"Feature","geometry":{"type":"Point","coordinates":[-70.71046,43.034382]},"properties":{"objtype":"SOUNDG","valsou":4.2,"chart":"US5PSMBD"}},{"type":"Feature","geometry":{"type":"Point","coordinates":[-70.70817,43.036794]},"properties":{"objtype":"SOUNDG","valsou":7.3,"chart":"US5PSMBD"}},{"type":"Feature","geometry":{"type":"Point","coordinates":[-70.70805,43.032437]},"properties":{"objtype":"SOUNDG","valsou":9.7,"chart":"US5PSMBD"}},{"type":"Feature","geometry":{"type":"Point","coordinates":[-70.707911,43.029198]},"properties":{"objtype":"SOUNDG","valsou":8.8,"chart":"US5PSMBD"}},{"type":"Feature","geometry":{"type":"Point","coordinates":[-70.707714,43.043356]},"properties":{"objtype":"SOUNDG","valsou":8.5,"chart":"US5PSMBD"}},{"type":"Feature","geometry":{"type":"Point","coordinates":[-70.708497,43.050475]},"properties":{"objtype":"SOUNDG","valsou":10.3,"chart":"US5PSMCD"}},{"type":"Feature","geometry":{"type":"Point","coordinates":[-70.707102,43.040772]},"properties":{"objtype":"SOUNDG","valsou":9.4,"chart":"US5PSMBD"}},{"type":"Feature","geometry":{"type":"Point","coordinates":[-70.706182,43.046549]},"properties":{"objtype":"SOUNDG","valsou":9.4,"chart":"US5PSMBD"}},{"type":"Feature","geometry":{"type":"Point","coordinates":[-70.705351,43.04847]},"properties":{"objtype":"SOUNDG","valsou":10.0,"chart":"US5PSMBD"}},{"type":"Feature","geometry":{"type":"Point","coordinates":[-70.705057,43.028988]},"properties":{"objtype":"SOUNDG","valsou":13.1,"chart":"US5PSMBD"}},{"type":"Feature","geometry":{"type":"Point","coordinates":[-70.704695,43.026544]},"properties":{"objtype":"SOUNDG","valsou":14.6,"chart":"US5PSMBD"}},{"type":"Feature","geometry":{"type":"Point","coordinates":[-70.723453,43.00607]},"properties":{"objtype":"SOUNDG","valsou":9.7,"chart":"US5PSMBD"}},{"type":"Feature","geometry":{"type":"Point","coordinates":[-70.722498,42.999997]},"properties":{"objtype":"SOUNDG","valsou":18.8,"chart":"US5PSMBD"}},{"type":"Feature","geometry":{"type":"Point","coordinates":[-70.721346,43.00268]},"properties":{"objtype":"SOUNDG","valsou":15.5,"chart":"US5PSMBD"}},{"type":"Feature","geometry":{"type":"Point","coordinates":[-70.718514,43.008485]},"properties":{"objtype":"SOUNDG","valsou":14.0,"chart":"US5PSMBD"}},{"type":"Feature","geometry":{"type":"Point","coordinates":[-70.719835,43.011851]},"properties":{"objtype":"SOUNDG","valsou":10.6,"chart":"US5PSMBD"}},{"type":"Feature","geometry":{"type":"Point","coordinates":[-70.715425,43.006803]},"properties":{"objtype":"SOUNDG","valsou":15.5,"chart":"US5PSMBD"}},{"type":"Feature","geometry":{"type":"Point","coordinates":[-70.649575,43.009527]},"properties":{"objtype":"SOUNDG","valsou":21.9,"chart":"US5PSMBE"}},{"type":"Feature","geometry":{"type":"Point","coordinates":[-70.649606,42.987049]},"properties":{"objtype":"SOUNDG","valsou":21.6,"chart":"US5PSMBE"}},{"type":"Feature","geometry":{"type":"Point","coordinates":[-70.649512,42.97547]},"properties":{"objtype":"SOUNDG","valsou":31.6,"chart":"US5PSMBE"}},{"type":"Feature","geometry":{"type":"Point","coordinates":[-70.648348,42.996522]},"properties":{"objtype":"SOUNDG","valsou":26.8,"chart":"US5PSMBE"}},{"type":"Feature","geometry":{"type":"Point","coordinates":[-70.646139,43.049934]},"properties":{"objtype":"SOUNDG","valsou":17.9,"chart":"US5PSMBE"}},{"type":"Feature","geometry":{"type":"Point","coordinates":[-70.648138,43.0016]},"properties":{"objtype":"SOUNDG","valsou":23.7,"chart":"US5PSMBE"}},{"type":"Feature","geometry":{"type":"Point","coordinates":[-70.648091,42.980002]},"properties":{"objtype":"SOUNDG","valsou":29.5,"chart":"US5PSMBE"}},{"type":"Feature","geometry":{"type":"Point","coordinates":[-70.645878,43.005823]},"properties":{"objtype":"SOUNDG","valsou":22.5,"chart":"US5PSMBE"}},{"type":"Feature","geometry":{"type":"Point","coordinates":[-70.647672,42.990024]},"properties":{"objtype":"SOUNDG","valsou":23.4,"chart":"US5PSMBE"}},{"type":"Feature","geometry":{"type":"Point","coordinates":[-70.647562,43.00844]},"properties":{"objtype":"SOUNDG","valsou":22.2,"chart":"US5PSMBE"}},{"type":"Feature","geometry":{"type":"Point","coordinates":[-70.647276,42.993803]},"properties":{"objtype":"SOUNDG","valsou":20.7,"chart":"US5PSMBE"}},{"type":"Feature","geometry":{"type":"Point","coordinates":[-70.647126,43.044836]},"properties":{"objtype":"SOUNDG","valsou":26.8,"chart":"US5PSMBE"}},{"type":"Feature","geometry":{"type":"Point","coordinates":[-70.647087,43.011394]},"properties":{"objtype":"SOUNDG","valsou":23.4,"chart":"US5PSMBE"}},{"type":"Feature","geometry":{"type":"Point","coordinates":[-70.646181,42.997685]},"properties":{"objtype":"SOUNDG","valsou":25.2,"chart":"US5PSMBE"}},{"type":"Feature","geometry":{"type":"Point","coordinates":[-70.645967,43.04663]},"properties":{"objtype":"SOUNDG","valsou":21.9,"chart":"US5PSMBE"}},{"type":"Feature","geometry":{"type":"Point","coordinates":[-70.645366,42.991563]},"properties":{"objtype":"SOUNDG","valsou":22.5,"chart":"US5PSMBE"}},{"type":"Feature","geometry":{"type":"Point","coordinates":[-70.645273,42.97807]},"properties":{"objtype":"SOUNDG","valsou":31.0,"chart":"US5PSMBE"}},{"type":"Feature","geometry":{"type":"Point","coordinates":[-70.645273,43.00396]},"properties":{"objtype":"SOUNDG","valsou":26.5,"chart":"US5PSMBE"}},{"type":"Feature","geometry":{"type":"Point","coordinates":[-70.644364,43.006798]},"properties":{"objtype":"SOUNDG","valsou":22.2,"chart":"US5PSMBE"}},{"type":"Feature","geometry":{"type":"Point","coordinates":[-70.644683,43.012645]},"properties":{"objtype":"SOUNDG","valsou":21.6,"chart":"US5PSMBE"}},{"type":"Feature","geometry":{"type":"Point","coordinates":[-70.644458,42.994744]},"properties":{"objtype":"SOUNDG","valsou":22.5,"chart":"US5PSMBE"}},{"type":"Feature","geometry":{"type":"Point","coordinates":[-70.643596,42.983252]},"properties":{"objtype":"SOUNDG","valsou":21.3,"chart":"US5PSMBE"}},{"type":"Feature","geometry":{"type":"Point","coordinates":[-70.644895,43.051019]},"properties":{"objtype":"SOUNDG","valsou":20.7,"chart":"US5PSMCE"}},{"type":"Feature","geometry":{"type":"Point","coordinates":[-70.643293,42.988639]},"properties":{"objtype":"SOUNDG","valsou":18.8,"chart":"US5PSMBE"}},{"type":"Feature","geometry":{"type":"Point","coordinates":[-70.64313,42.99789]},"properties":{"objtype":"SOUNDG","valsou":24.0,"chart":"US5PSMBE"}},{"type":"Feature","geometry":{"type":"Point","coordinates":[-70.643118,43.010245]},"properties":{"objtype":"SOUNDG","valsou":21.6,"chart":"US5PSMBE"}},{"type":"Feature","geometry":{"type":"Point","coordinates":[-70.642999,42.97559]},"properties":{"objtype":"SOUNDG","valsou":32.3,"chart":"US5PSMBE"}},{"type":"Feature","geometry":{"type":"Point","coordinates":[-70.642985,43.046945]},"properties":{"objtype":"SOUNDG","valsou":23.1,"chart":"US5PSMBE"}},{"type":"Feature","geometry":{"type":"Point","coordinates":[-70.642338,42.99288]},"properties":{"objtype":"SOUNDG","valsou":20.7,"chart":"US5PSMBE"}},{"type":"Feature","geometry":{"type":"Point","coordinates":[-70.641406,42.986604]},"properties":{"objtype":"SOUNDG","valsou":20.4,"chart":"US5PSMBE"}},{"type":"Feature","geometry":{"type":"Point","coordinates":[-70.641406,43.000096]},"properties":{"objtype":"SOUNDG","valsou":23.7,"chart":"US5PSMBE"}},{"type":"Feature","geometry":{"type":"Point","coordinates":[-70.641357,43.012276]},"properties":{"objtype":"SOUNDG","valsou":25.6,"chart":"US5PSMBE"}},{"type":"Feature","geometry":{"type":"Point","coordinates":[-70.64108,43.002917]},"properties":{"objtype":"SOUNDG","valsou":23.1,"chart":"US5PSMBE"}},{"type":"Feature","geometry":{"type":"Point","coordinates":[-70.640125,42.976513]},"properties":{"objtype":"SOUNDG","valsou":29.5,"chart":"US5PSMBE"}},{"type":"Feature","geometry":{"type":"Point","coordinates":[-70.640288,42.981473]},"properties":{"objtype":"SOUNDG","valsou":26.5,"chart":"US5PSMBE"}},{"type":"Feature","geometry":{"type":"Point","coordinates":[-70.640148,42.984244]},"properties":{"objtype":"SOUNDG","valsou":24.0,"chart":"US5PSMBE"}},{"type":"Feature","geometry":{"type":"Point","coordinates":[-70.639775,43.04392]},"properties":{"objtype":"SOUNDG","valsou":20.4,"chart":"US5PSMBE"}},{"type":"Feature","geometry":{"type":"Point","coordinates":[-70.639682,43.005054]},"properties":{"objtype":"SOUNDG","valsou":24.6,"chart":"US5PSMBE"}},{"type":"Feature","geometry":{"type":"Point","coordinates":[-70.637399,42.992213]},"properties":{"objtype":"SOUNDG","valsou":15.8,"chart":"US5PSMBE"}},{"type":"Feature","geometry":{"type":"Point","coordinates":[-70.639146,42.990127]},"properties":{"objtype":"SOUNDG","valsou":17.9,"chart":"US5PSMBE"}},{"type":"Feature","geometry":{"type":"Point","coordinates":[-70.63705,42.988297]},"properties":{"objtype":"SOUNDG","valsou":19.8,"chart":"US5PSMBE"}},{"type":"Feature","geometry":{"type":"Point","coordinates":[-70.639081,43.045465]},"properties":{"objtype":"SOUNDG","valsou":13.1,"chart":"US5PSMBE"}},{"type":"Feature","geometry":{"type":"Point","coordinates":[-70.638953,43.010122]},"properties":{"objtype":"SOUNDG","valsou":24.3,"chart":"US5PSMBE"}},{"type":"Feature","geometry":{"type":"Point","coordinates":[-70.63684,42.995753]},"properties":{"objtype":"SOUNDG","valsou":22.2,"chart":"US5PSMBE"}},{"type":"Feature","geometry":{"type":"Point","coordinates":[-70.63861,42.981012]},"properties":{"objtype":"SOUNDG","valsou":27.1,"chart":"US5PSMBE"}},{"type":"Feature","geometry":{"type":"Point","coordinates":[-70.638434,42.975128]},"properties":{"objtype":"SOUNDG","valsou":31.6,"chart":"US5PSMBE"}},{"type":"Feature","geometry":{"type":"Point","coordinates":[-70.636607,42.978583]},"properties":{"objtype":"SOUNDG","valsou":26.2,"chart":"US5PSMBE"}},{"type":"Feature","geometry":{"type":"Point","coordinates":[-70.637609,43.003738]},"properties":{"objtype":"SOUNDG","valsou":23.7,"chart":"US5PSMBE"}},{"type":"Feature","geometry":{"type":"Point","coordinates":[-70.637348,43.041112]},"properties":{"objtype":"SOUNDG","valsou":32.0,"chart":"US5PSMBE"}},{"type":"Feature","geometry":{"type":"Point","coordinates":[-70.637236,43.001891]},"properties":{"objtype":"SOUNDG","valsou":29.2,"chart":"US5PSMBE"}},{"type":"Feature","geometry":{"type":"Point","coordinates":[-70.636864,42.998899]},"properties":{"objtype":"SOUNDG","valsou":27.7,"chart":"US5PSMBE"}},{"type":"Feature","geometry":{"type":"Point","coordinates":[-70.63677,43.006507]},"properties":{"objtype":"SOUNDG","valsou":25.2,"chart":"US5PSMBE"}},{"type":"Feature","geometry":{"type":"Point","coordinates":[-70.634534,42.987322]},"properties":{"objtype":"SOUNDG","valsou":21.6,"chart":"US5PSMBE"}},{"type":"Feature","geometry":{"type":"Point","coordinates":[-70.634581,42.992555]},"properties":{"objtype":"SOUNDG","valsou":17.9,"chart":"US5PSMBE"}},{"type":"Feature","geometry":{"type":"Point","coordinates":[-70.636035,43.046913]},"properties":{"objtype":"SOUNDG","valsou":14.0,"chart":"US5PSMBE"}},{"type":"Feature","geometry":{"type":"Point","coordinates":[-70.635885,42.984244]},"properties":{"objtype":"SOUNDG","valsou":21.3,"chart":"US5PSMBE"}},{"type":"Feature","geometry":{"type":"Point","coordinates":[-70.635023,42.979985]},"properties":{"objtype":"SOUNDG","valsou":20.1,"chart":"US5PSMBE"}},{"type":"Feature","geometry":{"type":"Point","coordinates":[-70.633589,43.049603]},"properties":{"objtype":"SOUNDG","valsou":15.8,"chart":"US5PSMBE"}},{"type":"Feature","geometry":{"type":"Point","coordinates":[-70.635654,43.011128]},"properties":{"objtype":"SOUNDG","valsou":23.7,"chart":"US5PSMBE"}},{"type":"Feature","geometry":{"type":"Point","coordinates":[-70.633695,43.00119]},"properties":{"objtype":"SOUNDG","valsou":26.5,"chart":"US5PSMBE"}},{"type":"Feature","geometry":{"type":"Point","coordinates":[-70.635047,43.005122]},"properties":{"objtype":"SOUNDG","valsou":23.7,"chart":"US5PSMBE"}},{"type":"Feature","geometry":{"type":"Point","coordinates":[-70.634977,42.99748]},"properties":{"objtype":"SOUNDG","valsou":21.6,"chart":"US5PSMBE"}},{"type":"Feature","geometry":{"type":"Point","coordinates":[-70.634948,43.044672]},"properties":{"objtype":"SOUNDG","valsou":30.1,"chart":"US5PSMBE"}},{"type":"Feature","geometry":{"type":"Point","coordinates":[-70.634872,43.008666]},"properties":{"objtype":"SOUNDG","valsou":25.6,"chart":"US5PSMBE"}},{"type":"Feature","geometry":{"type":"Point","coordinates":[-70.633978,43.04221]},"properties":{"objtype":"SOUNDG","valsou":31.0,"chart":"US5PSMBE"}},{"type":"Feature","geometry":{"type":"Point","coordinates":[-70.633789,42.976907]},"properties":{"objtype":"SOUNDG","valsou":19.5,"chart":"US5PSMBE"}},{"type":"Feature","geometry":{"type":"Point","coordinates":[-70.633418,43.01281]},"properties":{"objtype":"SOUNDG","valsou":22.2,"chart":"US5PSMBE"}},{"type":"Feature","geometry":{"type":"Point","coordinates":[-70.633225,43.048046]},"properties":{"objtype":"SOUNDG","valsou":23.4,"chart":"US5PSMBE"}},{"type":"Feature","geometry":{"type":"Point","coordinates":[-70.631482,42.984193]},"properties":{"objtype":"SOUNDG","valsou":17.0,"chart":"US5PSMBE"}},{"type":"Feature","geometry":{"type":"Point","coordinates":[-70.633183,42.999156]},"properties":{"objtype":"SOUNDG","valsou":21.9,"chart":"US5PSMBE"}},{"type":"Feature","geometry":{"type":"Point","coordinates":[-70.630504,42.982175]},"properties":{"objtype":"SOUNDG","valsou":13.4,"chart":"US5PSMBE"}},{"type":"Feature","geometry":{"type":"Point","coordinates":[-70.632859,43.010697]},"properties":{"objtype":"SOUNDG","valsou":23.1,"chart":"US5PSMBE"}},{"type":"Feature","geometry":{"type":"Point","coordinates":[-70.632671,43.006883]},"properties":{"objtype":"SOUNDG","valsou":23.7,"chart":"US5PSMBE"}},{"type":"Feature","geometry":{"type":"Point","coordinates":[-70.632437,42.990332]},"properties":{"objtype":"SOUNDG","valsou":17.6,"chart":"US5PSMBE"}},{"type":"Feature","geometry":{"type":"Point","coordinates":[-70.63111,42.976753]},"properties":{"objtype":"SOUNDG","valsou":7.9,"chart":"US5PSMBE"}},{"type":"Feature","geometry":{"type":"Point","coordinates":[-70.63205,43.044553]},"properties":{"objtype":"SOUNDG","valsou":25.2,"chart":"US5PSMBE"}},{"type":"Feature","geometry":{"type":"Point","coordinates":[-70.632018,42.994556]},"properties":{"objtype":"SOUNDG","valsou":19.5,"chart":"US5PSMBE"}},{"type":"Feature","geometry":{"type":"Point","coordinates":[-70.630621,43.005892]},"properties":{"objtype":"SOUNDG","valsou":31.3,"chart":"US5PSMBE"}},{"type":"Feature","geometry":{"type":"Point","coordinates":[-70.630458,42.990879]},"properties":{"objtype":"SOUNDG","valsou":18.5,"chart":"US5PSMBE"}},{"type":"Feature","geometry":{"type":"Point","coordinates":[-70.630399,43.010861]},"properties":{"objtype":"SOUNDG","valsou":29.8,"chart":"US5PSMBE"}},{"type":"Feature","geometry":{"type":"Point","coordinates":[-70.627802,43.003669]},"properties":{"objtype":"SOUNDG","valsou":22.8,"chart":"US5PSMBE"}},{"type":"Feature","geometry":{"type":"Point","coordinates":[-70.628548,43.050972]},"properties":{"objtype":"SOUNDG","valsou":16.1,"chart":"US5PSMCE"}},{"type":"Feature","geometry":{"type":"Point","coordinates":[-70.629363,42.983355]},"properties":{"objtype":"SOUNDG","valsou":14.6,"chart":"US5PSMBE"}},{"type":"Feature","geometry":{"type":"Point","coordinates":[-70.62913,42.992008]},"properties":{"objtype":"SOUNDG","valsou":19.5,"chart":"US5PSMBE"}},{"type":"Feature","geometry":{"type":"Point","coordinates":[-70.628198,43.00743]},"properties":{"objtype":"SOUNDG","valsou":26.5,"chart":"US5PSMBE"}},{"type":"Feature","geometry":{"type":"Point","coordinates":[-70.628849,43.046189]},"properties":{"objtype":"SOUNDG","valsou":27.1,"chart":"US5PSMBE"}},{"type":"Feature","geometry":{"type":"Point","coordinates":[-70.628827,42.995342]},"properties":{"objtype":"SOUNDG","valsou":18.8,"chart":"US5PSMBE"}},{"type":"Feature","geometry":{"type":"Point","coordinates":[-70.627522,42.987955]},"properties":{"objtype":"SOUNDG","valsou":23.7,"chart":"US5PSMBE"}},{"type":"Feature","geometry":{"type":"Point","coordinates":[-70.627988,43.001857]},"properties":{"objtype":"SOUNDG","valsou":24.9,"chart":"US5PSMBE"}},{"type":"Feature","geometry":{"type":"Point","coordinates":[-70.630309,43.013174]},"properties":{"objtype":"SOUNDG","valsou":23.7,"chart":"US5PSMBE"}},{"type":"Feature","geometry":{"type":"Point","coordinates":[-70.626637,42.991888]},"properties":{"objtype":"SOUNDG","valsou":17.6,"chart":"US5PSMBE"}},{"type":"Feature","geometry":{"type":"Point","coordinates":[-70.626218,42.997839]},"properties":{"objtype":"SOUNDG","valsou":19.2,"chart":"US5PSMBE"}},{"type":"Feature","geometry":{"type":"Point","coordinates":[-70.627313,42.990349]},"properties":{"objtype":"SOUNDG","valsou":22.2,"chart":"US5PSMBE"}},{"type":"Feature","geometry":{"type":"Point","coordinates":[-70.625496,43.004661]},"properties":{"objtype":"SOUNDG","valsou":32.3,"chart":"US5PSMBE"}},{"type":"Feature","geometry":{"type":"Point","coordinates":[-70.626737,43.010635]},"properties":{"objtype":"SOUNDG","valsou":24.6,"chart":"US5PSMBE"}},{"type":"Feature","geometry":{"type":"Point","coordinates":[-70.626707,43.000694]},"properties":{"objtype":"SOUNDG","valsou":22.5,"chart":"US5PSMBE"}},{"type":"Feature","geometry":{"type":"Point","coordinates":[-70.626614,42.983543]},"properties":{"objtype":"SOUNDG","valsou":22.2,"chart":"US5PSMBE"}},{"type":"Feature","geometry":{"type":"Point","coordinates":[-70.625272,42.976855]},"properties":{"objtype":"SOUNDG","valsou":0.3,"chart":"US5PSMBE"}},{"type":"Feature","geometry":{"type":"Point","coordinates":[-70.626125,42.987032]},"properties":{"objtype":"SOUNDG","valsou":8.8,"chart":"US5PSMBE"}},{"type":"Feature","geometry":{"type":"Point","coordinates":[-70.624836,43.009445]},"properties":{"objtype":"SOUNDG","valsou":26.5,"chart":"US5PSMBE"}},{"type":"Feature","geometry":{"type":"Point","coordinates":[-70.622214,43.015209]},"properties":{"objtype":"SOUNDG","valsou":16.7,"chart":"US5PSMBE"}},{"type":"Feature","geometry":{"type":"Point","coordinates":[-70.62284,42.984278]},"properties":{"objtype":"SOUNDG","valsou":17.0,"chart":"US5PSMBE"}},{"type":"Feature","geometry":{"type":"Point","coordinates":[-70.624121,42.977796]},"properties":{"objtype":"SOUNDG","valsou":12.4,"chart":"US5PSMBE"}},{"type":"Feature","geometry":{"type":"Point","coordinates":[-70.622421,42.993051]},"properties":{"objtype":"SOUNDG","valsou":11.2,"chart":"US5PSMBE"}},{"type":"Feature","geometry":{"type":"Point","coordinates":[-70.623958,43.002985]},"properties":{"objtype":"SOUNDG","valsou":23.7,"chart":"US5PSMBE"}},{"type":"Feature","geometry":{"type":"Point","coordinates":[-70.621722,42.994864]},"properties":{"objtype":"SOUNDG","valsou":10.9,"chart":"US5PSMBE"}},{"type":"Feature","geometry":{"type":"Point","coordinates":[-70.622374,42.979661]},"properties":{"objtype":"SOUNDG","valsou":16.7,"chart":"US5PSMBE"}},{"type":"Feature","geometry":{"type":"Point","coordinates":[-70.623243,43.010984]},"properties":{"objtype":"SOUNDG","valsou":32.0,"chart":"US5PSMBE"}},{"type":"Feature","geometry":{"type":"Point","coordinates":[-70.62305,43.004934]},"properties":{"objtype":"SOUNDG","valsou":24.6,"chart":"US5PSMBE"}},{"type":"Feature","geometry":{"type":"Point","coordinates":[-70.622491,42.989015]},"properties":{"objtype":"SOUNDG","valsou":9.4,"chart":"US5PSMBE"}},{"type":"Feature","geometry":{"type":"Point","coordinates":[-70.619136,42.981986]},"properties":{"objtype":"SOUNDG","valsou":21.6,"chart":"US5PSMBE"}},{"type":"Feature","geometry":{"type":"Point","coordinates":[-70.618834,43.001942]},"properties":{"objtype":"SOUNDG","valsou":24.9,"chart":"US5PSMBE"}},{"type":"Feature","geometry":{"type":"Point","coordinates":[-70.621233,42.993581]},"properties":{"objtype":"SOUNDG","valsou":5.7,"chart":"US5PSMBE"}},{"type":"Feature","geometry":{"type":"Point","coordinates":[-70.618631,43.011825]},"properties":{"objtype":"SOUNDG","valsou":26.8,"chart":"US5PSMBE"}},{"type":"Feature","geometry":{"type":"Point","coordinates":[-70.620511,42.977813]},"properties":{"objtype":"SOUNDG","valsou":2.4,"chart":"US5PSMBE"}},{"type":"Feature","geometry":{"type":"Point","coordinates":[-70.61916,42.986177]},"properties":{"objtype":"SOUNDG","valsou":0.9,"chart":"US5PSMBE"}},{"type":"Feature","geometry":{"type":"Point","coordinates":[-70.618601,42.995291]},"properties":{"objtype":"SOUNDG","valsou":11.2,"chart":"US5PSMBE"}},{"type":"Feature","geometry":{"type":"Point","coordinates":[-70.620643,43.018902]},"properties":{"objtype":"SOUNDG","valsou":34.4,"chart":"US5PSMBE"}},{"type":"Feature","geometry":{"type":"Point","coordinates":[-70.618997,42.991102]},"properties":{"objtype":"SOUNDG","valsou":6.0,"chart":"US5PSMBE"}},{"type":"Feature","geometry":{"type":"Point","coordinates":[-70.618717,43.000267]},"properties":{"objtype":"SOUNDG","valsou":19.5,"chart":"US5PSMBE"}},{"type":"Feature","geometry":{"type":"Point","coordinates":[-70.618624,43.008593]},"properties":{"objtype":"SOUNDG","valsou":26.2,"chart":"US5PSMBE"}},{"type":"Feature","geometry":{"type":"Point","coordinates":[-70.619043,43.004199]},"properties":{"objtype":"SOUNDG","valsou":27.7,"chart":"US5PSMBE"}},{"type":"Feature","geometry":{"type":"Point","coordinates":[-70.615724,43.019476]},"properties":{"objtype":"SOUNDG","valsou":34.7,"chart":"US5PSMBE"}},{"type":"Feature","geometry":{"type":"Point","coordinates":[-70.617715,42.977557]},"properties":{"objtype":"SOUNDG","valsou":4.8,"chart":"US5PSMBE"}},{"type":"Feature","geometry":{"type":"Point","coordinates":[-70.617431,42.988782]},"properties":{"objtype":"SOUNDG","valsou":0.6,"chart":"US5PSMBE"}},{"type":"Feature","geometry":{"type":"Point","coordinates":[-70.617948,42.992624]},"properties":{"objtype":"SOUNDG","valsou":6.0,"chart":"US5PSMBE"}},{"type":"Feature","geometry":{"type":"Point","coordinates":[-70.618295,43.013794]},"properties":{"objtype":"SOUNDG","valsou":26.5,"chart":"US5PSMBE"}},{"type":"Feature","geometry":{"type":"Point","coordinates":[-70.618251,42.987322]},"properties":{"objtype":"SOUNDG","valsou":3.0,"chart":"US5PSMBE"}},{"type":"Feature","geometry":{"type":"Point","coordinates":[-70.617373,43.01564]},"properties":{"objtype":"SOUNDG","valsou":24.9,"chart":"US5PSMBE"}},{"type":"Feature","geometry":{"type":"Point","coordinates":[-70.617156,43.003686]},"properties":{"objtype":"SOUNDG","valsou":30.7,"chart":"US5PSMBE"}},{"type":"Feature","geometry":{"type":"Point","coordinates":[-70.617296,42.982294]},"properties":{"objtype":"SOUNDG","valsou":12.8,"chart":"US5PSMBE"}},{"type":"Feature","geometry":{"type":"Point","coordinates":[-70.617249,42.983851]},"properties":{"objtype":"SOUNDG","valsou":8.2,"chart":"US5PSMBE"}},{"type":"Feature","geometry":{"type":"Point","coordinates":[-70.616411,43.007123]},"properties":{"objtype":"SOUNDG","valsou":25.6,"chart":"US5PSMBE"}},{"type":"Feature","geometry":{"type":"Point","coordinates":[-70.61294,42.993393]},"properties":{"objtype":"SOUNDG","valsou":7.9,"chart":"US5PSMBE"}},{"type":"Feature","geometry":{"type":"Point","coordinates":[-70.614408,43.003738]},"properties":{"objtype":"SOUNDG","valsou":9.7,"chart":"US5PSMBE"}},{"type":"Feature","geometry":{"type":"Point","coordinates":[-70.612917,42.984637]},"properties":{"objtype":"SOUNDG","valsou":0.9,"chart":"US5PSMBE"}},{"type":"Feature","geometry":{"type":"Point","coordinates":[-70.614128,42.995565]},"properties":{"objtype":"SOUNDG","valsou":9.4,"chart":"US5PSMBE"}},{"type":"Feature","geometry":{"type":"Point","coordinates":[-70.61287,42.978463]},"properties":{"objtype":"SOUNDG","valsou":3.3,"chart":"US5PSMBE"}},{"type":"Feature","geometry":{"type":"Point","coordinates":[-70.614198,43.008781]},"properties":{"objtype":"SOUNDG","valsou":28.6,"chart":"US5PSMBE"}},{"type":"Feature","geometry":{"type":"Point","coordinates":[-70.612707,43.003002]},"properties":{"objtype":"SOUNDG","valsou":7.3,"chart":"US5PSMBE"}},{"type":"Feature","geometry":{"type":"Point","coordinates":[-70.61399,43.014553]},"properties":{"objtype":"SOUNDG","valsou":35.6,"chart":"US5PSMBE"}},{"type":"Feature","geometry":{"type":"Point","coordinates":[-70.61304,43.020255]},"properties":{"objtype":"SOUNDG","valsou":28.3,"chart":"US5PSMBE"}},{"type":"Feature","geometry":{"type":"Point","coordinates":[-70.609772,43.003874]},"properties":{"objtype":"SOUNDG","valsou":0.6,"chart":"US5PSMBE"}},{"type":"Feature","geometry":{"type":"Point","coordinates":[-70.612241,42.989751]},"properties":{"objtype":"SOUNDG","valsou":1.2,"chart":"US5PSMBE"}},{"type":"Feature","geometry":{"type":"Point","coordinates":[-70.612173,43.01082]},"properties":{"objtype":"SOUNDG","valsou":27.4,"chart":"US5PSMBE"}},{"type":"Feature","geometry":{"type":"Point","coordinates":[-70.612148,42.980943]},"properties":{"objtype":"SOUNDG","valsou":1.2,"chart":"US5PSMBE"}},{"type":"Feature","geometry":{"type":"Point","coordinates":[-70.610867,42.985219]},"properties":{"objtype":"SOUNDG","valsou":0.6,"chart":"US5PSMBE"}},{"type":"Feature","geometry":{"type":"Point","coordinates":[-70.611682,42.999856]},"properties":{"objtype":"SOUNDG","valsou":13.4,"chart":"US5PSMBE"}},{"type":"Feature","geometry":{"type":"Point","coordinates":[-70.611586,43.018614]},"properties":{"objtype":"SOUNDG","valsou":34.1,"chart":"US5PSMBE"}},{"type":"Feature","geometry":{"type":"Point","coordinates":[-70.611216,43.008319]},"properties":{"objtype":"SOUNDG","valsou":27.4,"chart":"US5PSMBE"}},{"type":"Feature","geometry":{"type":"Point","coordinates":[-70.609865,42.977694]},"properties":{"objtype":"SOUNDG","valsou":0.9,"chart":"US5PSMBE"}},{"type":"Feature","geometry":{"type":"Point","coordinates":[-70.609935,42.98657]},"properties":{"objtype":"SOUNDG","valsou":1.5,"chart":"US5PSMBE"}},{"type":"Feature","geometry":{"type":"Point","coordinates":[-70.60898,42.988776]},"properties":{"objtype":"SOUNDG","valsou":6.4,"chart":"US5PSMBE"}},{"type":"Feature","geometry":{"type":"Point","coordinates":[-70.609329,42.984039]},"properties":{"objtype":"SOUNDG","valsou":9.4,"chart":"US5PSMBE"}},{"type":"Feature","geometry":{"type":"Point","coordinates":[-70.607614,42.999633]},"properties":{"objtype":"SOUNDG","valsou":3.3,"chart":"US5PSMBE"}},{"type":"Feature","geometry":{"type":"Point","coordinates":[-70.607093,43.004592]},"properties":{"objtype":"SOUNDG","valsou":0.6,"chart":"US5PSMBE"}},{"type":"Feature","geometry":{"type":"Point","coordinates":[-70.60905,43.007037]},"properties":{"objtype":"SOUNDG","valsou":16.1,"chart":"US5PSMBE"}},{"type":"Feature","geometry":{"type":"Point","coordinates":[-70.606883,42.979609]},"properties":{"objtype":"SOUNDG","valsou":0.6,"chart":"US5PSMBE"}},{"type":"Feature","geometry":{"type":"Point","coordinates":[-70.608584,42.976804]},"properties":{"objtype":"SOUNDG","valsou":2.7,"chart":"US5PSMBE"}},{"type":"Feature","geometry":{"type":"Point","coordinates":[-70.608305,42.986758]},"properties":{"objtype":"SOUNDG","valsou":7.3,"chart":"US5PSMBE"}},{"type":"Feature","geometry":{"type":"Point","coordinates":[-70.607396,43.00225]},"properties":{"objtype":"SOUNDG","valsou":3.9,"chart":"US5PSMBE"}},{"type":"Feature","geometry":{"type":"Point","coordinates":[-70.607757,43.011989]},"properties":{"objtype":"SOUNDG","valsou":23.7,"chart":"US5PSMBE"}},{"type":"Feature","geometry":{"type":"Point","coordinates":[-70.607645,43.013958]},"properties":{"objtype":"SOUNDG","valsou":22.5,"chart":"US5PSMBE"}},{"type":"Feature","geometry":{"type":"Point","coordinates":[-70.607365,43.018389]},"properties":{"objtype":"SOUNDG","valsou":31.6,"chart":"US5PSMBE"}},{"type":"Feature","geometry":{"type":"Point","coordinates":[-70.60721,42.995291]},"properties":{"objtype":"SOUNDG","valsou":23.4,"chart":"US5PSMBE"}},{"type":"Feature","geometry":{"type":"Point","coordinates":[-70.608887,42.992658]},"properties":{"objtype":"SOUNDG","valsou":11.2,"chart":"US5PSMBE"}},{"type":"Feature","geometry":{"type":"Point","coordinates":[-70.606471,43.020235]},"properties":{"objtype":"SOUNDG","valsou":31.3,"chart":"US5PSMBE"}},{"type":"Feature","geometry":{"type":"Point","coordinates":[-70.606418,42.987596]},"properties":{"objtype":"SOUNDG","valsou":15.8,"chart":"US5PSMBE"}},{"type":"Feature","geometry":{"type":"Point","coordinates":[-70.604801,43.013078]},"properties":{"objtype":"SOUNDG","valsou":23.4,"chart":"US5PSMBE"}},{"type":"Feature","geometry":{"type":"Point","coordinates":[-70.60362,43.009732]},"properties":{"objtype":"SOUNDG","valsou":13.1,"chart":"US5PSMBE"}},{"type":"Feature","geometry":{"type":"Point","coordinates":[-70.605157,43.017548]},"properties":{"objtype":"SOUNDG","valsou":32.9,"chart":"US5PSMBE"}},{"type":"Feature","geometry":{"type":"Point","coordinates":[-70.60467,42.979096]},"properties":{"objtype":"SOUNDG","valsou":6.4,"chart":"US5PSMBE"}},{"type":"Feature","geometry":{"type":"Point","coordinates":[-70.60481,42.984774]},"properties":{"objtype":"SOUNDG","valsou":8.2,"chart":"US5PSMBE"}},{"type":"Feature","geometry":{"type":"Point","coordinates":[-70.604438,42.993992]},"properties":{"objtype":"SOUNDG","valsou":20.7,"chart":"US5PSMBE"}},{"type":"Feature","geometry":{"type":"Point","coordinates":[-70.601647,42.983752]},"properties":{"objtype":"SOUNDG","valsou":1.2,"chart":"US5PSMBE"}},{"type":"Feature","geometry":{"type":"Point","coordinates":[-70.601596,42.986262]},"properties":{"objtype":"SOUNDG","valsou":27.4,"chart":"US5PSMBE"}},{"type":"Feature","geometry":{"type":"Point","coordinates":[-70.602341,42.980225]},"properties":{"objtype":"SOUNDG","valsou":1.5,"chart":"US5PSMBE"}},{"type":"Feature","geometry":{"type":"Point","coordinates":[-70.603226,43.000318]},"properties":{"objtype":"SOUNDG","valsou":5.1,"chart":"US5PSMBE"}},{"type":"Feature","geometry":{"type":"Point","coordinates":[-70.60304,43.007259]},"properties":{"objtype":"SOUNDG","valsou":2.1,"chart":"US5PSMBE"}},{"type":"Feature","geometry":{"type":"Point","coordinates":[-70.600734,43.00449]},"properties":{"objtype":"SOUNDG","valsou":0.6,"chart":"US5PSMBE"}},{"type":"Feature","geometry":{"type":"Point","coordinates":[-70.60283,42.978857]},"properties":{"objtype":"SOUNDG","valsou":21.3,"chart":"US5PSMBE"}},{"type":"Feature","geometry":{"type":"Point","coordinates":[-70.60276,42.990555]},"properties":{"objtype":"SOUNDG","valsou":35.6,"chart":"US5PSMBE"}},{"type":"Feature","geometry":{"type":"Point","coordinates":[-70.602685,43.020793]},"properties":{"objtype":"SOUNDG","valsou":42.6,"chart":"US5PSMBE"}},{"type":"Feature","geometry":{"type":"Point","coordinates":[-70.600573,43.01564]},"properties":{"objtype":"SOUNDG","valsou":29.2,"chart":"US5PSMBE"}},{"type":"Feature","geometry":{"type":"Point","coordinates":[-70.60102,43.003498]},"properties":{"objtype":"SOUNDG","valsou":0.6,"chart":"US5PSMBE"}},{"type":"Feature","geometry":{"type":"Point","coordinates":[-70.602225,42.996197]},"properties":{"objtype":"SOUNDG","valsou":20.4,"chart":"US5PSMBE"}},{"type":"Feature","geometry":{"type":"Point","coordinates":[-70.602054,43.010512]},"properties":{"objtype":"SOUNDG","valsou":22.2,"chart":"US5PSMBE"}},{"type":"Feature","geometry":{"type":"Point","coordinates":[-70.602038,42.994368]},"properties":{"objtype":"SOUNDG","valsou":26.8,"chart":"US5PSMBE"}},{"type":"Feature","geometry":{"type":"Point","coordinates":[-70.600408,43.007978]},"properties":{"objtype":"SOUNDG","valsou":1.2,"chart":"US5PSMBE"}},{"type":"Feature","geometry":{"type":"Point","coordinates":[-70.598334,43.004439]},"properties":{"objtype":"SOUNDG","valsou":0.6,"chart":"US5PSMBE"}},{"type":"Feature","geometry":{"type":"Point","coordinates":[-70.598434,43.016958]},"properties":{"objtype":"SOUNDG","valsou":41.7,"chart":"US5PSMBE"}},{"type":"Feature","geometry":{"type":"Point","coordinates":[-70.599686,42.981542]},"properties":{"objtype":"SOUNDG","valsou":13.1,"chart":"US5PSMBE"}},{"type":"Feature","geometry":{"type":"Point","coordinates":[-70.599988,43.000489]},"properties":{"objtype":"SOUNDG","valsou":26.8,"chart":"US5PSMBE"}},{"type":"Feature","geometry":{"type":"Point","coordinates":[-70.598008,42.976958]},"properties":{"objtype":"SOUNDG","valsou":18.8,"chart":"US5PSMBE"}},{"type":"Feature","geometry":{"type":"Point","coordinates":[-70.598334,42.996488]},"properties":{"objtype":"SOUNDG","valsou":16.4,"chart":"US5PSMBE"}},{"type":"Feature","geometry":{"type":"Point","coordinates":[-70.599662,43.002763]},"properties":{"objtype":"SOUNDG","valsou":2.7,"chart":"US5PSMBE"}},{"type":"Feature","geometry":{"type":"Point","coordinates":[-70.599476,42.985698]},"properties":{"objtype":"SOUNDG","valsou":24.3,"chart":"US5PSMBE"}},{"type":"Feature","geometry":{"type":"Point","coordinates":[-70.597694,43.012625]},"properties":{"objtype":"SOUNDG","valsou":25.6,"chart":"US5PSMBE"}},{"type":"Feature","geometry":{"type":"Point","coordinates":[-70.594957,42.991615]},"properties":{"objtype":"SOUNDG","valsou":35.9,"chart":"US5PSMBE"}},{"type":"Feature","geometry":{"type":"Point","coordinates":[-70.597193,43.005293]},"properties":{"objtype":"SOUNDG","valsou":2.1,"chart":"US5PSMBE"}},{"type":"Feature","geometry":{"type":"Point","coordinates":[-70.597162,43.01043]},"properties":{"objtype":"SOUNDG","valsou":15.5,"chart":"US5PSMBE"}},{"type":"Feature","geometry":{"type":"Point","coordinates":[-70.597007,42.983509]},"properties":{"objtype":"SOUNDG","valsou":13.1,"chart":"US5PSMBE"}},{"type":"Feature","geometry":{"type":"Point","coordinates":[-70.59682,42.978258]},"properties":{"objtype":"SOUNDG","valsou":46.3,"chart":"US5PSMBE"}},{"type":"Feature","geometry":{"type":"Point","coordinates":[-70.596587,42.989871]},"properties":{"objtype":"SOUNDG","valsou":32.0,"chart":"US5PSMBE"}},{"type":"Feature","geometry":{"type":"Point","coordinates":[-70.596098,42.997617]},"properties":{"objtype":"SOUNDG","valsou":8.2,"chart":"US5PSMBE"}},{"type":"Feature","geometry":{"type":"Point","coordinates":[-70.594677,42.987459]},"properties":{"objtype":"SOUNDG","valsou":31.6,"chart":"US5PSMBE"}},{"type":"Feature","geometry":{"type":"Point","coordinates":[-70.594421,42.99406]},"properties":{"objtype":"SOUNDG","valsou":44.1,"chart":"US5PSMBE"}},{"type":"Feature","geometry":{"type":"Point","coordinates":[-70.594211,42.984193]},"properties":{"objtype":"SOUNDG","valsou":25.9,"chart":"US5PSMBE"}},{"type":"Feature","geometry":{"type":"Point","coordinates":[-70.594165,42.985835]},"properties":{"objtype":"SOUNDG","valsou":20.7,"chart":"US5PSMBE"}},{"type":"Feature","geometry":{"type":"Point","coordinates":[-70.594118,43.002507]},"properties":{"objtype":"SOUNDG","valsou":24.6,"chart":"US5PSMBE"}},{"type":"Feature","geometry":{"type":"Point","coordinates":[-70.594002,42.977642]},"properties":{"objtype":"SOUNDG","valsou":47.2,"chart":"US5PSMBE"}},{"type":"Feature","geometry":{"type":"Point","coordinates":[-70.593629,42.997651]},"properties":{"objtype":"SOUNDG","valsou":16.1,"chart":"US5PSMBE"}},{"type":"Feature","geometry":{"type":"Point","coordinates":[-70.593606,42.97978]},"properties":{"objtype":"SOUNDG","valsou":54.2,"chart":"US5PSMBE"}},{"type":"Feature","geometry":{"type":"Point","coordinates":[-70.593606,43.007003]},"properties":{"objtype":"SOUNDG","valsou":30.7,"chart":"US5PSMBE"}},{"type":"Feature","geometry":{"type":"Point","coordinates":[-70.591616,43.015319]},"properties":{"objtype":"SOUNDG","valsou":28.3,"chart":"US5PSMBE"}},{"type":"Feature","geometry":{"type":"Point","coordinates":[-70.592185,42.995958]},"properties":{"objtype":"SOUNDG","valsou":43.8,"chart":"US5PSMBE"}},{"type":"Feature","geometry":{"type":"Point","coordinates":[-70.589074,43.010071]},"properties":{"objtype":"SOUNDG","valsou":14.0,"chart":"US5PSMBE"}},{"type":"Feature","geometry":{"type":"Point","coordinates":[-70.591043,42.978155]},"properties":{"objtype":"SOUNDG","valsou":46.3,"chart":"US5PSMBE"}},{"type":"Feature","geometry":{"type":"Point","coordinates":[-70.59102,42.993479]},"properties":{"objtype":"SOUNDG","valsou":48.7,"chart":"US5PSMBE"}},{"type":"Feature","geometry":{"type":"Point","coordinates":[-70.59102,43.006011]},"properties":{"objtype":"SOUNDG","valsou":42.9,"chart":"US5PSMBE"}},{"type":"Feature","geometry":{"type":"Point","coordinates":[-70.589925,42.988639]},"properties":{"objtype":"SOUNDG","valsou":35.3,"chart":"US5PSMBE"}},{"type":"Feature","geometry":{"type":"Point","coordinates":[-70.589715,42.986433]},"properties":{"objtype":"SOUNDG","valsou":53.0,"chart":"US5PSMBE"}},{"type":"Feature","geometry":{"type":"Point","coordinates":[-70.58932,42.994812]},"properties":{"objtype":"SOUNDG","valsou":49.9,"chart":"US5PSMBE"}},{"type":"Feature","geometry":{"type":"Point","coordinates":[-70.589296,42.984347]},"properties":{"objtype":"SOUNDG","valsou":46.0,"chart":"US5PSMBE"}},{"type":"Feature","geometry":{"type":"Point","coordinates":[-70.588248,43.001327]},"properties":{"objtype":"SOUNDG","valsou":47.5,"chart":"US5PSMBE"}},{"type":"Feature","geometry":{"type":"Point","coordinates":[-70.585522,42.993427]},"properties":{"objtype":"SOUNDG","valsou":17.6,"chart":"US5PSMBE"}},{"type":"Feature","geometry":{"type":"Point","coordinates":[-70.587479,42.9963]},"properties":{"objtype":"SOUNDG","valsou":35.9,"chart":"US5PSMBE"}},{"type":"Feature","geometry":{"type":"Point","coordinates":[-70.587433,42.987049]},"properties":{"objtype":"SOUNDG","valsou":46.6,"chart":"US5PSMBE"}},{"type":"Feature","geometry":{"type":"Point","coordinates":[-70.587339,43.004541]},"properties":{"objtype":"SOUNDG","valsou":32.6,"chart":"US5PSMBE"}},{"type":"Feature","geometry":{"type":"Point","coordinates":[-70.587153,42.989169]},"properties":{"objtype":"SOUNDG","valsou":52.1,"chart":"US5PSMBE"}},{"type":"Feature","geometry":{"type":"Point","coordinates":[-70.588029,43.009389]},"properties":{"objtype":"SOUNDG","valsou":19.2,"chart":"US5PSMBE"}},{"type":"Feature","geometry":{"type":"Point","coordinates":[-70.586175,42.999497]},"properties":{"objtype":"SOUNDG","valsou":49.3,"chart":"US5PSMBE"}},{"type":"Feature","geometry":{"type":"Point","coordinates":[-70.585359,43.003242]},"properties":{"objtype":"SOUNDG","valsou":44.8,"chart":"US5PSMBE"}},{"type":"Feature","geometry":{"type":"Point","coordinates":[-70.58487,42.990657]},"properties":{"objtype":"SOUNDG","valsou":48.4,"chart":"US5PSMBE"}},{"type":"Feature","geometry":{"type":"Point","coordinates":[-70.584824,42.9884]},"properties":{"objtype":"SOUNDG","valsou":42.0,"chart":"US5PSMBE"}},{"type":"Feature","geometry":{"type":"Point","coordinates":[-70.5848,42.997651]},"properties":{"objtype":"SOUNDG","valsou":47.5,"chart":"US5PSMBE"}},{"type":"Feature","geometry":{"type":"Point","coordinates":[-70.584544,43.006576]},"properties":{"objtype":"SOUNDG","valsou":30.1,"chart":"US5PSMBE"}},{"type":"Feature","geometry":{"type":"Point","coordinates":[-70.584474,42.995445]},"properties":{"objtype":"SOUNDG","valsou":48.1,"chart":"US5PSMBE"}},{"type":"Feature","geometry":{"type":"Point","coordinates":[-70.584265,42.985219]},"properties":{"objtype":"SOUNDG","valsou":33.8,"chart":"US5PSMBE"}},{"type":"Feature","geometry":{"type":"Point","coordinates":[-70.584185,43.010928]},"properties":{"objtype":"SOUNDG","valsou":29.2,"chart":"US5PSMBE"}},{"type":"Feature","geometry":{"type":"Point","coordinates":[-70.583379,42.98173]},"properties":{"objtype":"SOUNDG","valsou":47.2,"chart":"US5PSMBE"}},{"type":"Feature","geometry":{"type":"Point","coordinates":[-70.582331,42.98043]},"properties":{"objtype":"SOUNDG","valsou":45.7,"chart":"US5PSMBE"}},{"type":"Feature","geometry":{"type":"Point","coordinates":[-70.580095,43.006644]},"properties":{"objtype":"SOUNDG","valsou":37.4,"chart":"US5PSMBE"}},{"type":"Feature","geometry":{"type":"Point","coordinates":[-70.581842,42.984706]},"properties":{"objtype":"SOUNDG","valsou":48.1,"chart":"US5PSMBE"}},{"type":"Feature","geometry":{"type":"Point","coordinates":[-70.581819,42.991786]},"properties":{"objtype":"SOUNDG","valsou":53.0,"chart":"US5PSMBE"}},{"type":"Feature","geometry":{"type":"Point","coordinates":[-70.581329,42.995616]},"properties":{"objtype":"SOUNDG","valsou":38.4,"chart":"US5PSMBE"}},{"type":"Feature","geometry":{"type":"Point","coordinates":[-70.580864,42.987647]},"properties":{"objtype":"SOUNDG","valsou":49.6,"chart":"US5PSMBE"}},{"type":"Feature","geometry":{"type":"Point","coordinates":[-70.579978,43.004182]},"properties":{"objtype":"SOUNDG","valsou":34.7,"chart":"US5PSMBE"}},{"type":"Feature","geometry":{"type":"Point","coordinates":[-70.579606,42.999839]},"properties":{"objtype":"SOUNDG","valsou":54.8,"chart":"US5PSMBE"}},{"type":"Feature","geometry":{"type":"Point","coordinates":[-70.579163,42.986365]},"properties":{"objtype":"SOUNDG","valsou":50.2,"chart":"US5PSMBE"}},{"type":"Feature","geometry":{"type":"Point","coordinates":[-70.57907,42.996967]},"properties":{"objtype":"SOUNDG","valsou":50.5,"chart":"US5PSMBE"}},{"type":"Feature","geometry":{"type":"Point","coordinates":[-70.578697,42.981149]},"properties":{"objtype":"SOUNDG","valsou":40.2,"chart":"US5PSMBE"}},{"type":"Feature","geometry":{"type":"Point","coordinates":[-70.578488,42.988571]},"properties":{"objtype":"SOUNDG","valsou":51.2,"chart":"US5PSMBE"}},{"type":"Feature","geometry":{"type":"Point","coordinates":[-70.577206,42.979182]},"properties":{"objtype":"SOUNDG","valsou":51.5,"chart":"US5PSMBE"}},{"type":"Feature","geometry":{"type":"Point","coordinates":[-70.579053,43.010977]},"properties":{"objtype":"SOUNDG","valsou":38.4,"chart":"US5PSMBE"}},{"type":"Feature","geometry":{"type":"Point","coordinates":[-70.57695,43.002284]},"properties":{"objtype":"SOUNDG","valsou":49.3,"chart":"US5PSMBE"}},{"type":"Feature","geometry":{"type":"Point","coordinates":[-70.57525,42.988109]},"properties":{"objtype":"SOUNDG","valsou":46.3,"chart":"US5PSMBE"}},{"type":"Feature","geometry":{"type":"Point","coordinates":[-70.649895,43.01961]},"properties":{"objtype":"SOUNDG","valsou":26.8,"chart":"US5PSMBE"}},{"type":"Feature","geometry":{"type":"Point","coordinates":[-70.649803,43.022469]},"properties":{"objtype":"SOUNDG","valsou":21.9,"chart":"US5PSMBE"}},{"type":"Feature","geometry":{"type":"Point","coordinates":[-70.649306,43.029185]},"properties":{"objtype":"SOUNDG","valsou":28.9,"chart":"US5PSMBE"}},{"type":"Feature","geometry":{"type":"Point","coordinates":[-70.649017,43.042324]},"properties":{"objtype":"SOUNDG","valsou":21.9,"chart":"US5PSMBE"}},{"type":"Feature","geometry":{"type":"Point","coordinates":[-70.646455,43.033733]},"properties":{"objtype":"SOUNDG","valsou":21.9,"chart":"US5PSMBE"}},{"type":"Feature","geometry":{"type":"Point","coordinates":[-70.646969,43.01835]},"properties":{"objtype":"SOUNDG","valsou":21.3,"chart":"US5PSMBE"}},{"type":"Feature","geometry":{"type":"Point","coordinates":[-70.647555,43.041564]},"properties":{"objtype":"SOUNDG","valsou":20.7,"chart":"US5PSMBE"}},{"type":"Feature","geometry":{"type":"Point","coordinates":[-70.646827,43.032605]},"properties":{"objtype":"SOUNDG","valsou":21.0,"chart":"US5PSMBE"}},{"type":"Feature","geometry":{"type":"Point","coordinates":[-70.64649,43.02915]},"properties":{"objtype":"SOUNDG","valsou":32.9,"chart":"US5PSMBE"}},{"type":"Feature","geometry":{"type":"Point","coordinates":[-70.644449,43.032878]},"properties":{"objtype":"SOUNDG","valsou":22.2,"chart":"US5PSMBE"}},{"type":"Feature","geometry":{"type":"Point","coordinates":[-70.644656,43.040863]},"properties":{"objtype":"SOUNDG","valsou":21.6,"chart":"US5PSMBE"}},{"type":"Feature","geometry":{"type":"Point","coordinates":[-70.643557,43.024869]},"properties":{"objtype":"SOUNDG","valsou":29.5,"chart":"US5PSMBE"}},{"type":"Feature","geometry":{"type":"Point","coordinates":[-70.64309,43.021219]},"properties":{"objtype":"SOUNDG","valsou":22.2,"chart":"US5PSMBE"}},{"type":"Feature","geometry":{"type":"Point","coordinates":[-70.643798,43.036682]},"properties":{"objtype":"SOUNDG","valsou":22.2,"chart":"US5PSMBE"}},{"type":"Feature","geometry":{"type":"Point","coordinates":[-70.642972,43.028427]},"properties":{"objtype":"SOUNDG","valsou":33.2,"chart":"US5PSMBE"}},{"type":"Feature","geometry":{"type":"Point","coordinates":[-70.64144,43.040271]},"properties":{"objtype":"SOUNDG","valsou":22.2,"chart":"US5PSMBE"}},{"type":"Feature","geometry":{"type":"Point","coordinates":[-70.640664,43.031798]},"properties":{"objtype":"SOUNDG","valsou":17.6,"chart":"US5PSMBE"}},{"type":"Feature","geometry":{"type":"Point","coordinates":[-70.641742,43.014286]},"properties":{"objtype":"SOUNDG","valsou":24.6,"chart":"US5PSMBE"}},{"type":"Feature","geometry":{"type":"Point","coordinates":[-70.641405,43.026686]},"properties":{"objtype":"SOUNDG","valsou":31.3,"chart":"US5PSMBE"}},{"type":"Feature","geometry":{"type":"Point","coordinates":[-70.641271,43.03804]},"properties":{"objtype":"SOUNDG","valsou":23.7,"chart":"US5PSMBE"}},{"type":"Feature","geometry":{"type":"Point","coordinates":[-70.640434,43.016625]},"properties":{"objtype":"SOUNDG","valsou":29.5,"chart":"US5PSMBE"}},{"type":"Feature","geometry":{"type":"Point","coordinates":[-70.640099,43.018922]},"properties":{"objtype":"SOUNDG","valsou":25.9,"chart":"US5PSMBE"}},{"type":"Feature","geometry":{"type":"Point","coordinates":[-70.639754,43.035456]},"properties":{"objtype":"SOUNDG","valsou":25.6,"chart":"US5PSMBE"}},{"type":"Feature","geometry":{"type":"Point","coordinates":[-70.639067,43.024135]},"properties":{"objtype":"SOUNDG","valsou":25.2,"chart":"US5PSMBE"}},{"type":"Feature","geometry":{"type":"Point","coordinates":[-70.639023,43.02519]},"properties":{"objtype":"SOUNDG","valsou":25.6,"chart":"US5PSMBE"}},{"type":"Feature","geometry":{"type":"Point","coordinates":[-70.638925,43.014656]},"properties":{"objtype":"SOUNDG","valsou":23.4,"chart":"US5PSMBE"}},{"type":"Feature","geometry":{"type":"Point","coordinates":[-70.638776,43.028759]},"properties":{"objtype":"SOUNDG","valsou":28.3,"chart":"US5PSMBE"}},{"type":"Feature","geometry":{"type":"Point","coordinates":[-70.638114,43.020563]},"properties":{"objtype":"SOUNDG","valsou":24.6,"chart":"US5PSMBE"}},{"type":"Feature","geometry":{"type":"Point","coordinates":[-70.637801,43.0327]},"properties":{"objtype":"SOUNDG","valsou":12.1,"chart":"US5PSMBE"}},{"type":"Feature","geometry":{"type":"Point","coordinates":[-70.63708,43.015907]},"properties":{"objtype":"SOUNDG","valsou":23.7,"chart":"US5PSMBE"}},{"type":"Feature","geometry":{"type":"Point","coordinates":[-70.636539,43.039013]},"properties":{"objtype":"SOUNDG","valsou":20.7,"chart":"US5PSMBE"}},{"type":"Feature","geometry":{"type":"Point","coordinates":[-70.63539,43.037791]},"properties":{"objtype":"SOUNDG","valsou":24.9,"chart":"US5PSMBE"}},{"type":"Feature","geometry":{"type":"Point","coordinates":[-70.635116,43.028911]},"properties":{"objtype":"SOUNDG","valsou":24.3,"chart":"US5PSMBE"}},{"type":"Feature","geometry":{"type":"Point","coordinates":[-70.63495,43.034611]},"properties":{"objtype":"SOUNDG","valsou":19.2,"chart":"US5PSMBE"}},{"type":"Feature","geometry":{"type":"Point","coordinates":[-70.634657,43.019005]},"properties":{"objtype":"SOUNDG","valsou":24.6,"chart":"US5PSMBE"}},{"type":"Feature","geometry":{"type":"Point","coordinates":[-70.634024,43.026365]},"properties":{"objtype":"SOUNDG","valsou":28.9,"chart":"US5PSMBE"}},{"type":"Feature","geometry":{"type":"Point","coordinates":[-70.634003,43.016659]},"properties":{"objtype":"SOUNDG","valsou":28.0,"chart":"US5PSMBE"}},{"type":"Feature","geometry":{"type":"Point","coordinates":[-70.633346,43.037636]},"properties":{"objtype":"SOUNDG","valsou":26.2,"chart":"US5PSMBE"}},{"type":"Feature","geometry":{"type":"Point","coordinates":[-70.632562,43.029515]},"properties":{"objtype":"SOUNDG","valsou":27.1,"chart":"US5PSMBE"}},{"type":"Feature","geometry":{"type":"Point","coordinates":[-70.632377,43.018688]},"properties":{"objtype":"SOUNDG","valsou":25.6,"chart":"US5PSMBE"}},{"type":"Feature","geometry":{"type":"Point","coordinates":[-70.632284,43.032024]},"properties":{"objtype":"SOUNDG","valsou":25.2,"chart":"US5PSMBE"}},{"type":"Feature","geometry":{"type":"Point","coordinates":[-70.63133,43.034101]},"properties":{"objtype":"SOUNDG","valsou":32.9,"chart":"US5PSMBE"}},{"type":"Feature","geometry":{"type":"Point","coordinates":[-70.630589,43.024925]},"properties":{"objtype":"SOUNDG","valsou":25.6,"chart":"US5PSMBE"}},{"type":"Feature","geometry":{"type":"Point","coordinates":[-70.630536,43.016842]},"properties":{"objtype":"SOUNDG","valsou":27.4,"chart":"US5PSMBE"}},{"type":"Feature","geometry":{"type":"Point","coordinates":[-70.630198,43.021828]},"properties":{"objtype":"SOUNDG","valsou":34.7,"chart":"US5PSMBE"}},{"type":"Feature","geometry":{"type":"Point","coordinates":[-70.62989,43.036913]},"properties":{"objtype":"SOUNDG","valsou":23.7,"chart":"US5PSMBE"}},{"type":"Feature","geometry":{"type":"Point","coordinates":[-70.628191,43.01884]},"properties":{"objtype":"SOUNDG","valsou":35.0,"chart":"US5PSMBE"}},{"type":"Feature","geometry":{"type":"Point","coordinates":[-70.627887,43.028302]},"properties":{"objtype":"SOUNDG","valsou":20.4,"chart":"US5PSMBE"}},{"type":"Feature","geometry":{"type":"Point","coordinates":[-70.626781,43.023048]},"properties":{"objtype":"SOUNDG","valsou":34.1,"chart":"US5PSMBE"}},{"type":"Feature","geometry":{"type":"Point","coordinates":[-70.626105,43.028289]},"properties":{"objtype":"SOUNDG","valsou":24.6,"chart":"US5PSMBE"}},{"type":"Feature","geometry":{"type":"Point","coordinates":[-70.626617,43.042131]},"properties":{"objtype":"SOUNDG","valsou":35.3,"chart":"US5PSMBE"}},{"type":"Feature","geometry":{"type":"Point","coordinates":[-70.626607,43.044808]},"properties":{"objtype":"SOUNDG","valsou":20.7,"chart":"US5PSMBE"}},{"type":"Feature","geometry":{"type":"Point","coordinates":[-70.626169,43.038645]},"properties":{"objtype":"SOUNDG","valsou":22.2,"chart":"US5PSMBE"}},{"type":"Feature","geometry":{"type":"Point","coordinates":[-70.625975,43.033127]},"properties":{"objtype":"SOUNDG","valsou":28.6,"chart":"US5PSMBE"}},{"type":"Feature","geometry":{"type":"Point","coordinates":[-70.624806,43.014783]},"properties":{"objtype":"SOUNDG","valsou":25.2,"chart":"US5PSMBE"}},{"type":"Feature","geometry":{"type":"Point","coordinates":[-70.624537,43.025773]},"properties":{"objtype":"SOUNDG","valsou":26.2,"chart":"US5PSMBE"}},{"type":"Feature","geometry":{"type":"Point","coordinates":[-70.624142,43.036036]},"properties":{"objtype":"SOUNDG","valsou":27.7,"chart":"US5PSMBE"}},{"type":"Feature","geometry":{"type":"Point","coordinates":[-70.624082,43.033471]},"properties":{"objtype":"SOUNDG","valsou":26.8,"chart":"US5PSMBE"}},{"type":"Feature","geometry":{"type":"Point","coordinates":[-70.623981,43.018943]},"properties":{"objtype":"SOUNDG","valsou":33.8,"chart":"US5PSMBE"}},{"type":"Feature","geometry":{"type":"Point","coordinates":[-70.623867,43.039777]},"properties":{"objtype":"SOUNDG","valsou":22.8,"chart":"US5PSMBE"}},{"type":"Feature","geometry":{"type":"Point","coordinates":[-70.623463,43.048656]},"properties":{"objtype":"SOUNDG","valsou":20.1,"chart":"US5PSMBE"}},{"type":"Feature","geometry":{"type":"Point","coordinates":[-70.62294,43.026422]},"properties":{"objtype":"SOUNDG","valsou":26.8,"chart":"US5PSMBE"}},{"type":"Feature","geometry":{"type":"Point","coordinates":[-70.62256,43.043367]},"properties":{"objtype":"SOUNDG","valsou":32.0,"chart":"US5PSMBE"}},{"type":"Feature","geometry":{"type":"Point","coordinates":[-70.622304,43.028121]},"properties":{"objtype":"SOUNDG","valsou":28.9,"chart":"US5PSMBE"}},{"type":"Feature","geometry":{"type":"Point","coordinates":[-70.622469,43.022425]},"properties":{"objtype":"SOUNDG","valsou":27.4,"chart":"US5PSMBE"}},{"type":"Feature","geometry":{"type":"Point","coordinates":[-70.619238,43.027301]},"properties":{"objtype":"SOUNDG","valsou":26.2,"chart":"US5PSMBE"}},{"type":"Feature","geometry":{"type":"Point","coordinates":[-70.620589,43.023778]},"properties":{"objtype":"SOUNDG","valsou":36.8,"chart":"US5PSMBE"}},{"type":"Feature","geometry":{"type":"Point","coordinates":[-70.619257,43.042685]},"properties":{"objtype":"SOUNDG","valsou":32.0,"chart":"US5PSMBE"}},{"type":"Feature","geometry":{"type":"Point","coordinates":[-70.617993,43.022471]},"properties":{"objtype":"SOUNDG","valsou":22.5,"chart":"US5PSMBE"}},{"type":"Feature","geometry":{"type":"Point","coordinates":[-70.617458,43.046425]},"properties":{"objtype":"SOUNDG","valsou":30.4,"chart":"US5PSMBE"}},{"type":"Feature","geometry":{"type":"Point","coordinates":[-70.617362,43.025817]},"properties":{"objtype":"SOUNDG","valsou":37.4,"chart":"US5PSMBE"}},{"type":"Feature","geometry":{"type":"Point","coordinates":[-70.617078,43.034338]},"properties":{"objtype":"SOUNDG","valsou":34.4,"chart":"US5PSMBE"}},{"type":"Feature","geometry":{"type":"Point","coordinates":[-70.616814,43.01004]},"properties":{"objtype":"SOUNDG","valsou":24.9,"chart":"US5PSMBE"}},{"type":"Feature","geometry":{"type":"Point","coordinates":[-70.61669,43.039037]},"properties":{"objtype":"SOUNDG","valsou":28.3,"chart":"US5PSMBE"}},{"type":"Feature","geometry":{"type":"Point","coordinates":[-70.616261,43.027819]},"properties":{"objtype":"SOUNDG","valsou":38.4,"chart":"US5PSMBE"}},{"type":"Feature","geometry":{"type":"Point","coordinates":[-70.615887,43.045285]},"properties":{"objtype":"SOUNDG","valsou":35.9,"chart":"US5PSMBE"}},{"type":"Feature","geometry":{"type":"Point","coordinates":[-70.615307,43.041706]},"properties":{"objtype":"SOUNDG","valsou":40.2,"chart":"US5PSMBE"}},{"type":"Feature","geometry":{"type":"Point","coordinates":[-70.613083,43.024596]},"properties":{"objtype":"SOUNDG","valsou":25.6,"chart":"US5PSMBE"}},{"type":"Feature","geometry":{"type":"Point","coordinates":[-70.613988,43.031668]},"properties":{"objtype":"SOUNDG","valsou":36.5,"chart":"US5PSMBE"}},{"type":"Feature","geometry":{"type":"Point","coordinates":[-70.613552,43.048038]},"properties":{"objtype":"SOUNDG","valsou":24.3,"chart":"US5PSMBE"}},{"type":"Feature","geometry":{"type":"Point","coordinates":[-70.613244,43.030398]},"properties":{"objtype":"SOUNDG","valsou":42.3,"chart":"US5PSMBE"}},{"type":"Feature","geometry":{"type":"Point","coordinates":[-70.612403,43.037945]},"properties":{"objtype":"SOUNDG","valsou":43.2,"chart":"US5PSMBE"}},{"type":"Feature","geometry":{"type":"Point","coordinates":[-70.612103,43.049529]},"properties":{"objtype":"SOUNDG","valsou":17.6,"chart":"US5PSMBE"}},{"type":"Feature","geometry":{"type":"Point","coordinates":[-70.612099,43.044356]},"properties":{"objtype":"SOUNDG","valsou":26.8,"chart":"US5PSMBE"}},{"type":"Feature","geometry":{"type":"Point","coordinates":[-70.61099,43.02695]},"properties":{"objtype":"SOUNDG","valsou":39.6,"chart":"US5PSMBE"}},{"type":"Feature","geometry":{"type":"Point","coordinates":[-70.610626,43.022676]},"properties":{"objtype":"SOUNDG","valsou":28.6,"chart":"US5PSMBE"}},{"type":"Feature","geometry":{"type":"Point","coordinates":[-70.609457,43.044445]},"properties":{"objtype":"SOUNDG","valsou":23.7,"chart":"US5PSMBE"}},{"type":"Feature","geometry":{"type":"Point","coordinates":[-70.608504,43.032392]},"properties":{"objtype":"SOUNDG","valsou":38.7,"chart":"US5PSMBE"}},{"type":"Feature","geometry":{"type":"Point","coordinates":[-70.608291,43.036611]},"properties":{"objtype":"SOUNDG","valsou":28.0,"chart":"US5PSMBE"}},{"type":"Feature","geometry":{"type":"Point","coordinates":[-70.607824,43.02347]},"properties":{"objtype":"SOUNDG","valsou":35.9,"chart":"US5PSMBE"}},{"type":"Feature","geometry":{"type":"Point","coordinates":[-70.607566,43.039915]},"properties":{"objtype":"SOUNDG","valsou":28.3,"chart":"US5PSMBE"}},{"type":"Feature","geometry":{"type":"Point","coordinates":[-70.607016,43.034219]},"properties":{"objtype":"SOUNDG","valsou":43.2,"chart":"US5PSMBE"}},{"type":"Feature","geometry":{"type":"Point","coordinates":[-70.606734,43.027863]},"properties":{"objtype":"SOUNDG","valsou":42.6,"chart":"US5PSMBE"}},{"type":"Feature","geometry":{"type":"Point","coordinates":[-70.606602,43.046653]},"properties":{"objtype":"SOUNDG","valsou":27.4,"chart":"US5PSMBE"}},{"type":"Feature","geometry":{"type":"Point","coordinates":[-70.606325,43.029534]},"properties":{"objtype":"SOUNDG","valsou":33.5,"chart":"US5PSMBE"}},{"type":"Feature","geometry":{"type":"Point","coordinates":[-70.606026,43.044117]},"properties":{"objtype":"SOUNDG","valsou":29.2,"chart":"US5PSMBE"}},{"type":"Feature","geometry":{"type":"Point","coordinates":[-70.60503,43.051291]},"properties":{"objtype":"SOUNDG","valsou":24.3,"chart":"US5PSMCE"}},{"type":"Feature","geometry":{"type":"Point","coordinates":[-70.603778,43.027019]},"properties":{"objtype":"SOUNDG","valsou":35.9,"chart":"US5PSMBE"}},{"type":"Feature","geometry":{"type":"Point","coordinates":[-70.604767,43.041742]},"properties":{"objtype":"SOUNDG","valsou":39.9,"chart":"US5PSMBE"}},{"type":"Feature","geometry":{"type":"Point","coordinates":[-70.604544,43.022845]},"properties":{"objtype":"SOUNDG","valsou":42.6,"chart":"US5PSMBE"}},{"type":"Feature","geometry":{"type":"Point","coordinates":[-70.603638,43.037765]},"properties":{"objtype":"SOUNDG","valsou":27.7,"chart":"US5PSMBE"}},{"type":"Feature","geometry":{"type":"Point","coordinates":[-70.603134,43.032451]},"properties":{"objtype":"SOUNDG","valsou":29.2,"chart":"US5PSMBE"}},{"type":"Feature","geometry":{"type":"Point","coordinates":[-70.602729,43.035714]},"properties":{"objtype":"SOUNDG","valsou":40.2,"chart":"US5PSMBE"}},{"type":"Feature","geometry":{"type":"Point","coordinates":[-70.600904,43.041209]},"properties":{"objtype":"SOUNDG","valsou":26.8,"chart":"US5PSMBE"}},{"type":"Feature","geometry":{"type":"Point","coordinates":[-70.600722,43.026999]},"properties":{"objtype":"SOUNDG","valsou":34.1,"chart":"US5PSMBE"}},{"type":"Feature","geometry":{"type":"Point","coordinates":[-70.600676,43.030131]},"properties":{"objtype":"SOUNDG","valsou":31.0,"chart":"US5PSMBE"}},{"type":"Feature","geometry":{"type":"Point","coordinates":[-70.60052,43.023343]},"properties":{"objtype":"SOUNDG","valsou":35.3,"chart":"US5PSMBE"}},{"type":"Feature","geometry":{"type":"Point","coordinates":[-70.597783,43.050894]},"properties":{"objtype":"SOUNDG","valsou":25.9,"chart":"US5PSMCE"}},{"type":"Feature","geometry":{"type":"Point","coordinates":[-70.599088,43.047529]},"properties":{"objtype":"SOUNDG","valsou":26.8,"chart":"US5PSMBE"}},{"type":"Feature","geometry":{"type":"Point","coordinates":[-70.598686,43.042882]},"properties":{"objtype":"SOUNDG","valsou":21.0,"chart":"US5PSMBE"}},{"type":"Feature","geometry":{"type":"Point","coordinates":[-70.597239,43.025599]},"properties":{"objtype":"SOUNDG","valsou":45.4,"chart":"US5PSMBE"}},{"type":"Feature","geometry":{"type":"Point","coordinates":[-70.597222,43.046188]},"properties":{"objtype":"SOUNDG","valsou":25.2,"chart":"US5PSMBE"}},{"type":"Feature","geometry":{"type":"Point","coordinates":[-70.596906,43.032926]},"properties":{"objtype":"SOUNDG","valsou":42.6,"chart":"US5PSMBE"}},{"type":"Feature","geometry":{"type":"Point","coordinates":[-70.596446,43.027578]},"properties":{"objtype":"SOUNDG","valsou":43.5,"chart":"US5PSMBE"}},{"type":"Feature","geometry":{"type":"Point","coordinates":[-70.596286,43.023537]},"properties":{"objtype":"SOUNDG","valsou":30.1,"chart":"US5PSMBE"}},{"type":"Feature","geometry":{"type":"Point","coordinates":[-70.596266,43.043323]},"properties":{"objtype":"SOUNDG","valsou":10.9,"chart":"US5PSMBE"}},{"type":"Feature","geometry":{"type":"Point","coordinates":[-70.595464,43.014418]},"properties":{"objtype":"SOUNDG","valsou":44.1,"chart":"US5PSMBE"}},{"type":"Feature","geometry":{"type":"Point","coordinates":[-70.595373,43.020802]},"properties":{"objtype":"SOUNDG","valsou":37.7,"chart":"US5PSMBE"}},{"type":"Feature","geometry":{"type":"Point","coordinates":[-70.595084,43.036063]},"properties":{"objtype":"SOUNDG","valsou":30.1,"chart":"US5PSMBE"}},{"type":"Feature","geometry":{"type":"Point","coordinates":[-70.5949,43.037388]},"properties":{"objtype":"SOUNDG","valsou":25.9,"chart":"US5PSMBE"}},{"type":"Feature","geometry":{"type":"Point","coordinates":[-70.594463,43.030849]},"properties":{"objtype":"SOUNDG","valsou":24.0,"chart":"US5PSMBE"}},{"type":"Feature","geometry":{"type":"Point","coordinates":[-70.592332,43.018448]},"properties":{"objtype":"SOUNDG","valsou":15.8,"chart":"US5PSMBE"}},{"type":"Feature","geometry":{"type":"Point","coordinates":[-70.59374,43.026331]},"properties":{"objtype":"SOUNDG","valsou":25.6,"chart":"US5PSMBE"}},{"type":"Feature","geometry":{"type":"Point","coordinates":[-70.592729,43.03644]},"properties":{"objtype":"SOUNDG","valsou":19.5,"chart":"US5PSMBE"}},{"type":"Feature","geometry":{"type":"Point","coordinates":[-70.592435,43.028766]},"properties":{"objtype":"SOUNDG","valsou":35.3,"chart":"US5PSMBE"}},{"type":"Feature","geometry":{"type":"Point","coordinates":[-70.591821,43.038843]},"properties":{"objtype":"SOUNDG","valsou":15.5,"chart":"US5PSMBE"}},{"type":"Feature","geometry":{"type":"Point","coordinates":[-70.591693,43.047763]},"properties":{"objtype":"SOUNDG","valsou":15.5,"chart":"US5PSMBE"}},{"type":"Feature","geometry":{"type":"Point","coordinates":[-70.5915,43.045277]},"properties":{"objtype":"SOUNDG","valsou":17.3,"chart":"US5PSMBE"}},{"type":"Feature","geometry":{"type":"Point","coordinates":[-70.59126,43.037672]},"properties":{"objtype":"SOUNDG","valsou":21.0,"chart":"US5PSMBE"}},{"type":"Feature","geometry":{"type":"Point","coordinates":[-70.590037,43.023773]},"properties":{"objtype":"SOUNDG","valsou":37.1,"chart":"US5PSMBE"}},{"type":"Feature","geometry":{"type":"Point","coordinates":[-70.589122,43.012894]},"properties":{"objtype":"SOUNDG","valsou":24.9,"chart":"US5PSMBE"}},{"type":"Feature","geometry":{"type":"Point","coordinates":[-70.589529,42.982483]},"properties":{"objtype":"SOUNDG","valsou":41.4,"chart":"US5PSMBE"}},{"type":"Feature","geometry":{"type":"Point","coordinates":[-70.589432,43.030172]},"properties":{"objtype":"SOUNDG","valsou":39.0,"chart":"US5PSMBE"}},{"type":"Feature","geometry":{"type":"Point","coordinates":[-70.588944,43.018276]},"properties":{"objtype":"SOUNDG","valsou":33.2,"chart":"US5PSMBE"}},{"type":"Feature","geometry":{"type":"Point","coordinates":[-70.588786,43.00832]},"properties":{"objtype":"SOUNDG","valsou":26.2,"chart":"US5PSMBE"}},{"type":"Feature","geometry":{"type":"Point","coordinates":[-70.588406,43.016551]},"properties":{"objtype":"SOUNDG","valsou":28.0,"chart":"US5PSMBE"}},{"type":"Feature","geometry":{"type":"Point","coordinates":[-70.588338,43.02141]},"properties":{"objtype":"SOUNDG","valsou":32.3,"chart":"US5PSMBE"}},{"type":"Feature","geometry":{"type":"Point","coordinates":[-70.587487,43.048309]},"properties":{"objtype":"SOUNDG","valsou":26.8,"chart":"US5PSMBE"}},{"type":"Feature","geometry":{"type":"Point","coordinates":[-70.586133,43.041652]},"properties":{"objtype":"SOUNDG","valsou":13.4,"chart":"US5PSMBE"}},{"type":"Feature","geometry":{"type":"Point","coordinates":[-70.58658,43.044395]},"properties":{"objtype":"SOUNDG","valsou":22.5,"chart":"US5PSMBE"}},{"type":"Feature","geometry":{"type":"Point","coordinates":[-70.586499,43.032574]},"properties":{"objtype":"SOUNDG","valsou":47.2,"chart":"US5PSMBE"}},{"type":"Feature","geometry":{"type":"Point","coordinates":[-70.586083,43.029994]},"properties":{"objtype":"SOUNDG","valsou":41.7,"chart":"US5PSMBE"}},{"type":"Feature","geometry":{"type":"Point","coordinates":[-70.585422,43.017236]},"properties":{"objtype":"SOUNDG","valsou":27.7,"chart":"US5PSMBE"}},{"type":"Feature","geometry":{"type":"Point","coordinates":[-70.58508,43.036675]},"properties":{"objtype":"SOUNDG","valsou":21.0,"chart":"US5PSMBE"}},{"type":"Feature","geometry":{"type":"Point","coordinates":[-70.585063,43.019921]},"properties":{"objtype":"SOUNDG","valsou":39.0,"chart":"US5PSMBE"}},{"type":"Feature","geometry":{"type":"Point","coordinates":[-70.584499,43.014239]},"properties":{"objtype":"SOUNDG","valsou":25.9,"chart":"US5PSMBE"}},{"type":"Feature","geometry":{"type":"Point","coordinates":[-70.583451,43.045355]},"properties":{"objtype":"SOUNDG","valsou":19.5,"chart":"US5PSMBE"}},{"type":"Feature","geometry":{"type":"Point","coordinates":[-70.583099,43.021673]},"properties":{"objtype":"SOUNDG","valsou":48.1,"chart":"US5PSMBE"}},{"type":"Feature","geometry":{"type":"Point","coordinates":[-70.582605,43.031193]},"properties":{"objtype":"SOUNDG","valsou":38.7,"chart":"US5PSMBE"}},{"type":"Feature","geometry":{"type":"Point","coordinates":[-70.582281,43.010768]},"properties":{"objtype":"SOUNDG","valsou":40.8,"chart":"US5PSMBE"}},{"type":"Feature","geometry":{"type":"Point","coordinates":[-70.581827,43.047278]},"properties":{"objtype":"SOUNDG","valsou":26.8,"chart":"US5PSMBE"}},{"type":"Feature","geometry":{"type":"Point","coordinates":[-70.581081,43.024651]},"properties":{"objtype":"SOUNDG","valsou":38.4,"chart":"US5PSMBE"}},{"type":"Feature","geometry":{"type":"Point","coordinates":[-70.580922,43.013901]},"properties":{"objtype":"SOUNDG","valsou":43.2,"chart":"US5PSMBE"}},{"type":"Feature","geometry":{"type":"Point","coordinates":[-70.580616,43.035109]},"properties":{"objtype":"SOUNDG","valsou":36.2,"chart":"US5PSMBE"}},{"type":"Feature","geometry":{"type":"Point","coordinates":[-70.580352,43.042002]},"properties":{"objtype":"SOUNDG","valsou":31.3,"chart":"US5PSMBE"}},{"type":"Feature","geometry":{"type":"Point","coordinates":[-70.579877,43.048928]},"properties":{"objtype":"SOUNDG","valsou":31.0,"chart":"US5PSMBE"}},{"type":"Feature","geometry":{"type":"Point","coordinates":[-70.579826,43.028923]},"properties":{"objtype":"SOUNDG","valsou":27.7,"chart":"US5PSMBE"}},{"type":"Feature","geometry":{"type":"Point","coordinates":[-70.579372,43.021106]},"properties":{"objtype":"SOUNDG","valsou":38.7,"chart":"US5PSMBE"}},{"type":"Feature","geometry":{"type":"Point","coordinates":[-70.579307,43.016793]},"properties":{"objtype":"SOUNDG","valsou":32.0,"chart":"US5PSMBE"}},{"type":"Feature","geometry":{"type":"Point","coordinates":[-70.576239,43.013659]},"properties":{"objtype":"SOUNDG","valsou":44.1,"chart":"US5PSMBE"}},{"type":"Feature","geometry":{"type":"Point","coordinates":[-70.576009,43.028204]},"properties":{"objtype":"SOUNDG","valsou":30.7,"chart":"US5PSMBE"}},{"type":"Feature","geometry":{"type":"Point","coordinates":[-70.575171,43.024706]},"properties":{"objtype":"SOUNDG","valsou":39.3,"chart":"US5PSMBE"}},{"type":"Feature","geometry":{"type":"Point","coordinates":[-70.620556,43.030742]},"properties":{"objtype":"SOUNDG","valsou":37.1,"chart":"US5PSMBE"}},{"type":"Feature","geometry":{"type":"Point","coordinates":[-70.586105,42.978463]},"properties":{"objtype":"SOUNDG","valsou":58.8,"chart":"US5PSMBE"}},{"type":"Feature","geometry":{"type":"Point","coordinates":[-70.577157,43.041241]},"properties":{"objtype":"SOUNDG","valsou":37.4,"chart":"US5PSMBE"}},{"type":"Feature","geometry":{"type":"Point","coordinates":[-70.612453,43.016728]},"properties":{"objtype":"SOUNDG","valsou":37.1,"chart":"US5PSMBE"}},{"type":"Feature","geometry":{"type":"Point","coordinates":[-70.579466,42.993154]},"properties":{"objtype":"SOUNDG","valsou":58.8,"chart":"US5PSMBE"}},{"type":"Feature","geometry":{"type":"Point","coordinates":[-70.578977,42.984347]},"properties":{"objtype":"SOUNDG","valsou":60.9,"chart":"US5PSMBE"}},{"type":"Feature","geometry":{"type":"Point","coordinates":[-70.576577,42.998437]},"properties":{"objtype":"SOUNDG","valsou":60.6,"chart":"US5PSMBE"}},{"type":"Feature","geometry":{"type":"Point","coordinates":[-70.575529,42.97742]},"properties":{"objtype":"SOUNDG","valsou":64.9,"chart":"US5PSMBE"}},{"type":"Feature","geometry":{"type":"Point","coordinates":[-70.575389,43.000729]},"properties":{"objtype":"SOUNDG","valsou":60.9,"chart":"US5PSMBE"}},{"type":"Feature","geometry":{"type":"Point","coordinates":[-70.796446,43.105204]},"properties":{"objtype":"SOUNDG","valsou":0.1,"chart":"US5PSMCC"}},{"type":"Feature","geometry":{"type":"Point","coordinates":[-70.795478,43.109861]},"properties":{"objtype":"SOUNDG","valsou":3.9,"chart":"US5PSMCC"}},{"type":"Feature","geometry":{"type":"Point","coordinates":[-70.795193,43.10455]},"properties":{"objtype":"SOUNDG","valsou":0.1,"chart":"US5PSMCC"}},{"type":"Feature","geometry":{"type":"Point","coordinates":[-70.793237,43.105829]},"properties":{"objtype":"SOUNDG","valsou":7.3,"chart":"US5PSMCC"}},{"type":"Feature","geometry":{"type":"Point","coordinates":[-70.791719,43.102606]},"properties":{"objtype":"SOUNDG","valsou":0.1,"chart":"US5PSMCC"}},{"type":"Feature","geometry":{"type":"Point","coordinates":[-70.7898,43.107535]},"properties":{"objtype":"SOUNDG","valsou":4.5,"chart":"US5PSMCC"}},{"type":"Feature","geometry":{"type":"Point","coordinates":[-70.79057,43.102288]},"properties":{"objtype":"SOUNDG","valsou":3.3,"chart":"US5PSMCC"}},{"type":"Feature","geometry":{"type":"Point","coordinates":[-70.788607,43.106401]},"properties":{"objtype":"SOUNDG","valsou":7.9,"chart":"US5PSMCC"}},{"type":"Feature","geometry":{"type":"Point","coordinates":[-70.788591,43.102885]},"properties":{"objtype":"SOUNDG","valsou":8.2,"chart":"US5PSMCC"}},{"type":"Feature","geometry":{"type":"Point","coordinates":[-70.786963,43.099982]},"properties":{"objtype":"SOUNDG","valsou":1.5,"chart":"US5PSMCC"}},{"type":"Feature","geometry":{"type":"Point","coordinates":[-70.784811,43.099592]},"properties":{"objtype":"SOUNDG","valsou":2.7,"chart":"US5PSMCC"}},{"type":"Feature","geometry":{"type":"Point","coordinates":[-70.78574,43.099054]},"properties":{"objtype":"SOUNDG","valsou":0.3,"chart":"US5PSMCC"}},{"type":"Feature","geometry":{"type":"Point","coordinates":[-70.782403,43.10308]},"properties":{"objtype":"SOUNDG","valsou":0.3,"chart":"US5PSMCC"}},{"type":"Feature","geometry":{"type":"Point","coordinates":[-70.781985,43.096556]},"properties":{"objtype":"SOUNDG","valsou":9.7,"chart":"US5PSMCC"}},{"type":"Feature","geometry":{"type":"Point","coordinates":[-70.780537,43.101209]},"properties":{"objtype":"SOUNDG","valsou":0.6,"chart":"US5PSMCC"}},{"type":"Feature","geometry":{"type":"Point","coordinates":[-70.780811,43.095769]},"properties":{"objtype":"SOUNDG","valsou":14.0,"chart":"US5PSMCC"}},{"type":"Feature","geometry":{"type":"Point","coordinates":[-70.779606,43.097967]},"properties":{"objtype":"SOUNDG","valsou":2.4,"chart":"US5PSMCC"}},{"type":"Feature","geometry":{"type":"Point","coordinates":[-70.775849,43.094256]},"properties":{"objtype":"SOUNDG","valsou":2.1,"chart":"US5PSMCC"}},{"type":"Feature","geometry":{"type":"Point","coordinates":[-70.771391,43.095652]},"properties":{"objtype":"SOUNDG","valsou":2.1,"chart":"US5PSMCC"}},{"type":"Feature","geometry":{"type":"Point","coordinates":[-70.768197,43.095386]},"properties":{"objtype":"SOUNDG","valsou":3.9,"chart":"US5PSMCC"}},{"type":"Feature","geometry":{"type":"Point","coordinates":[-70.760743,43.088586]},"properties":{"objtype":"SOUNDG","valsou":0.9,"chart":"US5PSMCC"}},{"type":"Feature","geometry":{"type":"Point","coordinates":[-70.760383,43.090647]},"properties":{"objtype":"SOUNDG","valsou":1.8,"chart":"US5PSMCC"}},{"type":"Feature","geometry":{"type":"Point","coordinates":[-70.760201,43.082032]},"properties":{"objtype":"SOUNDG","valsou":2.4,"chart":"US5PSMCC"}},{"type":"Feature","geometry":{"type":"Point","coordinates":[-70.758545,43.086852]},"properties":{"objtype":"SOUNDG","valsou":1.5,"chart":"US5PSMCC"}},{"type":"Feature","geometry":{"type":"Point","coordinates":[-70.755619,43.084668]},"properties":{"objtype":"SOUNDG","valsou":0.3,"chart":"US5PSMCC"}},{"type":"Feature","geometry":{"type":"Point","coordinates":[-70.75556,43.083826]},"properties":{"objtype":"SOUNDG","valsou":0.1,"chart":"US5PSMCC"}},{"type":"Feature","geometry":{"type":"Point","coordinates":[-70.758658,43.051922]},"properties":{"objtype":"SOUNDG","valsou":0.3,"chart":"US5PSMCC"}},{"type":"Feature","geometry":{"type":"Point","coordinates":[-70.754692,43.051772]},"properties":{"objtype":"SOUNDG","valsou":0.3,"chart":"US5PSMCC"}},{"type":"Feature","geometry":{"type":"Point","coordinates":[-70.730097,43.059498]},"properties":{"objtype":"SOUNDG","valsou":0.6,"chart":"US5PSMCC"}},{"type":"Feature","geometry":{"type":"Point","coordinates":[-70.753331,43.08056]},"properties":{"objtype":"SOUNDG","valsou":6.0,"chart":"US5PSMCC"}},{"type":"Feature","geometry":{"type":"Point","coordinates":[-70.753067,43.083867]},"properties":{"objtype":"SOUNDG","valsou":1.8,"chart":"US5PSMCC"}},{"type":"Feature","geometry":{"type":"Point","coordinates":[-70.751556,43.052701]},"properties":{"objtype":"SOUNDG","valsou":0.9,"chart":"US5PSMCC"}},{"type":"Feature","geometry":{"type":"Point","coordinates":[-70.749149,43.081646]},"properties":{"objtype":"SOUNDG","valsou":0.3,"chart":"US5PSMCC"}},{"type":"Feature","geometry":{"type":"Point","coordinates":[-70.749726,43.077781]},"properties":{"objtype":"SOUNDG","valsou":1.2,"chart":"US5PSMCC"}},{"type":"Feature","geometry":{"type":"Point","coordinates":[-70.74925,43.054252]},"properties":{"objtype":"SOUNDG","valsou":0.9,"chart":"US5PSMCC"}},{"type":"Feature","geometry":{"type":"Point","coordinates":[-70.748764,43.073578]},"properties":{"objtype":"SOUNDG","valsou":0.3,"chart":"US5PSMCC"}},{"type":"Feature","geometry":{"type":"Point","coordinates":[-70.745057,43.082969]},"properties":{"objtype":"SOUNDG","valsou":2.4,"chart":"US5PSMCC"}},{"type":"Feature","geometry":{"type":"Point","coordinates":[-70.746983,43.072091]},"properties":{"objtype":"SOUNDG","valsou":0.3,"chart":"US5PSMCC"}},{"type":"Feature","geometry":{"type":"Point","coordinates":[-70.745722,43.072682]},"properties":{"objtype":"SOUNDG","valsou":0.3,"chart":"US5PSMCC"}},{"type":"Feature","geometry":{"type":"Point","coordinates":[-70.745245,43.07626]},"properties":{"objtype":"SOUNDG","valsou":1.2,"chart":"US5PSMCC"}},{"type":"Feature","geometry":{"type":"Point","coordinates":[-70.745712,43.066836]},"properties":{"objtype":"SOUNDG","valsou":0.3,"chart":"US5PSMCC"}},{"type":"Feature","geometry":{"type":"Point","coordinates":[-70.743531,43.072057]},"properties":{"objtype":"SOUNDG","valsou":0.3,"chart":"US5PSMCC"}},{"type":"Feature","geometry":{"type":"Point","coordinates":[-70.743549,43.083502]},"properties":{"objtype":"SOUNDG","valsou":2.1,"chart":"US5PSMCC"}},{"type":"Feature","geometry":{"type":"Point","coordinates":[-70.742456,43.054766]},"properties":{"objtype":"SOUNDG","valsou":0.3,"chart":"US5PSMCC"}},{"type":"Feature","geometry":{"type":"Point","coordinates":[-70.742351,43.067493]},"properties":{"objtype":"SOUNDG","valsou":1.8,"chart":"US5PSMCC"}},{"type":"Feature","geometry":{"type":"Point","coordinates":[-70.740003,43.085762]},"properties":{"objtype":"SOUNDG","valsou":0.1,"chart":"US5PSMCC"}},{"type":"Feature","geometry":{"type":"Point","coordinates":[-70.739451,43.068652]},"properties":{"objtype":"SOUNDG","valsou":0.3,"chart":"US5PSMCC"}},{"type":"Feature","geometry":{"type":"Point","coordinates":[-70.739669,43.073068]},"properties":{"objtype":"SOUNDG","valsou":1.8,"chart":"US5PSMCC"}},{"type":"Feature","geometry":{"type":"Point","coordinates":[-70.738906,43.070396]},"properties":{"objtype":"SOUNDG","valsou":0.6,"chart":"US5PSMCC"}},{"type":"Feature","geometry":{"type":"Point","coordinates":[-70.738479,43.067019]},"properties":{"objtype":"SOUNDG","valsou":0.1,"chart":"US5PSMCC"}},{"type":"Feature","geometry":{"type":"Point","coordinates":[-70.737677,43.085692]},"properties":{"objtype":"SOUNDG","valsou":0.9,"chart":"US5PSMCC"}},{"type":"Feature","geometry":{"type":"Point","coordinates":[-70.737621,43.070546]},"properties":{"objtype":"SOUNDG","valsou":0.1,"chart":"US5PSMCC"}},{"type":"Feature","geometry":{"type":"Point","coordinates":[-70.734117,43.07098]},"properties":{"objtype":"SOUNDG","valsou":0.1,"chart":"US5PSMCC"}},{"type":"Feature","geometry":{"type":"Point","coordinates":[-70.73332,43.084916]},"properties":{"objtype":"SOUNDG","valsou":1.2,"chart":"US5PSMCC"}},{"type":"Feature","geometry":{"type":"Point","coordinates":[-70.732524,43.066874]},"properties":{"objtype":"SOUNDG","valsou":0.3,"chart":"US5PSMCC"}},{"type":"Feature","geometry":{"type":"Point","coordinates":[-70.734293,43.083866]},"properties":{"objtype":"SOUNDG","valsou":0.6,"chart":"US5PSMCC"}},{"type":"Feature","geometry":{"type":"Point","coordinates":[-70.733779,43.059053]},"properties":{"objtype":"SOUNDG","valsou":0.3,"chart":"US5PSMCC"}},{"type":"Feature","geometry":{"type":"Point","coordinates":[-70.732467,43.084704]},"properties":{"objtype":"SOUNDG","valsou":1.2,"chart":"US5PSMCC"}},{"type":"Feature","geometry":{"type":"Point","coordinates":[-70.73241,43.071129]},"properties":{"objtype":"SOUNDG","valsou":0.3,"chart":"US5PSMCC"}},{"type":"Feature","geometry":{"type":"Point","coordinates":[-70.731149,43.082986]},"properties":{"objtype":"SOUNDG","valsou":0.3,"chart":"US5PSMCC"}},{"type":"Feature","geometry":{"type":"Point","coordinates":[-70.731737,43.066201]},"properties":{"objtype":"SOUNDG","valsou":0.3,"chart":"US5PSMCC"}},{"type":"Feature","geometry":{"type":"Point","coordinates":[-70.729802,43.068977]},"properties":{"objtype":"SOUNDG","valsou":0.3,"chart":"US5PSMCC"}},{"type":"Feature","geometry":{"type":"Point","coordinates":[-70.729535,43.072694]},"properties":{"objtype":"SOUNDG","valsou":0.6,"chart":"US5PSMCC"}},{"type":"Feature","geometry":{"type":"Point","coordinates":[-70.726684,43.084468]},"properties":{"objtype":"SOUNDG","valsou":0.3,"chart":"US5PSMCC"}},{"type":"Feature","geometry":{"type":"Point","coordinates":[-70.729426,43.059132]},"properties":{"objtype":"SOUNDG","valsou":0.6,"chart":"US5PSMCC"}},{"type":"Feature","geometry":{"type":"Point","coordinates":[-70.729151,43.069898]},"properties":{"objtype":"SOUNDG","valsou":0.1,"chart":"US5PSMCC"}},{"type":"Feature","geometry":{"type":"Point","coordinates":[-70.728375,43.072969]},"properties":{"objtype":"SOUNDG","valsou":1.2,"chart":"US5PSMCC"}},{"type":"Feature","geometry":{"type":"Point","coordinates":[-70.727315,43.084729]},"properties":{"objtype":"SOUNDG","valsou":1.2,"chart":"US5PSMCC"}},{"type":"Feature","geometry":{"type":"Point","coordinates":[-70.728841,43.064266]},"properties":{"objtype":"SOUNDG","valsou":0.6,"chart":"US5PSMCC"}},{"type":"Feature","geometry":{"type":"Point","coordinates":[-70.728598,43.052334]},"properties":{"objtype":"SOUNDG","valsou":0.3,"chart":"US5PSMCC"}},{"type":"Feature","geometry":{"type":"Point","coordinates":[-70.728496,43.069414]},"properties":{"objtype":"SOUNDG","valsou":0.3,"chart":"US5PSMCC"}},{"type":"Feature","geometry":{"type":"Point","coordinates":[-70.728455,43.076309]},"properties":{"objtype":"SOUNDG","valsou":0.1,"chart":"US5PSMCC"}},{"type":"Feature","geometry":{"type":"Point","coordinates":[-70.727304,43.0553]},"properties":{"objtype":"SOUNDG","valsou":0.3,"chart":"US5PSMCC"}},{"type":"Feature","geometry":{"type":"Point","coordinates":[-70.723852,43.079591]},"properties":{"objtype":"SOUNDG","valsou":0.3,"chart":"US5PSMCD"}},{"type":"Feature","geometry":{"type":"Point","coordinates":[-70.726167,43.082198]},"properties":{"objtype":"SOUNDG","valsou":0.1,"chart":"US5PSMCC"}},{"type":"Feature","geometry":{"type":"Point","coordinates":[-70.726381,43.097899]},"properties":{"objtype":"SOUNDG","valsou":3.9,"chart":"US5PSMCC"}},{"type":"Feature","geometry":{"type":"Point","coordinates":[-70.723658,43.077663]},"properties":{"objtype":"SOUNDG","valsou":0.1,"chart":"US5PSMCD"}},{"type":"Feature","geometry":{"type":"Point","coordinates":[-70.724054,43.073149]},"properties":{"objtype":"SOUNDG","valsou":0.3,"chart":"US5PSMCD"}},{"type":"Feature","geometry":{"type":"Point","coordinates":[-70.748759,43.054815]},"properties":{"objtype":"SOUNDG","valsou":1.8,"chart":"US5PSMCC"}},{"type":"Feature","geometry":{"type":"Point","coordinates":[-70.746069,43.054984]},"properties":{"objtype":"SOUNDG","valsou":0.3,"chart":"US5PSMCC"}},{"type":"Feature","geometry":{"type":"Point","coordinates":[-70.738256,43.076154]},"properties":{"objtype":"SOUNDG","valsou":11.2,"chart":"US5PSMCC"}},{"type":"Feature","geometry":{"type":"Point","coordinates":[-70.735685,43.059729]},"properties":{"objtype":"SOUNDG","valsou":0.6,"chart":"US5PSMCC"}},{"type":"Feature","geometry":{"type":"Point","coordinates":[-70.774201,43.095478]},"properties":{"objtype":"SOUNDG","valsou":8.2,"chart":"US5PSMCC"}},{"type":"Feature","geometry":{"type":"Point","coordinates":[-70.762544,43.091547]},"properties":{"objtype":"SOUNDG","valsou":2.4,"chart":"US5PSMCC"}},{"type":"Feature","geometry":{"type":"Point","coordinates":[-70.764313,43.088603]},"properties":{"objtype":"SOUNDG","valsou":1.5,"chart":"US5PSMCC"}},{"type":"Feature","geometry":{"type":"Point","coordinates":[-70.763644,43.084844]},"properties":{"objtype":"SOUNDG","valsou":3.3,"chart":"US5PSMCC"}},{"type":"Feature","geometry":{"type":"Point","coordinates":[-70.761684,43.084987]},"properties":{"objtype":"SOUNDG","valsou":5.4,"chart":"US5PSMCC"}},{"type":"Feature","geometry":{"type":"Point","coordinates":[-70.759354,43.081018]},"properties":{"objtype":"SOUNDG","valsou":3.0,"chart":"US5PSMCC"}},{"type":"Feature","geometry":{"type":"Point","coordinates":[-70.750677,43.077881]},"properties":{"objtype":"SOUNDG","valsou":3.3,"chart":"US5PSMCC"}},{"type":"Feature","geometry":{"type":"Point","coordinates":[-70.750181,43.080428]},"properties":{"objtype":"SOUNDG","valsou":3.6,"chart":"US5PSMCC"}},{"type":"Feature","geometry":{"type":"Point","coordinates":[-70.747181,43.07994]},"properties":{"objtype":"SOUNDG","valsou":10.6,"chart":"US5PSMCC"}},{"type":"Feature","geometry":{"type":"Point","coordinates":[-70.743336,43.081284]},"properties":{"objtype":"SOUNDG","valsou":6.4,"chart":"US5PSMCC"}},{"type":"Feature","geometry":{"type":"Point","coordinates":[-70.743854,43.075714]},"properties":{"objtype":"SOUNDG","valsou":0.6,"chart":"US5PSMCC"}},{"type":"Feature","geometry":{"type":"Point","coordinates":[-70.741196,43.075716]},"properties":{"objtype":"SOUNDG","valsou":7.9,"chart":"US5PSMCC"}},{"type":"Feature","geometry":{"type":"Point","coordinates":[-70.737483,43.075123]},"properties":{"objtype":"SOUNDG","valsou":7.3,"chart":"US5PSMCC"}},{"type":"Feature","geometry":{"type":"Point","coordinates":[-70.732661,43.072975]},"properties":{"objtype":"SOUNDG","valsou":2.4,"chart":"US5PSMCC"}},{"type":"Feature","geometry":{"type":"Point","coordinates":[-70.741953,43.084678]},"properties":{"objtype":"SOUNDG","valsou":5.1,"chart":"US5PSMCC"}},{"type":"Feature","geometry":{"type":"Point","coordinates":[-70.739074,43.078885]},"properties":{"objtype":"SOUNDG","valsou":12.1,"chart":"US5PSMCC"}},{"type":"Feature","geometry":{"type":"Point","coordinates":[-70.738141,43.079657]},"properties":{"objtype":"SOUNDG","valsou":7.3,"chart":"US5PSMCC"}},{"type":"Feature","geometry":{"type":"Point","coordinates":[-70.73867,43.057289]},"properties":{"objtype":"SOUNDG","valsou":1.2,"chart":"US5PSMCC"}},{"type":"Feature","geometry":{"type":"Point","coordinates":[-70.735839,43.060755]},"properties":{"objtype":"SOUNDG","valsou":0.6,"chart":"US5PSMCC"}},{"type":"Feature","geometry":{"type":"Point","coordinates":[-70.72632,43.05533]},"properties":{"objtype":"SOUNDG","valsou":0.6,"chart":"US5PSMCC"}},{"type":"Feature","geometry":{"type":"Point","coordinates":[-70.754066,43.081076]},"properties":{"objtype":"SOUNDG","valsou":3.6,"chart":"US5PSMCC"}},{"type":"Feature","geometry":{"type":"Point","coordinates":[-70.741518,43.075348]},"properties":{"objtype":"SOUNDG","valsou":3.9,"chart":"US5PSMCC"}},{"type":"Feature","geometry":{"type":"Point","coordinates":[-70.726643,43.078838]},"properties":{"objtype":"SOUNDG","valsou":3.9,"chart":"US5PSMCC"}},{"type":"Feature","geometry":{"type":"Point","coordinates":[-70.797238,43.106647]},"properties":{"objtype":"SOUNDG","valsou":4.8,"chart":"US5PSMCC"}},{"type":"Feature","geometry":{"type":"Point","coordinates":[-70.784861,43.104033]},"properties":{"objtype":"SOUNDG","valsou":2.4,"chart":"US5PSMCC"}},{"type":"Feature","geometry":{"type":"Point","coordinates":[-70.798162,43.108964]},"properties":{"objtype":"SOUNDG","valsou":14.0,"chart":"US5PSMCC"}},{"type":"Feature","geometry":{"type":"Point","coordinates":[-70.722373,43.076952]},"properties":{"objtype":"SOUNDG","valsou":0.9,"chart":"US5PSMCD"}},{"type":"Feature","geometry":{"type":"Point","coordinates":[-70.721047,43.072807]},"properties":{"objtype":"SOUNDG","valsou":0.6,"chart":"US5PSMCD"}},{"type":"Feature","geometry":{"type":"Point","coordinates":[-70.723495,43.082827]},"properties":{"objtype":"SOUNDG","valsou":0.3,"chart":"US5PSMCD"}},{"type":"Feature","geometry":{"type":"Point","coordinates":[-70.723004,43.081065]},"properties":{"objtype":"SOUNDG","valsou":0.3,"chart":"US5PSMCD"}},{"type":"Feature","geometry":{"type":"Point","coordinates":[-70.718922,43.083518]},"properties":{"objtype":"SOUNDG","valsou":0.3,"chart":"US5PSMCD"}},{"type":"Feature","geometry":{"type":"Point","coordinates":[-70.717495,43.073115]},"properties":{"objtype":"SOUNDG","valsou":0.6,"chart":"US5PSMCD"}},{"type":"Feature","geometry":{"type":"Point","coordinates":[-70.71516,43.078887]},"properties":{"objtype":"SOUNDG","valsou":0.1,"chart":"US5PSMCD"}},{"type":"Feature","geometry":{"type":"Point","coordinates":[-70.71362,43.072879]},"properties":{"objtype":"SOUNDG","valsou":4.5,"chart":"US5PSMCD"}},{"type":"Feature","geometry":{"type":"Point","coordinates":[-70.712313,43.079163]},"properties":{"objtype":"SOUNDG","valsou":1.2,"chart":"US5PSMCD"}},{"type":"Feature","geometry":{"type":"Point","coordinates":[-70.709718,43.0784]},"properties":{"objtype":"SOUNDG","valsou":6.7,"chart":"US5PSMCD"}},{"type":"Feature","geometry":{"type":"Point","coordinates":[-70.710419,43.07313]},"properties":{"objtype":"SOUNDG","valsou":5.7,"chart":"US5PSMCD"}},{"type":"Feature","geometry":{"type":"Point","coordinates":[-70.710974,43.0715]},"properties":{"objtype":"SOUNDG","valsou":0.3,"chart":"US5PSMCD"}},{"type":"Feature","geometry":{"type":"Point","coordinates":[-70.707409,43.081131]},"properties":{"objtype":"SOUNDG","valsou":0.6,"chart":"US5PSMCD"}},{"type":"Feature","geometry":{"type":"Point","coordinates":[-70.705583,43.07395]},"properties":{"objtype":"SOUNDG","valsou":14.6,"chart":"US5PSMCD"}},{"type":"Feature","geometry":{"type":"Point","coordinates":[-70.707983,43.071514]},"properties":{"objtype":"SOUNDG","valsou":1.2,"chart":"US5PSMCD"}},{"type":"Feature","geometry":{"type":"Point","coordinates":[-70.70405,43.077334]},"properties":{"objtype":"SOUNDG","valsou":0.9,"chart":"US5PSMCD"}},{"type":"Feature","geometry":{"type":"Point","coordinates":[-70.702533,43.075291]},"properties":{"objtype":"SOUNDG","valsou":13.1,"chart":"US5PSMCD"}},{"type":"Feature","geometry":{"type":"Point","coordinates":[-70.701064,43.074962]},"properties":{"objtype":"SOUNDG","valsou":0.6,"chart":"US5PSMCD"}},{"type":"Feature","geometry":{"type":"Point","coordinates":[-70.723422,43.056652]},"properties":{"objtype":"SOUNDG","valsou":0.3,"chart":"US5PSMCD"}},{"type":"Feature","geometry":{"type":"Point","coordinates":[-70.72272,43.053353]},"properties":{"objtype":"SOUNDG","valsou":0.3,"chart":"US5PSMCD"}},{"type":"Feature","geometry":{"type":"Point","coordinates":[-70.721889,43.072119]},"properties":{"objtype":"SOUNDG","valsou":0.3,"chart":"US5PSMCD"}},{"type":"Feature","geometry":{"type":"Point","coordinates":[-70.720901,43.095852]},"properties":{"objtype":"SOUNDG","valsou":4.8,"chart":"US5PSMCD"}},{"type":"Feature","geometry":{"type":"Point","coordinates":[-70.719933,43.057182]},"properties":{"objtype":"SOUNDG","valsou":0.6,"chart":"US5PSMCD"}},{"type":"Feature","geometry":{"type":"Point","coordinates":[-70.719706,43.09482]},"properties":{"objtype":"SOUNDG","valsou":4.2,"chart":"US5PSMCD"}},{"type":"Feature","geometry":{"type":"Point","coordinates":[-70.718996,43.085658]},"properties":{"objtype":"SOUNDG","valsou":1.5,"chart":"US5PSMCD"}},{"type":"Feature","geometry":{"type":"Point","coordinates":[-70.718473,43.090558]},"properties":{"objtype":"SOUNDG","valsou":4.5,"chart":"US5PSMCD"}},{"type":"Feature","geometry":{"type":"Point","coordinates":[-70.715881,43.052743]},"properties":{"objtype":"SOUNDG","valsou":0.6,"chart":"US5PSMCD"}},{"type":"Feature","geometry":{"type":"Point","coordinates":[-70.715576,43.056822]},"properties":{"objtype":"SOUNDG","valsou":0.6,"chart":"US5PSMCD"}},{"type":"Feature","geometry":{"type":"Point","coordinates":[-70.711594,43.071824]},"properties":{"objtype":"SOUNDG","valsou":0.3,"chart":"US5PSMCD"}},{"type":"Feature","geometry":{"type":"Point","coordinates":[-70.714026,43.05526]},"properties":{"objtype":"SOUNDG","valsou":1.5,"chart":"US5PSMCD"}},{"type":"Feature","geometry":{"type":"Point","coordinates":[-70.711896,43.06215]},"properties":{"objtype":"SOUNDG","valsou":2.4,"chart":"US5PSMCD"}},{"type":"Feature","geometry":{"type":"Point","coordinates":[-70.711667,43.066477]},"properties":{"objtype":"SOUNDG","valsou":0.3,"chart":"US5PSMCD"}},{"type":"Feature","geometry":{"type":"Point","coordinates":[-70.711339,43.061844]},"properties":{"objtype":"SOUNDG","valsou":1.5,"chart":"US5PSMCD"}},{"type":"Feature","geometry":{"type":"Point","coordinates":[-70.706504,43.081913]},"properties":{"objtype":"SOUNDG","valsou":0.6,"chart":"US5PSMCD"}},{"type":"Feature","geometry":{"type":"Point","coordinates":[-70.705023,43.082184]},"properties":{"objtype":"SOUNDG","valsou":0.3,"chart":"US5PSMCD"}},{"type":"Feature","geometry":{"type":"Point","coordinates":[-70.702815,43.07964]},"properties":{"objtype":"SOUNDG","valsou":2.4,"chart":"US5PSMCD"}},{"type":"Feature","geometry":{"type":"Point","coordinates":[-70.702449,43.078255]},"properties":{"objtype":"SOUNDG","valsou":0.3,"chart":"US5PSMCD"}},{"type":"Feature","geometry":{"type":"Point","coordinates":[-70.70172,43.078565]},"properties":{"objtype":"SOUNDG","valsou":0.3,"chart":"US5PSMCD"}},{"type":"Feature","geometry":{"type":"Point","coordinates":[-70.699432,43.080333]},"properties":{"objtype":"SOUNDG","valsou":0.3,"chart":"US5PSMCD"}},{"type":"Feature","geometry":{"type":"Point","coordinates":[-70.699348,43.075144]},"properties":{"objtype":"SOUNDG","valsou":0.3,"chart":"US5PSMCD"}},{"type":"Feature","geometry":{"type":"Point","coordinates":[-70.699157,43.075643]},"properties":{"objtype":"SOUNDG","valsou":0.1,"chart":"US5PSMCD"}},{"type":"Feature","geometry":{"type":"Point","coordinates":[-70.697556,43.061596]},"properties":{"objtype":"SOUNDG","valsou":2.1,"chart":"US5PSMCD"}},{"type":"Feature","geometry":{"type":"Point","coordinates":[-70.69696,43.058816]},"properties":{"objtype":"SOUNDG","valsou":1.5,"chart":"US5PSMCD"}},{"type":"Feature","geometry":{"type":"Point","coordinates":[-70.696522,43.064713]},"properties":{"objtype":"SOUNDG","valsou":0.9,"chart":"US5PSMCD"}},{"type":"Feature","geometry":{"type":"Point","coordinates":[-70.697746,43.057454]},"properties":{"objtype":"SOUNDG","valsou":7.0,"chart":"US5PSMCD"}},{"type":"Feature","geometry":{"type":"Point","coordinates":[-70.697085,43.081904]},"properties":{"objtype":"SOUNDG","valsou":1.8,"chart":"US5PSMCD"}},{"type":"Feature","geometry":{"type":"Point","coordinates":[-70.696496,43.080869]},"properties":{"objtype":"SOUNDG","valsou":0.1,"chart":"US5PSMCD"}},{"type":"Feature","geometry":{"type":"Point","coordinates":[-70.696109,43.067792]},"properties":{"objtype":"SOUNDG","valsou":0.3,"chart":"US5PSMCD"}},{"type":"Feature","geometry":{"type":"Point","coordinates":[-70.696029,43.063326]},"properties":{"objtype":"SOUNDG","valsou":0.6,"chart":"US5PSMCD"}},{"type":"Feature","geometry":{"type":"Point","coordinates":[-70.694398,43.082744]},"properties":{"objtype":"SOUNDG","valsou":0.6,"chart":"US5PSMCD"}},{"type":"Feature","geometry":{"type":"Point","coordinates":[-70.695598,43.059856]},"properties":{"objtype":"SOUNDG","valsou":0.3,"chart":"US5PSMCD"}},{"type":"Feature","geometry":{"type":"Point","coordinates":[-70.69372,43.053253]},"properties":{"objtype":"SOUNDG","valsou":8.5,"chart":"US5PSMCD"}},{"type":"Feature","geometry":{"type":"Point","coordinates":[-70.693335,43.058901]},"properties":{"objtype":"SOUNDG","valsou":1.2,"chart":"US5PSMCD"}},{"type":"Feature","geometry":{"type":"Point","coordinates":[-70.691032,43.063348]},"properties":{"objtype":"SOUNDG","valsou":2.1,"chart":"US5PSMCD"}},{"type":"Feature","geometry":{"type":"Point","coordinates":[-70.691951,43.065055]},"properties":{"objtype":"SOUNDG","valsou":0.3,"chart":"US5PSMCD"}},{"type":"Feature","geometry":{"type":"Point","coordinates":[-70.693109,43.083353]},"properties":{"objtype":"SOUNDG","valsou":0.6,"chart":"US5PSMCD"}},{"type":"Feature","geometry":{"type":"Point","coordinates":[-70.689807,43.084252]},"properties":{"objtype":"SOUNDG","valsou":0.3,"chart":"US5PSMCD"}},{"type":"Feature","geometry":{"type":"Point","coordinates":[-70.687936,43.058733]},"properties":{"objtype":"SOUNDG","valsou":2.4,"chart":"US5PSMCD"}},{"type":"Feature","geometry":{"type":"Point","coordinates":[-70.689291,43.063379]},"properties":{"objtype":"SOUNDG","valsou":2.7,"chart":"US5PSMCD"}},{"type":"Feature","geometry":{"type":"Point","coordinates":[-70.685083,43.063336]},"properties":{"objtype":"SOUNDG","valsou":3.0,"chart":"US5PSMCD"}},{"type":"Feature","geometry":{"type":"Point","coordinates":[-70.686377,43.064631]},"properties":{"objtype":"SOUNDG","valsou":0.3,"chart":"US5PSMCD"}},{"type":"Feature","geometry":{"type":"Point","coordinates":[-70.686193,43.057707]},"properties":{"objtype":"SOUNDG","valsou":0.3,"chart":"US5PSMCD"}},{"type":"Feature","geometry":{"type":"Point","coordinates":[-70.683144,43.052703]},"properties":{"objtype":"SOUNDG","valsou":6.7,"chart":"US5PSMCD"}},{"type":"Feature","geometry":{"type":"Point","coordinates":[-70.683137,43.0576]},"properties":{"objtype":"SOUNDG","valsou":2.7,"chart":"US5PSMCD"}},{"type":"Feature","geometry":{"type":"Point","coordinates":[-70.683142,43.067032]},"properties":{"objtype":"SOUNDG","valsou":1.5,"chart":"US5PSMCD"}},{"type":"Feature","geometry":{"type":"Point","coordinates":[-70.681485,43.064524]},"properties":{"objtype":"SOUNDG","valsou":0.9,"chart":"US5PSMCD"}},{"type":"Feature","geometry":{"type":"Point","coordinates":[-70.679165,43.054763]},"properties":{"objtype":"SOUNDG","valsou":7.3,"chart":"US5PSMCD"}},{"type":"Feature","geometry":{"type":"Point","coordinates":[-70.680126,43.059314]},"properties":{"objtype":"SOUNDG","valsou":6.0,"chart":"US5PSMCD"}},{"type":"Feature","geometry":{"type":"Point","coordinates":[-70.674339,43.061923]},"properties":{"objtype":"SOUNDG","valsou":0.3,"chart":"US5PSMCD"}},{"type":"Feature","geometry":{"type":"Point","coordinates":[-70.674389,43.069503]},"properties":{"objtype":"SOUNDG","valsou":0.9,"chart":"US5PSMCD"}},{"type":"Feature","geometry":{"type":"Point","coordinates":[-70.673368,43.056526]},"properties":{"objtype":"SOUNDG","valsou":8.2,"chart":"US5PSMCD"}},{"type":"Feature","geometry":{"type":"Point","coordinates":[-70.675311,43.052907]},"properties":{"objtype":"SOUNDG","valsou":14.6,"chart":"US5PSMCD"}},{"type":"Feature","geometry":{"type":"Point","coordinates":[-70.671109,43.056431]},"properties":{"objtype":"SOUNDG","valsou":14.0,"chart":"US5PSMCD"}},{"type":"Feature","geometry":{"type":"Point","coordinates":[-70.670607,43.071846]},"properties":{"objtype":"SOUNDG","valsou":1.2,"chart":"US5PSMCD"}},{"type":"Feature","geometry":{"type":"Point","coordinates":[-70.669638,43.073017]},"properties":{"objtype":"SOUNDG","valsou":3.6,"chart":"US5PSMCD"}},{"type":"Feature","geometry":{"type":"Point","coordinates":[-70.66731,43.074138]},"properties":{"objtype":"SOUNDG","valsou":3.6,"chart":"US5PSMCD"}},{"type":"Feature","geometry":{"type":"Point","coordinates":[-70.666834,43.06891]},"properties":{"objtype":"SOUNDG","valsou":0.9,"chart":"US5PSMCD"}},{"type":"Feature","geometry":{"type":"Point","coordinates":[-70.66648,43.068009]},"properties":{"objtype":"SOUNDG","valsou":0.6,"chart":"US5PSMCD"}},{"type":"Feature","geometry":{"type":"Point","coordinates":[-70.665674,43.074256]},"properties":{"objtype":"SOUNDG","valsou":3.3,"chart":"US5PSMCD"}},{"type":"Feature","geometry":{"type":"Point","coordinates":[-70.664897,43.082709]},"properties":{"objtype":"SOUNDG","valsou":0.3,"chart":"US5PSMCD"}},{"type":"Feature","geometry":{"type":"Point","coordinates":[-70.663826,43.079959]},"properties":{"objtype":"SOUNDG","valsou":0.3,"chart":"US5PSMCD"}},{"type":"Feature","geometry":{"type":"Point","coordinates":[-70.665674,43.052508]},"properties":{"objtype":"SOUNDG","valsou":17.3,"chart":"US5PSMCD"}},{"type":"Feature","geometry":{"type":"Point","coordinates":[-70.663661,43.07761]},"properties":{"objtype":"SOUNDG","valsou":0.9,"chart":"US5PSMCD"}},{"type":"Feature","geometry":{"type":"Point","coordinates":[-70.661445,43.079672]},"properties":{"objtype":"SOUNDG","valsou":2.7,"chart":"US5PSMCD"}},{"type":"Feature","geometry":{"type":"Point","coordinates":[-70.66317,43.060498]},"properties":{"objtype":"SOUNDG","valsou":14.0,"chart":"US5PSMCD"}},{"type":"Feature","geometry":{"type":"Point","coordinates":[-70.661177,43.054386]},"properties":{"objtype":"SOUNDG","valsou":17.3,"chart":"US5PSMCD"}},{"type":"Feature","geometry":{"type":"Point","coordinates":[-70.661242,43.084883]},"properties":{"objtype":"SOUNDG","valsou":0.3,"chart":"US5PSMCD"}},{"type":"Feature","geometry":{"type":"Point","coordinates":[-70.65787,43.083482]},"properties":{"objtype":"SOUNDG","valsou":0.6,"chart":"US5PSMCD"}},{"type":"Feature","geometry":{"type":"Point","coordinates":[-70.658127,43.087079]},"properties":{"objtype":"SOUNDG","valsou":0.6,"chart":"US5PSMCD"}},{"type":"Feature","geometry":{"type":"Point","coordinates":[-70.657598,43.090646]},"properties":{"objtype":"SOUNDG","valsou":3.3,"chart":"US5PSMCD"}},{"type":"Feature","geometry":{"type":"Point","coordinates":[-70.656649,43.057509]},"properties":{"objtype":"SOUNDG","valsou":14.3,"chart":"US5PSMCD"}},{"type":"Feature","geometry":{"type":"Point","coordinates":[-70.654559,43.098941]},"properties":{"objtype":"SOUNDG","valsou":0.3,"chart":"US5PSMCD"}},{"type":"Feature","geometry":{"type":"Point","coordinates":[-70.654844,43.085382]},"properties":{"objtype":"SOUNDG","valsou":0.3,"chart":"US5PSMCD"}},{"type":"Feature","geometry":{"type":"Point","coordinates":[-70.656603,43.091496]},"properties":{"objtype":"SOUNDG","valsou":1.2,"chart":"US5PSMCD"}},{"type":"Feature","geometry":{"type":"Point","coordinates":[-70.6546,43.09493]},"properties":{"objtype":"SOUNDG","valsou":1.2,"chart":"US5PSMCD"}},{"type":"Feature","geometry":{"type":"Point","coordinates":[-70.653201,43.100595]},"properties":{"objtype":"SOUNDG","valsou":0.3,"chart":"US5PSMCD"}},{"type":"Feature","geometry":{"type":"Point","coordinates":[-70.651758,43.062165]},"properties":{"objtype":"SOUNDG","valsou":15.5,"chart":"US5PSMCD"}},{"type":"Feature","geometry":{"type":"Point","coordinates":[-70.651297,43.100694]},"properties":{"objtype":"SOUNDG","valsou":3.0,"chart":"US5PSMCD"}},{"type":"Feature","geometry":{"type":"Point","coordinates":[-70.651032,43.072134]},"properties":{"objtype":"SOUNDG","valsou":10.9,"chart":"US5PSMCD"}},{"type":"Feature","geometry":{"type":"Point","coordinates":[-70.708043,43.066701]},"properties":{"objtype":"SOUNDG","valsou":2.7,"chart":"US5PSMCD"}},{"type":"Feature","geometry":{"type":"Point","coordinates":[-70.702837,43.065412]},"properties":{"objtype":"SOUNDG","valsou":10.6,"chart":"US5PSMCD"}},{"type":"Feature","geometry":{"type":"Point","coordinates":[-70.691918,43.053379]},"properties":{"objtype":"SOUNDG","valsou":3.9,"chart":"US5PSMCD"}},{"type":"Feature","geometry":{"type":"Point","coordinates":[-70.68795,43.056986]},"properties":{"objtype":"SOUNDG","valsou":3.9,"chart":"US5PSMCD"}},{"type":"Feature","geometry":{"type":"Point","coordinates":[-70.68722,43.052939]},"properties":{"objtype":"SOUNDG","valsou":6.4,"chart":"US5PSMCD"}},{"type":"Feature","geometry":{"type":"Point","coordinates":[-70.68293,43.055283]},"properties":{"objtype":"SOUNDG","valsou":7.3,"chart":"US5PSMCD"}},{"type":"Feature","geometry":{"type":"Point","coordinates":[-70.673974,43.068803]},"properties":{"objtype":"SOUNDG","valsou":5.7,"chart":"US5PSMCD"}},{"type":"Feature","geometry":{"type":"Point","coordinates":[-70.671775,43.060604]},"properties":{"objtype":"SOUNDG","valsou":3.9,"chart":"US5PSMCD"}},{"type":"Feature","geometry":{"type":"Point","coordinates":[-70.668794,43.060494]},"properties":{"objtype":"SOUNDG","valsou":10.0,"chart":"US5PSMCD"}},{"type":"Feature","geometry":{"type":"Point","coordinates":[-70.667049,43.066499]},"properties":{"objtype":"SOUNDG","valsou":6.0,"chart":"US5PSMCD"}},{"type":"Feature","geometry":{"type":"Point","coordinates":[-70.667678,43.061957]},"properties":{"objtype":"SOUNDG","valsou":10.0,"chart":"US5PSMCD"}},{"type":"Feature","geometry":{"type":"Point","coordinates":[-70.66583,43.062338]},"properties":{"objtype":"SOUNDG","valsou":18.2,"chart":"US5PSMCD"}},{"type":"Feature","geometry":{"type":"Point","coordinates":[-70.664543,43.057824]},"properties":{"objtype":"SOUNDG","valsou":12.8,"chart":"US5PSMCD"}},{"type":"Feature","geometry":{"type":"Point","coordinates":[-70.66264,43.057471]},"properties":{"objtype":"SOUNDG","valsou":14.9,"chart":"US5PSMCD"}},{"type":"Feature","geometry":{"type":"Point","coordinates":[-70.662956,43.066289]},"properties":{"objtype":"SOUNDG","valsou":11.5,"chart":"US5PSMCD"}},{"type":"Feature","geometry":{"type":"Point","coordinates":[-70.661935,43.068658]},"properties":{"objtype":"SOUNDG","valsou":11.2,"chart":"US5PSMCD"}},{"type":"Feature","geometry":{"type":"Point","coordinates":[-70.658093,43.065987]},"properties":{"objtype":"SOUNDG","valsou":8.8,"chart":"US5PSMCD"}},{"type":"Feature","geometry":{"type":"Point","coordinates":[-70.658132,43.056578]},"properties":{"objtype":"SOUNDG","valsou":14.0,"chart":"US5PSMCD"}},{"type":"Feature","geometry":{"type":"Point","coordinates":[-70.657573,43.054417]},"properties":{"objtype":"SOUNDG","valsou":15.5,"chart":"US5PSMCD"}},{"type":"Feature","geometry":{"type":"Point","coordinates":[-70.658826,43.067115]},"properties":{"objtype":"SOUNDG","valsou":11.5,"chart":"US5PSMCD"}},{"type":"Feature","geometry":{"type":"Point","coordinates":[-70.658322,43.063313]},"properties":{"objtype":"SOUNDG","valsou":13.4,"chart":"US5PSMCD"}},{"type":"Feature","geometry":{"type":"Point","coordinates":[-70.65938,43.071964]},"properties":{"objtype":"SOUNDG","valsou":14.3,"chart":"US5PSMCD"}},{"type":"Feature","geometry":{"type":"Point","coordinates":[-70.659066,43.075403]},"properties":{"objtype":"SOUNDG","valsou":5.1,"chart":"US5PSMCD"}},{"type":"Feature","geometry":{"type":"Point","coordinates":[-70.655276,43.062952]},"properties":{"objtype":"SOUNDG","valsou":14.0,"chart":"US5PSMCD"}},{"type":"Feature","geometry":{"type":"Point","coordinates":[-70.656341,43.070129]},"properties":{"objtype":"SOUNDG","valsou":13.4,"chart":"US5PSMCD"}},{"type":"Feature","geometry":{"type":"Point","coordinates":[-70.656734,43.077036]},"properties":{"objtype":"SOUNDG","valsou":4.2,"chart":"US5PSMCD"}},{"type":"Feature","geometry":{"type":"Point","coordinates":[-70.65457,43.054071]},"properties":{"objtype":"SOUNDG","valsou":14.6,"chart":"US5PSMCD"}},{"type":"Feature","geometry":{"type":"Point","coordinates":[-70.656348,43.064084]},"properties":{"objtype":"SOUNDG","valsou":10.9,"chart":"US5PSMCD"}},{"type":"Feature","geometry":{"type":"Point","coordinates":[-70.652784,43.074048]},"properties":{"objtype":"SOUNDG","valsou":10.9,"chart":"US5PSMCD"}},{"type":"Feature","geometry":{"type":"Point","coordinates":[-70.654184,43.052577]},"properties":{"objtype":"SOUNDG","valsou":17.9,"chart":"US5PSMCD"}},{"type":"Feature","geometry":{"type":"Point","coordinates":[-70.654055,43.055629]},"properties":{"objtype":"SOUNDG","valsou":16.4,"chart":"US5PSMCD"}},{"type":"Feature","geometry":{"type":"Point","coordinates":[-70.653946,43.082906]},"properties":{"objtype":"SOUNDG","valsou":6.4,"chart":"US5PSMCD"}},{"type":"Feature","geometry":{"type":"Point","coordinates":[-70.654118,43.08848]},"properties":{"objtype":"SOUNDG","valsou":5.1,"chart":"US5PSMCD"}},{"type":"Feature","geometry":{"type":"Point","coordinates":[-70.652367,43.092911]},"properties":{"objtype":"SOUNDG","valsou":1.8,"chart":"US5PSMCD"}},{"type":"Feature","geometry":{"type":"Point","coordinates":[-70.653445,43.068923]},"properties":{"objtype":"SOUNDG","valsou":11.5,"chart":"US5PSMCD"}},{"type":"Feature","geometry":{"type":"Point","coordinates":[-70.649441,43.068176]},"properties":{"objtype":"SOUNDG","valsou":9.4,"chart":"US5PSMCE"}},{"type":"Feature","geometry":{"type":"Point","coordinates":[-70.649834,43.075607]},"properties":{"objtype":"SOUNDG","valsou":8.8,"chart":"US5PSMCE"}},{"type":"Feature","geometry":{"type":"Point","coordinates":[-70.650065,43.053536]},"properties":{"objtype":"SOUNDG","valsou":19.2,"chart":"US5PSMCD"}},{"type":"Feature","geometry":{"type":"Point","coordinates":[-70.650837,43.055786]},"properties":{"objtype":"SOUNDG","valsou":19.8,"chart":"US5PSMCD"}},{"type":"Feature","geometry":{"type":"Point","coordinates":[-70.648819,43.061505]},"properties":{"objtype":"SOUNDG","valsou":15.5,"chart":"US5PSMCE"}},{"type":"Feature","geometry":{"type":"Point","coordinates":[-70.64978,43.08119]},"properties":{"objtype":"SOUNDG","valsou":7.6,"chart":"US5PSMCE"}},{"type":"Feature","geometry":{"type":"Point","coordinates":[-70.651364,43.093142]},"properties":{"objtype":"SOUNDG","valsou":1.2,"chart":"US5PSMCD"}},{"type":"Feature","geometry":{"type":"Point","coordinates":[-70.650352,43.074506]},"properties":{"objtype":"SOUNDG","valsou":10.6,"chart":"US5PSMCD"}},{"type":"Feature","geometry":{"type":"Point","coordinates":[-70.650317,43.065175]},"properties":{"objtype":"SOUNDG","valsou":11.8,"chart":"US5PSMCD"}},{"type":"Feature","geometry":{"type":"Point","coordinates":[-70.650254,43.093864]},"properties":{"objtype":"SOUNDG","valsou":0.3,"chart":"US5PSMCD"}},{"type":"Feature","geometry":{"type":"Point","coordinates":[-70.64894,43.082448]},"properties":{"objtype":"SOUNDG","valsou":11.2,"chart":"US5PSMCE"}},{"type":"Feature","geometry":{"type":"Point","coordinates":[-70.681286,43.062518]},"properties":{"objtype":"SOUNDG","valsou":6.4,"chart":"US5PSMCD"}},{"type":"Feature","geometry":{"type":"Point","coordinates":[-70.675812,43.058731]},"properties":{"objtype":"SOUNDG","valsou":1.8,"chart":"US5PSMCD"}},{"type":"Feature","geometry":{"type":"Point","coordinates":[-70.668952,43.070206]},"properties":{"objtype":"SOUNDG","valsou":1.5,"chart":"US5PSMCD"}},{"type":"Feature","geometry":{"type":"Point","coordinates":[-70.66257,43.069708]},"properties":{"objtype":"SOUNDG","valsou":7.9,"chart":"US5PSMCD"}},{"type":"Feature","geometry":{"type":"Point","coordinates":[-70.662614,43.076613]},"properties":{"objtype":"SOUNDG","valsou":7.6,"chart":"US5PSMCD"}},{"type":"Feature","geometry":{"type":"Point","coordinates":[-70.656126,43.080837]},"properties":{"objtype":"SOUNDG","valsou":5.7,"chart":"US5PSMCD"}},{"type":"Feature","geometry":{"type":"Point","coordinates":[-70.703913,43.055454]},"properties":{"objtype":"SOUNDG","valsou":14.3,"chart":"US5PSMCD"}},{"type":"Feature","geometry":{"type":"Point","coordinates":[-70.701109,43.055564]},"properties":{"objtype":"SOUNDG","valsou":11.8,"chart":"US5PSMCD"}},{"type":"Feature","geometry":{"type":"Point","coordinates":[-70.710403,43.067242]},"properties":{"objtype":"SOUNDG","valsou":4.5,"chart":"US5PSMCD"}},{"type":"Feature","geometry":{"type":"Point","coordinates":[-70.709295,43.066231]},"properties":{"objtype":"SOUNDG","valsou":4.5,"chart":"US5PSMCD"}},{"type":"Feature","geometry":{"type":"Point","coordinates":[-70.707894,43.060483]},"properties":{"objtype":"SOUNDG","valsou":7.0,"chart":"US5PSMCD"}},{"type":"Feature","geometry":{"type":"Point","coordinates":[-70.699601,43.064169]},"properties":{"objtype":"SOUNDG","valsou":2.1,"chart":"US5PSMCD"}},{"type":"Feature","geometry":{"type":"Point","coordinates":[-70.718676,43.05447]},"properties":{"objtype":"SOUNDG","valsou":0.3,"chart":"US5PSMCD"}},{"type":"Feature","geometry":{"type":"Point","coordinates":[-70.701942,43.05237]},"properties":{"objtype":"SOUNDG","valsou":10.3,"chart":"US5PSMCD"}},{"type":"Feature","geometry":{"type":"Point","coordinates":[-70.70328,43.06246]},"properties":{"objtype":"SOUNDG","valsou":18.5,"chart":"US5PSMCD"}},{"type":"Feature","geometry":{"type":"Point","coordinates":[-70.699186,43.051294]},"properties":{"objtype":"SOUNDG","valsou":11.5,"chart":"US5PSMCD"}},{"type":"Feature","geometry":{"type":"Point","coordinates":[-70.671819,43.05278]},"properties":{"objtype":"SOUNDG","valsou":21.9,"chart":"US5PSMCD"}},{"type":"Feature","geometry":{"type":"Point","coordinates":[-70.71106,43.054184]},"properties":{"objtype":"SOUNDG","valsou":3.3,"chart":"US5PSMCD"}},{"type":"Feature","geometry":{"type":"Point","coordinates":[-70.710409,43.057291]},"properties":{"objtype":"SOUNDG","valsou":1.5,"chart":"US5PSMCD"}},{"type":"Feature","geometry":{"type":"Point","coordinates":[-70.710799,43.059365]},"properties":{"objtype":"SOUNDG","valsou":0.9,"chart":"US5PSMCD"}},{"type":"Feature","geometry":{"type":"Point","coordinates":[-70.707013,43.051867]},"properties":{"objtype":"SOUNDG","valsou":12.8,"chart":"US5PSMCD"}},{"type":"Feature","geometry":{"type":"Point","coordinates":[-70.701957,43.081695]},"properties":{"objtype":"SOUNDG","valsou":0.3,"chart":"US5PSMCD"}},{"type":"Feature","geometry":{"type":"Point","coordinates":[-70.71249,43.067156]},"properties":{"objtype":"SOUNDG","valsou":0.6,"chart":"US5PSMCD"}},{"type":"Feature","geometry":{"type":"Point","coordinates":[-70.712046,43.059607]},"properties":{"objtype":"SOUNDG","valsou":2.7,"chart":"US5PSMCD"}},{"type":"Feature","geometry":{"type":"Point","coordinates":[-70.604924,43.108233]},"properties":{"objtype":"SOUNDG","valsou":11.5,"chart":"US5PSMCE"}},{"type":"Feature","geometry":{"type":"Point","coordinates":[-70.603859,43.112642]},"properties":{"objtype":"SOUNDG","valsou":14.0,"chart":"US5PSMCE"}},{"type":"Feature","geometry":{"type":"Point","coordinates":[-70.600694,43.10062]},"properties":{"objtype":"SOUNDG","valsou":8.5,"chart":"US5PSMCE"}},{"type":"Feature","geometry":{"type":"Point","coordinates":[-70.602905,43.111625]},"properties":{"objtype":"SOUNDG","valsou":16.4,"chart":"US5PSMCE"}},{"type":"Feature","geometry":{"type":"Point","coordinates":[-70.60126,43.110067]},"properties":{"objtype":"SOUNDG","valsou":15.5,"chart":"US5PSMCE"}},{"type":"Feature","geometry":{"type":"Point","coordinates":[-70.602146,43.107281]},"properties":{"objtype":"SOUNDG","valsou":12.4,"chart":"US5PSMCE"}},{"type":"Feature","geometry":{"type":"Point","coordinates":[-70.601711,43.10473]},"properties":{"objtype":"SOUNDG","valsou":24.3,"chart":"US5PSMCE"}},{"type":"Feature","geometry":{"type":"Point","coordinates":[-70.601531,43.116691]},"properties":{"objtype":"SOUNDG","valsou":26.8,"chart":"US5PSMCE"}},{"type":"Feature","geometry":{"type":"Point","coordinates":[-70.599678,43.103138]},"properties":{"objtype":"SOUNDG","valsou":9.7,"chart":"US5PSMCE"}},{"type":"Feature","geometry":{"type":"Point","coordinates":[-70.599673,43.113331]},"properties":{"objtype":"SOUNDG","valsou":23.1,"chart":"US5PSMCE"}},{"type":"Feature","geometry":{"type":"Point","coordinates":[-70.599306,43.107735]},"properties":{"objtype":"SOUNDG","valsou":14.0,"chart":"US5PSMCE"}},{"type":"Feature","geometry":{"type":"Point","coordinates":[-70.597868,43.109142]},"properties":{"objtype":"SOUNDG","valsou":14.0,"chart":"US5PSMCE"}},{"type":"Feature","geometry":{"type":"Point","coordinates":[-70.596277,43.102771]},"properties":{"objtype":"SOUNDG","valsou":10.9,"chart":"US5PSMCE"}},{"type":"Feature","geometry":{"type":"Point","coordinates":[-70.597063,43.100851]},"properties":{"objtype":"SOUNDG","valsou":9.1,"chart":"US5PSMCE"}},{"type":"Feature","geometry":{"type":"Point","coordinates":[-70.595658,43.115818]},"properties":{"objtype":"SOUNDG","valsou":20.1,"chart":"US5PSMCE"}},{"type":"Feature","geometry":{"type":"Point","coordinates":[-70.595289,43.108241]},"properties":{"objtype":"SOUNDG","valsou":14.0,"chart":"US5PSMCE"}},{"type":"Feature","geometry":{"type":"Point","coordinates":[-70.593545,43.11682]},"properties":{"objtype":"SOUNDG","valsou":18.2,"chart":"US5PSMCE"}},{"type":"Feature","geometry":{"type":"Point","coordinates":[-70.592383,43.11183]},"properties":{"objtype":"SOUNDG","valsou":14.6,"chart":"US5PSMCE"}},{"type":"Feature","geometry":{"type":"Point","coordinates":[-70.592317,43.102664]},"properties":{"objtype":"SOUNDG","valsou":14.3,"chart":"US5PSMCE"}},{"type":"Feature","geometry":{"type":"Point","coordinates":[-70.592645,43.105829]},"properties":{"objtype":"SOUNDG","valsou":16.7,"chart":"US5PSMCE"}},{"type":"Feature","geometry":{"type":"Point","coordinates":[-70.588704,43.106442]},"properties":{"objtype":"SOUNDG","valsou":7.9,"chart":"US5PSMCE"}},{"type":"Feature","geometry":{"type":"Point","coordinates":[-70.590365,43.112686]},"properties":{"objtype":"SOUNDG","valsou":14.3,"chart":"US5PSMCE"}},{"type":"Feature","geometry":{"type":"Point","coordinates":[-70.59115,43.116439]},"properties":{"objtype":"SOUNDG","valsou":20.4,"chart":"US5PSMCE"}},{"type":"Feature","geometry":{"type":"Point","coordinates":[-70.588727,43.105433]},"properties":{"objtype":"SOUNDG","valsou":19.8,"chart":"US5PSMCE"}},{"type":"Feature","geometry":{"type":"Point","coordinates":[-70.589107,43.099712]},"properties":{"objtype":"SOUNDG","valsou":15.8,"chart":"US5PSMCE"}},{"type":"Feature","geometry":{"type":"Point","coordinates":[-70.588474,43.10704]},"properties":{"objtype":"SOUNDG","valsou":7.6,"chart":"US5PSMCE"}},{"type":"Feature","geometry":{"type":"Point","coordinates":[-70.586427,43.111552]},"properties":{"objtype":"SOUNDG","valsou":19.2,"chart":"US5PSMCE"}},{"type":"Feature","geometry":{"type":"Point","coordinates":[-70.587298,43.105291]},"properties":{"objtype":"SOUNDG","valsou":13.4,"chart":"US5PSMCE"}},{"type":"Feature","geometry":{"type":"Point","coordinates":[-70.586484,43.109949]},"properties":{"objtype":"SOUNDG","valsou":16.1,"chart":"US5PSMCE"}},{"type":"Feature","geometry":{"type":"Point","coordinates":[-70.585246,43.116287]},"properties":{"objtype":"SOUNDG","valsou":18.5,"chart":"US5PSMCE"}},{"type":"Feature","geometry":{"type":"Point","coordinates":[-70.583352,43.108605]},"properties":{"objtype":"SOUNDG","valsou":14.6,"chart":"US5PSMCE"}},{"type":"Feature","geometry":{"type":"Point","coordinates":[-70.583325,43.10088]},"properties":{"objtype":"SOUNDG","valsou":16.1,"chart":"US5PSMCE"}},{"type":"Feature","geometry":{"type":"Point","coordinates":[-70.584284,43.107037]},"properties":{"objtype":"SOUNDG","valsou":20.1,"chart":"US5PSMCE"}},{"type":"Feature","geometry":{"type":"Point","coordinates":[-70.580016,43.112704]},"properties":{"objtype":"SOUNDG","valsou":14.0,"chart":"US5PSMCE"}},{"type":"Feature","geometry":{"type":"Point","coordinates":[-70.581997,43.099709]},"properties":{"objtype":"SOUNDG","valsou":12.8,"chart":"US5PSMCE"}},{"type":"Feature","geometry":{"type":"Point","coordinates":[-70.582123,43.105723]},"properties":{"objtype":"SOUNDG","valsou":12.4,"chart":"US5PSMCE"}},{"type":"Feature","geometry":{"type":"Point","coordinates":[-70.582071,43.115161]},"properties":{"objtype":"SOUNDG","valsou":21.0,"chart":"US5PSMCE"}},{"type":"Feature","geometry":{"type":"Point","coordinates":[-70.580075,43.102545]},"properties":{"objtype":"SOUNDG","valsou":12.8,"chart":"US5PSMCE"}},{"type":"Feature","geometry":{"type":"Point","coordinates":[-70.579479,43.108065]},"properties":{"objtype":"SOUNDG","valsou":14.3,"chart":"US5PSMCE"}},{"type":"Feature","geometry":{"type":"Point","coordinates":[-70.578602,43.114092]},"properties":{"objtype":"SOUNDG","valsou":17.6,"chart":"US5PSMCE"}},{"type":"Feature","geometry":{"type":"Point","coordinates":[-70.578222,43.110801]},"properties":{"objtype":"SOUNDG","valsou":21.3,"chart":"US5PSMCE"}},{"type":"Feature","geometry":{"type":"Point","coordinates":[-70.57699,43.103038]},"properties":{"objtype":"SOUNDG","valsou":17.6,"chart":"US5PSMCE"}},{"type":"Feature","geometry":{"type":"Point","coordinates":[-70.575754,43.116166]},"properties":{"objtype":"SOUNDG","valsou":24.3,"chart":"US5PSMCE"}},{"type":"Feature","geometry":{"type":"Point","coordinates":[-70.575041,43.104668]},"properties":{"objtype":"SOUNDG","valsou":16.4,"chart":"US5PSMCE"}},{"type":"Feature","geometry":{"type":"Point","coordinates":[-70.649224,43.057999]},"properties":{"objtype":"SOUNDG","valsou":18.2,"chart":"US5PSMCE"}},{"type":"Feature","geometry":{"type":"Point","coordinates":[-70.648136,43.081373]},"properties":{"objtype":"SOUNDG","valsou":7.0,"chart":"US5PSMCE"}},{"type":"Feature","geometry":{"type":"Point","coordinates":[-70.647188,43.08989]},"properties":{"objtype":"SOUNDG","valsou":9.1,"chart":"US5PSMCE"}},{"type":"Feature","geometry":{"type":"Point","coordinates":[-70.647676,43.095305]},"properties":{"objtype":"SOUNDG","valsou":4.8,"chart":"US5PSMCE"}},{"type":"Feature","geometry":{"type":"Point","coordinates":[-70.647426,43.05275]},"properties":{"objtype":"SOUNDG","valsou":17.3,"chart":"US5PSMCE"}},{"type":"Feature","geometry":{"type":"Point","coordinates":[-70.645615,43.07203]},"properties":{"objtype":"SOUNDG","valsou":8.8,"chart":"US5PSMCE"}},{"type":"Feature","geometry":{"type":"Point","coordinates":[-70.647349,43.076223]},"properties":{"objtype":"SOUNDG","valsou":9.4,"chart":"US5PSMCE"}},{"type":"Feature","geometry":{"type":"Point","coordinates":[-70.647298,43.098429]},"properties":{"objtype":"SOUNDG","valsou":8.8,"chart":"US5PSMCE"}},{"type":"Feature","geometry":{"type":"Point","coordinates":[-70.642533,43.057415]},"properties":{"objtype":"SOUNDG","valsou":16.1,"chart":"US5PSMCE"}},{"type":"Feature","geometry":{"type":"Point","coordinates":[-70.645374,43.091009]},"properties":{"objtype":"SOUNDG","valsou":8.5,"chart":"US5PSMCE"}},{"type":"Feature","geometry":{"type":"Point","coordinates":[-70.645248,43.098286]},"properties":{"objtype":"SOUNDG","valsou":6.0,"chart":"US5PSMCE"}},{"type":"Feature","geometry":{"type":"Point","coordinates":[-70.64515,43.078962]},"properties":{"objtype":"SOUNDG","valsou":15.2,"chart":"US5PSMCE"}},{"type":"Feature","geometry":{"type":"Point","coordinates":[-70.6447,43.076186]},"properties":{"objtype":"SOUNDG","valsou":8.8,"chart":"US5PSMCE"}},{"type":"Feature","geometry":{"type":"Point","coordinates":[-70.644485,43.057934]},"properties":{"objtype":"SOUNDG","valsou":16.4,"chart":"US5PSMCE"}},{"type":"Feature","geometry":{"type":"Point","coordinates":[-70.644453,43.086667]},"properties":{"objtype":"SOUNDG","valsou":8.8,"chart":"US5PSMCE"}},{"type":"Feature","geometry":{"type":"Point","coordinates":[-70.643305,43.060577]},"properties":{"objtype":"SOUNDG","valsou":15.5,"chart":"US5PSMCE"}},{"type":"Feature","geometry":{"type":"Point","coordinates":[-70.642612,43.071859]},"properties":{"objtype":"SOUNDG","valsou":7.3,"chart":"US5PSMCE"}},{"type":"Feature","geometry":{"type":"Point","coordinates":[-70.643774,43.069356]},"properties":{"objtype":"SOUNDG","valsou":11.5,"chart":"US5PSMCE"}},{"type":"Feature","geometry":{"type":"Point","coordinates":[-70.643774,43.082867]},"properties":{"objtype":"SOUNDG","valsou":9.4,"chart":"US5PSMCE"}},{"type":"Feature","geometry":{"type":"Point","coordinates":[-70.645205,43.064792]},"properties":{"objtype":"SOUNDG","valsou":11.5,"chart":"US5PSMCE"}},{"type":"Feature","geometry":{"type":"Point","coordinates":[-70.643415,43.052357]},"properties":{"objtype":"SOUNDG","valsou":24.0,"chart":"US5PSMCE"}},{"type":"Feature","geometry":{"type":"Point","coordinates":[-70.642462,43.094094]},"properties":{"objtype":"SOUNDG","valsou":17.6,"chart":"US5PSMCE"}},{"type":"Feature","geometry":{"type":"Point","coordinates":[-70.640314,43.0501]},"properties":{"objtype":"SOUNDG","valsou":16.4,"chart":"US5PSMCE"}},{"type":"Feature","geometry":{"type":"Point","coordinates":[-70.642183,43.086497]},"properties":{"objtype":"SOUNDG","valsou":15.2,"chart":"US5PSMCE"}},{"type":"Feature","geometry":{"type":"Point","coordinates":[-70.639501,43.090323]},"properties":{"objtype":"SOUNDG","valsou":9.7,"chart":"US5PSMCE"}},{"type":"Feature","geometry":{"type":"Point","coordinates":[-70.641783,43.068417]},"properties":{"objtype":"SOUNDG","valsou":13.1,"chart":"US5PSMCE"}},{"type":"Feature","geometry":{"type":"Point","coordinates":[-70.639859,43.073366]},"properties":{"objtype":"SOUNDG","valsou":5.7,"chart":"US5PSMCE"}},{"type":"Feature","geometry":{"type":"Point","coordinates":[-70.64147,43.091371]},"properties":{"objtype":"SOUNDG","valsou":12.4,"chart":"US5PSMCE"}},{"type":"Feature","geometry":{"type":"Point","coordinates":[-70.641525,43.062669]},"properties":{"objtype":"SOUNDG","valsou":13.1,"chart":"US5PSMCE"}},{"type":"Feature","geometry":{"type":"Point","coordinates":[-70.641211,43.098471]},"properties":{"objtype":"SOUNDG","valsou":6.4,"chart":"US5PSMCE"}},{"type":"Feature","geometry":{"type":"Point","coordinates":[-70.641932,43.058768]},"properties":{"objtype":"SOUNDG","valsou":15.5,"chart":"US5PSMCE"}},{"type":"Feature","geometry":{"type":"Point","coordinates":[-70.640561,43.055377]},"properties":{"objtype":"SOUNDG","valsou":23.7,"chart":"US5PSMCE"}},{"type":"Feature","geometry":{"type":"Point","coordinates":[-70.639296,43.051963]},"properties":{"objtype":"SOUNDG","valsou":15.8,"chart":"US5PSMCE"}},{"type":"Feature","geometry":{"type":"Point","coordinates":[-70.638902,43.072157]},"properties":{"objtype":"SOUNDG","valsou":5.4,"chart":"US5PSMCE"}},{"type":"Feature","geometry":{"type":"Point","coordinates":[-70.636679,43.050217]},"properties":{"objtype":"SOUNDG","valsou":14.9,"chart":"US5PSMCE"}},{"type":"Feature","geometry":{"type":"Point","coordinates":[-70.638304,43.08879]},"properties":{"objtype":"SOUNDG","valsou":21.6,"chart":"US5PSMCE"}},{"type":"Feature","geometry":{"type":"Point","coordinates":[-70.637045,43.083179]},"properties":{"objtype":"SOUNDG","valsou":12.1,"chart":"US5PSMCE"}},{"type":"Feature","geometry":{"type":"Point","coordinates":[-70.637749,43.063141]},"properties":{"objtype":"SOUNDG","valsou":16.4,"chart":"US5PSMCE"}},{"type":"Feature","geometry":{"type":"Point","coordinates":[-70.63766,43.068688]},"properties":{"objtype":"SOUNDG","valsou":12.4,"chart":"US5PSMCE"}},{"type":"Feature","geometry":{"type":"Point","coordinates":[-70.634961,43.070981]},"properties":{"objtype":"SOUNDG","valsou":8.2,"chart":"US5PSMCE"}},{"type":"Feature","geometry":{"type":"Point","coordinates":[-70.635014,43.091358]},"properties":{"objtype":"SOUNDG","valsou":11.5,"chart":"US5PSMCE"}},{"type":"Feature","geometry":{"type":"Point","coordinates":[-70.635032,43.06566]},"properties":{"objtype":"SOUNDG","valsou":11.2,"chart":"US5PSMCE"}},{"type":"Feature","geometry":{"type":"Point","coordinates":[-70.63449,43.053977]},"properties":{"objtype":"SOUNDG","valsou":17.3,"chart":"US5PSMCE"}},{"type":"Feature","geometry":{"type":"Point","coordinates":[-70.635318,43.067639]},"properties":{"objtype":"SOUNDG","valsou":10.3,"chart":"US5PSMCE"}},{"type":"Feature","geometry":{"type":"Point","coordinates":[-70.63421,43.058783]},"properties":{"objtype":"SOUNDG","valsou":14.3,"chart":"US5PSMCE"}},{"type":"Feature","geometry":{"type":"Point","coordinates":[-70.633546,43.063425]},"properties":{"objtype":"SOUNDG","valsou":18.5,"chart":"US5PSMCE"}},{"type":"Feature","geometry":{"type":"Point","coordinates":[-70.631456,43.093261]},"properties":{"objtype":"SOUNDG","valsou":14.0,"chart":"US5PSMCE"}},{"type":"Feature","geometry":{"type":"Point","coordinates":[-70.631475,43.068884]},"properties":{"objtype":"SOUNDG","valsou":11.5,"chart":"US5PSMCE"}},{"type":"Feature","geometry":{"type":"Point","coordinates":[-70.6314,43.057431]},"properties":{"objtype":"SOUNDG","valsou":12.8,"chart":"US5PSMCE"}},{"type":"Feature","geometry":{"type":"Point","coordinates":[-70.630706,43.060482]},"properties":{"objtype":"SOUNDG","valsou":13.7,"chart":"US5PSMCE"}},{"type":"Feature","geometry":{"type":"Point","coordinates":[-70.631571,43.062433]},"properties":{"objtype":"SOUNDG","valsou":25.9,"chart":"US5PSMCE"}},{"type":"Feature","geometry":{"type":"Point","coordinates":[-70.630307,43.052734]},"properties":{"objtype":"SOUNDG","valsou":18.5,"chart":"US5PSMCE"}},{"type":"Feature","geometry":{"type":"Point","coordinates":[-70.629472,43.063772]},"properties":{"objtype":"SOUNDG","valsou":15.5,"chart":"US5PSMCE"}},{"type":"Feature","geometry":{"type":"Point","coordinates":[-70.629512,43.062307]},"properties":{"objtype":"SOUNDG","valsou":17.6,"chart":"US5PSMCE"}},{"type":"Feature","geometry":{"type":"Point","coordinates":[-70.629299,43.056321]},"properties":{"objtype":"SOUNDG","valsou":12.8,"chart":"US5PSMCE"}},{"type":"Feature","geometry":{"type":"Point","coordinates":[-70.627409,43.065201]},"properties":{"objtype":"SOUNDG","valsou":16.4,"chart":"US5PSMCE"}},{"type":"Feature","geometry":{"type":"Point","coordinates":[-70.627345,43.06163]},"properties":{"objtype":"SOUNDG","valsou":17.9,"chart":"US5PSMCE"}},{"type":"Feature","geometry":{"type":"Point","coordinates":[-70.626068,43.056899]},"properties":{"objtype":"SOUNDG","valsou":16.4,"chart":"US5PSMCE"}},{"type":"Feature","geometry":{"type":"Point","coordinates":[-70.626575,43.050705]},"properties":{"objtype":"SOUNDG","valsou":17.0,"chart":"US5PSMCE"}},{"type":"Feature","geometry":{"type":"Point","coordinates":[-70.626124,43.053505]},"properties":{"objtype":"SOUNDG","valsou":21.9,"chart":"US5PSMCE"}},{"type":"Feature","geometry":{"type":"Point","coordinates":[-70.624363,43.062228]},"properties":{"objtype":"SOUNDG","valsou":22.2,"chart":"US5PSMCE"}},{"type":"Feature","geometry":{"type":"Point","coordinates":[-70.623893,43.056856]},"properties":{"objtype":"SOUNDG","valsou":18.5,"chart":"US5PSMCE"}},{"type":"Feature","geometry":{"type":"Point","coordinates":[-70.623805,43.063534]},"properties":{"objtype":"SOUNDG","valsou":17.9,"chart":"US5PSMCE"}},{"type":"Feature","geometry":{"type":"Point","coordinates":[-70.623312,43.058689]},"properties":{"objtype":"SOUNDG","valsou":18.5,"chart":"US5PSMCE"}},{"type":"Feature","geometry":{"type":"Point","coordinates":[-70.623035,43.053489]},"properties":{"objtype":"SOUNDG","valsou":23.1,"chart":"US5PSMCE"}},{"type":"Feature","geometry":{"type":"Point","coordinates":[-70.621362,43.055487]},"properties":{"objtype":"SOUNDG","valsou":22.2,"chart":"US5PSMCE"}},{"type":"Feature","geometry":{"type":"Point","coordinates":[-70.621145,43.060388]},"properties":{"objtype":"SOUNDG","valsou":18.8,"chart":"US5PSMCE"}},{"type":"Feature","geometry":{"type":"Point","coordinates":[-70.61968,43.118447]},"properties":{"objtype":"SOUNDG","valsou":21.9,"chart":"US5PSMCE"}},{"type":"Feature","geometry":{"type":"Point","coordinates":[-70.616262,43.121867]},"properties":{"objtype":"SOUNDG","valsou":14.6,"chart":"US5PSMCE"}},{"type":"Feature","geometry":{"type":"Point","coordinates":[-70.616514,43.120465]},"properties":{"objtype":"SOUNDG","valsou":22.8,"chart":"US5PSMCE"}},{"type":"Feature","geometry":{"type":"Point","coordinates":[-70.616576,43.05957]},"properties":{"objtype":"SOUNDG","valsou":17.3,"chart":"US5PSMCE"}},{"type":"Feature","geometry":{"type":"Point","coordinates":[-70.613298,43.116202]},"properties":{"objtype":"SOUNDG","valsou":17.6,"chart":"US5PSMCE"}},{"type":"Feature","geometry":{"type":"Point","coordinates":[-70.614042,43.123953]},"properties":{"objtype":"SOUNDG","valsou":11.8,"chart":"US5PSMCE"}},{"type":"Feature","geometry":{"type":"Point","coordinates":[-70.613759,43.118749]},"properties":{"objtype":"SOUNDG","valsou":17.0,"chart":"US5PSMCE"}},{"type":"Feature","geometry":{"type":"Point","coordinates":[-70.61225,43.123205]},"properties":{"objtype":"SOUNDG","valsou":14.6,"chart":"US5PSMCE"}},{"type":"Feature","geometry":{"type":"Point","coordinates":[-70.609504,43.124478]},"properties":{"objtype":"SOUNDG","valsou":19.2,"chart":"US5PSMCE"}},{"type":"Feature","geometry":{"type":"Point","coordinates":[-70.608946,43.123095]},"properties":{"objtype":"SOUNDG","valsou":15.2,"chart":"US5PSMCE"}},{"type":"Feature","geometry":{"type":"Point","coordinates":[-70.607745,43.118899]},"properties":{"objtype":"SOUNDG","valsou":18.5,"chart":"US5PSMCE"}},{"type":"Feature","geometry":{"type":"Point","coordinates":[-70.607016,43.124792]},"properties":{"objtype":"SOUNDG","valsou":16.1,"chart":"US5PSMCE"}},{"type":"Feature","geometry":{"type":"Point","coordinates":[-70.606651,43.116747]},"properties":{"objtype":"SOUNDG","valsou":17.6,"chart":"US5PSMCE"}},{"type":"Feature","geometry":{"type":"Point","coordinates":[-70.606479,43.12297]},"properties":{"objtype":"SOUNDG","valsou":16.1,"chart":"US5PSMCE"}},{"type":"Feature","geometry":{"type":"Point","coordinates":[-70.604892,43.119167]},"properties":{"objtype":"SOUNDG","valsou":19.5,"chart":"US5PSMCE"}},{"type":"Feature","geometry":{"type":"Point","coordinates":[-70.601781,43.121162]},"properties":{"objtype":"SOUNDG","valsou":18.8,"chart":"US5PSMCE"}},{"type":"Feature","geometry":{"type":"Point","coordinates":[-70.60162,43.086955]},"properties":{"objtype":"SOUNDG","valsou":13.1,"chart":"US5PSMCE"}},{"type":"Feature","geometry":{"type":"Point","coordinates":[-70.59994,43.08765]},"properties":{"objtype":"SOUNDG","valsou":11.5,"chart":"US5PSMCE"}},{"type":"Feature","geometry":{"type":"Point","coordinates":[-70.599121,43.119921]},"properties":{"objtype":"SOUNDG","valsou":18.5,"chart":"US5PSMCE"}},{"type":"Feature","geometry":{"type":"Point","coordinates":[-70.598027,43.122671]},"properties":{"objtype":"SOUNDG","valsou":26.8,"chart":"US5PSMCE"}},{"type":"Feature","geometry":{"type":"Point","coordinates":[-70.597401,43.080849]},"properties":{"objtype":"SOUNDG","valsou":17.9,"chart":"US5PSMCE"}},{"type":"Feature","geometry":{"type":"Point","coordinates":[-70.594556,43.075111]},"properties":{"objtype":"SOUNDG","valsou":10.0,"chart":"US5PSMCE"}},{"type":"Feature","geometry":{"type":"Point","coordinates":[-70.596972,43.086222]},"properties":{"objtype":"SOUNDG","valsou":11.2,"chart":"US5PSMCE"}},{"type":"Feature","geometry":{"type":"Point","coordinates":[-70.595296,43.089764]},"properties":{"objtype":"SOUNDG","valsou":8.8,"chart":"US5PSMCE"}},{"type":"Feature","geometry":{"type":"Point","coordinates":[-70.595721,43.082028]},"properties":{"objtype":"SOUNDG","valsou":18.5,"chart":"US5PSMCE"}},{"type":"Feature","geometry":{"type":"Point","coordinates":[-70.596032,43.118947]},"properties":{"objtype":"SOUNDG","valsou":24.6,"chart":"US5PSMCE"}},{"type":"Feature","geometry":{"type":"Point","coordinates":[-70.594638,43.122121]},"properties":{"objtype":"SOUNDG","valsou":19.8,"chart":"US5PSMCE"}},{"type":"Feature","geometry":{"type":"Point","coordinates":[-70.59388,43.07393]},"properties":{"objtype":"SOUNDG","valsou":30.1,"chart":"US5PSMCE"}},{"type":"Feature","geometry":{"type":"Point","coordinates":[-70.593862,43.083129]},"properties":{"objtype":"SOUNDG","valsou":16.4,"chart":"US5PSMCE"}},{"type":"Feature","geometry":{"type":"Point","coordinates":[-70.592628,43.076184]},"properties":{"objtype":"SOUNDG","valsou":11.5,"chart":"US5PSMCE"}},{"type":"Feature","geometry":{"type":"Point","coordinates":[-70.591963,43.092627]},"properties":{"objtype":"SOUNDG","valsou":4.5,"chart":"US5PSMCE"}},{"type":"Feature","geometry":{"type":"Point","coordinates":[-70.592707,43.118774]},"properties":{"objtype":"SOUNDG","valsou":19.8,"chart":"US5PSMCE"}},{"type":"Feature","geometry":{"type":"Point","coordinates":[-70.591645,43.079696]},"properties":{"objtype":"SOUNDG","valsou":13.1,"chart":"US5PSMCE"}},{"type":"Feature","geometry":{"type":"Point","coordinates":[-70.59172,43.123582]},"properties":{"objtype":"SOUNDG","valsou":21.6,"chart":"US5PSMCE"}},{"type":"Feature","geometry":{"type":"Point","coordinates":[-70.591398,43.117799]},"properties":{"objtype":"SOUNDG","valsou":17.3,"chart":"US5PSMCE"}},{"type":"Feature","geometry":{"type":"Point","coordinates":[-70.591288,43.085186]},"properties":{"objtype":"SOUNDG","valsou":17.3,"chart":"US5PSMCE"}},{"type":"Feature","geometry":{"type":"Point","coordinates":[-70.59112,43.120707]},"properties":{"objtype":"SOUNDG","valsou":21.9,"chart":"US5PSMCE"}},{"type":"Feature","geometry":{"type":"Point","coordinates":[-70.590698,43.083863]},"properties":{"objtype":"SOUNDG","valsou":20.4,"chart":"US5PSMCE"}},{"type":"Feature","geometry":{"type":"Point","coordinates":[-70.589324,43.089202]},"properties":{"objtype":"SOUNDG","valsou":20.7,"chart":"US5PSMCE"}},{"type":"Feature","geometry":{"type":"Point","coordinates":[-70.591032,43.093273]},"properties":{"objtype":"SOUNDG","valsou":3.3,"chart":"US5PSMCE"}},{"type":"Feature","geometry":{"type":"Point","coordinates":[-70.586461,43.07777]},"properties":{"objtype":"SOUNDG","valsou":16.4,"chart":"US5PSMCE"}},{"type":"Feature","geometry":{"type":"Point","coordinates":[-70.587909,43.080076]},"properties":{"objtype":"SOUNDG","valsou":18.8,"chart":"US5PSMCE"}},{"type":"Feature","geometry":{"type":"Point","coordinates":[-70.587397,43.124749]},"properties":{"objtype":"SOUNDG","valsou":19.5,"chart":"US5PSMCE"}},{"type":"Feature","geometry":{"type":"Point","coordinates":[-70.587301,43.118161]},"properties":{"objtype":"SOUNDG","valsou":18.2,"chart":"US5PSMCE"}},{"type":"Feature","geometry":{"type":"Point","coordinates":[-70.58605,43.087715]},"properties":{"objtype":"SOUNDG","valsou":19.2,"chart":"US5PSMCE"}},{"type":"Feature","geometry":{"type":"Point","coordinates":[-70.586425,43.073432]},"properties":{"objtype":"SOUNDG","valsou":24.6,"chart":"US5PSMCE"}},{"type":"Feature","geometry":{"type":"Point","coordinates":[-70.584959,43.083418]},"properties":{"objtype":"SOUNDG","valsou":22.8,"chart":"US5PSMCE"}},{"type":"Feature","geometry":{"type":"Point","coordinates":[-70.584155,43.086326]},"properties":{"objtype":"SOUNDG","valsou":21.0,"chart":"US5PSMCE"}},{"type":"Feature","geometry":{"type":"Point","coordinates":[-70.582828,43.091975]},"properties":{"objtype":"SOUNDG","valsou":17.6,"chart":"US5PSMCE"}},{"type":"Feature","geometry":{"type":"Point","coordinates":[-70.58379,43.096261]},"properties":{"objtype":"SOUNDG","valsou":9.7,"chart":"US5PSMCE"}},{"type":"Feature","geometry":{"type":"Point","coordinates":[-70.58453,43.078097]},"properties":{"objtype":"SOUNDG","valsou":26.5,"chart":"US5PSMCE"}},{"type":"Feature","geometry":{"type":"Point","coordinates":[-70.583011,43.120251]},"properties":{"objtype":"SOUNDG","valsou":17.0,"chart":"US5PSMCE"}},{"type":"Feature","geometry":{"type":"Point","coordinates":[-70.584316,43.081033]},"properties":{"objtype":"SOUNDG","valsou":22.2,"chart":"US5PSMCE"}},{"type":"Feature","geometry":{"type":"Point","coordinates":[-70.583761,43.07317]},"properties":{"objtype":"SOUNDG","valsou":30.4,"chart":"US5PSMCE"}},{"type":"Feature","geometry":{"type":"Point","coordinates":[-70.582456,43.082749]},"properties":{"objtype":"SOUNDG","valsou":24.6,"chart":"US5PSMCE"}},{"type":"Feature","geometry":{"type":"Point","coordinates":[-70.582427,43.124644]},"properties":{"objtype":"SOUNDG","valsou":21.0,"chart":"US5PSMCE"}},{"type":"Feature","geometry":{"type":"Point","coordinates":[-70.580472,43.07621]},"properties":{"objtype":"SOUNDG","valsou":30.1,"chart":"US5PSMCE"}},{"type":"Feature","geometry":{"type":"Point","coordinates":[-70.580415,43.08941]},"properties":{"objtype":"SOUNDG","valsou":21.0,"chart":"US5PSMCE"}},{"type":"Feature","geometry":{"type":"Point","coordinates":[-70.576539,43.085003]},"properties":{"objtype":"SOUNDG","valsou":26.8,"chart":"US5PSMCE"}},{"type":"Feature","geometry":{"type":"Point","coordinates":[-70.578869,43.099294]},"properties":{"objtype":"SOUNDG","valsou":16.4,"chart":"US5PSMCE"}},{"type":"Feature","geometry":{"type":"Point","coordinates":[-70.578785,43.121288]},"properties":{"objtype":"SOUNDG","valsou":18.5,"chart":"US5PSMCE"}},{"type":"Feature","geometry":{"type":"Point","coordinates":[-70.578508,43.095049]},"properties":{"objtype":"SOUNDG","valsou":19.5,"chart":"US5PSMCE"}},{"type":"Feature","geometry":{"type":"Point","coordinates":[-70.578327,43.070549]},"properties":{"objtype":"SOUNDG","valsou":23.4,"chart":"US5PSMCE"}},{"type":"Feature","geometry":{"type":"Point","coordinates":[-70.578291,43.080469]},"properties":{"objtype":"SOUNDG","valsou":25.6,"chart":"US5PSMCE"}},{"type":"Feature","geometry":{"type":"Point","coordinates":[-70.578106,43.093187]},"properties":{"objtype":"SOUNDG","valsou":19.2,"chart":"US5PSMCE"}},{"type":"Feature","geometry":{"type":"Point","coordinates":[-70.578034,43.118931]},"properties":{"objtype":"SOUNDG","valsou":18.8,"chart":"US5PSMCE"}},{"type":"Feature","geometry":{"type":"Point","coordinates":[-70.577798,43.123504]},"properties":{"objtype":"SOUNDG","valsou":23.4,"chart":"US5PSMCE"}},{"type":"Feature","geometry":{"type":"Point","coordinates":[-70.576932,43.073838]},"properties":{"objtype":"SOUNDG","valsou":31.6,"chart":"US5PSMCE"}},{"type":"Feature","geometry":{"type":"Point","coordinates":[-70.576256,43.094394]},"properties":{"objtype":"SOUNDG","valsou":22.5,"chart":"US5PSMCE"}},{"type":"Feature","geometry":{"type":"Point","coordinates":[-70.575288,43.120958]},"properties":{"objtype":"SOUNDG","valsou":20.7,"chart":"US5PSMCE"}},{"type":"Feature","geometry":{"type":"Point","coordinates":[-70.575163,43.08837]},"properties":{"objtype":"SOUNDG","valsou":18.2,"chart":"US5PSMCE"}},{"type":"Feature","geometry":{"type":"Point","coordinates":[-70.646794,43.059666]},"properties":{"objtype":"SOUNDG","valsou":18.8,"chart":"US5PSMCE"}},{"type":"Feature","geometry":{"type":"Point","coordinates":[-70.646466,43.104954]},"properties":{"objtype":"SOUNDG","valsou":2.4,"chart":"US5PSMCE"}},{"type":"Feature","geometry":{"type":"Point","coordinates":[-70.646452,43.106072]},"properties":{"objtype":"SOUNDG","valsou":0.9,"chart":"US5PSMCE"}},{"type":"Feature","geometry":{"type":"Point","coordinates":[-70.645104,43.107418]},"properties":{"objtype":"SOUNDG","valsou":0.3,"chart":"US5PSMCE"}},{"type":"Feature","geometry":{"type":"Point","coordinates":[-70.642994,43.109163]},"properties":{"objtype":"SOUNDG","valsou":0.9,"chart":"US5PSMCE"}},{"type":"Feature","geometry":{"type":"Point","coordinates":[-70.643399,43.099743]},"properties":{"objtype":"SOUNDG","valsou":4.8,"chart":"US5PSMCE"}},{"type":"Feature","geometry":{"type":"Point","coordinates":[-70.641069,43.101211]},"properties":{"objtype":"SOUNDG","valsou":9.1,"chart":"US5PSMCE"}},{"type":"Feature","geometry":{"type":"Point","coordinates":[-70.639929,43.112367]},"properties":{"objtype":"SOUNDG","valsou":0.3,"chart":"US5PSMCE"}},{"type":"Feature","geometry":{"type":"Point","coordinates":[-70.639038,43.112223]},"properties":{"objtype":"SOUNDG","valsou":3.3,"chart":"US5PSMCE"}},{"type":"Feature","geometry":{"type":"Point","coordinates":[-70.638621,43.098537]},"properties":{"objtype":"SOUNDG","valsou":10.0,"chart":"US5PSMCE"}},{"type":"Feature","geometry":{"type":"Point","coordinates":[-70.637192,43.076328]},"properties":{"objtype":"SOUNDG","valsou":7.9,"chart":"US5PSMCE"}},{"type":"Feature","geometry":{"type":"Point","coordinates":[-70.638679,43.119003]},"properties":{"objtype":"SOUNDG","valsou":1.2,"chart":"US5PSMCE"}},{"type":"Feature","geometry":{"type":"Point","coordinates":[-70.637242,43.079988]},"properties":{"objtype":"SOUNDG","valsou":8.5,"chart":"US5PSMCE"}},{"type":"Feature","geometry":{"type":"Point","coordinates":[-70.636917,43.114586]},"properties":{"objtype":"SOUNDG","valsou":0.6,"chart":"US5PSMCE"}},{"type":"Feature","geometry":{"type":"Point","coordinates":[-70.635696,43.118817]},"properties":{"objtype":"SOUNDG","valsou":0.3,"chart":"US5PSMCE"}},{"type":"Feature","geometry":{"type":"Point","coordinates":[-70.634026,43.107927]},"properties":{"objtype":"SOUNDG","valsou":0.6,"chart":"US5PSMCE"}},{"type":"Feature","geometry":{"type":"Point","coordinates":[-70.635877,43.114043]},"properties":{"objtype":"SOUNDG","valsou":2.4,"chart":"US5PSMCE"}},{"type":"Feature","geometry":{"type":"Point","coordinates":[-70.635715,43.098685]},"properties":{"objtype":"SOUNDG","valsou":12.1,"chart":"US5PSMCE"}},{"type":"Feature","geometry":{"type":"Point","coordinates":[-70.635715,43.115483]},"properties":{"objtype":"SOUNDG","valsou":2.1,"chart":"US5PSMCE"}},{"type":"Feature","geometry":{"type":"Point","coordinates":[-70.634637,43.099592]},"properties":{"objtype":"SOUNDG","valsou":10.3,"chart":"US5PSMCE"}},{"type":"Feature","geometry":{"type":"Point","coordinates":[-70.635483,43.109941]},"properties":{"objtype":"SOUNDG","valsou":10.3,"chart":"US5PSMCE"}},{"type":"Feature","geometry":{"type":"Point","coordinates":[-70.633779,43.078022]},"properties":{"objtype":"SOUNDG","valsou":9.4,"chart":"US5PSMCE"}},{"type":"Feature","geometry":{"type":"Point","coordinates":[-70.63462,43.081944]},"properties":{"objtype":"SOUNDG","valsou":10.9,"chart":"US5PSMCE"}},{"type":"Feature","geometry":{"type":"Point","coordinates":[-70.634009,43.094773]},"properties":{"objtype":"SOUNDG","valsou":13.4,"chart":"US5PSMCE"}},{"type":"Feature","geometry":{"type":"Point","coordinates":[-70.632796,43.121413]},"properties":{"objtype":"SOUNDG","valsou":1.8,"chart":"US5PSMCE"}},{"type":"Feature","geometry":{"type":"Point","coordinates":[-70.63345,43.097875]},"properties":{"objtype":"SOUNDG","valsou":12.4,"chart":"US5PSMCE"}},{"type":"Feature","geometry":{"type":"Point","coordinates":[-70.632704,43.079496]},"properties":{"objtype":"SOUNDG","valsou":8.8,"chart":"US5PSMCE"}},{"type":"Feature","geometry":{"type":"Point","coordinates":[-70.633442,43.075657]},"properties":{"objtype":"SOUNDG","valsou":9.4,"chart":"US5PSMCE"}},{"type":"Feature","geometry":{"type":"Point","coordinates":[-70.632509,43.119935]},"properties":{"objtype":"SOUNDG","valsou":0.9,"chart":"US5PSMCE"}},{"type":"Feature","geometry":{"type":"Point","coordinates":[-70.633235,43.103482]},"properties":{"objtype":"SOUNDG","valsou":11.2,"chart":"US5PSMCE"}},{"type":"Feature","geometry":{"type":"Point","coordinates":[-70.630545,43.090454]},"properties":{"objtype":"SOUNDG","valsou":22.5,"chart":"US5PSMCE"}},{"type":"Feature","geometry":{"type":"Point","coordinates":[-70.631813,43.075127]},"properties":{"objtype":"SOUNDG","valsou":10.3,"chart":"US5PSMCE"}},{"type":"Feature","geometry":{"type":"Point","coordinates":[-70.631332,43.086143]},"properties":{"objtype":"SOUNDG","valsou":23.4,"chart":"US5PSMCE"}},{"type":"Feature","geometry":{"type":"Point","coordinates":[-70.631092,43.123992]},"properties":{"objtype":"SOUNDG","valsou":8.5,"chart":"US5PSMCE"}},{"type":"Feature","geometry":{"type":"Point","coordinates":[-70.630449,43.103453]},"properties":{"objtype":"SOUNDG","valsou":20.4,"chart":"US5PSMCE"}},{"type":"Feature","geometry":{"type":"Point","coordinates":[-70.630379,43.072362]},"properties":{"objtype":"SOUNDG","valsou":11.2,"chart":"US5PSMCE"}},{"type":"Feature","geometry":{"type":"Point","coordinates":[-70.629818,43.10722]},"properties":{"objtype":"SOUNDG","valsou":14.9,"chart":"US5PSMCE"}},{"type":"Feature","geometry":{"type":"Point","coordinates":[-70.628056,43.114103]},"properties":{"objtype":"SOUNDG","valsou":11.8,"chart":"US5PSMCE"}},{"type":"Feature","geometry":{"type":"Point","coordinates":[-70.62844,43.108534]},"properties":{"objtype":"SOUNDG","valsou":10.6,"chart":"US5PSMCE"}},{"type":"Feature","geometry":{"type":"Point","coordinates":[-70.629598,43.068773]},"properties":{"objtype":"SOUNDG","valsou":14.9,"chart":"US5PSMCE"}},{"type":"Feature","geometry":{"type":"Point","coordinates":[-70.629551,43.081908]},"properties":{"objtype":"SOUNDG","valsou":14.6,"chart":"US5PSMCE"}},{"type":"Feature","geometry":{"type":"Point","coordinates":[-70.629383,43.092147]},"properties":{"objtype":"SOUNDG","valsou":14.6,"chart":"US5PSMCE"}},{"type":"Feature","geometry":{"type":"Point","coordinates":[-70.628051,43.102374]},"properties":{"objtype":"SOUNDG","valsou":12.4,"chart":"US5PSMCE"}},{"type":"Feature","geometry":{"type":"Point","coordinates":[-70.628814,43.077672]},"properties":{"objtype":"SOUNDG","valsou":11.8,"chart":"US5PSMCE"}},{"type":"Feature","geometry":{"type":"Point","coordinates":[-70.628667,43.080039]},"properties":{"objtype":"SOUNDG","valsou":10.3,"chart":"US5PSMCE"}},{"type":"Feature","geometry":{"type":"Point","coordinates":[-70.628525,43.094899]},"properties":{"objtype":"SOUNDG","valsou":15.8,"chart":"US5PSMCE"}},{"type":"Feature","geometry":{"type":"Point","coordinates":[-70.628438,43.086459]},"properties":{"objtype":"SOUNDG","valsou":23.1,"chart":"US5PSMCE"}},{"type":"Feature","geometry":{"type":"Point","coordinates":[-70.627522,43.09946]},"properties":{"objtype":"SOUNDG","valsou":10.3,"chart":"US5PSMCE"}},{"type":"Feature","geometry":{"type":"Point","coordinates":[-70.627378,43.122356]},"properties":{"objtype":"SOUNDG","valsou":7.3,"chart":"US5PSMCE"}},{"type":"Feature","geometry":{"type":"Point","coordinates":[-70.626053,43.107944]},"properties":{"objtype":"SOUNDG","valsou":18.5,"chart":"US5PSMCE"}},{"type":"Feature","geometry":{"type":"Point","coordinates":[-70.626894,43.093486]},"properties":{"objtype":"SOUNDG","valsou":14.9,"chart":"US5PSMCE"}},{"type":"Feature","geometry":{"type":"Point","coordinates":[-70.626789,43.082782]},"properties":{"objtype":"SOUNDG","valsou":16.1,"chart":"US5PSMCE"}},{"type":"Feature","geometry":{"type":"Point","coordinates":[-70.625483,43.079021]},"properties":{"objtype":"SOUNDG","valsou":15.2,"chart":"US5PSMCE"}},{"type":"Feature","geometry":{"type":"Point","coordinates":[-70.626457,43.071306]},"properties":{"objtype":"SOUNDG","valsou":11.5,"chart":"US5PSMCE"}},{"type":"Feature","geometry":{"type":"Point","coordinates":[-70.625591,43.111586]},"properties":{"objtype":"SOUNDG","valsou":14.3,"chart":"US5PSMCE"}},{"type":"Feature","geometry":{"type":"Point","coordinates":[-70.62625,43.089902]},"properties":{"objtype":"SOUNDG","valsou":20.1,"chart":"US5PSMCE"}},{"type":"Feature","geometry":{"type":"Point","coordinates":[-70.625689,43.124377]},"properties":{"objtype":"SOUNDG","valsou":11.5,"chart":"US5PSMCE"}},{"type":"Feature","geometry":{"type":"Point","coordinates":[-70.625359,43.101235]},"properties":{"objtype":"SOUNDG","valsou":10.6,"chart":"US5PSMCE"}},{"type":"Feature","geometry":{"type":"Point","coordinates":[-70.623249,43.072934]},"properties":{"objtype":"SOUNDG","valsou":11.8,"chart":"US5PSMCE"}},{"type":"Feature","geometry":{"type":"Point","coordinates":[-70.624352,43.116298]},"properties":{"objtype":"SOUNDG","valsou":14.9,"chart":"US5PSMCE"}},{"type":"Feature","geometry":{"type":"Point","coordinates":[-70.623358,43.085606]},"properties":{"objtype":"SOUNDG","valsou":17.3,"chart":"US5PSMCE"}},{"type":"Feature","geometry":{"type":"Point","coordinates":[-70.623952,43.072078]},"properties":{"objtype":"SOUNDG","valsou":10.3,"chart":"US5PSMCE"}},{"type":"Feature","geometry":{"type":"Point","coordinates":[-70.622517,43.069352]},"properties":{"objtype":"SOUNDG","valsou":14.0,"chart":"US5PSMCE"}},{"type":"Feature","geometry":{"type":"Point","coordinates":[-70.621533,43.105962]},"properties":{"objtype":"SOUNDG","valsou":13.7,"chart":"US5PSMCE"}},{"type":"Feature","geometry":{"type":"Point","coordinates":[-70.623069,43.083709]},"properties":{"objtype":"SOUNDG","valsou":13.1,"chart":"US5PSMCE"}},{"type":"Feature","geometry":{"type":"Point","coordinates":[-70.622943,43.095138]},"properties":{"objtype":"SOUNDG","valsou":15.5,"chart":"US5PSMCE"}},{"type":"Feature","geometry":{"type":"Point","coordinates":[-70.622873,43.077091]},"properties":{"objtype":"SOUNDG","valsou":15.5,"chart":"US5PSMCE"}},{"type":"Feature","geometry":{"type":"Point","coordinates":[-70.622782,43.118497]},"properties":{"objtype":"SOUNDG","valsou":16.4,"chart":"US5PSMCE"}},{"type":"Feature","geometry":{"type":"Point","coordinates":[-70.622368,43.109183]},"properties":{"objtype":"SOUNDG","valsou":16.1,"chart":"US5PSMCE"}},{"type":"Feature","geometry":{"type":"Point","coordinates":[-70.621383,43.076528]},"properties":{"objtype":"SOUNDG","valsou":14.6,"chart":"US5PSMCE"}},{"type":"Feature","geometry":{"type":"Point","coordinates":[-70.618736,43.069496]},"properties":{"objtype":"SOUNDG","valsou":7.0,"chart":"US5PSMCE"}},{"type":"Feature","geometry":{"type":"Point","coordinates":[-70.620108,43.096645]},"properties":{"objtype":"SOUNDG","valsou":16.7,"chart":"US5PSMCE"}},{"type":"Feature","geometry":{"type":"Point","coordinates":[-70.621052,43.086051]},"properties":{"objtype":"SOUNDG","valsou":23.4,"chart":"US5PSMCE"}},{"type":"Feature","geometry":{"type":"Point","coordinates":[-70.620837,43.099632]},"properties":{"objtype":"SOUNDG","valsou":14.9,"chart":"US5PSMCE"}},{"type":"Feature","geometry":{"type":"Point","coordinates":[-70.62082,43.089366]},"properties":{"objtype":"SOUNDG","valsou":15.8,"chart":"US5PSMCE"}},{"type":"Feature","geometry":{"type":"Point","coordinates":[-70.620724,43.108322]},"properties":{"objtype":"SOUNDG","valsou":16.7,"chart":"US5PSMCE"}},{"type":"Feature","geometry":{"type":"Point","coordinates":[-70.620649,43.111872]},"properties":{"objtype":"SOUNDG","valsou":24.0,"chart":"US5PSMCE"}},{"type":"Feature","geometry":{"type":"Point","coordinates":[-70.620355,43.094725]},"properties":{"objtype":"SOUNDG","valsou":15.5,"chart":"US5PSMCE"}},{"type":"Feature","geometry":{"type":"Point","coordinates":[-70.62013,43.104207]},"properties":{"objtype":"SOUNDG","valsou":19.2,"chart":"US5PSMCE"}},{"type":"Feature","geometry":{"type":"Point","coordinates":[-70.620016,43.063355]},"properties":{"objtype":"SOUNDG","valsou":12.8,"chart":"US5PSMCE"}},{"type":"Feature","geometry":{"type":"Point","coordinates":[-70.619345,43.050988]},"properties":{"objtype":"SOUNDG","valsou":20.7,"chart":"US5PSMCE"}},{"type":"Feature","geometry":{"type":"Point","coordinates":[-70.617892,43.06883]},"properties":{"objtype":"SOUNDG","valsou":12.4,"chart":"US5PSMCE"}},{"type":"Feature","geometry":{"type":"Point","coordinates":[-70.617187,43.114999]},"properties":{"objtype":"SOUNDG","valsou":17.9,"chart":"US5PSMCE"}},{"type":"Feature","geometry":{"type":"Point","coordinates":[-70.616226,43.091553]},"properties":{"objtype":"SOUNDG","valsou":11.5,"chart":"US5PSMCE"}},{"type":"Feature","geometry":{"type":"Point","coordinates":[-70.617073,43.08387]},"properties":{"objtype":"SOUNDG","valsou":10.0,"chart":"US5PSMCE"}},{"type":"Feature","geometry":{"type":"Point","coordinates":[-70.615972,43.076495]},"properties":{"objtype":"SOUNDG","valsou":14.0,"chart":"US5PSMCE"}},{"type":"Feature","geometry":{"type":"Point","coordinates":[-70.61816,43.104767]},"properties":{"objtype":"SOUNDG","valsou":14.9,"chart":"US5PSMCE"}},{"type":"Feature","geometry":{"type":"Point","coordinates":[-70.618101,43.110872]},"properties":{"objtype":"SOUNDG","valsou":25.2,"chart":"US5PSMCE"}},{"type":"Feature","geometry":{"type":"Point","coordinates":[-70.618098,43.080882]},"properties":{"objtype":"SOUNDG","valsou":13.7,"chart":"US5PSMCE"}},{"type":"Feature","geometry":{"type":"Point","coordinates":[-70.617963,43.062131]},"properties":{"objtype":"SOUNDG","valsou":23.4,"chart":"US5PSMCE"}},{"type":"Feature","geometry":{"type":"Point","coordinates":[-70.617898,43.089774]},"properties":{"objtype":"SOUNDG","valsou":12.1,"chart":"US5PSMCE"}},{"type":"Feature","geometry":{"type":"Point","coordinates":[-70.617426,43.097041]},"properties":{"objtype":"SOUNDG","valsou":14.6,"chart":"US5PSMCE"}},{"type":"Feature","geometry":{"type":"Point","coordinates":[-70.617785,43.095341]},"properties":{"objtype":"SOUNDG","valsou":12.8,"chart":"US5PSMCE"}},{"type":"Feature","geometry":{"type":"Point","coordinates":[-70.615732,43.071937]},"properties":{"objtype":"SOUNDG","valsou":13.7,"chart":"US5PSMCE"}},{"type":"Feature","geometry":{"type":"Point","coordinates":[-70.617424,43.050377]},"properties":{"objtype":"SOUNDG","valsou":22.8,"chart":"US5PSMCE"}},{"type":"Feature","geometry":{"type":"Point","coordinates":[-70.617182,43.072669]},"properties":{"objtype":"SOUNDG","valsou":10.6,"chart":"US5PSMCE"}},{"type":"Feature","geometry":{"type":"Point","coordinates":[-70.61654,43.106042]},"properties":{"objtype":"SOUNDG","valsou":23.4,"chart":"US5PSMCE"}},{"type":"Feature","geometry":{"type":"Point","coordinates":[-70.616022,43.064521]},"properties":{"objtype":"SOUNDG","valsou":21.0,"chart":"US5PSMCE"}},{"type":"Feature","geometry":{"type":"Point","coordinates":[-70.61602,43.053536]},"properties":{"objtype":"SOUNDG","valsou":33.2,"chart":"US5PSMCE"}},{"type":"Feature","geometry":{"type":"Point","coordinates":[-70.615153,43.079172]},"properties":{"objtype":"SOUNDG","valsou":21.9,"chart":"US5PSMCE"}},{"type":"Feature","geometry":{"type":"Point","coordinates":[-70.613742,43.090683]},"properties":{"objtype":"SOUNDG","valsou":11.2,"chart":"US5PSMCE"}},{"type":"Feature","geometry":{"type":"Point","coordinates":[-70.615049,43.060763]},"properties":{"objtype":"SOUNDG","valsou":15.2,"chart":"US5PSMCE"}},{"type":"Feature","geometry":{"type":"Point","coordinates":[-70.614862,43.05072]},"properties":{"objtype":"SOUNDG","valsou":34.1,"chart":"US5PSMCE"}},{"type":"Feature","geometry":{"type":"Point","coordinates":[-70.614795,43.055057]},"properties":{"objtype":"SOUNDG","valsou":23.1,"chart":"US5PSMCE"}},{"type":"Feature","geometry":{"type":"Point","coordinates":[-70.61477,43.111299]},"properties":{"objtype":"SOUNDG","valsou":13.1,"chart":"US5PSMCE"}},{"type":"Feature","geometry":{"type":"Point","coordinates":[-70.614742,43.084898]},"properties":{"objtype":"SOUNDG","valsou":10.0,"chart":"US5PSMCE"}},{"type":"Feature","geometry":{"type":"Point","coordinates":[-70.614444,43.113841]},"properties":{"objtype":"SOUNDG","valsou":15.8,"chart":"US5PSMCE"}},{"type":"Feature","geometry":{"type":"Point","coordinates":[-70.61459,43.099343]},"properties":{"objtype":"SOUNDG","valsou":14.0,"chart":"US5PSMCE"}},{"type":"Feature","geometry":{"type":"Point","coordinates":[-70.612977,43.089679]},"properties":{"objtype":"SOUNDG","valsou":6.4,"chart":"US5PSMCE"}},{"type":"Feature","geometry":{"type":"Point","coordinates":[-70.614485,43.08375]},"properties":{"objtype":"SOUNDG","valsou":6.4,"chart":"US5PSMCE"}},{"type":"Feature","geometry":{"type":"Point","coordinates":[-70.614473,43.077236]},"properties":{"objtype":"SOUNDG","valsou":12.8,"chart":"US5PSMCE"}},{"type":"Feature","geometry":{"type":"Point","coordinates":[-70.6135,43.072029]},"properties":{"objtype":"SOUNDG","valsou":10.3,"chart":"US5PSMCE"}},{"type":"Feature","geometry":{"type":"Point","coordinates":[-70.612911,43.093625]},"properties":{"objtype":"SOUNDG","valsou":10.9,"chart":"US5PSMCE"}},{"type":"Feature","geometry":{"type":"Point","coordinates":[-70.613634,43.06022]},"properties":{"objtype":"SOUNDG","valsou":14.9,"chart":"US5PSMCE"}},{"type":"Feature","geometry":{"type":"Point","coordinates":[-70.612586,43.105255]},"properties":{"objtype":"SOUNDG","valsou":17.6,"chart":"US5PSMCE"}},{"type":"Feature","geometry":{"type":"Point","coordinates":[-70.613011,43.0683]},"properties":{"objtype":"SOUNDG","valsou":13.1,"chart":"US5PSMCE"}},{"type":"Feature","geometry":{"type":"Point","coordinates":[-70.612527,43.051541]},"properties":{"objtype":"SOUNDG","valsou":13.1,"chart":"US5PSMCE"}},{"type":"Feature","geometry":{"type":"Point","coordinates":[-70.612332,43.073463]},"properties":{"objtype":"SOUNDG","valsou":8.5,"chart":"US5PSMCE"}},{"type":"Feature","geometry":{"type":"Point","coordinates":[-70.611159,43.108687]},"properties":{"objtype":"SOUNDG","valsou":11.8,"chart":"US5PSMCE"}},{"type":"Feature","geometry":{"type":"Point","coordinates":[-70.610459,43.08973]},"properties":{"objtype":"SOUNDG","valsou":7.6,"chart":"US5PSMCE"}},{"type":"Feature","geometry":{"type":"Point","coordinates":[-70.61098,43.116071]},"properties":{"objtype":"SOUNDG","valsou":17.0,"chart":"US5PSMCE"}},{"type":"Feature","geometry":{"type":"Point","coordinates":[-70.610104,43.099879]},"properties":{"objtype":"SOUNDG","valsou":17.6,"chart":"US5PSMCE"}},{"type":"Feature","geometry":{"type":"Point","coordinates":[-70.610868,43.05879]},"properties":{"objtype":"SOUNDG","valsou":24.0,"chart":"US5PSMCE"}},{"type":"Feature","geometry":{"type":"Point","coordinates":[-70.609655,43.084216]},"properties":{"objtype":"SOUNDG","valsou":17.9,"chart":"US5PSMCE"}},{"type":"Feature","geometry":{"type":"Point","coordinates":[-70.61103,43.106332]},"properties":{"objtype":"SOUNDG","valsou":17.9,"chart":"US5PSMCE"}},{"type":"Feature","geometry":{"type":"Point","coordinates":[-70.610915,43.104573]},"properties":{"objtype":"SOUNDG","valsou":19.5,"chart":"US5PSMCE"}},{"type":"Feature","geometry":{"type":"Point","coordinates":[-70.610736,43.097531]},"properties":{"objtype":"SOUNDG","valsou":14.6,"chart":"US5PSMCE"}},{"type":"Feature","geometry":{"type":"Point","coordinates":[-70.609718,43.079906]},"properties":{"objtype":"SOUNDG","valsou":26.8,"chart":"US5PSMCE"}},{"type":"Feature","geometry":{"type":"Point","coordinates":[-70.60692,43.111964]},"properties":{"objtype":"SOUNDG","valsou":14.0,"chart":"US5PSMCE"}},{"type":"Feature","geometry":{"type":"Point","coordinates":[-70.607248,43.072254]},"properties":{"objtype":"SOUNDG","valsou":5.7,"chart":"US5PSMCE"}},{"type":"Feature","geometry":{"type":"Point","coordinates":[-70.607595,43.109313]},"properties":{"objtype":"SOUNDG","valsou":13.4,"chart":"US5PSMCE"}},{"type":"Feature","geometry":{"type":"Point","coordinates":[-70.607407,43.067677]},"properties":{"objtype":"SOUNDG","valsou":18.5,"chart":"US5PSMCE"}},{"type":"Feature","geometry":{"type":"Point","coordinates":[-70.609093,43.0614]},"properties":{"objtype":"SOUNDG","valsou":32.0,"chart":"US5PSMCE"}},{"type":"Feature","geometry":{"type":"Point","coordinates":[-70.609062,43.092965]},"properties":{"objtype":"SOUNDG","valsou":10.6,"chart":"US5PSMCE"}},{"type":"Feature","geometry":{"type":"Point","coordinates":[-70.608942,43.078194]},"properties":{"objtype":"SOUNDG","valsou":10.9,"chart":"US5PSMCE"}},{"type":"Feature","geometry":{"type":"Point","coordinates":[-70.606517,43.056179]},"properties":{"objtype":"SOUNDG","valsou":20.1,"chart":"US5PSMCE"}},{"type":"Feature","geometry":{"type":"Point","coordinates":[-70.608785,43.074767]},"properties":{"objtype":"SOUNDG","valsou":12.8,"chart":"US5PSMCE"}},{"type":"Feature","geometry":{"type":"Point","coordinates":[-70.608565,43.096045]},"properties":{"objtype":"SOUNDG","valsou":10.9,"chart":"US5PSMCE"}},{"type":"Feature","geometry":{"type":"Point","coordinates":[-70.607797,43.102888]},"properties":{"objtype":"SOUNDG","valsou":18.8,"chart":"US5PSMCE"}},{"type":"Feature","geometry":{"type":"Point","coordinates":[-70.608281,43.085982]},"properties":{"objtype":"SOUNDG","valsou":13.4,"chart":"US5PSMCE"}},{"type":"Feature","geometry":{"type":"Point","coordinates":[-70.608198,43.090119]},"properties":{"objtype":"SOUNDG","valsou":10.6,"chart":"US5PSMCE"}},{"type":"Feature","geometry":{"type":"Point","coordinates":[-70.607332,43.066277]},"properties":{"objtype":"SOUNDG","valsou":21.3,"chart":"US5PSMCE"}},{"type":"Feature","geometry":{"type":"Point","coordinates":[-70.607233,43.051741]},"properties":{"objtype":"SOUNDG","valsou":16.4,"chart":"US5PSMCE"}},{"type":"Feature","geometry":{"type":"Point","coordinates":[-70.607096,43.057705]},"properties":{"objtype":"SOUNDG","valsou":19.8,"chart":"US5PSMCE"}},{"type":"Feature","geometry":{"type":"Point","coordinates":[-70.607293,43.08312]},"properties":{"objtype":"SOUNDG","valsou":28.9,"chart":"US5PSMCE"}},{"type":"Feature","geometry":{"type":"Point","coordinates":[-70.606865,43.098024]},"properties":{"objtype":"SOUNDG","valsou":12.1,"chart":"US5PSMCE"}},{"type":"Feature","geometry":{"type":"Point","coordinates":[-70.606663,43.101168]},"properties":{"objtype":"SOUNDG","valsou":14.0,"chart":"US5PSMCE"}},{"type":"Feature","geometry":{"type":"Point","coordinates":[-70.606198,43.078735]},"properties":{"objtype":"SOUNDG","valsou":20.7,"chart":"US5PSMCE"}},{"type":"Feature","geometry":{"type":"Point","coordinates":[-70.605864,43.104259]},"properties":{"objtype":"SOUNDG","valsou":22.5,"chart":"US5PSMCE"}},{"type":"Feature","geometry":{"type":"Point","coordinates":[-70.604921,43.072476]},"properties":{"objtype":"SOUNDG","valsou":3.6,"chart":"US5PSMCE"}},{"type":"Feature","geometry":{"type":"Point","coordinates":[-70.605509,43.081584]},"properties":{"objtype":"SOUNDG","valsou":29.5,"chart":"US5PSMCE"}},{"type":"Feature","geometry":{"type":"Point","coordinates":[-70.605428,43.058778]},"properties":{"objtype":"SOUNDG","valsou":22.8,"chart":"US5PSMCE"}},{"type":"Feature","geometry":{"type":"Point","coordinates":[-70.605374,43.086038]},"properties":{"objtype":"SOUNDG","valsou":17.9,"chart":"US5PSMCE"}},{"type":"Feature","geometry":{"type":"Point","coordinates":[-70.604819,43.053184]},"properties":{"objtype":"SOUNDG","valsou":18.2,"chart":"US5PSMCE"}},{"type":"Feature","geometry":{"type":"Point","coordinates":[-70.604787,43.068303]},"properties":{"objtype":"SOUNDG","valsou":24.6,"chart":"US5PSMCE"}},{"type":"Feature","geometry":{"type":"Point","coordinates":[-70.604352,43.093259]},"properties":{"objtype":"SOUNDG","valsou":11.8,"chart":"US5PSMCE"}},{"type":"Feature","geometry":{"type":"Point","coordinates":[-70.603327,43.095262]},"properties":{"objtype":"SOUNDG","valsou":7.0,"chart":"US5PSMCE"}},{"type":"Feature","geometry":{"type":"Point","coordinates":[-70.603296,43.054855]},"properties":{"objtype":"SOUNDG","valsou":14.3,"chart":"US5PSMCE"}},{"type":"Feature","geometry":{"type":"Point","coordinates":[-70.603294,43.077486]},"properties":{"objtype":"SOUNDG","valsou":23.1,"chart":"US5PSMCE"}},{"type":"Feature","geometry":{"type":"Point","coordinates":[-70.601505,43.057743]},"properties":{"objtype":"SOUNDG","valsou":21.0,"chart":"US5PSMCE"}},{"type":"Feature","geometry":{"type":"Point","coordinates":[-70.60279,43.050744]},"properties":{"objtype":"SOUNDG","valsou":25.6,"chart":"US5PSMCE"}},{"type":"Feature","geometry":{"type":"Point","coordinates":[-70.601006,43.097113]},"properties":{"objtype":"SOUNDG","valsou":8.2,"chart":"US5PSMCE"}},{"type":"Feature","geometry":{"type":"Point","coordinates":[-70.600726,43.083994]},"properties":{"objtype":"SOUNDG","valsou":21.9,"chart":"US5PSMCE"}},{"type":"Feature","geometry":{"type":"Point","coordinates":[-70.602286,43.080017]},"properties":{"objtype":"SOUNDG","valsou":30.1,"chart":"US5PSMCE"}},{"type":"Feature","geometry":{"type":"Point","coordinates":[-70.602085,43.060993]},"properties":{"objtype":"SOUNDG","valsou":17.6,"chart":"US5PSMCE"}},{"type":"Feature","geometry":{"type":"Point","coordinates":[-70.601997,43.090414]},"properties":{"objtype":"SOUNDG","valsou":16.1,"chart":"US5PSMCE"}},{"type":"Feature","geometry":{"type":"Point","coordinates":[-70.601959,43.071868]},"properties":{"objtype":"SOUNDG","valsou":25.6,"chart":"US5PSMCE"}},{"type":"Feature","geometry":{"type":"Point","coordinates":[-70.600762,43.074677]},"properties":{"objtype":"SOUNDG","valsou":22.5,"chart":"US5PSMCE"}},{"type":"Feature","geometry":{"type":"Point","coordinates":[-70.601765,43.092219]},"properties":{"objtype":"SOUNDG","valsou":14.3,"chart":"US5PSMCE"}},{"type":"Feature","geometry":{"type":"Point","coordinates":[-70.600545,43.052292]},"properties":{"objtype":"SOUNDG","valsou":10.6,"chart":"US5PSMCE"}},{"type":"Feature","geometry":{"type":"Point","coordinates":[-70.600442,43.05621]},"properties":{"objtype":"SOUNDG","valsou":10.9,"chart":"US5PSMCE"}},{"type":"Feature","geometry":{"type":"Point","coordinates":[-70.599961,43.098175]},"properties":{"objtype":"SOUNDG","valsou":7.3,"chart":"US5PSMCE"}},{"type":"Feature","geometry":{"type":"Point","coordinates":[-70.598048,43.063641]},"properties":{"objtype":"SOUNDG","valsou":14.0,"chart":"US5PSMCE"}},{"type":"Feature","geometry":{"type":"Point","coordinates":[-70.599368,43.059263]},"properties":{"objtype":"SOUNDG","valsou":34.1,"chart":"US5PSMCE"}},{"type":"Feature","geometry":{"type":"Point","coordinates":[-70.599242,43.061228]},"properties":{"objtype":"SOUNDG","valsou":11.2,"chart":"US5PSMCE"}},{"type":"Feature","geometry":{"type":"Point","coordinates":[-70.598614,43.070062]},"properties":{"objtype":"SOUNDG","valsou":28.9,"chart":"US5PSMCE"}},{"type":"Feature","geometry":{"type":"Point","coordinates":[-70.598857,43.094985]},"properties":{"objtype":"SOUNDG","valsou":10.0,"chart":"US5PSMCE"}},{"type":"Feature","geometry":{"type":"Point","coordinates":[-70.597469,43.061224]},"properties":{"objtype":"SOUNDG","valsou":21.6,"chart":"US5PSMCE"}},{"type":"Feature","geometry":{"type":"Point","coordinates":[-70.597451,43.093573]},"properties":{"objtype":"SOUNDG","valsou":7.9,"chart":"US5PSMCE"}},{"type":"Feature","geometry":{"type":"Point","coordinates":[-70.597121,43.053458]},"properties":{"objtype":"SOUNDG","valsou":19.2,"chart":"US5PSMCE"}},{"type":"Feature","geometry":{"type":"Point","coordinates":[-70.597122,43.050001]},"properties":{"objtype":"SOUNDG","valsou":20.7,"chart":"US5PSMCE"}},{"type":"Feature","geometry":{"type":"Point","coordinates":[-70.597055,43.056529]},"properties":{"objtype":"SOUNDG","valsou":18.2,"chart":"US5PSMCE"}},{"type":"Feature","geometry":{"type":"Point","coordinates":[-70.595095,43.092767]},"properties":{"objtype":"SOUNDG","valsou":4.8,"chart":"US5PSMCE"}},{"type":"Feature","geometry":{"type":"Point","coordinates":[-70.596585,43.057941]},"properties":{"objtype":"SOUNDG","valsou":17.9,"chart":"US5PSMCE"}},{"type":"Feature","geometry":{"type":"Point","coordinates":[-70.595658,43.066407]},"properties":{"objtype":"SOUNDG","valsou":15.8,"chart":"US5PSMCE"}},{"type":"Feature","geometry":{"type":"Point","coordinates":[-70.59531,43.070942]},"properties":{"objtype":"SOUNDG","valsou":24.3,"chart":"US5PSMCE"}},{"type":"Feature","geometry":{"type":"Point","coordinates":[-70.592169,43.093755]},"properties":{"objtype":"SOUNDG","valsou":1.5,"chart":"US5PSMCE"}},{"type":"Feature","geometry":{"type":"Point","coordinates":[-70.594091,43.097782]},"properties":{"objtype":"SOUNDG","valsou":8.5,"chart":"US5PSMCE"}},{"type":"Feature","geometry":{"type":"Point","coordinates":[-70.59346,43.063077]},"properties":{"objtype":"SOUNDG","valsou":24.9,"chart":"US5PSMCE"}},{"type":"Feature","geometry":{"type":"Point","coordinates":[-70.593073,43.068779]},"properties":{"objtype":"SOUNDG","valsou":21.6,"chart":"US5PSMCE"}},{"type":"Feature","geometry":{"type":"Point","coordinates":[-70.592396,43.070535]},"properties":{"objtype":"SOUNDG","valsou":20.4,"chart":"US5PSMCE"}},{"type":"Feature","geometry":{"type":"Point","coordinates":[-70.59223,43.055991]},"properties":{"objtype":"SOUNDG","valsou":26.8,"chart":"US5PSMCE"}},{"type":"Feature","geometry":{"type":"Point","coordinates":[-70.591565,43.053741]},"properties":{"objtype":"SOUNDG","valsou":40.5,"chart":"US5PSMCE"}},{"type":"Feature","geometry":{"type":"Point","coordinates":[-70.591439,43.050751]},"properties":{"objtype":"SOUNDG","valsou":24.3,"chart":"US5PSMCE"}},{"type":"Feature","geometry":{"type":"Point","coordinates":[-70.591399,43.064046]},"properties":{"objtype":"SOUNDG","valsou":17.3,"chart":"US5PSMCE"}},{"type":"Feature","geometry":{"type":"Point","coordinates":[-70.590759,43.057079]},"properties":{"objtype":"SOUNDG","valsou":22.2,"chart":"US5PSMCE"}},{"type":"Feature","geometry":{"type":"Point","coordinates":[-70.590433,43.069447]},"properties":{"objtype":"SOUNDG","valsou":25.6,"chart":"US5PSMCE"}},{"type":"Feature","geometry":{"type":"Point","coordinates":[-70.590379,43.060002]},"properties":{"objtype":"SOUNDG","valsou":17.9,"chart":"US5PSMCE"}},{"type":"Feature","geometry":{"type":"Point","coordinates":[-70.588553,43.097402]},"properties":{"objtype":"SOUNDG","valsou":6.4,"chart":"US5PSMCE"}},{"type":"Feature","geometry":{"type":"Point","coordinates":[-70.589705,43.061894]},"properties":{"objtype":"SOUNDG","valsou":27.4,"chart":"US5PSMCE"}},{"type":"Feature","geometry":{"type":"Point","coordinates":[-70.589393,43.071518]},"properties":{"objtype":"SOUNDG","valsou":33.2,"chart":"US5PSMCE"}},{"type":"Feature","geometry":{"type":"Point","coordinates":[-70.588391,43.052288]},"properties":{"objtype":"SOUNDG","valsou":36.5,"chart":"US5PSMCE"}},{"type":"Feature","geometry":{"type":"Point","coordinates":[-70.588386,43.058014]},"properties":{"objtype":"SOUNDG","valsou":21.3,"chart":"US5PSMCE"}},{"type":"Feature","geometry":{"type":"Point","coordinates":[-70.58686,43.097853]},"properties":{"objtype":"SOUNDG","valsou":5.4,"chart":"US5PSMCE"}},{"type":"Feature","geometry":{"type":"Point","coordinates":[-70.587295,43.095555]},"properties":{"objtype":"SOUNDG","valsou":7.6,"chart":"US5PSMCE"}},{"type":"Feature","geometry":{"type":"Point","coordinates":[-70.587213,43.055296]},"properties":{"objtype":"SOUNDG","valsou":40.5,"chart":"US5PSMCE"}},{"type":"Feature","geometry":{"type":"Point","coordinates":[-70.58546,43.064021]},"properties":{"objtype":"SOUNDG","valsou":24.0,"chart":"US5PSMCE"}},{"type":"Feature","geometry":{"type":"Point","coordinates":[-70.585406,43.06022]},"properties":{"objtype":"SOUNDG","valsou":35.3,"chart":"US5PSMCE"}},{"type":"Feature","geometry":{"type":"Point","coordinates":[-70.583976,43.070142]},"properties":{"objtype":"SOUNDG","valsou":22.2,"chart":"US5PSMCE"}},{"type":"Feature","geometry":{"type":"Point","coordinates":[-70.583722,43.056111]},"properties":{"objtype":"SOUNDG","valsou":31.0,"chart":"US5PSMCE"}},{"type":"Feature","geometry":{"type":"Point","coordinates":[-70.583386,43.050894]},"properties":{"objtype":"SOUNDG","valsou":24.3,"chart":"US5PSMCE"}},{"type":"Feature","geometry":{"type":"Point","coordinates":[-70.582837,43.053923]},"properties":{"objtype":"SOUNDG","valsou":23.4,"chart":"US5PSMCE"}},{"type":"Feature","geometry":{"type":"Point","coordinates":[-70.582456,43.060128]},"properties":{"objtype":"SOUNDG","valsou":32.9,"chart":"US5PSMCE"}},{"type":"Feature","geometry":{"type":"Point","coordinates":[-70.581937,43.070842]},"properties":{"objtype":"SOUNDG","valsou":20.7,"chart":"US5PSMCE"}},{"type":"Feature","geometry":{"type":"Point","coordinates":[-70.580621,43.063722]},"properties":{"objtype":"SOUNDG","valsou":25.9,"chart":"US5PSMCE"}},{"type":"Feature","geometry":{"type":"Point","coordinates":[-70.578738,43.062068]},"properties":{"objtype":"SOUNDG","valsou":35.3,"chart":"US5PSMCE"}},{"type":"Feature","geometry":{"type":"Point","coordinates":[-70.57872,43.05883]},"properties":{"objtype":"SOUNDG","valsou":36.2,"chart":"US5PSMCE"}},{"type":"Feature","geometry":{"type":"Point","coordinates":[-70.578624,43.052729]},"properties":{"objtype":"SOUNDG","valsou":29.5,"chart":"US5PSMCE"}},{"type":"Feature","geometry":{"type":"Point","coordinates":[-70.576107,43.066792]},"properties":{"objtype":"SOUNDG","valsou":19.5,"chart":"US5PSMCE"}},{"type":"Feature","geometry":{"type":"Point","coordinates":[-70.575807,43.070509]},"properties":{"objtype":"SOUNDG","valsou":20.1,"chart":"US5PSMCE"}},{"type":"Feature","geometry":{"type":"Point","coordinates":[-70.57754,43.077455]},"properties":{"objtype":"SOUNDG","valsou":40.8,"chart":"US5PSMCE"}},{"type":"Feature","geometry":{"type":"Point","coordinates":[-70.628652,43.123709]},"properties":{"objtype":"SOUNDG","valsou":11.5,"chart":"US5PSMCE"}},{"type":"Feature","geometry":{"type":"Point","coordinates":[-70.588195,43.06562]},"properties":{"objtype":"SOUNDG","valsou":39.0,"chart":"US5PSMCE"}},{"type":"Feature","geometry":{"type":"Point","coordinates":[-70.590222,43.076694]},"properties":{"objtype":"SOUNDG","valsou":9.7,"chart":"US5PSMCE"}}]}