{
  "type": "FeatureCollection",
  "properties": {
    "note": "Hand-curated reference documents tied to a place, shown as a map marker you click for a popup — the full text lives here so it works fully offline, no link-out required. Started with geology, then history (subdivided by era), demographics (structured population/age data instead of prose — see the 'demographics' property and _formatDemographics in app.js), and island-info (ownership/access/land-trust/Maine-Island-Trail status — see the 'islandInfo' property and _formatIslandInfo); category field is deliberately generic so this can extend further later (flora/fauna, etc). Add entries as sources are found — see AudioChart session notes for sourcing conventions. Demographics figures are individually dated to their real census year (2020 population; age data is 2010 Census where that's the most recent published for a given small town) rather than implying more current data than exists; seasonal summer/winter contrast is included only where a real source documents something concrete, never fabricated. Island-info entries source ownership/access from Maine Coast Heritage Trust preserve pages, NPS, and Wikipedia; onMaineIslandTrail is null (not true/false) when no source confirms or denies MITA status one way or the other — never assumed. Maine reuses island names constantly (multiple Bear Islands, Green Islands, Crow Islands, Sheep Islands, Stave Islands, etc. across different bays) — every island-info `title` therefore carries a disambiguating \"(Locality)\" suffix, e.g. \"Bear Island (Eggemoggin Reach)\" / \"Bear Island (Northeast Harbor)\", \"Crow Island (Cranberry Isles)\", so the popup header alone is never ambiguous. Apply this to every new island-info entry, not just ones with a known collision — the locality is usually the town or named archipelago from the `place` field. See _bareIslandName() in app.js, which strips this suffix back off before matching against the chart data's own (bare-named) island list for the click-for-name dot layer."
  },
  "features": [
    {
      "type": "Feature",
      "geometry": { "type": "Point", "coordinates": [-68.2627675, 44.2493428] },
      "properties": {
        "title": "The Cranberry Island Series",
        "category": "geology",
        "place": "Cranberry Isles",
        "body": "The Cranberry Isles and the southwestern part of Mount Desert Island are built largely from volcanic eruptions that took place along this stretch of coast about 380-400 million years ago — dated more precisely, at one location, to 378 million years by radiometric methods. Geologists split the rock into three types: felsites and volcanic flows, volcanic tuffs, and interbedded volcanic and sedimentary rock. It's generally light gray or blue-gray, most easily recognized by its layers of tuff — rock built from small fragments of volcanic debris that settled after an explosive eruption.\n\nThe rock has been folded to some degree, but — worth being precise about, since it's easy to assume otherwise — the Maine Geological Survey's own account is explicit that it does NOT show strong metamorphism, unlike the older Ellsworth Schist found elsewhere on Mount Desert Island, which was buried, heated, and squeezed into true metamorphic rock. The Cranberry Island Series is volcanic through and through, but not metamorphosed.",
        "source": "Maine Geological Survey, Bulletin 38 — The Geology of Mount Desert Island"
      }
    },
    {
      "type": "Feature",
      "geometry": { "type": "Point", "coordinates": [-68.25040954893493, 44.24790442040619] },
      "properties": {
        "title": "Volcanic tuff, west shore",
        "category": "geology",
        "place": "Great Cranberry Island",
        "body": "Extensive exposures of volcanic tuff line the west shore — angular fragments of volcanic debris, from a fraction of an inch to a few inches across, cemented together after an explosive eruption. The island's southern end tells a different story: layered sedimentary rock with only occasional tuff beds, part of the same Cranberry Island Series but laid down more quietly between eruptions.",
        "source": "Maine Geological Survey, Bulletin 38 — The Geology of Mount Desert Island"
      }
    },
    {
      "type": "Feature",
      "geometry": { "type": "Point", "coordinates": [-68.22871540911265, 44.2600897165687] },
      "properties": {
        "title": "Old lava flows, north-side ledges",
        "category": "geology",
        "place": "Little Cranberry Island",
        "body": "The ledges on the island's north side expose rock thought to be old lava flows. Its chaotic, jumbled appearance comes from the lava continuing to move while it cooled and solidified — solid blocks of already-hardened rock got caught up and engulfed in the still-molten lava around them, which then crystallized in place, blocks and all.",
        "source": "Maine Geological Survey, Bulletin 38 — The Geology of Mount Desert Island"
      }
    },
    {
      "type": "Feature",
      "geometry": { "type": "Point", "coordinates": [-68.2963998, 44.251223] },
      "properties": {
        "title": "Volcanic tuff, Seawall picnic area",
        "category": "geology",
        "place": "Seawall, Mount Desert Island",
        "body": "A well-known, easy-to-reach exposure of volcanic tuff — part of the same Cranberry Island Series found across the strait on the Cranberry Isles themselves. Look closely at the rock in front of the picnic-ground parking area and you'll see a variety of angular fragments, from a fraction of an inch up to a few inches across, all cemented together after an explosive volcanic eruption roughly 380-400 million years ago.",
        "source": "Maine Geological Survey, Bulletin 38 — The Geology of Mount Desert Island"
      }
    },
    {
      "type": "Feature",
      "geometry": { "type": "Point", "coordinates": [-68.892514, 44.111164] },
      "properties": {
        "title": "Ancient Volcanic Rocks of the Vinalhaven Rhyolite",
        "category": "geology",
        "place": "Vinalhaven Island",
        "body": "Vinalhaven splits into two very different stories. The central and southern part of the island is a massive body of pink granite — the famous Vinalhaven granite, quarried through the late 1800s and early 1900s for dimension stone and decorative work on buildings and bridges in Boston, New York, and Chicago. The old quarries are inactive now.\n\nThe northern part, from Middle Mountain to Browns Head, is a suite of volcanic rocks called the Vinalhaven Rhyolite — arguably more interesting, if less famous. It records an ancient volcano: flow-banded rhyolite (a hard, striped rock formed as thick, taffy-like lava was stretched moving up the vent), volcanic breccia (angular fragments blown apart in explosive eruptions), water-laid tuff (volcanic debris sorted into layers by water washing it downslope), and even rare accretionary lapilli — small round \"mud balls\" that form when fine volcanic ash mixes with rain inside an eruption cloud and grows in layers like a hailstone before falling to the ground. The Maine Geological Survey compares the volcanic activity that produced these rocks to what's active today in the Caribbean or the Aegean Sea. Best estimate for its age: Silurian, more than 420 million years old.",
        "source": "Maine Geological Survey, Maine Geologic Facts and Localities — Ancient Volcanic Rocks on Vinalhaven Island (1998)"
      }
    },
    {
      "type": "Feature",
      "geometry": { "type": "Point", "coordinates": [-68.655833, 44.016111] },
      "properties": {
        "title": "Supervolcano-scale eruptions at Western Head",
        "category": "geology",
        "place": "Isle au Haut",
        "body": "Most of Isle au Haut sits on granite and gabbro — igneous rock that cooled slowly underground, dated to about 424 million years old. But the western shore, especially Western Head, exposes something rarer: the actual explosive-eruption deposits themselves, more than 3 kilometers thick in places, among the most spectacular examples of this age anywhere on the Maine coast (others include Vinalhaven, Swans Island, Mount Desert Island, and the Cranberry Isles).\n\nThe cliffs there show the full range of pyroclastic rock — deposits of fragments blown apart by violent eruptions, from fine ash to lapilli to house-sized blocks. Look for tuff-breccia, welded layers with flame-shaped \"fiamme\" (flattened pumice fragments), and layering that shows the eruptions came in a rapid series, not one single event. Recent research suggests this was a continental-margin volcanic arc above a subduction zone, part of a chain dramatic enough that some of the eruptions may have reached true supervolcano scale — though with only fragments of the record preserved, that's hard to prove outright.",
        "source": "Maine Geological Survey, Maine Geologic Facts and Localities — Beautifully Preserved Volcanic Debris in Bedrock, Western Head, Isle au Haut (2015)"
      }
    },
    {
      "type": "Feature",
      "geometry": { "type": "Point", "coordinates": [-69.068083, 44.220944] },
      "properties": {
        "title": "The Battie Quartzite",
        "category": "geology",
        "place": "Mount Battie, Camden",
        "body": "Mount Battie's famous view over Camden and Penobscot Bay exists because of what's underfoot: the Battie Quartzite, a metamorphic rock hard enough to resist the erosion that wore down everything around it, leaving the mountain standing above its surroundings. The rock began, over 500 million years ago in the Cambrian, as sand and pebbles accumulating on the floor of the Iapetus Ocean — the long-vanished predecessor to the Atlantic — near what was then the south margin of that ocean, not far from the South Pole.\n\nRemarkably, the original sedimentary story survived the metamorphism that hardened it into quartzite around 430 million years ago in the Silurian. Near the summit and down the south side, you can still see the original pebbles as white shapes in the gray rock — a conglomerate, the metamorphosed remains of an ancient pebble beach or channel deposit. Further north and east the rock is mostly bedded quartzite (metamorphosed sand layers), some with cross-lamination showing the sand was rippled by currents before the next layer buried it. The mountain's modern shape is much younger still — the last continental ice sheet finished sculpting it only about 14,000 years ago.",
        "source": "Maine Geological Survey, Maine Geologic Facts and Localities — The Bedrock Geology of Mount Battie, Camden (2001)"
      }
    },
    {
      "type": "Feature",
      "geometry": { "type": "Point", "coordinates": [-69.149722, 44.231667] },
      "properties": {
        "title": "The Megunticook Formation along Bald Mountain",
        "category": "geology",
        "place": "Bald Mountain, Camden",
        "body": "The rocks along the Bald Mountain Trail belong to the Megunticook Formation, and like Mount Battie's quartzite nearby, they began as ordinary sediment — quartz-rich sandstone and mudstone — accumulating in an ocean basin over 500 million years ago in the Cambrian. In places the trail still shows recognizable sandstone beds; elsewhere the rock was originally just plain mudstone. These rocks were pushed to a notably high metamorphic grade, probably during the Silurian around 420 million years ago — more intensely altered than many of their neighbors along the coast.",
        "source": "Maine Geological Survey, Maine Geologic Facts and Localities — Glimpses of Geologic History along the Bald Mountain Trail, Camden (2020)"
      }
    },
    {
      "type": "Feature",
      "geometry": { "type": "Point", "coordinates": [-69.097767, 44.0385] },
      "properties": {
        "title": "The Spruce Head granite pluton",
        "category": "geology",
        "place": "Birch Point Beach, Owls Head",
        "body": "The white bedrock along this stretch of coast, and on Ash Island just offshore, is part of the Spruce Head pluton — once a large mass of molten rock that cooled and crystallized deep underground about 421 million years ago (give or take a million), later brought back up to the surface by millions of years of uplift and erosion. The same pluton reaches Clark Island a few miles south, where a different zone of it was quarried commercially for a century.",
        "source": "Maine Geological Survey, Maine Geologic Facts and Localities — Birch Point Beach State Park, Owls Head (2009)"
      }
    },
    {
      "type": "Feature",
      "geometry": { "type": "Point", "coordinates": [-69.182333, 43.989833] },
      "properties": {
        "title": "Granite, quarries, and an immigrant village",
        "category": "geology",
        "place": "Clark Island, St. George",
        "body": "Clark Island sits on the same Spruce Head Pluton as Birch Point up the coast, dated to about 421 million years old, late in the Silurian. The island's north end (public) is muscovite-biotite-garnet granodiorite and granite; the south end (private) is a different zone entirely — quartz gabbro, quartz diorite, tonalite.\n\nThe real story here, though, is what people did with the rock. The Clark Island — or Hocking — granite quarry opened around 1870 and grew into a serious industrial operation: a pit eventually 500 by 300 feet and 50 feet deep, 8 derricks, a full stone-cutting plant, and an entire company village with its own post office. Immigrant stonecutters from Sweden, Finland, Scotland, and England lived and worked on the island. The larger quarry pit is now a brackish, spring-fed swimming hole, its walls still showing glacial polish and striations from the ice sheet that scraped over this coast at the end of the last Ice Age.",
        "source": "Maine Geological Survey, Maine Geologic Facts and Localities — Clark Island Preserve, St. George (2024)"
      }
    },
    {
      "type": "Feature",
      "geometry": { "type": "Point", "coordinates": [-68.942864, 44.281331] },
      "properties": {
        "title": "The Islesboro Formation",
        "category": "geology",
        "place": "Grindle Point, Islesboro",
        "body": "The bedrock at Grindle Point, on northern Penobscot Bay's island of Islesboro, belongs to the Islesboro Formation — metamorphic rock whose original sediment is thought to be Cambrian or even late Precambrian in age, over 500 million years old. Exactly when it was metamorphosed and faulted isn't as well pinned down, but it's probably Silurian. Thin, dark green igneous dikes cut across the formation in many places on the island — later intrusions of molten rock into cracks in the already-solid metamorphic rock.",
        "source": "Maine Geological Survey, Maine Geologic Facts and Localities — Grindle Point, Islesboro (2007)"
      }
    },
    {
      "type": "Feature",
      "geometry": { "type": "Point", "coordinates": [-68.536667, 44.286111] },
      "properties": {
        "title": "Two volcanoes, one collision, one ocean opening",
        "category": "geology",
        "place": "Harriman Point, Brooklin",
        "body": "Harriman Point, on the west side of Blue Hill Bay, preserves an unusually complete geologic story. Around 500 million years ago, sediment eroded from nearby land settled here on an ocean floor alongside material from two very different kinds of volcanoes — silica-poor ones like today's Mount Rainier or Mount St. Helens, producing basalt, and their silica-rich counterparts.\n\nBy about 430 million years ago these layers had been buried, heated, and deformed as part of the larger Appalachian mountain-building event, altering their original minerals into metamorphic rock. Much later, starting around 250 million years ago, the supercontinent Pangea began breaking apart and the North Atlantic Ocean started to open; the cracks that formed as the continents pulled away filled with basaltic rock, now solidified into the dark dikes you can still find cutting through the older rock here. After the mountains rose and eroded for some 400 million years, the last Ice Age's ice sheets — beginning about 100,000 years ago — gave the point its present shape.",
        "source": "Maine Geological Survey, Maine Geologic Facts and Localities — Bedrock, Glaciers, and People at Harriman Point, Brooklin (2022)"
      }
    },
    {
      "type": "Feature",
      "geometry": { "type": "Point", "coordinates": [-68.702, 44.285] },
      "properties": {
        "title": "A sliver of Earth's mantle",
        "category": "geology",
        "place": "Pine Hill, Little Deer Isle",
        "body": "Pine Hill is a small, unassuming 100-foot knob with one of the strangest rocks anywhere in Maine underfoot: serpentinized peridotite. Peridotite is what Earth's mantle itself is thought to be made of — dense, low-silica, iron- and magnesium-rich rock, quite unlike the granites and volcanics that make up most of the surrounding coast. Here, heat, pressure, and water have converted most of its original olivine into dark green serpentine, giving the rock a distinctive waxy sheen where aligned serpentine plates catch the light.\n\nHow a piece of the mantle ended up exposed on a small Penobscot Bay hilltop is still genuinely debated: it may have risen as magma from great depth, or it could be a sliver of ancient oceanic crust thrust up onto the continent when tectonic plates collided. Either way, the rock's unusual chemistry — low in silica, high in iron and magnesium, low in calcium — supports some of the rarest plant species found anywhere in the state.",
        "source": "Maine Geological Survey, Maine Geologic Facts and Localities — Pine Hill Serpentinized Peridotite, Little Deer Isle (2016)"
      }
    },
    {
      "type": "Feature",
      "geometry": { "type": "Point", "coordinates": [-69.076097, 44.184483] },
      "properties": {
        "title": "Lime kilns and glacial grooves",
        "category": "geology",
        "place": "Rockport Harbor",
        "body": "Rockport sits on the same belt of limestone that runs through Rockland and Camden, and for most of the 1800s that limestone was the town's economic engine: quarried nearby (notably at what's now the Simonton Corner Quarry Preserve), then burned in kilns at the harbor to produce lime for mortar and building. The ruins of several old stone lime kilns still stand at the harbor park today.\n\nThe bedrock itself carries an older story too — folded limestone with harder, silica-rich mineral veins running parallel to the fold axis, formed as the rock deformed. And on some of the exposed ledges near the harbor, you can find two sets of glacial grooves gouged directly into the limestone, cut by the ice sheet as it dragged rock debris across the surface during the last Ice Age.",
        "source": "Maine Geological Survey, Maine Geologic Facts and Localities — Rockin' around Rockport Harbor (2009)"
      }
    },
    {
      "type": "Feature",
      "geometry": { "type": "Point", "coordinates": [-68.639753, 44.175353] },
      "properties": {
        "title": "The Deer Isle granite pluton",
        "category": "geology",
        "place": "Settlement Quarry, Stonington",
        "body": "Most of Deer Isle — including the town of Stonington and many of the smaller islands scattered south and east of it — sits on a single large body of granite known as the Deer Isle pluton, dated to about 371 million years old in the Devonian Period. For two centuries this granite was a major industry, quarried from multiple sites across the pluton and shipped out to build much of the eastern seaboard. Settlement Quarry itself, on Oceanville Road, has been inactive for decades; the Island Heritage Trust now maintains it as a preserve with walking trails and signage explaining both the geology and the quarrying history on site.",
        "source": "Maine Geological Survey, Maine Geologic Facts and Localities — Settlement Quarry, Stonington (2011)"
      }
    },
    {
      "type": "Feature",
      "geometry": { "type": "Point", "coordinates": [-69.193419, 44.07645] },
      "properties": {
        "title": "A microcontinent collision, folded into stone",
        "category": "geology",
        "place": "Thomaston Prison Quarry",
        "body": "The rock at the old Thomaston Prison Quarry spans a huge stretch of time — metamorphic rock ranging from Precambrian (possibly as old as 650 million years) to Ordovician (as young as roughly 450 million years). Both age groups were caught up together in the same event around 400 million years ago, the Devonian: the Acadian orogeny, when a microcontinent called Avalon collided with North America and shoved regional thrust sheets of rock into place. That collision is why folding and faulting shows up in coastal Maine bedrock so widely — and it's on vivid display in the quarry itself, where small, tight folds (geologists nickname them Z-folds and S-folds, after the letter shapes they trace) record the rock bending under that pressure.",
        "source": "Maine Geological Survey, Maine Geologic Facts and Localities — Thomaston Prison Quarry, Thomaston (2002)"
      }
    },
    {
      "type": "Feature",
      "geometry": { "type": "Point", "coordinates": [-68.925022, 44.186567] },
      "properties": {
        "title": "A submarine canyon was the ancestral Penobscot River",
        "category": "geology",
        "place": "Penobscot Bay, West Passage (Owls Head to Vinalhaven)",
        "body": "The bay itself has a story worth knowing. Southeast of Rockland, in the West Passage, the sea floor drops into a real canyon — over 500 feet deep at one spot between Owls Head and Vinalhaven, visible on ordinary nautical charts if you know to look. It isn't a fluke of erosion by today's currents: it's the drowned channel of the Penobscot River itself.\n\nAt the peak of the last Ice Age, roughly 20,000 years ago, the weight of the ice sheet pressed the land down into the mantle. As the ice melted, the land sprang back up faster than the ocean could refill — dropping relative sea level as much as 180 feet below today's, between about 11,000 and 10,000 years ago. At that low stand, this canyon was dry land: the Penobscot River's own gorge, opening into the sea about seven nautical miles south of modern Vinalhaven. Matinicus was a mountaintop on the mainland. Vinalhaven and North Haven were joined into one long peninsula reaching all the way from Castine and Cape Rosier. A large tidal bay, something like today's Great Bay in New Hampshire, sat just east of Rockland — ten nautical miles long, with the modern Rockland waterfront about 2.5 miles inland from its shore. As the Gulf of Maine keeps rising, the coast keeps changing still.",
        "source": "Maine Geological Survey, Maine Geologic Facts and Localities — Penobscot Bay 10,000 Years Ago: A Submarine Canyon Was the Ancestral Penobscot River Valley (1999)"
      }
    },
    {
      "type": "Feature",
      "geometry": { "type": "Point", "coordinates": [-69.090039, 44.119008] },
      "properties": {
        "title": "The 1996 Rockland landslide",
        "category": "geology",
        "place": "Rockland Harbor, north shore",
        "body": "In the early hours of April 16, 1996, a 50-foot bluff on the north shore of Rockland Harbor gave way. Most of the initial slumping happened between 1:15 and 4:00 AM on a falling tide, before any heavy rain — this wasn't simple rain-triggered erosion. Portions of two houses, built about 75 feet back from the bluff edge, collapsed into the slide. Within a week the failure had displaced more than half an acre of the original bluff top, moved material over 400 feet out onto the intertidal mudflats, and disturbed 3.5 acres in total. Smaller blocks kept calving off the scarp for a month afterward.\n\nThe underlying cause: the bluff was built on soft glacial-marine clay, the kind of unstable coastal material found in bluffs up and down this part of the Maine coast. The city, with partial FEMA funding, stabilized the site with a sequenced fill — heavy rock riprap at the toe, progressively lighter cement-kiln dust higher up the slope — then capped it with topsoil and grass. No lives were lost, but the two homes were a total loss and the stabilization project alone ran over $750,000. It's a dramatic example of a slow, ongoing process along much of the Maine coast: marine bluffs built on this kind of soft glacial clay erode, sometimes catastrophically.",
        "source": "Maine Geological Survey, Maine Geologic Facts and Localities — Aftermath of the 1996 Rockland Landslide (1997)"
      }
    },
    {
      "type": "Feature",
      "geometry": { "type": "Point", "coordinates": [-68.964917, 44.411392] },
      "properties": {
        "title": "Possibly the largest pockmarks in the world",
        "category": "geology",
        "place": "Belfast Bay",
        "body": "The muddy floor of Belfast Bay is pitted with more than 2,000 crater-like depressions called pockmarks — and some of them, up to 350 meters across and 50 meters deep, are possibly the largest such features found anywhere on Earth. They're not volcanic or impact craters: they're where methane gas, trapped in the mud beneath the seabed, has erupted upward and blown a hole in the sea floor.\n\nMost pockmarks elsewhere in the world form over petroleum deposits, where high-temperature breakdown of oil generates the gas. That's not what's happening here — the bedrock under Belfast Bay is metamorphic and igneous rock that never got hot enough to form oil and gas in the first place. Instead, the methane here is biological: ordinary bacteria breaking down organic matter in mud less than 10,000 years old, the same process that happens in any muddy seabed. What's unusual isn't the methane — it's the sheer size of the pockmark field it produced. Similar, smaller pockmark fields exist in Blue Hill Bay, Oak Bay, and Eggemoggin Reach.",
        "source": "Maine Geological Survey, Maine Geologic Facts and Localities — Belfast Bay Pockmark Field (1997)"
      }
    },
    {
      "type": "Feature",
      "geometry": { "type": "Point", "coordinates": [-69.260778, 43.917797] },
      "properties": {
        "title": "Slump-folded mud beneath the lighthouse",
        "category": "geology",
        "place": "Marshall Point Lighthouse, Port Clyde",
        "body": "The rock exposed around Marshall Point Light — the lighthouse made famous by its long walkway, familiar from film — is metamorphic rock of the Benner Hill sequence, originally ordinary sediment deposited in an ocean basin around 440-500 million years ago in the Ordovician. Before it ever hardened into rock, some of those layers of sand and mud slumped down an underwater slope and got folded and contorted while still soft — a shape later locked in permanently as heat and pressure from mountain-building, and nearby intrusions of molten rock between about 440 and 360 million years ago, metamorphosed and further deformed the layers.\n\nLook for the dikes too: younger igneous rock, probably Silurian (~420 million years old), cuts straight across the older metamorphic rock in visible streaks. In places you can see gray granite and dark basalt mingled together in the same dike, with scalloped, interlocking edges — evidence that two different molten rocks were both liquid at once and interacted without fully mixing, the basalt solidifying first because it cools at a higher temperature than granite.",
        "source": "Maine Geological Survey, Maine Geologic Facts and Localities — Marshall Point Lighthouse and Geology, Port Clyde (2000)"
      }
    },
    {
      "type": "Feature",
      "geometry": { "type": "Point", "coordinates": [-68.943642, 44.433106] },
      "properties": {
        "title": "Glacial striations and the Ice Age's last mile",
        "category": "geology",
        "place": "Moose Point State Park, Searsport",
        "body": "The bedrock along the Moose Point shoreline is metamorphic rock of the Penobscot Formation, roughly 490 million years old — but the far more recent story here is written on top of it. Rub a pencil across the right patch of weathered ledge and you can reveal glacial striations: scratch marks gouged into the rock as the ice sheet dragged embedded rock debris across it, still pointing south-southeast, the exact direction that ice was flowing between about 30,000 and 15,000 years ago.\n\nDig a little and you'll find glacial till near the park entrance — unsorted rubble dropped directly by the ice — with individual stones still showing their own transport striations. And along the shoreline, layered silt and clay sits right on top of the till: sediment that settled quietly to the floor of the ocean during the marine submergence that followed the ice sheet's retreat, when the weight of the ice was gone but the crust hadn't yet sprung back up.",
        "source": "Maine Geological Survey, Geologic Site of the Month — Glacial Geology of Moose Point State Park, Searsport (2013)"
      }
    },
    {
      "type": "Feature",
      "geometry": { "type": "Point", "coordinates": [-68.881278, 44.444917] },
      "properties": {
        "title": "The Penobscot Formation and a glacial beach",
        "category": "geology",
        "place": "Sears Island, Searsport",
        "body": "Sears Island — 937 acres, largely under conservation easement, laced with trails open to non-motorized recreation — is underlain entirely by the Penobscot Formation, a dark gray schist that weathers rusty-brown. It began as fine silty mud on the slope of an ancient ocean-arc system, probably in the late Cambrian to early Ordovician, before a Silurian-age collision between island arcs folded and metamorphosed it into the sheet-like, foliated schist you can see in outcrop along the shore.\n\nThe beach tells a different, much more recent story: boulders and cobbles of rock types that don't match the island's own bedrock at all — granite flecked with feldspar and mica, banded gneiss, garnet-bearing schist — rounded either by glacial transport or by the modern waves. They're erratics, carried here from elsewhere by the ice sheet (or reworked since by the surf) and dropped on an island whose own foundation is a single, uniform formation.",
        "source": "Maine Geological Survey, Maine Geologic Facts and Localities — Sears Island, Searsport (2018)"
      }
    },
    {
      "type": "Feature",
      "geometry": { "type": "Point", "coordinates": [-69.021222, 44.440306] },
      "properties": {
        "title": "Five rock formations along the old rail bed",
        "category": "geology",
        "place": "Passagassawakeag Rail Trail, Belfast",
        "body": "The 2.2-mile Passagassawakeag ('Passy') Rail Trail, laid on a former railroad bed along the river of the same name, happens to cross five distinct bedrock formations in one short walk — the Bucksport Formation, Appleton Ridge Formation, Ghent Phyllite, an unnamed quartz-rich metasiltstone, and the Gushee member of the Penobscot Formation, running roughly northeast to southwest. The trail's northern half sits on the Bucksport Formation specifically: metasedimentary rock that started as ordinary marine sand and calcareous mud, and was later metamorphosed into 'granofels' — a fine-grained, granular rock built from quartz, feldspar, and (in its sandier layers) biotite mica. Large outcrops of it are visible right along the trail, alongside smaller exposures of the neighboring Appleton Ridge Formation.",
        "source": "Maine Geological Survey, Geologic Facts and Localities — The Passagassawakeag Rail Trail, Belfast (2017)"
      }
    },
    {
      "type": "Feature",
      "geometry": { "type": "Point", "coordinates": [-68.81278, 44.46806] },
      "properties": {
        "title": "Champlain sails into the bay",
        "category": "history",
        "era": "colonial",
        "place": "Penobscot River mouth",
        "body": "In September 1604, Samuel de Champlain — part of the first permanent French attempt at a colony in the region, at St. Croix Island that same year — sailed into the Penobscot River with Wabanaki guides who had been helping him read the coast all summer. Here he met and conferred with Bashaba, the sachem the French recorded as principal chief along this river, in one of the earliest documented encounters between Europeans and the Wabanaki people of this exact bay. Champlain pushed on upriver as far as present-day Bangor, hunting for a passage inland and for Norumbega, the legendary city of gold that turned out not to exist. What he did produce, over that summer and the following years exploring the Maine and Massachusetts coast, were among the first accurate charts of this coastline based on real, firsthand survey — work this app's own charts trace their lineage back to, four centuries later.",
        "source": "University of Maine Canadian-American Center; Maine Memory Network — Champlain and the Settlement of Acadia, 1604-1607"
      }
    },
    {
      "type": "Feature",
      "geometry": { "type": "Point", "coordinates": [-68.81278, 44.46806] },
      "properties": {
        "title": "Fort Pownall, built to hold the frontier",
        "category": "history",
        "era": "colonial",
        "place": "Fort Point State Park, Stockton Springs",
        "body": "In May 1759, during the French and Indian War, 400 men sailed up from Newbury, Massachusetts and built a fort here in a matter of weeks — Massachusetts Governor Thomas Pownall's answer to French and Native resistance further up the Penobscot. Ninety-foot palisaded walls surrounded a moat fifteen feet wide, with a two-story, forty-four-foot blockhouse at the center and diamond-shaped riflemen's flankers at each corner, reached by drawbridge. It was meant to plug the river and make the area safe for English settlement, pushing back the Penobscot and Norridgewock peoples who had long used this water.\n\nThe fort never fired a shot in anger during the war it was built for. Its real moment came at the start of a different war: in 1775, with the Revolution just breaking out, British forces confiscated its guns and ammunition — and a Continental Army colonel named Cargill burned the fort to the ground and filled in its moat himself, rather than let the British hold it. Only earthworks remain today at Fort Point State Park, at the tip of Cape Jellison where it juts into the bay.",
        "source": "Maine Historic Preservation Commission — Fort Pownall, 1759, Stockton Springs, Waldo County"
      }
    },
    {
      "type": "Feature",
      "geometry": { "type": "Point", "coordinates": [-68.80556, 44.39083] },
      "properties": {
        "title": "The Penobscot Expedition — America's forgotten naval disaster",
        "category": "history",
        "era": "revolution",
        "place": "Fort George, Castine (Majabigwaduce Peninsula)",
        "body": "In June 1779 the British landed about 750 troops on the peninsula where the Bagaduce and Penobscot Rivers meet and began building Fort George — a Loyalist haven, a source of Royal Navy timber, and a naval base to threaten New England's coast. Massachusetts responded with the largest American naval expedition of the whole Revolutionary War: 19 armed vessels and 24 transports, over 1,000 militia, commanded by Commodore Dudley Saltonstall at sea and Brigadier General Solomon Lovell ashore — with the artillery under a lieutenant colonel named Paul Revere.\n\nThe siege dragged on for three weeks without Saltonstall pressing the naval attack he had the firepower to win. On August 13, a British relief fleet of seven warships under Sir George Collier arrived. Rather than fight through them, Saltonstall retreated up the Penobscot River — and the entire American fleet was scuttled or burned by its own crews rather than let it fall into British hands. Forty-two of 44 ships were lost, 474 men killed, wounded, captured, or missing: the worst defeat in American naval history until Pearl Harbor, 162 years later. Saltonstall was court-martialed and dismissed from the service; Paul Revere, also court-martialed over his conduct in the retreat, was eventually acquitted.",
        "source": "Castine Historical Society; American Battlefield Trust — Penobscot Expedition, 1779"
      }
    },
    {
      "type": "Feature",
      "geometry": { "type": "Point", "coordinates": [-68.89083, 44.035] },
      "properties": {
        "title": "The island town that vanished overnight",
        "category": "history",
        "era": "industrial",
        "place": "Hurricane Island, Vinalhaven",
        "body": "Civil War veteran Davis Tilson bought Hurricane Island in 1870 and built a granite-quarrying operation that, at its 1880s-1900s peak, supported a company town of up to 1,200 people — a Catholic church, a school, a company store, and a genuinely international workforce of Swedish, Finnish, Irish, Scottish, English, and Italian stonecutters and carvers. Granite carved in its sheds went into the Brooklyn Bridge, the Washington Monument, post offices in Baltimore and Pittsburgh, even cobblestones in Havana.\n\nIt ended almost as suddenly as it began. By the 1910s reinforced concrete was replacing granite as the building material of choice nationwide, and in 1914 — not long after a shipment of Hurricane Island granite sank en route to Rockland Harbor and the company's foreman died unexpectedly — the operation simply stopped. Management told the townspeople to leave, provided a few boats, and gave them barely any time to do it. Families who had lived their whole lives on the island abandoned their homes almost overnight. The island today is a field station; walk it and you can still find the quarry pits, building foundations, and the bones of the town that disappeared.",
        "source": "Hurricane Island Center for Science and Leadership; Wikipedia — Hurricane Island (Maine)"
      }
    },
    {
      "type": "Feature",
      "geometry": { "type": "Point", "coordinates": [-68.90833, 44.47278] },
      "properties": {
        "title": "One-tenth of America's deep-water captains",
        "category": "history",
        "era": "industrial",
        "place": "Searsport",
        "body": "For a stretch of the 19th century, this one small Penobscot Bay town produced roughly a tenth of all deep-water sea captains sailing under the American flag — more per square mile than anywhere else in the country, by some counts around 300 commanders in all. It wasn't incidental: captaincy ran in families here, passed from father to son for generations, and at its shipbuilding peak Searsport ran 17 shipyards that turned out some 200 vessels.\n\nThe captains' wealth built the town's distinctive mansions — arched windows, marble fireplaces, exotic art brought home from round-the-world voyages, and a widow's walk on the roof where a family could watch the horizon for a returning sail. In Searsport specifically, it's said about half the captains' wives went to sea with their husbands rather than wait ashore, sometimes bearing and raising children at sea. The Penobscot Marine Museum in the middle of town keeps that history now; Searsport still calls itself Maine's Antique Capital, a quieter legacy of the wealth that maritime trade once brought through here.",
        "source": "Penobscot Marine Museum; Wikipedia — Searsport, Maine and Searsport Historic District"
      }
    },
    {
      "type": "Feature",
      "geometry": { "type": "Point", "coordinates": [-69.11, 44.24306] },
      "properties": {
        "title": "From cargo schooners to the Windjammer Capital of the World",
        "category": "history",
        "era": "modern",
        "place": "Camden Harbor",
        "body": "By the 1930s, the working schooners that had carried granite, lime, and lumber up and down this coast for a century were being retired wholesale — replaced by trucks, rail, and steel-hulled steamers. A Maine mariner named Captain Frank Swift had a different idea: buy the old vessels as they came off cargo duty, fit them out for passengers, and sell pleasure cruises instead of scrapping them. His first cruise sailed in 1936 aboard a 55-year-old schooner named Mabel. By 1938 he had three vessels and a Life magazine cover story; by 1940 he had five, and Camden had earned the nickname 'Windjammer Capital of the World.'\n\nThe idea outlived its founder. By 1977 there were enough separate schooner businesses operating out of Camden and Rockland that they formed the Maine Windjammer Association to market together, and it's still sailing today — a working fleet, several vessels designated National Historic Landmarks, some hulls dating back to the 1800s, carrying passengers instead of cargo along the same routes their captains once sailed for a living. It's the clearest through-line between the bay's 19th-century working-sail economy and the one that supports it now.",
        "source": "Maine Windjammer Association; Frommer's — The Maine Windjammers: 75 Years Young"
      }
    },
    {
      "type": "Feature",
      "geometry": { "type": "Point", "coordinates": [-68.8378, 44.0334] },
      "properties": {
        "title": "Vinalhaven",
        "category": "demographics",
        "place": "Vinalhaven, Maine",
        "demographics": {
          "population": { "value": 1279, "year": 2020 },
          "medianAge": { "value": null, "year": null },
          "ageBrackets": { "year": 2010, "brackets": { "Under 18": 19.5, "18-24": 7, "25-44": 23.4, "45-64": 33.6, "65+": 16.7 } },
          "seasonal": "Wikipedia describes Vinalhaven as hosting a summer colony, but no quantitative seasonal population figure is documented."
        },
        "source": "U.S. Census Bureau (2020 population) via Wikipedia — Vinalhaven, Maine (age distribution is 2010 Census, the most recent published for this town)"
      }
    },
    {
      "type": "Feature",
      "geometry": { "type": "Point", "coordinates": [-68.8801, 44.1301] },
      "properties": {
        "title": "North Haven",
        "category": "demographics",
        "place": "North Haven, Maine",
        "demographics": {
          "population": { "value": 417, "year": 2020 },
          "medianAge": { "value": 44.5, "year": 2010 },
          "ageBrackets": null,
          "seasonal": "Described on Wikipedia as both a year-round island community and a prominent summer colony that has drawn affluent seasonal residents since the 1880s; no quantitative seasonal population figure is documented."
        },
        "source": "U.S. Census Bureau (2020 population) via Wikipedia — North Haven, Maine (median age is 2010 Census, the most recent published for this town)"
      }
    },
    {
      "type": "Feature",
      "geometry": { "type": "Point", "coordinates": [-68.6534, 44.0664] },
      "properties": {
        "title": "Isle au Haut",
        "category": "demographics",
        "place": "Isle au Haut, Maine",
        "demographics": {
          "population": { "value": 92, "year": 2020 },
          "medianAge": { "value": 49.5, "year": 2010 },
          "ageBrackets": null,
          "seasonal": "Wikipedia states that vacation houses \"more than double Isle au Haut's population during the summer\" — smaller in number than the nearby summer colonies of North Haven, Vinalhaven, and Mount Desert Island, but a real, documented seasonal swing rather than an exact figure."
        },
        "source": "U.S. Census Bureau (2020 population) via Wikipedia — Isle au Haut, Maine (median age is 2010 Census, the most recent published for this town)"
      }
    },
    {
      "type": "Feature",
      "geometry": { "type": "Point", "coordinates": [-68.6708, 44.1487] },
      "properties": {
        "title": "Stonington",
        "category": "demographics",
        "place": "Stonington, Maine",
        "demographics": {
          "population": { "value": 1056, "year": 2020 },
          "medianAge": { "value": 50.7, "year": 2010 },
          "ageBrackets": null,
          "seasonal": null
        },
        "source": "U.S. Census Bureau (2020 population) via Wikipedia — Stonington, Maine (median age is 2010 Census, the most recent published for this town)"
      }
    },
    {
      "type": "Feature",
      "geometry": { "type": "Point", "coordinates": [-68.9106, 44.2946] },
      "properties": {
        "title": "Islesboro",
        "category": "demographics",
        "place": "Islesboro, Maine",
        "demographics": {
          "population": { "value": 583, "year": 2020 },
          "medianAge": { "value": 52.1, "year": 2010 },
          "ageBrackets": null,
          "seasonal": "Wikipedia calls Islesboro \"an upper-class enclave and summer colony,\" but gives no quantitative comparison between summer and year-round population."
        },
        "source": "U.S. Census Bureau (2020 population) via Wikipedia — Islesboro, Maine (median age is 2010 Census, the most recent published for this town)"
      }
    },
    {
      "type": "Feature",
      "geometry": { "type": "Point", "coordinates": [-69.0648, 44.2098] },
      "properties": {
        "title": "Camden",
        "category": "demographics",
        "place": "Camden, Maine",
        "demographics": {
          "population": { "value": 5232, "year": 2020 },
          "medianAge": { "value": 53.2, "year": 2010 },
          "ageBrackets": null,
          "seasonal": "Camden has drawn wealthy seasonal residents since the 1880s per Wikipedia's account of its history as a summer colony, but no quantitative seasonal population figure is documented for the present day."
        },
        "source": "U.S. Census Bureau (2020 population) via Wikipedia — Camden, Maine (median age is 2010 Census, the most recent published for this town)"
      }
    },
    {
      "type": "Feature",
      "geometry": { "type": "Point", "coordinates": [-68.6789, 44.2223] },
      "properties": {
        "title": "Deer Isle",
        "category": "demographics",
        "place": "Deer Isle, Maine",
        "demographics": {
          "population": { "value": 2194, "year": 2020 },
          "medianAge": { "value": 51.6, "year": 2010 },
          "ageBrackets": null,
          "seasonal": null
        },
        "source": "U.S. Census Bureau (2020 population) via Wikipedia — Deer Isle, Maine (median age is 2010 Census, the most recent published for this town)"
      }
    },
    {
      "type": "Feature",
      "geometry": { "type": "Point", "coordinates": [-68.925, 44.46] },
      "properties": {
        "title": "Searsport",
        "category": "demographics",
        "place": "Searsport, Maine",
        "demographics": {
          "population": { "value": 2649, "year": 2020 },
          "medianAge": { "value": 46.9, "year": 2010 },
          "ageBrackets": { "year": 2010, "brackets": { "Under 18": 19, "18-24": 6.5, "25-44": 22.2, "45-64": 33.5, "65+": 19 } },
          "seasonal": null
        },
        "source": "U.S. Census Bureau (2020 population) via Wikipedia — Searsport, Maine (age distribution is 2010 Census, the most recent published for this town)"
      }
    },
    {
      "type": "Feature",
      "geometry": { "type": "Point", "coordinates": [-68.7995, 44.3901] },
      "properties": {
        "title": "Castine",
        "category": "demographics",
        "place": "Castine, Maine",
        "demographics": {
          "population": { "value": 1320, "year": 2020 },
          "medianAge": { "value": 22.2, "year": 2010 },
          "ageBrackets": null,
          "seasonal": "By the 1870s Castine had become a \"flourishing summer colony\" per Wikipedia, though no quantitative seasonal figure is documented for today. Note: the 2010 median age (22.2) is heavily skewed young by Maine Maritime Academy's resident student population, not representative of the year-round community by itself."
        },
        "source": "U.S. Census Bureau (2020 population) via Wikipedia — Castine, Maine (median age is 2010 Census, the most recent published for this town)"
      }
    },
    {
      "type": "Feature",
      "geometry": { "type": "Point", "coordinates": [-69.1089, 44.1034] },
      "properties": {
        "title": "Rockland",
        "category": "demographics",
        "place": "Rockland, Maine",
        "demographics": {
          "population": { "value": 6936, "year": 2020 },
          "medianAge": { "value": 47.9, "year": 2020 },
          "ageBrackets": { "year": 2020, "brackets": { "Under 18": 15.3, "65+": 26.3 } },
          "seasonal": null
        },
        "source": "U.S. Census Bureau, 2020 Census via Wikipedia — Rockland, Maine"
      }
    },
    {
      "type": "Feature",
      "geometry": { "type": "Point", "coordinates": [-69.0067, 44.4259] },
      "properties": {
        "title": "Belfast",
        "category": "demographics",
        "place": "Belfast, Maine",
        "demographics": {
          "population": { "value": 6938, "year": 2020 },
          "medianAge": { "value": 52.1, "year": 2020 },
          "ageBrackets": { "year": 2020, "brackets": { "Under 18": 16.8, "65+": 31.6 } },
          "seasonal": null
        },
        "source": "U.S. Census Bureau, 2020 Census via Wikipedia — Belfast, Maine"
      }
    },
    {
      "type": "Feature",
      "geometry": { "type": "Point", "coordinates": [-68.255, 44.249] },
      "properties": {
        "title": "Cranberry Isles",
        "category": "demographics",
        "place": "Cranberry Isles, Maine",
        "demographics": {
          "population": { "value": 160, "year": 2020 },
          "medianAge": { "value": 47.7, "year": 2010 },
          "ageBrackets": null,
          "seasonal": "Only two of the five Cranberry Isles — Great Cranberry and Islesford (Little Cranberry) — have year-round populations and post offices per Wikipedia; the outer islands (Sutton, Baker, Bear) are seasonal-only. No quantitative summer-vs-winter population figure is documented for the town as a whole."
        },
        "source": "U.S. Census Bureau (2020 population) via Wikipedia — Cranberry Isles, Maine (median age is 2010 Census, the most recent published for this town)"
      }
    },
    {
      "type": "Feature",
      "geometry": { "type": "Point", "coordinates": [-68.4356, 44.1587] },
      "properties": {
        "title": "Swans Island",
        "category": "demographics",
        "place": "Swans Island, Maine",
        "demographics": {
          "population": { "value": 355, "year": 2020 },
          "medianAge": { "value": 46.3, "year": 2010 },
          "ageBrackets": null,
          "seasonal": "Wikipedia gives a specific, documented seasonal figure here: \"a summertime population of approximately 1,000\" — roughly three times the 355 year-round residents counted in the 2020 Census."
        },
        "source": "U.S. Census Bureau (2020 population) via Wikipedia — Swans Island, Maine (median age is 2010 Census, the most recent published for this town)"
      }
    },
    {
      "type": "Feature",
      "geometry": { "type": "Point", "coordinates": [-68.5501, 44.2531] },
      "properties": {
        "title": "Brooklin",
        "category": "demographics",
        "place": "Brooklin, Maine",
        "demographics": {
          "population": { "value": 827, "year": 2020 },
          "medianAge": { "value": 52.9, "year": 2010 },
          "ageBrackets": { "year": 2010, "brackets": { "Under 18": 17.2, "18-24": 4.8, "25-44": 16.4, "45-64": 35.4, "65+": 26.1 } },
          "seasonal": null
        },
        "source": "U.S. Census Bureau (2020 population) via Wikipedia — Brooklin, Maine (age distribution is 2010 Census, the most recent published for this town)"
      }
    },
    {
      "type": "Feature",
      "geometry": { "type": "Point", "coordinates": [-68.78, 44.35] },
      "properties": {
        "title": "Pond Island (Brooksville)",
        "category": "island-info",
        "place": "Pond Island, Brooksville",
        "islandInfo": {
          "ownership": "Maine Coast Heritage Trust (transferred from Philadelphia Conservationists, Inc. in 1995)",
          "landTrust": "Maine Coast Heritage Trust",
          "onMaineIslandTrail": null,
          "publicAccess": "Day use and camping at 3 established campsites (2-night limit); groups of 6+ and commercial use restricted to a permit-only site on the pond's eastern edge",
          "notes": "32 acres near the western end of Eggemoggin Reach. Reach by boat from the Castine town dock or the Bridge End boat launch on Deer Isle. Town dock floats available May 15–Oct 15. Pets must be kept under control; stay on established trails."
        },
        "source": "Maine Coast Heritage Trust — Pond Island, Brooksville preserve page (mcht.org)"
      }
    },
    {
      "type": "Feature",
      "geometry": { "type": "Point", "coordinates": [-68.805, 44.45] },
      "properties": {
        "title": "Battle Island (Penobscot)",
        "category": "island-info",
        "place": "Battle Island, Penobscot",
        "islandInfo": {
          "ownership": "Maine Coast Heritage Trust (bargain sale in 2011, with support from the Maine Island Trail Association)",
          "landTrust": "Maine Coast Heritage Trust",
          "onMaineIslandTrail": true,
          "publicAccess": "Day use and camping at one established campsite (2-night limit); groups of 6+ and commercial use by permit only; no campfires; carry out all trash",
          "notes": "Two-acre island rising from the Bagaduce River; connects to the mainland and MCHT's adjoining Till's Point Preserve via mudflats at low tide. Boat access only — land via the staircase on the island's south side. Nearest public launch: Winslow Cove, Penobscot village, just under 2 miles."
        },
        "source": "Maine Coast Heritage Trust — Battle Island preserve page (mcht.org)"
      }
    },
    {
      "type": "Feature",
      "geometry": { "type": "Point", "coordinates": [-69.035, 44.093] },
      "properties": {
        "title": "Sheep Island (Owls Head)",
        "category": "island-info",
        "place": "Sheep Island, Owls Head",
        "islandInfo": {
          "ownership": "Maine Coast Heritage Trust (acquired December 2021)",
          "landTrust": "Maine Coast Heritage Trust",
          "onMaineIslandTrail": null,
          "publicAccess": "Day use and camping at one established campsite (2-night limit, first-come first-served)",
          "notes": "76 undeveloped acres in West Penobscot Bay. Land on the cobble beach on the north shore — watch for a submerged bar just north of it at low tide. Reach from the Mechanic Street public launch in Rockland (~4 miles) or Richard Carver Harbor Park in Owls Head (~1 mile, hand-carried boats only); overnight parking needs a free permit from the Owls Head town office."
        },
        "source": "Maine Coast Heritage Trust — Sheep Island preserve page (mcht.org)"
      }
    },
    {
      "type": "Feature",
      "geometry": { "type": "Point", "coordinates": [-69.02, 44.08] },
      "properties": {
        "title": "Monroe Island (Owls Head)",
        "category": "island-info",
        "place": "Monroe Island, Owls Head",
        "islandInfo": {
          "ownership": "Maine Coast Heritage Trust (bought from the Faunce family in 2018)",
          "landTrust": "Maine Coast Heritage Trust",
          "onMaineIslandTrail": true,
          "publicAccess": "Day use and camping at established campsites (2-night limit); groups of 6+ need a permit",
          "notes": "225 acres — one of the largest undeveloped islands on the midcoast, with a 2-mile trail network. Approach from the west side, where six beaches allow safe landing (the float and ramp are currently closed). Reach from Rockland (~4 miles) or Owls Head (~0.5 miles, hand-carried boats only); overnight parking needs a free permit from the Owls Head town office."
        },
        "source": "Maine Coast Heritage Trust — Monroe Island, Owls Head preserve page (mcht.org)"
      }
    },
    {
      "type": "Feature",
      "geometry": { "type": "Point", "coordinates": [-68.89083, 44.035] },
      "properties": {
        "title": "Hurricane Island (Vinalhaven)",
        "category": "island-info",
        "place": "Hurricane Island, Vinalhaven",
        "islandInfo": {
          "ownership": "Privately owned by the Gaston family; leased since 2010 to the nonprofit Hurricane Island Foundation under a 40-year lease",
          "landTrust": null,
          "onMaineIslandTrail": true,
          "publicAccess": "Operated as a research and education field station (Hurricane Island Center for Science and Leadership); a Maine Island Trail Association campsite is maintained on the island's north end for MITA members",
          "notes": "A former granite-quarry company town (see the History entry for this island). Ownership stayed private — this isn't a land-trust acquisition — but the long-term lease to a nonprofit operator makes access genuinely public in practice."
        },
        "source": "Hurricane Island Center for Science and Leadership (hurricaneisland.net); Wikipedia — Hurricane Island (Maine)"
      }
    },
    {
      "type": "Feature",
      "geometry": { "type": "Point", "coordinates": [-68.6534, 44.0664] },
      "properties": {
        "title": "Isle au Haut",
        "category": "island-info",
        "place": "Isle au Haut",
        "islandInfo": {
          "ownership": "Split ownership: roughly half the island is Acadia National Park, donated to the federal government in 1943 by heirs of the island's founding family; the other half is private land, home to the year-round fishing community and summer residents",
          "landTrust": null,
          "onMaineIslandTrail": null,
          "publicAccess": "The Acadia National Park half (Duck Harbor area) is open to hikers and permitted campers; the private half is not — the town/park boundary is not always obvious from the water",
          "notes": "A working town (year-round population 92 per the 2020 Census — see the Demographics entry) shares this island with a genuinely separate unit of Acadia National Park; the two halves have different rules."
        },
        "source": "Acadia National Park / NPS — Isle au Haut Boundary Law (nps.gov/acad); Wikipedia — Isle au Haut, Maine"
      }
    },
    {
      "type": "Feature",
      "geometry": { "type": "Point", "coordinates": [-69.182333, 43.989833] },
      "properties": {
        "title": "Clark Island (St. George)",
        "category": "island-info",
        "place": "Clark Island, St. George",
        "islandInfo": {
          "ownership": "Maine Coast Heritage Trust owns 124 acres outright (purchased 2020 from the heirs of Albert Nickerson for $3.5M); an additional ~30 acres is under a conservation easement held by the Maine Department of Inland Fisheries & Wildlife",
          "landTrust": "Maine Coast Heritage Trust",
          "onMaineIslandTrail": null,
          "publicAccess": "Open to the public; mowed grass/gravel trails lead to beaches, a flooded former quarry, and varied habitat. Connected to the mainland by a walking-only granite causeway (built 1892) — park at the Craignair Inn (8 designated spaces) and walk in, no boat required.",
          "notes": null
        },
        "source": "Maine Coast Heritage Trust — Clark Island preserve page (mcht.org); Portland Press Herald, \"Purchase protects Clark Island preserve in the midcoast\" (2020)"
      }
    },
    {
      "type": "Feature",
      "geometry": { "type": "Point", "coordinates": [-68.5822456, 44.1478592] },
      "properties": {
        "title": "Saddleback Island (Merchant Row)",
        "category": "island-info",
        "place": "Saddleback Island, Merchant Row",
        "islandInfo": {
          "ownership": "Maine Coast Heritage Trust (acquired 2004)",
          "landTrust": "Maine Coast Heritage Trust",
          "onMaineIslandTrail": null,
          "publicAccess": "Day use and camping at one established campsite (2-night limit, first-come first-served); groups of 6+ need a permit (call 207-729-7366 or email stewardship@mcht.org)",
          "notes": "78 acres on the eastern edge of Merchant Row. The trail's western portion is closed April 1–August 1 for nesting osprey. The cabin on the south side is not open to the public; foot traffic only, pets must be controlled, campfires need a separate town-of-Stonington permit and must be under 3 feet. Boat access only, via the Colwell Boat Ramp in Stonington."
        },
        "source": "Maine Coast Heritage Trust — Saddleback Island preserve page (mcht.org)"
      }
    },
    {
      "type": "Feature",
      "geometry": { "type": "Point", "coordinates": [-68.6161, 44.1247] },
      "properties": {
        "title": "McGlathery Island (Merchant Row)",
        "category": "island-info",
        "place": "McGlathery Island, Merchant Row",
        "islandInfo": {
          "ownership": "Maine Coast Heritage Trust (donated 2021, though conservation stewardship of the island dates back to the 1950s)",
          "landTrust": "Maine Coast Heritage Trust",
          "onMaineIslandTrail": null,
          "publicAccess": "Day use and camping at established campsites (2-night limit); groups of 6+ need a permit",
          "notes": "140 acres (with adjoining Little McGlathery) in the southeastern quadrant of Merchant Row — a well-known, popular cruising anchorage between Stonington and Isle au Haut."
        },
        "source": "Maine Coast Heritage Trust — Merchant Row preserve page (mcht.org); Cruising Club of America cruising guide — McGlathery"
      }
    },
    {
      "type": "Feature",
      "geometry": { "type": "Point", "coordinates": [-68.6448, 44.1453] },
      "properties": {
        "title": "Green Island (Merchant Row)",
        "category": "island-info",
        "place": "Green Island, Merchant Row",
        "islandInfo": {
          "ownership": "Maine Coast Heritage Trust",
          "landTrust": "Maine Coast Heritage Trust",
          "onMaineIslandTrail": null,
          "publicAccess": "Day use and camping at established campsites (2-night limit); groups of 6+ need a permit",
          "notes": "About 1.75 nautical miles northwest of the McGlathery anchorage. Tie up to the granite wharf inside the notch on the south side, climb a short ladder, and follow the path to a small, clear freshwater former quarry pool used for swimming — MCHT's own visitor notes flag caution here for old quarry stones, metal debris, and unsupervised swimming."
        },
        "source": "Maine Coast Heritage Trust — Merchant Row preserve page (mcht.org); Cruising Club of America cruising guide"
      }
    },
    {
      "type": "Feature",
      "geometry": { "type": "Point", "coordinates": [-68.665, 44.135] },
      "properties": {
        "title": "Little Camp Island (Merchant Row)",
        "category": "island-info",
        "place": "Little Camp Island, Merchant Row",
        "islandInfo": {
          "ownership": "Maine Coast Heritage Trust",
          "landTrust": "Maine Coast Heritage Trust",
          "onMaineIslandTrail": null,
          "publicAccess": "Day use and camping (2-night limit); groups of 6+ need a permit",
          "notes": "A small, 2.8-acre preserve just 1.2 miles from Stonington harbor, with two beaches that allow landing at any state of the tide."
        },
        "source": "Maine Coast Heritage Trust — Merchant Row preserve page (mcht.org)"
      }
    },
    {
      "type": "Feature",
      "geometry": { "type": "Point", "coordinates": [-68.60, 44.128] },
      "properties": {
        "title": "Pell Island (Merchant Row)",
        "category": "island-info",
        "place": "Pell Island, Merchant Row",
        "islandInfo": {
          "ownership": "Maine Coast Heritage Trust (formerly the privately owned Knox family island for decades before donation)",
          "landTrust": "Maine Coast Heritage Trust",
          "onMaineIslandTrail": null,
          "publicAccess": "Day use and camping (2-night limit); groups of 6+ need a permit",
          "notes": "22 acres — MCHT's eleventh preserve in the Merchant Row archipelago. Smooth granite slabs, a sandy beach, and shaggy spruce woods, cherished for decades under the Knox family's private ownership before the gift to MCHT."
        },
        "source": "Maine Coast Heritage Trust, \"The Gift of Pell Island\" (mcht.org)"
      }
    },
    {
      "type": "Feature",
      "geometry": { "type": "Point", "coordinates": [-68.615, 44.10] },
      "properties": {
        "title": "Bills Island (Merchant Row)",
        "category": "island-info",
        "place": "Bills Island, Merchant Row",
        "islandInfo": {
          "ownership": "Maine Coast Heritage Trust",
          "landTrust": "Maine Coast Heritage Trust",
          "onMaineIslandTrail": null,
          "publicAccess": "Day use and camping (2-night limit); groups of 6+ need a permit",
          "notes": "A small, 5-acre island on the southern side of Merchant Row, ringed with flat granite ledges and mostly spruce-fir forest and grassy meadow. Named for William Barter, an early Isle au Haut settler; likely grazed by sheep from the early 19th century until 1965."
        },
        "source": "Maine Coast Heritage Trust — Merchant Row preserve page (mcht.org)"
      }
    },
    {
      "type": "Feature",
      "geometry": { "type": "Point", "coordinates": [-68.823651, 44.235705] },
      "properties": {
        "title": "Great Spruce Head Island (Deer Isle)",
        "category": "island-info",
        "place": "Great Spruce Head Island, Deer Isle",
        "islandInfo": {
          "ownership": "Privately owned by the Porter family — photographer Eliot Porter and painter Fairfield Porter — for generations",
          "landTrust": null,
          "onMaineIslandTrail": null,
          "publicAccess": "Private; no public access documented",
          "notes": "Eliot Porter's 1966 photography book Summer Island: Penobscot Country is a visual record of the island. Commonly confused with the Wyeth family's Maine island connections (Monhegan, Southern Island) — this one is the Porters', not the Wyeths'."
        },
        "source": "Wikipedia — Great Spruce Head Island"
      }
    },
    {
      "type": "Feature",
      "geometry": { "type": "Point", "coordinates": [-68.7677717, 44.2176662] },
      "properties": {
        "title": "Eagle Island (Penobscot Bay)",
        "category": "island-info",
        "place": "Eagle Island, Penobscot Bay",
        "islandInfo": {
          "ownership": "Privately owned by descendants of Samuel Quinn, who bought most of the island from John C. Gray in 1844 — except a small lot Gray had already deeded to the U.S. government in 1837 for the lighthouse",
          "landTrust": null,
          "onMaineIslandTrail": null,
          "publicAccess": "Private; the island has been continuously inhabited by farming and fishing families since 1810 and is not open to the public. The lighthouse (automated since 1959) sits on its own small, separately deeded federal lot.",
          "notes": "263 acres, between North Haven and Deer Isle; an unincorporated territory of the state, not part of any town."
        },
        "source": "Wikipedia — Eagle Island (Penobscot Bay, Maine); Maine Coastal News, \"Robert Quinn of Eagle Island and Camden\" (2022)"
      }
    },
    {
      "type": "Feature",
      "geometry": { "type": "Point", "coordinates": [-68.791554, 44.230518] },
      "properties": {
        "title": "Butter Island (Penobscot Bay)",
        "category": "island-info",
        "place": "Butter Island, Penobscot Bay",
        "islandInfo": {
          "ownership": "Privately owned by the Cabot family (Tom Cabot bought it in the 1940s); earlier owners included John Lee of Castine, William Gray, and the Witherspoon family, who ran a farm and took in vacationers",
          "landTrust": null,
          "onMaineIslandTrail": true,
          "publicAccess": "Two beaches on the east side — Nubble and Orchard — are open to the public via the Maine Island Trail; the rest of the island is private. Access was tightened in the late 1990s after overuse.",
          "notes": null
        },
        "source": "Island Imago, \"Butter Island: Come, my friends...\" (2015); Active Captain"
      }
    },
    {
      "type": "Feature",
      "geometry": { "type": "Point", "coordinates": [-68.757911, 44.243899] },
      "properties": {
        "title": "Bradbury Island (Deer Isle)",
        "category": "island-info",
        "place": "Bradbury Island, Penobscot Bay",
        "islandInfo": {
          "ownership": "Island Heritage Trust (Deer Isle's local land trust)",
          "landTrust": "Island Heritage Trust",
          "onMaineIslandTrail": null,
          "publicAccess": "Day use only, kayak/small-boat landing — no trail, no dogs, no camping",
          "notes": null
        },
        "source": "Island Heritage Trust — Preserves & Islands (islandheritagetrust.org)"
      }
    },
    {
      "type": "Feature",
      "geometry": { "type": "Point", "coordinates": [-68.825129, 44.219756] },
      "properties": {
        "title": "Bear Island (Eggemoggin Reach)",
        "category": "island-info",
        "place": "Bear Island, Deer Isle (Eggemoggin Reach)",
        "islandInfo": {
          "ownership": "Maine Coast Heritage Trust (donated by the Davis family in 2007)",
          "landTrust": "Maine Coast Heritage Trust",
          "onMaineIslandTrail": null,
          "publicAccess": "Day use only, no camping (small campfires under 3 feet allowed, kept below the high-tide line); trail closed February 15–August 31 for nesting osprey",
          "notes": "21 acres in eastern Eggemoggin Reach. Nearest public boat launch is Naskeag Point in Brooklin."
        },
        "source": "Maine Coast Heritage Trust — Bear Island preserve page (mcht.org)"
      }
    },
    {
      "type": "Feature",
      "geometry": { "type": "Point", "coordinates": [-68.685732, 44.274259] },
      "properties": {
        "title": "Carney Island (Deer Isle)",
        "category": "island-info",
        "place": "Carney Island, Penobscot Bay",
        "islandInfo": {
          "ownership": "Split: Island Heritage Trust owns the north half; the south half is separately (privately) held",
          "landTrust": "Island Heritage Trust (north half only)",
          "onMaineIslandTrail": null,
          "publicAccess": "North half only: day use, kayak access, no trail, no dogs, no camping. The south half is not IHT land and is not documented as publicly accessible.",
          "notes": null
        },
        "source": "Island Heritage Trust — Preserves & Islands (islandheritagetrust.org)"
      }
    },
    {
      "type": "Feature",
      "geometry": { "type": "Point", "coordinates": [-68.799419, 44.209417] },
      "properties": {
        "title": "Fling Island (Penobscot Bay)",
        "category": "island-info",
        "place": "Fling Island, Penobscot Bay",
        "islandInfo": {
          "ownership": "Historically tied to neighboring Eagle Island: Samuel Quinn bought half of Fling Island from John C. Gray in 1844, in the same transaction that conveyed most of Eagle Island. Presumed to remain privately held.",
          "landTrust": null,
          "onMaineIslandTrail": null,
          "publicAccess": "Private; no public access documented",
          "notes": null
        },
        "source": "Maine Coastal News, \"Robert Quinn of Eagle Island and Camden\" (2022)"
      }
    },
    {
      "type": "Feature",
      "geometry": { "type": "Point", "coordinates": [-68.725289, 44.201006] },
      "properties": {
        "title": "Sheephead Island (Deer Isle)",
        "category": "island-info",
        "place": "Sheephead Island, Deer Isle",
        "islandInfo": {
          "ownership": "Privately owned — real estate records describe a 65± acre island with two houses",
          "landTrust": null,
          "onMaineIslandTrail": null,
          "publicAccess": "Private; connects to the mainland near Sylvester Cove and the village of Sunset at low tide",
          "notes": null
        },
        "source": "LandVest / Christie's International Real Estate — Sheephead Island listing, Deer Isle, ME"
      }
    },
    {
      "type": "Feature",
      "geometry": { "type": "Point", "coordinates": [-68.754124, 44.224377] },
      "properties": {
        "title": "Hardhead Island (Deer Isle)",
        "category": "island-info",
        "place": "Hardhead Island, Penobscot Bay",
        "islandInfo": {
          "ownership": "Ownership not documented in public sources found",
          "landTrust": null,
          "onMaineIslandTrail": null,
          "publicAccess": "Access is restricted in summer for bird nesting, per local paddling-guide accounts",
          "notes": "Adjacent to Eagle Island; a popular sea-kayaking destination when accessible."
        },
        "source": "Sea Kayak Stonington blog, \"Hardhead & Eagle Islands\" (2012)"
      }
    },
    {
      "type": "Feature",
      "geometry": { "type": "Point", "coordinates": [-68.249, 44.247] },
      "properties": {
        "title": "Crow Island (Cranberry Isles)",
        "category": "island-info",
        "place": "Crow Island, off Great Cranberry Island",
        "islandInfo": {
          "ownership": "Privately owned",
          "landTrust": null,
          "onMaineIslandTrail": null,
          "publicAccess": "Private; not open to the public",
          "notes": "A small tidal islet just off Great Cranberry Island, reachable on foot only at low tide."
        },
        "source": "Provided directly by the island's owner"
      }
    },
    {
      "type": "Feature",
      "geometry": { "type": "Point", "coordinates": [-68.198607, 44.2415277] },
      "properties": {
        "title": "Baker Island (Acadia National Park)",
        "category": "island-info",
        "place": "Baker Island, Acadia National Park",
        "islandInfo": {
          "ownership": "Majority owned by Acadia National Park (NPS) since 1967 — over 75% of the island; the whole island was brought within the park's permanent boundary in 1986. The light tower itself is owned and operated by the U.S. Coast Guard.",
          "landTrust": null,
          "onMaineIslandTrail": null,
          "publicAccess": "Open to the public, but only via NPS ranger-led boat tours running mid-June through mid-September — not a place to land independently",
          "notes": "162 acres, southeast of Mount Desert Island, marking the southwestern entrance to Frenchman Bay. Preserves a 19th-century homestead, the Baker Island Light Station, and archaeological sites."
        },
        "source": "National Park Service — Baker Island (nps.gov/acad); Wikipedia — Baker Island (Maine)"
      }
    },
    {
      "type": "Feature",
      "geometry": { "type": "Point", "coordinates": [-68.269655, 44.283369] },
      "properties": {
        "title": "Bear Island (Northeast Harbor)",
        "category": "island-info",
        "place": "Bear Island, Northeast Harbor",
        "islandInfo": {
          "ownership": "Private — owned by the Dunbar family since Harvard professor Charles F. Dunbar bought the island in 1886. The lighthouse tower sits within Acadia National Park's boundary but is administered separately from the family's private holdings.",
          "landTrust": null,
          "onMaineIslandTrail": null,
          "publicAccess": "Private island; the historic light station (deactivated 1981) is reported leased to a private individual and is closed to the public",
          "notes": "11 acres, about half a mile off Mount Desert Island at the entrance to Northeast and Southwest Harbors. Not the same island as the other \"Bear Island\" in this app's data, near Deer Isle in Eggemoggin Reach — a completely different island roughly 40nm away."
        },
        "source": "Wikipedia — Bear Island (Maine); Acadia Magic — Bear Island Lighthouse"
      }
    },
    {
      "type": "Feature",
      "geometry": { "type": "Point", "coordinates": [-68.25040954893493, 44.24790442040619] },
      "properties": {
        "title": "Great Cranberry Island",
        "category": "island-info",
        "place": "Great Cranberry Island, Cranberry Isles",
        "islandInfo": {
          "ownership": "Mostly private, with a 19-acre Maine Coast Heritage Trust preserve (Cranberry Shores) on the southern shore, plus MCHT's separate Preble Cove preserve elsewhere on the island",
          "landTrust": "Maine Coast Heritage Trust (partial — Cranberry Shores and Preble Cove preserves only)",
          "onMaineIslandTrail": null,
          "publicAccess": "MCHT preserve areas are open for day use; the rest of the island is private. Reached by ferry from Northeast Harbor or Southwest Harbor.",
          "notes": "Largest of the five Cranberry Isles, about 2 miles by 1 mile. Year-round population around 40, mostly lobstermen, swelling to 300+ in summer."
        },
        "source": "Maine Coast Heritage Trust — Cranberry Shores and Preble Cove preserve pages (mcht.org); Wikipedia — Great Cranberry Island"
      }
    },
    {
      "type": "Feature",
      "geometry": { "type": "Point", "coordinates": [-68.22871540911265, 44.2600897165687] },
      "properties": {
        "title": "Islesford (Little Cranberry Island)",
        "category": "island-info",
        "place": "Islesford, Cranberry Isles",
        "islandInfo": {
          "ownership": "Mostly private, part of the Town of Cranberry Isles",
          "landTrust": null,
          "onMaineIslandTrail": null,
          "publicAccess": "Private island community (the hamlet of Islesford); reached by ferry from Northeast Harbor",
          "notes": "Also called Little Cranberry Island. Home to the Islesford Historical Museum, an NPS-operated site (part of Acadia National Park) even though the island itself isn't park land. The Cranberry Isles Realty Trust, a local nonprofit founded in 1996, holds a small number of affordable-housing properties here to support year-round residency — a housing trust, not a conservation land trust."
        },
        "source": "Wikipedia — Islesford, Maine; Little Cranberry Island; Cranberry Isles Realty Trust"
      }
    },
    {
      "type": "Feature",
      "geometry": { "type": "Point", "coordinates": [-68.4356, 44.1587] },
      "properties": {
        "title": "Swans Island",
        "category": "island-info",
        "place": "Swans Island, Maine",
        "islandInfo": {
          "ownership": "Mostly private, with several publicly owned parcels held by the Town of Swan's Island: High Head Beach (gifted by Maine Coast Heritage Trust), the Quarry Wharf, Quarry Pond, Mill Pond Park, and Burnt Coat Harbor Lighthouse at Hockamock Head",
          "landTrust": "Maine Coast Heritage Trust (gifted High Head Beach to the town; also holds conservation easements on parts of the island's undeveloped land)",
          "onMaineIslandTrail": null,
          "publicAccess": "Town-owned sites (High Head Beach, Mill Pond Park, the lighthouse grounds) are open to the public; most of the island's roughly 7,300 acres remains private",
          "notes": "Reached by state ferry from Bass Harbor. Six blocks of undeveloped private land exceed 100 acres each, several restricted from development by conservation easements."
        },
        "source": "Town of Swan's Island Comprehensive Plan (2022, maine.gov/dacf); Maine Coast Heritage Trust"
      }
    },
    {
      "type": "Feature",
      "geometry": { "type": "Point", "coordinates": [-69.08, 44.038] },
      "properties": {
        "title": "Ash Island (Owls Head)",
        "category": "island-info",
        "place": "Ash Island, Owls Head",
        "islandInfo": {
          "ownership": "Maine Coast Heritage Trust (acquired 2010 with support from Owls Head residents)",
          "landTrust": "Maine Coast Heritage Trust",
          "onMaineIslandTrail": null,
          "publicAccess": "Day use only — no camping, no fires. Hand-carried boats only; no trailer launching from the island itself.",
          "notes": "47 acres, about 1 mile east of Birch Point State Park. Currents around the island can be strong. Day-use parking at Birch Point State Park; hand-carried launch from Richard Carver Harbor Park or South Thomaston's Weskeag River launch."
        },
        "source": "Maine Coast Heritage Trust — Ash Island preserve page (mcht.org)"
      }
    },
    {
      "type": "Feature",
      "geometry": { "type": "Point", "coordinates": [-68.5622452, 44.2367467] },
      "properties": {
        "title": "Big Babson Island (Brooklin)",
        "category": "island-info",
        "place": "Big Babson Island, Brooklin",
        "islandInfo": {
          "ownership": "Maine Coast Heritage Trust",
          "landTrust": "Maine Coast Heritage Trust",
          "onMaineIslandTrail": null,
          "publicAccess": "Day use only — no camping",
          "notes": "In Eggemoggin Reach off Naskeag Point. Western half closed April 1–July 31 to protect nesting osprey. Nearest public access is the Naskeag Point town landing, about 1.2 miles away."
        },
        "source": "Maine Coast Heritage Trust — Big Babson Island preserve page (mcht.org)"
      }
    },
    {
      "type": "Feature",
      "geometry": { "type": "Point", "coordinates": [-68.7986411, 44.1425806] },
      "properties": {
        "title": "Calderwood Island (North Haven)",
        "category": "island-info",
        "place": "Calderwood Island, North Haven",
        "islandInfo": {
          "ownership": "Maine Coast Heritage Trust (acquired 1997 — half gifted, half purchased)",
          "landTrust": "Maine Coast Heritage Trust",
          "onMaineIslandTrail": null,
          "publicAccess": "Day use and camping at 2 established campsites (2-night limit); groups of 6+ need a permit",
          "notes": "75 acres, northeast of the Fox Islands Thorofare in East Penobscot Bay. One-mile trail network; the beach on the island's north side is the best landing spot."
        },
        "source": "Maine Coast Heritage Trust — Calderwood Island preserve page (mcht.org)"
      }
    },
    {
      "type": "Feature",
      "geometry": { "type": "Point", "coordinates": [-69.199, 43.999] },
      "properties": {
        "title": "High Island (St. George)",
        "category": "island-info",
        "place": "High Island, St. George",
        "islandInfo": {
          "ownership": "Maine Coast Heritage Trust (bargain-sale purchase, June 2016, after a partnership with the Town of St. George and Blueberry Cove 4-H Camp starting in 2014)",
          "landTrust": "Maine Coast Heritage Trust",
          "onMaineIslandTrail": null,
          "publicAccess": "Day use and camping at one established campsite (2-night limit; unavailable on specific dates in July/August); groups of 6+ need a permit",
          "notes": "20 acres, just north of Tenants Harbor. Trail closed April 1–August 1 to protect nesting great blue herons."
        },
        "source": "Maine Coast Heritage Trust — High Island preserve page (mcht.org)"
      }
    },
    {
      "type": "Feature",
      "geometry": { "type": "Point", "coordinates": [-68.548, 44.222] },
      "properties": {
        "title": "Hog Island (Brooklin)",
        "category": "island-info",
        "place": "Hog Island, Brooklin",
        "islandInfo": {
          "ownership": "Maine Coast Heritage Trust (donated by Allene White and family); previously owned by author E.B. White from 1941, sold in 1954, protected by an Acadia National Park conservation easement in 1976, and repurchased by E.B.'s son Joel White in 1990",
          "landTrust": "Maine Coast Heritage Trust",
          "onMaineIslandTrail": null,
          "publicAccess": "Day use and camping at 3 established campsites (2-night limit); groups of 6+ or commercial use need a permit",
          "notes": "Off Naskeag Point at the eastern edge of Eggemoggin Reach — seven pocket beaches suitable for small-boat/kayak landing. Access from the Brooklin municipal boat ramp, about 0.6 miles away."
        },
        "source": "Maine Coast Heritage Trust — Hog Island preserve page (mcht.org)"
      }
    },
    {
      "type": "Feature",
      "geometry": { "type": "Point", "coordinates": [-68.615, 44.352] },
      "properties": {
        "title": "Jed's Island (Blue Hill)",
        "category": "island-info",
        "place": "Jed's Island, Blue Hill",
        "islandInfo": {
          "ownership": "Jointly acquired in 2007 by Maine Coast Heritage Trust and Blue Hill Heritage Trust",
          "landTrust": "Maine Coast Heritage Trust and Blue Hill Heritage Trust",
          "onMaineIslandTrail": null,
          "publicAccess": "Day use and camping at established campsites (2-night limit)",
          "notes": "15 acres, plus a small (1.5-acre) adjoining islet called \"My Island\" reachable at low tide. In Morgan Bay between Conary Point and Newbury Neck. Northern shore closed February–August to protect nesting bald eagles."
        },
        "source": "Maine Coast Heritage Trust — Jed's Island preserve page (mcht.org)"
      }
    },
    {
      "type": "Feature",
      "geometry": { "type": "Point", "coordinates": [-68.6350251, 44.0961931] },
      "properties": {
        "title": "Nathan Island (Merchant Row)",
        "category": "island-info",
        "place": "Nathan Island, Merchant Row",
        "islandInfo": {
          "ownership": "Maine Coast Heritage Trust",
          "landTrust": "Maine Coast Heritage Trust",
          "onMaineIslandTrail": null,
          "publicAccess": "Day use and camping (2-night limit) — but the entire preserve and campsite is closed until August 1, 2026 due to bald eagle chicks nesting close to the campsite",
          "notes": "5 acres, tidally connected to its smaller neighbor Little Nathan (under 1 acre) via intertidal ledges and flats. About a mile north of the Isle au Haut town landing. Best landing is on the island's south side."
        },
        "source": "Maine Coast Heritage Trust — Merchant Row preserve page (mcht.org); topozone.com"
      }
    },
    {
      "type": "Feature",
      "geometry": { "type": "Point", "coordinates": [-68.709806, 44.15521] },
      "properties": {
        "title": "The Fort (Merchant Row)",
        "category": "island-info",
        "place": "The Fort, Merchant Row",
        "islandInfo": {
          "ownership": "Maine Coast Heritage Trust",
          "landTrust": "Maine Coast Heritage Trust",
          "onMaineIslandTrail": null,
          "publicAccess": "Day use, kayak/small-boat landing only — no trail, no camping",
          "notes": "One of the 11 MCHT preserves in the Merchant Row archipelago between Stonington and Isle au Haut."
        },
        "source": "Maine Coast Heritage Trust — Merchant Row preserve page (mcht.org)"
      }
    },
    {
      "type": "Feature",
      "geometry": { "type": "Point", "coordinates": [-68.93610955089424, 44.27204110216757] },
      "properties": {
        "title": "Spruce Island (Islesboro)",
        "category": "island-info",
        "place": "Spruce Island, Islesboro",
        "islandInfo": {
          "ownership": "Split: Islesboro Islands Trust owns the southern half; the northern half is separately (privately) held",
          "landTrust": "Islesboro Islands Trust (southern half only)",
          "onMaineIslandTrail": null,
          "publicAccess": "Southern half only, via Islesboro Islands Trust; northern half is not documented as publicly accessible",
          "notes": null
        },
        "source": "Islesboro Islands Trust (islesboroislandstrust.org)"
      }
    },
    {
      "type": "Feature",
      "geometry": { "type": "Point", "coordinates": [-68.74, 43.888] },
      "properties": {
        "title": "Seal Island (Penobscot Bay)",
        "category": "island-info",
        "place": "Seal Island, outer Penobscot Bay",
        "islandInfo": {
          "ownership": "Federal — Seal Island National Wildlife Refuge, established 1972, managed by the U.S. Fish & Wildlife Service in cooperation with the National Audubon Society",
          "landTrust": null,
          "onMaineIslandTrail": false,
          "publicAccess": "Closed to public access year-round — not primarily for seabird protection, but because unexploded ordnance remains from Navy gunnery training during the Cold War. Commercial tour boats view the island's seabirds and seals from offshore.",
          "notes": "65 acres, about 21 miles off Rockland — one of the most important seabird nesting islands in the Gulf of Maine (Atlantic puffins, razorbills, black guillemots, terns, Leach's storm-petrels) and a gray seal pupping site."
        },
        "source": "U.S. Fish & Wildlife Service — Seal Island National Wildlife Refuge (fws.gov); Wikipedia — Seal Island National Wildlife Refuge"
      }
    },
    {
      "type": "Feature",
      "geometry": { "type": "Point", "coordinates": [-69.11072723812633, 44.017241053652924] },
      "properties": {
        "title": "Tommy's Island (St. George)",
        "category": "island-info",
        "place": "Tommy's Island, Long Cove, St. George",
        "islandInfo": {
          "ownership": "Georges River Land Trust",
          "landTrust": "Georges River Land Trust",
          "onMaineIslandTrail": null,
          "publicAccess": "Day use only — no hunting, no overnight camping",
          "notes": "About 1 acre, in Long Cove across from the former Great Eastern Mussel Company site. Non-native grasses on the island are a holdover from historical sheep grazing."
        },
        "source": "Georges River Land Trust — Tommy's Island preserve page (georgesriver.org)"
      }
    },
    {
      "type": "Feature",
      "geometry": { "type": "Point", "coordinates": [-68.94576740868413, 44.27321216677957] },
      "properties": {
        "title": "Warren Island (Islesboro)",
        "category": "island-info",
        "place": "Warren Island State Park, Islesboro",
        "islandInfo": {
          "ownership": "State-owned — Maine Bureau of Parks and Lands (Dept. of Agriculture, Conservation and Forestry). Maine acquired the island for $1 in 1958 and made it a state park the same year.",
          "landTrust": null,
          "onMaineIslandTrail": null,
          "publicAccess": "Open to the public — a full state-park campground, not a land-trust preserve. 12 campsites plus 2 Adirondack shelters, fresh drinking water, and a pier with docking on the eastern shore; moorings for larger boats available first-come-first-served ($20/night). Reserve campsites through CampWithME.com. Boat access only — no ferry.",
          "notes": "70 acres, about half a mile off Islesboro and roughly 3 miles from the mainland near Lincolnville. Hiking trails cover the island."
        },
        "source": "Wikipedia — Warren Island State Park; Maine Bureau of Parks and Lands (maine.gov/warrenisland)"
      }
    },
    {
      "type": "Feature",
      "geometry": { "type": "Point", "coordinates": [-69.05006285861496, 44.20204581975184] },
      "properties": {
        "title": "Curtis Island (Camden)",
        "category": "island-info",
        "place": "Curtis Island, Camden Harbor",
        "islandInfo": {
          "ownership": "Town of Camden — the U.S. Coast Guard transferred the lighthouse to the town in 1972 (after Camden residents lobbied against it being auctioned to a private buyer); the town took full ownership and designated the island a public park",
          "landTrust": null,
          "onMaineIslandTrail": null,
          "publicAccess": "Public park, day use — walking paths open to the public, but the lighthouse and caretaker's house are not open. No dock; land by dinghy or paddle craft and scramble ashore.",
          "notes": "At the mouth of Camden Harbor. Formerly called Mark Island, then Negro Island (from around 1768), renamed for publisher Cyrus H. K. Curtis in 1934."
        },
        "source": "Wikipedia — Curtis Island (Maine); Curtis Island Lighthouse Foundation (curtisisland.org)"
      }
    },
    {
      "type": "Feature",
      "geometry": { "type": "Point", "coordinates": [-69.21194577961741, 44.052154370229] },
      "properties": {
        "title": "Sears Island (Searsport)",
        "category": "island-info",
        "place": "Sears Island, Searsport",
        "islandInfo": {
          "ownership": "State of Maine owns the island; Maine Coast Heritage Trust holds a perpetual conservation easement (signed 2009) over 600 of its 940 acres, with the remaining 340 acres left open for possible future port development",
          "landTrust": "Maine Coast Heritage Trust (easement over 600 acres, not fee ownership)",
          "onMaineIslandTrail": null,
          "publicAccess": "Day use — hiking, biking, walking (Friends of Sears Island manages public access to the easement area); no camping or overnight mooring documented. Connected to the mainland by a causeway with year-round vehicle access to a parking area, though vehicles can't drive onto the island itself past that point.",
          "notes": "One of the largest undeveloped islands on the U.S. Eastern Seaboard. A roughly 1-mile road plus additional trails cross open fields, mixed forest, wetlands, and shoreline."
        },
        "source": "Wikipedia — Sears Island; Friends of Sears Island"
      }
    },
    {
      "type": "Feature",
      "geometry": { "type": "Point", "coordinates": [-68.8822088, 44.1598321] },
      "properties": {
        "title": "The fishing village that filled Pulpit Harbor",
        "category": "history",
        "era": "industrial",
        "place": "Pulpit Harbor, North Haven",
        "body": "People owned land around Pulpit Harbor as early as 1764, but the village didn't reach its peak until the second half of the nineteenth century, when it was the commercial, religious, and social center of North Haven. An 1898 Rockland Courier-Gazette reporter counted 25 or 30 houses scattered along the shore, with farms behind producing butter, eggs, and berries for local tables. At its height the harbor held two fish processing plants, four mills, a post office, five stores, boat shops, and a school — Roscoe Babbidge's store stood where the town landing sits today, and fishermen traded dried fish there for rum brought up from the Caribbean. A dozen or so two-masted mackerel schooners worked out of the harbor at the fishery's peak.\n\nThe decline set in around 1900. The mackerel fishery dropped off sharply, and steam power was replacing sail up and down the coast — Pulpit Harbor's deep, protected water had been valuable specifically because it suited sailing vessels, and that advantage mattered less once steamships could pass safely through the Thoroughfare instead. The sawmill and gristmill at the head of Mill Stream closed, the wood trade that had supplied the mainland lime kilns ceased, and families began moving away or relocating to the Thoroughfare village. Hanson Crockett's store housed the Pulpit Harbor post office starting in 1903, with his wife Meribah serving as postmaster until it finally closed in 1932 — by then most of the old farmland around the harbor had passed to summer residents.",
        "source": "North Haven Historical Society — \"Pulpit Harbor: The Old Village\" (northhavenmainehistoricalsociety.org)"
      }
    },
    {
      "type": "Feature",
      "geometry": { "type": "Point", "coordinates": [-69.1089, 44.1034] },
      "properties": {
        "title": "How a lime-quarrying boom built Rockland Harbor",
        "category": "history",
        "era": "industrial",
        "place": "Rockland Harbor",
        "body": "Rockland didn't start with that name. European settlers first called this stretch of shore Lermond's Cove, after John Lermond and his brothers, who set up a lumber operation here in 1767; it became known as Shore Village when Thomaston was incorporated in 1777, then East Thomaston when it was set off as its own town in 1848. The town took the name Rockland in 1850, a direct nod to the limestone cliffs that were about to define its economy for the next century.\n\nLimestone quarried from the hills behind town was burned into lime in kilns lined up along the harbor itself, then shipped out in watertight casks to build the mortar and plaster of cities up and down the East Coast. By 1854 Rockland was operating twelve quarries and 125 lime kilns and had become the country's leading lime producer; by 1886 the industry employed over a thousand workers and more than 300 vessels carried the lime to market. Shipbuilding grew up right alongside it — in 1854 alone Rockland's yards launched eleven ships, three barks, six brigs, and four schooners. Between 1881 and 1900 the Army Corps of Engineers built the Rockland Breakwater specifically to protect this harbor and the industry crowded around it, a nearly mile-long stone arm that still reaches out into the bay today.\n\nThe lime industry that built the harbor didn't disappear overnight, but it did eventually run its course: the last of Rockland's kilns went dark in 1958.",
        "source": "Wikipedia — Rockland, Maine"
      }
    },
    {
      "type": "Feature",
      "geometry": { "type": "Point", "coordinates": [-68.665, 44.268] },
      "properties": {
        "title": "Three thousand years of camps on Eggemoggin Reach",
        "category": "history",
        "era": "colonial",
        "place": "Scott's Landing, Deer Isle",
        "body": "Archaeological digs at Scott's Landing in 2007-2008 uncovered a shell midden with seasonal encampments dating back 3,000 to 2,500 years — the oldest layers holding spear points and stone scraping tools, the middle layers showing roughly 2,000 years of intermittent seasonal use, and the uppermost layers turning up 16th- and 17th-century European trade goods: glass beads, clay pipe fragments, worked metal.\n\nThe people early French and English visitors recorded here as \"Etchemins\" — a term used for certain Wabanaki communities of the Maine coast — built fishing weirs across Eggemoggin Reach between Deer Isle and Little Deer Isle to spear flounder as the tide turned, a technique English settlers later adopted themselves. The name Eggemoggin itself is Wabanaki, usually translated as \"fish-weir place\" or \"place where the current runs both ways\" — apt for a reach where the tide reverses direction as it drains two different bays. Long before Deer Isle had a European name, this was already a working, fished, and camped-on shore, generation after generation.",
        "source": "Maine by Foot — Scott's Landing, Deer Isle; Island Institute — More Than a Pile of Shells"
      }
    },
    {
      "type": "Feature",
      "geometry": { "type": "Point", "coordinates": [-68.67208798412842, 44.21172891842244] },
      "properties": {
        "title": "Deer on every shore, then a town called Deer Isle",
        "category": "history",
        "era": "colonial",
        "place": "Deer Isle",
        "body": "English colonists named these islands for the deer that once crowded their shores in the 1600s and 1700s, long before anyone lived here year-round. The first permanent settler, William Eaton, arrived in 1762 and built near what became known as the Scott Farm; the first English child born on the island, Timothy Billings, followed in May 1764, and the first church went up in 1773.\n\nIncorporated as a town on February 2, 1789, Deer Isle originally stretched across three islands now split into separate towns: Little Deer Isle, Deer Isle proper, and Isle au Haut. Isle au Haut broke away in 1874; a little over a century after incorporation, the granite boom split off the island's southern third as well, forming the town of Stonington in 1897 — itself known simply as \"Green's Landing\" until that name change. What's now three separate towns on the chart was, within living memory of its own founding, all one.",
        "source": "Wikipedia — Deer Isle, Maine; Genealogy Trails — History of Deer Isle"
      }
    },
    {
      "type": "Feature",
      "geometry": { "type": "Point", "coordinates": [-68.64754510111966, 44.10555753382143] },
      "properties": {
        "title": "Why they call it Merchant Row",
        "category": "history",
        "era": "colonial",
        "place": "Merchant Island, Merchant Row",
        "body": "Every island-studded passage needs a name, and this one takes its name from a person, not a trade: Nathaniel Merchant, an early landowner who grew up on the island that still carries his family name today. The row of islands beyond it — McGlathery, Round, Devil, Spectacle, Hell's Half Acre, and dozens more — inherited the surname as a group identity for the whole archipelago between Stonington and Isle au Haut.\n\nThe islands were inhabited and worked long before any Merchant arrived: a shell midden on the southeast end of nearby Nathan Island shows Native use spanning the Ceramic Period, roughly 3,000 to 500 years ago — a second, separate site from the better-documented one at Scott's Landing on Deer Isle, evidence that this whole archipelago, not just its larger islands, was part of a long-inhabited coastal landscape well before European settlement, land grants, or the family name that stuck.",
        "source": "Maine Coast Heritage Trust — History of Merchant Row"
      }
    },
    {
      "type": "Feature",
      "geometry": { "type": "Point", "coordinates": [-68.653, 44.058] },
      "properties": {
        "title": "The High Island, named in passing by Champlain",
        "category": "history",
        "era": "colonial",
        "place": "Isle au Haut",
        "body": "Samuel de Champlain named this island in 1604 during the same coasting voyage that brought him into Penobscot Bay — Isle au Haut, \"high island,\" for the way its hills rise above every other island around it, visible from well out to sea. It stayed largely unsettled for nearly two centuries after that; farmers, fishermen, and boatbuilders began arriving in earnest only after the Revolution, with a small summer colony taking root in the 1880s once city visitors discovered it.\n\nIsle au Haut split off from Deer Isle to incorporate as its own town in 1874. Its French name never changed even as everything around it did — mariners and mapmakers alike kept Champlain's word for it, one of the few Penobscot Bay place names from that first summer of contact still in everyday use, spoken by lobstermen radioing each other today exactly as a French explorer wrote it down four centuries ago.",
        "source": "Wikipedia — Isle au Haut, Maine; Ellsworth American — Away we go to Isle au Haut"
      }
    },
    {
      "type": "Feature",
      "geometry": { "type": "Point", "coordinates": [-68.67388816023507, 44.1420374523932] },
      "properties": {
        "title": "Maine's last working granite quarry",
        "category": "history",
        "era": "industrial",
        "place": "Crotch Island, Stonington",
        "body": "Job L. Goss began quarrying granite on Crotch Island in 1869; his son John L. Goss took over in 1887 and built the operation into the John L. Goss Corporation, which acquired the neighboring F.S. Warren quarry in 1896 and began working Moose Island by the late 1890s. At its peak around 1905, roughly 80 men worked Crotch Island and another 100 worked Moose Island; the main Goss Quarry, opened in 1872, had grown to 350 feet square and 120 feet deep.\n\nCrotch Island's distinctive pink-tinted stone — sold as \"Sherwood pink\" and \"Goss pink\" — went into the approaches of the Brooklyn Bridge and the piers of the Blackwell's Island Bridge over New York's East River (today's Roosevelt Island Bridge), carried south from this one small island by schooner. Like Hurricane Island's quarry, the workforce was heavily immigrant — Swedish, Italian, Scottish, and Finnish stonecutters among them. Reinforced concrete ended most of Maine's island quarrying by the 1920s and 30s; Goss himself died in 1936, and the company changed hands in 1953. Crotch Island's quarry alone survived — closed in 1966, revived in 1979, and still cutting granite today, the last one operating on a Maine island.",
        "source": "Island Institute — Stonington's Past Carved in Granite; Quarries and Beyond — Maine Granite Quarry List; Deer Isle Granite Museum"
      }
    },
    {
      "type": "Feature",
      "geometry": { "type": "Point", "coordinates": [-68.6707605, 44.1604222] },
      "properties": {
        "title": "A granite boomtown outgrows its old name",
        "category": "history",
        "era": "industrial",
        "place": "Stonington (formerly Green's Landing)",
        "body": "Granite quarrying took off on Deer Isle's southern peninsula around 1870, and within thirty years it had remade the place completely. The waterfront village of Green's Landing swelled toward 4,000 residents by 1900 — quarries running on Green Island (the Russ Stone Quarry, opened 1881), Crotch Island (Goss & Small, from 1889), and beyond, shipping stone to New York and Boston for bridges, banks, and government buildings. By the 1910 census, quarrymen actually outnumbered fishermen here, a startling reversal for a town that had always lived by the sea in the other sense. Local tradition holds that some of the last granite cut on these islands ended up as curbstones on New York's Fifth Avenue.\n\nThe boom was big enough, and different enough from farming, fishing Deer Isle to the north, that the Maine Legislature let the southern third break away as its own town on February 18, 1897 — renamed Stonington, for the industry that built it, replacing the working name Green's Landing had carried for generations.",
        "source": "Maine: An Encyclopedia — Deer Isle; Town of Stonington — History; Wikipedia — Stonington, Maine"
      }
    },
    {
      "type": "Feature",
      "geometry": { "type": "Point", "coordinates": [-68.69909187724849, 44.16406732370546] },
      "properties": {
        "title": "From cod and mackerel to a lobster economy",
        "category": "history",
        "era": "industrial",
        "place": "Burnt Cove, Deer Isle",
        "body": "For most of the 19th century, cod and mackerel were the backbone of the fishery here, not lobster — canneries at Burnt Cove and at Green's Landing packed mackerel and clams for shipment, part of a regional network that ran 23 lobster canneries by 1880, absorbing roughly two-thirds of the whole Maine catch for Boston and New York markets. Lobster only became the dominant catch later, as overfishing and shifting markets hit the old groundfish stocks hard in the late 1800s and early 1900s.\n\nThe timing lined up with another local collapse: as granite quarrying wound down through the early 1900s, out-of-work quarrymen turned to lobstering to make a living, feeding people and boats into the same waters at the same moment groundfish were declining and lobster demand was rising. That double transition — from cod to lobster, and from stonecutters to lobstermen — is the direct ancestor of the harbor sailors pass through Stonington today, long since Maine's single largest lobster port by value.",
        "source": "Town of Stonington — History; Downeast Fisheries Trail — Lobster; Wild Maine — Stonington Lobster Economy"
      }
    },
    {
      "type": "Feature",
      "geometry": { "type": "Point", "coordinates": [-68.61804448435336, 44.126438891497415] },
      "properties": {
        "title": "How Merchant Row became a conservation landscape",
        "category": "history",
        "era": "modern",
        "place": "McGlathery Island, Merchant Row",
        "body": "McGlathery Island has one of the longest conservation histories of any Maine island — a Canadian nonprofit called Friends of Nature bought it in 1954, decades before land trusts were common, and held it as an unusually early example of private island conservation before finally transferring it to Maine Coast Heritage Trust in 2021.\n\nMCHT has since built out an eleven-preserve network across the wider archipelago: Green Island (47 acres, donated 1993), Saddleback Island (76 acres, purchased 2004), Nathan and Little Nathan Islands (2001), Bill's Island (an estate gift in 2005), The Fort (2001-2005), Sand Island and Eastern Mark Island (2003-2004), plus Gooseberry, Little Camp, and Andrews Islands added as recently as 2016. Roughly two-thirds of Merchant Row's fifty-some islands are protected today, built up piece by piece over five decades by multiple landowners and organizations rather than any single acquisition — a working example of how an entire named passage, not just one island at a time, can end up conserved.",
        "source": "Maine Coast Heritage Trust — History of Merchant Row; Ellsworth American — Maine Coast Heritage Trust Protects Islands Along Merchant Row"
      }
    },
    {
      "type": "Feature",
      "geometry": { "type": "Point", "coordinates": [-68.65170312216232, 44.02891142734267] },
      "properties": {
        "title": "A gift Isle au Haut didn't entirely want",
        "category": "history",
        "era": "modern",
        "place": "Duck Harbor, Isle au Haut",
        "body": "Ernest Bowditch — grandson of the navigator Nathaniel Bowditch, whose navigation manual still guides sailors two centuries later — built a summer resort called the Point Lookout Club on Isle au Haut and bought up large tracts of the island around it. Acadia National Park's backers first asked him to donate land around World War I; he said no.\n\nIt was his heirs, led by Richard Bowditch, who wrote to Interior Secretary Harold Ickes on July 6, 1942, proposing the gift Ernest never made — roughly 3,000 acres across the island's southern half, accepted in 1943 and formalized in January 1944. The gift wasn't universally welcomed on the island itself: some year-round residents opposed losing tax base and local control over land their town had always governed alone. Isle au Haut still runs that way today — the town governs most of the island, the Park Service manages only the donated southern portion — an unusually split arrangement for Acadia, and a reminder that \"national park\" and \"island community\" aren't always the same wish.",
        "source": "National Park Service — Isle au Haut history; Isle au Haut Community Oral History; Island Institute — Acadia's Offshore Island"
      }
    },
    {
      "type": "Feature",
      "geometry": { "type": "Point", "coordinates": [-68.678, 44.155] },
      "properties": {
        "title": "The small island town that outlands every other port in Maine",
        "category": "history",
        "era": "modern",
        "place": "Stonington Harbor",
        "body": "Stonington has been Maine's top lobster port by landed value for years running, not by a small margin — $46.3 million and roughly 15 million pounds in 2011 (its fourth straight year at #1), climbing to $60 million by 2014 and a record $77.3 million in 2021 before settling back to $44.7 million in 2022, still enough to hold the top spot. In 2025 the harbor landed roughly $49 million, about 22 percent of the combined value of Maine's ten busiest ports put together.\n\nOne town's fleet outproducing every other harbor in the state, working the same waters its quarrymen-turned-lobstermen first worked a century ago. It's easy to miss from the water, threading between working boats stacked three deep at the co-op floats, just how much of the state's whole lobster economy funnels through this one small harbor.",
        "source": "Ellsworth American — Stonington is Maine's Top Lobster Port Once Again; Island Institute — Stonington Tops in Lobster Again, Hitting $60 Million Mark; Rising Tide — Lobster Landings 2025"
      }
    },
    {
      "type": "Feature",
      "geometry": { "type": "Point", "coordinates": [-68.678, 44.298] },
      "properties": {
        "title": "The bridge with the same flaw as Tacoma Narrows — fixed in time",
        "category": "history",
        "era": "modern",
        "place": "Deer Isle-Sedgwick Bridge, Eggemoggin Reach",
        "body": "Before 1939, the only way onto Deer Isle from the mainland was a ferry across Eggemoggin Reach, which locals had come to consider antiquated and dangerous. The WPA-funded suspension bridge that replaced it, dedicated June 19, 1939, was designed by Holton D. Robinson and David B. Steinman — and it shared a design flaw with a much more famous bridge: a stiffening girder too shallow for its span, prone to oscillating in the wind, the same flaw that brought down the original Tacoma Narrows Bridge in November 1940.\n\nDeer Isle's bridge never collapsed, but after watching newsreel footage of Tacoma Narrows twisting itself apart, Steinman came back to Eggemoggin Reach himself and retrofitted his own bridge with extra cable and floor stays to stiffen it against exactly that failure. It has carried traffic safely ever since — a bridge that could have been a second famous collapse, saved by its own engineer learning from the first one in time.",
        "source": "Wikipedia — Deer Isle Bridge; Island Institute — The Year Steel and Cable Changed Deer Isle; Living New Deal; HistoricBridges.org"
      }
    },
    {
      "type": "Feature",
      "geometry": { "type": "Point", "coordinates": [-68.45268880502076, 44.142516835814256] },
      "properties": {
        "title": "Granite meets basalt at Swan's Island",
        "category": "geology",
        "place": "Swan's Island",
        "body": "Along Swan's Island's shore, granite and basalt meet in a textbook example of \"bimodal magmatism\" — hot, dark mafic magma intruding granite that was still partly molten, some 424 million years ago in the Silurian. Where the two mixed, the mafic magma cooled into rounded, pillow-shaped blobs suspended in the lighter granite; younger mafic dikes cut straight through granite that had already solidified, each edged with a fine-grained chilled margin where it met the cooler rock. Diorite bands nearby likely formed where the two magmas partly mixed rather than staying fully separate. The island's beaches are largely fine sand weathered straight out of that same granite — quartz, feldspar, and biotite ground down by the sea.",
        "source": "Maine Geological Survey, Maine Geologic Facts and Localities — Pillow Lavas I Have Known; Hamilton College Geosciences — Swan's Island field guide"
      }
    },
    {
      "type": "Feature",
      "geometry": { "type": "Point", "coordinates": [-68.61695589249732, 44.017480984601555] },
      "properties": {
        "title": "A second magma story, at the other end of Isle au Haut",
        "category": "geology",
        "place": "Eastern Head, Isle au Haut",
        "body": "Western Head gets the volcanic-eruption story — an ancient supervolcano's ash and lava. Eastern Head and neighboring Eastern Ear Island, a few miles away on the same island, tell a different one entirely: the Isle au Haut Igneous Complex, a 424-million-year-old body of granite intruding a much larger layered complex of gabbro, diorite, and quartz monzodiorite — rock that cooled slowly, deep underground, rather than erupting. Where the granite met the still-hot gabbro, chilled, pillow-shaped contacts formed at the boundary, the same texture Swan's Island shows on a different scale. The granite body alone covers roughly 28 square kilometers; the gabbro-diorite complex beneath and around it, about 51. Two very different rock stories, from two very different depths, are exposed within a few miles of each other on the same island.",
        "source": "Geological Society of Maine — Geology of Isle au Haut, ME (Summer Field Trip Guide, July 2015), M. Chapman & R. Gerber"
      }
    },
    {
      "type": "Feature",
      "geometry": { "type": "Point", "coordinates": [-68.62282252974285, 44.01784053145374] },
      "properties": {
        "title": "A fishing village the sea swallowed, and the beach that outran it",
        "category": "geology",
        "place": "Head Harbor, Isle au Haut",
        "body": "Two pieces of evidence on Isle au Haut tell opposite chapters of the same story. High on the island's south-facing slopes, a cobble beach sits stranded at 220-240 feet above today's sea level — left there roughly 15,500 years ago, right after the last glacier retreated, when the land, freed of the ice's weight, briefly stood higher relative to the sea than it does now. Down at Head Harbor, the opposite process is still visible today: the remains of a 19th-century fishing village lie along the harbor's west shore, now partly drowned as sea level has crept back up. Between those two points — one stranded high and dry, one being reclaimed by the tide — is roughly 15,000 years of the island rising, then the sea catching back up.",
        "source": "Geological Society of Maine — Geology of Isle au Haut, ME (Summer Field Trip Guide, July 2015), M. Chapman & R. Gerber"
      }
    },
    {
      "type": "Feature",
      "geometry": { "type": "Point", "coordinates": [-68.45268880502076, 44.142516835814256] },
      "properties": {
        "title": "Shell heaps that predate any English name",
        "category": "history",
        "era": "colonial",
        "place": "Swan's Island",
        "body": "Shell middens are scattered across Swan's Island — mostly clam, mixed with oyster, sea urchin, fish bone, and deer and waterfowl remains, some large enough to suggest long-term seasonal camps or even year-round settlement rather than brief visits. Wabanaki people built most of what's visible today, over a span running from roughly 4,000 years ago right up through European contact; the Malecite (Wolastoqiyik) people specifically are documented using this stretch of coast before the Indian Wars of 1725-26 disrupted Native life across the region.\n\nArrowheads and other stone tools still turn up occasionally today, surfaced by farming, construction, or ordinary coastal erosion — a reminder that the island had a working, inhabited history for millennia before anyone called it Swan's, or Burnt Coat, or anything in English at all.",
        "source": "Maine Memory Network — Swan's Island: Canoes and Clamshells"
      }
    },
    {
      "type": "Feature",
      "geometry": { "type": "Point", "coordinates": [-68.4141372, 44.1757015] },
      "properties": {
        "title": "Burnt Coat becomes Swan's Island, on a promise of free land",
        "category": "history",
        "era": "colonial",
        "place": "Atlantic, Swan's Island",
        "body": "Samuel de Champlain charted this island as \"Brule-Côte\" — \"burnt hill\" — for old fire scars visible from the water, a name English speakers anglicized to Burnt Coat, or Burnt Coal. It carried that name for nearly two centuries before a Massachusetts land speculator named Colonel James Swan bought it, along with 24 neighboring islands, from the state in 1786.\n\nSwan offered generous terms to attract settlers he needed to make his purchase worth anything: 100 acres of free land to any family willing to build a house, farm the land, and stay seven years. David Smith, a Revolutionary War veteran, took him up on it in 1791, becoming the island's first permanent European settler. The island eventually took Swan's name instead of Burnt Coat's — though, as it turned out, Swan himself never once set foot on it.",
        "source": "Wikipedia — Swan's Island, Maine; Maine Memory Network — Early Settlement"
      }
    },
    {
      "type": "Feature",
      "geometry": { "type": "Point", "coordinates": [-68.4527, 44.1425] },
      "properties": {
        "title": "The man the island is named for never saw it",
        "category": "history",
        "era": "revolution",
        "place": "Swan's Island",
        "body": "James Swan earned his island's namesake the hard way. A Sons of Liberty member who took part in the Boston Tea Party, he fought at Bunker Hill in 1775 and was wounded twice; as secretary of Massachusetts's wartime Board of War, he spent down his own personal fortune keeping the Continental Army supplied.\n\nAfter the war he speculated in land — including the 1786 purchase of Burnt Coat Island and two dozen neighbors that would eventually bear his name — and moved to Paris around 1787. In 1795, acting as an agent for France, he restructured roughly $38.4 million (in 2025 dollars) of American Revolutionary War debt owed to France into obligations held by private investors instead. It didn't end well for him personally: French creditors had him thrown into debtors' prison in Paris in 1808, and he stayed there for 22 years, finally released around 1830 — only to die in Paris that same year, on July 31, 1830, having never once visited the island that still carries his name today.",
        "source": "Wikipedia — James Swan (financier)"
      }
    },
    {
      "type": "Feature",
      "geometry": { "type": "Point", "coordinates": [-68.475, 44.145] },
      "properties": {
        "title": "A granite village at Minturn",
        "category": "history",
        "era": "industrial",
        "place": "Minturn, Swan's Island",
        "body": "Granite quarrying reshaped the western side of Swan's Island starting around 1890, when Baird's Quarry opened at Minturn and grew to a working face 500 by 250 feet — big enough that the village around it filled with boarding houses and stores for an immigrant workforce drawn in to cut and finish the stone (one source dates the operation instead to 1901, under the Matthew Baird Contracting Company of New York; the exact opening year isn't fully settled between accounts).\n\nFinished granite went out on barges from Quarry Wharf, towed clear of the harbor on a pulley-and-cable rig anchored to Ringbolt Ledge before the tow vessel raised sail for New York or Boston. Like most of Maine's island quarries, Baird's didn't survive the Depression — but for four decades, Minturn was a company town built entirely around the rock underneath it.",
        "source": "Maine Memory Network — Baird's Quarry; Working Waterfront Archives — When Rock Was a Star on Swan's Island"
      }
    },
    {
      "type": "Feature",
      "geometry": { "type": "Point", "coordinates": [-68.4417, 44.14] },
      "properties": {
        "title": "A lighthouse pair too confusing to keep",
        "category": "history",
        "era": "industrial",
        "place": "Hockamock Head, Swan's Island",
        "body": "Burnt Coat Harbor Light first shone from Hockamock Head on August 15, 1872 — originally not one light but a pair of range lights meant to be lined up by approaching captains to mark a safe course into the harbor. In practice, mariners found the two lights more confusing than helpful, and the harbor recorded roughly one shipwreck a year until the Lighthouse Board gave up on the range-light arrangement and discontinued one of the pair in 1884.\n\nThe remaining light was automated in 1975, its original fourth-order Fresnel lens removed, and the Coast Guard finally handed the whole station over to the Town of Swans Island in 1993. A restoration effort begun in 2006 has kept the light — and its keeper's house, now a small museum — standing at the harbor mouth today.",
        "source": "Wikipedia — Burnt Coat Harbor Light; Lighthousefriends.com"
      }
    },
    {
      "type": "Feature",
      "geometry": { "type": "Point", "coordinates": [-68.44535004311568, 44.1474894326225] },
      "properties": {
        "title": "From a 44-foot mailboat to the state ferry",
        "category": "history",
        "era": "modern",
        "place": "Burnt Coat Harbor, Swan's Island",
        "body": "Before the State of Maine ran a ferry here, a privately owned 44-foot boat called the Sea Wind carried passengers, mail, and freight between Bass Harbor (then still called McKinley) and Swan's Island by way of Frenchboro, starting in 1950 — one round trip a day, mail six days a week, and no vehicles at all.\n\nThe Maine Legislature handed ferry service to the newly formed Maine Port Authority in 1957, and the William S. Silsby began real vehicle service in July 1960, carrying seven or eight cars a trip. The route has been upgraded twice since: first to an eleven- or twelve-car boat, then to the Captain Henry Lee in 1992, a sixteen-to-seventeen-car ferry that still runs multiple trips a day between Bass Harbor and Swan's Island — the same crossing the Sea Wind once made alone.",
        "source": "Maine Memory Network — The Swan's Island Ferry"
      }
    },
    {
      "type": "Feature",
      "geometry": { "type": "Point", "coordinates": [-68.6317635, 44.0718969] },
      "properties": {
        "title": "The exclusive club that closed itself off, then gave itself away",
        "category": "history",
        "era": "industrial",
        "place": "Isle au Haut",
        "body": "In 1879, landscape architect Ernest Bowditch — grandson of navigator Nathaniel Bowditch, and a contemporary of Frederick Law Olmsted, the designer of Central Park — discovered Isle au Haut on a boat trip while fleeing an already-crowded Bar Harbor. He and his partners bought land and founded the Point Lookout Club, an exclusive summer resort that quickly drew wealthy \"rusticators\" from Boston, New York, and Philadelphia. Cottages sat on a hill above the harbor, arranged for privacy and ocean views, linked by curved pathways to a central clubhouse; the club eventually cut trails across much of the island.\n\nThe club closed during World War II as the Bowditch family's scattered holdings became too unwieldy to maintain — the same holdings Richard Bowditch would write to the Interior Secretary about in 1942, leading to the 1943 land donation that put part of Isle au Haut into Acadia National Park. The exclusive resort and the public park it eventually became are, in a real sense, the same land changing hands twice.",
        "source": "Points East — Isle au Haut: Acadia's Offshore Island; National Parks Traveler — An Island Apart"
      }
    },
    {
      "type": "Feature",
      "geometry": { "type": "Point", "coordinates": [-68.6317635, 44.0718969] },
      "properties": {
        "title": "The first family to actually stay",
        "category": "history",
        "era": "colonial",
        "place": "Isle au Haut",
        "body": "Champlain named the island in 1604, but nobody settled it for nearly two centuries afterward. The first documented permanent European settler was Peletiah Barter, who arrived in 1792 — by 1800, about fifty English and Scottish settlers were living on the island, making a living from sheep-raising, farming, and fishing, the same three trades that would define Isle au Haut's economy for the next century.\n\nThe island incorporated as its own town in 1874, splitting off from Deer Isle, by which point that first handful of families had grown into a real year-round community — one that would go on to peak in population around 1880, before a long, well-documented decline set in.",
        "source": "Isle Au Haut Historical Society; Wikipedia — Isle au Haut, Maine"
      }
    },
    {
      "type": "Feature",
      "geometry": { "type": "Point", "coordinates": [-68.6317635, 44.0718969] },
      "properties": {
        "title": "A town that lost nine of every ten residents",
        "category": "history",
        "era": "modern",
        "place": "Isle au Haut",
        "body": "Isle au Haut's year-round population peaked at 274 in 1880, then fell almost every decade after: 182 by 1900, 160 by 1910, 102 by 1920, just 75 by 1935. Today it holds somewhere between 30 and 50 year-round residents — under a fifth of its Gilded Age peak.\n\nThe cause is specific and well documented, not just \"rural decline\" in general: mainland advances in motorized boats and rail transport undercut an isolated island's competitiveness for lobstering and fish transport, work that used to require living right where the fish were. Nearly half of today's year-round residents are still lobstermen. About 60 percent of the island is now Acadia National Park land — meaning the island's population loss and its conservation history are really two sides of the same hundred-year story.",
        "source": "Island Institute — Isle au Haut Community Profile; Mainebiz — On Isle au Haut, Maine's economic woes are magnified"
      }
    },
    {
      "type": "Feature",
      "geometry": { "type": "Point", "coordinates": [-68.309, 44.312] },
      "properties": {
        "title": "Pemetic, \"the sloping land\"",
        "category": "history",
        "era": "colonial",
        "place": "Mount Desert Island",
        "body": "Wabanaki people called this island Pemetic — \"the sloping land\" — and were present here for more than 5,000 years before any European saw it: hunting, fishing, gathering shellfish and plants, living in bark-covered conical shelters, and traveling the coast by birchbark canoe. Samuel de Champlain landed on September 5, 1604, and named it for what he saw from the water: \"the mountain summits are all bare and rocky... I name it Isles des Monts Déserts\" — Islands of the Bare Mountains, since worn down in English to Mount Desert.\n\nFrench Jesuits established the first French mission in what's now the United States here in 1613, at Saint-Sauveur near the mouth of Somes Sound — destroyed by an English raiding party the same year it was founded, one of the opening skirmishes in more than a century of French-English contest for this coast.",
        "source": "National Park Service — Acadia History Brief; National Park Service — Samuel de Champlain"
      }
    },
    {
      "type": "Feature",
      "geometry": { "type": "Point", "coordinates": [-68.32392199706004, 44.366344861477096] },
      "properties": {
        "title": "Somesville, the island's first real town",
        "category": "history",
        "era": "colonial",
        "place": "Somesville, Mount Desert Island",
        "body": "Massachusetts royal governor Francis Bernard obtained a land grant covering Mount Desert Island in 1760; the following year, Abraham Somes and James Richardson settled at the head of what's now Somes Sound, founding the island's first permanent English settlement. The village that grew up around them still carries Somes's name today.\n\nBernard's own claim to the island wouldn't go unchallenged for long — a much older, French royal grant to Antoine de la Mothe Cadillac was about to resurface in the hands of his own descendants, setting up one of the stranger land disputes in Maine history barely a generation later.",
        "source": "National Park Service — Acadia History Brief"
      }
    },
    {
      "type": "Feature",
      "geometry": { "type": "Point", "coordinates": [-68.28143776394398, 44.29658488203371] },
      "properties": {
        "title": "A French noblewoman, a royal grant, and Jefferson's thumb on the scale",
        "category": "history",
        "era": "revolution",
        "place": "Mount Desert Island",
        "body": "In 1688, Antoine Laumet de la Mothe Cadillac — the same man who'd go on to found Detroit — received a 100,000-acre French royal land grant that included all of Mount Desert Island. It sat unused by his family for a century, through the entire English takeover of the coast and the Revolution itself.\n\nThen, in 1786, Cadillac's granddaughter Marie Thérèse de Gregoire arrived from France with her husband and children to claim her grandfather's old grant — and found powerful American allies willing to back a French noblewoman's inherited claim in the young republic's very first years of independence: both Thomas Jefferson and the Marquis de Lafayette actively sponsored her case, part of a broader wave of post-Revolution American goodwill toward France. By 1787 the Massachusetts General Court granted her most of the island's eastern half. The western half went instead to John Bernard, son of the same royal governor whose 1760 grant had brought the Somes family here in the first place. Madame de Gregoire lived out her life on the island she'd crossed an ocean to claim, until her death in 1811.",
        "source": "MDIslander — Historical records: Early island ownership; Bangor Daily News — Cadillac Mountain's 'scoundrel' namesake; National Park Service — Acadia History Brief"
      }
    },
    {
      "type": "Feature",
      "geometry": { "type": "Point", "coordinates": [-68.3324, 44.3106] },
      "properties": {
        "title": "A quarry that put the island's granite in the Library of Congress",
        "category": "history",
        "era": "industrial",
        "place": "Hall Quarry, Mount Desert Island",
        "body": "Cyrus Hall opened Hall Quarry on the western shore of Somes Sound in 1871, founding what became the Standard Granite Company — one of roughly fifty quarries that operated across Mount Desert Island at the granite industry's peak. Somes Sound's real fjard-deep water let loaded schooners tie up directly at the quarry face, no lightering required, a genuine geographic advantage most Maine granite islands didn't have.\n\nMDI granite went into the Library of Congress, the Brooklyn Bridge, and the Philadelphia Mint, among other landmark buildings up and down the East Coast. The industry peaked in the 1890s; Hall's own operation closed in 1901 after a major contract fell through, part of the same broader collapse — cheaper structural steel and reinforced concrete — that ended most of Maine's island granite quarrying within a generation.",
        "source": "Maine Memory Network — The Granite and Ice Industries; Belfast Museum — The Granite Empire of C.J. Hall"
      }
    },
    {
      "type": "Feature",
      "geometry": { "type": "Point", "coordinates": [-68.20583149999999, 44.391934066666664] },
      "properties": {
        "title": "Painters discover the island, then everyone else follows",
        "category": "history",
        "era": "industrial",
        "place": "Bar Harbor",
        "body": "Hudson River School painters — Thomas Cole, Frederic Church among them — began popularizing Mount Desert Island's dramatic scenery in paintings starting in the mid-1800s, well before most Americans could easily travel here. By 1880, some thirty hotels were competing for the vacationers those paintings had sent north.\n\nWhat followed, through the 1880s into the 1920s, was one of the great concentrations of American wealth ever assembled in one small place: Rockefellers, Morgans, Fords, Vanderbilts, Carnegies, and Astors all built lavish summer \"cottages\" — some with dozens of rooms — in Bar Harbor, Northeast Harbor, and Seal Harbor. The word \"cottage\" was a deliberate understatement even then; these were mansions built to look modest against the landscape, not modest in any other sense.",
        "source": "National Park Service — Acadia History Brief"
      }
    },
    {
      "type": "Feature",
      "geometry": { "type": "Point", "coordinates": [-68.27, 44.34] },
      "properties": {
        "title": "A carriage-road network built to keep cars out",
        "category": "history",
        "era": "modern",
        "place": "Mount Desert Island interior",
        "body": "John D. Rockefeller Jr. personally financed and oversaw construction of 57 miles of carriage roads across Mount Desert Island between 1913 and 1940, spending roughly $3.5 million of his own money — motivated by a simple, stubborn wish: to travel the island by horse and carriage without ever having to share the road with an automobile. Forty-five of those miles lie within today's Acadia National Park; the rest cross private land.\n\nHe financed sixteen of the road system's seventeen stone-faced bridges — each one individually designed, built from steel-reinforced concrete faced in native stone so they'd read as part of the landscape rather than engineering dropped onto it. Rockefeller ultimately donated some 10,000 acres to the public, the entire carriage-road network included — a car-free network built by one of the wealthiest men in America, out of a personal dislike for the automobile.",
        "source": "National Park Service — Acadia's Historic Carriage Roads; Friends of Acadia — Built to Last"
      }
    },
    {
      "type": "Feature",
      "geometry": { "type": "Point", "coordinates": [-68.211, 44.37] },
      "properties": {
        "title": "The man who built a national park out of donated backyards",
        "category": "history",
        "era": "modern",
        "place": "Sieur de Monts Spring, Mount Desert Island",
        "body": "George B. Dorr and a small group of MDI's wealthy summer residents formed the Hancock County Trustees of Public Reservations in 1901, worried that the same real-estate boom drawing the rich to the island might eventually develop right over its wild land too. By 1913 the group had assembled 6,000 acres, entirely through private land donations — no government purchase involved.\n\nPresident Wilson proclaimed the land Sieur de Monts National Monument in 1916, then signed the act creating Lafayette National Park in 1919 — the first national park east of the Mississippi River — with Dorr installed as its first superintendent, a position he'd essentially spent two decades unofficially auditioning for. The park was renamed Acadia in 1929 and has grown since to protect more than 47,000 acres, almost all of it, like that first 6,000, given rather than bought.",
        "source": "National Park Service — Acadia History Brief"
      }
    },
    {
      "type": "Feature",
      "geometry": { "type": "Point", "coordinates": [-68.20583149999999, 44.391934066666664] },
      "properties": {
        "title": "The fire that ended the Gilded Age cottages",
        "category": "history",
        "era": "modern",
        "place": "Bar Harbor",
        "body": "It started small: on October 17, 1947, a resident reported smoke from a smoldering cranberry bog near the park boundary. For three days it stayed contained, burning only about 169 acres — until October 21, when strong winds drove it explosively out of control.\n\nBy the time it was fully out, the fire had burned 17,188 acres, roughly half of it inside Acadia National Park itself, destroying 67 of the great Gilded Age summer estates, five large hotels, and 170 year-round homes — over $23 million in 1947 dollars. Bar Harbor's era as a playground for Rockefellers, Morgans, and Vanderbilts effectively ended in those four days; many of the grandest cottages were never rebuilt, and the town that emerged afterward was a fundamentally more modest place than the one that burned.",
        "source": "Wikipedia — Great Fires of 1947; National Wildfire Coordinating Group — Staff Ride to the Bar Harbor Fire"
      }
    },
    {
      "type": "Feature",
      "geometry": { "type": "Point", "coordinates": [-68.2249, 44.3527] },
      "properties": {
        "title": "Cadillac Mountain's pink granite",
        "category": "geology",
        "place": "Cadillac Mountain, Mount Desert Island",
        "body": "The pink granite core of Cadillac Mountain — the highest point on the U.S. Atlantic seaboard north of Rio de Janeiro, at 1,530 feet — is most commonly dated to about 419-424 million years old, straddling the Silurian-Devonian boundary, though at least one published study puts it closer to 365 million years; both figures are worth knowing since the literature hasn't fully settled the question. A shatter zone borders the granite where it intruded older rock, and diabase dikes — dark, sharp-edged bands of a different, later magma — cut straight across it in places, visible right in the exposed summit rock.",
        "source": "Cadillac Mountain — Wikipedia; USGS Geolex — Cadillac"
      }
    },
    {
      "type": "Feature",
      "geometry": { "type": "Point", "coordinates": [-68.2249, 44.3527] },
      "properties": {
        "title": "The \"first sunrise\" claim, and when it's actually true",
        "category": "geology",
        "place": "Cadillac Mountain, Mount Desert Island",
        "body": "Cadillac Mountain is often billed as the first place in the United States to see the sunrise — real, but only for part of the year. Its height (1,530 feet, the tallest point on the whole North Atlantic seaboard) and easterly position let it beat the sun to the mainland only from October 7 through March 6; for the rest of the year, West Quoddy Head near Lubec — flatter, but further east — wins instead, except for a short window (March 7-24 and September 19-October 6) when the two effectively trade the title back and forth as the sun's rising point shifts along the horizon.",
        "source": "New England Today / Yankee Magazine — Where does the sun shine first in the United States"
      }
    },
    {
      "type": "Feature",
      "geometry": { "type": "Point", "coordinates": [-68.309, 44.312] },
      "properties": {
        "title": "Somes Sound: a fjard, not quite a fjord",
        "category": "geology",
        "place": "Somes Sound, Mount Desert Island",
        "body": "Somes Sound is routinely called \"the only fjord on the U.S. East Coast,\" but geologists classify it more precisely as a fjard — a real, glacially carved distinction, not just pedantry. A true Norwegian-style fjord has extreme vertical relief and often poorly mixed, oxygen-starved bottom water; Somes Sound's walls are comparatively gentler, and its water is well-oxygenated and well-mixed rather than stagnant at depth. It's still a genuinely rare landform — the only inlet of its kind on the entire U.S. Atlantic coast — just not, strictly, a fjord.",
        "source": "Maine Geological Survey — Somes Sound, Mount Desert Island"
      }
    },
    {
      "type": "Feature",
      "geometry": { "type": "Point", "coordinates": [-68.2453, 44.3592] },
      "properties": {
        "title": "A boulder that rode the ice nineteen — or forty — miles",
        "category": "geology",
        "place": "South Bubble, Mount Desert Island",
        "body": "Bubble Rock, perched on the southeast corner of South Bubble's summit, is a glacial erratic of white granite that stands out immediately against the pink granite of the Bubbles themselves — because it didn't form there. Retreating glaciers dropped it in place roughly 10,000 years ago, having carried it from a granite outcrop near Lucerne, Maine; sources disagree on exactly how far it traveled, giving distances anywhere from 19 to 40 miles, but agree on the basic story: this rock rode an ice sheet a long way before being set down, balanced, on someone else's mountain.",
        "source": "The Bubbles (Mount Desert Island) — Wikipedia; Maine Ice Age Trail — The Bubbles"
      }
    },
    {
      "type": "Feature",
      "geometry": { "type": "Point", "coordinates": [-68.1857, 44.3283] },
      "properties": {
        "title": "A beach made of shells, not sand",
        "category": "geology",
        "place": "Sand Beach, Mount Desert Island",
        "body": "Sand Beach, tucked between Great Head and Otter Cliff, isn't made of the mineral sand — quartz and feldspar grains — that forms most Maine beaches. It's built almost entirely from finely broken shell fragments: calcium carbonate ground down by waves from the shells of the mussels, barnacles, and sea urchins that live on the rocky coast around it. That composition makes it a genuine geological outlier on a coastline otherwise dominated by granite ledge and mineral-sand beaches, and gives the sand its distinctively pale color and slightly different texture underfoot.",
        "source": "National Park Service Geodiversity Atlas — Acadia National Park, Maine"
      }
    },
    {
      "type": "Feature",
      "geometry": { "type": "Point", "coordinates": [-68.2607, 44.4102] },
      "properties": {
        "title": "The Ovens: sea caves cut along a hidden fault",
        "category": "geology",
        "place": "The Ovens, Bar Harbor",
        "body": "The Ovens — a line of sea caves between Salisbury Cove and Hulls Cove, best seen at low tide — are cut into the Bar Harbor Formation, a siltstone and shale baked and hardened by the nearby intruding Cadillac granite. Small Silurian-age faults offset the rock layers here, juxtaposing a weaker layer against a stronger cap; the sea has spent thousands of years since exploiting exactly that weakness, hollowing out cave after cave along the fault line while the harder rock above holds firm. One of the larger caves, resembling a vaulted ceiling, has long been nicknamed Cathedral Rock.",
        "source": "Maine Geological Survey, Maine Geologic Facts and Localities — The Ovens, Bar Harbor, ME"
      }
    },
    {
      "type": "Feature",
      "geometry": { "type": "Point", "coordinates": [-68.20583149999999, 44.391934066666664] },
      "properties": {
        "title": "Sand and mud on top of a much older rock",
        "category": "geology",
        "place": "Bar Harbor Formation, Mount Desert Island",
        "body": "Much of eastern Mount Desert Island's bedrock is the Bar Harbor Formation — sandstone and siltstone hardened from sand and silt that accumulated on top of the much older Ellsworth Schist, itself a metamorphic rock formed long before this later sediment ever settled on it. It's a genuine layered stratigraphic sequence, older rock buried under younger, distinct from the separately-formed volcanic rocks of the nearby Cranberry Isles — a reminder that \"Mount Desert Island granite\" is really shorthand for at least three or four different rock stories stacked, intruded, and eroded together over hundreds of millions of years.",
        "source": "National Park Service Geodiversity Atlas — Acadia National Park, Maine"
      }
    },
    {
      "type": "Feature",
      "geometry": { "type": "Point", "coordinates": [-68.25040954893493, 44.24790442040619] },
      "properties": {
        "title": "Named for the bog, then set off on its own",
        "category": "history",
        "era": "colonial",
        "place": "Great Cranberry Island",
        "body": "The Cranberry Isles take their name from an actual 200-acre wild cranberry marsh on Great Cranberry Island — a name prominent enough by 1762 that it shaped Massachusetts Governor Francis Bernard's land grant for the area that same year (the same Bernard grant that, in a roundabout way, later fed into the Cadillac/Gregoire land dispute over Mount Desert Island itself). The earliest arrivals were transient — fishing, cutting barrel staves, then moving on — but the Bunker, Spurling, and Stanley families became the first to actually stay.\n\nOn March 16, 1830, the Maine Legislature set off Great Cranberry, Little Cranberry (Islesford), Sutton's, Baker's, and Bear Islands from the town of Mount Desert, incorporating them as their own town: Cranberry Isles, with Samuel Hadlock, Enoch Spurling, and Joseph Moore as first selectmen. The new town annexed additional Mount Desert land in 1849.",
        "source": "Cranberry Isles, Maine — Wikipedia"
      }
    },
    {
      "type": "Feature",
      "geometry": { "type": "Point", "coordinates": [-68.1987102731681, 44.24158372026205] },
      "properties": {
        "title": "The keeper who wouldn't switch parties",
        "category": "history",
        "era": "industrial",
        "place": "Baker Island",
        "body": "William and Hannah Gilley settled Baker Island around 1806 with two or three young children; by 1826 they had twelve. Two of their sons stayed on with families of their own, growing the island's year-round population to around twenty through the rest of the century. The U.S. Lighthouse Service built a lighthouse and keeper's house here in 1828 for $3,798.26, and William Gilley became its first keeper.\n\nLighthouse keeperships were political patronage jobs in that era, awarded and revoked with the White House. When Whig candidate Zachary Taylor won the presidency, Gilley — a Democrat — was offered a choice: switch parties, or lose the job. He refused, reportedly saying he wouldn't switch \"for all the lighthouses in the United States,\" and was fired in 1848 at age 63. He simply moved his operation to Great Duck Island, which he'd already bought in 1837 for $300. An 1898 Portland court ruling later upheld the Gilley family's land claim on Baker Island against a government challenge — the family outlasted the politics that had once cost them the lighthouse.",
        "source": "New England Historical Society — William Gilley, 1st Keeper, Baker Island Lighthouse; Keepers of Baker Island — History"
      }
    },
    {
      "type": "Feature",
      "geometry": { "type": "Point", "coordinates": [-68.23431351210584, 44.26201860760742] },
      "properties": {
        "title": "A ships' store that became an island's memory",
        "category": "history",
        "era": "modern",
        "place": "Islesford, Little Cranberry Island",
        "body": "Around 1850, Edwin Hadlock built a ships' chandlery on Little Cranberry Island to supply the fishing fleet working these waters; it operated as a store until roughly 1875, then became a general market, then apartments by 1912. Physics professor William Otis Sawtelle bought the building and repurposed it as the \"Blue Duck Ships' Store,\" founding the Islesford Historical Society and using the building as its headquarters and museum starting in 1919 — with a dedicated museum building added in 1927.\n\nThe National Park Service acquired the whole property in 1948, folding a private collector's personal preservation project into Acadia National Park itself; it was listed on the National Register of Historic Places on September 30, 1980. A 19th-century chandlery, saved by one professor's fascination with local history, is now a federally protected museum.",
        "source": "Wikipedia — Islesford Historical Museum and Blue Duck Ships Store"
      }
    },
    {
      "type": "Feature",
      "geometry": { "type": "Point", "coordinates": [-68.28143776394398, 44.29658488203371] },
      "properties": {
        "title": "From a captain's launch to a working ferry line",
        "category": "history",
        "era": "modern",
        "place": "Northeast Harbor–Cranberry Isles run",
        "body": "In the 1930s, Captain Eber Spurling ran mail out to the Cranberry Isles aboard his own launch, the Jerry — one man, one boat, carrying letters and small freight between the mainland and islands that had no other reliable link to it. Today's Beal & Bunker mailboat fleet, running the Double B and the Sea Queen between Northeast Harbor and the Cranberry Isles, descends directly from that same tradition: a private boat operator filling a gap the state ferry system never quite covered for these particular islands, the way it eventually did for places like Swan's Island.",
        "source": "Maine Boats Homes & Harbors"
      }
    },
    {
      "type": "Feature",
      "geometry": { "type": "Point", "coordinates": [-68.885, 44.128] },
      "properties": {
        "title": "The site that proved year-round life on the islands",
        "category": "history",
        "era": "colonial",
        "place": "Turner Farm Site, North Haven",
        "body": "North Haven holds eight sites on the National Register of Historic Places, every one of them a shell midden — but the Turner Farm Site is the most significant of all, showing three distinct occupation phases stretching back thousands of years. The oldest, the Moorehead phase around 5200 BCE, shows fishing supplemented by hunting land mammals. The Susquehanna phase that followed brought bear, moose, and seals taken from nearby rookeries. The latest, the Ceramic phase, shows something more: year-round occupation with a genuinely diverse food base, not just seasonal visits.\n\nThat last point matters — Turner Farm is one of the first sites anywhere on the Maine coast to provide clear evidence that people lived here permanently, all year, long before any European saw the Fox Islands. A 1970s Maine State Museum survey went on to identify more than 49 separate archaeological sites across the island, but Turner Farm remains the one that changed how archaeologists understood pre-contact life on this whole stretch of coast.",
        "source": "Wikipedia — Archaeological sites in North Haven, Maine"
      }
    },
    {
      "type": "Feature",
      "geometry": { "type": "Point", "coordinates": [-68.8212496, 44.0508472] },
      "properties": {
        "title": "Foxes on the shore, then a town named for a Boston lawyer",
        "category": "history",
        "era": "colonial",
        "place": "Vinalhaven",
        "body": "English captain Martin Pring named these two islands the Fox Islands in 1603, for the silver-gray foxes he saw along the shore — more than a century and a half before anyone from Europe actually settled them. Massachusetts Bay Colony claimed the islands by 1658, but the first permanent English settler, Thaddeus Carver, didn't arrive from Marshfield, Massachusetts until 1766.\n\nThe town covering both islands together incorporated on June 25, 1789, taking the name Vinalhaven after John Vinal, a Boston attorney with no documented connection to the islands beyond however he came to be honored in the naming — a common enough pattern in early Maine town-naming, where the name often tracked land agents, investors, or lawyers rather than settlers themselves. That single town would hold both islands together for the next fifty-eight years, until the split that created North Haven.",
        "source": "Wikipedia — Vinalhaven, Maine; Maine: An Encyclopedia — Vinalhaven Island"
      }
    },
    {
      "type": "Feature",
      "geometry": { "type": "Point", "coordinates": [-68.87138271272495, 44.12836009735765] },
      "properties": {
        "title": "A brief name, then the right one",
        "category": "history",
        "era": "industrial",
        "place": "North Haven",
        "body": "North Fox Island seceded from the town of Vinalhaven and incorporated as its own town on March 1, 1847 — briefly under the name \"Fox Isle,\" before the legislature settled on North Haven just four and a half months later, on July 13 of that same year. No surviving record spells out exactly why the two islands split after fifty-eight years as one town; what's documented is simply that they did, cleanly and quickly, going from one name to a placeholder to the permanent one inside a single year.\n\nWhatever drove the split, it stuck: North Haven and Vinalhaven have remained two separate towns ever since, sharing the same pair of islands and the thorofare between them, but never reuniting.",
        "source": "Wikipedia — North Haven, Maine"
      }
    },
    {
      "type": "Feature",
      "geometry": { "type": "Point", "coordinates": [-68.8212496, 44.0508472] },
      "properties": {
        "title": "The quarry owner who became governor",
        "category": "history",
        "era": "industrial",
        "place": "Vinalhaven",
        "body": "Granite quarrying on Vinalhaven began modestly in the 1820s, then took off after the Civil War. Joseph R. Bodwell opened his own Vinalhaven quarries in 1852 and built the operation into the Bodwell Granite Company, one of Maine's largest employers by the 1880s — big enough that Vinalhaven granite was specified by name in major East Coast building contracts, not just supplied generically. Stone cut on this island went into the Washington Monument and the U.S. Capitol Building itself.\n\nBodwell didn't stay just a quarry owner: he went on to become Governor of Maine, one of relatively few instances of a Maine granite baron parlaying an island quarry fortune directly into the state's highest office. The company he built ran until 1919, closing in the same general wave of collapse — cheaper steel and concrete — that ended Hurricane Island's quarry nearby around the same period.",
        "source": "Meander Maine — Vinalhaven's Granite Legacy; Maine History Journal — Bodwell Blue"
      }
    },
    {
      "type": "Feature",
      "geometry": { "type": "Point", "coordinates": [-68.87138271272495, 44.12836009735765] },
      "properties": {
        "title": "A lost race, a faster boat, and 140 years of grudge matches",
        "category": "history",
        "era": "industrial",
        "place": "North Haven",
        "body": "Summer resident William Weld lost a sailing race here in 1883, went home to Massachusetts still stewing about it, and had a faster boat built for the following season — then came back and beat everyone. His brother, impressed rather than annoyed, commissioned four exact copies from local North Haven builder James O. Brown. Those four boats started racing each other in 1885, and the first official, organized race of the class ran on August 15, 1887.\n\nThat class — the North Haven Dinghy — is still racing today, making it the oldest continuously-raced one-design sailboat fleet in North America, over 140 consecutive years and counting. A grudge over one lost race in 1883 turned into one of American sailing's longest unbroken traditions, still contested on the same water every summer.",
        "source": "Maine Boats Homes & Harbors — Historic Class of Racing Dinghies; North Haven Dinghy Foundation — History"
      }
    },
    {
      "type": "Feature",
      "geometry": { "type": "Point", "coordinates": [-68.8212496, 44.0508472] },
      "properties": {
        "title": "The first lobstermen's union in the country",
        "category": "history",
        "era": "modern",
        "place": "Vinalhaven",
        "body": "In the winter of 2012-2013, Vinalhaven's lobstermen did something no group of American lobstermen had organized before: faced with low boat prices and mounting friction with the Maine Lobstermen's Association's own leadership, they formed a union — the first lobstermen's union in the United States.\n\nIt's a distinctly modern chapter in an old story. This is the same island whose granite quarries once employed hundreds under Joseph Bodwell a century earlier; when that industry finally gave way entirely to fishing, the workers who make their living on the water organized themselves the same way industrial workers had, adapting a labor-movement tool built for factories and quarries to a fishery instead.",
        "source": "Wikipedia — Vinalhaven, Maine"
      }
    },
    {
      "type": "Feature",
      "geometry": { "type": "Point", "coordinates": [-68.93, 44.2] },
      "properties": {
        "title": "The 'Red Paint People' were never a people at all",
        "category": "history",
        "era": "colonial",
        "place": "Penobscot Bay (regional)",
        "body": "For decades, popular accounts described a mysterious, vanished \"Red Paint People\" who buried their dead with elaborate red-ocher ceremonies along this coast roughly 5,000 to 3,800 years ago, then disappeared without explanation. Real archaeology tells a different story: this was never a distinct people or race at all, but a shared burial practice — ritual use of powdered red ocher — carried out by multiple separate Archaic-period communities living along the central Gulf of Maine coast. Archaeologists now call the broader tradition these cemeteries belong to the Moorehead burial tradition, spanning a longer stretch of time, roughly 8,500 to 3,700 years ago, than the old \"Red Paint\" story ever accounted for.\n\nThe correction matters: there was no single vanished race practicing a mysterious ritual, just ordinary coastal communities — ancestors of the people who'd later be recorded as Wabanaki — burying their dead with a color and a practice that happened to preserve unusually well in the archaeological record.",
        "source": "David Sanger, \"'Red Paint People' and Other Myths of Maine Archaeology,\" Maine History 39.3 (2000); EBSCO Research Starters — Red Paint Culture"
      }
    },
    {
      "type": "Feature",
      "geometry": { "type": "Point", "coordinates": [-68.81278, 44.46806] },
      "properties": {
        "title": "Whose bay this is",
        "category": "history",
        "era": "colonial",
        "place": "Penobscot River mouth (regional)",
        "body": "Penobscot Bay and the river that feeds it are the traditional territory of the Penobscot Nation, one of five nations that together make up the Wabanaki Confederacy — alongside the Passamaquoddy, Wolastoqiyik (Maliseet), Mi'kmaq, and Abenaki, each with its own distinct homeland, language, and history across what's now Maine and the Canadian Maritimes. \"Wabanaki\" itself means, roughly, \"people of the dawn land\" — the easternmost place the sun reaches on this continent.\n\nThe Penobscot Nation's seat today is Indian Island, near Old Town, well up the Penobscot River from the bay itself — a reminder that this coastline was always understood as connected to a much larger inland watershed, not a separate place from it. Every named passage, thorofare, and harbor a modern chart shows in this bay sits within territory the Penobscot Nation has continuously occupied and used for thousands of years before any of those English or French names existed.",
        "source": "Abbe Museum — About the Wabanaki Nations; Wikipedia — Penobscot"
      }
    },
    {
      "type": "Feature",
      "geometry": { "type": "Point", "coordinates": [-68.8045303, 44.3917137] },
      "properties": {
        "title": "Bashaba, and the war that ended a confederacy",
        "category": "history",
        "era": "colonial",
        "place": "Penobscot River region (Bashaba's principal territory)",
        "body": "When Samuel de Champlain sailed into the Penobscot River in 1604, he recorded meeting Bashaba — not a personal name but a title, roughly \"head chief,\" held by the sachem who had primacy over the whole Penobscot River region and commanded real influence beyond it. For the next decade, Bashaba's confederacy was the dominant Native power on this stretch of coast.\n\nIt ended violently. Around 1615, Mi'kmaq and allied raiders — remembered in English colonial records as \"Tarratines\" — struck Bashaba's main village in a surprise attack, killing him along with his family and his chief warriors. His confederacy collapsed with him. Then, in 1616 to 1619, a devastating epidemic — likely introduced through earlier European contact — swept the coast, killing an enormous share of the surviving population, just a few years before the Plymouth Colony's founding in 1620. The Wabanaki world English colonists encountered in the 1620s was already a shattered remnant of the one Champlain had described barely fifteen years earlier.",
        "source": "Wikipedia — The Tarratine Wars; University of New England — Penobscot Chiefs and Governors"
      }
    },
    {
      "type": "Feature",
      "geometry": { "type": "Point", "coordinates": [-68.8045303, 44.3917137] },
      "properties": {
        "title": "A French baron, a Penobscot sachem's daughter, and a village of 160",
        "category": "history",
        "era": "colonial",
        "place": "Bagaduce (Castine)",
        "body": "Jean-Vincent d'Abbadie, Baron de St. Castin, was a French nobleman who came to Bagaduce — present-day Castine — as a young officer and never really left. He married Pidianiske, baptized Molly Mathilde, daughter of a Penobscot sachem, and settled into a genuinely mixed community of roughly 160 people living alongside French Fort Pentagouet, neither purely French nor purely Penobscot but both at once.\n\nSt. Castin's marriage wasn't a footnote to the fort's history — it was the reason the fort functioned at all in Wabanaki territory, giving French traders and soldiers a real kinship tie into the Penobscot Nation at a moment when English, French, and Wabanaki interests were all competing for the same stretch of coast. His village and the wars that eventually engulfed it — including Dummer's War in the 1720s, which drew the Penobscot in directly as Wabanaki Confederacy members — make Castine one of the few places on this bay where the cross-cultural reality of 17th-century Maine is this concretely documented, not just implied.",
        "source": "Wikipedia — Fort Pentagouet; Island Institute — Castine has rich native history, too; Wikipedia — Dummer's War"
      }
    },
    {
      "type": "Feature",
      "geometry": { "type": "Point", "coordinates": [-68.78180600573249, 44.53565451397586] },
      "properties": {
        "title": "A living nation, not just a history",
        "category": "history",
        "era": "colonial",
        "place": "Upper Penobscot Bay, near the river (regional)",
        "body": "The Penobscot Nation's history on this bay didn't end with colonization — it continues today, actively and sometimes contentiously. The Maine Indian Claims Settlement Act, signed October 10, 1980, formally defined the Penobscot Reservation as Indian Island and every island northward up the river from it, part of a broader settlement covering the Penobscot and Passamaquoddy nations' land claims across the state.\n\nThat settlement didn't end the legal questions. A 2015 federal court ruling held that the Penobscot Reservation's boundary doesn't extend to the river's waters themselves, even as it affirmed the tribe's sustenance fishing rights there — a real, unresolved tension between where a reservation's legal line sits and where a nation's actual, lived relationship with the water continues. For a bay whose whole character depends on people's relationship with the water, that's not a historical footnote; it's a live legal and cultural question still being worked out today.",
        "source": "Maine Public — Judge: Penobscot Reservation Does Not Include River's Waters (2015); Cultural Survival — We Are a Riverine People: Penobscot Nation, Maine"
      }
    },
    {
      "type": "Feature",
      "geometry": { "type": "Point", "coordinates": [-68.9082542, 44.3051328] },
      "properties": {
        "title": "Mountains in winter, the sea in summer",
        "category": "history",
        "era": "colonial",
        "place": "Penobscot Bay (regional)",
        "body": "Long before any chart marked this bay's islands by name, Wabanaki families moved through it on a seasonal rhythm: inland toward the mountains and river valleys for winter hunting, back down to the coast every summer for fishing, shellfishing, and gathering, following food rather than staying fixed in one place year-round. Recent GIS research modeling ancestral canoe travel times through the wider Wabanaki homeland (mostly focused on river and portage routes rather than open-water bay crossings) confirms just how much river and seasonal water conditions shaped exactly when and how people could move between those inland and coastal sites.\n\nThe islands scattered across Penobscot Bay were never remote or empty in that world — they were seasonal destinations, reached deliberately, on a calendar that repeated every year for thousands of years before European contact interrupted it.",
        "source": "National Park Service — Wabanaki Life Thousands of Years Ago; University of New Brunswick — A GIS approach to ancestral Wabanaki canoe routes and travel times"
      }
    },
    {
      "type": "Feature",
      "geometry": { "type": "Point", "coordinates": [-68.9082542, 44.3051328] },
      "properties": {
        "title": "A 1,500-year-old village plan, still visible in the ground",
        "category": "history",
        "era": "colonial",
        "place": "Islesboro",
        "body": "A four-acre shell midden on Islesboro, excavated by Maine State Museum archaeologists in 1980, turned out to hold something rarer than the shell itself: the outline of an actual planned village. Semi-subterranean pit-houses, each roughly 3 to 4 meters across, sat arranged in two neat rows of three, parallel to the shore — a layout, not a random scatter of camps. A 13-meter excavation trench turned up fire-cracked rock, charcoal, pottery, and stone tools, including clear evidence that tools were being manufactured on site, not just used and discarded.\n\nRadiocarbon and artifact dating puts the village at roughly 1,500 years old, and its house style — that particular pit-house form — had already fallen out of use by the time Europeans arrived, meaning it represents a way of living on this island that had already changed at least once before Champlain ever sailed past it. It's one of the best-preserved sites of its kind anywhere in northeastern North America, and it's been on the National Register of Historic Places since February 22, 1982.",
        "source": "Wikipedia — Archeological Site No. 29-64"
      }
    },
    {
      "type": "Feature",
      "geometry": { "type": "Point", "coordinates": [-68.95269518390627, 44.25656936797985] },
      "properties": {
        "title": "A 1692 raid, and the tradition it didn't manage to end",
        "category": "history",
        "era": "colonial",
        "place": "Seven Hundred Acre Island, near Islesboro",
        "body": "Penobscot and Tarratine people had summered on Islesboro and its neighboring islands to hunt and fish for generations before any European settled there, leaving shell middens along the shore as the physical record of it. In August 1692, during King William's War, English Captain Benjamin Church landed first on Seven Hundred Acre Island, then on Islesboro itself, driving off French traders and Native people he found there and confiscating their beaver and moose pelts — the first recorded European contact on the island, and not a friendly one.\n\nWhat's easy to miss in that raid's aftermath is what it didn't accomplish: Native people kept coming back. From the mainland, they continued returning to Islesboro afterward to pick berries, dig clams, gather sweetgrass for basketry, and split ash for containers — practices that continued, documented, into the 1930s and '40s before finally fading out. A single violent raid in 1692 didn't sever a relationship with this place that had lasted for centuries before it, and clearly outlasted it by a quarter of a millennium.",
        "source": "Islesboro Historical Society via Maine Memory Network — Historical Overview"
      }
    },
    {
      "type": "Feature",
      "geometry": { "type": "Point", "coordinates": [-68.72623762815562, 44.409282569260064] },
      "properties": {
        "title": "One river, two names, and who was winning",
        "category": "history",
        "era": "colonial",
        "place": "Bagaduce River, Castine",
        "body": "The Etchemin people — ancestral to today's Passamaquoddy Tribe — originally called this river Chiboctous, \"big bay,\" a fitting name for its tidal inlets; Jesuit missionary Pierre Biard recorded Etchemins using that name near the river's mouth in 1611. But the name that stuck and is still used today, Majabigwaduce (shortened in everyday use to Bagaduce), isn't Etchemin at all — it's Mi'kmaq, a nation whose homeland lay in what's now Canada's Maritime provinces and northern Maine.\n\nThat naming shift reflects a real shift in power, not just linguistic drift: through the 1500s, the Mi'kmaq built a lucrative firearms-for-furs trade with French traders, then leveraged the resulting military advantage to raid south along this coast, controlling the Penobscot Bay region by around 1600. Captain John Smith's own 1614 map even labels Isle au Haut \"the Isle of Sorico\" — a name reflecting Mi'kmaq dominance of the area at the time he charted it. The Etchemin name for this river didn't vanish entirely; it survives today in the Passamaquoddy word \"Keipokotus.\"",
        "source": "Indian Connections — Mi'kmaqs, Etchemins, and the original name of the Bagaduce River in Maine"
      }
    },
    {
      "type": "Feature",
      "geometry": { "type": "Point", "coordinates": [-69.0811519, 44.2125281] },
      "properties": {
        "title": "What the mountain and the river are actually saying",
        "category": "history",
        "era": "colonial",
        "place": "Camden and Belfast",
        "body": "Megunticook — the mountain and lake behind Camden Harbor — is usually translated as \"great swells of the sea,\" though at least one alternate reading gives \"at a stream below a height\" instead; scholars haven't fully settled which is more accurate. Passagassawakeag, the river running through Belfast, is documented as being \"of local Native American origin\" and is generally believed to mean \"a sturgeon's place\" or, more evocatively, \"a place for spearing sturgeon by torchlight\" — a name that describes an actual fishing technique, not just a location.\n\nNeither name has been definitively traced to one specific Wabanaki nation rather than a general regional usage, so it's fairest to describe both as Wabanaki in origin rather than claim more precision than the sources actually support. What's not in doubt is that both names describe this coast the way the people who lived here first actually used it — as water to fish, not just scenery to look at.",
        "source": "Wikipedia — Megunticook Lake; Wikipedia — Passagassawakeag River; Fannie Hardy Eckstorm, Indian Place-Names of the Penobscot Valley and the Maine Coast (1941)"
      }
    },
    {
      "type": "Feature",
      "geometry": { "type": "Point", "coordinates": [-68.89394247338392, 43.86169361280842] },
      "properties": {
        "title": "A stolen island, and the price of ignoring a complaint",
        "category": "history",
        "era": "colonial",
        "place": "Matinicus Island",
        "body": "Penobscot people — recorded in colonial documents as \"Tarratine Penobscots\" — had fished, hunted seabirds and seals, and gathered berries on Matinicus and its neighboring islands for generations before Ebenezer Hall settled there around 1750. Hall burned off grass on neighboring Green Island to make hay for his livestock, destroying land the Penobscot still relied on and depended on seasonally — and their complaints about it went nowhere. By summer 1751, Hall and his son had shot and killed two Native visitors to the island, buried them in Hall's own garden, burned their canoe, and kept their guns. Colonial authorities did nothing; at a formal 1752 conference, Penobscot leader Colonel Louis protested directly — \"the land is ours\" — and was ignored again.\n\nThe Penobscot didn't let it rest. On June 10, 1757, they laid siege to Hall's house, killed and scalped him, and took his wife and two daughters captive. It's a brutal story on both ends, but the actual injustice at its center — a stolen resource, a documented complaint, and years of official indifference before anyone acted — is the part worth understanding, not just the violence it eventually produced.",
        "source": "Fishermen's Voice — Genghis Khan, Charlemagne, and Ebenezer Hall; Halls of Bristol County — Ebenezer Hall and Matinicus Island"
      }
    },
    {
      "type": "Feature",
      "geometry": { "type": "Point", "coordinates": [-69.3182, 43.7628] },
      "properties": {
        "title": "The island that gave Samoset his English",
        "category": "history",
        "era": "colonial",
        "place": "Monhegan Island (just west of Penobscot Bay proper)",
        "body": "Monhegan's name is an English corruption of the Abenaki word Monchiggon — \"out-to-sea island\" — the term used by Samoset, the Wabanaki sagamore famous for walking into Plymouth Colony in March 1621 and greeting the stunned Pilgrims in fluent English. Wabanaki people used Monhegan as a summer fishing camp, not a year-round settlement, working the rich offshore grounds around it each season.\n\nSamoset's English had an ugly origin story behind it: in 1605, English captain George Waymouth kidnapped five Wabanaki men — including one named Assacumet — from near Pemaquid and New Harbor, just west of here, and carried them back to London. Those men spent years among the English before eventually returning to New England, part of the same chain of forced contact that put enough English in Wabanaki hands, a generation later, for a Wabanaki man to be the one doing the greeting when the Pilgrims arrived. Monhegan and Pemaquid sit just west of Penobscot Bay itself, on the Muscongus Bay side, but they're close enough to this cruising ground, and central enough to this history, to belong in the same story.",
        "source": "Wikipedia — Monhegan, Maine; Maine: An Encyclopedia — George Waymouth; Wikipedia — Assacumet"
      }
    },
    {
      "type": "Feature",
      "geometry": { "type": "Point", "coordinates": [-68.5991086, 44.4151492] },
      "properties": {
        "title": "A place of many fish, and the burial ground Harvard took",
        "category": "history",
        "era": "colonial",
        "place": "Blue Hill",
        "body": "The Blue Hill area's Wabanaki name was Alamoosook — \"place of many fish\" — long before English settlers Joseph Wood and John Roundy landed on Mill Island in 1762 to find land Native people had already known and used for thousands of years. In the late 1930s, an excavation near Blue Hill Bay uncovered at least 43 ancestral human remains and hundreds of associated items, buried beneath a shell midden whose calcium content had counteracted Maine's naturally acidic soil and preserved everything far better than it otherwise would have survived.\n\nHarvard University and its Robert S. Peabody Institute held those remains for decades afterward, and Maine tribes spent years fighting for their repatriation — a dispute that dragged on long after the excavation itself, and one that's forced a real reckoning with how American institutions have historically treated Native ancestors as research material rather than people owed return and rest.",
        "source": "Maine Memory Network — Blue Hill; The Maine Monitor — Maine tribes spent decades fighting Harvard for ancestral remains"
      }
    },
    {
      "type": "Feature",
      "geometry": { "type": "Point", "coordinates": [-68.8212496, 44.0508472] },
      "properties": {
        "title": "153 sites, and counting, across two small islands",
        "category": "history",
        "era": "colonial",
        "place": "Vinalhaven",
        "body": "North Haven's Turner Farm gets most of the attention, but Vinalhaven has its own documented pre-contact archaeology, including a site Maine's own Historic Preservation Commission records as the Candage Site. Across the Fox Islands as a whole — North Haven and Vinalhaven together — 153 recorded prehistoric archaeological sites have been identified, a striking density for two islands that, on a modern chart, mostly read as fishing and quarrying towns rather than as one of the more thoroughly documented pre-contact landscapes on this whole bay.\n\nThat density is itself the point: 153 sites isn't the record of occasional visits, it's the record of islands worked, camped on, and returned to constantly, for thousands of years, by people whose presence here didn't leave behind buildings or monuments in the way European settlement later would — just middens, tools, and the kind of evidence archaeologists have spent decades carefully mapping back into a coherent, continuous history.",
        "source": "Maine Historic Preservation Commission — prehistoric archaeological site index; Wikipedia — Archeological Site No. 29-64"
      }
    },
    {
      "type": "Feature",
      "geometry": { "type": "Point", "coordinates": [-68.04927944374421, 44.33101530706186] },
      "properties": {
        "title": "The place of the burning fires",
        "category": "history",
        "era": "colonial",
        "place": "Schoodic Peninsula, Frenchman Bay",
        "body": "\"Schoodic\" comes from the Passamaquoddy word \"Skutec\" — \"place of the burning fires\" — a name describing generations of use, not a single event. Wabanaki families harvested fish, clams, seabirds, and marine mammals around Frenchman Bay for thousands of years; shell-heap sites here date to somewhere between 1,000 and 2,000 years old, and at least 24 separate Indigenous archaeological sites are documented within what's now Acadia National Park's boundaries, Schoodic included.\n\nUniversity of Maine archaeologist David Sanger — the same researcher who untangled the \"Red Paint People\" myth elsewhere on this coast — led a student excavation at the Schoodic site itself in 1978, part of a long, ongoing effort to properly document Wabanaki heritage in and around this bay rather than let it stay a footnote to the region's more recently arrived summer-colony history.",
        "source": "Maine Indian Tribal-State Commission — Archaeology Then and Now: Exploring Wabanaki Heritage in and around Frenchman Bay; National Park Service — Indigenizing Archaeology at Acadia National Park"
      }
    },
    {
      "type": "Feature",
      "geometry": { "type": "Point", "coordinates": [-68.6378, 44.1375] },
      "properties": {
        "title": "Stonington Harbor — Anchorage & Moorings",
        "category": "anchorages",
        "place": "Stonington, Deer Isle",
        "anchorage": {
          "moorings": "Downtown moorings, wharves, and the fuel dock are reserved for the working fishing fleet, not visitors. There is a two-hour limit at the town float for yachts (drop-off only, not overnight).",
          "anchoringNotes": "Visiting yachts are welcome to anchor as long as it's clear of the channel and other boats. One spot is roughly 100 yards E/NE of red nun '16' (stay north of it, since it marks the Thorofare edge). A second, quieter overnight spot is about 3/4 mile south of the town dock off the entrance to Mill Pond on Crotch Island.",
          "holdingGround": "Good holding in mud reported off Crotch Island/Mill Pond entrance, roughly 7 ft at low water.",
          "protection": "Stonington Harbor itself gives good all-around protection; the Mill Pond/Crotch Island spot is more sheltered but current can run in the Thorofare.",
          "notes": "The inner harbor is a busy working lobster port with strong tidal current through the Thorofare — expect to share space with commercial traffic and be mindful of gear."
        },
        "source": "Cruising Club of America Cruising Guide to Maine, harbor page for Stonington (guides.cruisingclub.org/harbor/stonington/)"
      }
    },
    {
      "type": "Feature",
      "geometry": { "type": "Point", "coordinates": [-68.6423, 44.1698] },
      "properties": {
        "title": "Old Quarry Ocean Adventures (Webb Cove) — Moorings",
        "category": "anchorages",
        "place": "Webb Cove, Stonington",
        "anchorage": {
          "moorings": "Old Quarry Ocean Adventures maintains 14 moorings on Webb Cove plus a deep-water pier and float; rental moorings and dock space are available to visiting boaters, arranged directly with the operator.",
          "anchoringNotes": "Not documented in available sources — arrange a mooring or dock space with Old Quarry rather than anchoring on your own in the cove.",
          "contact": "Old Quarry Ocean Adventures, 130 Settlement Road, Stonington, ME; (207) 367-8977"
        },
        "source": "Old Quarry Ocean Adventures listing details via LandVest/Christie's property listing and Visit Maine business directory; location per Mapcarta (Webb Cove, Hancock County, ME)"
      }
    },
    {
      "type": "Feature",
      "geometry": { "type": "Point", "coordinates": [-68.6807, 44.1481] },
      "properties": {
        "title": "Billings Diesel & Marine — Moorings & Dockage",
        "category": "anchorages",
        "place": "Moose Island, Deer Isle Thorofare (half-mile west of Stonington)",
        "anchorage": {
          "moorings": "Billings Diesel & Marine maintains 11 granite-block moorings for boats up to 50 ft, plus alongside dockage for vessels up to 75 ft. Both moorings and dockage are first-come, first-served (no reservations).",
          "anchoringNotes": "Not a self-anchor spot — this is a full-service boatyard; visitors take a mooring or dock alongside.",
          "contact": "VHF Channel 16; phone (207) 367-2328"
        },
        "source": "Cruising Club of America Cruising Guide to Maine (Stonington harbor page) and Billings Diesel & Marine business listings (waterwayguide.com, deerisle.com); coordinates per Waterway Guide marina listing"
      }
    },
    {
      "type": "Feature",
      "geometry": { "type": "Point", "coordinates": [-68.6132, 44.1288] },
      "properties": {
        "title": "McGlathery Island (Merchant Row) — Anchorage",
        "category": "anchorages",
        "place": "Merchant Row, south of Stonington",
        "anchorage": {
          "moorings": "None — this is a conserved, undeveloped island (owned by Friends of Nature, transferred to Maine Coast Heritage Trust in 2021); no moorings maintained.",
          "anchoringNotes": "Popular free anchorage; anchor in the cove between Round Island and McGlathery Island for good swinging room, or off the main anchorage in about 21 ft. Pull far enough in for island wind protection; watch for rocks at low tide on the McGlathery side. A kellet is recommended if not on all-chain rode to limit swing.",
          "holdingGround": "Good holding, reported as mud.",
          "protection": "Open and exposed to NE; better protection is found tucked closer in toward the islands.",
          "notes": "Island is part of the Maine Island Trail network — day access for hiking the shoreline/beach is welcomed, but it is a conservation property (no camping fires etc. per standard MITA/MCHT rules)."
        },
        "source": "Cruising Club of America Cruising Guide to Maine (McGlathery harbor page), Waterway Guide anchorage listing (McGlathery Island, 2-1712), and Maine Coast Heritage Trust preserve page (mcht.org/preserve/merchant-row/)"
      }
    },
    {
      "type": "Feature",
      "geometry": { "type": "Point", "coordinates": [-68.6269, 44.1531] },
      "properties": {
        "title": "Camp Island (Merchant Row) — Anchorage",
        "category": "anchorages",
        "place": "Merchant Row, East Penobscot Bay",
        "anchorage": {
          "moorings": "None documented — undeveloped island, self-anchor only.",
          "anchoringNotes": "Ample anchoring room reported by cruisers, with room to swing near the middle of the Merchant Row island cluster.",
          "holdingGround": "Good holding in mud and rock.",
          "protection": "Open and exposed to NE winds/wake."
        },
        "source": "Waterway Guide anchorage listing (Camp Island, 2-1708) and general Merchant Row cruiser reports"
      }
    },
    {
      "type": "Feature",
      "geometry": { "type": "Point", "coordinates": [-68.641, 44.0728] },
      "properties": {
        "title": "Isle au Haut Thorofare / Town Landing — Anchorage & Guest Moorings",
        "category": "anchorages",
        "place": "Isle au Haut village, Isle au Haut Thorofare",
        "anchorage": {
          "moorings": "Three guest moorings are maintained in the Thorofare; described as first-come, first-served, marked with orange balls labeled \"Rent.\" Picking up other private moorings is not allowed.",
          "anchoringNotes": "Anchoring outside the mooring area/channel is recommended for boats without a guest mooring. Enter between Isle au Haut Light and Sawyer Ledge Buoy '1', passing south of Inner Ledge Daybeacon '3'; favor the north side slightly at the anchorage entrance choke. Channel is under 6 ft at low water — best transited on a rising tide.",
          "notes": "The town wharf/float (6 ft alongside reported) is a working ferry landing — fine for dropping off passengers, but boats may not be left there. Village store has some provisions, gasoline, and marine supplies; water available from a nearby well."
        },
        "source": "Cruising Club of America Cruising Guide to Maine (Isle au Haut harbor page); Town of Isle au Haut coordinates cross-referenced against Isle au Haut Light (44°03'53\"N, 68°39'05\"W) and Point Lookout (44°05.047'N, 68°37.932'W)"
      }
    },
    {
      "type": "Feature",
      "geometry": { "type": "Point", "coordinates": [-68.6541, 44.0291] },
      "properties": {
        "title": "Duck Harbor, Isle au Haut — Anchorage (Acadia National Park)",
        "category": "anchorages",
        "place": "Duck Harbor, Isle au Haut",
        "anchorage": {
          "moorings": "None — no moorings available. Boats anchor on the shore side of the NPS float only.",
          "anchoringNotes": "Small anchorage, capacity for only about 4-5 boats; arrive early in the day to get a spot. Best holding is found west of the Acadia National Park float on the harbor's south side. A stern anchor is recommended to control swing, especially with other boats present. Entrance is narrow and easy to miss in fog. Tidal range is at least 10 ft, so the harbor looks very different at high vs. low water.",
          "holdingGround": "Fairly good holding bottom, but described as needing a properly-sized anchor and rode for the conditions.",
          "protection": "Protected from harsh wind by Eben's Head just outside the entrance, but exposed to west and southwest winds."
        },
        "source": "Cruising Club of America Cruising Guide to Maine (Duck Harbor at Isle au Haut page); coordinates per Waterway Guide (Duck Island Harbor listing)"
      }
    },
    {
      "type": "Feature",
      "geometry": { "type": "Point", "coordinates": [-68.7213, 44.2122] },
      "properties": {
        "title": "Sylvester Cove / Deer Isle Yacht Club — Guest Moorings",
        "category": "anchorages",
        "place": "Sylvester Cove, south of Dunham Point, Deer Isle",
        "anchorage": {
          "moorings": "Deer Isle Yacht Club maintains guest moorings, free of charge, on a strict first-come, first-served basis (cannot be reserved); maximum stay is 3 nights. Visiting boaters are asked to try to contact the club's Harbor Chairman ahead of arrival, who helps assign a mooring.",
          "anchoringNotes": "An anchorage also exists in the cove south of Dunham Point for boats not on a club mooring.",
          "holdingGround": "Good holding, mud and rock.",
          "protection": "Open and exposed to the west.",
          "fee": "No charge for the guest moorings.",
          "contact": "Deer Isle Yacht Club Harbor Committee: HarborCommittee@DeerIsleYachtClub.com"
        },
        "source": "Deer Isle Yacht Club Mooring Rules & Regulations and Guest Mooring pages (deerisleyachtclub.wildapricot.org); depth/holding/protection and coordinates per Waterway Guide anchorage listing (Sylvester Cove, 2-1706)"
      }
    },
    {
      "type": "Feature",
      "geometry": { "type": "Point", "coordinates": [-68.7382, 44.3382] },
      "properties": {
        "title": "Buck's Harbor — Moorings & Anchorage",
        "category": "anchorages",
        "place": "South Brooksville, head of Eggemoggin Reach",
        "anchorage": {
          "moorings": "Two facilities maintain the mooring field: Bucks Harbor Yacht Club (founded 1905) offers a limited number of guest moorings, first-come first-served, not reservable, in depths of roughly 17-35 ft (specific guest balls reported rated for boats up to 35-40 ft). Bucks Harbor Marina separately maintains 30+ moorings for boats up to 70 ft, available seasonally or transiently.",
          "anchoringNotes": "Not specifically documented as prohibited, but the harbor is a well-established, well-used mooring field — visitors are generally directed to pick up a guest mooring rather than anchor.",
          "holdingGround": "Good holding ground reported generally in the harbor.",
          "protection": "Well protected overall — cited as one of the best-protected harbors on this stretch of coast, sheltered in part by Harbor Island.",
          "fee": "Bucks Harbor Marina charges $50/night for a visitor mooring, including dinghy tie-up, showers, restrooms, WiFi, pump-out, water, trash/recycling, and coin laundry access. BHYC guest mooring fee not confirmed in available sources.",
          "contact": "Bucks Harbor Yacht Club monitors VHF Channel 9 and can be reached at (207) 326-0556 (staffed weekends from mid-June, daily in July/August)."
        },
        "source": "Bucks Harbor Yacht Club Visitors page (bucksharboryc.org/visitors), Bucks Harbor Marina Moorings page (bucksharbor.com/moorings), and Cruising Club of America Cruising Guide to Maine (Buck's Harbor page)"
      }
    },
    {
      "type": "Feature",
      "geometry": { "type": "Point", "coordinates": [-69.048, 44.208] },
      "properties": {
        "title": "Camden Outer Harbor — Anchorage & Moorings",
        "category": "anchorages",
        "place": "Camden Harbor, Camden, ME",
        "anchorage": {
          "moorings": "Town-maintained rental moorings and dock space through the Camden Harbormaster's office; private outer-harbor moorings also available from Lyman-Morse and P.G. Willey's Wharf. Cost not confirmed — town fee schedule is published as an annual PDF, not itemized on the harbor department page.",
          "anchoringNotes": "Very limited anchoring room in the harbor itself, most of which is congested with moorings. The outer harbor anchorage lies eastward of a line from Eaton Point to the buoy north of Curtis Island; depths 13-33 ft.",
          "holdingGround": "Soft bottom, good holding in the outer harbor anchorage area.",
          "protection": "Outer anchorage is exposed and known to be rolly, especially near the outer ledges.",
          "contact": "Harbormaster Steve Pixley — VHF 16 (working channel 11), office (207) 236-7969, cell (207) 691-4314."
        },
        "source": "US Harbors Camden Harbor guide and Camden Harbor Department website (camdenmaine.gov) — harbormaster contact, mooring/dock arrangements, and outer-harbor anchoring depths/holding."
      }
    },
    {
      "type": "Feature",
      "geometry": { "type": "Point", "coordinates": [-69.0692, 44.1867] },
      "properties": {
        "title": "Rockport Harbor — Anchorage & Moorings",
        "category": "anchorages",
        "place": "Rockport Harbor, Rockport, ME",
        "anchorage": {
          "moorings": "Close to 300 moorings in the harbor (commercial and recreational); the town mooring field is reported full with no transient town moorings. Rockport Marine (in the outer harbor) rents out some of its own moorings by the night; inner-harbor moorings are reserved for commercial lobster boats.",
          "anchoringNotes": "Room to anchor in the harbor is available, mainly in the outer harbor.",
          "protection": "Good protection except from the east.",
          "contact": "Harbormaster's office (207) 236-0676, aleonard@rockportmaine.gov; VHF 16 monitored at the Rockport Public Landing."
        },
        "source": "Cruising Club of America guide (guides.cruisingclub.org/harbor/rockland) covering Rockport, and Town of Rockport Harbor page (rockportmaine.gov/harbor) — mooring field status and harbormaster contact."
      }
    },
    {
      "type": "Feature",
      "geometry": { "type": "Point", "coordinates": [-69.0906, 44.116] },
      "properties": {
        "title": "Rockland Harbor (Breakwater/Jameson Point) — Anchorage & Moorings",
        "category": "anchorages",
        "place": "Rockland Harbor, Rockland, ME",
        "anchorage": {
          "moorings": "City maintains 20 rental moorings, $50/day or $200/week. Public Landing dock space is first-come, first-served at $2.50/ft/night (including appendages), seasonal floats typically in from mid-May to mid-October.",
          "anchoringNotes": "Ample designated anchoring space shown on the chart. Two general anchorage areas: one tucked behind the breakwater near Jameson Point (best option, protected from easterly chop), and one in the south corner of the harbor (good in settled weather, but can be affected by seas from the northeast).",
          "holdingGround": "Sticky mud bottom that holds anchor and chain well.",
          "protection": "Breakwater/Jameson Point area is protected from easterly chop; the southern anchorage is more exposed to northeast winds.",
          "contact": "Harbormaster Molly Eddy, (207) 594-0312; office monitors VHF 16 and 09 (also reachable on 11)."
        },
        "source": "Cruising Club of America guide (guides.cruisingclub.org/harbor/rockland) and Wikipedia/Fishermen's Voice history of Rockland Breakwater — mooring/dock fees, anchorage locations, holding ground, and harbormaster contact."
      }
    },
    {
      "type": "Feature",
      "geometry": { "type": "Point", "coordinates": [-68.9393, 44.2592] },
      "properties": {
        "title": "Gilkey Harbor / Dark Harbor (Islesboro) — Anchorage & Moorings",
        "category": "anchorages",
        "place": "Gilkey Harbor, Islesboro, ME",
        "anchorage": {
          "moorings": "No town rental moorings in Gilkey Harbor itself. Dark Harbor Boat Yard, in Cradle Cove on Seven Hundred Acre Island, offers about 20 guest moorings at $50/day (first-come, not reservable), plus showers, ship's store, fuel dock, and block ice.",
          "anchoringNotes": "Anchor in Gilkey Harbor (southwestern side of Islesboro, east of Seven Hundred Acre Island) to access Dark Harbor village; plenty of room to anchor around Cradle Cove between Seven Hundred Acre Island and Spruce Island.",
          "holdingGround": "Good/excellent holding ground; a secure anchorage frequented by many yachts in summer.",
          "contact": "Dark Harbor Boat Yard (207) 734-2246; monitors VHF working channels per marina listing."
        },
        "source": "Cruising Club of America guide (guides.cruisingclub.org/harbor/islesboro), US Harbors Gilkey Harbor/Islesboro pages, and Dark Harbor Boat Yard website — mooring counts/cost, anchoring area, and holding ground."
      }
    },
    {
      "type": "Feature",
      "geometry": { "type": "Point", "coordinates": [-68.9453, 44.2726] },
      "properties": {
        "title": "Warren Island State Park — Anchorage & Moorings",
        "category": "anchorages",
        "place": "Warren Island State Park, Islesboro, ME",
        "anchorage": {
          "moorings": "State park mooring field, first-come first-served; reported around 9 moorings (some sources say up to 10) at roughly $20/night, payable ashore. Inner moorings are lighter (150 lb mushroom); the two outermost are 1-ton blocks.",
          "anchoringNotes": "Water-access-only state park just off Islesboro's Gilkey Harbor approach, about 3 miles offshore from Lincolnville; dinghy dock provided for landing.",
          "fee": "Approximately $20/night per mooring, paid ashore at the park."
        },
        "source": "Maine Bureau of Parks and Lands Warren Island State Park materials and Waterway Guide anchorage listing — mooring count, type, and nightly fee."
      }
    },
    {
      "type": "Feature",
      "geometry": { "type": "Point", "coordinates": [-69.0064, 44.4254] },
      "properties": {
        "title": "Belfast Harbor — Anchorage & Moorings",
        "category": "anchorages",
        "place": "Belfast Harbor, Belfast, ME",
        "anchorage": {
          "moorings": "City-run rental moorings and transient slips available through the Belfast Public Landing/Harbor Office; reservations taken by phone or email ahead of arrival.",
          "anchoringNotes": "Anchoring permitted only in areas and for durations designated by the harbormaster (per city ordinance); anchor out beyond the mooring field. No boats permitted on the Public Landing docks or rental moorings when SE/ESE winds are forecast over 25 knots.",
          "holdingGround": "Mud bottom, generally good holding.",
          "protection": "Exposed to southeasterly winds; channel-traffic wakes can cause rolling as boats swing with tide/current.",
          "contact": "Harbormaster Kathy Given, (207) 338-1142, harbormaster@cityofbelfast.org; VHF 16, working channel 09."
        },
        "source": "City of Belfast Harbor Department pages (cityofbelfast.org) and Cruising Club of America Belfast guide — mooring/anchoring rules, holding ground, wind exposure, and harbormaster contact."
      }
    },
    {
      "type": "Feature",
      "geometry": { "type": "Point", "coordinates": [-68.7995, 44.3876] },
      "properties": {
        "title": "Castine Town Dock — Moorings (Anchoring Not Recommended)",
        "category": "anchorages",
        "place": "Castine Harbor, Castine, ME",
        "anchorage": {
          "moorings": "Two visitor moorings reserved primarily for visiting schooners, use requires harbormaster approval. Town Dock floats (seasonal, mid-May to mid-October) offer first-come tie-up limited to 2 hours 9am-5pm, overnight dockage permitted after 5pm at $3/ft/night (up to 80 ft total length).",
          "anchoringNotes": "Anchoring off the town of Castine itself is not recommended due to poor holding ground and strong currents; cruisers are directed instead to Smith Cove or Holbrook Island area.",
          "holdingGround": "Poor holding ground in the channel southeast of town (general depth ~72 ft).",
          "contact": "Harbormaster Scott Vogel, cell (207) 266-9392, dock line (207) 266-7711, on duty 8am-5pm July 1-Labor Day; monitors VHF 09 and 16. Eaton's Boatyard (fuel dock) also on VHF 09."
        },
        "source": "Castine, Maine official 'Arriving by Boat' page (castine.me.us) and Cruising Club of America Castine guide — dockage fees/hours, mooring policy, and note on poor holding off town."
      }
    },
    {
      "type": "Feature",
      "geometry": { "type": "Point", "coordinates": [-68.775, 44.398] },
      "properties": {
        "title": "Smith Cove (Bagaduce River, near Castine) — Anchorage",
        "category": "anchorages",
        "place": "Smith Cove, Castine/Cape Rosier, ME",
        "anchorage": {
          "moorings": "No town or commercial mooring field documented; this is an anchor-out cove.",
          "anchoringNotes": "Popular, spacious anchorage used specifically to avoid the strong currents at the mouth of the Bagaduce River; a preferred alternative to anchoring off Castine itself. Depths run roughly 17-58 ft.",
          "holdingGround": "Great holding, soft bottom.",
          "protection": "Excellent protection in all winds; locally regarded as a good hurricane hole."
        },
        "source": "Cruising Club of America guide (guides.cruisingclub.org/harbor/smith-cove) — anchorage character, depths, holding, and all-wind protection; general Castine-area location corroborated by Cape Rosier/Holbrook Island geography."
      }
    },
    {
      "type": "Feature",
      "geometry": { "type": "Point", "coordinates": [-68.8845, 44.0348] },
      "properties": {
        "title": "Hurricane Island — Anchorage & Moorings",
        "category": "anchorages",
        "place": "Hurricane Island, Vinalhaven, ME",
        "anchorage": {
          "moorings": "6 moorings rated 3,000 lb plus 1 rated 5,000 lb, maintained by the Hurricane Island Foundation (Center for Science and Leadership) on the east side of the island near the main pier; 1-1/8\" bottom chain, 1\" nylon top gear, inspected annually. First-come, first-served; call ahead on VHF 16 to reserve, as they fill for events/weekends.",
          "anchoringNotes": "Anchoring in the mooring field is not recommended — the bottom there is littered with debris/artifacts left from the island's granite-quarrying era. A 3.2-acre aquaculture/marine research site off the north end of the island must also be avoided.",
          "fee": "$25 per night or $15 per day (per Hurricane Island's own facilities page).",
          "contact": "VHF 16; dockhouse at the head of the main pier; phone (207) 867-6050; email info@hurricaneisland.net.",
          "notes": "Best approach is from the northeast; an unmarked ledge runs between the mooring field and the rest of Hurricane Sound to the south/southeast."
        },
        "source": "Hurricane Island Center for Science and Leadership facilities page (hurricaneisland.net/facilities) and CCA Cruising Guide to Maine (guides.cruisingclub.org/harbor/hurricane-island/)"
      }
    },
    {
      "type": "Feature",
      "geometry": { "type": "Point", "coordinates": [-68.8389, 44.0405] },
      "properties": {
        "title": "Carvers Harbor — Anchorage & Moorings",
        "category": "anchorages",
        "place": "Carvers Harbor, Vinalhaven, ME",
        "anchorage": {
          "moorings": "Roughly 100 moorings in the harbor. The town does not rent moorings, but a few private owners leave their moorings open with a \"money jar\" (average about $30/night, pay on the honor system).",
          "anchoringNotes": "Not a common anchoring destination — the harbor is dense with private/fishing moorings; visiting boats typically pick up an available private mooring rather than anchor.",
          "contact": "Harbormaster Jim Knowlton, (207) 756-0209 — can also try to arrange a commercial dock space; dinghy tie-up limited to 16 ft or less at the town dock.",
          "notes": "Hopkins Boatyard can arrange a transient slip with advance notice and has in-water repair capability; the Fishermen's Co-op doesn't officially take transients but may have room."
        },
        "source": "Maine Boats, Homes & Harbors (\"Carvers Harbor,\" maineboats.com/print/issue-160/carvers-harbor) and Atlantic Cruising Club (atlanticcruisingclub.com/Marinas/2651)"
      }
    },
    {
      "type": "Feature",
      "geometry": { "type": "Point", "coordinates": [-68.8648, 44.1142] },
      "properties": {
        "title": "Perry Creek — Anchorage & Moorings",
        "category": "anchorages",
        "place": "Perry Creek, Vinalhaven, ME",
        "anchorage": {
          "moorings": "A mooring field now dominates what was an undeveloped anchorage; 4 moorings are kept free and are first-come, first-served, with a suggested donation to the Vinalhaven Land Trust, which owns the surrounding land.",
          "anchoringNotes": "Limited room to anchor in mud with good holding, but moorings occupy most of the usable space. Power cables shown on the chart are real — do not anchor over them.",
          "holdingGround": "Mud, good holding, where anchoring room exists.",
          "protection": "All-around protection.",
          "notes": "Entered from the Fox Islands Thorofare via Seal Cove, curving around Mouse Island. Vinalhaven Land Trust maintains hiking trails from the creek; cell coverage is thin (at most one bar of Verizon)."
        },
        "source": "CCA Cruising Guide to Maine, Perry Creek (guides.cruisingclub.org/harbor/perry-creek/); coordinates per USGS topo data via Topozone"
      }
    },
    {
      "type": "Feature",
      "geometry": { "type": "Point", "coordinates": [-68.797, 44.106] },
      "properties": {
        "title": "Seal Bay — Anchorage",
        "category": "anchorages",
        "place": "Seal Bay, Vinalhaven, ME",
        "anchorage": {
          "moorings": "No mooring field documented — this is a natural anchorage, not a maintained mooring area.",
          "anchoringNotes": "Anchoring is the norm here; many possible spots among the bay's coves and islands. The area between Burnt and Hay Islands is a popular hurricane-hole-style anchorage sheltered from big winds. Numerous charted rocks/ledges and lobster gear to navigate around.",
          "holdingGround": "Good thick mud bottom in the inner harbor areas (per the same source describing the connected Winter Harbor anchoring grounds).",
          "protection": "All-around protection in the inner coves; the area is comfortable in most conditions but exposed if wind pipes up hard from the north.",
          "notes": "Entrance is on Vinalhaven's east side, about 1.5-2 miles south of the Fox Islands Thorofare. Bay is largely shallow with ledge/mudflats uncovering at low tide; a dinghy trip at high tide can reach Winter Harbor."
        },
        "source": "CCA Cruising Guide to Maine, Seal Bay plus Winter Harbor (guides.cruisingclub.org/harbor/seal-bay-vinalhaven/); coordinates approximate, derived from chart geography (Burnt/Hay Islands) described in that source"
      }
    },
    {
      "type": "Feature",
      "geometry": { "type": "Point", "coordinates": [-68.795, 44.098] },
      "properties": {
        "title": "Winter Harbor (Vinalhaven) — Anchorage",
        "category": "anchorages",
        "place": "Winter Harbor, Vinalhaven, ME",
        "anchorage": {
          "moorings": "No maintained mooring field documented.",
          "anchoringNotes": "Anchor in the deep water between Davids Island (to starboard) and Hay Island (to port) past the unnamed boulders, or continue into the inner harbor past Burnt Island — both areas have good thick mud bottom.",
          "holdingGround": "Good, thick mud.",
          "notes": "Reached from Seal Bay; connects to the Mill River and, on the top half of the tide, to a haulover bridge accessible by dinghy. Watch for rocks in the outer entrance and along the Penobscot Island side of the channel. Vinalhaven Land Trust preserves (Lower Mill Preserve, Carrying Place Bridge Preserve) are accessible by dinghy at mid-tide or higher."
        },
        "source": "CCA Cruising Guide to Maine, Seal Bay plus Winter Harbor (guides.cruisingclub.org/harbor/seal-bay-vinalhaven/); coordinates approximate, derived from chart geography described in that source"
      }
    },
    {
      "type": "Feature",
      "geometry": { "type": "Point", "coordinates": [-68.8848, 44.1537] },
      "properties": {
        "title": "Pulpit Harbor — Anchorage & Moorings",
        "category": "anchorages",
        "place": "Pulpit Harbor, North Haven, ME",
        "anchorage": {
          "moorings": "Almost all moorings in the harbor are private — do not pick one up without owner permission. Thayer's Y-Knot Boatyard (Southern Harbor) has installed one rental mooring, about 3-4 boats in from the outer edge of the field; call ahead, (207) 867-4701.",
          "anchoringNotes": "Anchor in midchannel in the broad part of the harbor, 18-33 ft; a good all-weather spot for small craft is in the southwesterly prong just inside the entrance, 18-27 ft. A more sheltered spot in 8-10 ft is toward the northeast end near the public float. Avoid the crowded, shallow inner harbor.",
          "holdingGround": "Good holding, mud bottom, in 10-20 ft.",
          "protection": "Considered a safe, all-weather anchorage.",
          "fee": "No fee for anchoring; no services of any kind available in the harbor itself (no overboard discharge permitted, no garbage disposal).",
          "contact": "North Haven Harbormaster (Pulpit Harbor) Adam Campbell, (207) 701-9994, or (207) 867-4433; public landing dinghy dock is the last float before the road bridge."
        },
        "source": "CCA Cruising Guide to Maine, Pulpit Harbor (guides.cruisingclub.org/harbor/pulpit-harbor/) and Town of North Haven, \"Sailing to North Haven\" (northhavenmaine.org/sailing_to_north_haven.php / departments/harbormaster.php)"
      }
    },
    {
      "type": "Feature",
      "geometry": { "type": "Point", "coordinates": [-68.8842, 44.14] },
      "properties": {
        "title": "Southern Harbor — Anchorage & Moorings",
        "category": "anchorages",
        "place": "Southern Harbor, Vinalhaven, ME",
        "anchorage": {
          "moorings": "Thayer's Y-Knot Boatyard, a full-service yard on site, can provide a limited number of guest moorings (call ahead); they also service moorings out in the Fox Islands Thorofare and Pulpit Harbor.",
          "anchoringNotes": "A quieter, less-trafficked alternative to Carvers Harbor with room to anchor near the boatyard.",
          "contact": "Thayer's Y-Knot Boatyard, (207) 867-4701.",
          "notes": "Approach past Browns Head Light and the Sugarloaves ledges, leaving the Fox's Ear spindle to port, then head due north to the center of outer Southern Harbor toward the boatyard."
        },
        "source": "CCA Cruising Guide to Maine / Town of North Haven \"Sailing to North Haven\" summary (northhavenmaine.org/sailing_to_north_haven.php); coordinates per Waterway Guide anchorage listing (waterwayguide.com/anchorage/2-1688/southern-harbor)"
      }
    },
    {
      "type": "Feature",
      "geometry": { "type": "Point", "coordinates": [-68.75, 44.128] },
      "properties": {
        "title": "Fox Islands Thorofare (North Haven) — Anchorage & Moorings",
        "category": "anchorages",
        "place": "North Haven village, Fox Islands Thorofare, ME",
        "anchorage": {
          "moorings": "J.O. Brown & Son / Brown's Boatyard maintains rental moorings suitable for boats up to 60 ft, inspected annually, first-come first-served, plus fuel dock, showers, small chandlery and a haul-out lift.",
          "anchoringNotes": "Good anchorage can be found in the channel of the Thorofare between the entrance of Seal Cove and the western end of North Haven village.",
          "holdingGround": "Soft bottom, in depths of 23-33 ft in the main anchoring stretch.",
          "fee": "$35 per night for a rental mooring at Brown's Boatyard.",
          "contact": "Thorofare Harbormaster Foy W. Brown, (207) 867-4621 or (207) 867-4433; town dock is just west of the ferry terminal, about 12 ft depth.",
          "notes": "North Haven is a longstanding summer yacht center; Southern Harbor (west of town) and Waterman Cove (east of town) are cited as additional protected anchorages nearby."
        },
        "source": "Town of North Haven, \"Sailing to North Haven\" (northhavenmaine.org/sailing_to_north_haven.php) and Town of North Haven Harbormaster page (northhavenmaine.org/departments/harbormaster.php)"
      }
    },
    {
      "type": "Feature",
      "geometry": { "type": "Point", "coordinates": [-68.3157, 44.309] },
      "properties": {
        "title": "Valley Cove (Somes Sound) — Anchorage & Moorings",
        "category": "anchorages",
        "place": "Valley Cove, Somes Sound, Mount Desert Island, ME",
        "anchorage": {
          "anchoringNotes": "Enter Somes Sound through The Narrows; just beyond Sand Point (to starboard), turn to port into Valley Cove and anchor in about 30 feet MLW along the south side of the cove.",
          "holdingGround": "Bottom is rocky/pebbly in places, but anchors typically find sticky Maine mud that holds well.",
          "protection": "Excellent protection from prevailing winds inside the cove, though shifting gusts can funnel down off the surrounding mountains (the cliffs of St. Sauveur/Acadia Mountain rise directly from the water here).",
          "notes": "One of Somes Sound's most popular anchorages — dramatic cliff scenery, close to Fernald Point at the Sound's mouth (site of a short-lived 1613 French Jesuit settlement)."
        },
        "source": "CCA Cruising Guide to Maine, Somes Sound entry (https://guides.cruisingclub.org/harbor/somes-sound/). Coordinates (N44°18.538' W068°18.942') from a Waterway Guide anchorage listing (https://www.waterwayguide.com/anchorage/2-2724/valley-cove); direct fetch of that page was blocked (403), so treat the position as approximate, aggregator-sourced."
      }
    },
    {
      "type": "Feature",
      "geometry": { "type": "Point", "coordinates": [-68.3309, 44.3614] },
      "properties": {
        "title": "Somes Harbor (Somesville) — Head of Somes Sound Anchorage",
        "category": "anchorages",
        "place": "Somes Harbor, Somesville, Mount Desert Island, ME (head of Somes Sound)",
        "anchorage": {
          "moorings": "All moorings in Somes Harbor itself are privately owned — best avoided unless you know the owner. Rental moorings are available a short distance south: at Henry R. Abel & Co. Yacht Yard (bookable via Dockwa, (207) 276-5057) and, July–August only, at John M. Williams & Co. Boatyard at Hall Quarry ((207) 244-7854).",
          "anchoringNotes": "CCA Cruising Guide to Maine describes 'a fine anchorage between Sheep Island and the mainland in about 15 feet MLW' at the head of the sound off Somesville. Entrance is very narrow: leave the red nun marking Myrtle Ledge to starboard, pass the green can close aboard to port, then proceed up to Sheep Island (approx. 44.3642°N, 68.3245°W). Favor the center-to-west side of the sound once past the entrance flasher — the east side shoals. An alternate, more open anchorage in good-holding mud lies about 0.8 nm south, off Abel's Yacht Yard.",
          "holdingGround": "Not detailed for the Somes Harbor anchorage itself in the CCA guide. The nearby Abel's anchorage (0.8 nm south) is reported as good-holding mud; Valley Cove (2.5 nm south) is rocky/pebbly with pockets of sticky mud.",
          "protection": "Quiet, well-protected, and serene — described by CCA as a favorite harbor of refuge in nor'easters, tropical storms, and hurricanes. Expect gusty downdrafts off the surrounding mountains.",
          "contact": "Henry R. Abel & Co. Yacht Yard: (207) 276-5057 (rental moorings via Dockwa). John M. Williams & Co. Boatyard, Hall Quarry: (207) 244-7854 (rental moorings, July–Aug).",
          "notes": "Somesville town landing floats (NW side) are privately owned but visiting boaters may leave dinghies at the SW corner of the large float (donation requested via QR code). No NPS restriction applies to anchoring in the open water of Somes Sound itself, but two real, park-specific rules apply nearby: (1) Bar Island, near the sound's mouth, is closed to public landing Feb 15–Aug 31 for bald eagle nesting; (2) Acadia-wide, anchoring or tying a boat to shore is prohibited unless attended. The Valley Cove Trail (a popular hike from the Sound's other main anchorage, ~2.5 nm south) is closed Mar 1–Aug 15 for peregrine falcon nesting."
        },
        "source": "CCA Cruising Guide to Maine, Somes Sound entry, read in full (https://guides.cruisingclub.org/harbor/somes-sound/); Acadia National Park Superintendent's Compendium (https://www.nps.gov/acad/learn/management/sc.htm); Sheep Island coordinates from USGS Geographic Names Information System via The History Trust (GNIS Feature ID 575351)."
      }
    },
    {
      "type": "Feature",
      "geometry": { "type": "Point", "coordinates": [-68.288, 44.2967] },
      "properties": {
        "title": "Northeast Harbor — Anchorage & Moorings",
        "category": "anchorages",
        "place": "Northeast Harbor, Mount Desert Island, ME",
        "anchorage": {
          "moorings": "The harbor itself is fully occupied by private and rental moorings, managed by the town-run Northeast Harbor Marina and by Clifton Dock (an arm of the Northeast Harbor Fleet yacht club). Northeast Harbor Marina also has rental slips, bookable via Dockwa.",
          "anchoringNotes": "There is no room to anchor inside the harbor itself. Good holding and ample swinging room, even for large boats, is available just outside/east of the harbor entrance.",
          "protection": "The outer anchorage east of the harbor is fine in settled summer weather, but is open to the southwest and east, so it can become breezy and choppy in an afternoon sea breeze.",
          "contact": "Northeast Harbor Fleet / Clifton Dock: (207) 276-5101, nehfleet@gmail.com, 48 South Shore Road, Northeast Harbor, ME 04662.",
          "notes": "One of the premier Down East cruising destinations, with full services, restaurants, and provisioning within walking distance of the town dock."
        },
        "source": "CCA Cruising Guide to Maine, Northeast Harbor entry (https://guides.cruisingclub.org/harbor/northeast-harbor/); Northeast Harbor Fleet website (https://www.nehfleet.org/moorings). Coordinates are an approximate position for the harbor entrance/mooring field, not from a specific charted anchorage point."
      }
    },
    {
      "type": "Feature",
      "geometry": { "type": "Point", "coordinates": [-68.312, 44.276] },
      "properties": {
        "title": "Southwest Harbor — Anchorage & Moorings",
        "category": "anchorages",
        "place": "Southwest Harbor, Mount Desert Island, ME",
        "anchorage": {
          "moorings": "The Town of Southwest Harbor rents 6 town moorings off the Manset Town Dock (numbered 1–6, yellow-top/white-middle/red-bottom), first-come first-served. Ellis Boat Co. also has 4 rental moorings in the harbor, first-come first-served. Reserve/renew town moorings online at my.onlinemooring.com/southwestharborME/.",
          "anchoringNotes": "Anchoring inside Southwest Harbor proper is not permitted. Deep-draft vessels can anchor midway between Greening Island and the southern shore in 34–50 ft; smaller vessels can work farther into the harbor in gradually shallower water down to about 12 ft, outside the mooring field.",
          "fee": "Town (Manset) moorings: $50/night (2025 rate). Ellis Boat Co. moorings: $60/night or $350/week (2025 rate).",
          "contact": "Harbormaster Rob Leavitt, (207) 610-2177, weekdays 8:30am–5pm. Southwest Harbor Town Office: (207) 244-5404, PO Box 745, Southwest Harbor, ME 04679.",
          "notes": "Full-service harbor with fuel, provisioning, and marine services; a major hub for MDI's 'quiet side.'"
        },
        "source": "Town of Southwest Harbor website (http://www.southwestharbormaine.org/harbor.html); CCA Cruising Guide to Maine, Southwest Harbor entry (https://guides.cruisingclub.org/harbor/southwest-harbor/); Marinas.com Southwest Harbor Town Moorings Anchorage listing. Coordinates are an approximate position for the main harbor/anchoring area."
      }
    },
    {
      "type": "Feature",
      "geometry": { "type": "Point", "coordinates": [-68.343, 44.2255] },
      "properties": {
        "title": "Bass Harbor & Bernard — Anchorage & Moorings",
        "category": "anchorages",
        "place": "Bass Harbor / Bernard, Tremont, ME",
        "anchorage": {
          "moorings": "Harbor is dense with private moorings, which can make navigation tight for first-time visitors.",
          "anchoringNotes": "Best entered at half-tide or better; the channel at the north end passes mud flats that look daunting on a first visit but is straightforward once known.",
          "protection": "Open only to the south; islands lying off the harbor mouth help shelter it from that direction.",
          "fee": "Town of Tremont transient dockage (160 ft of float space beside Thurston's Lobster Pound in Bernard): $2.50/ft overnight (recent published rate).",
          "contact": "Harbormaster Tyler Damon, (207) 244-4564 — call ahead; he will meet visiting yachts near the ferry terminal and guide them in through the mooring field.",
          "notes": "Gas and diesel available at Thurston's Lobster Pound dock, plus a public boat ramp. Up Harbor Marine (26 Columbia Ave, Bernard, ME 04612) also offers dockage and seasonal waterfront lodging in a protected cove; contact directly for current rates, as none were published on their site. Bass Harbor Bar, just south of the harbor mouth, is a known shoaling area — check current chart/tide before crossing, especially for deeper-draft boats."
        },
        "source": "Waterway Guide Bass Harbor page (https://www.waterwayguide.com/waterway/162/bass-harbor-me — found via search; direct fetch returned 403); Maine Boats, Homes & Harbors, 'Bass Harbor' (https://maineboats.com/print/issue-191/bass-harbor); Up Harbor Marine website (https://www.upharbor.me/). Coordinates are an approximate position centered near Thurston's Lobster Pound dock in Bernard, not from a specific charted point."
      }
    },
    {
      "type": "Feature",
      "geometry": { "type": "Point", "coordinates": [-68.20422, 44.3918] },
      "properties": {
        "title": "Bar Harbor — Anchorage & Moorings",
        "category": "anchorages",
        "place": "Bar Harbor, Bar Harbor, ME",
        "anchorage": {
          "moorings": "Town-managed mooring field in the main harbor near the Municipal Pier (pier listing shows 13 moorings, 4 slips, ~500 ft of dock); a limited number of guest moorings are available nightly. Reserve a town mooring or dock space via Dockwa.",
          "anchoringNotes": "The anchorage and town moorings lie south of the fairway leading to the town landing and marina. Recommended entry is around Bald Porcupine Island into the harbor; the western entrance inside the breakwater is awash at high tide.",
          "protection": "Harbor is enclosed by a granite breakwater on its seaward side; open toward the Porcupine Islands in Frenchman Bay.",
          "fee": "2025 rates (subject to change): town mooring approx. $57/night; dockage approx. $5.20/ft; an online convenience fee is added to Dockwa bookings.",
          "contact": "Bar Harbor Harbormaster's Office, (207) 288-5571, VHF 9/16/68.",
          "notes": "Large dinghy dock and trash dumpster at the town landing, on the west side of the pier, behind the commercial fishing unloading dock."
        },
        "source": "CCA Cruising Guide to Maine (guides.cruisingclub.org/harbor/bar-harbor/); US Harbors Bar Harbor guide (usharbors.com); Bar Harbor Municipal Pier listing on Marinas.com (pier coordinates 44°23'30.47\"N 68°12'15.18\"W); Bar Harbor Story newsletter, Feb 2025 (mooring/dockage rates, barharborstory.substack.com)."
      }
    },
    {
      "type": "Feature",
      "geometry": { "type": "Point", "coordinates": [-68.2397, 44.2822] },
      "properties": {
        "title": "Seal Harbor — Anchorage & Moorings",
        "category": "anchorages",
        "place": "Seal Harbor, Mount Desert, ME",
        "anchorage": {
          "moorings": "Moorings are administered by the Seal Harbor Town Wharf. Seal Harbor Yacht Club may have slips available to members of reciprocating yacht clubs (call ahead); neither of the harbor's two marina facilities offers dock tie-ups to transients.",
          "anchoringNotes": "Approach from the south via Eastern Way, where it meets Frenchman Bay. Expect 11-14 ft depths over a sand/rock bottom inside the harbor. Use NOAA Chart 13313.",
          "holdingGround": "Sand/rock bottom, 11-14 ft depths.",
          "notes": "No facilities ashore for boaters — come prepared with your own supplies before anchoring or picking up a mooring here."
        },
        "source": "Waterway Guide (waterwayguide.com/directory/anchorage-free-dock/maine/seal-harbor); Marinas.com Seal Harbor listing (coordinates, depth/bottom detail); cross-checked against Wikipedia's Seal Harbor Congregational Church coordinates (44.29361°N, 68.24833°W) to confirm village location."
      }
    },
    {
      "type": "Feature",
      "geometry": { "type": "Point", "coordinates": [-68.259, 44.2515] },
      "properties": {
        "title": "Great Cranberry Island — Anchorage & Moorings",
        "category": "anchorages",
        "place": "Great Cranberry Island, Cranberry Isles, ME",
        "anchorage": {
          "moorings": "The Town of Cranberry Isles maintains 3 free guest moorings at Great Cranberry, first-come-first-served, usable up to 3 days. They are large white balls with a blue horizontal stripe and 'Town Guest' painted on them.",
          "anchoringNotes": "Comfortable anchoring with good holding and ample swinging room is available outside the mooring field.",
          "holdingGround": "Described as good holding outside the mooring field; specific bottom composition not stated in source.",
          "fee": "Town guest moorings are free (limit 3 days).",
          "contact": "Cranberry Isles Harbormaster Norman Sanborn Jr., (207) 244-3624 (usually based on Great Cranberry); Deputy Harbormaster Bruce Fernald, (207) 244-5283.",
          "notes": "Great Cranberry has a well-regarded town dock outside the mooring field with plenty of dinghy space (nicer than Islesford's). Many islanders also keep private boats at nearby Spurling Cove."
        },
        "source": "Waterway Guide anchorage listing (waterwayguide.com/anchorage/2-4394/great-cranberry-island-moorings, page content only partially retrievable) plus general Cranberry Isles cruising-guide coverage (CCA Cruising Guide to Maine, guides.cruisingclub.org/harbor/cranberry-islands/); Wikipedia (Great Cranberry Island — Spurling Cove reference). COORDINATES ARE ESTIMATED: placed near the island's north-end village/town-dock area (opposite Islesford across the harbor) from described geography — no authoritative source for the exact dock position could be retrieved this session."
      }
    },
    {
      "type": "Feature",
      "geometry": { "type": "Point", "coordinates": [-68.24028, 44.26167] },
      "properties": {
        "title": "Islesford (Little Cranberry Island) — Anchorage & Moorings",
        "category": "anchorages",
        "place": "Islesford, Little Cranberry Island, Cranberry Isles, ME",
        "anchorage": {
          "moorings": "The Town of Cranberry Isles maintains 3 free guest moorings at Little Cranberry, first-come-first-served, usable up to 3 days, marked with large white balls with a blue horizontal stripe and 'Town Guest' painted on them. The Islesford Dock Restaurant separately administers transient moorings in Cranberry Harbor and sells gas and diesel.",
          "anchoringNotes": "Anchoring is not favorable at Little Cranberry — a kelp-covered bottom makes it hard to get a good set.",
          "holdingGround": "Poor — kelp bottom, difficult to set an anchor.",
          "fee": "Town guest moorings are free (limit 3 days).",
          "contact": "Cranberry Isles Harbormaster Norman Sanborn Jr., (207) 244-3624 (usually based on Great Cranberry); Bruce Fernald, (207) 244-5283, available on Little Cranberry as needed.",
          "notes": "No services on Islesford beyond the Islesford Dock Restaurant; the town dinghy dock is small and often crowded."
        },
        "source": "Cranberry Isles cruising-guide coverage (CCA Cruising Guide to Maine, guides.cruisingclub.org/harbor/cranberry-islands/) and Waterway Guide Cranberry Isles listings. Coordinates taken from Wikipedia's entry for the Islesford Historical Museum and Blue Duck Ships Store (44°15'42\"N 68°14'25\"W), which sits immediately beside the Islesford town dock — used as a close proxy for harbor position, not the dock itself."
      }
    },
    {
      "type": "Feature",
      "geometry": { "type": "Point", "coordinates": [-68.556944, 44.245833] },
      "properties": {
        "title": "WoodenBoat School Waterfront — Anchorage & Moorings",
        "category": "anchorages",
        "place": "WoodenBoat School, Great Cove, Brooklin, ME",
        "anchorage": {
          "moorings": "WoodenBoat School's own waterfront (Great Cove, at the south end of Eggemoggin Reach) has a float, launching ramp, and 'limited moorings' for visiting boats. If prior arrangements are made, waterfront staff will have a mooring reserved for you; otherwise moorings are used first-come, first-served — the School does not monitor a channel or phone line to report open moorings in real time. Waterfront staff are on duty Mon–Fri 8am until dusk and Sat 1–5pm.",
          "anchoringNotes": "The School's own materials describe it simply as 'a good anchorage.' It sits on Great Cove on the mainland, across from Babson and Little Babson Islands; Center Harbor and Brooklin Boat Yard are just to the west.",
          "protection": "Sheltered water at the south end of Eggemoggin Reach, screened by Babson and Little Babson Islands.",
          "contact": "WoodenBoat School office: (207) 359-4651, school@woodenboat.com. Monitors VHF 16 and/or 68.",
          "notes": "Dinghy float and showers available for students/guests and their families; no dump/pump-out station at the waterfront. Recognizable from the water by the large white WoodenBoat Publications office building on the hill and a long dock on granite piers. Students/visitors are explicitly welcome to bring their own boat, wooden or not."
        },
        "source": "WoodenBoat School, 'Good Things to Know 2024' (thewoodenboatschool.com/wp-content/uploads/2023/11/Good-Things-to-Know-2024.pdf) — coordinates as stated by the School itself (44°14'45\"N, 68°33'25\"W)."
      }
    },
    {
      "type": "Feature",
      "geometry": { "type": "Point", "coordinates": [-68.579627, 44.262895] },
      "properties": {
        "title": "Center Harbor — Anchorage & Moorings",
        "category": "anchorages",
        "place": "Center Harbor, Brooklin, ME",
        "anchorage": {
          "moorings": "Brooklin Boat Yard rents moorings to visitors — call (207) 359-2236 or hail VHF 18; renters get free showers and laundry at the yard's dockhouse (confirm current nightly rate directly with the yard). Center Harbor Yacht Club does not advertise transient slips but may accommodate members of reciprocal yacht clubs.",
          "anchoringNotes": "The harbor is 'so choked with moored boats that anchoring safely inside is nearly impossible' — visitors are advised to anchor outboard of the yacht club mooring fleet or rent a mooring from Brooklin Boat Yard. Where there is anchoring room, bottom is soft mud, south of a line between the yacht yard and the entrance daybeacon. Approach from the north via Eggemoggin Reach; the southern approach past Torrey Island is shoal and inadvisable for strangers.",
          "holdingGround": "Soft mud in the outer-harbor anchoring area.",
          "protection": "Well sheltered behind Chatto Island, off Eggemoggin Reach.",
          "contact": "Brooklin Boat Yard: (207) 359-2236, VHF 18, brooklinboatyard.com.",
          "notes": "Center Harbor Yacht Club pier/float landing (6 ft alongside) is on the north side of the entrance; water available. Center Harbor is known for its fleet of classic wooden yachts, most maintained by Brooklin Boat Yard."
        },
        "source": "Cruising Club of America Digital Cruising Guide to Maine, Eggemoggin Reach entry (guides.cruisingclub.org/harbor/eggemoggin-reach/), read in full; Brooklin Boat Yard (brooklinboatyard.com), phone cross-checked against its Google Maps listing; coordinates from Brooklin Boat Yard's verified map location."
      }
    },
    {
      "type": "Feature",
      "geometry": { "type": "Point", "coordinates": [-68.541932, 44.229903] },
      "properties": {
        "title": "Naskeag Harbor — Anchorage",
        "category": "anchorages",
        "place": "Naskeag Harbor, Brooklin, ME",
        "anchorage": {
          "anchoringNotes": "A small, working harbor at Naskeag Point on the Jericho Bay side of Brooklin, heavily used by commercial lobster boats, with a granite-gravel town launch/landing at its edge. Neither the CCA Digital Cruising Guide nor Waterway Guide carries a dedicated anchorage entry for Naskeag Harbor (confirmed via direct site search) — treat this as a working harbor with no documented depths, holding, or mooring-rental service, rather than an established cruiser destination.",
          "notes": "Public boat launch at Naskeag Point. Not to be confused with Atlantic Boat Company, whose yard is a few miles north on Flye Point/Herrick Bay, not in Naskeag Harbor itself."
        },
        "source": "Coordinates from a Google Maps place marker for 'Naskeag Harbor' — approximate; no numeric position is given in any cruising-guide source found. Harbor-use description from Paddling.com (paddling.com/paddle/locations/naskeag-harbor-brooklin-maine) and US Harbors (usharbors.com/2012/05/exploring-brooklins-finest-in-springtime-naskeag-point/)."
      }
    },
    {
      "type": "Feature",
      "geometry": { "type": "Point", "coordinates": [-68.52527, 44.254286] },
      "properties": {
        "title": "Herrick Bay — Anchorage & Moorings",
        "category": "anchorages",
        "place": "Herrick Bay, Brooklin/Sedgwick, ME",
        "anchorage": {
          "moorings": "Atlantic Boat Company (355 Flye Point Rd, Brooklin) rents seasonal and transient moorings on a first-come, first-served basis with a reservation form; call ahead to confirm availability. Renters get dinghy-float access and a hot shower/washer/dryer at the dockhouse. The yard also does haul-out and repair work.",
          "anchoringNotes": "Good open-bay anchorage; holding is excellent in hard sand at 7–11 ft depth.",
          "holdingGround": "Excellent holding in hard sand.",
          "protection": "Exposed to wind and wake from the southeast; otherwise a broad, fairly open bay.",
          "contact": "Atlantic Boat Company: (207) 359-4658, info@atlanticboat.com, VHF ch 10 (monitored weekdays 7am–3:30pm)."
        },
        "source": "Marinas.com Herrick Bay Anchorage listing (marinas.com/view/anchorage/6vf42m_Herrick_Bay_Anchorage_Brooklin_ME_United_States) for coordinates/depth/holding; Atlantic Boat Company (atlanticboat.com/moorings) for mooring/contact details, phone cross-checked against its Google Maps listing."
      }
    },
    {
      "type": "Feature",
      "geometry": { "type": "Point", "coordinates": [-68.564371, 44.409449] },
      "properties": {
        "title": "Blue Hill Harbor — Anchorage & Moorings",
        "category": "anchorages",
        "place": "Blue Hill Harbor, Blue Hill, ME",
        "anchorage": {
          "moorings": "Kollegewidgwok Yacht Club (KYC) assigns moorings to visitors — hail 'KYC dock' on VHF ch 9 or call (207) 374-5581; moorings for boats over 50 ft are limited. KYC now takes phone reservations, but only within a day or so of arrival (previous policy was strictly first-come, first-served).",
          "anchoringNotes": "Main anchorage is in the outer harbor, 23–50 ft; a second, more secluded anchorage lies farther in, past can #7 and nun #2, off the golf course, in 10–28 ft over soft bottom. Enter leaving cans #1 and #3 to port, then can #5 to port and nun #2 to starboard, rounding Sculpin Point (can submerge at high tide); a 'fisherman's channel' shortcut between Seal Rock and the Sculpin Point flagpole is only for shoal-draft or locally-experienced boats. Navigate by NOAA Chart 13316.",
          "holdingGround": "Soft bottom in the inner, more secluded anchorage.",
          "protection": "A wide, deep, well-protected bay; predictable afternoon sea breezes can kick up some chop, but the harbor itself is 'quite large and safe.'",
          "fee": "$55 per night for a KYC mooring.",
          "contact": "Kollegewidgwok Yacht Club: VHF ch 9, (207) 374-5581, kycbluehill.com. Blue Hill Town Office (mooring/outhaul permits): (207) 374-2281.",
          "notes": "Blue Hill Town Wharf dries out at mean low water — time dinghy trips within a couple of hours of high tide or risk getting stuck on the flats; the town wharf is about a half-mile from the anchorage. Ethanol-free gas/diesel and water at the KYC dock; outside/intermittent pump-out; no shore power. The Town of Blue Hill separately manages a 600+ mooring/outhaul field under its own harbor ordinance and also maintains two complimentary moorings at an anchorage in South Blue Hill, about five miles away."
        },
        "source": "Cruising Club of America Digital Cruising Guide to Maine, Blue Hill entry (guides.cruisingclub.org/harbor/blue-hill/), read in full; Town of Blue Hill mooring page (bluehillme.gov/town-services/moorings/); coordinates from Kollegewidgwok Yacht Club's verified Google Maps location, which anchors the main mooring field/anchorage."
      }
    },
    {
      "type": "Feature",
      "geometry": { "type": "Point", "coordinates": [-68.3192, 44.3355] },
      "properties": {
        "title": "Hall Quarry",
        "category": "anchorages",
        "place": "West shore of Somes Sound, Mount Desert, Maine — about 1.7 NM north of Valley Cove",
        "anchorage": {
          "moorings": "Rental moorings (14 seasonal) via John M. Williams & Co. Boatyard, available July and August only; a ~20-ft alongside float for taking on water.",
          "anchoringNotes": "Too deep for anchoring, per the CCA Cruising Guide.",
          "protection": "Protected deep-water location, per the boatyard's own description.",
          "contact": "John M. Williams & Co. Boatyard, 17 Shipwright Lane, Mount Desert, ME 04660, (207) 244-7854, https://www.jwboatco.com/",
          "notes": "Site of a historic, now-inactive granite quarry on Somes Sound's west shore. The boatyard has a 50-ton Travelift and offers full-service repair/restoration (woodworking, fiberglass, metal, composite, paint, varnish) plus mechanical, electrical, engine, and plumbing work for power and sailboats up to 55 ft length / 7 ft draft, accommodating up to 200 boats; heated and unheated winter storage."
        },
        "source": "CCA Cruising Guide to Maine, Somes Sound (https://guides.cruisingclub.org/harbor/somes-sound/); https://www.jwboatco.com/; coordinates via OpenStreetMap/Nominatim geocoding of 17 Shipwright Lane, Mount Desert, ME"
      }
    },
    {
      "type": "Feature",
      "geometry": { "type": "Point", "coordinates": [-68.3064, 44.3564] },
      "properties": {
        "title": "Henry R. Abel & Co. Yacht Yard / Abel's Lobster",
        "category": "anchorages",
        "place": "Eastern shore of Somes Sound near the head, Mount Desert, Maine, north of Hall Quarry",
        "anchorage": {
          "moorings": "Summer rental moorings and slips for lease via Dockwa.",
          "anchoringNotes": "Plenty of room for anchoring in good-holding mud off Abel's, at the head of the sound.",
          "holdingGround": "Good-holding mud",
          "contact": "Henry R. Abel & Co. Yacht Yard, 20 Abel's Lane, Mount Desert, ME 04660, (207) 276-5057, https://www.abelyachtyard.com/, moorings/slips via Dockwa (dockwa.com/explore/destination/n8c5me-henry-r-abel-co-yacht-yard). On-site restaurant Abel's Lobster, (207) 276-8221, https://www.abelslobstermdi.com/, open mid-May through October, lunch noon-2:30pm, dinner 4:30-8pm.",
          "notes": "Full-service yard with two Marine Travelifts and nine inside storage buildings; mechanical, electrical, fiberglass, engine/generator, gel coat, painting, buffing/waxing, rigging, and carpentry services; winter and summer storage."
        },
        "source": "CCA Cruising Guide to Maine, Somes Sound (https://guides.cruisingclub.org/harbor/somes-sound/); https://www.abelyachtyard.com/; https://www.abelslobstermdi.com/; coordinates via OpenStreetMap/Nominatim geocoding of 20 Abel's Lane, Mount Desert, ME"
      }
    },
    {
      "type": "Feature",
      "geometry": { "type": "Point", "coordinates": [-68.086, 44.383] },
      "properties": {
        "title": "Winter Harbor (Schoodic Peninsula)",
        "category": "anchorages",
        "place": "Winter Harbor, ME (Schoodic Peninsula, Frenchman Bay) — not to be confused with the Winter Harbor on Vinalhaven",
        "anchorage": {
          "moorings": "Winter Harbor Yacht Club (in Sand Cove) rents moorings and runs launch service, open July 4–Labor Day, monitors VHF Ch 9 (Clubhouse 207-963-2275, Dock Office 207-963-2346). 2025 rates: $45 (≤35'), $55 (35'-45'), $65 (45'-60'), $105 (60'+); reservable on Dockwa.",
          "anchoringNotes": "The head of Winter Harbor has three coves: Sand Cove (bordered by Grindstone Neck) is where most visiting yachts go for ambiance/protection, though it can be a bit rolly; the inner harbor is lobster-boats-only; Henry Cove serves the village and the Bar Harbor ferry.",
          "protection": "Entrance from the south is straightforward, with rocks near Winter Harbor Light clearly marked; the western approach needs more care (many rocks/islands).",
          "fee": "See mooring rates above; fee includes launch service (0900-1800), showers (0800-1100, 1400-1700), and one bag of trash disposal.",
          "contact": "WHYC Clubhouse 207-963-2275, Dock Office 207-963-2346, VHF Ch 9",
          "notes": "Schoodic Peninsula section of Acadia National Park (~2,366 acres) is right here — less crowded than Mount Desert Island, reached via free Island Explorer shuttle. Village is about a mile from the yacht club (groceries, a few restaurants). Winter Harbor Lobster Boat Races usually the 2nd Saturday of August, starting in Henry Cove."
        },
        "source": "https://guides.cruisingclub.org/harbor/winter-harbor-at-schoodic-peninsula/"
      }
    },
    {
      "type": "Feature",
      "geometry": { "type": "Point", "coordinates": [-68.366, 44.138] },
      "properties": {
        "title": "Frenchboro (Lunt Harbor)",
        "category": "anchorages",
        "place": "Frenchboro, Long Island, ME (outer Blue Hill Bay, south of MDI)",
        "anchorage": {
          "moorings": "A ferry dock (Bass Harbor run) is to port entering the outer harbor opposite Harbor Island. A row of a dozen or so old private mooring balls lies to starboard, but the guide advises against using them — unserviced for years.",
          "anchoringNotes": "Anchor in good mud beyond the moorings, under the shadow of Harbor Island. Watch for strong swirling current and small whirlpools around Harbor Island on tidal changes; be ready to relocate farther into the harbor if needed. The harbor shoals quickly — local knowledge plus a rising tide is needed to go far past the first permanent docks to starboard.",
          "holdingGround": "Good mud",
          "protection": "Tight, well-protected inner harbor; easily approached from all directions with hazards well marked.",
          "notes": "Lunt's dock is unstable from storm damage — don't use it except to pay for a mooring; the town's working dock farther to port welcomes dinghy tie-up. Dockside Deli is permanently closed. Frenchboro (Long Island) Preserve, run by Maine Coast Heritage Trust, has notable headland and tidal-rock hiking trails. Historical Society building is a short walk up from the head of the harbor."
        },
        "source": "https://guides.cruisingclub.org/harbor/frenchboro-long-island/"
      }
    },
    {
      "type": "Feature",
      "geometry": { "type": "Point", "coordinates": [-68.355, 44.13] },
      "properties": {
        "title": "Eastern Cove (Frenchboro / Long Island)",
        "category": "anchorages",
        "place": "Southeastern side of Long Island, near Frenchboro, ME",
        "anchorage": {
          "anchoringNotes": "Alternate to Lunt Harbor on the southeastern side of Long Island, at the isthmus connecting Richs Head and Long Island. Generally settled except when wind is from the north or northeast.",
          "holdingGround": "Rocky bottom — anchoring can be a bit challenging.",
          "protection": "Settled except with N/NE winds.",
          "notes": "The connecting isthmus has a distinctive double berm — driftwood piled on the southwest side, smooth rounded stones on the northeast side."
        },
        "source": "https://guides.cruisingclub.org/harbor/frenchboro-long-island/"
      }
    },
    {
      "type": "Feature",
      "geometry": { "type": "Point", "coordinates": [-68.446, 44.137] },
      "properties": {
        "title": "Burnt Coat Harbor (Swans Island)",
        "category": "anchorages",
        "place": "Swans Island, ME (outer Blue Hill Bay)",
        "anchorage": {
          "moorings": "Rentable from lobsterman Tim Trafton on the eastern side of the harbor, $25 each (207-266-5600 or timtrafton@outlook.com) — can be slightly exposed to southerly wind funneling through the Hockamock Head channel.",
          "anchoringNotes": "Anchoring in mud is easy on the western side of the harbor.",
          "holdingGround": "Mud (western side)",
          "protection": "Safe in all but directly southerly winds; entrance channel past the Hockamock Head lighthouse is well-marked, and fog dissipates once inside.",
          "fee": "$25 per mooring rental (Tim Trafton)",
          "contact": "Tim Trafton 207-266-5600 (moorings/lobster dinners/e-bike rental); Fisherman's Coop dock 207-526-4327 (gas/diesel); TIMS (Island Market & Supply) 207-526-4410",
          "notes": "Swan's Island is 'dry' — no restaurants or alcohol sales; TIMS store has produce/dry goods plus fresh pizza Wed/Fri nights. Tim Trafton cooks and serves lobster dockside 1600-1800 by prior arrangement. A freshwater swimming quarry is reachable by dinghy east past Tim's dock (aka Swan's Island Yacht Club) to the abandoned fish-plant dock, then a short walk. Burnt Coat Harbor Light (Hockamock Head) has trails and a rentable Keeper's House apartment (Maili Bailey, 207-399-2563, swansislandvacations.com). Pink sand beach in the NW corner of Toothacher Cove. Sweet Chariot Music Festival runs the first full week of August at the Community Hall. Nearby day-stop: Marshall Island (Maine Coast Heritage Trust preserve) — anchor off the cove near Ringtown Island, Sand Cove, or just west of Long Point."
        },
        "source": "https://guides.cruisingclub.org/harbor/burnt-coat-harbor/"
      }
    },
    {
      "type": "Feature",
      "geometry": { "type": "Point", "coordinates": [-68.429, 44.177] },
      "properties": {
        "title": "Buckle Harbor",
        "category": "anchorages",
        "place": "Swans Island, ME (Jericho Bay, off York Narrows)",
        "anchorage": {
          "anchoringNotes": "Proceed south into the small harbor until the depth sounder reads 15-20 feet, then anchor on mud. The harbor is narrow and starts to feel crowded with more than 3-4 boats.",
          "holdingGround": "Mud",
          "protection": "Well-protected from prevailing summer southerlies; access from the north is fairly unobstructed.",
          "notes": "Privately owned, part of the Maine Island Trail — landing/hiking welcomed (not on the adjoining Spruce Island), no camping; sign in near the trailhead post/mailbox. Trails circle the shore and lead to the north point; the west shore has wide views over Jericho Bay. Leashed pets OK, pack out solid waste; fires below the high-tide line need a state permit (207-827-1800). A well-known 'green door' land-art installation sits between two trees on the island. Mussels can be gathered at low tide under the seaweed if no Red Tide advisory is in effect. If Buckle is full, alternatives are between Orono and Asa Islands, or along the south shore of Mackerel Cove via York Narrows."
        },
        "source": "https://guides.cruisingclub.org/harbor/buckle-harbor/"
      }
    },
    {
      "type": "Feature",
      "geometry": { "type": "Point", "coordinates": [-68.387, 44.347] },
      "properties": {
        "title": "Bartlett Narrows (Galley Cove / Great Cove)",
        "category": "anchorages",
        "place": "Between Pretty Marsh (Mount Desert Island) and Bartlett Island, ME",
        "anchorage": {
          "moorings": "A usually-free mooring is available in Galley Cove on the eastern side of Bartlett Island — good for a lunch stop.",
          "anchoringNotes": "For an overnight, better options nearby include tucking in behind Squid Island, or Great Cove, which generally has room for a few boats to anchor.",
          "protection": "A short, straightforward passage between Pretty Marsh and Bartlett Island; favor the Mount Desert side to avoid rocks off Ledges Point, and the Bartlett Island side to avoid a well-charted rock about half a mile beyond the Narrows.",
          "notes": "Bartlett Island is a private Rockefeller retreat — landing/hiking is discouraged. A popular scenic day-sail passage between Blue Hill and Mount Desert."
        },
        "source": "https://guides.cruisingclub.org/harbor/bartlett-narrows/"
      }
    },
    {
      "type": "Feature",
      "geometry": { "type": "Point", "coordinates": [-68.405, 44.34] },
      "properties": {
        "title": "Pretty Marsh",
        "category": "anchorages",
        "place": "Mount Desert Island, ME (quiet/western side, Acadia National Park)",
        "anchorage": {
          "anchoringNotes": "Proceed into the basin and anchor in 15-20 feet on a secure mud bottom.",
          "holdingGround": "Secure mud",
          "protection": "Protected seclusion from all but the most raucous southwesterly blow. Approach is relatively unobstructed on either side of John or Folly Island — avoid the reef immediately east of Folly. If Pretty Marsh is full or strong southerlies are forecast overnight, some protection can be found nearby in Somes Cove or Sawyer Cove.",
          "notes": "Shoreline is largely private (modest summer homes) — limited dinghy landing. A public dock and launch ramp sits on the Bartlett Narrows side of West Point (no services; possible spot for an MDI-based crew change). A picnic area on the eastern side is part of Acadia National Park. Known for abundant birdlife, seals, and eagles."
        },
        "source": "https://guides.cruisingclub.org/harbor/pretty-marsh/"
      }
    },
    {
      "type": "Feature",
      "geometry": { "type": "Point", "coordinates": [-68.318, 44.271] },
      "properties": {
        "title": "Sutton Island",
        "category": "anchorages",
        "place": "Cranberry Isles, ME (Great Harbor of Mount Desert)",
        "anchorage": {
          "moorings": "One of the Town of Cranberry Isles' 7 free guest moorings (white balls with a blue horizontal stripe, marked \"Town Guest\", first-come-first-served, 3-day limit) is near the Sutton Island town dock and is rarely used.",
          "contact": "Harbormaster Norman Sanborn Jr. 207-244-3624 (usually on Great Cranberry); Bruce Fernald 207-244-5283 can also help on Little Cranberry",
          "notes": "Both the Beal & Bunker and Cranberry Cove ferries will serve Sutton Island on request. Unlike Great Cranberry and Little Cranberry Island, Sutton has only summer homes and no commercial services."
        },
        "source": "https://guides.cruisingclub.org/harbor/cranberry-islands/"
      }
    },
    {
      "type": "Feature",
      "geometry": { "type": "Point", "coordinates": [-68.87, 44.085] },
      "properties": {
        "title": "Long Cove (Vinalhaven) — Anchorage",
        "category": "anchorages",
        "place": "Long Cove, Vinalhaven, ME",
        "anchorage": {
          "moorings": "Private moorings tend to dominate the inner harbor; no public/rental moorings mentioned.",
          "anchoringNotes": "Located off Hurricane Sound on the west side of Vinalhaven. Entry to the inner harbor is straightforward but private moorings crowd the space, lobster pots can complicate things, and boats should expect an almost-certain 180-degree swing with the tide. A more open area just outside the inner harbor is much better suited for anchoring.",
          "protection": "Extremely tranquil, well-protected inner cove. Beyond the head of the cove is a picturesque tidal basin reachable by dinghy at or near slack water — check the bar at the cove's head at low tide to judge the entry point before going in.",
          "notes": "All surrounding property is private with no shore access, though the dinghy trip to the inner basin is scenic. Known as a cellular dead spot, which contributes to the quiet."
        },
        "source": "CCA Cruising Guide to Maine, Long Cove, Vinalhaven (guides.cruisingclub.org/harbor/long-cove-vinalhaven/); coordinates approximate — the page's own embedded Windy link is unreliable, so this position is estimated from the guide's embedded chart (near Conway Point) cross-referenced against known Vinalhaven, ME geography, not a precise fix"
      }
    },
    {
      "type": "Feature",
      "geometry": { "type": "Point", "coordinates": [-68.915, 44.025] },
      "properties": {
        "title": "White Islands — Anchorage",
        "category": "anchorages",
        "place": "Big White Island / Little White Island, off Vinalhaven's west shore, ME",
        "anchorage": {
          "moorings": "None; anchorage only.",
          "anchoringNotes": "Small anchorage, room for only about 4-5 boats — arrive early to find a spot. The most protected spot is alongside Big White Island toward the north end of Little White Island, with little effect from seas even at high tide. A second option lies farther into the archipelago just north of Big White Island and west of Little Green Island, in deeper water; more exposed at high tide as the ledges disappear, but a delightful spot.",
          "holdingGround": "Generally very good holding in mud in most locations; some areas are narrow but have good depth.",
          "protection": "Reasonable protection between Big and Little White Islands; current flows through and light summer winds determine how boats lie.",
          "notes": "Approach from the west across West Penobscot Bay by rounding Big White Island and heading up the narrow-but-deep passage between Big White Island (to port) and Little White Island (to starboard). From the Hurricane Sound/Vinalhaven side, proceed westward leaving Hurricane Island to port and giving berth to the ledges off its north end, then turn up into the Big/Little White passage. If full, Hurricane Island and Carvers Harbor (moorings available) or Long Cove on Vinalhaven are roughly a half hour away as backups. Small sandy beaches appear as the tide falls; shoreline hikes and views of the Camden Hills at sunset."
        },
        "source": "CCA Cruising Guide to Maine, White Islands (guides.cruisingclub.org/harbor/white-islands/); coordinates approximate — the page's own embedded Windy weather-link coordinates (43.989,-69.093) appear stale/wrong (near Boothbay, ~40nm away), so this position is instead estimated from the guide's approach narrative (immediately west/southwest of Hurricane Island, Vinalhaven) cross-referenced against known Penobscot Bay geography, not a precise fix"
      }
    }
  ]
}
