{"type":"FeatureCollection","features":[{"type":"Feature","geometry":{"type":"Polygon","coordinates":[[[-68.49944,44.83333],[-68.49944,45.31674],[-66.00099,45.31674],[-65.75312,45.4988],[-76.68333,45.5],[-76.68333,45.0],[-75.5,45.0],[-75.5,42.66667],[-76.68333,42.66667],[-76.68333,38.59359],[-76.67692,38.59892],[-76.67621,38.60798],[-76.67236,38.60814],[-76.67028,38.60441],[-76.67421,38.56724],[-76.67012,38.56128],[-76.65626,38.56048],[-76.6602,38.55624],[-76.66122,38.54834],[-76.6691,38.5402],[-76.65597,38.53195],[-76.65378,38.52748],[-76.65495,38.51957],[-76.66589,38.51006],[-76.66575,38.50501],[-76.66356,38.49997],[-76.65043,38.49091],[-76.64765,38.48024],[-76.64269,38.47646],[-76.64663,38.46728],[-76.61468,38.45719],[-76.60709,38.44629],[-76.60067,38.45937],[-76.59994,38.47233],[-76.59527,38.47405],[-76.59221,38.46281],[-76.60432,38.43458],[-76.58885,38.43298],[-76.5712,38.42276],[-76.55457,38.41989],[-76.55252,38.41496],[-76.55603,38.40566],[-76.55369,38.40302],[-76.54683,38.40818],[-76.5375,38.40715],[-76.52539,38.41358],[-76.51517,38.40428],[-76.51342,38.39475],[-76.50729,38.3897],[-76.49139,38.39728],[-76.48701,38.40772],[-76.48278,38.40738],[-76.4857,38.39452],[-76.49854,38.38855],[-76.4838,38.36213],[-76.47155,38.34789],[-76.47753,38.33145],[-76.46279,38.32433],[-76.45696,38.31686],[-76.44047,38.32513],[-76.41935,38.32082],[-76.38857,38.3596],[-76.38725,38.36622],[-76.3907,38.37643],[-76.38168,38.38743],[-76.40215,38.39453],[-76.41694,38.41598],[-76.48553,38.47614],[-76.51036,38.51449],[-76.51765,38.53865],[-76.5151,38.55737],[-76.51654,38.5886],[-76.51147,38.61402],[-76.5281,38.66085],[-76.53318,38.69461],[-76.52601,38.72371],[-76.52759,38.72733],[-76.54449,38.72904],[-76.55203,38.73333],[-76.55677,38.74371],[-76.55422,38.75237],[-76.55969,38.76209],[-76.55762,38.76875],[-76.53415,38.77855],[-76.52345,38.79435],[-76.50862,38.80253],[-76.50011,38.81119],[-76.49002,38.83972],[-76.49512,38.85218],[-76.50522,38.84847],[-76.52504,38.85246],[-76.53014,38.84904],[-76.53136,38.8441],[-76.52576,38.83478],[-76.52953,38.83221],[-76.53586,38.8343],[-76.53683,38.85893],[-76.53233,38.8633],[-76.52102,38.86283],[-76.5192,38.8691],[-76.52613,38.8806],[-76.54133,38.8807],[-76.54303,38.88421],[-76.53573,38.88915],[-76.52662,38.88801],[-76.51993,38.88478],[-76.51348,38.87205],[-76.50923,38.87062],[-76.48892,38.89086],[-76.49344,38.9015],[-76.50111,38.90199],[-76.4945,38.90793],[-76.50143,38.90848],[-76.50844,38.90317],[-76.51456,38.91032],[-76.51372,38.91356],[-76.50605,38.91263],[-76.51013,38.92021],[-76.52947,38.93303],[-76.5396,38.92812],[-76.54163,38.93327],[-76.53544,38.93596],[-76.53747,38.94047],[-76.56033,38.95206],[-76.57018,38.94931],[-76.57342,38.95448],[-76.59418,38.96124],[-76.60431,38.97431],[-76.59383,38.96453],[-76.56814,38.95431],[-76.55998,38.95558],[-76.53662,38.95102],[-76.51727,38.93845],[-76.51643,38.93297],[-76.5057,38.92967],[-76.50174,38.92446],[-76.48459,38.92921],[-76.48502,38.92506],[-76.46603,38.90578],[-76.46082,38.90864],[-76.47176,38.91972],[-76.4683,38.9215],[-76.46585,38.9153],[-76.45977,38.9151],[-76.46213,38.93086],[-76.45099,38.94082],[-76.45496,38.94629],[-76.47159,38.95618],[-76.4752,38.97219],[-76.47971,38.97658],[-76.47721,38.98246],[-76.4927,38.99637],[-76.52293,39.01394],[-76.53207,39.02699],[-76.55867,39.03451],[-76.56831,39.04631],[-76.56317,39.04856],[-76.55572,39.04483],[-76.56106,39.05388],[-76.57021,39.05754],[-76.57435,39.06551],[-76.60027,39.07584],[-76.59191,39.07729],[-76.58321,39.07137],[-76.57038,39.06946],[-76.56329,39.06294],[-76.54691,39.06558],[-76.54555,39.05939],[-76.53855,39.05353],[-76.53534,39.03746],[-76.52512,39.03219],[-76.5198,39.01929],[-76.48755,39.00268],[-76.48459,38.99399],[-76.47108,38.98318],[-76.45462,38.98292],[-76.45698,38.97672],[-76.45445,38.97494],[-76.45048,38.97554],[-76.44896,38.98667],[-76.45749,38.99873],[-76.43739,38.99537],[-76.43292,38.99827],[-76.43545,39.00209],[-76.433,39.00499],[-76.42363,38.99946],[-76.42802,38.98674],[-76.42363,38.98568],[-76.42,38.99491],[-76.39532,39.01127],[-76.39892,39.0245],[-76.41128,39.03691],[-76.44027,39.05256],[-76.45081,39.05082],[-76.45983,39.05983],[-76.473,39.06149],[-76.48131,39.06638],[-76.4959,39.06583],[-76.50532,39.07278],[-76.51637,39.06978],[-76.52083,39.07357],[-76.51768,39.0806],[-76.52954,39.08621],[-76.52417,39.09134],[-76.52214,39.08613],[-76.50988,39.08479],[-76.5033,39.07752],[-76.47179,39.08044],[-76.4578,39.08834],[-76.4578,39.09434],[-76.45507,39.0956],[-76.43227,39.09276],[-76.42923,39.08858],[-76.44108,39.08944],[-76.44595,39.08368],[-76.4424,39.07302],[-76.43136,39.05927],[-76.42163,39.08123],[-76.43217,39.10989],[-76.43267,39.13278],[-76.43602,39.1331],[-76.44564,39.12252],[-76.45811,39.12663],[-76.4577,39.12963],[-76.4422,39.1327],[-76.43886,39.13602],[-76.4654,39.15085],[-76.47705,39.16702],[-76.49742,39.15543],[-76.5115,39.17128],[-76.53055,39.15827],[-76.51789,39.17239],[-76.52913,39.18587],[-76.53146,39.19226],[-76.5268,39.19565],[-76.53602,39.21433],[-76.54423,39.21134],[-76.5498,39.21733],[-76.57402,39.21709],[-76.57301,39.21134],[-76.57757,39.20416],[-76.56987,39.1936],[-76.58425,39.17664],[-76.58253,39.1824],[-76.58506,39.18737],[-76.57595,39.19202],[-76.58263,39.20763],[-76.57757,39.22466],[-76.57412,39.22733],[-76.56308,39.22592],[-76.55831,39.23474],[-76.58614,39.25443],[-76.59253,39.25288],[-76.59488,39.24699],[-76.60883,39.24462],[-76.61476,39.23961],[-76.6133,39.25194],[-76.61872,39.25635],[-76.62904,39.25808],[-76.62671,39.26446],[-76.62154,39.26651],[-76.60999,39.25745],[-76.59996,39.26225],[-76.5798,39.26091],[-76.57828,39.26643],[-76.58203,39.27241],[-76.60371,39.27682],[-76.59459,39.27934],[-76.57818,39.27777],[-76.57166,39.27328],[-76.5677,39.25798],[-76.55426,39.25855],[-76.53939,39.2498],[-76.53301,39.23963],[-76.5173,39.23955],[-76.51639,39.23175],[-76.52095,39.22403],[-76.51862,39.223],[-76.50291,39.23377],[-76.50165,39.24185],[-76.49743,39.24336],[-76.49895,39.24848],[-76.47927,39.25268],[-76.47969,39.24953],[-76.49016,39.24638],[-76.49329,39.22878],[-76.50122,39.21893],[-76.50021,39.20632],[-76.4932,39.20133],[-76.46382,39.20527],[-76.46281,39.22018],[-76.44668,39.21854],[-76.44423,39.21401],[-76.44862,39.20008],[-76.44136,39.19515],[-76.43832,39.19863],[-76.43815,39.20731],[-76.43486,39.20862],[-76.43131,39.20415],[-76.42658,39.20435],[-76.41587,39.22105],[-76.40097,39.22791],[-76.39763,39.2376],[-76.41445,39.23122],[-76.43897,39.24178],[-76.45285,39.26171],[-76.45255,39.2736],[-76.49936,39.30612],[-76.48943,39.30604],[-76.47372,39.30029],[-76.46531,39.29234],[-76.43806,39.281],[-76.43745,39.2543],[-76.42732,39.2543],[-76.41536,39.24698],[-76.4028,39.24721],[-76.40361,39.25635],[-76.39591,39.26643],[-76.39763,39.27502],[-76.38476,39.27596],[-76.38152,39.28022],[-76.38719,39.28652],[-76.40472,39.28628],[-76.39935,39.29179],[-76.40027,39.29651],[-76.41111,39.30313],[-76.4185,39.30336],[-76.42073,39.31147],[-76.4333,39.3136],[-76.42387,39.31674],[-76.41115,39.30817],[-76.41715,39.31827],[-76.40575,39.31532],[-76.40127,39.32515],[-76.39899,39.31538],[-76.40321,39.30922],[-76.3946,39.30312],[-76.3894,39.31118],[-76.38215,39.30558],[-76.38379,39.29852],[-76.37992,39.29811],[-76.36647,39.30895],[-76.37122,39.32052],[-76.36189,39.32521],[-76.3556,39.31106],[-76.3453,39.31185],[-76.34125,39.30588],[-76.33685,39.30575],[-76.33787,39.31093],[-76.33027,39.31618],[-76.33545,39.32485],[-76.3465,39.32807],[-76.35075,39.33303],[-76.36068,39.32894],[-76.37841,39.34066],[-76.37294,39.34145],[-76.35876,39.33531],[-76.35724,39.34051],[-76.36676,39.34625],[-76.36585,39.34932],[-76.36109,39.35018],[-76.34852,39.34003],[-76.33029,39.33579],[-76.34386,39.35608],[-76.33829,39.37496],[-76.35096,39.37661],[-76.35602,39.38196],[-76.37416,39.37449],[-76.39351,39.37732],[-76.39888,39.38149],[-76.37759,39.38073],[-76.35741,39.39023],[-76.35783,39.39488],[-76.35538,39.3956],[-76.34761,39.39514],[-76.34119,39.3901],[-76.31477,39.38852],[-76.30666,39.38499],[-76.30286,39.37457],[-76.30632,39.36388],[-76.31156,39.35844],[-76.32389,39.35674],[-76.29585,39.35071],[-76.29974,39.33366],[-76.29129,39.31405],[-76.29763,39.30264],[-76.28226,39.29982],[-76.27567,39.32166],[-76.25659,39.33963],[-76.25895,39.34763],[-76.26579,39.3509],[-76.26596,39.35956],[-76.28327,39.36742],[-76.27415,39.3743],[-76.27533,39.38132],[-76.27069,39.38616],[-76.27567,39.3916],[-76.26638,39.39304],[-76.26959,39.40195],[-76.27837,39.4085],[-76.26453,39.40831],[-76.25549,39.41171],[-76.2511,39.41794],[-76.2479,39.43407],[-76.25519,39.44248],[-76.26522,39.44067],[-76.27201,39.4446],[-76.27991,39.44052],[-76.2785,39.4501],[-76.27302,39.45144],[-76.26411,39.44602],[-76.25002,39.45041],[-76.24364,39.45497],[-76.24465,39.46479],[-76.22327,39.46809],[-76.23168,39.45898],[-76.23908,39.44044],[-76.2252,39.42669],[-76.2253,39.42315],[-76.24182,39.40853],[-76.25053,39.38676],[-76.24729,39.38275],[-76.25357,39.3774],[-76.24678,39.37079],[-76.25286,39.36788],[-76.25104,39.36348],[-76.2404,39.35986],[-76.22875,39.34995],[-76.21557,39.35963],[-76.19987,39.3656],[-76.18558,39.38094],[-76.20159,39.38149],[-76.21426,39.3877],[-76.22905,39.38062],[-76.23219,39.3958],[-76.2249,39.38982],[-76.21243,39.39328],[-76.19997,39.38597],[-76.18143,39.38715],[-76.17839,39.37811],[-76.1717,39.3914],[-76.15924,39.40531],[-76.14191,39.40798],[-76.12195,39.42095],[-76.11689,39.42849],[-76.1027,39.43447],[-76.10402,39.43957],[-76.09794,39.44602],[-76.09763,39.47437],[-76.1107,39.4867],[-76.12155,39.48301],[-76.13056,39.48842],[-76.13371,39.50036],[-76.12823,39.50459],[-76.12327,39.49306],[-76.11709,39.49125],[-76.105,39.51583],[-76.09323,39.52247],[-76.0855,39.53299],[-76.08382,39.5414],[-76.125,39.6044],[-76.1273,39.61615],[-76.12172,39.61672],[-76.0996,39.58735],[-76.07896,39.56871],[-76.06622,39.54469],[-76.05108,39.54051],[-76.04405,39.54435],[-76.03091,39.54463],[-76.01399,39.55593],[-76.01237,39.54284],[-76.00147,39.5328],[-75.99846,39.53387],[-75.998,39.55217],[-75.97876,39.56292],[-75.96253,39.57476],[-75.94584,39.5925],[-75.94097,39.59322],[-75.9463,39.57906],[-75.94816,39.56077],[-75.96091,39.54966],[-75.96253,39.53011],[-75.97505,39.52365],[-75.98245,39.50755],[-75.98361,39.48907],[-75.98894,39.47973],[-75.99126,39.46178],[-76.0054,39.44185],[-76.00557,39.43475],[-75.99537,39.43996],[-75.91648,39.51061],[-75.89446,39.52076],[-75.84903,39.56792],[-75.84462,39.57868],[-75.83651,39.57545],[-75.8335,39.56523],[-75.84486,39.55627],[-75.85876,39.53024],[-75.87244,39.51893],[-75.88078,39.50494],[-75.89121,39.4983],[-75.90999,39.49525],[-75.91949,39.48735],[-75.91648,39.4843],[-75.89539,39.48251],[-75.87383,39.47521],[-75.85559,39.45804],[-75.85281,39.45086],[-75.88983,39.46659],[-75.90582,39.46749],[-75.91903,39.46318],[-75.93456,39.46839],[-75.94569,39.46085],[-75.93734,39.4463],[-75.95056,39.45277],[-75.95913,39.45187],[-75.97165,39.43193],[-75.99193,39.42216],[-76.00653,39.40797],[-76.02786,39.39413],[-76.03573,39.38179],[-76.03063,39.37711],[-75.99656,39.37855],[-75.97987,39.371],[-75.95298,39.37568],[-75.93652,39.37082],[-75.92052,39.37298],[-75.90662,39.36795],[-75.88575,39.36867],[-75.87208,39.36435],[-75.869,39.35993],[-75.88986,39.36309],[-75.90771,39.36111],[-75.92602,39.36597],[-75.94155,39.36345],[-75.96242,39.36489],[-75.97517,39.35716],[-75.96752,39.33917],[-75.97007,39.33737],[-75.98745,39.35734],[-75.99626,39.36093],[-76.04697,39.3649],[-76.10469,39.3631],[-76.1281,39.34548],[-76.10608,39.32264],[-76.12161,39.32893],[-76.13188,39.31803],[-76.13327,39.32829],[-76.14138,39.32685],[-76.14973,39.33278],[-76.16016,39.32955],[-76.18195,39.313],[-76.18079,39.30382],[-76.16294,39.2977],[-76.1583,39.28096],[-76.17105,39.28888],[-76.17662,39.28006],[-76.18682,39.277],[-76.19238,39.26656],[-76.20698,39.25971],[-76.28387,39.16808],[-76.28781,39.14248],[-76.2731,39.14696],[-76.26538,39.14162],[-76.25104,39.12341],[-76.23019,39.06213],[-76.21957,39.06125],[-76.21979,39.05403],[-76.22522,39.04611],[-76.23629,39.03977],[-76.23561,39.02674],[-76.22657,39.01864],[-76.19584,39.01089],[-76.19584,39.01635],[-76.2094,39.0396],[-76.21121,39.0484],[-76.1981,39.08395],[-76.18001,39.09742],[-76.16949,39.11452],[-76.16782,39.12184],[-76.17325,39.14461],[-76.158,39.12786],[-76.14483,39.13762],[-76.1423,39.15327],[-76.13875,39.15685],[-76.13812,39.14368],[-76.13248,39.13815],[-76.15777,39.11928],[-76.16673,39.10471],[-76.16694,39.09511],[-76.16213,39.09544],[-76.15294,39.10553],[-76.13496,39.10862],[-76.122,39.11822],[-76.11803,39.1174],[-76.11636,39.10992],[-76.11072,39.10992],[-76.09692,39.12326],[-76.0779,39.13367],[-76.07581,39.1392],[-76.07853,39.14749],[-76.07575,39.15217],[-76.04774,39.16404],[-76.04649,39.17087],[-76.06718,39.1816],[-76.06864,39.18712],[-76.04899,39.2063],[-76.03743,39.21077],[-76.05791,39.19143],[-76.06042,39.18509],[-76.04976,39.18249],[-76.04087,39.17518],[-76.04103,39.1613],[-76.0488,39.15538],[-76.06781,39.14869],[-76.0715,39.13085],[-76.09249,39.11812],[-76.11256,39.0962],[-76.13454,39.09054],[-76.13471,39.08667],[-76.13058,39.08397],[-76.08677,39.07348],[-76.08181,39.06215],[-76.08578,39.06215],[-76.08991,39.06936],[-76.0995,39.07374],[-76.14496,39.07541],[-76.15587,39.06408],[-76.14363,39.0476],[-76.15818,39.05468],[-76.15636,39.04644],[-76.1681,39.05365],[-76.17983,39.0494],[-76.17372,39.04193],[-76.17322,39.03356],[-76.16558,39.02425],[-76.1625,39.0067],[-76.15413,39.00548],[-76.15422,38.99983],[-76.16263,38.99527],[-76.176,38.99432],[-76.20628,38.97496],[-76.22075,38.9724],[-76.22853,38.98047],[-76.23582,38.97515],[-76.24543,38.97515],[-76.23604,38.94268],[-76.21576,38.94336],[-76.21459,38.93584],[-76.20555,38.92581],[-76.20536,38.89746],[-76.19952,38.88634],[-76.20743,38.85269],[-76.20074,38.85412],[-76.19357,38.88644],[-76.17715,38.89432],[-76.1684,38.93384],[-76.16183,38.93327],[-76.16511,38.91171],[-76.1628,38.90478],[-76.1684,38.90012],[-76.17156,38.88758],[-76.18846,38.88245],[-76.18965,38.87044],[-76.18618,38.86443],[-76.16659,38.86978],[-76.16009,38.85836],[-76.17435,38.86409],[-76.1788,38.85379],[-76.18417,38.85126],[-76.18762,38.85197],[-76.18924,38.85942],[-76.1935,38.8591],[-76.19862,38.84354],[-76.194,38.82661],[-76.20093,38.80502],[-76.17516,38.77057],[-76.14888,38.77727],[-76.16348,38.76571],[-76.16786,38.75591],[-76.17479,38.75438],[-76.18026,38.75724],[-76.18962,38.76981],[-76.21467,38.78713],[-76.21163,38.80559],[-76.22306,38.81795],[-76.24604,38.82166],[-76.25018,38.83289],[-76.26391,38.8462],[-76.2503,38.85742],[-76.25127,38.8616],[-76.25601,38.86113],[-76.28264,38.83926],[-76.28154,38.83165],[-76.30234,38.8268],[-76.31729,38.79046],[-76.33517,38.77238],[-76.32933,38.76657],[-76.33966,38.75943],[-76.34234,38.75229],[-76.34027,38.72305],[-76.34708,38.70057],[-76.34185,38.67084],[-76.33395,38.67808],[-76.32009,38.68123],[-76.32021,38.6879],[-76.32933,38.69752],[-76.33006,38.7041],[-76.32228,38.72334],[-76.31255,38.73163],[-76.31522,38.75905],[-76.31182,38.76476],[-76.29471,38.76915],[-76.30465,38.75229],[-76.29808,38.73896],[-76.30027,38.72267],[-76.2965,38.71772],[-76.28179,38.7161],[-76.27316,38.708],[-76.26878,38.72391],[-76.25471,38.73755],[-76.26069,38.74747],[-76.24489,38.74905],[-76.23881,38.75445],[-76.20681,38.73806],[-76.20778,38.7332],[-76.21301,38.73244],[-76.2383,38.73996],[-76.24,38.71872],[-76.23429,38.70415],[-76.20243,38.67327],[-76.19599,38.6726],[-76.17617,38.70662],[-76.17179,38.70824],[-76.15256,38.70334],[-76.15369,38.70025],[-76.1769,38.695],[-76.1803,38.68738],[-76.17787,38.67556],[-76.1607,38.65668],[-76.15211,38.63949],[-76.14208,38.63329],[-76.12485,38.6294],[-76.11249,38.61239],[-76.10692,38.61167],[-76.09648,38.61819],[-76.06244,38.60746],[-76.04977,38.58989],[-76.03647,38.58853],[-76.03265,38.58034],[-76.0285,38.57859],[-76.02465,38.57947],[-76.01816,38.59116],[-75.99698,38.59736],[-75.98837,38.60539],[-75.98665,38.61032],[-75.99182,38.62511],[-75.9908,38.63035],[-75.96132,38.64887],[-75.95595,38.66825],[-75.95068,38.67191],[-75.95534,38.6468],[-75.96112,38.63623],[-75.97003,38.63154],[-75.9753,38.62216],[-75.97044,38.6104],[-75.97652,38.60412],[-75.97946,38.58559],[-75.98857,38.58185],[-76.00033,38.58384],[-76.02161,38.56722],[-76.03701,38.56435],[-76.06264,38.57151],[-76.07764,38.58877],[-76.08595,38.5937],[-76.09557,38.5914],[-76.10915,38.58201],[-76.11513,38.58281],[-76.13594,38.60117],[-76.16027,38.59213],[-76.17456,38.60201],[-76.16901,38.61121],[-76.1791,38.61913],[-76.18699,38.61796],[-76.20315,38.60318],[-76.2119,38.60067],[-76.21638,38.60569],[-76.23461,38.61005],[-76.2287,38.62155],[-76.23178,38.62845],[-76.24917,38.62276],[-76.25665,38.60896],[-76.26039,38.60792],[-76.26501,38.60947],[-76.27844,38.6269],[-76.2846,38.62914],[-76.27139,38.60464],[-76.25973,38.59964],[-76.27029,38.58307],[-76.27425,38.58065],[-76.28812,38.58307],[-76.29384,38.57685],[-76.29318,38.57115],[-76.27717,38.55154],[-76.27541,38.53375],[-76.27057,38.53737],[-76.26616,38.56587],[-76.26264,38.56397],[-76.26198,38.54342],[-76.25868,38.53927],[-76.25494,38.54187],[-76.249,38.56432],[-76.24416,38.56242],[-76.24592,38.54273],[-76.22017,38.55672],[-76.21488,38.57209],[-76.20674,38.57105],[-76.20872,38.56138],[-76.20542,38.56],[-76.18729,38.56396],[-76.17453,38.5738],[-76.1721,38.57087],[-76.17761,38.56534],[-76.20292,38.55049],[-76.20402,38.54687],[-76.19433,38.53322],[-76.18619,38.52856],[-76.1611,38.52856],[-76.18355,38.5232],[-76.21062,38.53616],[-76.20292,38.51024],[-76.21774,38.50653],[-76.2195,38.5112],[-76.21554,38.51846],[-76.21818,38.52433],[-76.2239,38.52347],[-76.22742,38.51154],[-76.23579,38.52036],[-76.23953,38.52018],[-76.24327,38.51327],[-76.24415,38.49616],[-76.24987,38.49426],[-76.25779,38.50014],[-76.26308,38.50014],[-76.28486,38.46401],[-76.28816,38.46574],[-76.28794,38.46989],[-76.2765,38.48769],[-76.27628,38.49841],[-76.28772,38.50118],[-76.30577,38.49616],[-76.31875,38.50411],[-76.3214,38.50187],[-76.31964,38.49063],[-76.32646,38.48735],[-76.33174,38.49236],[-76.33846,38.52432],[-76.33466,38.52585],[-76.33043,38.52175],[-76.32865,38.52527],[-76.3323,38.53122],[-76.3415,38.53262],[-76.34429,38.53003],[-76.34274,38.51258],[-76.33394,38.48233],[-76.29697,38.43242],[-76.2722,38.38316],[-76.26136,38.37703],[-76.24159,38.35507],[-76.23345,38.35214],[-76.226,38.35908],[-76.23244,38.37667],[-76.22701,38.38947],[-76.22024,38.3932],[-76.2121,38.39107],[-76.20871,38.38121],[-76.21244,38.36254],[-76.20227,38.36201],[-76.18363,38.35161],[-76.17618,38.33694],[-76.16809,38.33418],[-76.16438,38.32854],[-76.16673,38.3262],[-76.19022,38.33477],[-76.19232,38.32805],[-76.20004,38.32724],[-76.19726,38.31968],[-76.19294,38.31686],[-76.18119,38.31949],[-76.13692,38.30706],[-76.14175,38.29032],[-76.15027,38.28],[-76.14891,38.2763],[-76.12765,38.27611],[-76.11739,38.27289],[-76.13025,38.2876],[-76.13148,38.29451],[-76.12197,38.30181],[-76.1106,38.29986],[-76.1148,38.29032],[-76.09978,38.28991],[-76.10077,38.28057],[-76.09138,38.27988],[-76.08829,38.2755],[-76.07963,38.27609],[-76.08285,38.26898],[-76.07716,38.26323],[-76.07815,38.25982],[-76.08779,38.25583],[-76.10015,38.25797],[-76.09891,38.25323],[-76.0661,38.24475],[-76.05607,38.23056],[-76.04544,38.2252],[-76.03394,38.21255],[-76.0307,38.21441],[-76.03348,38.23281],[-76.04589,38.25019],[-76.0329,38.25287],[-76.02619,38.25973],[-76.03556,38.26896],[-76.029,38.27247],[-76.02553,38.28092],[-76.03462,38.29444],[-76.05329,38.30312],[-76.01401,38.33761],[-76.00933,38.34683],[-76.01073,38.36343],[-76.00839,38.36712],[-76.00087,38.36974],[-75.97076,38.35998],[-75.95807,38.34488],[-75.97073,38.32551],[-75.98263,38.3151],[-76.01778,38.30618],[-75.97963,38.28163],[-75.97935,38.26748],[-75.96574,38.25521],[-75.96436,38.24938],[-75.96909,38.23797],[-75.96496,38.23634],[-75.94754,38.24867],[-75.95167,38.26379],[-75.94252,38.26821],[-75.94563,38.28631],[-75.94325,38.29818],[-75.91799,38.32138],[-75.90066,38.34425],[-75.86459,38.35864],[-75.86272,38.3638],[-75.86553,38.38236],[-75.84749,38.39348],[-75.85054,38.40915],[-75.84669,38.41518],[-75.84315,38.41541],[-75.83931,38.39266],[-75.84164,38.3885],[-75.85954,38.38105],[-75.85635,38.35694],[-75.87786,38.34101],[-75.90277,38.30366],[-75.91658,38.25862],[-75.90769,38.23479],[-75.89933,38.22948],[-75.89551,38.23331],[-75.89176,38.24975],[-75.88333,38.2564],[-75.8756,38.25418],[-75.8756,38.24292],[-75.86679,38.24182],[-75.8443,38.25726],[-75.83118,38.26255],[-75.79805,38.26402],[-75.79539,38.26192],[-75.86178,38.23867],[-75.86389,38.23516],[-75.86011,38.22949],[-75.83134,38.23017],[-75.82525,38.22611],[-75.8521,38.21034],[-75.86912,38.20627],[-75.87377,38.19864],[-75.88169,38.20486],[-75.89223,38.20578],[-75.91755,38.19703],[-75.92689,38.18989],[-75.94,38.19174],[-75.95031,38.18841],[-75.95453,38.18249],[-75.95265,38.17713],[-75.93495,38.16471],[-75.94563,38.16678],[-75.95078,38.16401],[-75.95406,38.1383],[-75.94621,38.13208],[-75.9273,38.13117],[-75.92574,38.13414],[-75.9297,38.14477],[-75.92637,38.1472],[-75.91071,38.14355],[-75.90953,38.1354],[-75.90067,38.14612],[-75.89417,38.14495],[-75.88239,38.13571],[-75.84133,38.15427],[-75.81462,38.14365],[-75.79144,38.14821],[-75.79203,38.13913],[-75.81892,38.1309],[-75.82978,38.13351],[-75.84047,38.13016],[-75.83801,38.11443],[-75.84989,38.09531],[-75.85371,38.0967],[-75.84724,38.1086],[-75.85078,38.11116],[-75.87584,38.09574],[-75.87631,38.09241],[-75.86694,38.08075],[-75.86769,38.07417],[-75.87865,38.0826],[-75.88522,38.08113],[-75.87771,38.06779],[-75.87724,38.05705],[-75.87209,38.05538],[-75.83509,38.07223],[-75.82595,38.07131],[-75.81541,38.06408],[-75.80586,38.06608],[-75.79293,38.08112],[-75.79557,38.09132],[-75.79366,38.09308],[-75.78135,38.09349],[-75.77468,38.0764],[-75.79387,38.05279],[-75.7951,38.04353],[-75.80409,38.0525],[-75.80793,38.05227],[-75.82244,38.04001],[-75.8373,38.0329],[-75.83775,38.02975],[-75.82805,38.01927],[-75.83553,38.02404],[-75.84468,38.02509],[-75.85384,38.03489],[-75.86151,38.03535],[-75.87125,38.02987],[-75.87243,38.0203],[-75.89785,37.9746],[-75.8949,37.97101],[-75.87835,37.97381],[-75.87045,37.98998],[-75.86553,37.99239],[-75.87069,37.97404],[-75.86881,37.95846],[-75.8745,37.9541],[-75.89198,37.96041],[-75.89658,37.95944],[-75.89732,37.92208],[-75.88693,37.9111],[-75.87912,37.91061],[-75.87443,37.91506],[-75.85874,37.92025],[-75.85787,37.92552],[-75.86202,37.93231],[-75.85526,37.93164],[-75.84727,37.92526],[-75.83321,37.93361],[-75.82581,37.9397],[-75.80956,37.96489],[-75.80684,37.96462],[-75.80534,37.95754],[-75.78637,37.96477],[-75.75616,37.96848],[-75.74585,37.985],[-75.73907,37.97812],[-75.73743,37.96421],[-75.72173,37.97255],[-75.7108,37.9892],[-75.70785,37.98873],[-75.70841,37.97647],[-75.69644,37.96718],[-75.6674,37.96625],[-75.65321,37.95545],[-75.64878,37.95662],[-75.63727,37.9718],[-75.63343,37.9711],[-75.64465,37.95591],[-75.64406,37.94213],[-75.64656,37.93751],[-75.65991,37.93639],[-75.6763,37.94288],[-75.68661,37.93472],[-75.69485,37.93317],[-75.70557,37.9432],[-75.71729,37.93287],[-75.72165,37.91824],[-75.73134,37.90949],[-75.74375,37.90671],[-75.75769,37.90953],[-75.763,37.90686],[-75.74992,37.90285],[-75.64874,37.90473],[-75.69785,37.89293],[-75.69691,37.88704],[-75.68192,37.87126],[-75.68122,37.86792],[-75.68801,37.85984],[-75.68661,37.85046],[-75.68216,37.84656],[-75.66895,37.84872],[-75.68578,37.82589],[-75.69434,37.84099],[-75.70324,37.84378],[-75.70675,37.84117],[-75.70558,37.82669],[-75.71776,37.82669],[-75.71799,37.81888],[-75.72338,37.81535],[-75.7156,37.79502],[-75.7023,37.7845],[-75.69503,37.77181],[-75.70713,37.78095],[-75.72446,37.78745],[-75.73348,37.77328],[-75.73761,37.77995],[-75.7444,37.77936],[-75.75016,37.75923],[-75.75606,37.78241],[-75.77326,37.78504],[-75.77724,37.78844],[-75.76986,37.79499],[-75.77207,37.7985],[-75.79075,37.79882],[-75.81304,37.78836],[-75.81214,37.77986],[-75.79247,37.77726],[-75.78544,37.77317],[-75.79809,37.76499],[-75.79832,37.76201],[-75.78234,37.76023],[-75.76884,37.74513],[-75.78921,37.7504],[-75.80736,37.74115],[-75.81445,37.74677],[-75.82791,37.73796],[-75.82807,37.73095],[-75.79528,37.72606],[-75.76791,37.70685],[-75.7781,37.70755],[-75.80024,37.71868],[-75.80629,37.71282],[-75.81957,37.71388],[-75.82607,37.71751],[-75.83994,37.71634],[-75.8406,37.69988],[-75.84507,37.68949],[-75.85289,37.68202],[-75.83619,37.67407],[-75.82179,37.66136],[-75.82755,37.66019],[-75.84135,37.66916],[-75.85485,37.66504],[-75.86773,37.66816],[-75.87845,37.66212],[-75.87896,37.6589],[-75.86933,37.655],[-75.8679,37.65064],[-75.88825,37.65339],[-75.895,37.63849],[-75.88453,37.63083],[-75.8825,37.61968],[-75.85363,37.62734],[-75.85532,37.62311],[-75.87727,37.61471],[-75.87803,37.61082],[-75.86916,37.60027],[-75.8733,37.599],[-75.88039,37.60605],[-75.89787,37.60739],[-75.90206,37.62577],[-75.90565,37.6274],[-75.92558,37.59407],[-75.91292,37.59141],[-75.89843,37.57512],[-75.9039,37.57504],[-75.92072,37.5852],[-75.9343,37.57819],[-75.94088,37.56811],[-75.9418,37.56036],[-75.93886,37.55625],[-75.9117,37.55665],[-75.89954,37.56133],[-75.88901,37.55343],[-75.8498,37.55633],[-75.84412,37.55423],[-75.88272,37.54641],[-75.89245,37.54778],[-75.90066,37.55294],[-75.91809,37.5502],[-75.93065,37.55181],[-75.93369,37.54931],[-75.93166,37.54084],[-75.93896,37.54245],[-75.9576,37.5034],[-75.96348,37.47498],[-75.94808,37.47522],[-75.9265,37.48967],[-75.90907,37.50396],[-75.91008,37.51203],[-75.90106,37.51865],[-75.89884,37.51655],[-75.90279,37.51058],[-75.89863,37.50299],[-75.93714,37.47449],[-75.93673,37.46835],[-75.9267,37.46133],[-75.92751,37.4589],[-75.95081,37.46981],[-75.96024,37.46876],[-75.96753,37.46084],[-75.98597,37.42255],[-75.98293,37.40323],[-75.96145,37.4261],[-75.93724,37.44],[-75.93693,37.43572],[-75.95183,37.42449],[-75.93977,37.41972],[-75.94463,37.41697],[-75.95943,37.42029],[-75.96115,37.41422],[-75.97442,37.40647],[-75.96753,37.39555],[-75.9576,37.39289],[-75.95801,37.38844],[-75.97159,37.39167],[-75.97787,37.38391],[-75.98719,37.38415],[-75.98577,37.36936],[-76.01262,37.3336],[-76.01951,37.31685],[-76.02255,37.30212],[-76.01941,37.29719],[-76.01353,37.30876],[-75.99692,37.32033],[-75.99327,37.33102],[-75.97716,37.33263],[-75.96388,37.33029],[-75.96449,37.32818],[-75.98709,37.32721],[-75.9882,37.32349],[-75.98425,37.31815],[-75.98668,37.31281],[-75.99884,37.30909],[-76.01627,37.2895],[-76.01161,37.28359],[-75.99793,37.28156],[-75.98273,37.2848],[-75.98192,37.28051],[-75.98922,37.27719],[-76.01657,37.27703],[-76.02204,37.27185],[-76.02458,37.25711],[-76.01627,37.24123],[-76.00391,37.23645],[-75.99205,37.25873],[-75.98567,37.26383],[-75.98081,37.26132],[-75.99185,37.24658],[-75.99296,37.23548],[-75.98719,37.22714],[-75.99236,37.22535],[-76.00137,37.23127],[-76.00968,37.23167],[-76.01322,37.20958],[-76.01001,37.19952],[-75.99026,37.17878],[-75.98798,37.16608],[-75.97745,37.15835],[-75.9695,37.12492],[-75.97012,37.1164],[-75.9495,37.12001],[-75.93261,37.12901],[-75.93329,37.13394],[-75.94018,37.13589],[-75.93745,37.14364],[-75.94065,37.16143],[-75.93891,37.18487],[-75.92672,37.20481],[-75.9174,37.20837],[-75.91537,37.21231],[-75.90754,37.21277],[-75.91218,37.15432],[-75.90841,37.15363],[-75.90348,37.17196],[-75.89913,37.1759],[-75.89303,37.17451],[-75.88694,37.16291],[-75.88288,37.1636],[-75.87418,37.19167],[-75.87592,37.20072],[-75.87099,37.21532],[-75.88781,37.21556],[-75.89042,37.21857],[-75.89013,37.22854],[-75.8823,37.23967],[-75.85271,37.26145],[-75.85531,37.29077],[-75.86836,37.28683],[-75.8849,37.29031],[-75.89302,37.27131],[-75.89418,37.25231],[-75.89882,37.24791],[-75.91072,37.24559],[-75.91768,37.234],[-75.92029,37.23586],[-75.92261,37.25903],[-75.9171,37.28451],[-75.91884,37.30281],[-75.90956,37.30443],[-75.90811,37.29888],[-75.91398,37.29395],[-75.90375,37.29262],[-75.90083,37.30568],[-75.893,37.31726],[-75.89532,37.32004],[-75.90547,37.3168],[-75.9075,37.31958],[-75.90286,37.33347],[-75.89271,37.33833],[-75.89213,37.34412],[-75.89859,37.3489],[-75.8905,37.36292],[-75.88545,37.36309],[-75.88706,37.35632],[-75.88393,37.35409],[-75.86921,37.37119],[-75.86747,37.38623],[-75.86399,37.39132],[-75.82933,37.3934],[-75.82448,37.40468],[-75.81951,37.39867],[-75.80565,37.39884],[-75.78794,37.40411],[-75.79498,37.41398],[-75.80927,37.41143],[-75.8144,37.41364],[-75.81866,37.42061],[-75.81589,37.43863],[-75.82442,37.44067],[-75.81781,37.4456],[-75.81311,37.45818],[-75.80307,37.46206],[-75.78793,37.4816],[-75.77598,37.49044],[-75.75123,37.4901],[-75.74889,37.48483],[-75.75251,37.47175],[-75.74014,37.47888],[-75.7348,37.47821],[-75.73694,37.46852],[-75.7171,37.45221],[-75.7042,37.45111],[-75.68756,37.45706],[-75.69012,37.46488],[-75.69716,37.46777],[-75.68606,37.47236],[-75.6882,37.47847],[-75.69844,37.48119],[-75.72414,37.47275],[-75.72737,37.47766],[-75.7259,37.48234],[-75.708,37.48771],[-75.70594,37.49169],[-75.7215,37.5008],[-75.74205,37.49473],[-75.74528,37.50571],[-75.75496,37.51342],[-75.75438,37.5202],[-75.74586,37.53375],[-75.72326,37.55454],[-75.71533,37.55244],[-75.72267,37.54169],[-75.7215,37.53865],[-75.70976,37.53679],[-75.70581,37.53208],[-75.708,37.52324],[-75.71592,37.52277],[-75.71533,37.50688],[-75.71035,37.50454],[-75.70301,37.50618],[-75.69714,37.5209],[-75.68833,37.52207],[-75.68451,37.51552],[-75.69567,37.50057],[-75.6942,37.49005],[-75.68451,37.48631],[-75.66015,37.48795],[-75.66015,37.4793],[-75.6716,37.47135],[-75.67072,37.46925],[-75.66514,37.46854],[-75.65574,37.47556],[-75.6305,37.53492],[-75.60729,37.56257],[-75.60846,37.57168],[-75.61697,37.57681],[-75.63107,37.57401],[-75.63459,37.56234],[-75.64809,37.55253],[-75.66248,37.53571],[-75.68001,37.52769],[-75.68338,37.5299],[-75.68361,37.53851],[-75.69183,37.54646],[-75.6886,37.55393],[-75.67598,37.55813],[-75.66042,37.55136],[-75.65191,37.5551],[-75.65073,37.56047],[-75.69976,37.56981],[-75.70387,37.57541],[-75.70445,37.58358],[-75.69624,37.58919],[-75.68655,37.58849],[-75.67275,37.58125],[-75.67451,37.57378],[-75.66805,37.56771],[-75.64369,37.56607],[-75.6387,37.56841],[-75.63694,37.57892],[-75.6525,37.58755],[-75.65734,37.6133],[-75.67326,37.60771],[-75.67818,37.61181],[-75.67724,37.6174],[-75.66324,37.63145],[-75.65554,37.64875],[-75.6393,37.65297],[-75.63446,37.64974],[-75.64258,37.64217],[-75.64297,37.63348],[-75.61882,37.6098],[-75.61974,37.59353],[-75.61828,37.5887],[-75.61396,37.58783],[-75.58614,37.66712],[-75.58865,37.67324],[-75.59527,37.6768],[-75.59761,37.68406],[-75.61869,37.69653],[-75.61516,37.70936],[-75.58809,37.74068],[-75.58028,37.74193],[-75.56998,37.73783],[-75.5659,37.73092],[-75.56682,37.72435],[-75.58473,37.68909],[-75.57941,37.68568],[-75.55356,37.73308],[-75.54238,37.76152],[-75.54526,37.77183],[-75.53259,37.78071],[-75.50684,37.81774],[-75.50907,37.82221],[-75.50684,37.82679],[-75.49661,37.82955],[-75.47052,37.85833],[-75.42298,37.87241],[-75.42115,37.88368],[-75.39778,37.8986],[-75.37886,37.91903],[-75.36047,37.92253],[-75.34936,37.92878],[-75.34561,37.94882],[-75.33328,37.96068],[-75.32342,37.97977],[-75.32547,37.98367],[-75.33662,37.98078],[-75.3479,37.96547],[-75.38973,37.92753],[-75.40718,37.918],[-75.4144,37.91728],[-75.43748,37.92868],[-75.42689,37.93794],[-75.43172,37.94323],[-75.43191,37.9494],[-75.43897,37.95352],[-75.44213,37.95999],[-75.4362,37.97211],[-75.43648,37.98182],[-75.43226,37.98664],[-75.41376,37.99331],[-75.40884,38.00814],[-75.3959,38.01965],[-75.38886,38.03383],[-75.3778,38.03675],[-75.36499,38.03317],[-75.36866,38.0463],[-75.35708,38.06371],[-75.36388,38.07389],[-75.36153,38.08407],[-75.34861,38.08844],[-75.33296,38.1061],[-75.31095,38.10332],[-75.29627,38.10974],[-75.29619,38.1148],[-75.30533,38.12886],[-75.27699,38.16807],[-75.26838,38.19977],[-75.24388,38.23586],[-75.22632,38.24654],[-75.19087,38.2547],[-75.20743,38.24162],[-75.20556,38.23164],[-75.21282,38.22111],[-75.20665,38.2091],[-75.20029,38.20707],[-75.19057,38.2261],[-75.15708,38.25141],[-75.11703,38.31473],[-75.10391,38.32949],[-75.09595,38.33281],[-75.09595,38.34996],[-75.10063,38.35457],[-75.11902,38.36237],[-75.12875,38.35336],[-75.13888,38.35687],[-75.12698,38.36736],[-75.12592,38.38407],[-75.15265,38.40588],[-75.13548,38.40463],[-75.11,38.38997],[-75.10344,38.39329],[-75.10204,38.40619],[-75.11258,38.42499],[-75.09099,38.4431],[-75.07308,38.46362],[-75.0732,38.4693],[-75.08336,38.4826],[-75.0699,38.48392],[-75.06585,38.49714],[-75.06907,38.501],[-75.08141,38.50061],[-75.08172,38.50278],[-75.06275,38.50598],[-75.05768,38.49899],[-75.05673,38.47053],[-75.06629,38.44556],[-75.06538,38.43088],[-75.07707,38.38719],[-75.0789,38.35855],[-75.08761,38.33698],[-75.08424,38.33472],[-75.07892,38.33826],[-75.06281,38.38002],[-75.04723,38.46587],[-75.0566,38.57223],[-75.06486,38.60654],[-75.0742,38.60515],[-75.07098,38.5987],[-75.07484,38.59112],[-75.06647,38.5814],[-75.07195,38.58013],[-75.08226,38.58418],[-75.08628,38.58228],[-75.09458,38.57514],[-75.09683,38.56175],[-75.10389,38.57599],[-75.12077,38.58877],[-75.14116,38.58778],[-75.19667,38.56408],[-75.19946,38.56855],[-75.18292,38.58087],[-75.20602,38.58749],[-75.20066,38.59239],[-75.17426,38.59456],[-75.16077,38.59899],[-75.14956,38.61102],[-75.11552,38.61408],[-75.09313,38.62405],[-75.09467,38.63075],[-75.1223,38.64257],[-75.12381,38.65161],[-75.13388,38.66924],[-75.13388,38.67254],[-75.12803,38.67566],[-75.0872,38.67842],[-75.07557,38.67438],[-75.07252,38.6663],[-75.081,38.64294],[-75.0662,38.61781],[-75.06058,38.61799],[-75.06409,38.64243],[-75.06266,38.66102],[-75.07721,38.72944],[-75.07486,38.7586],[-75.08037,38.78427],[-75.08267,38.78787],[-75.0936,38.79105],[-75.15683,38.7905],[-75.19618,38.80974],[-75.20814,38.81817],[-75.22709,38.84199],[-75.24349,38.85371],[-75.27058,38.88651],[-75.31046,38.91851],[-75.31515,38.93461],[-75.31093,38.94193],[-75.30859,38.9668],[-75.31523,38.98346],[-75.33505,39.01267],[-75.39398,39.06312],[-75.40789,39.07934],[-75.40836,39.11547],[-75.41399,39.15625],[-75.41187,39.16946],[-75.39629,39.20956],[-75.39766,39.21759],[-75.40437,39.22504],[-75.40601,39.24125],[-75.41559,39.26619],[-75.44925,39.31094],[-75.46526,39.32206],[-75.51257,39.36553],[-75.54091,39.41296],[-75.55655,39.43033],[-75.57854,39.4436],[-75.59068,39.46617],[-75.59384,39.48559],[-75.57697,39.52289],[-75.56717,39.5546],[-75.57618,39.56734],[-75.61558,39.59626],[-75.61819,39.60816],[-75.60539,39.63267],[-75.59004,39.64744],[-75.56926,39.65681],[-75.55094,39.67404],[-75.52948,39.69933],[-75.52955,39.71767],[-75.49366,39.76404],[-75.47252,39.7833],[-75.33031,39.86131],[-75.28047,39.86131],[-75.23316,39.86853],[-75.21555,39.87729],[-75.19876,39.89893],[-75.19006,39.9024],[-75.14818,39.89818],[-75.13642,39.89992],[-75.13086,39.91027],[-75.13948,39.94206],[-75.13062,39.95383],[-75.11983,39.96238],[-75.09816,39.97136],[-75.09429,39.97705],[-75.07255,39.98262],[-75.03944,40.0093],[-75.0109,40.02518],[-74.97661,40.05534],[-74.9304,40.07751],[-74.90692,40.08061],[-74.85633,40.09482],[-74.83947,40.10849],[-74.81808,40.13358],[-74.78865,40.13366],[-74.74345,40.14244],[-74.73267,40.14768],[-74.72729,40.15415],[-74.72869,40.16493],[-74.73525,40.17283],[-74.75442,40.1845],[-74.76891,40.21486],[-74.78889,40.23041],[-74.84586,40.25897],[-74.8406,40.26458],[-74.76779,40.22362],[-74.71125,40.16128],[-74.71479,40.14967],[-74.7357,40.13301],[-74.75963,40.12668],[-74.81446,40.12706],[-74.82378,40.1164],[-74.83087,40.09714],[-74.83857,40.09208],[-74.92612,40.07134],[-74.97043,40.0508],[-74.98663,40.03052],[-75.07339,39.96465],[-75.11624,39.95177],[-75.12139,39.94706],[-75.12403,39.93203],[-75.11513,39.89812],[-75.12418,39.88681],[-75.1476,39.87827],[-75.17448,39.88121],[-75.18023,39.879],[-75.2067,39.85418],[-75.2186,39.84941],[-75.23925,39.85193],[-75.27134,39.84272],[-75.31247,39.83714],[-75.34753,39.82255],[-75.37142,39.80208],[-75.3988,39.79587],[-75.42911,39.78233],[-75.46003,39.76173],[-75.48259,39.71496],[-75.51046,39.69398],[-75.52463,39.66557],[-75.56011,39.63497],[-75.56292,39.62845],[-75.56339,39.6107],[-75.55871,39.60399],[-75.52775,39.58681],[-75.51259,39.57152],[-75.51282,39.5656],[-75.5251,39.5533],[-75.52873,39.53699],[-75.51869,39.46284],[-75.47408,39.4358],[-75.43358,39.38784],[-75.40605,39.37169],[-75.38012,39.34789],[-75.36742,39.34096],[-75.35087,39.34201],[-75.33435,39.33898],[-75.31538,39.31187],[-75.29688,39.29386],[-75.27111,39.30005],[-75.25847,39.29841],[-75.23786,39.27693],[-75.20101,39.26358],[-75.18493,39.24689],[-75.17064,39.24015],[-75.16479,39.22303],[-75.16522,39.20572],[-75.13668,39.18586],[-75.12684,39.18907],[-75.09955,39.21043],[-75.07566,39.21153],[-75.04277,39.21984],[-75.02942,39.21202],[-75.0238,39.20153],[-75.01912,39.19898],[-74.95632,39.19403],[-74.91312,39.18628],[-74.89616,39.172],[-74.88529,39.15522],[-74.88353,39.14704],[-74.89287,39.13091],[-74.89302,39.1125],[-74.89652,39.10158],[-74.9416,39.03283],[-74.96051,38.98916],[-74.96633,38.9562],[-74.97301,38.94016],[-74.97168,38.93455],[-74.96514,38.93008],[-74.94715,38.9315],[-74.92175,38.92825],[-74.87226,38.94439],[-74.87923,38.95038],[-74.90336,38.94654],[-74.90505,38.95],[-74.90132,38.95236],[-74.8755,38.95445],[-74.86586,38.94241],[-74.86044,38.94197],[-74.853,38.95129],[-74.7891,38.99709],[-74.7853,39.00454],[-74.79671,39.0242],[-74.80455,39.02999],[-74.80354,39.03868],[-74.81105,39.0456],[-74.81713,39.06199],[-74.80236,39.06903],[-74.78969,39.05916],[-74.79375,39.04823],[-74.78429,39.04389],[-74.75989,39.06429],[-74.76242,39.06936],[-74.78783,39.07186],[-74.79194,39.09503],[-74.78258,39.10652],[-74.7608,39.10816],[-74.75728,39.13334],[-74.75015,39.13266],[-74.74833,39.12658],[-74.74326,39.12477],[-74.71621,39.13053],[-74.71966,39.13645],[-74.74357,39.14339],[-74.74914,39.15128],[-74.73414,39.15538],[-74.70709,39.15168],[-74.70557,39.14608],[-74.71307,39.13819],[-74.71423,39.12575],[-74.71333,39.12143],[-74.70934,39.12198],[-74.69674,39.14629],[-74.65132,39.19752],[-74.65122,39.20184],[-74.65677,39.20215],[-74.6865,39.16732],[-74.70024,39.17063],[-74.70672,39.17536],[-74.70885,39.18152],[-74.69155,39.19823],[-74.67564,39.20568],[-74.66475,39.22662],[-74.65573,39.22588],[-74.66987,39.20349],[-74.6684,39.19966],[-74.65601,39.2077],[-74.64609,39.20913],[-74.59962,39.25734],[-74.55889,39.27971],[-74.55301,39.2859],[-74.55111,39.29269],[-74.55626,39.29821],[-74.5883,39.27599],[-74.60066,39.28174],[-74.60714,39.28119],[-74.61414,39.27607],[-74.61657,39.26197],[-74.62498,39.26126],[-74.62781,39.26362],[-74.6269,39.26819],[-74.61626,39.2804],[-74.61606,39.2852],[-74.62802,39.28993],[-74.65063,39.2914],[-74.65014,39.30503],[-74.66076,39.31793],[-74.6675,39.31965],[-74.66688,39.3225],[-74.654,39.32087],[-74.64563,39.30954],[-74.64016,39.30829],[-74.62469,39.30854],[-74.60586,39.30339],[-74.58902,39.31199],[-74.56985,39.3037],[-74.55443,39.32015],[-74.56139,39.33055],[-74.56146,39.33798],[-74.55668,39.34508],[-74.55112,39.34645],[-74.54612,39.34388],[-74.5502,39.3306],[-74.54655,39.32323],[-74.55949,39.30792],[-74.55626,39.30617],[-74.54732,39.31109],[-74.52915,39.31446],[-74.53855,39.30597],[-74.53576,39.30267],[-74.50309,39.32309],[-74.46266,39.34292],[-74.41195,39.35942],[-74.4083,39.36229],[-74.40972,39.36842],[-74.42607,39.38485],[-74.44977,39.39671],[-74.47193,39.40205],[-74.48045,39.41258],[-74.47832,39.4232],[-74.47091,39.43018],[-74.4672,39.42918],[-74.47102,39.42078],[-74.46909,39.41965],[-74.462,39.42527],[-74.4536,39.44189],[-74.43174,39.4569],[-74.4248,39.4562],[-74.41197,39.43169],[-74.40317,39.42439],[-74.39922,39.42498],[-74.39521,39.44215],[-74.40364,39.45617],[-74.39965,39.45799],[-74.39263,39.45526],[-74.39052,39.46089],[-74.39474,39.46706],[-74.40725,39.47359],[-74.40851,39.47869],[-74.38642,39.47519],[-74.37978,39.47783],[-74.37908,39.48255],[-74.39818,39.49347],[-74.40628,39.50324],[-74.40997,39.5504],[-74.42202,39.55177],[-74.42379,39.55575],[-74.41669,39.56109],[-74.40464,39.56262],[-74.40207,39.55636],[-74.39099,39.55487],[-74.38677,39.54363],[-74.38115,39.54],[-74.36091,39.54722],[-74.33246,39.53865],[-74.32869,39.52839],[-74.33234,39.52415],[-74.33294,39.51116],[-74.32188,39.50777],[-74.30765,39.50965],[-74.30037,39.51596],[-74.29802,39.54217],[-74.29133,39.54932],[-74.28561,39.55139],[-74.27881,39.54678],[-74.27941,39.54292],[-74.28537,39.53934],[-74.28428,39.53699],[-74.27455,39.54057],[-74.27248,39.55026],[-74.27577,39.56871],[-74.27929,39.57031],[-74.30397,39.56523],[-74.30945,39.56174],[-74.312,39.55309],[-74.31674,39.55214],[-74.32622,39.55779],[-74.33899,39.57379],[-74.32574,39.57605],[-74.31276,39.58496],[-74.30527,39.5951],[-74.28764,39.60428],[-74.28115,39.61159],[-74.27459,39.61177],[-74.26893,39.60321],[-74.26439,39.60428],[-74.26124,39.61992],[-74.25117,39.623],[-74.24812,39.62807],[-74.24829,39.64524],[-74.22142,39.64835],[-74.20791,39.67797],[-74.19925,39.67484],[-74.19431,39.67682],[-74.19897,39.6895],[-74.15888,39.71114],[-74.17385,39.71008],[-74.16961,39.71665],[-74.17609,39.71978],[-74.16667,39.72216],[-74.16667,39.73635],[-74.1877,39.73846],[-74.19098,39.74153],[-74.17939,39.78693],[-74.16667,39.80701],[-74.16667,39.94205],[-74.18067,39.94295],[-74.19449,39.94968],[-74.19144,39.95203],[-74.16667,39.94846],[-74.16667,40.46156],[-74.1929,40.43999],[-74.20794,40.43488],[-74.21529,40.44686],[-74.25869,40.45747],[-74.276,40.48837],[-74.29901,40.50157],[-74.30885,40.49964],[-74.32298,40.48268],[-74.3351,40.47652],[-74.35099,40.47421],[-74.36109,40.46669],[-74.36992,40.47131],[-74.36914,40.47683],[-74.36084,40.47478],[-74.35806,40.47941],[-74.33787,40.48673],[-74.31894,40.50272],[-74.30784,40.50773],[-74.29573,40.50831],[-74.27117,40.49859],[-74.2655,40.49951],[-74.25196,40.5199],[-74.25272,40.53466],[-74.24659,40.54942],[-74.23758,40.55673],[-74.21936,40.55863],[-74.214,40.56375],[-74.21304,40.57821],[-74.20783,40.59319],[-74.20608,40.62554],[-74.20148,40.63138],[-74.16667,40.65158],[-74.16667,44.83333],[-68.49944,44.83333]]]},"properties":{}},{"type":"Feature","geometry":{"type":"Polygon","coordinates":[[[-69.0373,43.91596],[-69.03306,43.91642],[-69.03107,43.91513],[-69.03709,43.91133],[-69.0373,43.91596]]]},"properties":{}},{"type":"Feature","geometry":{"type":"Polygon","coordinates":[[[-70.0987,43.70059],[-70.09141,43.69688],[-70.08775,43.69975],[-70.08683,43.68697],[-70.09695,43.67322],[-70.10144,43.67571],[-70.09414,43.68454],[-70.09358,43.69456],[-70.09841,43.69475],[-70.10111,43.69901],[-70.11669,43.68357],[-70.11758,43.68659],[-70.1009,43.70521],[-70.09265,43.71006],[-70.0987,43.70059]]]},"properties":{}},{"type":"Feature","geometry":{"type":"Polygon","coordinates":[[[-70.14447,43.70401],[-70.17053,43.68736],[-70.17382,43.68021],[-70.16794,43.67984],[-70.16905,43.67273],[-70.16296,43.67987],[-70.15578,43.67515],[-70.15235,43.67687],[-70.14716,43.68361],[-70.15377,43.68259],[-70.15441,43.68644],[-70.14379,43.69454],[-70.13611,43.6938],[-70.13877,43.70021],[-70.13425,43.70256],[-70.13832,43.70395],[-70.1354,43.70795],[-70.1424,43.71557],[-70.15652,43.71059],[-70.14793,43.70872],[-70.14447,43.70401]]]},"properties":{}},{"type":"Feature","geometry":{"type":"Polygon","coordinates":[[[-70.18364,43.66784],[-70.1762,43.66247],[-70.17858,43.65616],[-70.18391,43.65165],[-70.19378,43.65261],[-70.19804,43.64436],[-70.19012,43.64549],[-70.20644,43.63424],[-70.20534,43.63881],[-70.20971,43.64151],[-70.19893,43.65448],[-70.19981,43.66228],[-70.20351,43.66729],[-70.21188,43.66353],[-70.2124,43.66738],[-70.20551,43.67073],[-70.20447,43.68024],[-70.19946,43.68645],[-70.18408,43.69406],[-70.1864,43.6866],[-70.19318,43.68208],[-70.18792,43.68429],[-70.18671,43.67398],[-70.18199,43.67527],[-70.18364,43.66784]]]},"properties":{}},{"type":"Feature","geometry":{"type":"Polygon","coordinates":[[[-70.22643,43.68999],[-70.23266,43.68622],[-70.23628,43.6885],[-70.23082,43.69207],[-70.22643,43.68999]]]},"properties":{}},{"type":"Feature","geometry":{"type":"Polygon","coordinates":[[[-70.04444,43.76438],[-70.04613,43.7581],[-70.06226,43.742],[-70.04814,43.76193],[-70.04444,43.76438]]]},"properties":{}},{"type":"Feature","geometry":{"type":"Polygon","coordinates":[[[-69.93259,43.72392],[-69.92849,43.72747],[-69.93377,43.72638],[-69.93731,43.73113],[-69.94109,43.73035],[-69.941,43.72519],[-69.93259,43.72392]]]},"properties":{}},{"type":"Feature","geometry":{"type":"Polygon","coordinates":[[[-70.04233,43.71228],[-70.02867,43.72601],[-70.02232,43.72447],[-70.02828,43.71806],[-70.02634,43.71592],[-70.04233,43.71228]]]},"properties":{}},{"type":"Feature","geometry":{"type":"Polygon","coordinates":[[[-70.03343,43.80901],[-70.03748,43.80144],[-70.04744,43.79387],[-70.04685,43.7832],[-70.03814,43.78493],[-70.04263,43.78441],[-70.0439,43.78801],[-70.02684,43.80883],[-70.03343,43.80901]]]},"properties":{}},{"type":"Feature","geometry":{"type":"Polygon","coordinates":[[[-70.00012,43.82969],[-70.01339,43.82395],[-70.01953,43.81489],[-70.01504,43.81412],[-70.01357,43.81042],[-70.00751,43.81287],[-69.97938,43.83997],[-69.98673,43.84344],[-70.00012,43.82969]]]},"properties":{}},{"type":"Feature","geometry":{"type":"Polygon","coordinates":[[[-69.94966,43.76257],[-69.94256,43.79425],[-69.95405,43.77446],[-69.97229,43.75323],[-69.97497,43.7586],[-69.97781,43.75568],[-69.97841,43.75837],[-69.99009,43.74442],[-69.98425,43.74419],[-69.99321,43.73155],[-69.99206,43.72602],[-69.99817,43.71981],[-69.9988,43.71272],[-70.00883,43.71299],[-69.9983,43.72725],[-69.99714,43.73119],[-70.00467,43.72563],[-69.99227,43.7492],[-69.98591,43.75339],[-69.97353,43.77624],[-69.96532,43.77654],[-69.96561,43.78463],[-69.96125,43.79174],[-69.9522,43.7948],[-69.94435,43.80402],[-69.94191,43.80914],[-69.9479,43.80995],[-69.95217,43.81585],[-69.93879,43.83858],[-69.93905,43.84271],[-69.93105,43.85152],[-69.93541,43.86324],[-69.94152,43.84423],[-69.94468,43.8389],[-69.94513,43.84155],[-69.95141,43.83616],[-69.94801,43.82928],[-69.96028,43.79839],[-69.96976,43.79523],[-69.95862,43.81137],[-69.9625,43.81289],[-69.97214,43.79947],[-69.9717,43.80523],[-69.9748,43.80752],[-69.97791,43.7994],[-69.97373,43.7937],[-69.97726,43.78754],[-69.98275,43.78801],[-69.99103,43.77498],[-70.00777,43.76379],[-70.00765,43.75553],[-69.99775,43.75689],[-70.00219,43.74744],[-70.01329,43.74172],[-70.01819,43.73143],[-70.02572,43.73065],[-70.01992,43.73933],[-70.02162,43.74361],[-70.01427,43.74533],[-70.01873,43.74823],[-70.01482,43.75437],[-70.02982,43.74421],[-70.03809,43.74218],[-70.04406,43.73397],[-70.0449,43.74288],[-70.03709,43.75126],[-70.04238,43.74801],[-70.02877,43.76385],[-70.02403,43.76751],[-70.02025,43.76611],[-70.01734,43.77802],[-70.00758,43.78517],[-69.99479,43.80783],[-69.98766,43.81303],[-69.9801,43.81332],[-69.97481,43.82914],[-69.94648,43.86037],[-69.95298,43.86119],[-69.96391,43.85216],[-69.97628,43.85192],[-69.98225,43.84764],[-69.98559,43.85329],[-70.00319,43.83634],[-70.00678,43.83739],[-70.01516,43.82872],[-70.02711,43.82294],[-70.02353,43.8298],[-70.01095,43.83828],[-69.98552,43.86496],[-69.99338,43.86744],[-70.00653,43.85976],[-70.01834,43.86021],[-70.04247,43.84135],[-70.03935,43.83919],[-70.04596,43.83432],[-70.04045,43.83178],[-70.05364,43.83003],[-70.05915,43.82362],[-70.05348,43.82306],[-70.05546,43.81988],[-70.07122,43.80882],[-70.06707,43.81222],[-70.06766,43.81614],[-70.06231,43.81831],[-70.06656,43.81999],[-70.06133,43.82786],[-70.07557,43.82474],[-70.07562,43.8284],[-70.0808,43.8272],[-70.08054,43.82001],[-70.09479,43.81591],[-70.09926,43.80956],[-70.10451,43.80884],[-70.08291,43.83687],[-70.08788,43.83917],[-70.09292,43.83497],[-70.09586,43.84135],[-70.10088,43.83481],[-70.09739,43.82982],[-70.10447,43.82705],[-70.10755,43.82392],[-70.10537,43.82129],[-70.11929,43.80791],[-70.11888,43.80351],[-70.10861,43.80857],[-70.10626,43.80408],[-70.12485,43.79878],[-70.12304,43.79195],[-70.12968,43.79064],[-70.1365,43.79505],[-70.13637,43.79875],[-70.1462,43.79907],[-70.14876,43.79049],[-70.14322,43.7919],[-70.14063,43.78958],[-70.1549,43.77927],[-70.15238,43.77617],[-70.16161,43.77129],[-70.16471,43.77271],[-70.17604,43.75836],[-70.17897,43.76275],[-70.17537,43.77264],[-70.17789,43.77603],[-70.19466,43.76985],[-70.19137,43.75886],[-70.19828,43.75446],[-70.1923,43.74856],[-70.19346,43.74349],[-70.21763,43.72098],[-70.22203,43.72157],[-70.22263,43.71631],[-70.21707,43.71713],[-70.21786,43.71105],[-70.21439,43.71281],[-70.21727,43.70587],[-70.22387,43.70284],[-70.23058,43.70457],[-70.2382,43.69507],[-70.24323,43.69421],[-70.24587,43.6992],[-70.24237,43.70395],[-70.24583,43.70596],[-70.24091,43.71268],[-70.25089,43.71513],[-70.25326,43.71253],[-70.25127,43.70789],[-70.25584,43.69987],[-70.25595,43.69209],[-70.25415,43.68843],[-70.24478,43.68929],[-70.25095,43.68586],[-70.25198,43.67723],[-70.25629,43.67695],[-70.25571,43.67382],[-70.23624,43.66999],[-70.23953,43.66442],[-70.26232,43.64371],[-70.28044,43.64051],[-70.28725,43.65099],[-70.29181,43.64169],[-70.2859,43.64207],[-70.28119,43.63619],[-70.27147,43.63412],[-70.27004,43.63821],[-70.26454,43.64025],[-70.26526,43.63359],[-70.25803,43.63397],[-70.25725,43.64353],[-70.25287,43.64492],[-70.24829,43.63725],[-70.24542,43.63901],[-70.24883,43.64605],[-70.2348,43.65554],[-70.23063,43.65023],[-70.22511,43.64989],[-70.22736,43.64305],[-70.22253,43.63946],[-70.22207,43.63323],[-70.20713,43.6231],[-70.20969,43.61296],[-70.21627,43.6062],[-70.21353,43.60403],[-70.21765,43.5976],[-70.21332,43.59625],[-70.21631,43.59262],[-70.20183,43.58679],[-70.20813,43.57835],[-70.20614,43.57497],[-70.20215,43.57533],[-70.20082,43.56899],[-70.19703,43.56946],[-70.1963,43.56539],[-70.2109,43.55703],[-70.22696,43.56071],[-70.24087,43.55326],[-70.23644,43.54673],[-70.22468,43.54259],[-70.23037,43.53735],[-70.24011,43.53854],[-70.23796,43.54379],[-70.24277,43.55068],[-70.26813,43.55602],[-70.26997,43.5649],[-70.27289,43.56596],[-70.27977,43.55823],[-70.30824,43.54411],[-70.31441,43.53456],[-70.30826,43.52942],[-70.32269,43.52743],[-70.31787,43.53398],[-70.32847,43.54082],[-70.34395,43.5391],[-70.36185,43.52812],[-70.38424,43.49591],[-70.38317,43.46923],[-70.37228,43.4548],[-70.35945,43.45009],[-70.36139,43.4562],[-70.35055,43.45728],[-70.34498,43.45083],[-70.34207,43.45718],[-70.32821,43.45695],[-70.33332,43.44723],[-70.33941,43.44548],[-70.33675,43.43951],[-70.36467,43.43799],[-70.37352,43.43125],[-70.3772,43.42163],[-70.38682,43.41485],[-70.38047,43.41253],[-70.39676,43.39457],[-70.40069,43.39567],[-70.40021,43.40191],[-70.40818,43.40015],[-70.41072,43.39361],[-70.41992,43.39637],[-70.4155,43.3877],[-70.42491,43.38638],[-70.4154,43.361],[-70.42159,43.35998],[-70.42868,43.35346],[-70.44578,43.35345],[-70.4464,43.34588],[-70.45126,43.34658],[-70.46617,43.34003],[-70.47611,43.34726],[-70.50144,43.34038],[-70.51421,43.34365],[-70.54077,43.33421],[-70.55637,43.3179],[-70.56671,43.29985],[-70.57062,43.28515],[-70.58087,43.2768],[-70.59236,43.24974],[-70.57549,43.22108],[-70.58548,43.20966],[-70.58958,43.19414],[-70.60196,43.1826],[-70.60035,43.17474],[-70.59012,43.16558],[-70.59601,43.16404],[-70.61094,43.16832],[-70.61588,43.16558],[-70.62254,43.15517],[-70.62343,43.13375],[-70.63117,43.13148],[-70.63801,43.11391],[-70.6547,43.10031],[-70.65957,43.08622],[-70.6735,43.07091],[-70.6923,43.06741],[-70.69579,43.07117],[-70.69276,43.08113],[-70.69616,43.08408],[-70.71496,43.08012],[-70.71528,43.09432],[-70.73225,43.11193],[-70.73569,43.11011],[-70.73155,43.1032],[-70.73245,43.09732],[-70.72238,43.09331],[-70.72257,43.08579],[-70.74741,43.08542],[-70.75888,43.08953],[-70.76563,43.10488],[-70.77658,43.10558],[-70.76939,43.09919],[-70.77486,43.09653],[-70.79474,43.11114],[-70.79989,43.11842],[-70.81843,43.12593],[-70.83074,43.14428],[-70.82418,43.15491],[-70.82151,43.17529],[-70.82374,43.18629],[-70.8182,43.1943],[-70.81858,43.20843],[-70.82198,43.19574],[-70.82899,43.18926],[-70.83644,43.14852],[-70.83345,43.13014],[-70.82803,43.12062],[-70.83434,43.12137],[-70.8472,43.13037],[-70.84791,43.1147],[-70.81453,43.11591],[-70.78046,43.0943],[-70.76791,43.09122],[-70.76466,43.08488],[-70.74954,43.07234],[-70.74952,43.06465],[-70.73917,43.06185],[-70.74216,43.0567],[-70.73373,43.05731],[-70.72357,43.05256],[-70.71241,43.0409],[-70.72918,43.0274],[-70.73378,43.01315],[-70.74294,43.00861],[-70.74312,43.0014],[-70.75033,42.99196],[-70.76218,42.98517],[-70.76611,42.96917],[-70.7747,42.95802],[-70.78376,42.95223],[-70.7872,42.9439],[-70.79686,42.93384],[-70.79771,42.92717],[-70.79389,42.91898],[-70.80769,42.91215],[-70.81056,42.89779],[-70.81815,42.89908],[-70.81995,42.90704],[-70.82929,42.90977],[-70.82364,42.90291],[-70.82758,42.88842],[-70.8219,42.88875],[-70.81823,42.89395],[-70.81227,42.89125],[-70.8163,42.85253],[-70.81185,42.82168],[-70.83525,42.82206],[-70.86678,42.81557],[-70.89557,42.8346],[-70.90228,42.83639],[-70.9036,42.83393],[-70.87366,42.81435],[-70.83981,42.79919],[-70.82502,42.80059],[-70.81893,42.81887],[-70.80823,42.81503],[-70.80562,42.78776],[-70.79846,42.76403],[-70.7711,42.70538],[-70.78119,42.69822],[-70.79113,42.71513],[-70.79923,42.72178],[-70.79976,42.73547],[-70.81031,42.74797],[-70.81106,42.76443],[-70.81548,42.76368],[-70.81557,42.75564],[-70.82741,42.76143],[-70.83675,42.76182],[-70.82428,42.75439],[-70.81388,42.73383],[-70.81518,42.72741],[-70.82321,42.73316],[-70.84079,42.73164],[-70.82382,42.73034],[-70.81954,42.72707],[-70.81648,42.71394],[-70.82611,42.70408],[-70.82114,42.70284],[-70.80922,42.71078],[-70.80127,42.71084],[-70.79171,42.69984],[-70.80762,42.69684],[-70.81078,42.68965],[-70.82264,42.68492],[-70.82158,42.68233],[-70.80859,42.68745],[-70.8042,42.69328],[-70.77186,42.69088],[-70.74533,42.68221],[-70.72923,42.6684],[-70.73081,42.66318],[-70.75704,42.67412],[-70.74697,42.66781],[-70.75002,42.66259],[-70.74197,42.65922],[-70.74527,42.65049],[-70.7202,42.6507],[-70.72222,42.65835],[-70.7181,42.66341],[-70.69029,42.6558],[-70.67936,42.64677],[-70.67526,42.6504],[-70.68176,42.65215],[-70.68176,42.65766],[-70.67912,42.66375],[-70.67294,42.66689],[-70.67373,42.67017],[-70.66721,42.67134],[-70.65959,42.68093],[-70.64526,42.68958],[-70.64154,42.68634],[-70.62817,42.6926],[-70.6192,42.68717],[-70.62213,42.68157],[-70.62,42.67698],[-70.62243,42.65949],[-70.61557,42.6611],[-70.60642,42.65795],[-70.5956,42.66118],[-70.59621,42.65263],[-70.59109,42.64894],[-70.59513,42.64272],[-70.59098,42.64168],[-70.59092,42.63848],[-70.59447,42.63463],[-70.61381,42.63208],[-70.61906,42.62785],[-70.61875,42.62352],[-70.63168,42.61944],[-70.63302,42.60226],[-70.64237,42.59365],[-70.65157,42.59153],[-70.65127,42.58874],[-70.64621,42.58766],[-70.65481,42.5804],[-70.66456,42.57887],[-70.66627,42.58239],[-70.66176,42.59055],[-70.65505,42.59393],[-70.66067,42.60547],[-70.65262,42.61002],[-70.65494,42.6139],[-70.66275,42.60818],[-70.67509,42.60914],[-70.67503,42.60431],[-70.68161,42.60084],[-70.68033,42.59381],[-70.68577,42.5858],[-70.69144,42.58499],[-70.69907,42.57683],[-70.71104,42.57191],[-70.71702,42.57624],[-70.72598,42.57124],[-70.73278,42.57475],[-70.74436,42.57425],[-70.75961,42.56898],[-70.76296,42.56254],[-70.77485,42.55884],[-70.78114,42.55852],[-70.77601,42.56105],[-70.7776,42.56533],[-70.79528,42.56344],[-70.82266,42.55181],[-70.84559,42.54764],[-70.85016,42.55095],[-70.85957,42.54472],[-70.8687,42.54777],[-70.87827,42.53959],[-70.88855,42.53991],[-70.90462,42.54614],[-70.89329,42.53303],[-70.88644,42.53716],[-70.88149,42.53454],[-70.8856,42.52706],[-70.86926,42.53664],[-70.86421,42.53415],[-70.86747,42.52573],[-70.87369,42.52659],[-70.88507,42.52012],[-70.88623,42.50944],[-70.88128,42.50593],[-70.88655,42.50258],[-70.88676,42.49782],[-70.87706,42.50219],[-70.86189,42.52059],[-70.84134,42.51895],[-70.84408,42.51279],[-70.84187,42.50843],[-70.85443,42.49176],[-70.89877,42.46358],[-70.92174,42.46748],[-70.93607,42.45882],[-70.94931,42.46047],[-70.95502,42.45525],[-70.967,42.45513],[-70.98203,42.44895],[-70.98203,42.43769],[-70.97247,42.44309],[-70.9714,42.44118],[-70.99037,42.42499],[-70.99675,42.40813],[-70.98521,42.3935],[-70.97702,42.38979],[-70.97626,42.36695],[-70.95645,42.34503],[-70.96685,42.34929],[-70.97732,42.36425],[-71.00024,42.37269],[-71.00631,42.38394],[-71.02161,42.38276],[-71.01415,42.37873],[-71.00593,42.36581],[-70.99138,42.36221],[-70.9936,42.35651],[-71.00781,42.35493],[-71.00872,42.34791],[-71.01855,42.34939],[-71.03166,42.35642],[-71.03458,42.36357],[-71.04587,42.366],[-71.04896,42.37221],[-71.04732,42.38153],[-71.01145,42.39597],[-71.01637,42.40232],[-71.02784,42.39381],[-71.06863,42.38869],[-71.06845,42.38491],[-71.05533,42.38477],[-71.05515,42.37762],[-71.06043,42.37316],[-71.05515,42.36411],[-71.0577,42.35669],[-71.07118,42.34196],[-71.07354,42.33318],[-71.073,42.32926],[-71.0679,42.33048],[-71.06808,42.34169],[-71.05349,42.35614],[-71.03838,42.34803],[-71.04949,42.34222],[-71.04894,42.33885],[-71.03747,42.3406],[-71.02557,42.33826],[-71.02764,42.33439],[-71.04002,42.32953],[-71.05022,42.3325],[-71.05586,42.33074],[-71.05695,42.3248],[-71.04548,42.3198],[-71.04457,42.31601],[-71.05368,42.31574],[-71.05076,42.31047],[-71.05877,42.3098],[-71.06078,42.30574],[-71.05277,42.30169],[-71.0443,42.28387],[-71.03976,42.28916],[-71.04189,42.2993],[-71.02899,42.29603],[-71.01655,42.30459],[-71.01454,42.29423],[-71.02693,42.29038],[-71.02731,42.28606],[-71.01821,42.27778],[-71.00708,42.2745],[-71.00221,42.26876],[-71.00652,42.26687],[-71.00574,42.26454],[-70.98217,42.26529],[-70.95511,42.27403],[-70.95827,42.26354],[-70.96826,42.26035],[-70.96535,42.25509],[-70.96889,42.25039],[-70.97319,42.25011],[-70.9737,42.25631],[-70.98432,42.25866],[-70.99342,42.25518],[-70.98369,42.25274],[-70.98192,42.24812],[-70.9742,42.24558],[-70.97547,42.2406],[-70.96725,42.23327],[-70.96522,42.22435],[-70.96029,42.23196],[-70.95486,42.23327],[-70.96029,42.24089],[-70.95119,42.24605],[-70.95043,42.25178],[-70.93064,42.25722],[-70.92708,42.26207],[-70.92653,42.25695],[-70.93918,42.25122],[-70.92577,42.22829],[-70.92248,42.23788],[-70.9336,42.25014],[-70.92106,42.25373],[-70.91681,42.2596],[-70.90164,42.26241],[-70.89997,42.25599],[-70.8898,42.24573],[-70.88282,42.249],[-70.88009,42.25403],[-70.88221,42.26474],[-70.87569,42.26474],[-70.8719,42.2582],[-70.86446,42.25651],[-70.86856,42.26282],[-70.8593,42.26676],[-70.88005,42.27436],[-70.88828,42.28919],[-70.89193,42.30597],[-70.8983,42.30687],[-70.91514,42.3009],[-70.91848,42.30327],[-70.91484,42.30631],[-70.89314,42.30969],[-70.87356,42.27871],[-70.86479,42.27247],[-70.84457,42.26651],[-70.8393,42.26921],[-70.79887,42.2546],[-70.789,42.24456],[-70.79189,42.23881],[-70.78946,42.23069],[-70.78582,42.24276],[-70.77796,42.24142],[-70.77732,42.25122],[-70.7717,42.25313],[-70.7623,42.23521],[-70.74997,42.22176],[-70.72812,42.20924],[-70.71629,42.20834],[-70.726,42.2036],[-70.72782,42.19573],[-70.72296,42.19807],[-70.71902,42.19591],[-70.72236,42.18487],[-70.71325,42.1676],[-70.72752,42.16331],[-70.7172,42.1588],[-70.71265,42.14909],[-70.69778,42.13903],[-70.69732,42.14299],[-70.70825,42.15631],[-70.70627,42.15823],[-70.68321,42.12907],[-70.63787,42.09327],[-70.63719,42.08305],[-70.6479,42.07121],[-70.64439,42.05527],[-70.63761,42.0445],[-70.59888,42.00405],[-70.6015,42.00215],[-70.6181,42.00512],[-70.63184,41.99376],[-70.63844,41.99441],[-70.63809,41.99923],[-70.61548,42.01071],[-70.61447,42.01488],[-70.63951,42.03968],[-70.64885,42.04337],[-70.66343,42.04242],[-70.66819,42.03939],[-70.67045,42.02541],[-70.66789,42.01053],[-70.67098,42.00738],[-70.67913,42.005],[-70.69448,42.01309],[-70.70661,42.00679],[-70.70673,42.00233],[-70.70061,41.9987],[-70.69293,41.98537],[-70.68026,41.97942],[-70.65076,41.95212],[-70.63654,41.94944],[-70.63505,41.95164],[-70.65296,41.97669],[-70.65248,41.9799],[-70.64748,41.97758],[-70.62904,41.94861],[-70.62107,41.94361],[-70.61072,41.94171],[-70.59531,41.94944],[-70.58407,41.95033],[-70.55231,41.92908],[-70.53922,41.92666],[-70.5382,41.92083],[-70.54605,41.91761],[-70.54654,41.90778],[-70.53216,41.8894],[-70.53226,41.86799],[-70.52565,41.8587],[-70.53229,41.84013],[-70.54152,41.83192],[-70.54305,41.82079],[-70.53324,41.8049],[-70.5166,41.79058],[-70.49378,41.7783],[-70.49497,41.77535],[-70.4761,41.76404],[-70.4284,41.74888],[-70.37738,41.73906],[-70.2948,41.73457],[-70.27937,41.73039],[-70.27292,41.72354],[-70.28167,41.72239],[-70.28858,41.72674],[-70.29251,41.72109],[-70.3046,41.72067],[-70.31414,41.72789],[-70.35013,41.72306],[-70.34415,41.7191],[-70.34771,41.71515],[-70.33526,41.71141],[-70.30836,41.71051],[-70.30325,41.70788],[-70.26597,41.71354],[-70.25997,41.71158],[-70.22023,41.74176],[-70.18878,41.75342],[-70.18441,41.75056],[-70.1408,41.76042],[-70.12372,41.75941],[-70.05803,41.77489],[-70.02232,41.79002],[-70.00283,41.80772],[-70.00603,41.81253],[-70.00202,41.81453],[-70.01195,41.86447],[-70.00802,41.88645],[-70.0232,41.89075],[-70.02608,41.89469],[-70.01585,41.89947],[-70.00962,41.89541],[-70.00802,41.90245],[-69.99571,41.90806],[-70.00162,41.9126],[-70.00498,41.90866],[-70.02336,41.9052],[-70.03614,41.91929],[-70.02895,41.9194],[-70.03119,41.93134],[-70.06469,41.92728],[-70.06533,41.93349],[-70.07412,41.92752],[-70.07396,41.92394],[-70.06181,41.91917],[-70.06932,41.91284],[-70.07028,41.90472],[-70.07476,41.90066],[-70.08307,41.98395],[-70.08259,41.99158],[-70.0754,41.99265],[-70.10582,42.03551],[-70.14802,42.06067],[-70.15454,42.06167],[-70.17602,42.05624],[-70.19174,42.04694],[-70.1998,42.03265],[-70.19884,42.02864],[-70.18541,42.02507],[-70.16956,42.03202],[-70.17411,42.02574],[-70.1902,42.01945],[-70.20896,42.03144],[-70.22358,42.05096],[-70.24405,42.06009],[-70.24568,42.06367],[-70.23335,42.07404],[-70.21733,42.07933],[-70.19837,42.08078],[-70.15599,42.07535],[-70.13685,42.07224],[-70.1039,42.06063],[-70.06006,42.03913],[-70.01177,41.98484],[-69.98749,41.95164],[-69.97127,41.91727],[-69.94334,41.84159],[-69.94382,41.83142],[-69.95433,41.83936],[-69.95907,41.83416],[-69.97413,41.83205],[-69.95938,41.81741],[-69.98162,41.797],[-69.98704,41.78756],[-69.98246,41.78624],[-69.95853,41.81129],[-69.95273,41.80986],[-69.95196,41.79538],[-69.94625,41.79346],[-69.94243,41.80044],[-69.9445,41.82559],[-69.9408,41.82666],[-69.93787,41.82283],[-69.92856,41.74105],[-69.93149,41.70607],[-69.93761,41.71032],[-69.93315,41.72845],[-69.93633,41.74534],[-69.94722,41.74577],[-69.95499,41.75092],[-69.95136,41.7586],[-69.94207,41.76141],[-69.94207,41.76508],[-69.94996,41.77281],[-69.95327,41.77071],[-69.94512,41.76375],[-69.95862,41.76112],[-69.96665,41.77338],[-69.96932,41.77223],[-69.96003,41.75726],[-69.97066,41.75025],[-69.9664,41.73895],[-69.98983,41.73494],[-69.99646,41.71657],[-69.99372,41.71356],[-69.97569,41.72172],[-69.96461,41.71729],[-69.96582,41.71065],[-69.94608,41.70473],[-69.9506,41.69638],[-69.94595,41.6918],[-69.94939,41.68669],[-69.94389,41.66205],[-69.95275,41.64761],[-69.95965,41.64466],[-69.96289,41.64677],[-69.94877,41.65756],[-69.94872,41.66325],[-69.95424,41.66245],[-69.96156,41.65382],[-69.97446,41.6531],[-69.98014,41.65776],[-69.9709,41.65573],[-69.96952,41.66373],[-69.9605,41.66615],[-69.97611,41.66691],[-69.98543,41.65793],[-69.99682,41.66736],[-70.01008,41.67225],[-70.09267,41.66465],[-70.14241,41.65218],[-70.18767,41.6511],[-70.1899,41.6541],[-70.18639,41.66249],[-70.17488,41.67112],[-70.16242,41.67268],[-70.16465,41.68034],[-70.1605,41.68705],[-70.16497,41.69101],[-70.16481,41.68394],[-70.18667,41.66548],[-70.19627,41.64896],[-70.25313,41.62701],[-70.26064,41.61345],[-70.26623,41.61537],[-70.26537,41.62541],[-70.24747,41.635],[-70.24555,41.64135],[-70.25674,41.64867],[-70.27064,41.64795],[-70.27639,41.65346],[-70.27943,41.65154],[-70.27847,41.63776],[-70.29685,41.6374],[-70.3205,41.6284],[-70.32402,41.6344],[-70.33425,41.63704],[-70.35023,41.63872],[-70.36046,41.63392],[-70.36126,41.63824],[-70.37149,41.62996],[-70.36973,41.62313],[-70.37244,41.61881],[-70.37996,41.61485],[-70.39993,41.60958],[-70.42822,41.6097],[-70.42591,41.62086],[-70.41659,41.63006],[-70.40234,41.62866],[-70.40287,41.62516],[-70.41073,41.62146],[-70.40687,41.61377],[-70.40274,41.61307],[-70.40022,41.61873],[-70.39462,41.62036],[-70.40021,41.63066],[-70.41126,41.64035],[-70.43361,41.62156],[-70.43428,41.61417],[-70.45318,41.59216],[-70.46315,41.60166],[-70.45606,41.6139],[-70.4574,41.61764],[-70.46967,41.60368],[-70.47543,41.60425],[-70.47427,41.59605],[-70.47773,41.59058],[-70.47121,41.5923],[-70.46377,41.58171],[-70.46259,41.58973],[-70.4598,41.58253],[-70.45263,41.58335],[-70.46515,41.57635],[-70.47133,41.56251],[-70.47888,41.55699],[-70.48939,41.55268],[-70.52888,41.54697],[-70.54197,41.55136],[-70.62987,41.53959],[-70.64347,41.53285],[-70.65656,41.5153],[-70.66931,41.51793],[-70.67711,41.52677],[-70.68184,41.52691],[-70.68274,41.52049],[-70.68814,41.5253],[-70.68453,41.53208],[-70.67547,41.5296],[-70.66726,41.53993],[-70.6574,41.53932],[-70.66189,41.54228],[-70.65489,41.55015],[-70.65387,41.56639],[-70.64203,41.57604],[-70.65305,41.60703],[-70.64088,41.62663],[-70.64686,41.63367],[-70.64448,41.63928],[-70.65339,41.6376],[-70.65434,41.63994],[-70.65101,41.64612],[-70.63329,41.64997],[-70.62663,41.65303],[-70.62554,41.65706],[-70.63125,41.66211],[-70.64546,41.65966],[-70.65451,41.667],[-70.64553,41.67169],[-70.63207,41.6668],[-70.62778,41.67368],[-70.62207,41.67067],[-70.61697,41.67541],[-70.62282,41.67888],[-70.61928,41.68592],[-70.62894,41.68296],[-70.62805,41.6927],[-70.64682,41.68128],[-70.66029,41.6797],[-70.66199,41.68219],[-70.64403,41.6954],[-70.62975,41.69738],[-70.61955,41.70299],[-70.61845,41.70996],[-70.62568,41.71279],[-70.61628,41.71583],[-70.61793,41.72284],[-70.63153,41.72347],[-70.63248,41.71498],[-70.63508,41.71449],[-70.63956,41.71725],[-70.63739,41.72372],[-70.62743,41.72807],[-70.62672,41.7326],[-70.61674,41.73957],[-70.57899,41.75198],[-70.55863,41.77425],[-70.5759,41.75715],[-70.59103,41.74845],[-70.62558,41.73789],[-70.62811,41.7406],[-70.61916,41.74767],[-70.62238,41.75463],[-70.61195,41.75934],[-70.61376,41.76276],[-70.62431,41.76362],[-70.63013,41.75814],[-70.62651,41.74788],[-70.6286,41.74448],[-70.63615,41.7428],[-70.63599,41.73478],[-70.65122,41.74067],[-70.66132,41.74045],[-70.64201,41.7263],[-70.65165,41.72492],[-70.64952,41.71717],[-70.65401,41.71321],[-70.66628,41.71718],[-70.68061,41.72924],[-70.68027,41.73318],[-70.6907,41.7244],[-70.71495,41.73161],[-70.70186,41.74558],[-70.70379,41.75347],[-70.71348,41.76272],[-70.71592,41.76047],[-70.70821,41.74613],[-70.72243,41.73324],[-70.72084,41.72369],[-70.74226,41.73863],[-70.75042,41.73939],[-70.74391,41.73116],[-70.73359,41.72649],[-70.71222,41.70739],[-70.7136,41.70262],[-70.72202,41.70372],[-70.72505,41.70093],[-70.71516,41.6908],[-70.71526,41.677],[-70.72055,41.67773],[-70.74062,41.69308],[-70.75668,41.71157],[-70.76109,41.71252],[-70.76344,41.70768],[-70.7556,41.70078],[-70.74385,41.67487],[-70.74689,41.67238],[-70.75394,41.67898],[-70.76177,41.67524],[-70.75776,41.66775],[-70.75658,41.6549],[-70.76452,41.64197],[-70.77147,41.6419],[-70.78204,41.65189],[-70.79693,41.65115],[-70.80545,41.656],[-70.8173,41.65674],[-70.8219,41.65365],[-70.8216,41.64873],[-70.80486,41.64212],[-70.80104,41.63683],[-70.79996,41.63081],[-70.80457,41.62625],[-70.81651,41.62353],[-70.83649,41.62434],[-70.8642,41.63286],[-70.8644,41.62926],[-70.85607,41.62339],[-70.84804,41.6034],[-70.84236,41.60207],[-70.83012,41.60626],[-70.81661,41.592],[-70.82278,41.58201],[-70.82963,41.58399],[-70.83698,41.59208],[-70.84374,41.59318],[-70.8502,41.59105],[-70.85176,41.58252],[-70.85607,41.58171],[-70.86641,41.60025],[-70.87266,41.62602],[-70.88415,41.63087],[-70.90027,41.62316],[-70.90693,41.62765],[-70.91482,41.65474],[-70.9134,41.67564],[-70.91693,41.67615],[-70.92094,41.64382],[-70.91367,41.62112],[-70.90278,41.60574],[-70.89955,41.59256],[-70.90799,41.59234],[-70.9221,41.61391],[-70.92527,41.61429],[-70.93049,41.60863],[-70.92781,41.59121],[-70.93574,41.57837],[-70.9398,41.57813],[-70.95477,41.59355],[-70.96228,41.59032],[-70.95935,41.58508],[-70.95009,41.58415],[-70.9465,41.5733],[-70.93592,41.56322],[-70.92804,41.53995],[-70.9448,41.53924],[-70.95211,41.51552],[-70.95687,41.51562],[-70.96462,41.53054],[-70.98625,41.54567],[-71.00291,41.5518],[-71.00454,41.54449],[-70.98863,41.54209],[-70.98101,41.53494],[-70.98053,41.51046],[-70.98611,41.50862],[-71.0025,41.51215],[-71.01494,41.50908],[-71.03494,41.49809],[-71.03494,41.48316],[-71.03915,41.48224],[-71.04299,41.49786],[-71.04855,41.50292],[-71.08785,41.50991],[-71.07834,41.51451],[-71.05818,41.51322],[-71.05002,41.5196],[-71.04929,41.53045],[-71.05375,41.55036],[-71.06088,41.56213],[-71.06553,41.56311],[-71.07029,41.55808],[-71.06156,41.53703],[-71.06811,41.5205],[-71.07477,41.51866],[-71.0836,41.521],[-71.09012,41.53044],[-71.10783,41.54374],[-71.11713,41.54594],[-71.11854,41.54271],[-71.09829,41.52558],[-71.09498,41.51149],[-71.0851,41.50618],[-71.09407,41.50133],[-71.10346,41.50404],[-71.10762,41.49633],[-71.1133,41.50052],[-71.11584,41.49686],[-71.13846,41.49303],[-71.14128,41.48971],[-71.1383,41.48447],[-71.14002,41.48196],[-71.15491,41.47378],[-71.15877,41.47615],[-71.16209,41.47389],[-71.16101,41.47001],[-71.16661,41.47176],[-71.16984,41.46944],[-71.17103,41.45835],[-71.18735,41.45805],[-71.19415,41.44781],[-71.20262,41.45305],[-71.1964,41.46505],[-71.19195,41.46449],[-71.19085,41.48561],[-71.20631,41.50009],[-71.20235,41.51235],[-71.21169,41.52747],[-71.21,41.54267],[-71.21896,41.54766],[-71.21959,41.55747],[-71.2237,41.56143],[-71.21653,41.55882],[-71.2139,41.56119],[-71.21253,41.57702],[-71.21515,41.58836],[-71.2076,41.59794],[-71.21399,41.6084],[-71.21311,41.62134],[-71.21616,41.63114],[-71.2141,41.64502],[-71.20365,41.67125],[-71.19029,41.69137],[-71.16382,41.70897],[-71.15975,41.72267],[-71.13259,41.74539],[-71.13289,41.74843],[-71.14189,41.74897],[-71.1599,41.728],[-71.18095,41.71376],[-71.19795,41.71158],[-71.19315,41.73919],[-71.19635,41.73756],[-71.20245,41.71843],[-71.21068,41.71016],[-71.21983,41.71494],[-71.21257,41.71994],[-71.21257,41.72321],[-71.22825,41.72712],[-71.23275,41.70733],[-71.24132,41.70146],[-71.24698,41.70201],[-71.24495,41.71092],[-71.24698,41.71614],[-71.26645,41.7281],[-71.26528,41.72005],[-71.24057,41.68474],[-71.24071,41.67147],[-71.24333,41.66864],[-71.24914,41.67114],[-71.25582,41.6657],[-71.26223,41.64914],[-71.26789,41.64696],[-71.27268,41.65382],[-71.2721,41.66122],[-71.28139,41.67047],[-71.2843,41.68232],[-71.28895,41.6845],[-71.29214,41.68135],[-71.29388,41.6659],[-71.30027,41.66242],[-71.30405,41.65306],[-71.30829,41.66225],[-71.30756,41.68172],[-71.29754,41.6902],[-71.29347,41.71259],[-71.28809,41.71879],[-71.29245,41.73889],[-71.3,41.73976],[-71.29318,41.72863],[-71.29637,41.7195],[-71.30233,41.72189],[-71.30334,41.70994],[-71.3093,41.71168],[-71.31263,41.72345],[-71.34139,41.72637],[-71.35687,41.75421],[-71.35999,41.75374],[-71.35968,41.74719],[-71.36218,41.74778],[-71.36595,41.76212],[-71.37095,41.76598],[-71.36955,41.7758],[-71.37299,41.78387],[-71.39536,41.81258],[-71.38645,41.82134],[-71.38551,41.82648],[-71.3902,41.82671],[-71.39364,41.81819],[-71.39833,41.81632],[-71.41209,41.82239],[-71.40473,41.81217],[-71.40286,41.80177],[-71.39379,41.79885],[-71.38785,41.79137],[-71.39379,41.78903],[-71.3952,41.78178],[-71.38705,41.74718],[-71.38173,41.74625],[-71.38361,41.73865],[-71.38017,41.73385],[-71.38877,41.7397],[-71.39502,41.73303],[-71.37861,41.7225],[-71.36282,41.71794],[-71.36961,41.71389],[-71.36821,41.69259],[-71.37712,41.68299],[-71.37977,41.66988],[-71.39228,41.67491],[-71.39321,41.69387],[-71.38743,41.70031],[-71.39822,41.69598],[-71.39837,41.68568],[-71.40289,41.68677],[-71.41598,41.70101],[-71.41933,41.69943],[-71.40928,41.69091],[-71.41723,41.68881],[-71.41177,41.68601],[-71.44354,41.68896],[-71.44886,41.6954],[-71.45308,41.69516],[-71.45308,41.68673],[-71.44418,41.6742],[-71.44865,41.67266],[-71.44916,41.66289],[-71.45822,41.64884],[-71.45338,41.64989],[-71.44134,41.66851],[-71.42759,41.67109],[-71.41383,41.66418],[-71.4143,41.65891],[-71.4279,41.6568],[-71.43775,41.65153],[-71.42133,41.65563],[-71.41071,41.65271],[-71.41008,41.63783],[-71.40443,41.62719],[-71.41052,41.62543],[-71.41818,41.62953],[-71.41896,41.62098],[-71.41271,41.6225],[-71.40974,41.61723],[-71.41131,41.61383],[-71.41724,41.61265],[-71.41912,41.60679],[-71.4038,41.60328],[-71.40161,41.59542],[-71.40591,41.59143],[-71.44152,41.58229],[-71.44558,41.5876],[-71.45173,41.58333],[-71.4536,41.59113],[-71.45904,41.58333],[-71.44212,41.55969],[-71.43281,41.55795],[-71.43383,41.54953],[-71.41524,41.52996],[-71.41449,41.51286],[-71.4217,41.4992],[-71.41825,41.47243],[-71.42089,41.4688],[-71.4237,41.47288],[-71.43074,41.47051],[-71.42971,41.46146],[-71.42622,41.45808],[-71.43223,41.44526],[-71.44068,41.43851],[-71.44174,41.44175],[-71.45161,41.43736],[-71.45691,41.43207],[-71.45313,41.40873],[-71.46212,41.40151],[-71.4626,41.39589],[-71.46848,41.39383],[-71.48135,41.37524],[-71.48413,41.37028],[-71.48111,41.3607],[-71.48864,41.36052],[-71.4977,41.37114],[-71.51212,41.37674],[-71.5134,41.38004],[-71.50659,41.38618],[-71.49764,41.38547],[-71.49305,41.39263],[-71.49084,41.40951],[-71.49456,41.4228],[-71.49875,41.42703],[-71.49495,41.41601],[-71.49859,41.40486],[-71.50136,41.40814],[-71.50018,41.42036],[-71.50999,41.42059],[-71.50533,41.41843],[-71.51063,41.41344],[-71.50691,41.4113],[-71.50865,41.40778],[-71.50287,41.40717],[-71.51165,41.40361],[-71.51601,41.3955],[-71.51524,41.3894],[-71.51846,41.38472],[-71.51445,41.37601],[-71.54872,41.37433],[-71.61998,41.36216],[-71.69416,41.34129],[-71.71454,41.33107],[-71.73249,41.33129],[-71.75255,41.32514],[-71.76257,41.32836],[-71.77584,41.32776],[-71.82222,41.31887],[-71.85479,41.30771],[-71.85847,41.30342],[-71.86112,41.3093],[-71.86571,41.31094],[-71.88636,41.30671],[-71.88269,41.30981],[-71.85731,41.31256],[-71.8596,41.3174],[-71.8474,41.32673],[-71.85134,41.32761],[-71.85995,41.32234],[-71.86381,41.32821],[-71.86977,41.32848],[-71.86769,41.33314],[-71.87313,41.33758],[-71.87978,41.33675],[-71.88308,41.34893],[-71.88755,41.33473],[-71.90264,41.33378],[-71.90538,41.3273],[-71.91134,41.33534],[-71.90882,41.33849],[-71.91396,41.34237],[-71.91705,41.3413],[-71.91681,41.33044],[-71.92093,41.32716],[-71.93688,41.33825],[-71.94622,41.33563],[-71.94662,41.33044],[-71.95153,41.33312],[-71.95572,41.32763],[-71.95889,41.33181],[-71.95382,41.3376],[-71.96111,41.33897],[-71.96245,41.32179],[-71.96593,41.32441],[-71.97021,41.32143],[-71.97124,41.32522],[-71.97757,41.32827],[-71.97338,41.34026],[-71.95992,41.3433],[-71.96206,41.34789],[-71.96688,41.34593],[-71.97029,41.34927],[-71.97844,41.33799],[-71.97765,41.33328],[-71.98477,41.33191],[-71.98438,41.32501],[-71.98917,41.31576],[-71.99218,41.31409],[-71.99693,41.32083],[-72.00239,41.31833],[-72.00611,41.30573],[-72.01821,41.31317],[-72.01392,41.31864],[-72.01782,41.32655],[-72.02257,41.3268],[-72.02039,41.31974],[-72.03052,41.31148],[-72.04279,41.31909],[-72.03448,41.32839],[-72.03547,41.33103],[-72.04167,41.32814],[-72.05504,41.31298],[-72.06065,41.31149],[-72.07316,41.31619],[-72.07646,41.32055],[-72.08707,41.36287],[-72.09652,41.3489],[-72.09207,41.34106],[-72.09877,41.33642],[-72.08932,41.32587],[-72.08751,41.31874],[-72.1013,41.30029],[-72.10718,41.30234],[-72.11293,41.29828],[-72.12116,41.30109],[-72.13601,41.299],[-72.14737,41.30602],[-72.15228,41.3167],[-72.16075,41.31253],[-72.16178,41.30489],[-72.16637,41.30453],[-72.17373,41.30928],[-72.17302,41.31507],[-72.1784,41.32205],[-72.18877,41.32378],[-72.20174,41.31487],[-72.20449,41.30383],[-72.20262,41.29106],[-72.20603,41.28505],[-72.21059,41.28559],[-72.21695,41.2929],[-72.22322,41.28892],[-72.22863,41.29054],[-72.22542,41.29862],[-72.23144,41.29534],[-72.23991,41.3003],[-72.24489,41.29683],[-72.25154,41.29844],[-72.25143,41.29019],[-72.26003,41.28261],[-72.27689,41.28393],[-72.31362,41.27819],[-72.32266,41.27898],[-72.32266,41.28343],[-72.33128,41.28089],[-72.33759,41.28787],[-72.34705,41.31165],[-72.34095,41.32925],[-72.34495,41.33257],[-72.34537,41.33844],[-72.35483,41.34652],[-72.36156,41.34367],[-72.35462,41.33796],[-72.36387,41.34272],[-72.36808,41.3527],[-72.37522,41.3584],[-72.37607,41.36474],[-72.37228,41.37282],[-72.38216,41.37345],[-72.3788,41.36775],[-72.37943,41.36284],[-72.38427,41.35317],[-72.38111,41.36268],[-72.38469,41.3649],[-72.38343,41.36838],[-72.38973,41.36997],[-72.38826,41.36331],[-72.39142,41.35904],[-72.38469,41.35159],[-72.38616,41.34858],[-72.39184,41.35064],[-72.38406,41.34192],[-72.38595,41.33971],[-72.38069,41.33844],[-72.37796,41.34398],[-72.36829,41.3405],[-72.36009,41.33321],[-72.35714,41.32433],[-72.35062,41.32116],[-72.35777,41.29643],[-72.35672,41.29056],[-72.36282,41.29294],[-72.36429,41.29675],[-72.36829,41.2931],[-72.36702,41.28628],[-72.35567,41.29009],[-72.34894,41.28136],[-72.36829,41.28121],[-72.37249,41.27327],[-72.34705,41.27645],[-72.34305,41.26867],[-72.35714,41.26883],[-72.36787,41.26391],[-72.37943,41.26487],[-72.38868,41.2609],[-72.39856,41.27835],[-72.4156,41.27867],[-72.42716,41.27391],[-72.43557,41.27803],[-72.45134,41.27914],[-72.46837,41.26947],[-72.48519,41.27105],[-72.49528,41.26804],[-72.50916,41.25646],[-72.51904,41.25804],[-72.52094,41.2701],[-72.53629,41.26788],[-72.54785,41.26169],[-72.53881,41.26058],[-72.5325,41.26471],[-72.52409,41.26693],[-72.53334,41.26312],[-72.53755,41.25804],[-72.5365,41.25201],[-72.54491,41.24884],[-72.56656,41.26598],[-72.5796,41.27153],[-72.59831,41.26915],[-72.62397,41.27137],[-72.6492,41.2655],[-72.65845,41.2655],[-72.66455,41.27042],[-72.66875,41.26566],[-72.67254,41.26677],[-72.67695,41.26328],[-72.67758,41.25487],[-72.68473,41.25852],[-72.68957,41.24741],[-72.69567,41.24456],[-72.7005,41.24694],[-72.70639,41.24265],[-72.7108,41.24471],[-72.70849,41.24694],[-72.71501,41.24821],[-72.70345,41.25598],[-72.70597,41.25979],[-72.71985,41.25598],[-72.71522,41.26138],[-72.71732,41.2628],[-72.73498,41.25344],[-72.73751,41.26169],[-72.75138,41.25884],[-72.75433,41.26693],[-72.76337,41.26725],[-72.77325,41.26328],[-72.78292,41.26487],[-72.79091,41.25931],[-72.80479,41.25725],[-72.80858,41.25186],[-72.81909,41.24836],[-72.81804,41.25281],[-72.82456,41.25566],[-72.81783,41.26027],[-72.81215,41.25868],[-72.80921,41.26407],[-72.82119,41.26074],[-72.82813,41.2636],[-72.83633,41.24868],[-72.84306,41.25852],[-72.85021,41.25677],[-72.85189,41.24805],[-72.85736,41.24519],[-72.85904,41.24805],[-72.8807,41.24233],[-72.88721,41.24456],[-72.89478,41.24233],[-72.90488,41.24741],[-72.90214,41.25424],[-72.89373,41.25979],[-72.90593,41.27042],[-72.90383,41.27692],[-72.90824,41.28977],[-72.90235,41.29897],[-72.891,41.30182],[-72.88301,41.31213],[-72.88364,41.31879],[-72.88953,41.32069],[-72.88721,41.3145],[-72.89247,41.30325],[-72.90256,41.30103],[-72.90824,41.3088],[-72.90677,41.29833],[-72.91644,41.2958],[-72.9299,41.28089],[-72.93852,41.28121],[-72.93579,41.27248],[-72.92464,41.26756],[-72.93831,41.25852],[-72.96102,41.2517],[-72.97553,41.23361],[-72.98646,41.23551],[-72.99214,41.22281],[-73.0037,41.22186],[-73.00833,41.21043],[-73.01421,41.20519],[-73.03188,41.20709],[-73.03839,41.20185],[-73.04659,41.20995],[-73.05395,41.20947],[-73.06574,41.19761],[-73.08378,41.19166],[-73.09727,41.17771],[-73.09811,41.17294],[-73.10737,41.17185],[-73.1208,41.18092],[-73.12058,41.18666],[-73.11197,41.19211],[-73.10778,41.20238],[-73.10967,41.20852],[-73.11199,41.20677],[-73.11144,41.20086],[-73.12187,41.18978],[-73.1246,41.18089],[-73.1225,41.17612],[-73.12546,41.17384],[-73.11037,41.16875],[-73.1082,41.16532],[-73.10988,41.15785],[-73.10126,41.15497],[-73.1031,41.15142],[-73.13259,41.14744],[-73.17107,41.1588],[-73.16792,41.16675],[-73.17738,41.17215],[-73.17654,41.17771],[-73.18501,41.1745],[-73.17735,41.16661],[-73.18404,41.16527],[-73.18561,41.16028],[-73.20713,41.15589],[-73.2137,41.15109],[-73.21673,41.14156],[-73.21834,41.15345],[-73.22364,41.15038],[-73.22658,41.14344],[-73.23669,41.14085],[-73.24214,41.12733],[-73.25128,41.12576],[-73.26236,41.11786],[-73.27515,41.12097],[-73.28369,41.12711],[-73.29407,41.12648],[-73.29849,41.12049],[-73.3092,41.11471],[-73.31562,41.11671],[-73.33059,41.10959],[-73.34531,41.11308],[-73.3452,41.10923],[-73.3533,41.10212],[-73.35778,41.10602],[-73.36945,41.10709],[-73.37119,41.11215],[-73.37439,41.11254],[-73.37797,41.1092],[-73.37796,41.10331],[-73.37124,41.09944],[-73.36724,41.10046],[-73.36661,41.09632],[-73.38523,41.09388],[-73.39521,41.08194],[-73.4019,41.08639],[-73.4011,41.09171],[-73.4053,41.09664],[-73.41074,41.0953],[-73.41076,41.08615],[-73.40447,41.08385],[-73.40867,41.07994],[-73.40704,41.07242],[-73.41245,41.07118],[-73.41612,41.07504],[-73.42338,41.07293],[-73.42344,41.06553],[-73.43308,41.06508],[-73.43348,41.05543],[-73.44646,41.05817],[-73.46081,41.0524],[-73.46376,41.05352],[-73.46102,41.05909],[-73.4652,41.05652],[-73.46653,41.06076],[-73.47014,41.05651],[-73.46696,41.05296],[-73.47196,41.04922],[-73.46859,41.04763],[-73.47419,41.04509],[-73.47784,41.03601],[-73.48433,41.04688],[-73.4887,41.03935],[-73.49268,41.04598],[-73.49908,41.04652],[-73.50749,41.03919],[-73.50519,41.03452],[-73.51149,41.03505],[-73.51199,41.03927],[-73.52058,41.03924],[-73.52221,41.03314],[-73.51779,41.03091],[-73.51784,41.02655],[-73.52174,41.02052],[-73.5297,41.01651],[-73.53125,41.03012],[-73.53377,41.03298],[-73.54302,41.03346],[-73.54723,41.02295],[-73.55228,41.0255],[-73.55774,41.01706],[-73.56556,41.01397],[-73.57141,41.00464],[-73.57086,41.00058],[-73.58323,41.00079],[-73.58578,41.00406],[-73.58366,41.00956],[-73.57709,41.00416],[-73.57303,41.00734],[-73.57022,41.01133],[-73.57094,41.02177],[-73.58739,41.01117],[-73.59517,41.01228],[-73.59685,41.01674],[-73.59133,41.01939],[-73.59423,41.02409],[-73.59301,41.03727],[-73.59937,41.02614],[-73.5996,41.01611],[-73.61537,41.00813],[-73.61914,41.0091],[-73.62061,41.01356],[-73.62787,41.00137],[-73.63207,41.00397],[-73.63818,41.00224],[-73.6408,41.00734],[-73.64445,41.00678],[-73.64342,40.99686],[-73.64858,40.99858],[-73.65691,40.98659],[-73.66014,40.98934],[-73.66273,40.98715],[-73.66213,40.97812],[-73.65992,40.98255],[-73.65576,40.9804],[-73.66095,40.96789],[-73.67829,40.96271],[-73.68312,40.94489],[-73.69273,40.94423],[-73.69871,40.93958],[-73.69291,40.95191],[-73.694,40.9556],[-73.70596,40.93795],[-73.70797,40.94003],[-73.70493,40.94536],[-73.72827,40.94233],[-73.72206,40.93803],[-73.72345,40.92966],[-73.73415,40.92112],[-73.7352,40.9259],[-73.74072,40.92787],[-73.74362,40.91777],[-73.76049,40.90701],[-73.76333,40.90697],[-73.76149,40.91177],[-73.76401,40.91187],[-73.76822,40.90549],[-73.76401,40.89799],[-73.77978,40.8865],[-73.77726,40.88427],[-73.78275,40.88115],[-73.78225,40.87193],[-73.79177,40.86799],[-73.7948,40.85797],[-73.78482,40.86017],[-73.7884,40.85538],[-73.78163,40.84829],[-73.78287,40.83643],[-73.79072,40.8443],[-73.79227,40.85512],[-73.79758,40.85547],[-73.80066,40.84812],[-73.80481,40.85366],[-73.8048,40.86001],[-73.81546,40.86234],[-73.81211,40.8569],[-73.81472,40.83107],[-73.79788,40.81607],[-73.80234,40.81116],[-73.79092,40.80698],[-73.79071,40.80427],[-73.81321,40.81329],[-73.83295,40.81102],[-73.83421,40.80582],[-73.84007,40.81201],[-73.84129,40.81854],[-73.85264,40.80793],[-73.8678,40.81278],[-73.87489,40.80485],[-73.89586,40.81048],[-73.91193,40.80424],[-73.92094,40.80433],[-73.92322,40.78856],[-73.92823,40.7851],[-73.93439,40.7896],[-73.92732,40.79437],[-73.92287,40.80528],[-73.93279,40.80823],[-73.93325,40.7993],[-73.94385,40.78603],[-73.94328,40.77988],[-73.97417,40.74345],[-73.97075,40.73417],[-73.97462,40.71787],[-74.00791,40.70737],[-74.01383,40.70815],[-74.00471,40.75541],[-73.9518,40.82923],[-73.94576,40.85087],[-73.92342,40.88016],[-73.90678,40.9196],[-73.87824,40.99976],[-73.89644,41.00261],[-73.91423,40.96265],[-73.92832,40.9152],[-73.95715,40.85585],[-73.97003,40.84],[-73.97243,40.82909],[-73.99757,40.79242],[-74.01125,40.78097],[-74.02573,40.75868],[-74.0247,40.7497],[-74.03302,40.7193],[-74.03952,40.71539],[-74.04395,40.70352],[-74.05686,40.69439],[-74.06747,40.70008],[-74.07225,40.6951],[-74.08193,40.69731],[-74.08735,40.68942],[-74.07454,40.68151],[-74.08097,40.67662],[-74.08471,40.67859],[-74.08861,40.67624],[-74.09944,40.68105],[-74.10213,40.67825],[-74.07206,40.66523],[-74.0747,40.66239],[-74.10721,40.67363],[-74.10825,40.66835],[-74.09334,40.66054],[-74.09381,40.65562],[-74.11386,40.65396],[-74.12848,40.64867],[-74.13931,40.64867],[-74.14264,40.65139],[-74.10198,40.70275],[-74.10759,40.70427],[-74.10911,40.70971],[-74.10056,40.72026],[-74.09676,40.73567],[-74.07187,40.74838],[-74.07406,40.75272],[-74.09125,40.75351],[-74.09229,40.75878],[-74.08707,40.78302],[-74.06864,40.8002],[-74.08213,40.79272],[-74.0903,40.78204],[-74.096,40.75396],[-74.09096,40.75107],[-74.07548,40.75071],[-74.07586,40.74717],[-74.09438,40.7424],[-74.1065,40.72701],[-74.11414,40.7225],[-74.11699,40.72328],[-74.11585,40.74116],[-74.12041,40.74558],[-74.13477,40.74619],[-74.1497,40.73969],[-74.15859,40.74237],[-74.16008,40.75416],[-74.15153,40.77592],[-74.15472,40.77687],[-74.16247,40.75616],[-74.16315,40.74749],[-74.15896,40.73885],[-74.15084,40.73714],[-74.12689,40.7435],[-74.12233,40.73734],[-74.13202,40.706],[-74.15208,40.68336],[-74.15641,40.67156],[-74.16667,40.66435],[-74.16667,44.83333],[-68.49944,44.83333],[-68.49944,44.41497],[-68.5045,44.41218],[-68.51952,44.41294],[-68.52485,44.40086],[-68.53329,44.39836],[-68.56007,44.40441],[-68.56503,44.4096],[-68.58218,44.41184],[-68.58502,44.40855],[-68.56319,44.40243],[-68.56539,44.39684],[-68.56347,44.38409],[-68.55806,44.37455],[-68.54989,44.37047],[-68.54591,44.36042],[-68.54617,44.3537],[-68.56126,44.33515],[-68.5661,44.31572],[-68.54942,44.29202],[-68.53757,44.29047],[-68.5391,44.30099],[-68.53031,44.2998],[-68.52916,44.29363],[-68.53228,44.28644],[-68.51814,44.26002],[-68.54102,44.26291],[-68.54643,44.26909],[-68.55286,44.27108],[-68.55625,44.2678],[-68.55339,44.25948],[-68.54054,44.25757],[-68.52993,44.25098],[-68.52786,44.24155],[-68.52287,44.23613],[-68.52346,44.22833],[-68.53535,44.22898],[-68.55133,44.23566],[-68.55276,44.23799],[-68.54873,44.24421],[-68.57683,44.25454],[-68.57977,44.25847],[-68.57199,44.25878],[-68.57493,44.26134],[-68.58629,44.26421],[-68.60542,44.27494],[-68.61531,44.27494],[-68.62329,44.27887],[-68.62656,44.28611],[-68.61082,44.30237],[-68.61088,44.30732],[-68.62308,44.2979],[-68.62562,44.30172],[-68.62826,44.29986],[-68.63131,44.2954],[-68.62973,44.28616],[-68.63304,44.28522],[-68.66927,44.29475],[-68.67577,44.29835],[-68.67872,44.30482],[-68.68133,44.2982],[-68.68927,44.2968],[-68.7013,44.31073],[-68.73109,44.32601],[-68.73263,44.33187],[-68.72821,44.33434],[-68.73384,44.33872],[-68.74187,44.33988],[-68.746,44.33535],[-68.74546,44.32975],[-68.75198,44.33081],[-68.75392,44.3368],[-68.75096,44.35011],[-68.7611,44.34365],[-68.76029,44.33099],[-68.76451,44.32488],[-68.76817,44.3284],[-68.76585,44.33473],[-68.76894,44.34015],[-68.77203,44.33202],[-68.77146,44.31996],[-68.78415,44.32009],[-68.79066,44.32628],[-68.78801,44.31589],[-68.79172,44.31481],[-68.79412,44.30821],[-68.81838,44.31041],[-68.82914,44.31587],[-68.81947,44.32734],[-68.82368,44.33624],[-68.823,44.35203],[-68.80835,44.35563],[-68.78835,44.36883],[-68.79865,44.37547],[-68.79382,44.37728],[-68.78709,44.37486],[-68.77259,44.35944],[-68.76529,44.35936],[-68.75965,44.36388],[-68.766,44.38007],[-68.77994,44.38534],[-68.7709,44.39944],[-68.76186,44.40336],[-68.76438,44.41873],[-68.75681,44.42551],[-68.76596,44.42198],[-68.77973,44.40125],[-68.79288,44.40306],[-68.80233,44.39844],[-68.78877,44.39819],[-68.79791,44.38496],[-68.81716,44.3824],[-68.82452,44.391],[-68.80645,44.40218],[-68.80845,44.40459],[-68.81852,44.40243],[-68.82201,44.40561],[-68.81625,44.41612],[-68.81505,44.42807],[-68.79949,44.4378],[-68.80034,44.44856],[-68.7938,44.45166],[-68.78288,44.44675],[-68.78472,44.46664],[-68.78263,44.4753],[-68.77196,44.49783],[-68.75395,44.5133],[-68.75387,44.52352],[-68.74225,44.55552],[-68.74504,44.56818],[-68.75026,44.54594],[-68.75684,44.53713],[-68.76086,44.53626],[-68.76655,44.56578],[-68.80529,44.57278],[-68.81674,44.59943],[-68.82914,44.61446],[-68.84097,44.62308],[-68.84096,44.62862],[-68.83061,44.63893],[-68.82893,44.65034],[-68.8088,44.66997],[-68.81398,44.68934],[-68.83356,44.6937],[-68.83146,44.7015],[-68.83734,44.71005],[-68.83061,44.71709],[-68.82734,44.7402],[-68.78667,44.76564],[-68.76588,44.79608],[-68.75891,44.79964],[-68.75933,44.80248],[-68.77321,44.7929],[-68.77616,44.78467],[-68.78814,44.77553],[-68.78877,44.76879],[-68.8077,44.75905],[-68.83305,44.73776],[-68.83608,44.72039],[-68.84183,44.71096],[-68.83884,44.69726],[-68.84417,44.69545],[-68.82007,44.68375],[-68.81619,44.67063],[-68.82759,44.66576],[-68.82788,44.65949],[-68.84029,44.63848],[-68.85908,44.61491],[-68.85627,44.60154],[-68.85921,44.59688],[-68.8466,44.60128],[-68.83286,44.59902],[-68.81848,44.57509],[-68.80216,44.56618],[-68.80639,44.55268],[-68.80785,44.49976],[-68.81349,44.49474],[-68.83216,44.49007],[-68.83675,44.48342],[-68.83461,44.47762],[-68.8262,44.4713],[-68.80748,44.46838],[-68.8275,44.46082],[-68.85905,44.44228],[-68.86073,44.44754],[-68.85732,44.45905],[-68.84506,44.47937],[-68.84936,44.48346],[-68.86363,44.47928],[-68.87456,44.47251],[-68.88286,44.46052],[-68.8953,44.46963],[-68.9,44.45067],[-68.92167,44.45561],[-68.93194,44.43827],[-68.94618,44.42744],[-68.98852,44.42667],[-69.03331,44.45082],[-68.99147,44.41636],[-68.98296,44.40243],[-68.98263,44.39899],[-68.98747,44.39507],[-68.98325,44.386],[-68.96374,44.37725],[-68.94775,44.35671],[-68.95072,44.33632],[-68.96302,44.30767],[-68.98095,44.29488],[-68.98898,44.2983],[-68.99903,44.29669],[-69.00639,44.28249],[-69.00636,44.272],[-69.03708,44.23696],[-69.04592,44.2104],[-69.05076,44.2163],[-69.06001,44.20798],[-69.05139,44.19422],[-69.05665,44.18302],[-69.05223,44.17788],[-69.0537,44.17228],[-69.06018,44.16952],[-69.06555,44.1795],[-69.07306,44.18449],[-69.08083,44.1414],[-69.08728,44.13711],[-69.07427,44.13754],[-69.07249,44.13412],[-69.08209,44.11383],[-69.09512,44.11974],[-69.10606,44.10944],[-69.10227,44.10505],[-69.10501,44.10126],[-69.10164,44.09277],[-69.10711,44.08974],[-69.10248,44.08504],[-69.10248,44.07853],[-69.0933,44.08475],[-69.0762,44.08974],[-69.06106,44.08958],[-69.05862,44.09534],[-69.05041,44.09583],[-69.04576,44.09238],[-69.05875,44.07004],[-69.06855,44.0663],[-69.06905,44.05988],[-69.07872,44.06185],[-69.07552,44.04475],[-69.10116,44.0344],[-69.11158,44.03736],[-69.11231,44.04168],[-69.10669,44.04684],[-69.10837,44.04851],[-69.12137,44.04046],[-69.12777,44.04138],[-69.12243,44.04913],[-69.12523,44.05161],[-69.13161,44.03636],[-69.12204,44.03834],[-69.11297,44.03212],[-69.12793,44.01589],[-69.1254,44.00846],[-69.15839,43.99771],[-69.16405,44.00514],[-69.17313,43.99738],[-69.17187,43.99146],[-69.17687,43.99017],[-69.18953,43.99206],[-69.19121,44.00041],[-69.19676,43.98535],[-69.19019,43.98022],[-69.1989,43.97078],[-69.19546,43.96702],[-69.21457,43.96194],[-69.19263,43.96079],[-69.19508,43.95129],[-69.21044,43.93776],[-69.21388,43.93091],[-69.21709,43.93102],[-69.21816,43.93527],[-69.22473,43.93511],[-69.22328,43.94085],[-69.22756,43.94229],[-69.23047,43.93279],[-69.24247,43.93141],[-69.24384,43.92495],[-69.26103,43.91693],[-69.25866,43.92415],[-69.2621,43.93069],[-69.27285,43.93612],[-69.26777,43.94457],[-69.277,43.94833],[-69.26879,43.95772],[-69.25791,43.95644],[-69.26552,43.96775],[-69.25703,43.97047],[-69.25829,43.97582],[-69.24925,43.98478],[-69.23747,43.98147],[-69.23095,43.99692],[-69.21711,43.99746],[-69.2093,44.008],[-69.2236,44.00374],[-69.20825,44.01847],[-69.20665,44.02493],[-69.18932,44.03804],[-69.18181,44.05862],[-69.17837,44.0601],[-69.17279,44.05714],[-69.16442,44.06738],[-69.17533,44.07459],[-69.18928,44.06326],[-69.19594,44.04842],[-69.19963,44.04669],[-69.20523,44.05003],[-69.20306,44.03836],[-69.21497,44.01953],[-69.23151,44.01011],[-69.23621,44.0121],[-69.23554,44.01685],[-69.2421,44.0168],[-69.24609,44.00724],[-69.24504,44.00208],[-69.26382,43.98029],[-69.27511,43.9787],[-69.27301,43.9825],[-69.27742,43.98933],[-69.27721,43.9951],[-69.28543,43.97547],[-69.27589,43.97112],[-69.29929,43.94848],[-69.31732,43.94087],[-69.32011,43.94468],[-69.30525,43.9569],[-69.30269,43.96398],[-69.31234,43.96104],[-69.31296,43.96853],[-69.31968,43.96868],[-69.31317,43.97491],[-69.31127,43.97066],[-69.30392,43.97643],[-69.2995,43.98523],[-69.30777,43.97826],[-69.31052,43.9816],[-69.30931,43.98569],[-69.3015,43.98855],[-69.29996,43.99428],[-69.31053,43.99073],[-69.31504,43.99599],[-69.31708,43.97736],[-69.32938,43.96687],[-69.3319,43.96908],[-69.32571,43.97868],[-69.34536,43.96875],[-69.34408,43.98083],[-69.34856,43.98308],[-69.36461,43.96484],[-69.36919,43.96697],[-69.37046,43.97847],[-69.35666,44.00269],[-69.35899,44.00396],[-69.3635,43.99966],[-69.36494,44.00273],[-69.35439,44.01078],[-69.35091,44.02097],[-69.35545,44.01985],[-69.35808,44.0128],[-69.36784,44.01635],[-69.37041,44.0207],[-69.35627,44.03197],[-69.34975,44.03091],[-69.35122,44.03774],[-69.34176,44.04168],[-69.34012,44.04551],[-69.34794,44.04335],[-69.35122,44.06397],[-69.35841,44.05803],[-69.36784,44.06549],[-69.3794,44.06807],[-69.37709,44.0708],[-69.3831,44.07688],[-69.37528,44.08993],[-69.3775,44.09387],[-69.39386,44.07196],[-69.39024,44.06687],[-69.3773,44.06276],[-69.37126,44.05689],[-69.3709,44.03345],[-69.38837,44.02452],[-69.38926,44.03868],[-69.3848,44.04832],[-69.38951,44.05138],[-69.39575,44.03467],[-69.4125,44.02811],[-69.41294,44.02408],[-69.4089,44.02015],[-69.39271,44.01939],[-69.39027,44.01352],[-69.39223,44.00648],[-69.42146,43.97973],[-69.42599,43.98093],[-69.42608,43.99009],[-69.42115,43.99583],[-69.42671,43.9951],[-69.43627,43.978],[-69.44774,43.94575],[-69.45488,43.94605],[-69.45932,43.94231],[-69.44997,43.93896],[-69.46057,43.90282],[-69.47444,43.88541],[-69.47801,43.88814],[-69.49992,43.84455],[-69.50713,43.83435],[-69.51308,43.83148],[-69.51604,43.83364],[-69.51481,43.84661],[-69.52355,43.87409],[-69.52175,43.87811],[-69.5082,43.88461],[-69.50892,43.89027],[-69.51271,43.89027],[-69.51388,43.89338],[-69.51081,43.90228],[-69.51769,43.90163],[-69.51663,43.88791],[-69.5199,43.88288],[-69.53539,43.87846],[-69.53855,43.89441],[-69.53307,43.90385],[-69.53265,43.91376],[-69.53623,43.90934],[-69.54287,43.90881],[-69.54487,43.92107],[-69.5494,43.91371],[-69.5493,43.90168],[-69.55783,43.90038],[-69.55731,43.88566],[-69.54751,43.88695],[-69.55741,43.87651],[-69.55689,43.86477],[-69.56553,43.86317],[-69.56732,43.87354],[-69.57396,43.86973],[-69.58102,43.88468],[-69.58017,43.88872],[-69.57638,43.88979],[-69.56785,43.88072],[-69.56922,43.89761],[-69.56289,43.90616],[-69.56614,43.91464],[-69.56201,43.92469],[-69.56291,43.92841],[-69.57428,43.92342],[-69.58082,43.93543],[-69.58042,43.94176],[-69.57396,43.95368],[-69.56813,43.95555],[-69.56469,43.96135],[-69.57203,43.9625],[-69.57029,43.96891],[-69.56077,43.97175],[-69.54718,43.99089],[-69.53585,43.99786],[-69.53514,44.01273],[-69.54289,44.01339],[-69.54285,44.01606],[-69.52787,44.02918],[-69.53312,44.028],[-69.53346,44.03076],[-69.54045,44.03148],[-69.54655,44.02497],[-69.54519,44.02013],[-69.5516,44.00857],[-69.54695,44.00561],[-69.54706,43.99977],[-69.5525,43.99633],[-69.55668,43.98708],[-69.56537,43.98648],[-69.56973,43.97991],[-69.57372,43.9798],[-69.57512,43.97592],[-69.57241,43.97351],[-69.57728,43.96704],[-69.5757,43.95677],[-69.58676,43.95227],[-69.59219,43.95352],[-69.58999,43.94877],[-69.5832,43.94941],[-69.5915,43.92831],[-69.58979,43.9239],[-69.59807,43.91719],[-69.60012,43.90866],[-69.5945,43.91163],[-69.59607,43.91472],[-69.58962,43.92111],[-69.5802,43.92477],[-69.57558,43.9222],[-69.5754,43.91249],[-69.58023,43.90271],[-69.59183,43.89335],[-69.58782,43.86608],[-69.57505,43.85739],[-69.57447,43.84838],[-69.58436,43.8303],[-69.59197,43.83422],[-69.58861,43.82485],[-69.59114,43.81792],[-69.60522,43.81315],[-69.60836,43.81451],[-69.60979,43.82408],[-69.59739,43.83122],[-69.59066,43.84355],[-69.59153,43.85991],[-69.60421,43.858],[-69.60926,43.84908],[-69.61621,43.84717],[-69.61372,43.83586],[-69.62272,43.82971],[-69.62784,43.83029],[-69.63077,43.83591],[-69.62462,43.84604],[-69.62492,43.85133],[-69.63136,43.84927],[-69.6318,43.85456],[-69.6348,43.85461],[-69.63882,43.84762],[-69.64651,43.85207],[-69.64613,43.84291],[-69.64069,43.84191],[-69.64701,43.83825],[-69.65384,43.84548],[-69.65321,43.85115],[-69.66005,43.85011],[-69.66393,43.85953],[-69.67059,43.85645],[-69.66785,43.867],[-69.68105,43.86391],[-69.67755,43.86062],[-69.6805,43.85654],[-69.68536,43.8597],[-69.68645,43.86782],[-69.67907,43.8725],[-69.68389,43.87586],[-69.68716,43.8879],[-69.68073,43.9084],[-69.6724,43.91776],[-69.67232,43.9405],[-69.66541,43.95336],[-69.66376,43.96581],[-69.64845,43.9924],[-69.64862,43.99519],[-69.65864,43.99446],[-69.64861,44.00193],[-69.64155,43.99639],[-69.63998,44.00451],[-69.64357,44.00722],[-69.63878,44.01049],[-69.64196,44.01309],[-69.64988,44.01103],[-69.65418,44.01732],[-69.66432,44.0008],[-69.67695,43.99572],[-69.67448,43.99051],[-69.67085,43.99375],[-69.66862,43.99203],[-69.67775,43.97835],[-69.67831,43.97607],[-69.67016,43.98366],[-69.67454,43.97405],[-69.68186,43.9699],[-69.69366,43.95041],[-69.69693,43.94881],[-69.69798,43.95231],[-69.70041,43.95171],[-69.70304,43.94105],[-69.71021,43.93899],[-69.712,43.94348],[-69.71815,43.9315],[-69.72157,43.93205],[-69.72447,43.93808],[-69.73042,43.93333],[-69.73285,43.91923],[-69.72994,43.9143],[-69.74081,43.89939],[-69.74638,43.90177],[-69.74284,43.92216],[-69.75371,43.91854],[-69.75257,43.9104],[-69.75725,43.90126],[-69.75738,43.88882],[-69.75827,43.89321],[-69.77013,43.89385],[-69.78549,43.90749],[-69.78918,43.91199],[-69.79024,43.9222],[-69.79803,43.91641],[-69.80004,43.91024],[-69.80267,43.91214],[-69.80678,43.9453],[-69.81094,43.95146],[-69.81363,43.95009],[-69.82373,43.95755],[-69.83188,43.95788],[-69.82141,43.97901],[-69.83021,43.98343],[-69.81135,44.01031],[-69.81666,44.01616],[-69.81429,44.01986],[-69.80109,44.02812],[-69.80267,44.03021],[-69.79881,44.03424],[-69.79044,44.03345],[-69.77649,44.04687],[-69.77593,44.05279],[-69.78022,44.05351],[-69.78299,44.06676],[-69.78725,44.06782],[-69.79335,44.04773],[-69.79919,44.04508],[-69.80157,44.03836],[-69.81471,44.03565],[-69.81538,44.04059],[-69.82269,44.0418],[-69.82095,44.03848],[-69.82403,44.03152],[-69.82143,44.02733],[-69.81375,44.02993],[-69.83091,44.01623],[-69.82995,44.00696],[-69.8231,44.00554],[-69.82566,44.00253],[-69.84019,44.00181],[-69.84917,44.00443],[-69.84946,44.0087],[-69.85329,44.00959],[-69.8526,44.00325],[-69.85848,43.99122],[-69.85602,43.98865],[-69.86633,43.98234],[-69.86638,43.98879],[-69.87023,43.98777],[-69.87326,43.99167],[-69.88259,43.98899],[-69.88536,43.99289],[-69.88208,43.97983],[-69.88861,43.9729],[-69.88812,43.9688],[-69.87821,43.97254],[-69.88382,43.96522],[-69.88164,43.96103],[-69.88471,43.95335],[-69.88106,43.95092],[-69.89171,43.94569],[-69.88391,43.94422],[-69.87464,43.94911],[-69.86451,43.94959],[-69.85935,43.95747],[-69.86319,43.95759],[-69.84848,43.97408],[-69.84353,43.96822],[-69.83477,43.98135],[-69.83026,43.9788],[-69.8353,43.96446],[-69.83999,43.96499],[-69.83835,43.95821],[-69.82465,43.9502],[-69.83513,43.95146],[-69.83627,43.94906],[-69.8316,43.94596],[-69.83201,43.93405],[-69.82521,43.94596],[-69.81738,43.9507],[-69.81384,43.94508],[-69.81556,43.93761],[-69.81147,43.92752],[-69.81526,43.88333],[-69.82042,43.8754],[-69.81496,43.86936],[-69.81323,43.87661],[-69.80276,43.8776],[-69.79729,43.86563],[-69.79957,43.84639],[-69.81171,43.83216],[-69.81004,43.81357],[-69.79365,43.7917],[-69.79714,43.78763],[-69.80185,43.79588],[-69.80549,43.79324],[-69.80488,43.78653],[-69.79578,43.77954],[-69.79638,43.76984],[-69.79077,43.76589],[-69.79881,43.75863],[-69.80154,43.74653],[-69.79775,43.74565],[-69.78849,43.75324],[-69.78546,43.75203],[-69.78394,43.74268],[-69.79562,43.73234],[-69.80898,43.73322],[-69.8196,43.72507],[-69.82764,43.72254],[-69.83037,43.72441],[-69.83386,43.71869],[-69.83401,43.70064],[-69.85192,43.70724],[-69.8504,43.72168],[-69.83841,43.72741],[-69.84388,43.73291],[-69.8454,43.74129],[-69.84169,43.7535],[-69.84503,43.75058],[-69.84423,43.75484],[-69.84756,43.75502],[-69.85551,43.7448],[-69.86231,43.74374],[-69.87084,43.72901],[-69.86925,43.74768],[-69.86395,43.75347],[-69.86964,43.75179],[-69.87126,43.75744],[-69.86728,43.75588],[-69.8623,43.75945],[-69.86768,43.77305],[-69.86897,43.7641],[-69.87319,43.76573],[-69.86924,43.78046],[-69.87333,43.78408],[-69.87259,43.77814],[-69.88181,43.77662],[-69.88374,43.78255],[-69.87985,43.78839],[-69.87806,43.78338],[-69.87415,43.78593],[-69.87566,43.79409],[-69.87166,43.80018],[-69.8504,43.79808],[-69.84889,43.80533],[-69.86133,43.80698],[-69.85465,43.81214],[-69.84782,43.82807],[-69.84843,43.83258],[-69.86679,43.82698],[-69.87089,43.83148],[-69.86471,43.87152],[-69.86775,43.87183],[-69.86974,43.86274],[-69.87309,43.87442],[-69.88144,43.8677],[-69.88007,43.85939],[-69.88766,43.86168],[-69.88713,43.88151],[-69.87311,43.90343],[-69.88752,43.88679],[-69.88796,43.89584],[-69.89081,43.89631],[-69.89888,43.87322],[-69.89676,43.86089],[-69.88775,43.85247],[-69.88795,43.84625],[-69.87638,43.82055],[-69.88232,43.8111],[-69.88255,43.80104],[-69.88593,43.80522],[-69.888,43.80081],[-69.88651,43.79156],[-69.89155,43.79551],[-69.8902,43.78448],[-69.89574,43.77075],[-69.90292,43.77198],[-69.9002,43.78371],[-69.90636,43.78644],[-69.89906,43.78939],[-69.90505,43.79435],[-69.9051,43.79943],[-69.91064,43.79137],[-69.91196,43.77295],[-69.9199,43.77718],[-69.92673,43.77652],[-69.92795,43.78014],[-69.92139,43.78726],[-69.91289,43.78851],[-69.91335,43.79782],[-69.91803,43.7962],[-69.91739,43.801],[-69.91123,43.80959],[-69.90327,43.81087],[-69.90129,43.81405],[-69.90054,43.81831],[-69.90617,43.8133],[-69.91136,43.81312],[-69.91099,43.81741],[-69.90469,43.81913],[-69.90184,43.82337],[-69.90183,43.82853],[-69.9053,43.82321],[-69.91749,43.82453],[-69.91659,43.81191],[-69.92158,43.80962],[-69.92466,43.80289],[-69.92126,43.79727],[-69.92541,43.79347],[-69.92449,43.79701],[-69.93316,43.79435],[-69.9299,43.79108],[-69.93647,43.77545],[-69.94385,43.76432],[-69.94966,43.76257]]]},"properties":{}},{"type":"Feature","geometry":{"type":"Polygon","coordinates":[[[-70.06785,43.79378],[-70.07319,43.79598],[-70.08042,43.7933],[-70.07387,43.80161],[-70.0582,43.8081],[-70.07013,43.79753],[-70.06785,43.79378]]]},"properties":{}},{"type":"Feature","geometry":{"type":"Polygon","coordinates":[[[-70.09534,43.78817],[-70.09059,43.78506],[-70.10243,43.77723],[-70.10166,43.77987],[-70.11312,43.7806],[-70.10535,43.78502],[-70.10398,43.78103],[-70.09534,43.78817]]]},"properties":{}},{"type":"Feature","geometry":{"type":"Polygon","coordinates":[[[-70.12672,43.77929],[-70.12811,43.77405],[-70.12229,43.77242],[-70.13268,43.77234],[-70.13532,43.76175],[-70.12722,43.76538],[-70.12749,43.76265],[-70.11561,43.76495],[-70.12334,43.758],[-70.1348,43.75324],[-70.1381,43.75771],[-70.14169,43.74998],[-70.15272,43.74626],[-70.15114,43.74851],[-70.15899,43.75034],[-70.1443,43.76124],[-70.14571,43.77372],[-70.13094,43.77388],[-70.12672,43.77929]]]},"properties":{}},{"type":"Feature","geometry":{"type":"Polygon","coordinates":[[[-70.10789,43.74831],[-70.10304,43.75659],[-70.09523,43.75892],[-70.09698,43.74886],[-70.11088,43.73083],[-70.10762,43.72503],[-70.12045,43.7125],[-70.10966,43.70905],[-70.12216,43.70079],[-70.12822,43.70817],[-70.12399,43.71854],[-70.14082,43.7206],[-70.13927,43.72682],[-70.13018,43.73602],[-70.12707,43.74583],[-70.11517,43.74999],[-70.10789,43.74831]]]},"properties":{}},{"type":"Feature","geometry":{"type":"Polygon","coordinates":[[[-70.04142,43.72777],[-70.0458,43.72571],[-70.0478,43.72349],[-70.04044,43.72108],[-70.04142,43.72777]]]},"properties":{}},{"type":"Feature","geometry":{"type":"Polygon","coordinates":[[[-70.07256,43.7135],[-70.08277,43.70452],[-70.08854,43.71506],[-70.0841,43.71949],[-70.07802,43.71471],[-70.07284,43.7188],[-70.07256,43.7135]]]},"properties":{}},{"type":"Feature","geometry":{"type":"Polygon","coordinates":[[[-69.28268,43.87233],[-69.29487,43.87126],[-69.29875,43.8643],[-69.28332,43.86426],[-69.28268,43.87233]]]},"properties":{}},{"type":"Feature","geometry":{"type":"Polygon","coordinates":[[[-69.31623,43.90304],[-69.32276,43.90252],[-69.3221,43.89822],[-69.31022,43.89468],[-69.31623,43.90304]]]},"properties":{}},{"type":"Feature","geometry":{"type":"Polygon","coordinates":[[[-69.37969,44.00692],[-69.37982,43.98387],[-69.38445,43.97369],[-69.39156,43.96968],[-69.39853,43.9822],[-69.39566,43.99574],[-69.38823,44.0039],[-69.37969,44.00692]]]},"properties":{}},{"type":"Feature","geometry":{"type":"Polygon","coordinates":[[[-69.38709,43.96761],[-69.39337,43.95637],[-69.39797,43.95787],[-69.38709,43.96761]]]},"properties":{}},{"type":"Feature","geometry":{"type":"Polygon","coordinates":[[[-69.11759,43.9947],[-69.10837,43.9989],[-69.1195,44.00052],[-69.12432,44.00477],[-69.12877,43.99981],[-69.12462,43.99548],[-69.11759,43.9947]]]},"properties":{}},{"type":"Feature","geometry":{"type":"Polygon","coordinates":[[[-69.0434,44.06776],[-69.05041,44.06976],[-69.05139,44.06337],[-69.04727,44.06051],[-69.04284,44.06299],[-69.04613,44.06579],[-69.0434,44.06776]]]},"properties":{}},{"type":"Feature","geometry":{"type":"Polygon","coordinates":[[[-68.90422,44.31334],[-68.90084,44.313],[-68.90095,44.30624],[-68.88808,44.30505],[-68.88695,44.30194],[-68.89511,44.29469],[-68.89916,44.2831],[-68.90526,44.28008],[-68.9082,44.26331],[-68.9061,44.25908],[-68.91009,44.25606],[-68.91384,44.244],[-68.93073,44.23158],[-68.93217,44.23509],[-68.92197,44.24688],[-68.92419,44.25079],[-68.91514,44.25726],[-68.92376,44.25817],[-68.92499,44.26341],[-68.91733,44.27843],[-68.92166,44.27887],[-68.92712,44.28491],[-68.9273,44.2903],[-68.93768,44.28082],[-68.94237,44.28213],[-68.93806,44.28536],[-68.93764,44.29095],[-68.92914,44.29458],[-68.92776,44.30198],[-68.92017,44.3088],[-68.90904,44.31315],[-68.90379,44.31058],[-68.90422,44.31334]]]},"properties":{}},{"type":"Feature","geometry":{"type":"Polygon","coordinates":[[[-69.36889,43.93162],[-69.3559,43.94121],[-69.34933,43.938],[-69.35396,43.93131],[-69.36889,43.93162]]]},"properties":{}},{"type":"Feature","geometry":{"type":"Polygon","coordinates":[[[-69.72232,43.92926],[-69.72789,43.92417],[-69.72724,43.92137],[-69.72192,43.92203],[-69.72232,43.92926]]]},"properties":{}},{"type":"Feature","geometry":{"type":"Polygon","coordinates":[[[-69.30644,43.76317],[-69.31934,43.75516],[-69.3238,43.75746],[-69.32354,43.76206],[-69.32816,43.76235],[-69.30913,43.77955],[-69.29994,43.77112],[-69.30644,43.76317]]]},"properties":{}},{"type":"Feature","geometry":{"type":"Polygon","coordinates":[[[-69.65223,43.83689],[-69.65285,43.79307],[-69.65622,43.78802],[-69.65945,43.78847],[-69.67178,43.80867],[-69.67352,43.80533],[-69.67714,43.80678],[-69.67938,43.8212],[-69.68498,43.83175],[-69.68125,43.83653],[-69.67763,43.83283],[-69.67875,43.8286],[-69.66792,43.83157],[-69.66887,43.84858],[-69.66008,43.8459],[-69.65223,43.83689]]]},"properties":{}},{"type":"Feature","geometry":{"type":"Polygon","coordinates":[[[-70.71117,43.07372],[-70.72998,43.07204],[-70.73487,43.06251],[-70.71257,43.05823],[-70.70663,43.07138],[-70.71117,43.07372]]]},"properties":{}},{"type":"Feature","geometry":{"type":"Polygon","coordinates":[[[-69.72029,43.78604],[-69.73172,43.77346],[-69.73513,43.77194],[-69.73707,43.77507],[-69.7517,43.75474],[-69.75568,43.7551],[-69.75245,43.76223],[-69.75431,43.77009],[-69.76365,43.76323],[-69.76341,43.75402],[-69.76833,43.76066],[-69.77222,43.7551],[-69.77388,43.76005],[-69.77883,43.76115],[-69.77753,43.76972],[-69.77279,43.77272],[-69.78073,43.79911],[-69.76594,43.83841],[-69.76824,43.85476],[-69.75981,43.86125],[-69.76017,43.87124],[-69.75532,43.87773],[-69.7521,43.87682],[-69.75156,43.86761],[-69.74869,43.86579],[-69.74313,43.87526],[-69.73936,43.8763],[-69.73219,43.85762],[-69.74887,43.81931],[-69.74962,43.80344],[-69.73966,43.81787],[-69.72901,43.84678],[-69.72022,43.84902],[-69.71345,43.83817],[-69.7102,43.82607],[-69.71467,43.81939],[-69.71446,43.8136],[-69.719,43.81699],[-69.72145,43.81371],[-69.72029,43.78604]]]},"properties":{}},{"type":"Feature","geometry":{"type":"Polygon","coordinates":[[[-69.76263,43.87751],[-69.76428,43.87253],[-69.76084,43.8627],[-69.77055,43.85459],[-69.77025,43.83501],[-69.78355,43.82365],[-69.78505,43.80904],[-69.80014,43.81824],[-69.79446,43.83263],[-69.78789,43.8402],[-69.78684,43.85253],[-69.79162,43.85567],[-69.79222,43.88021],[-69.80298,43.88248],[-69.80507,43.89977],[-69.79775,43.9069],[-69.7843,43.89728],[-69.77638,43.8962],[-69.76921,43.89037],[-69.76263,43.87751]]]},"properties":{}},{"type":"Feature","geometry":{"type":"Polygon","coordinates":[[[-69.01425,43.90854],[-69.00707,43.90671],[-69.00471,43.9032],[-69.01222,43.90006],[-69.01425,43.90854]]]},"properties":{}},{"type":"Feature","geometry":{"type":"Polygon","coordinates":[[[-69.13306,43.86982],[-69.12666,43.8962],[-69.11825,43.89848],[-69.1193,43.88799],[-69.12946,43.86937],[-69.13306,43.86982]]]},"properties":{}},{"type":"Feature","geometry":{"type":"Polygon","coordinates":[[[-68.50492,44.25132],[-68.50402,44.25527],[-68.51183,44.2568],[-68.5109,44.25369],[-68.50492,44.25132]]]},"properties":{}},{"type":"Feature","geometry":{"type":"Polygon","coordinates":[[[-68.54322,44.21906],[-68.54824,44.22129],[-68.54824,44.22471],[-68.55347,44.2249],[-68.5538,44.22871],[-68.52756,44.22462],[-68.54322,44.21906]]]},"properties":{}},{"type":"Feature","geometry":{"type":"Polygon","coordinates":[[[-68.59091,44.22921],[-68.58166,44.23278],[-68.57563,44.22881],[-68.583,44.22533],[-68.59091,44.22921]]]},"properties":{}},{"type":"Feature","geometry":{"type":"Polygon","coordinates":[[[-68.57708,44.09983],[-68.5741,44.10207],[-68.57109,44.10059],[-68.57512,44.09522],[-68.57708,44.09983]]]},"properties":{}},{"type":"Feature","geometry":{"type":"Polygon","coordinates":[[[-68.59197,44.05897],[-68.58854,44.07162],[-68.58391,44.07142],[-68.58839,44.06079],[-68.59197,44.05897]]]},"properties":{}},{"type":"Feature","geometry":{"type":"Polygon","coordinates":[[[-68.55378,44.04461],[-68.55876,44.04466],[-68.55805,44.03944],[-68.55408,44.03958],[-68.55378,44.04461]]]},"properties":{}},{"type":"Feature","geometry":{"type":"Polygon","coordinates":[[[-68.66717,44.14645],[-68.67859,44.14458],[-68.68261,44.13801],[-68.66765,44.138],[-68.6664,44.14109],[-68.66955,44.14321],[-68.66717,44.14645]]]},"properties":{}},{"type":"Feature","geometry":{"type":"Polygon","coordinates":[[[-68.65329,44.14155],[-68.64886,44.14541],[-68.65501,44.1454],[-68.65329,44.14155]]]},"properties":{}},{"type":"Feature","geometry":{"type":"Polygon","coordinates":[[[-68.59323,44.21043],[-68.58377,44.21418],[-68.58587,44.20843],[-68.57092,44.20338],[-68.56442,44.1921],[-68.5743,44.1921],[-68.56842,44.18907],[-68.57805,44.18552],[-68.59824,44.19177],[-68.59975,44.19391],[-68.5856,44.19691],[-68.58797,44.20133],[-68.59638,44.20496],[-68.59323,44.21043]]]},"properties":{}},{"type":"Feature","geometry":{"type":"Polygon","coordinates":[[[-68.58308,44.14244],[-68.58734,44.14821],[-68.57747,44.14773],[-68.58308,44.14244]]]},"properties":{}},{"type":"Feature","geometry":{"type":"Polygon","coordinates":[[[-68.63901,44.1975],[-68.62145,44.19411],[-68.61321,44.18225],[-68.62952,44.1812],[-68.64699,44.18958],[-68.6397,44.1924],[-68.64453,44.19497],[-68.63901,44.1975]]]},"properties":{}},{"type":"Feature","geometry":{"type":"Polygon","coordinates":[[[-70.72139,43.07955],[-70.73879,43.08422],[-70.74362,43.08212],[-70.73519,43.07539],[-70.72139,43.07955]]]},"properties":{}},{"type":"Feature","geometry":{"type":"Polygon","coordinates":[[[-69.75698,43.70345],[-69.76031,43.70828],[-69.75907,43.71378],[-69.75364,43.7064],[-69.75698,43.70345]]]},"properties":{}},{"type":"Feature","geometry":{"type":"Polygon","coordinates":[[[-68.82849,44.14491],[-68.80015,44.15021],[-68.8132,44.15444],[-68.80685,44.1585],[-68.80689,44.16286],[-68.81653,44.16244],[-68.81842,44.17122],[-68.82503,44.17662],[-68.81804,44.1795],[-68.82187,44.18508],[-68.828,44.18648],[-68.8386,44.18211],[-68.8447,44.18499],[-68.88976,44.15898],[-68.90736,44.15411],[-68.91724,44.147],[-68.92397,44.14064],[-68.92166,44.13701],[-68.93476,44.13144],[-68.93035,44.12392],[-68.94395,44.11231],[-68.94053,44.10911],[-68.93567,44.10979],[-68.93464,44.11809],[-68.92833,44.12565],[-68.90375,44.13302],[-68.8832,44.1457],[-68.87561,44.14533],[-68.87499,44.14275],[-68.88051,44.13754],[-68.89,44.13552],[-68.89019,44.12947],[-68.85988,44.12589],[-68.8571,44.12855],[-68.86299,44.13867],[-68.84611,44.13943],[-68.84231,44.14777],[-68.82662,44.15003],[-68.82849,44.14491]]]},"properties":{}},{"type":"Feature","geometry":{"type":"Polygon","coordinates":[[[-69.32223,43.95152],[-69.32864,43.94585],[-69.33377,43.94848],[-69.32734,43.95594],[-69.32223,43.95152]]]},"properties":{}},{"type":"Feature","geometry":{"type":"Polygon","coordinates":[[[-69.33104,43.95805],[-69.34387,43.9497],[-69.34788,43.9432],[-69.36463,43.94375],[-69.3569,43.95395],[-69.35155,43.95374],[-69.34911,43.96163],[-69.33619,43.96743],[-69.3355,43.96163],[-69.33104,43.95805]]]},"properties":{}},{"type":"Feature","geometry":{"type":"Polygon","coordinates":[[[-70.31632,43.50243],[-70.32021,43.50835],[-70.31711,43.51056],[-70.30727,43.50658],[-70.31632,43.50243]]]},"properties":{}},{"type":"Feature","geometry":{"type":"Polygon","coordinates":[[[-69.7041,43.87024],[-69.70038,43.87167],[-69.69828,43.87749],[-69.69731,43.8926],[-69.69147,43.90953],[-69.69254,43.91637],[-69.6761,43.92872],[-69.67744,43.9423],[-69.6696,43.95332],[-69.66936,43.9608],[-69.65714,43.98976],[-69.67337,43.97183],[-69.69394,43.93494],[-69.70846,43.91541],[-69.71407,43.8974],[-69.71643,43.89731],[-69.71457,43.90721],[-69.7183,43.90766],[-69.72677,43.9037],[-69.73474,43.89398],[-69.72963,43.89047],[-69.73063,43.88083],[-69.72503,43.87678],[-69.71905,43.85371],[-69.70996,43.85524],[-69.7041,43.87024]]]},"properties":{}},{"type":"Feature","geometry":{"type":"Polygon","coordinates":[[[-68.74966,43.88601],[-68.73389,43.89073],[-68.73172,43.8935],[-68.73199,43.88857],[-68.73831,43.88769],[-68.74262,43.88274],[-68.75144,43.8831],[-68.74966,43.88601]]]},"properties":{}},{"type":"Feature","geometry":{"type":"Polygon","coordinates":[[[-69.22604,43.91657],[-69.22086,43.92508],[-69.21182,43.92159],[-69.21953,43.91585],[-69.22604,43.91657]]]},"properties":{}},{"type":"Feature","geometry":{"type":"Polygon","coordinates":[[[-69.42357,43.91439],[-69.42965,43.91125],[-69.42629,43.92341],[-69.4232,43.92218],[-69.42357,43.91439]]]},"properties":{}},{"type":"Feature","geometry":{"type":"Polygon","coordinates":[[[-69.32454,43.85997],[-69.3179,43.85637],[-69.31115,43.86153],[-69.3064,43.87904],[-69.31944,43.87075],[-69.32454,43.85997]]]},"properties":{}},{"type":"Feature","geometry":{"type":"Polygon","coordinates":[[[-69.26901,43.91672],[-69.27532,43.91429],[-69.27997,43.91751],[-69.27846,43.92374],[-69.2719,43.92954],[-69.26433,43.927],[-69.26901,43.91672]]]},"properties":{}},{"type":"Feature","geometry":{"type":"Polygon","coordinates":[[[-69.42731,43.94303],[-69.43106,43.95232],[-69.43462,43.94985],[-69.43491,43.94301],[-69.43869,43.94225],[-69.44067,43.90527],[-69.43055,43.92198],[-69.43134,43.92676],[-69.41997,43.93577],[-69.42731,43.94303]]]},"properties":{}},{"type":"Feature","geometry":{"type":"Polygon","coordinates":[[[-69.34123,43.93403],[-69.34618,43.92402],[-69.35059,43.9225],[-69.35028,43.92731],[-69.34123,43.93403]]]},"properties":{}},{"type":"Feature","geometry":{"type":"Polygon","coordinates":[[[-69.37267,44.00755],[-69.36643,44.01023],[-69.36594,44.00065],[-69.373,43.99535],[-69.37516,44.00018],[-69.37267,44.00755]]]},"properties":{}},{"type":"Feature","geometry":{"type":"Polygon","coordinates":[[[-68.82485,44.24161],[-68.81556,44.24086],[-68.81968,44.23429],[-68.818,44.22673],[-68.82224,44.23086],[-68.82697,44.22791],[-68.83143,44.23197],[-68.82485,44.24161]]]},"properties":{}},{"type":"Feature","geometry":{"type":"Polygon","coordinates":[[[-68.82961,44.26112],[-68.81753,44.25917],[-68.81687,44.25818],[-68.82435,44.257],[-68.82961,44.26112]]]},"properties":{}},{"type":"Feature","geometry":{"type":"Polygon","coordinates":[[[-68.79018,44.14584],[-68.79382,44.147],[-68.80307,44.142],[-68.80328,44.13761],[-68.79663,44.13891],[-68.79018,44.14584]]]},"properties":{}},{"type":"Feature","geometry":{"type":"Polygon","coordinates":[[[-68.73978,44.30711],[-68.73333,44.30831],[-68.72975,44.30474],[-68.70845,44.29881],[-68.70088,44.29125],[-68.68651,44.28401],[-68.68978,44.27622],[-68.69857,44.27086],[-68.72509,44.28197],[-68.72716,44.28854],[-68.72479,44.29058],[-68.74299,44.29732],[-68.73978,44.30711]]]},"properties":{}},{"type":"Feature","geometry":{"type":"Polygon","coordinates":[[[-68.67754,44.2107],[-68.62903,44.22035],[-68.62282,44.22868],[-68.62519,44.23217],[-68.63205,44.23269],[-68.62962,44.23597],[-68.60549,44.22909],[-68.60437,44.23217],[-68.61335,44.23643],[-68.60879,44.24427],[-68.6172,44.2482],[-68.62266,44.25606],[-68.64495,44.26557],[-68.65358,44.26323],[-68.67229,44.27947],[-68.67628,44.27917],[-68.67846,44.27704],[-68.67659,44.26564],[-68.69394,44.25243],[-68.69663,44.24599],[-68.6943,44.23447],[-68.68364,44.22824],[-68.67671,44.21691],[-68.70412,44.23425],[-68.7074,44.23384],[-68.70971,44.22794],[-68.7259,44.22567],[-68.73271,44.22168],[-68.71875,44.21206],[-68.71981,44.20707],[-68.71318,44.20181],[-68.71833,44.18589],[-68.71892,44.16941],[-68.71067,44.16997],[-68.70383,44.17954],[-68.69752,44.18196],[-68.70446,44.17485],[-68.70698,44.16668],[-68.69499,44.1641],[-68.70359,44.16256],[-68.70593,44.1576],[-68.69899,44.15805],[-68.68043,44.15147],[-68.66628,44.15164],[-68.63951,44.16111],[-68.63906,44.16516],[-68.64621,44.16668],[-68.64369,44.17515],[-68.62958,44.1698],[-68.61865,44.17671],[-68.65327,44.18663],[-68.65841,44.1921],[-68.65075,44.19696],[-68.66279,44.20432],[-68.65304,44.20422],[-68.65946,44.21055],[-68.66514,44.20738],[-68.67754,44.2107]]]},"properties":{}},{"type":"Feature","geometry":{"type":"Polygon","coordinates":[[[-68.49944,44.32084],[-68.50199,44.32389],[-68.52295,44.32314],[-68.53301,44.33],[-68.52186,44.35702],[-68.52097,44.37502],[-68.5104,44.38548],[-68.50307,44.3831],[-68.49944,44.3728],[-68.49944,44.32084]]]},"properties":{}},{"type":"Feature","geometry":{"type":"Polygon","coordinates":[[[-69.41756,43.97829],[-69.42975,43.97195],[-69.42986,43.9582],[-69.42315,43.96511],[-69.41756,43.97829]]]},"properties":{}},{"type":"Feature","geometry":{"type":"Polygon","coordinates":[[[-69.30586,43.91749],[-69.30938,43.91232],[-69.30581,43.90821],[-69.30925,43.9066],[-69.31593,43.91452],[-69.30875,43.919],[-69.30586,43.91749]]]},"properties":{}},{"type":"Feature","geometry":{"type":"Polygon","coordinates":[[[-69.37191,43.91358],[-69.37986,43.91464],[-69.38553,43.90631],[-69.37964,43.90155],[-69.37191,43.91358]]]},"properties":{}},{"type":"Feature","geometry":{"type":"Polygon","coordinates":[[[-68.93743,44.26829],[-68.93305,44.2725],[-68.93848,44.27464],[-68.93764,44.27041],[-68.93743,44.26829]]]},"properties":{}},{"type":"Feature","geometry":{"type":"Polygon","coordinates":[[[-69.06842,43.99644],[-69.06515,43.99388],[-69.06779,43.98721],[-69.07921,43.98736],[-69.06842,43.99644]]]},"properties":{}},{"type":"Feature","geometry":{"type":"Polygon","coordinates":[[[-69.0448,44.00471],[-69.04613,44.00846],[-69.05228,44.00547],[-69.05694,44.00721],[-69.06085,44.0033],[-69.05298,44.00295],[-69.06148,43.99981],[-69.05475,43.99419],[-69.0448,44.00471]]]},"properties":{}},{"type":"Feature","geometry":{"type":"Polygon","coordinates":[[[-68.88195,44.4552],[-68.87351,44.45398],[-68.86873,44.44002],[-68.87114,44.43275],[-68.87897,44.42687],[-68.88716,44.43288],[-68.88957,44.44145],[-68.88811,44.44849],[-68.88195,44.4552]]]},"properties":{}},{"type":"Feature","geometry":{"type":"Polygon","coordinates":[[[-69.06947,44.00603],[-69.06714,44.0122],[-69.07368,44.01073],[-69.06947,44.00603]]]},"properties":{}},{"type":"Feature","geometry":{"type":"Polygon","coordinates":[[[-68.95685,44.20089],[-68.96182,44.20163],[-68.96449,44.19878],[-68.96146,44.18879],[-68.95771,44.19259],[-68.95685,44.20089]]]},"properties":{}},{"type":"Feature","geometry":{"type":"Polygon","coordinates":[[[-68.94269,44.2229],[-68.93259,44.24109],[-68.93659,44.24109],[-68.9498,44.21937],[-68.94269,44.2229]]]},"properties":{}},{"type":"Feature","geometry":{"type":"Polygon","coordinates":[[[-69.07326,43.98022],[-69.07779,43.97324],[-69.08293,43.98144],[-69.07872,43.98341],[-69.07326,43.98022]]]},"properties":{}},{"type":"Feature","geometry":{"type":"Polygon","coordinates":[[[-68.75976,44.53029],[-68.77744,44.56416],[-68.79024,44.56749],[-68.79403,44.56562],[-68.80055,44.556],[-68.80199,44.54758],[-68.79487,44.52217],[-68.78015,44.50291],[-68.77087,44.50532],[-68.76276,44.51408],[-68.75976,44.53029]]]},"properties":{}},{"type":"Feature","geometry":{"type":"Polygon","coordinates":[[[-68.81347,44.35695],[-68.81489,44.3665],[-68.80833,44.37064],[-68.80976,44.35952],[-68.81347,44.35695]]]},"properties":{}},{"type":"Feature","geometry":{"type":"Polygon","coordinates":[[[-68.82269,44.13471],[-68.8062,44.13681],[-68.80381,44.13926],[-68.80864,44.14454],[-68.8291,44.13735],[-68.82269,44.13471]]]},"properties":{}},{"type":"Feature","geometry":{"type":"Polygon","coordinates":[[[-68.82109,44.21983],[-68.83019,44.2171],[-68.82389,44.22522],[-68.82109,44.21983]]]},"properties":{}},{"type":"Feature","geometry":{"type":"Polygon","coordinates":[[[-68.79738,44.22416],[-68.79976,44.23408],[-68.79342,44.23682],[-68.78523,44.23283],[-68.78153,44.22621],[-68.79738,44.22416]]]},"properties":{}},{"type":"Feature","geometry":{"type":"Polygon","coordinates":[[[-68.78015,44.14586],[-68.77897,44.14229],[-68.78242,44.13858],[-68.79558,44.13737],[-68.79151,44.14215],[-68.78015,44.14586]]]},"properties":{}},{"type":"Feature","geometry":{"type":"Polygon","coordinates":[[[-68.86603,44.12139],[-68.86068,44.11126],[-68.86552,44.10474],[-68.85869,44.10302],[-68.84949,44.11448],[-68.85395,44.1261],[-68.84154,44.13284],[-68.8388,44.13089],[-68.8371,44.11843],[-68.82515,44.1255],[-68.81113,44.12014],[-68.80392,44.11405],[-68.8073,44.10286],[-68.79951,44.10348],[-68.7894,44.09641],[-68.77009,44.07488],[-68.76985,44.07049],[-68.78309,44.05366],[-68.79151,44.0523],[-68.79184,44.0465],[-68.80538,44.04381],[-68.8047,44.03786],[-68.80738,44.03526],[-68.82328,44.03197],[-68.848,44.03409],[-68.84975,44.02757],[-68.85921,44.02727],[-68.8611,44.02105],[-68.87014,44.03061],[-68.87481,44.04114],[-68.87519,44.04684],[-68.87081,44.05132],[-68.88608,44.06213],[-68.8938,44.07608],[-68.89622,44.06731],[-68.89264,44.05973],[-68.89459,44.05034],[-68.9059,44.06043],[-68.9029,44.06649],[-68.90975,44.07971],[-68.90715,44.08459],[-68.90084,44.08504],[-68.91356,44.10195],[-68.91136,44.11065],[-68.90189,44.12307],[-68.88016,44.12561],[-68.86603,44.12139]]]},"properties":{}},{"type":"Feature","geometry":{"type":"Polygon","coordinates":[[[-69.03184,44.07822],[-69.03874,44.08592],[-69.04508,44.07944],[-69.0455,44.07413],[-69.03898,44.07368],[-69.03184,44.07822]]]},"properties":{}},{"type":"Feature","geometry":{"type":"Polygon","coordinates":[[[-69.12141,43.97886],[-69.13387,43.98438],[-69.1392,43.97868],[-69.12933,43.97617],[-69.12141,43.97886]]]},"properties":{}},{"type":"Feature","geometry":{"type":"Polygon","coordinates":[[[-68.75983,44.23964],[-68.76434,44.24187],[-68.76102,44.24789],[-68.74858,44.24455],[-68.75983,44.23964]]]},"properties":{}},{"type":"Feature","geometry":{"type":"Polygon","coordinates":[[[-68.49944,44.10933],[-68.49944,44.12585],[-68.50828,44.12806],[-68.51895,44.11537],[-68.51831,44.10495],[-68.50952,44.10293],[-68.50366,44.09646],[-68.50232,44.10844],[-68.49944,44.10933]]]},"properties":{}},{"type":"Feature","geometry":{"type":"Polygon","coordinates":[[[-68.49944,44.14795],[-68.50396,44.1513],[-68.49944,44.16281],[-68.49944,44.14795]]]},"properties":{}},{"type":"Feature","geometry":{"type":"Polygon","coordinates":[[[-68.92483,44.33016],[-68.92902,44.32764],[-68.92795,44.32493],[-68.92439,44.32689],[-68.92483,44.33016]]]},"properties":{}},{"type":"Feature","geometry":{"type":"Polygon","coordinates":[[[-69.30029,43.93488],[-69.29424,43.94104],[-69.29089,43.93582],[-69.29803,43.93299],[-69.30029,43.93488]]]},"properties":{}},{"type":"Feature","geometry":{"type":"Polygon","coordinates":[[[-68.56935,44.04311],[-68.5697,44.03743],[-68.57468,44.03616],[-68.57171,44.04299],[-68.56935,44.04311]]]},"properties":{}},{"type":"Feature","geometry":{"type":"Polygon","coordinates":[[[-69.14871,43.98574],[-69.14883,43.99603],[-69.13675,43.99889],[-69.13695,43.99624],[-69.14871,43.98574]]]},"properties":{}},{"type":"Feature","geometry":{"type":"Polygon","coordinates":[[[-68.95227,44.24833],[-68.95509,44.24321],[-68.96562,44.25124],[-68.96478,44.25916],[-68.95698,44.25789],[-68.95738,44.2663],[-68.95215,44.27116],[-68.94794,44.26467],[-68.94205,44.26467],[-68.94491,44.25859],[-68.93559,44.25712],[-68.94584,44.24865],[-68.95227,44.24833]]]},"properties":{}},{"type":"Feature","geometry":{"type":"Polygon","coordinates":[[[-68.94416,44.26829],[-68.94222,44.27218],[-68.94759,44.27735],[-68.94927,44.27292],[-68.94416,44.26829]]]},"properties":{}},{"type":"Feature","geometry":{"type":"Polygon","coordinates":[[[-69.06845,44.04141],[-69.07175,44.04235],[-69.07548,44.03888],[-69.07154,44.03704],[-69.06845,44.04141]]]},"properties":{}},{"type":"Feature","geometry":{"type":"Polygon","coordinates":[[[-69.17607,43.98318],[-69.18037,43.98905],[-69.18769,43.98939],[-69.19119,43.98602],[-69.18122,43.97797],[-69.17607,43.98318]]]},"properties":{}},{"type":"Feature","geometry":{"type":"Polygon","coordinates":[[[-68.91166,44.35534],[-68.90747,44.37132],[-68.90118,44.37436],[-68.90242,44.37858],[-68.88248,44.37868],[-68.88005,44.39214],[-68.87759,44.38547],[-68.86653,44.37891],[-68.86615,44.36808],[-68.86068,44.36476],[-68.8639,44.3599],[-68.87091,44.36022],[-68.87599,44.35595],[-68.87895,44.35023],[-68.87354,44.34278],[-68.88305,44.3371],[-68.8836,44.34334],[-68.88967,44.34282],[-68.88907,44.33715],[-68.8958,44.32658],[-68.89369,44.31811],[-68.90042,44.31798],[-68.90201,44.31432],[-68.91117,44.31578],[-68.9007,44.32366],[-68.90715,44.33126],[-68.91388,44.32915],[-68.91724,44.32447],[-68.91829,44.33654],[-68.91388,44.33715],[-68.90454,44.34687],[-68.91166,44.35534]]]},"properties":{}},{"type":"Feature","geometry":{"type":"Polygon","coordinates":[[[-69.08756,43.98797],[-69.09828,43.9828],[-69.09853,43.9807],[-69.08903,43.98159],[-69.08458,43.9859],[-69.08756,43.98797]]]},"properties":{}},{"type":"Feature","geometry":{"type":"Polygon","coordinates":[[[-69.5489,43.8649],[-69.56108,43.85964],[-69.56591,43.84739],[-69.56279,43.84539],[-69.55631,43.85083],[-69.55276,43.85008],[-69.55622,43.84263],[-69.55518,43.83688],[-69.55216,43.83888],[-69.54714,43.85815],[-69.5489,43.8649]]]},"properties":{}},{"type":"Feature","geometry":{"type":"Polygon","coordinates":[[[-69.60191,43.78826],[-69.60097,43.79546],[-69.59607,43.7988],[-69.59568,43.78975],[-69.60191,43.78826]]]},"properties":{}},{"type":"Feature","geometry":{"type":"Polygon","coordinates":[[[-69.5851,43.77394],[-69.5809,43.77433],[-69.58054,43.77842],[-69.58528,43.77881],[-69.5851,43.77394]]]},"properties":{}},{"type":"Feature","geometry":{"type":"Polygon","coordinates":[[[-69.60366,43.77819],[-69.60988,43.77646],[-69.6158,43.75759],[-69.61352,43.75495],[-69.60366,43.77819]]]},"properties":{}},{"type":"Feature","geometry":{"type":"Polygon","coordinates":[[[-68.81507,43.86127],[-68.80966,43.85747],[-68.82368,43.84661],[-68.82646,43.84739],[-68.81507,43.86127]]]},"properties":{}},{"type":"Feature","geometry":{"type":"Polygon","coordinates":[[[-68.89323,43.83391],[-68.87963,43.83989],[-68.87561,43.8361],[-68.88318,43.83261],[-68.88591,43.82241],[-68.89916,43.82135],[-68.89323,43.83391]]]},"properties":{}},{"type":"Feature","geometry":{"type":"Polygon","coordinates":[[[-68.90126,43.86913],[-68.90168,43.85863],[-68.90719,43.84905],[-68.89643,43.8489],[-68.89033,43.85544],[-68.8836,43.85681],[-68.88128,43.86853],[-68.8876,43.87506],[-68.90126,43.86913]]]},"properties":{}},{"type":"Feature","geometry":{"type":"Polygon","coordinates":[[[-68.63525,44.14772],[-68.62824,44.15138],[-68.6275,44.14821],[-68.63381,44.14564],[-68.63525,44.14772]]]},"properties":{}},{"type":"Feature","geometry":{"type":"Polygon","coordinates":[[[-68.60324,44.14221],[-68.60858,44.14123],[-68.60652,44.13578],[-68.60135,44.13775],[-68.60324,44.14221]]]},"properties":{}},{"type":"Feature","geometry":{"type":"Polygon","coordinates":[[[-68.61099,44.21592],[-68.60584,44.21872],[-68.59721,44.21347],[-68.59932,44.2107],[-68.61825,44.20828],[-68.62813,44.2101],[-68.6201,44.20165],[-68.62386,44.19872],[-68.65603,44.209],[-68.64832,44.21509],[-68.60984,44.21373],[-68.61099,44.21592]]]},"properties":{}},{"type":"Feature","geometry":{"type":"Polygon","coordinates":[[[-68.62097,44.14749],[-68.61026,44.1467],[-68.60966,44.14755],[-68.61375,44.15032],[-68.62097,44.14749]]]},"properties":{}},{"type":"Feature","geometry":{"type":"Polygon","coordinates":[[[-68.6603,44.0761],[-68.63507,44.07989],[-68.63843,44.07625],[-68.65189,44.06928],[-68.65974,44.07009],[-68.65715,44.07443],[-68.67166,44.07452],[-68.66737,44.07976],[-68.6603,44.0761]]]},"properties":{}},{"type":"Feature","geometry":{"type":"Polygon","coordinates":[[[-68.79458,44.01175],[-68.80045,44.00761],[-68.79928,44.00481],[-68.79488,44.00692],[-68.79458,44.01175]]]},"properties":{}},{"type":"Feature","geometry":{"type":"Polygon","coordinates":[[[-68.7835,44.20123],[-68.78139,44.20578],[-68.78726,44.21181],[-68.77512,44.21914],[-68.76809,44.21773],[-68.77568,44.20888],[-68.7768,44.20259],[-68.7835,44.20123]]]},"properties":{}},{"type":"Feature","geometry":{"type":"Polygon","coordinates":[[[-68.65085,44.10459],[-68.65126,44.10171],[-68.6468,44.10005],[-68.63683,44.102],[-68.64264,44.10883],[-68.65989,44.10975],[-68.65085,44.10459]]]},"properties":{}},{"type":"Feature","geometry":{"type":"Polygon","coordinates":[[[-68.65629,44.03442],[-68.64056,44.04798],[-68.64587,44.05524],[-68.65492,44.04617],[-68.65685,44.04719],[-68.6521,44.05108],[-68.65344,44.05277],[-68.65942,44.04982],[-68.65378,44.05988],[-68.62947,44.08086],[-68.62763,44.08799],[-68.59978,44.08751],[-68.59953,44.04824],[-68.61047,44.0269],[-68.609,44.01604],[-68.61163,44.01264],[-68.61594,44.00997],[-68.62137,44.01904],[-68.62708,44.02044],[-68.64642,44.01331],[-68.65623,44.00385],[-68.66072,44.01756],[-68.65629,44.03442]]]},"properties":{}},{"type":"Feature","geometry":{"type":"Polygon","coordinates":[[[-68.64054,44.12672],[-68.6381,44.12895],[-68.63096,44.1281],[-68.63854,44.12365],[-68.64054,44.12672]]]},"properties":{}},{"type":"Feature","geometry":{"type":"Polygon","coordinates":[[[-68.62359,44.09253],[-68.61746,44.09702],[-68.61595,44.09443],[-68.60772,44.09485],[-68.61762,44.08929],[-68.62359,44.09253]]]},"properties":{}},{"type":"Feature","geometry":{"type":"Polygon","coordinates":[[[-68.61905,44.12928],[-68.60921,44.12534],[-68.62308,44.11883],[-68.62351,44.1205],[-68.61905,44.12928]]]},"properties":{}},{"type":"Feature","geometry":{"type":"Polygon","coordinates":[[[-68.84701,44.23202],[-68.85284,44.22918],[-68.85016,44.23681],[-68.84701,44.23202]]]},"properties":{}},{"type":"Feature","geometry":{"type":"Polygon","coordinates":[[[-68.79711,44.28574],[-68.78576,44.28521],[-68.78541,44.28491],[-68.7955,44.28038],[-68.79385,44.283],[-68.79711,44.28574]]]},"properties":{}},{"type":"Feature","geometry":{"type":"Polygon","coordinates":[[[-68.80058,44.28839],[-68.80496,44.29382],[-68.81109,44.29321],[-68.80058,44.28839]]]},"properties":{}},{"type":"Feature","geometry":{"type":"Polygon","coordinates":[[[-68.88885,44.04058],[-68.89427,44.03832],[-68.89294,44.03122],[-68.88325,44.03026],[-68.88885,44.04058]]]},"properties":{}},{"type":"Feature","geometry":{"type":"Polygon","coordinates":[[[-68.75241,44.2616],[-68.73515,44.25968],[-68.7309,44.26228],[-68.7402,44.26829],[-68.74825,44.26614],[-68.74714,44.26784],[-68.75639,44.27011],[-68.75241,44.2616]]]},"properties":{}},{"type":"Feature","geometry":{"type":"Polygon","coordinates":[[[-69.70473,43.8496],[-69.70457,43.83857],[-69.7067,43.83706],[-69.71179,43.84647],[-69.70473,43.8496]]]},"properties":{}},{"type":"Feature","geometry":{"type":"Polygon","coordinates":[[[-69.63007,43.81345],[-69.62689,43.80834],[-69.63028,43.80489],[-69.63316,43.8086],[-69.63007,43.81345]]]},"properties":{}},{"type":"Feature","geometry":{"type":"Polygon","coordinates":[[[-69.7979,44.08623],[-69.80439,44.05406],[-69.81671,44.04182],[-69.81471,44.03565],[-69.80157,44.03836],[-69.79919,44.04508],[-69.79569,44.04542],[-69.79149,44.0517],[-69.78952,44.06601],[-69.78468,44.07151],[-69.79034,44.07391],[-69.78543,44.08176],[-69.78754,44.08763],[-69.7979,44.08623]]]},"properties":{}},{"type":"Feature","geometry":{"type":"Polygon","coordinates":[[[-70.47226,43.12288],[-70.47511,43.12056],[-70.47984,43.12253],[-70.4765,43.12401],[-70.47226,43.12288]]]},"properties":{}},{"type":"Feature","geometry":{"type":"Polygon","coordinates":[[[-70.08269,43.71665],[-70.08739,43.71406],[-70.08854,43.71506],[-70.0841,43.71949],[-70.08269,43.71665]]]},"properties":{}},{"type":"Feature","geometry":{"type":"Polygon","coordinates":[[[-70.11669,43.68357],[-70.10111,43.69901],[-70.09841,43.69475],[-70.09358,43.69456],[-70.09473,43.6919],[-70.08855,43.6981],[-70.09321,43.69714],[-70.0987,43.70059],[-70.09265,43.71006],[-70.11382,43.69126],[-70.11669,43.68357]]]},"properties":{}},{"type":"Feature","geometry":{"type":"Polygon","coordinates":[[[-70.16009,43.67831],[-70.15076,43.69058],[-70.14602,43.69105],[-70.13425,43.70256],[-70.13928,43.70703],[-70.14551,43.70084],[-70.16803,43.68948],[-70.17382,43.68021],[-70.16794,43.67984],[-70.16905,43.67273],[-70.16296,43.67987],[-70.16009,43.67831]]]},"properties":{}},{"type":"Feature","geometry":{"type":"Polygon","coordinates":[[[-70.17723,43.74505],[-70.18434,43.7421],[-70.18736,43.73725],[-70.17912,43.74023],[-70.17723,43.74505]]]},"properties":{}},{"type":"Feature","geometry":{"type":"Polygon","coordinates":[[[-70.20506,43.67322],[-70.2124,43.66738],[-70.21188,43.66353],[-70.20351,43.66729],[-70.20367,43.67247],[-70.19991,43.67073],[-70.19343,43.6741],[-70.18776,43.68259],[-70.19318,43.68208],[-70.19269,43.68444],[-70.1864,43.6866],[-70.18266,43.69335],[-70.19946,43.68645],[-70.20447,43.68024],[-70.20506,43.67322]]]},"properties":{}},{"type":"Feature","geometry":{"type":"Polygon","coordinates":[[[-70.19012,43.64549],[-70.19804,43.64436],[-70.2035,43.64699],[-70.2095,43.64015],[-70.20534,43.63881],[-70.20644,43.63424],[-70.19012,43.64549]]]},"properties":{}},{"type":"Feature","geometry":{"type":"Polygon","coordinates":[[[-70.08714,43.69125],[-70.09177,43.67806],[-70.09943,43.67346],[-70.10144,43.67571],[-70.09934,43.68047],[-70.08714,43.69125]]]},"properties":{}},{"type":"Feature","geometry":{"type":"Polygon","coordinates":[[[-70.1424,43.71557],[-70.14912,43.71459],[-70.15652,43.71059],[-70.1466,43.70858],[-70.1424,43.71557]]]},"properties":{}},{"type":"Feature","geometry":{"type":"Polygon","coordinates":[[[-70.10243,43.77723],[-70.09059,43.78506],[-70.09534,43.78817],[-70.10618,43.7784],[-70.10166,43.77987],[-70.10243,43.77723]]]},"properties":{}},{"type":"Feature","geometry":{"type":"Polygon","coordinates":[[[-70.06625,43.80421],[-70.07013,43.79753],[-70.07834,43.79663],[-70.07167,43.80299],[-70.06625,43.80421]]]},"properties":{}},{"type":"Feature","geometry":{"type":"Polygon","coordinates":[[[-70.06132,43.74261],[-70.04613,43.7581],[-70.04444,43.76438],[-70.04814,43.76193],[-70.06132,43.74261]]]},"properties":{}},{"type":"Feature","geometry":{"type":"Polygon","coordinates":[[[-70.05346,43.76645],[-70.05557,43.76375],[-70.05846,43.76738],[-70.05545,43.76863],[-70.05346,43.76645]]]},"properties":{}},{"type":"Feature","geometry":{"type":"Polygon","coordinates":[[[-70.02736,43.72363],[-70.02867,43.72601],[-70.03661,43.71406],[-70.02634,43.71592],[-70.02828,43.71806],[-70.02232,43.72447],[-70.02736,43.72363]]]},"properties":{}},{"type":"Feature","geometry":{"type":"Polygon","coordinates":[[[-69.86513,43.73936],[-69.8645,43.73684],[-69.87084,43.72901],[-69.87101,43.73599],[-69.86513,43.73936]]]},"properties":{}},{"type":"Feature","geometry":{"type":"Polygon","coordinates":[[[-69.99415,43.72285],[-69.99321,43.73155],[-69.98425,43.74419],[-69.98991,43.74189],[-69.98785,43.74787],[-69.99177,43.74772],[-69.99097,43.75053],[-70.00467,43.72563],[-69.99714,43.73119],[-70.00707,43.71734],[-70.00355,43.71478],[-70.00883,43.71299],[-70.00103,43.71087],[-69.99869,43.71724],[-70.00146,43.71782],[-69.99415,43.72285]]]},"properties":{}},{"type":"Feature","geometry":{"type":"Polygon","coordinates":[[[-70.32932,43.45549],[-70.33265,43.45522],[-70.34207,43.45718],[-70.33259,43.45808],[-70.32932,43.45549]]]},"properties":{}},{"type":"Feature","geometry":{"type":"Polygon","coordinates":[[[-70.41796,43.36694],[-70.424,43.37152],[-70.42259,43.37394],[-70.41789,43.37219],[-70.41796,43.36694]]]},"properties":{}},{"type":"Feature","geometry":{"type":"Polygon","coordinates":[[[-69.98555,43.84202],[-69.99066,43.84134],[-69.99682,43.83307],[-69.99003,43.83219],[-69.98555,43.84202]]]},"properties":{}},{"type":"Feature","geometry":{"type":"Polygon","coordinates":[[[-69.16002,44.00628],[-69.16475,44.00297],[-69.16285,43.99914],[-69.15213,44.00096],[-69.15213,44.83333],[-71.08333,44.83333],[-71.08333,42.39996],[-71.07745,42.3989],[-71.07354,42.40643],[-71.07535,42.39854],[-71.07144,42.38994],[-71.05706,42.38821],[-71.05351,42.39141],[-71.05802,42.3948],[-71.05922,42.39894],[-71.05664,42.3948],[-71.05196,42.3966],[-71.04726,42.39343],[-71.04217,42.39549],[-71.04603,42.39204],[-71.05331,42.39482],[-71.05143,42.39034],[-71.05454,42.38669],[-71.03007,42.38423],[-71.02151,42.3884],[-71.01947,42.39585],[-71.01329,42.39888],[-71.01553,42.40086],[-71.01098,42.39999],[-71.01066,42.39602],[-71.01719,42.38762],[-71.02743,42.37986],[-71.03969,42.38101],[-71.04531,42.37839],[-71.04708,42.36717],[-71.0405,42.36102],[-71.03258,42.36122],[-71.02846,42.36491],[-71.02859,42.35569],[-71.00788,42.34596],[-71.00477,42.35116],[-71.00766,42.35374],[-71.00102,42.35465],[-70.99578,42.35116],[-70.99037,42.35826],[-71.00285,42.36155],[-71.00198,42.37651],[-71.00899,42.37779],[-71.01297,42.37071],[-71.02079,42.37655],[-71.01247,42.38249],[-70.99893,42.37965],[-70.99632,42.38462],[-70.98974,42.38536],[-70.9916,42.39018],[-70.9957,42.39097],[-70.98986,42.39133],[-70.98781,42.38434],[-70.99576,42.38163],[-70.99856,42.37059],[-70.98704,42.36602],[-70.98275,42.3697],[-70.97277,42.37063],[-70.97328,42.36094],[-70.97864,42.35833],[-70.95799,42.34195],[-70.9579,42.35049],[-70.97174,42.35777],[-70.96952,42.36815],[-70.97509,42.38137],[-70.96996,42.38586],[-70.9826,42.38934],[-70.98628,42.39864],[-70.99357,42.40406],[-70.99092,42.41539],[-70.98346,42.42596],[-70.96459,42.44048],[-70.97169,42.44008],[-70.98519,42.42934],[-70.99457,42.43378],[-70.99854,42.43218],[-70.99654,42.43551],[-70.98355,42.43254],[-70.97805,42.43768],[-70.98465,42.4421],[-70.97977,42.44582],[-70.98211,42.44897],[-70.96396,42.44393],[-70.94661,42.45846],[-70.93843,42.45388],[-70.94124,42.43952],[-70.93629,42.43053],[-70.9369,42.41715],[-70.92976,42.41695],[-70.92082,42.42249],[-70.91216,42.41552],[-70.90536,42.41522],[-70.911,42.42066],[-70.91128,42.42513],[-70.93457,42.42844],[-70.93512,42.43211],[-70.92952,42.43635],[-70.93974,42.43859],[-70.93532,42.4555],[-70.91891,42.4653],[-70.89526,42.45844],[-70.87881,42.47917],[-70.85359,42.49133],[-70.83908,42.48772],[-70.83503,42.48983],[-70.83455,42.49872],[-70.83039,42.50251],[-70.83372,42.50585],[-70.84419,42.49758],[-70.84598,42.4923],[-70.85549,42.49256],[-70.85014,42.50172],[-70.84062,42.50805],[-70.84621,42.51474],[-70.84086,42.51835],[-70.84586,42.51756],[-70.85312,42.52196],[-70.86347,42.52038],[-70.87548,42.5048],[-70.87429,42.50207],[-70.88762,42.49784],[-70.88607,42.50453],[-70.88155,42.50585],[-70.88786,42.51026],[-70.88798,42.5144],[-70.88342,42.51659],[-70.88602,42.52071],[-70.87419,42.52255],[-70.87608,42.52425],[-70.8731,42.52918],[-70.87037,42.52891],[-70.87144,42.52592],[-70.86644,42.52645],[-70.8643,42.53375],[-70.86918,42.53692],[-70.88417,42.52654],[-70.88774,42.529],[-70.88167,42.53499],[-70.88702,42.5378],[-70.89652,42.52553],[-70.89702,42.53164],[-70.89321,42.53648],[-70.89773,42.53719],[-70.8988,42.54141],[-70.90654,42.54598],[-70.90915,42.54334],[-70.91772,42.5459],[-70.91653,42.54968],[-70.92224,42.55126],[-70.91736,42.55241],[-70.9201,42.55689],[-70.9151,42.55531],[-70.91332,42.54766],[-70.90526,42.54789],[-70.89416,42.54264],[-70.88738,42.54774],[-70.89119,42.54114],[-70.87929,42.53903],[-70.86834,42.54853],[-70.86097,42.5444],[-70.85038,42.55109],[-70.84538,42.54766],[-70.82254,42.5517],[-70.79779,42.56375],[-70.78161,42.56446],[-70.77066,42.57334],[-70.76888,42.57079],[-70.77707,42.5658],[-70.77518,42.56147],[-70.77994,42.55812],[-70.77185,42.55953],[-70.77031,42.5627],[-70.76364,42.56199],[-70.76114,42.5685],[-70.75091,42.57334],[-70.73687,42.57694],[-70.73402,42.57474],[-70.73295,42.57914],[-70.7289,42.57826],[-70.72926,42.57158],[-70.71796,42.57668],[-70.71498,42.57272],[-70.7101,42.57255],[-70.6988,42.57677],[-70.69012,42.58653],[-70.68678,42.58547],[-70.68107,42.59338],[-70.68179,42.59646],[-70.68524,42.59637],[-70.67524,42.60507],[-70.67608,42.60868],[-70.66406,42.60798],[-70.64942,42.61483],[-70.65835,42.60042],[-70.6543,42.5947],[-70.66549,42.58407],[-70.66465,42.58002],[-70.66049,42.57967],[-70.64942,42.58618],[-70.65145,42.59198],[-70.64348,42.59312],[-70.63503,42.59954],[-70.63194,42.60507],[-70.63324,42.61835],[-70.61909,42.62388],[-70.6198,42.6274],[-70.61361,42.63232],[-70.59136,42.63723],[-70.59196,42.6418],[-70.59553,42.64092],[-70.59148,42.64848],[-70.59719,42.65199],[-70.59541,42.66104],[-70.61385,42.65823],[-70.61361,42.66121],[-70.61932,42.65858],[-70.62384,42.662],[-70.62158,42.66429],[-70.62384,42.66578],[-70.62051,42.66639],[-70.62301,42.68184],[-70.61944,42.68764],[-70.62599,42.68825],[-70.63015,42.69299],[-70.64181,42.685],[-70.64526,42.68957],[-70.65823,42.68184],[-70.66751,42.66973],[-70.67025,42.67096],[-70.66822,42.66824],[-70.6737,42.67105],[-70.67227,42.6678],[-70.68155,42.662],[-70.68179,42.65287],[-70.66775,42.6505],[-70.67679,42.64883],[-70.6806,42.63899],[-70.68393,42.63926],[-70.685,42.63293],[-70.68952,42.63117],[-70.68797,42.62142],[-70.67917,42.61958],[-70.67786,42.61448],[-70.67953,42.61219],[-70.68036,42.61747],[-70.6963,42.62204],[-70.7063,42.61668],[-70.70308,42.62476],[-70.69095,42.62274],[-70.69178,42.63144],[-70.68036,42.64699],[-70.69107,42.65629],[-70.71962,42.6635],[-70.72224,42.65884],[-70.71831,42.65401],[-70.71998,42.64918],[-70.73164,42.64786],[-70.73913,42.65076],[-70.74175,42.64936],[-70.73925,42.64637],[-70.74556,42.65129],[-70.75603,42.64874],[-70.76114,42.64233],[-70.76352,42.64936],[-70.76138,42.65489],[-70.77161,42.66218],[-70.75508,42.66165],[-70.74758,42.6685],[-70.76019,42.67447],[-70.76626,42.67333],[-70.76662,42.66964],[-70.77031,42.67271],[-70.77994,42.67315],[-70.76091,42.67719],[-70.72962,42.66271],[-70.72985,42.66894],[-70.7458,42.6822],[-70.78754,42.69409],[-70.79277,42.69255],[-70.7881,42.68351],[-70.79335,42.69057],[-70.80293,42.69358],[-70.80369,42.6882],[-70.80748,42.68527],[-70.81268,42.68652],[-70.81484,42.68127],[-70.81857,42.68347],[-70.82394,42.67998],[-70.82865,42.68359],[-70.83407,42.67985],[-70.82829,42.68518],[-70.82164,42.68368],[-70.80646,42.68867],[-70.80731,42.69282],[-70.81134,42.69402],[-70.80807,42.69643],[-70.79394,42.69884],[-70.79382,42.69523],[-70.78886,42.69673],[-70.7962,42.70805],[-70.80153,42.71078],[-70.81222,42.70981],[-70.83096,42.69958],[-70.82618,42.70338],[-70.83134,42.70388],[-70.83127,42.71029],[-70.82807,42.70914],[-70.82985,42.70465],[-70.82598,42.70574],[-70.822,42.71652],[-70.82894,42.72433],[-70.82114,42.72212],[-70.81881,42.72422],[-70.83704,42.73072],[-70.84956,42.72594],[-70.84084,42.73245],[-70.8284,42.73354],[-70.81437,42.72807],[-70.82237,42.75018],[-70.83237,42.7509],[-70.83139,42.75332],[-70.82402,42.75323],[-70.82604,42.75748],[-70.85523,42.76252],[-70.86781,42.75604],[-70.86505,42.76049],[-70.85229,42.764],[-70.8271,42.76111],[-70.81549,42.75558],[-70.8146,42.76432],[-70.81947,42.76863],[-70.81556,42.77195],[-70.81162,42.78727],[-70.82348,42.7991],[-70.8453,42.79966],[-70.86174,42.81065],[-70.87465,42.81521],[-70.87228,42.8174],[-70.86196,42.81524],[-70.8303,42.82269],[-70.8261,42.8288],[-70.82725,42.82078],[-70.81155,42.82125],[-70.81657,42.85531],[-70.81567,42.87743],[-70.81115,42.89284],[-70.81919,42.895],[-70.81931,42.88846],[-70.83609,42.88035],[-70.82726,42.89507],[-70.82961,42.89809],[-70.83516,42.89612],[-70.8238,42.90213],[-70.83522,42.91346],[-70.81961,42.90691],[-70.81788,42.89821],[-70.8105,42.89708],[-70.80764,42.9136],[-70.80338,42.91777],[-70.79495,42.9175],[-70.79848,42.92333],[-70.79453,42.93927],[-70.78701,42.94374],[-70.78554,42.95058],[-70.76982,42.96394],[-70.77175,42.96839],[-70.76473,42.97372],[-70.7594,42.9892],[-70.75008,42.99182],[-70.7469,42.99822],[-70.75106,43.00251],[-70.74308,43.00076],[-70.74406,43.00796],[-70.73338,43.01445],[-70.72929,43.02697],[-70.72,43.03188],[-70.71193,43.04352],[-70.71707,43.04702],[-70.71902,43.053],[-70.73782,43.04908],[-70.73091,43.05193],[-70.73079,43.05883],[-70.76277,43.04872],[-70.76753,43.05022],[-70.76483,43.05298],[-70.74255,43.05586],[-70.73791,43.06006],[-70.74122,43.06445],[-70.75232,43.06515],[-70.74349,43.07034],[-70.74824,43.07085],[-70.75233,43.07797],[-70.76009,43.08077],[-70.76584,43.09073],[-70.78066,43.09461],[-70.81774,43.11755],[-70.82278,43.11702],[-70.82444,43.1128],[-70.83455,43.11658],[-70.84436,43.112],[-70.84961,43.11905],[-70.85776,43.12142],[-70.85301,43.11685],[-70.85205,43.10212],[-70.85461,43.09834],[-70.85141,43.0952],[-70.85844,43.09236],[-70.85703,43.08842],[-70.86356,43.08334],[-70.85822,43.07716],[-70.86173,43.07181],[-70.84302,43.07639],[-70.84179,43.07221],[-70.8453,43.06934],[-70.83524,43.06593],[-70.83424,43.05244],[-70.84485,43.05415],[-70.84052,43.04862],[-70.84753,43.04848],[-70.86414,43.05952],[-70.87161,43.06094],[-70.90597,43.05676],[-70.91448,43.04554],[-70.93367,43.03386],[-70.93105,43.02126],[-70.93676,43.01302],[-70.93646,42.9971],[-70.94832,42.98724],[-70.94147,42.98083],[-70.94772,42.9838],[-70.94891,42.98899],[-70.93748,42.99762],[-70.94076,43.00486],[-70.93778,43.00622],[-70.93778,43.0144],[-70.93266,43.0199],[-70.93563,43.03437],[-70.91651,43.04749],[-70.91092,43.062],[-70.92288,43.07238],[-70.91508,43.0675],[-70.90621,43.06846],[-70.90717,43.07404],[-70.89842,43.07731],[-70.896,43.08148],[-70.8791,43.08558],[-70.87696,43.09404],[-70.88117,43.09781],[-70.87129,43.09668],[-70.87028,43.09245],[-70.86421,43.09202],[-70.87367,43.10025],[-70.8673,43.09951],[-70.87022,43.10788],[-70.86761,43.11388],[-70.87035,43.11611],[-70.86743,43.11972],[-70.88077,43.12207],[-70.88606,43.13035],[-70.88946,43.13005],[-70.88815,43.12565],[-70.89416,43.13039],[-70.90829,43.13354],[-70.91061,43.12972],[-70.91469,43.13199],[-70.90777,43.13576],[-70.89275,43.13191],[-70.8862,43.13391],[-70.87222,43.12439],[-70.85411,43.12938],[-70.8603,43.13346],[-70.85292,43.13769],[-70.84753,43.13586],[-70.84717,43.14129],[-70.85259,43.14586],[-70.84836,43.14843],[-70.86266,43.16886],[-70.84711,43.15105],[-70.84433,43.14433],[-70.84468,43.12738],[-70.82779,43.12052],[-70.83022,43.12438],[-70.83677,43.12548],[-70.83246,43.1361],[-70.83446,43.1556],[-70.82997,43.16507],[-70.83146,43.17224],[-70.82795,43.17526],[-70.84589,43.18831],[-70.8601,43.19372],[-70.84035,43.1869],[-70.83698,43.19399],[-70.83807,43.18672],[-70.82935,43.17958],[-70.83217,43.18852],[-70.8245,43.19185],[-70.82449,43.19784],[-70.82098,43.1981],[-70.8191,43.19083],[-70.82563,43.18613],[-70.82192,43.17336],[-70.82663,43.16845],[-70.82805,43.15624],[-70.81929,43.15359],[-70.82994,43.15322],[-70.83137,43.14249],[-70.82383,43.13287],[-70.81685,43.13492],[-70.81409,43.13287],[-70.82194,43.13026],[-70.81863,43.12543],[-70.7992,43.11868],[-70.79844,43.11259],[-70.7808,43.10292],[-70.78012,43.09754],[-70.76817,43.09655],[-70.77044,43.1018],[-70.77864,43.1051],[-70.77296,43.10549],[-70.76193,43.10099],[-70.76545,43.09381],[-70.75577,43.0925],[-70.76028,43.08993],[-70.75536,43.08514],[-70.73614,43.08616],[-70.72143,43.08245],[-70.71965,43.08609],[-70.72296,43.09559],[-70.73335,43.09701],[-70.72903,43.10051],[-70.73488,43.10777],[-70.73147,43.10987],[-70.73264,43.11354],[-70.72835,43.11033],[-70.72572,43.1002],[-70.71484,43.09868],[-70.71747,43.09588],[-70.71197,43.09196],[-70.71717,43.08717],[-70.70134,43.08687],[-70.71665,43.08454],[-70.7175,43.08042],[-70.71362,43.07894],[-70.7047,43.08249],[-70.69914,43.08051],[-70.69574,43.08499],[-70.66882,43.0884],[-70.6722,43.08556],[-70.69241,43.08351],[-70.69655,43.07203],[-70.69373,43.06711],[-70.68742,43.06523],[-70.66528,43.07561],[-70.66506,43.0832],[-70.65957,43.08622],[-70.6626,43.09022],[-70.6571,43.09193],[-70.6547,43.10031],[-70.63801,43.11391],[-70.64013,43.11851],[-70.63356,43.12115],[-70.63716,43.13333],[-70.6311,43.13149],[-70.62343,43.13375],[-70.6216,43.13986],[-70.62688,43.14461],[-70.62004,43.16152],[-70.61187,43.16838],[-70.59745,43.16428],[-70.5902,43.16571],[-70.59746,43.17333],[-70.60889,43.17587],[-70.60262,43.18117],[-70.60532,43.18381],[-70.60422,43.18975],[-70.59678,43.18606],[-70.5892,43.19456],[-70.58782,43.20153],[-70.59095,43.2037],[-70.58828,43.20823],[-70.57649,43.21779],[-70.57573,43.2218],[-70.58164,43.23046],[-70.58855,43.2349],[-70.58861,43.24348],[-70.59614,43.24693],[-70.58151,43.27628],[-70.57062,43.28515],[-70.56807,43.29918],[-70.55637,43.3179],[-70.56151,43.31981],[-70.56137,43.31563],[-70.5691,43.31034],[-70.5689,43.30604],[-70.57234,43.31025],[-70.56407,43.32155],[-70.55914,43.32381],[-70.55564,43.31901],[-70.54077,43.33421],[-70.51551,43.34522],[-70.50144,43.34038],[-70.47611,43.34726],[-70.46617,43.34003],[-70.46152,43.34536],[-70.45921,43.3421],[-70.45666,43.3464],[-70.45126,43.34658],[-70.4433,43.35677],[-70.44042,43.35374],[-70.42868,43.35346],[-70.42791,43.35598],[-70.43338,43.35732],[-70.43348,43.36151],[-70.44192,43.36064],[-70.43139,43.36557],[-70.42438,43.35739],[-70.4154,43.361],[-70.42943,43.37006],[-70.43137,43.37697],[-70.42442,43.37643],[-70.42491,43.38638],[-70.42833,43.38768],[-70.41992,43.39637],[-70.40021,43.40191],[-70.40069,43.39564],[-70.39676,43.39457],[-70.39052,43.40254],[-70.39563,43.40525],[-70.38539,43.40775],[-70.38878,43.41061],[-70.38701,43.41243],[-70.38047,43.41253],[-70.38682,43.41485],[-70.38547,43.41862],[-70.3772,43.42163],[-70.37713,43.42737],[-70.3686,43.43543],[-70.35233,43.44173],[-70.34379,43.43984],[-70.33941,43.44548],[-70.33332,43.44723],[-70.34222,43.45087],[-70.35556,43.44852],[-70.37096,43.45374],[-70.37453,43.45989],[-70.39008,43.45981],[-70.39521,43.46364],[-70.39416,43.46722],[-70.37969,43.46314],[-70.38317,43.46923],[-70.38424,43.49591],[-70.36185,43.52812],[-70.34395,43.5391],[-70.32843,43.54082],[-70.34419,43.54891],[-70.34409,43.55427],[-70.34942,43.55804],[-70.34191,43.55701],[-70.34295,43.55081],[-70.32543,43.55051],[-70.32665,43.54748],[-70.3224,43.54335],[-70.32569,43.54175],[-70.31787,43.53398],[-70.32269,43.52743],[-70.31523,43.52712],[-70.30826,43.52942],[-70.31441,43.53456],[-70.30824,43.54411],[-70.29002,43.55672],[-70.27597,43.56153],[-70.27827,43.5682],[-70.2626,43.58102],[-70.27326,43.56957],[-70.26996,43.55653],[-70.26635,43.55426],[-70.24637,43.55219],[-70.22646,43.56393],[-70.21225,43.55707],[-70.1963,43.56539],[-70.19902,43.56543],[-70.19703,43.56946],[-70.20082,43.56899],[-70.20215,43.57533],[-70.20778,43.57652],[-70.20183,43.58679],[-70.21631,43.59262],[-70.21332,43.59625],[-70.21765,43.5976],[-70.21353,43.60403],[-70.21621,43.60941],[-70.20969,43.61296],[-70.20713,43.6231],[-70.22207,43.63323],[-70.22253,43.63946],[-70.22736,43.64305],[-70.22511,43.64989],[-70.2327,43.65093],[-70.2348,43.65554],[-70.24631,43.64527],[-70.24883,43.64605],[-70.24542,43.63901],[-70.24829,43.63725],[-70.25391,43.64202],[-70.25287,43.64492],[-70.25725,43.64353],[-70.25803,43.63397],[-70.26526,43.63359],[-70.26626,43.64034],[-70.27147,43.63412],[-70.28119,43.63619],[-70.2859,43.64207],[-70.29181,43.64169],[-70.29083,43.64474],[-70.29843,43.64674],[-70.29771,43.64936],[-70.31107,43.65867],[-70.29239,43.65087],[-70.29081,43.64629],[-70.28725,43.65099],[-70.28044,43.64051],[-70.26232,43.64371],[-70.24597,43.65615],[-70.24838,43.65795],[-70.23829,43.6664],[-70.24145,43.67074],[-70.25639,43.67578],[-70.25983,43.6682],[-70.26617,43.66435],[-70.27723,43.66921],[-70.27205,43.67945],[-70.25198,43.67723],[-70.25095,43.68586],[-70.24478,43.68929],[-70.25548,43.69035],[-70.25246,43.71362],[-70.24686,43.71505],[-70.24629,43.71942],[-70.24091,43.71268],[-70.24583,43.70596],[-70.24237,43.70395],[-70.24587,43.6992],[-70.24323,43.69421],[-70.2382,43.69507],[-70.23058,43.70457],[-70.22387,43.70284],[-70.21727,43.70587],[-70.21439,43.71281],[-70.21786,43.71105],[-70.21707,43.71713],[-70.22263,43.71631],[-70.22203,43.72157],[-70.21882,43.71997],[-70.19346,43.74349],[-70.1923,43.74856],[-70.19828,43.75446],[-70.19297,43.76555],[-70.19466,43.76985],[-70.17789,43.77603],[-70.17537,43.77264],[-70.17897,43.76275],[-70.17441,43.76168],[-70.16471,43.77271],[-70.16161,43.77129],[-70.15389,43.77492],[-70.1549,43.77927],[-70.14063,43.78958],[-70.14322,43.7919],[-70.15918,43.78863],[-70.17727,43.79744],[-70.17403,43.79868],[-70.16011,43.79108],[-70.14678,43.79575],[-70.15438,43.80066],[-70.15399,43.80476],[-70.14974,43.79831],[-70.13637,43.79875],[-70.1365,43.79505],[-70.10626,43.80408],[-70.10861,43.80857],[-70.11888,43.80351],[-70.11929,43.80791],[-70.11405,43.81422],[-70.12068,43.81443],[-70.10891,43.81826],[-70.10447,43.82705],[-70.09739,43.82982],[-70.10088,43.83481],[-70.09586,43.84135],[-70.09076,43.83915],[-70.09292,43.83497],[-70.07983,43.84732],[-70.07819,43.84474],[-70.08515,43.83981],[-70.0832,43.8354],[-70.10083,43.81522],[-70.10137,43.80953],[-70.09479,43.81591],[-70.08054,43.82001],[-70.0808,43.8272],[-70.07562,43.8284],[-70.07337,43.82379],[-70.06133,43.82786],[-70.06656,43.81999],[-70.06231,43.81831],[-70.06766,43.81614],[-70.06581,43.8115],[-70.05546,43.81988],[-70.05348,43.82306],[-70.05915,43.82362],[-70.05364,43.83003],[-70.04045,43.83178],[-70.04596,43.83432],[-70.03935,43.83919],[-70.04247,43.84135],[-70.01834,43.86021],[-70.00882,43.85824],[-69.99338,43.86744],[-69.98666,43.86805],[-69.98552,43.86496],[-70.00856,43.84036],[-70.02353,43.8298],[-70.02711,43.82294],[-70.01516,43.82872],[-70.00678,43.83739],[-70.00319,43.83634],[-69.98559,43.85329],[-69.98392,43.85103],[-69.97942,43.8537],[-69.96391,43.85216],[-69.95063,43.86333],[-69.94648,43.86037],[-69.95299,43.855],[-69.95494,43.84667],[-69.9598,43.8467],[-69.96168,43.84099],[-69.9759,43.8277],[-69.97593,43.81929],[-69.9801,43.81332],[-69.98423,43.81426],[-69.98918,43.80942],[-69.99341,43.8096],[-70.00087,43.79165],[-70.0069,43.7881],[-70.0048,43.78626],[-70.01734,43.77802],[-70.02025,43.76611],[-70.02403,43.76751],[-70.02877,43.76385],[-70.04238,43.74801],[-70.03709,43.75126],[-70.04304,43.73805],[-70.01482,43.75437],[-70.01873,43.74823],[-70.01427,43.74533],[-70.02572,43.73065],[-70.00966,43.74457],[-70.00219,43.74744],[-69.99775,43.75689],[-70.00765,43.75553],[-70.00777,43.76379],[-69.99103,43.77498],[-69.98521,43.78768],[-69.97726,43.78754],[-69.97864,43.79119],[-69.97373,43.7937],[-69.97878,43.80127],[-69.9748,43.80752],[-69.9717,43.80523],[-69.97214,43.79947],[-69.95966,43.81341],[-69.95985,43.80722],[-69.96976,43.79523],[-69.96028,43.79839],[-69.94801,43.82928],[-69.95141,43.83616],[-69.94655,43.84211],[-69.94359,43.84036],[-69.9402,43.84873],[-69.94312,43.85266],[-69.93362,43.8638],[-69.93105,43.85152],[-69.93905,43.84271],[-69.93934,43.83522],[-69.95217,43.81585],[-69.9479,43.80995],[-69.94191,43.80914],[-69.9481,43.79611],[-69.94234,43.80388],[-69.9426,43.80089],[-69.96111,43.77632],[-69.95077,43.79638],[-69.95508,43.79055],[-69.9549,43.7928],[-69.96125,43.79174],[-69.9616,43.78564],[-69.96366,43.7869],[-69.96636,43.78308],[-69.96532,43.77654],[-69.97353,43.77624],[-69.98777,43.75022],[-69.98245,43.75081],[-69.97841,43.75837],[-69.97781,43.75568],[-69.9731,43.76046],[-69.97536,43.75351],[-69.97229,43.75323],[-69.95496,43.77317],[-69.94759,43.78999],[-69.94256,43.79425],[-69.94966,43.76257],[-69.94385,43.76432],[-69.93159,43.78504],[-69.92983,43.79234],[-69.93239,43.79329],[-69.93324,43.78812],[-69.93272,43.79606],[-69.92922,43.79429],[-69.92615,43.79884],[-69.92541,43.79347],[-69.92126,43.79727],[-69.92144,43.80075],[-69.92509,43.80084],[-69.91749,43.82453],[-69.9053,43.82321],[-69.90183,43.82853],[-69.90045,43.82198],[-69.91183,43.81541],[-69.90617,43.8133],[-69.90054,43.81831],[-69.9017,43.8113],[-69.90538,43.80801],[-69.91123,43.80959],[-69.91739,43.801],[-69.91803,43.7962],[-69.91318,43.79932],[-69.91289,43.78851],[-69.92139,43.78726],[-69.92795,43.78014],[-69.92494,43.78048],[-69.92673,43.77652],[-69.92307,43.77975],[-69.91196,43.77295],[-69.91064,43.79137],[-69.9051,43.79943],[-69.90324,43.79234],[-69.89906,43.78939],[-69.89532,43.79164],[-69.89568,43.78692],[-69.90669,43.78781],[-69.9002,43.78371],[-69.89696,43.78602],[-69.90353,43.77538],[-69.90292,43.77198],[-69.89574,43.77075],[-69.89524,43.78062],[-69.89222,43.77911],[-69.8902,43.78448],[-69.89032,43.78767],[-69.89281,43.78697],[-69.89155,43.79551],[-69.88651,43.79156],[-69.88737,43.80425],[-69.8838,43.80508],[-69.88255,43.80104],[-69.88099,43.80599],[-69.88497,43.80929],[-69.87956,43.81671],[-69.88754,43.82742],[-69.88536,43.84168],[-69.89043,43.84309],[-69.88775,43.85247],[-69.89215,43.8572],[-69.89234,43.85305],[-69.89667,43.85391],[-69.89859,43.87536],[-69.8917,43.89709],[-69.88762,43.89745],[-69.88747,43.88658],[-69.8704,43.90908],[-69.86487,43.92893],[-69.86014,43.93442],[-69.86129,43.9207],[-69.87836,43.89568],[-69.87994,43.88802],[-69.88847,43.88165],[-69.8896,43.87162],[-69.88876,43.86344],[-69.88152,43.85698],[-69.87808,43.86434],[-69.88583,43.86531],[-69.88556,43.86887],[-69.87735,43.86927],[-69.87363,43.87625],[-69.87007,43.86021],[-69.86353,43.88492],[-69.86293,43.87558],[-69.86079,43.87993],[-69.85734,43.87589],[-69.85543,43.88171],[-69.8528,43.87993],[-69.85234,43.87411],[-69.86449,43.87052],[-69.86214,43.85609],[-69.86682,43.8565],[-69.86536,43.85078],[-69.8703,43.84781],[-69.87221,43.83656],[-69.86746,43.82413],[-69.85079,43.83129],[-69.84546,43.83801],[-69.85403,43.81395],[-69.86478,43.80599],[-69.86098,43.80134],[-69.85465,43.80958],[-69.84985,43.8051],[-69.84985,43.81164],[-69.84668,43.81077],[-69.84807,43.80469],[-69.84453,43.80217],[-69.84763,43.80217],[-69.85086,43.79383],[-69.85446,43.80134],[-69.86069,43.79872],[-69.87166,43.80018],[-69.87566,43.79409],[-69.87415,43.78593],[-69.87806,43.78338],[-69.87985,43.78839],[-69.88421,43.78008],[-69.88181,43.77662],[-69.87552,43.77594],[-69.87259,43.77814],[-69.87333,43.78408],[-69.87112,43.78301],[-69.86893,43.7754],[-69.87274,43.77341],[-69.87319,43.76573],[-69.86897,43.7641],[-69.86768,43.77305],[-69.86475,43.76926],[-69.8623,43.75945],[-69.86897,43.7536],[-69.86395,43.75347],[-69.8698,43.74298],[-69.86682,43.74256],[-69.8658,43.7462],[-69.86376,43.74305],[-69.86226,43.74664],[-69.85762,43.74745],[-69.85551,43.7448],[-69.84756,43.75502],[-69.84423,43.75484],[-69.84645,43.74683],[-69.84331,43.73809],[-69.84567,43.73326],[-69.83793,43.72668],[-69.84772,43.72742],[-69.84792,43.71936],[-69.85035,43.71913],[-69.84613,43.73865],[-69.85086,43.73791],[-69.85638,43.72592],[-69.84977,43.71541],[-69.85086,43.70808],[-69.85521,43.70421],[-69.84401,43.70583],[-69.83735,43.7004],[-69.83319,43.70068],[-69.83722,43.70676],[-69.83261,43.71089],[-69.83549,43.71247],[-69.8355,43.72104],[-69.82973,43.72647],[-69.83217,43.72043],[-69.81203,43.72959],[-69.81856,43.73627],[-69.80842,43.74971],[-69.80594,43.74706],[-69.81177,43.74502],[-69.8167,43.7363],[-69.81491,43.73316],[-69.80889,43.73497],[-69.803,43.73103],[-69.79525,43.7314],[-69.79147,43.73845],[-69.78003,43.74455],[-69.78137,43.74967],[-69.78768,43.75351],[-69.79664,43.7428],[-69.80343,43.74331],[-69.79831,43.76078],[-69.79286,43.7586],[-69.79171,43.76407],[-69.78742,43.76699],[-69.78863,43.76988],[-69.79645,43.76773],[-69.7969,43.78065],[-69.80503,43.78505],[-69.80484,43.79689],[-69.801,43.79397],[-69.80049,43.78642],[-69.79402,43.78674],[-69.79293,43.79003],[-69.80177,43.80296],[-69.8028,43.80947],[-69.80786,43.80989],[-69.80934,43.82289],[-69.81298,43.82734],[-69.81099,43.83519],[-69.79722,43.84301],[-69.79666,43.86552],[-69.80069,43.86742],[-69.79832,43.87385],[-69.80024,43.87672],[-69.81376,43.87605],[-69.81101,43.87101],[-69.81345,43.86696],[-69.82325,43.87709],[-69.81409,43.8824],[-69.81543,43.89881],[-69.81005,43.92529],[-69.81335,43.94567],[-69.81738,43.9507],[-69.82487,43.94636],[-69.83201,43.93405],[-69.83341,43.93569],[-69.8316,43.94596],[-69.83627,43.94906],[-69.83513,43.95146],[-69.82743,43.94923],[-69.82483,43.9516],[-69.83601,43.95519],[-69.83999,43.96499],[-69.8353,43.96446],[-69.83026,43.9788],[-69.83477,43.98135],[-69.84353,43.96822],[-69.84592,43.97354],[-69.85079,43.97227],[-69.86319,43.95759],[-69.85935,43.95747],[-69.86451,43.94959],[-69.86924,43.95048],[-69.87444,43.94678],[-69.87464,43.94911],[-69.8797,43.94201],[-69.89566,43.93125],[-69.90109,43.92527],[-69.89889,43.92415],[-69.91295,43.9184],[-69.91964,43.91939],[-69.90766,43.92496],[-69.90204,43.93407],[-69.8923,43.93739],[-69.8952,43.94147],[-69.88471,43.95335],[-69.88164,43.96103],[-69.88398,43.967],[-69.87821,43.97254],[-69.88322,43.96865],[-69.88935,43.97018],[-69.88181,43.98126],[-69.88565,43.98481],[-69.88547,43.99304],[-69.88259,43.98899],[-69.87326,43.99167],[-69.87023,43.98777],[-69.86638,43.98879],[-69.86633,43.98234],[-69.85602,43.98865],[-69.85848,43.99122],[-69.8526,44.00325],[-69.85329,44.00959],[-69.84802,44.00791],[-69.84917,44.00443],[-69.84019,44.00181],[-69.82352,44.00429],[-69.83147,44.01064],[-69.83091,44.01623],[-69.81822,44.02728],[-69.82403,44.03152],[-69.82095,44.03848],[-69.82269,44.0418],[-69.81074,44.05341],[-69.79821,44.08789],[-69.7854,44.09099],[-69.77378,44.10301],[-69.76969,44.11871],[-69.76379,44.1251],[-69.76074,44.1433],[-69.76667,44.15273],[-69.76688,44.16092],[-69.76594,44.16591],[-69.75757,44.17293],[-69.754,44.18356],[-69.76472,44.20499],[-69.76212,44.21831],[-69.77073,44.23148],[-69.76871,44.24284],[-69.77162,44.2568],[-69.78827,44.27061],[-69.79243,44.27942],[-69.77588,44.30327],[-69.77335,44.31513],[-69.77219,44.30625],[-69.78798,44.28181],[-69.78309,44.2709],[-69.77307,44.26511],[-69.76703,44.25672],[-69.76559,44.24348],[-69.76931,44.23552],[-69.76763,44.22964],[-69.75829,44.22186],[-69.76116,44.20351],[-69.75202,44.19383],[-69.75033,44.18479],[-69.75208,44.17307],[-69.76223,44.15968],[-69.76172,44.15259],[-69.75414,44.14239],[-69.75817,44.12605],[-69.76418,44.11888],[-69.76388,44.10909],[-69.76859,44.10605],[-69.76972,44.09901],[-69.7846,44.08713],[-69.78217,44.08245],[-69.78619,44.07506],[-69.78007,44.07368],[-69.78299,44.06676],[-69.78022,44.05351],[-69.77251,44.05602],[-69.76849,44.06081],[-69.77033,44.06537],[-69.74991,44.07972],[-69.74653,44.09495],[-69.73347,44.10033],[-69.73048,44.10778],[-69.72749,44.10874],[-69.72697,44.1059],[-69.73189,44.0988],[-69.74467,44.09377],[-69.74744,44.07993],[-69.76866,44.0644],[-69.76558,44.06207],[-69.77593,44.05279],[-69.77623,44.04248],[-69.7825,44.04116],[-69.79044,44.03345],[-69.79881,44.03424],[-69.80301,44.02471],[-69.81291,44.01817],[-69.81429,44.01986],[-69.81666,44.01616],[-69.81135,44.01031],[-69.83021,43.98343],[-69.82544,43.9822],[-69.81493,43.99184],[-69.8217,43.98131],[-69.8247,43.97249],[-69.82248,43.97117],[-69.82905,43.96749],[-69.83235,43.96082],[-69.83188,43.95788],[-69.82062,43.95577],[-69.82537,43.95919],[-69.82393,43.9661],[-69.81628,43.96979],[-69.82063,43.9601],[-69.81363,43.95009],[-69.81094,43.95146],[-69.80452,43.94367],[-69.80167,43.90917],[-69.79592,43.91127],[-69.79209,43.92424],[-69.78784,43.91971],[-69.78015,43.92488],[-69.78224,43.91912],[-69.78978,43.91637],[-69.78598,43.90501],[-69.76671,43.89274],[-69.7641,43.89651],[-69.76261,43.89312],[-69.75902,43.89457],[-69.75895,43.88821],[-69.75559,43.90547],[-69.75006,43.9131],[-69.75445,43.91208],[-69.75423,43.91979],[-69.74281,43.92319],[-69.74729,43.8989],[-69.74033,43.89868],[-69.72907,43.91318],[-69.7324,43.92566],[-69.7274,43.93625],[-69.72307,43.93884],[-69.72113,43.959],[-69.72301,43.93515],[-69.71975,43.93094],[-69.71352,43.93494],[-69.70944,43.95638],[-69.7037,43.95845],[-69.70875,43.95302],[-69.71043,43.93803],[-69.7056,43.94286],[-69.70667,43.93902],[-69.70029,43.94125],[-69.69817,43.95402],[-69.69559,43.95573],[-69.69553,43.94571],[-69.68341,43.96187],[-69.68351,43.96766],[-69.67476,43.97098],[-69.67016,43.98366],[-69.67831,43.97607],[-69.67775,43.97835],[-69.67061,43.98863],[-69.67388,43.98888],[-69.66862,43.99203],[-69.67085,43.99375],[-69.67448,43.99051],[-69.67695,43.99572],[-69.66432,44.0008],[-69.65418,44.01732],[-69.64988,44.01103],[-69.63131,44.02042],[-69.62108,44.04478],[-69.61524,44.05157],[-69.62064,44.03079],[-69.6167,44.01955],[-69.61889,44.01799],[-69.61881,44.02058],[-69.62557,44.02232],[-69.63099,44.01584],[-69.63695,44.01651],[-69.63878,44.01049],[-69.64357,44.00722],[-69.63998,44.00451],[-69.64155,43.99639],[-69.64861,44.00193],[-69.65864,43.99446],[-69.65684,43.99256],[-69.64862,43.99519],[-69.64845,43.9924],[-69.66376,43.96581],[-69.66541,43.95336],[-69.67232,43.9405],[-69.67121,43.92712],[-69.66335,43.9296],[-69.6605,43.93411],[-69.65568,43.93295],[-69.64636,43.9425],[-69.6568,43.91887],[-69.66279,43.92091],[-69.66388,43.91726],[-69.65838,43.91325],[-69.65982,43.90801],[-69.6635,43.91081],[-69.66497,43.90769],[-69.66048,43.89946],[-69.66476,43.88723],[-69.66152,43.87964],[-69.66488,43.8653],[-69.66776,43.87602],[-69.66387,43.87996],[-69.66902,43.89188],[-69.66689,43.89234],[-69.66805,43.91388],[-69.66414,43.92287],[-69.6653,43.92716],[-69.67734,43.91453],[-69.67777,43.91134],[-69.67444,43.91333],[-69.67801,43.90518],[-69.68067,43.90859],[-69.68716,43.8879],[-69.68389,43.87586],[-69.67907,43.8725],[-69.68171,43.86929],[-69.67859,43.87059],[-69.68536,43.8597],[-69.6805,43.85654],[-69.67755,43.86062],[-69.68105,43.86391],[-69.67341,43.87095],[-69.67288,43.86675],[-69.66785,43.867],[-69.67059,43.85645],[-69.66789,43.85551],[-69.66641,43.86184],[-69.66366,43.86189],[-69.66063,43.84833],[-69.65111,43.85272],[-69.65449,43.84555],[-69.65028,43.84283],[-69.64829,43.83599],[-69.63922,43.84246],[-69.64727,43.84213],[-69.6474,43.85752],[-69.64408,43.84699],[-69.63756,43.84823],[-69.63539,43.85466],[-69.63168,43.8486],[-69.62484,43.85193],[-69.62363,43.84537],[-69.62951,43.84246],[-69.62955,43.83831],[-69.6203,43.82713],[-69.61317,43.8354],[-69.61794,43.84673],[-69.60629,43.84973],[-69.60487,43.85813],[-69.59063,43.86082],[-69.58868,43.85883],[-69.59098,43.85276],[-69.58833,43.85058],[-69.59212,43.84051],[-69.591,43.83059],[-69.60453,43.82364],[-69.60526,43.81347],[-69.59713,43.81245],[-69.58915,43.81433],[-69.58376,43.82381],[-69.58913,43.83437],[-69.5862,43.83562],[-69.58649,43.84131],[-69.58376,43.83449],[-69.5856,43.8324],[-69.57945,43.82429],[-69.57417,43.85185],[-69.57427,43.85695],[-69.57646,43.85612],[-69.58123,43.8626],[-69.58942,43.86318],[-69.58406,43.87059],[-69.59161,43.87458],[-69.58798,43.8822],[-69.59131,43.89629],[-69.58843,43.89532],[-69.58023,43.90271],[-69.58185,43.90461],[-69.57503,43.91555],[-69.58006,43.92391],[-69.58574,43.91694],[-69.58752,43.92098],[-69.59459,43.91726],[-69.59607,43.91472],[-69.59122,43.91336],[-69.59336,43.91053],[-69.60153,43.90827],[-69.59789,43.91251],[-69.59992,43.918],[-69.5958,43.91806],[-69.58979,43.9239],[-69.59551,43.9251],[-69.5915,43.92831],[-69.59416,43.93033],[-69.58884,43.93502],[-69.5832,43.94941],[-69.58999,43.94877],[-69.59099,43.9437],[-69.59103,43.95051],[-69.58914,43.95062],[-69.59219,43.95352],[-69.58676,43.95227],[-69.5757,43.95677],[-69.57728,43.96704],[-69.57241,43.97351],[-69.57512,43.97592],[-69.57372,43.9798],[-69.56973,43.97991],[-69.56537,43.98648],[-69.55668,43.98708],[-69.5525,43.99633],[-69.54706,43.99977],[-69.54695,44.00561],[-69.5516,44.00857],[-69.54519,44.02013],[-69.54795,44.02009],[-69.54655,44.02497],[-69.54045,44.03148],[-69.53679,44.03137],[-69.5376,44.0338],[-69.51555,44.0414],[-69.5146,44.04348],[-69.52005,44.0463],[-69.53196,44.0424],[-69.52474,44.05913],[-69.51937,44.06403],[-69.50763,44.06217],[-69.51496,44.06068],[-69.51306,44.05541],[-69.51692,44.05584],[-69.5207,44.0515],[-69.51869,44.04668],[-69.51701,44.04878],[-69.51255,44.04601],[-69.51425,44.04028],[-69.53356,44.03349],[-69.53132,44.03173],[-69.53312,44.028],[-69.52787,44.02918],[-69.52869,44.02615],[-69.53717,44.0229],[-69.54285,44.01606],[-69.53701,44.0177],[-69.54289,44.01339],[-69.53514,44.01273],[-69.53585,43.99786],[-69.54718,43.99089],[-69.54993,43.98437],[-69.56411,43.97064],[-69.5637,43.96613],[-69.57029,43.96891],[-69.57203,43.9625],[-69.56469,43.96135],[-69.56813,43.95555],[-69.57396,43.95368],[-69.58029,43.94025],[-69.5792,43.9345],[-69.57105,43.93815],[-69.578,43.92954],[-69.57273,43.93243],[-69.5701,43.92843],[-69.5668,43.93073],[-69.56201,43.92469],[-69.56612,43.91268],[-69.5688,43.91224],[-69.5622,43.91108],[-69.56295,43.89851],[-69.56766,43.90173],[-69.56874,43.89763],[-69.5669,43.87692],[-69.57358,43.89067],[-69.58097,43.88787],[-69.5781,43.8749],[-69.57505,43.87752],[-69.57379,43.86657],[-69.56979,43.87235],[-69.56475,43.87345],[-69.56555,43.862],[-69.55744,43.86346],[-69.55466,43.86586],[-69.55728,43.87629],[-69.55095,43.87841],[-69.54569,43.88481],[-69.54917,43.88631],[-69.55511,43.88246],[-69.5565,43.89089],[-69.56276,43.89106],[-69.55843,43.89346],[-69.5579,43.90291],[-69.55442,43.8985],[-69.5474,43.90007],[-69.5491,43.90659],[-69.54369,43.92202],[-69.54376,43.90646],[-69.53473,43.90802],[-69.53403,43.9165],[-69.53017,43.91137],[-69.53094,43.90434],[-69.53866,43.89623],[-69.53688,43.87812],[-69.52731,43.8775],[-69.52592,43.88168],[-69.51345,43.8867],[-69.51804,43.89832],[-69.51438,43.90044],[-69.51628,43.90181],[-69.5092,43.90394],[-69.51137,43.9022],[-69.50735,43.89937],[-69.50793,43.89521],[-69.50974,43.89958],[-69.5126,43.89923],[-69.51295,43.89313],[-69.5115,43.8895],[-69.50523,43.89262],[-69.50799,43.88727],[-69.50567,43.8845],[-69.51899,43.8771],[-69.52146,43.87978],[-69.5255,43.87223],[-69.51884,43.86991],[-69.52134,43.86159],[-69.51455,43.84957],[-69.5145,43.83244],[-69.5025,43.83839],[-69.49963,43.84863],[-69.4847,43.87354],[-69.49535,43.87399],[-69.48371,43.87684],[-69.47733,43.89061],[-69.47596,43.88343],[-69.45924,43.90327],[-69.4609,43.90946],[-69.45053,43.93667],[-69.45365,43.94173],[-69.45965,43.93733],[-69.45965,43.94404],[-69.45508,43.9467],[-69.45277,43.94387],[-69.44749,43.94777],[-69.44104,43.96562],[-69.44631,43.96688],[-69.4324,43.98245],[-69.42972,43.9888],[-69.43248,43.99163],[-69.42372,43.99834],[-69.42096,43.99747],[-69.42069,43.9943],[-69.42421,43.99655],[-69.42669,43.98993],[-69.42575,43.98655],[-69.42301,43.98907],[-69.42637,43.98042],[-69.42117,43.97982],[-69.40504,43.99684],[-69.39362,44.0029],[-69.38987,44.01135],[-69.3911,44.01729],[-69.39635,44.01809],[-69.39609,44.02181],[-69.41169,44.01775],[-69.40931,44.02051],[-69.41279,44.02971],[-69.40302,44.03398],[-69.396,44.03252],[-69.39117,44.05099],[-69.38708,44.05213],[-69.3881,44.04835],[-69.38342,44.05098],[-69.38207,44.04817],[-69.38835,44.04554],[-69.38285,44.04385],[-69.38915,44.03959],[-69.38916,44.03471],[-69.38665,44.03122],[-69.38208,44.03449],[-69.3796,44.03542],[-69.37873,44.03506],[-69.38918,44.02915],[-69.38874,44.02591],[-69.38434,44.02419],[-69.37057,44.03476],[-69.37036,44.03961],[-69.37389,44.04039],[-69.36945,44.0453],[-69.37269,44.05245],[-69.36935,44.05397],[-69.37546,44.05862],[-69.37532,44.06287],[-69.38513,44.06634],[-69.39469,44.06538],[-69.39153,44.0685],[-69.39451,44.07041],[-69.39333,44.0735],[-69.38872,44.07575],[-69.384,44.08316],[-69.38499,44.08685],[-69.3791,44.08923],[-69.37767,44.09326],[-69.37526,44.0899],[-69.38045,44.08649],[-69.38434,44.07636],[-69.37696,44.07225],[-69.37858,44.0683],[-69.36766,44.06639],[-69.35757,44.05834],[-69.35531,44.06289],[-69.34944,44.06518],[-69.35007,44.05989],[-69.34523,44.05599],[-69.35007,44.05141],[-69.34745,44.04719],[-69.34931,44.04297],[-69.33996,44.04882],[-69.34048,44.0429],[-69.35081,44.03702],[-69.34739,44.03409],[-69.34936,44.0314],[-69.35888,44.0326],[-69.37122,44.01993],[-69.3756,44.02202],[-69.3803,44.01286],[-69.37096,44.01894],[-69.35694,44.01307],[-69.35665,44.01853],[-69.35173,44.02244],[-69.35394,44.01571],[-69.3475,44.01987],[-69.34254,44.01805],[-69.34951,44.0118],[-69.34522,44.01666],[-69.34788,44.01759],[-69.36225,44.00608],[-69.35598,44.00458],[-69.37008,43.97777],[-69.36459,43.97936],[-69.3693,43.97228],[-69.36792,43.96535],[-69.35413,43.97295],[-69.35726,43.97775],[-69.34944,43.98424],[-69.34307,43.98171],[-69.34561,43.96935],[-69.33118,43.97469],[-69.3263,43.9809],[-69.32459,43.97934],[-69.3301,43.97371],[-69.32592,43.97085],[-69.31656,43.98021],[-69.32033,43.99147],[-69.31593,43.99474],[-69.31776,43.99021],[-69.31004,43.98884],[-69.30653,43.99343],[-69.30409,43.99015],[-69.29193,44.00438],[-69.29318,43.99598],[-69.3099,43.98332],[-69.30808,43.97865],[-69.30077,43.98629],[-69.29903,43.98484],[-69.31271,43.96596],[-69.31178,43.96137],[-69.30462,43.96441],[-69.30401,43.96802],[-69.3017,43.9648],[-69.30727,43.95368],[-69.29066,43.96022],[-69.28547,43.95805],[-69.28104,43.96657],[-69.28261,43.96841],[-69.27539,43.97171],[-69.28181,43.97155],[-69.28811,43.97683],[-69.28762,43.97973],[-69.28395,43.97742],[-69.27998,43.98105],[-69.28529,43.9855],[-69.28267,43.98937],[-69.27972,43.98609],[-69.28104,43.99285],[-69.27838,43.99611],[-69.27609,43.99664],[-69.27854,43.98665],[-69.27129,43.98252],[-69.27559,43.98013],[-69.27083,43.9785],[-69.26557,43.98194],[-69.26429,43.97962],[-69.25912,43.98371],[-69.25882,43.99057],[-69.2518,43.99449],[-69.25465,44.00083],[-69.24976,43.99878],[-69.24442,44.00167],[-69.24802,44.00547],[-69.24275,44.01406],[-69.2462,44.02007],[-69.23601,44.01697],[-69.23609,44.01277],[-69.23198,44.01048],[-69.21746,44.0175],[-69.21135,44.02938],[-69.20312,44.0372],[-69.20598,44.03852],[-69.20216,44.04359],[-69.21004,44.05131],[-69.20304,44.05131],[-69.19889,44.04707],[-69.1946,44.05086],[-69.18998,44.06394],[-69.17327,44.07482],[-69.16423,44.06884],[-69.17541,44.0562],[-69.17946,44.06169],[-69.18472,44.05435],[-69.18389,44.05063],[-69.18934,44.04853],[-69.18624,44.04333],[-69.18733,44.03859],[-69.19754,44.03337],[-69.19669,44.02982],[-69.20039,44.02583],[-69.20783,44.025],[-69.20706,44.01904],[-69.22348,44.00427],[-69.22074,44.00298],[-69.20194,44.012],[-69.21587,44.00358],[-69.21884,43.99903],[-69.21397,43.99901],[-69.21444,43.99429],[-69.21996,43.99213],[-69.21979,43.99711],[-69.23095,43.9974],[-69.23484,43.99188],[-69.23366,43.98877],[-69.23804,43.98814],[-69.23472,43.98342],[-69.23709,43.97723],[-69.24061,43.9841],[-69.2517,43.98551],[-69.25034,43.98106],[-69.25403,43.98126],[-69.25761,43.97637],[-69.25491,43.97217],[-69.25992,43.96765],[-69.26422,43.96909],[-69.26437,43.96414],[-69.25448,43.95622],[-69.266,43.95801],[-69.27252,43.95544],[-69.27632,43.9493],[-69.26596,43.94514],[-69.26737,43.93962],[-69.27274,43.93656],[-69.26503,43.93303],[-69.25834,43.92521],[-69.26201,43.91679],[-69.24323,43.92504],[-69.24406,43.93126],[-69.2297,43.93273],[-69.22884,43.93943],[-69.23194,43.93996],[-69.23002,43.94292],[-69.22375,43.94183],[-69.22267,43.93749],[-69.22574,43.93656],[-69.22306,43.93425],[-69.21818,43.93507],[-69.2151,43.9307],[-69.21113,43.93261],[-69.21407,43.93634],[-69.20221,43.94321],[-69.19147,43.95908],[-69.20266,43.9626],[-69.21099,43.96046],[-69.21173,43.95629],[-69.21573,43.96088],[-69.20682,43.96587],[-69.19441,43.96703],[-69.20028,43.97309],[-69.196,43.97274],[-69.19018,43.98329],[-69.20421,43.98391],[-69.19707,43.98503],[-69.19395,43.99799],[-69.18941,43.99783],[-69.19175,43.99992],[-69.19005,44.00281],[-69.18814,43.99809],[-69.18883,43.99196],[-69.17188,43.99043],[-69.17366,43.99409],[-69.17104,43.99499],[-69.17611,43.99758],[-69.1708,43.99848],[-69.168,44.00387],[-69.17387,44.00444],[-69.16002,44.00628]]]},"properties":{}},{"type":"Feature","geometry":{"type":"Polygon","coordinates":[[[-70.1228,43.7019],[-70.114,43.70602],[-70.10966,43.70905],[-70.11618,43.70958],[-70.1228,43.7019]]]},"properties":{}},{"type":"Feature","geometry":{"type":"Polygon","coordinates":[[[-70.1762,43.66247],[-70.18391,43.65165],[-70.20055,43.65241],[-70.19981,43.66228],[-70.18199,43.67527],[-70.18364,43.66784],[-70.1762,43.66247]]]},"properties":{}},{"type":"Feature","geometry":{"type":"Polygon","coordinates":[[[-70.19327,43.71161],[-70.19677,43.71155],[-70.19534,43.71814],[-70.18643,43.72345],[-70.19327,43.71161]]]},"properties":{}},{"type":"Feature","geometry":{"type":"Polygon","coordinates":[[[-69.68075,43.92338],[-69.6761,43.92872],[-69.67744,43.9423],[-69.6696,43.95332],[-69.66936,43.9608],[-69.67282,43.9617],[-69.66304,43.97475],[-69.65714,43.98976],[-69.67263,43.97356],[-69.69438,43.93391],[-69.70817,43.91719],[-69.71613,43.89328],[-69.7144,43.90778],[-69.72494,43.906],[-69.73707,43.89308],[-69.73644,43.88991],[-69.73229,43.89286],[-69.7284,43.89127],[-69.73122,43.88017],[-69.72515,43.87616],[-69.71973,43.85322],[-69.71446,43.85176],[-69.71569,43.85489],[-69.70941,43.85406],[-69.70637,43.85834],[-69.70419,43.87807],[-69.70038,43.87167],[-69.69731,43.8926],[-69.69246,43.9035],[-69.69446,43.91901],[-69.68663,43.9224],[-69.68108,43.92941],[-69.68075,43.92338]]]},"properties":{}},{"type":"Feature","geometry":{"type":"Polygon","coordinates":[[[-69.30641,43.91541],[-69.31294,43.91139],[-69.31574,43.91366],[-69.31148,43.9192],[-69.30641,43.91541]]]},"properties":{}},{"type":"Feature","geometry":{"type":"Polygon","coordinates":[[[-69.36275,43.92722],[-69.3659,43.92765],[-69.36994,43.9288],[-69.36765,43.9247],[-69.36275,43.92722]]]},"properties":{}},{"type":"Feature","geometry":{"type":"Polygon","coordinates":[[[-69.56286,43.82556],[-69.56505,43.82495],[-69.56614,43.83171],[-69.56406,43.83102],[-69.56286,43.82556]]]},"properties":{}},{"type":"Feature","geometry":{"type":"Polygon","coordinates":[[[-69.61848,43.75597],[-69.60983,43.7792],[-69.60468,43.77946],[-69.61147,43.76749],[-69.61094,43.75533],[-69.61402,43.75131],[-69.61428,43.75807],[-69.61679,43.75351],[-69.61848,43.75597]]]},"properties":{}},{"type":"Feature","geometry":{"type":"Polygon","coordinates":[[[-69.39475,43.96989],[-69.38392,43.97514],[-69.38455,43.97938],[-69.3798,43.98674],[-69.37879,43.99673],[-69.38377,43.99761],[-69.38102,44.00656],[-69.38538,44.00224],[-69.3885,44.00478],[-69.39579,43.99654],[-69.39827,43.98255],[-69.39624,43.97927],[-69.39148,43.97992],[-69.39446,43.97765],[-69.3923,43.97152],[-69.39475,43.96989]]]},"properties":{}},{"type":"Feature","geometry":{"type":"Polygon","coordinates":[[[-69.31216,43.87846],[-69.31447,43.88295],[-69.31826,43.88081],[-69.31581,43.87583],[-69.31216,43.87846]]]},"properties":{}},{"type":"Feature","geometry":{"type":"Polygon","coordinates":[[[-69.54992,43.89459],[-69.55153,43.89098],[-69.54768,43.88829],[-69.54636,43.89177],[-69.54992,43.89459]]]},"properties":{}},{"type":"Feature","geometry":{"type":"Polygon","coordinates":[[[-69.37842,43.9031],[-69.3767,43.90829],[-69.37839,43.91429],[-69.38495,43.90896],[-69.38196,43.90629],[-69.38257,43.90133],[-69.37842,43.9031]]]},"properties":{}},{"type":"Feature","geometry":{"type":"Polygon","coordinates":[[[-69.31967,43.94378],[-69.30901,43.95373],[-69.29212,43.95612],[-69.30001,43.94852],[-69.30166,43.95202],[-69.30736,43.94787],[-69.30788,43.94327],[-69.31693,43.94107],[-69.31967,43.94378]]]},"properties":{}},{"type":"Feature","geometry":{"type":"Polygon","coordinates":[[[-69.29831,43.86541],[-69.29535,43.87553],[-69.29049,43.87157],[-69.28412,43.87347],[-69.28243,43.86504],[-69.29456,43.86259],[-69.29831,43.86541]]]},"properties":{}},{"type":"Feature","geometry":{"type":"Polygon","coordinates":[[[-69.31414,43.90233],[-69.32274,43.90013],[-69.31001,43.8942],[-69.3096,43.8967],[-69.31414,43.90233]]]},"properties":{}},{"type":"Feature","geometry":{"type":"Polygon","coordinates":[[[-70.73953,43.0733],[-70.7483,43.07405],[-70.74896,43.0756],[-70.74187,43.07514],[-70.73953,43.0733]]]},"properties":{}},{"type":"Feature","geometry":{"type":"Polygon","coordinates":[[[-69.87758,43.81712],[-69.88098,43.83811],[-69.88225,43.83831],[-69.88367,43.82977],[-69.87758,43.81712]]]},"properties":{}},{"type":"Feature","geometry":{"type":"Polygon","coordinates":[[[-69.77663,43.77079],[-69.7804,43.76698],[-69.77968,43.75614],[-69.77715,43.7604],[-69.77663,43.77079]]]},"properties":{}},{"type":"Feature","geometry":{"type":"Polygon","coordinates":[[[-69.40766,43.98494],[-69.40811,43.98928],[-69.41333,43.98187],[-69.40766,43.98494]]]},"properties":{}},{"type":"Feature","geometry":{"type":"Polygon","coordinates":[[[-69.32444,43.76644],[-69.32388,43.76362],[-69.32735,43.76168],[-69.32779,43.76433],[-69.32444,43.76644]]]},"properties":{}},{"type":"Feature","geometry":{"type":"Polygon","coordinates":[[[-69.31891,43.96733],[-69.32001,43.97026],[-69.31214,43.97582],[-69.31522,43.9709],[-69.3101,43.97292],[-69.31176,43.97034],[-69.31891,43.96733]]]},"properties":{}},{"type":"Feature","geometry":{"type":"Polygon","coordinates":[[[-69.55475,43.83476],[-69.5517,43.83664],[-69.55062,43.85377],[-69.54601,43.85994],[-69.54891,43.86627],[-69.55363,43.86105],[-69.56235,43.85917],[-69.56719,43.84634],[-69.56416,43.84313],[-69.55289,43.8535],[-69.55164,43.84553],[-69.55779,43.84302],[-69.55475,43.83476]]]},"properties":{}},{"type":"Feature","geometry":{"type":"Polygon","coordinates":[[[-69.30453,43.89067],[-69.30952,43.88603],[-69.30847,43.8838],[-69.30563,43.88433],[-69.30453,43.89067]]]},"properties":{}},{"type":"Feature","geometry":{"type":"Polygon","coordinates":[[[-70.73001,43.07195],[-70.7087,43.07211],[-70.7129,43.06822],[-70.71176,43.05685],[-70.73359,43.06065],[-70.73614,43.06495],[-70.72634,43.06582],[-70.73001,43.07195]]]},"properties":{}},{"type":"Feature","geometry":{"type":"Polygon","coordinates":[[[-69.80764,43.83064],[-69.80003,43.83344],[-69.80524,43.82476],[-69.80764,43.83064]]]},"properties":{}},{"type":"Feature","geometry":{"type":"Polygon","coordinates":[[[-70.23825,43.5466],[-70.22758,43.54673],[-70.22396,43.54],[-70.23768,43.53867],[-70.24235,43.54285],[-70.23825,43.5466]]]},"properties":{}},{"type":"Feature","geometry":{"type":"Polygon","coordinates":[[[-70.7356,43.07491],[-70.72327,43.08091],[-70.73905,43.08434],[-70.74751,43.08078],[-70.73976,43.07948],[-70.7356,43.07491]]]},"properties":{}},{"type":"Feature","geometry":{"type":"Polygon","coordinates":[[[-69.75597,43.74569],[-69.75319,43.74887],[-69.75025,43.74799],[-69.7546,43.74257],[-69.75597,43.74569]]]},"properties":{}},{"type":"Feature","geometry":{"type":"Polygon","coordinates":[[[-68.02176,44.47895],[-68.01252,44.47687],[-68.01041,44.46647],[-68.00547,44.46386],[-68.00367,44.468],[-68.0,44.46557],[-68.0,44.83333],[-69.15213,44.83333],[-69.15213,44.00096],[-69.1495,44.00213],[-69.14951,43.99807],[-69.14162,44.00187],[-69.1389,44.00756],[-69.13867,44.00419],[-69.13344,44.00336],[-69.12828,44.01032],[-69.12342,44.00658],[-69.12908,44.0162],[-69.11327,44.02886],[-69.11362,44.03606],[-69.11983,44.03253],[-69.12235,44.03303],[-69.1189,44.0344],[-69.12213,44.03963],[-69.13199,44.03372],[-69.13621,44.03462],[-69.13264,44.03657],[-69.12613,44.05104],[-69.14193,44.06867],[-69.12737,44.05828],[-69.12585,44.05168],[-69.12116,44.0508],[-69.12806,44.04316],[-69.12666,44.04107],[-69.1183,44.04196],[-69.10763,44.04929],[-69.10586,44.04656],[-69.11224,44.04297],[-69.11193,44.03742],[-69.1049,44.03818],[-69.09903,44.03442],[-69.09356,44.0405],[-69.07952,44.04199],[-69.07345,44.04616],[-69.07975,44.0552],[-69.07642,44.05946],[-69.07943,44.05977],[-69.07964,44.06324],[-69.07037,44.05894],[-69.07052,44.06644],[-69.05822,44.07027],[-69.05322,44.07765],[-69.05331,44.08597],[-69.04811,44.08545],[-69.0437,44.09214],[-69.04914,44.09558],[-69.05417,44.09197],[-69.05493,44.09497],[-69.05995,44.09493],[-69.0584,44.09188],[-69.06291,44.08861],[-69.06554,44.0915],[-69.07607,44.09128],[-69.10453,44.0781],[-69.10278,44.08663],[-69.1073,44.09025],[-69.10117,44.0936],[-69.10605,44.10063],[-69.09929,44.10459],[-69.10343,44.10766],[-69.10783,44.1062],[-69.10748,44.1086],[-69.10046,44.11298],[-69.09808,44.11898],[-69.09369,44.11965],[-69.08579,44.11374],[-69.07896,44.11778],[-69.07577,44.13382],[-69.08459,44.13498],[-69.09034,44.13164],[-69.09225,44.13466],[-69.07928,44.14374],[-69.08177,44.14504],[-69.07744,44.15041],[-69.08125,44.1568],[-69.0737,44.17537],[-69.07428,44.18545],[-69.07178,44.18631],[-69.06036,44.17218],[-69.06048,44.16841],[-69.05722,44.17307],[-69.05387,44.17203],[-69.05696,44.1837],[-69.05132,44.19581],[-69.06072,44.20719],[-69.05114,44.21679],[-69.04826,44.2158],[-69.04951,44.21205],[-69.04525,44.21104],[-69.03963,44.2348],[-69.00605,44.27287],[-69.00762,44.2823],[-69.00129,44.29064],[-69.00315,44.29589],[-68.98457,44.29912],[-68.98041,44.29476],[-68.96209,44.3092],[-68.95864,44.31501],[-68.96065,44.31696],[-68.95316,44.32791],[-68.95218,44.33609],[-68.95542,44.33918],[-68.94936,44.34003],[-68.94864,44.35677],[-68.96792,44.38109],[-68.97758,44.38572],[-68.9835,44.38501],[-68.98802,44.39329],[-68.98228,44.39957],[-68.99504,44.42118],[-69.00938,44.42974],[-69.03371,44.45246],[-69.02314,44.44761],[-69.02062,44.44181],[-69.0077,44.43686],[-69.00694,44.43329],[-68.98566,44.42617],[-68.9741,44.42589],[-68.95094,44.43079],[-68.94394,44.42819],[-68.93275,44.43765],[-68.92711,44.44619],[-68.92711,44.45221],[-68.92185,44.45712],[-68.90942,44.45474],[-68.90709,44.45121],[-68.89831,44.45198],[-68.89701,44.4684],[-68.88356,44.4617],[-68.87856,44.46405],[-68.87333,44.47283],[-68.86131,44.47956],[-68.85461,44.47832],[-68.84953,44.48382],[-68.8456,44.4773],[-68.85609,44.46743],[-68.86244,44.44867],[-68.85939,44.44157],[-68.85745,44.44533],[-68.83348,44.45641],[-68.829,44.46166],[-68.80942,44.46776],[-68.81225,44.47002],[-68.82627,44.46795],[-68.83764,44.48399],[-68.82671,44.49542],[-68.82229,44.49233],[-68.81705,44.49915],[-68.80818,44.498],[-68.8094,44.5009],[-68.80572,44.50494],[-68.81018,44.51283],[-68.80623,44.51643],[-68.80625,44.52417],[-68.80849,44.52377],[-68.80573,44.54508],[-68.80834,44.55326],[-68.80031,44.5651],[-68.82001,44.57615],[-68.82931,44.59467],[-68.83642,44.60054],[-68.84406,44.602],[-68.85072,44.60098],[-68.85782,44.59593],[-68.8581,44.59121],[-68.85954,44.59338],[-68.86164,44.59142],[-68.85512,44.58107],[-68.85264,44.5693],[-68.85703,44.56144],[-68.85376,44.56907],[-68.85932,44.57882],[-68.85691,44.58001],[-68.86405,44.58832],[-68.86304,44.59539],[-68.86655,44.59843],[-68.87465,44.60984],[-68.8657,44.60244],[-68.8653,44.59886],[-68.8614,44.59867],[-68.86465,44.59786],[-68.85869,44.59764],[-68.85571,44.60503],[-68.86024,44.61574],[-68.84054,44.63685],[-68.83579,44.65313],[-68.82538,44.66385],[-68.82943,44.66776],[-68.82336,44.66793],[-68.82341,44.67149],[-68.81872,44.6681],[-68.81482,44.67067],[-68.81846,44.68447],[-68.84739,44.69465],[-68.8437,44.69883],[-68.83811,44.69799],[-68.84295,44.71169],[-68.8343,44.72131],[-68.83539,44.73635],[-68.83014,44.74455],[-68.83356,44.7481],[-68.828,44.74565],[-68.80044,44.7659],[-68.79997,44.76296],[-68.79016,44.76718],[-68.78731,44.77625],[-68.7766,44.78404],[-68.7695,44.79926],[-68.75007,44.8076],[-68.75031,44.80446],[-68.76769,44.79527],[-68.77208,44.78447],[-68.78529,44.7732],[-68.786,44.76599],[-68.80912,44.75556],[-68.81277,44.74997],[-68.82847,44.74081],[-68.82867,44.71997],[-68.83893,44.70821],[-68.8345,44.7039],[-68.82858,44.70388],[-68.83387,44.69265],[-68.82038,44.68957],[-68.81969,44.69366],[-68.81336,44.68822],[-68.80838,44.66893],[-68.8194,44.66367],[-68.84178,44.62519],[-68.83906,44.61968],[-68.82502,44.61271],[-68.82288,44.60532],[-68.81437,44.59693],[-68.81658,44.59546],[-68.81241,44.59401],[-68.8074,44.57376],[-68.76982,44.5674],[-68.76807,44.56148],[-68.76329,44.56092],[-68.76232,44.53941],[-68.75758,44.53601],[-68.74523,44.5567],[-68.74767,44.56236],[-68.74494,44.56469],[-68.74654,44.57008],[-68.74305,44.56757],[-68.74501,44.58218],[-68.73849,44.58302],[-68.74305,44.58109],[-68.74234,44.56683],[-68.74416,44.56222],[-68.74103,44.55158],[-68.74495,44.55005],[-68.74352,44.54577],[-68.75018,44.53453],[-68.74992,44.52616],[-68.75423,44.5212],[-68.7562,44.51125],[-68.77669,44.49449],[-68.77726,44.48509],[-68.78404,44.47314],[-68.78275,44.44737],[-68.79116,44.45169],[-68.79767,44.45012],[-68.80098,44.43452],[-68.81571,44.42687],[-68.82149,44.40673],[-68.81846,44.40259],[-68.8096,44.40529],[-68.80805,44.40292],[-68.81253,44.39508],[-68.82094,44.39481],[-68.82074,44.38399],[-68.8187,44.38119],[-68.81026,44.38121],[-68.79683,44.38646],[-68.789,44.39378],[-68.78824,44.39974],[-68.80438,44.39652],[-68.80394,44.39916],[-68.78929,44.40402],[-68.78022,44.40128],[-68.77137,44.41001],[-68.76483,44.4282],[-68.75813,44.42617],[-68.75151,44.42913],[-68.74471,44.43448],[-68.74263,44.44105],[-68.7415,44.43243],[-68.73664,44.43405],[-68.72663,44.45676],[-68.72938,44.46028],[-68.7346,44.45903],[-68.73841,44.46542],[-68.73615,44.46729],[-68.72841,44.46414],[-68.72672,44.46905],[-68.72173,44.46495],[-68.70878,44.46243],[-68.70866,44.45459],[-68.70509,44.45272],[-68.71069,44.44897],[-68.72004,44.45054],[-68.72452,44.43578],[-68.72318,44.42647],[-68.72949,44.41598],[-68.72478,44.41225],[-68.71761,44.41604],[-68.71067,44.41018],[-68.7089,44.4118],[-68.70079,44.40036],[-68.70391,44.39576],[-68.68113,44.39544],[-68.68132,44.38877],[-68.66831,44.38752],[-68.67333,44.38041],[-68.67273,44.37554],[-68.66952,44.37128],[-68.66376,44.37059],[-68.67311,44.36418],[-68.67832,44.36658],[-68.67538,44.36202],[-68.67821,44.35379],[-68.68139,44.36288],[-68.67948,44.36804],[-68.68275,44.37052],[-68.67606,44.38183],[-68.68347,44.38379],[-68.68566,44.39362],[-68.69444,44.39077],[-68.70248,44.39235],[-68.70557,44.39508],[-68.70521,44.40003],[-68.71325,44.40352],[-68.71948,44.41262],[-68.72286,44.41151],[-68.71662,44.39985],[-68.72413,44.4066],[-68.72721,44.40269],[-68.73589,44.41088],[-68.73792,44.40563],[-68.74763,44.41189],[-68.74108,44.41325],[-68.74345,44.42324],[-68.75025,44.41783],[-68.7504,44.42449],[-68.76018,44.42391],[-68.76577,44.41367],[-68.76126,44.40148],[-68.76661,44.39738],[-68.77137,44.39926],[-68.78001,44.38826],[-68.7789,44.38326],[-68.75899,44.37896],[-68.75899,44.37443],[-68.76461,44.37613],[-68.75828,44.37136],[-68.7609,44.37128],[-68.75928,44.36396],[-68.76603,44.35732],[-68.77899,44.36399],[-68.77992,44.36825],[-68.78529,44.37042],[-68.78501,44.37387],[-68.79837,44.37844],[-68.79785,44.37436],[-68.78707,44.37034],[-68.79218,44.3646],[-68.80764,44.35762],[-68.80715,44.35315],[-68.80445,44.35568],[-68.80367,44.34776],[-68.81039,44.35523],[-68.82072,44.3516],[-68.82513,44.33375],[-68.81974,44.32708],[-68.82824,44.31793],[-68.82619,44.31121],[-68.80892,44.30888],[-68.80244,44.31085],[-68.80016,44.30766],[-68.79373,44.30782],[-68.79191,44.3157],[-68.78731,44.3174],[-68.79219,44.32697],[-68.7873,44.3208],[-68.78237,44.31909],[-68.77955,44.32229],[-68.77434,44.31834],[-68.77053,44.32133],[-68.77267,44.33269],[-68.76899,44.34157],[-68.77746,44.34088],[-68.7653,44.34311],[-68.76787,44.34141],[-68.76542,44.33491],[-68.76831,44.32899],[-68.76687,44.32489],[-68.75982,44.33235],[-68.75947,44.34157],[-68.75264,44.34804],[-68.75467,44.34997],[-68.74989,44.34943],[-68.75328,44.33117],[-68.74388,44.33047],[-68.74567,44.33619],[-68.7417,44.34158],[-68.73484,44.33909],[-68.72746,44.33406],[-68.73329,44.33201],[-68.73231,44.3258],[-68.69451,44.30715],[-68.6927,44.30411],[-68.69736,44.30399],[-68.6882,44.29647],[-68.68273,44.29749],[-68.68348,44.30208],[-68.67999,44.30501],[-68.66811,44.29411],[-68.63121,44.28604],[-68.63145,44.29399],[-68.62657,44.3016],[-68.62137,44.29718],[-68.62169,44.30074],[-68.61118,44.30807],[-68.61278,44.30084],[-68.62522,44.28751],[-68.62528,44.2789],[-68.59468,44.27177],[-68.59159,44.26843],[-68.59599,44.26835],[-68.58918,44.26442],[-68.57267,44.26018],[-68.57909,44.25854],[-68.57497,44.25686],[-68.576,44.25458],[-68.55828,44.2468],[-68.54981,44.24654],[-68.54785,44.24438],[-68.55264,44.23782],[-68.55091,44.23559],[-68.5349,44.22883],[-68.52317,44.2285],[-68.52304,44.23634],[-68.52828,44.2429],[-68.52887,44.24946],[-68.53608,44.25552],[-68.55495,44.26029],[-68.55503,44.27182],[-68.55781,44.27228],[-68.55038,44.27546],[-68.5506,44.27132],[-68.54398,44.26952],[-68.54332,44.26604],[-68.53739,44.26617],[-68.54129,44.26349],[-68.51892,44.25926],[-68.51951,44.26573],[-68.5279,44.27548],[-68.53187,44.28573],[-68.52867,44.29396],[-68.53073,44.29982],[-68.53862,44.30126],[-68.53625,44.28921],[-68.55011,44.2914],[-68.56407,44.30893],[-68.56663,44.31767],[-68.56312,44.33428],[-68.54514,44.35516],[-68.55084,44.37188],[-68.56037,44.37341],[-68.57142,44.34658],[-68.5816,44.33826],[-68.58582,44.32938],[-68.58839,44.33374],[-68.58385,44.33853],[-68.58122,44.35482],[-68.57314,44.3523],[-68.57456,44.36156],[-68.56753,44.3648],[-68.56516,44.37701],[-68.56109,44.38137],[-68.56711,44.38566],[-68.56488,44.39518],[-68.56895,44.39696],[-68.56303,44.39884],[-68.56411,44.4031],[-68.56883,44.40541],[-68.57282,44.40204],[-68.5832,44.40596],[-68.58578,44.41274],[-68.57841,44.41283],[-68.57217,44.40866],[-68.56966,44.4098],[-68.57103,44.414],[-68.56062,44.40422],[-68.5491,44.40375],[-68.5388,44.3989],[-68.52606,44.39956],[-68.51929,44.41027],[-68.52424,44.41708],[-68.51846,44.41293],[-68.51544,44.41566],[-68.50324,44.41244],[-68.49886,44.4154],[-68.49568,44.42473],[-68.49711,44.43104],[-68.48892,44.43404],[-68.48761,44.44518],[-68.4816,44.4558],[-68.47258,44.44696],[-68.47711,44.44543],[-68.47487,44.43286],[-68.47591,44.42898],[-68.47918,44.42951],[-68.47288,44.40327],[-68.47972,44.39922],[-68.48267,44.38847],[-68.47903,44.38001],[-68.4674,44.37664],[-68.46711,44.37985],[-68.45931,44.38513],[-68.46276,44.38701],[-68.46345,44.39919],[-68.4567,44.41349],[-68.47124,44.44016],[-68.45869,44.44673],[-68.45812,44.4532],[-68.4686,44.46654],[-68.46892,44.48052],[-68.47377,44.4867],[-68.50355,44.49288],[-68.46726,44.4938],[-68.46613,44.49026],[-68.43789,44.48245],[-68.43859,44.49232],[-68.43201,44.49922],[-68.43501,44.5057],[-68.42882,44.51003],[-68.4267,44.52687],[-68.42388,44.52009],[-68.4261,44.51157],[-68.43263,44.5044],[-68.42266,44.49701],[-68.42488,44.47989],[-68.42152,44.47115],[-68.42728,44.47081],[-68.42919,44.46463],[-68.42592,44.4372],[-68.43154,44.4302],[-68.43352,44.41431],[-68.42955,44.40955],[-68.43452,44.40149],[-68.42897,44.39685],[-68.4158,44.39831],[-68.40824,44.40857],[-68.40371,44.40888],[-68.3927,44.41764],[-68.39287,44.43588],[-68.37866,44.43182],[-68.37335,44.42417],[-68.37291,44.43045],[-68.36721,44.43192],[-68.35486,44.44419],[-68.35411,44.4596],[-68.36,44.47035],[-68.35843,44.47647],[-68.36126,44.47772],[-68.35638,44.48022],[-68.35474,44.49435],[-68.34763,44.49061],[-68.35579,44.47482],[-68.35437,44.46332],[-68.34548,44.45385],[-68.33001,44.4504],[-68.32373,44.46283],[-68.29853,44.4504],[-68.28159,44.45242],[-68.26961,44.45924],[-68.27171,44.46426],[-68.27296,44.4595],[-68.27939,44.4622],[-68.28431,44.45928],[-68.2949,44.47214],[-68.29224,44.47546],[-68.28403,44.47416],[-68.28211,44.47114],[-68.26668,44.47257],[-68.26326,44.4799],[-68.26634,44.48931],[-68.27187,44.4919],[-68.26834,44.49417],[-68.29902,44.51023],[-68.30262,44.4935],[-68.30473,44.50209],[-68.3195,44.50635],[-68.30704,44.50612],[-68.3049,44.51106],[-68.31728,44.51682],[-68.30733,44.51534],[-68.31779,44.52124],[-68.31267,44.52192],[-68.30751,44.51815],[-68.30435,44.51984],[-68.30566,44.52589],[-68.31543,44.53041],[-68.31892,44.52763],[-68.32171,44.53784],[-68.30733,44.53093],[-68.30668,44.53607],[-68.30018,44.53192],[-68.29473,44.52299],[-68.30123,44.52464],[-68.30005,44.5205],[-68.29164,44.51348],[-68.27539,44.51105],[-68.27561,44.51652],[-68.27965,44.52058],[-68.27138,44.52048],[-68.26871,44.52501],[-68.2655,44.52447],[-68.26994,44.51841],[-68.26236,44.51784],[-68.26355,44.51415],[-68.26061,44.51098],[-68.2552,44.512],[-68.26973,44.5043],[-68.26228,44.49664],[-68.26145,44.48902],[-68.2309,44.4642],[-68.22546,44.46498],[-68.23025,44.47927],[-68.22389,44.48639],[-68.22684,44.49319],[-68.21864,44.4939],[-68.22138,44.49764],[-68.21585,44.50537],[-68.21319,44.51669],[-68.25737,44.53723],[-68.26751,44.53581],[-68.27158,44.54457],[-68.27733,44.54211],[-68.28471,44.55613],[-68.293,44.55719],[-68.29177,44.56296],[-68.28536,44.56162],[-68.28251,44.56573],[-68.27326,44.55818],[-68.266,44.55928],[-68.26865,44.56444],[-68.26787,44.57465],[-68.24731,44.57858],[-68.24737,44.58676],[-68.24176,44.57906],[-68.23539,44.58618],[-68.23239,44.58209],[-68.2198,44.58095],[-68.21206,44.57549],[-68.21613,44.57119],[-68.22658,44.57127],[-68.23434,44.57461],[-68.23448,44.57917],[-68.23685,44.57933],[-68.24538,44.56798],[-68.25316,44.56941],[-68.25615,44.56082],[-68.25419,44.55822],[-68.25927,44.55648],[-68.25619,44.55288],[-68.25179,44.55519],[-68.24929,44.54716],[-68.25133,44.53986],[-68.23542,44.52968],[-68.21856,44.52526],[-68.22223,44.52175],[-68.21435,44.52378],[-68.21239,44.5204],[-68.20062,44.52075],[-68.19699,44.51616],[-68.18317,44.51367],[-68.20159,44.51103],[-68.19604,44.49156],[-68.18741,44.48729],[-68.18155,44.47644],[-68.19337,44.47206],[-68.16962,44.47035],[-68.16212,44.47331],[-68.1679,44.48636],[-68.16154,44.49543],[-68.16433,44.49913],[-68.16355,44.5029],[-68.15652,44.50139],[-68.1343,44.48678],[-68.14549,44.48275],[-68.1356,44.47675],[-68.13058,44.48431],[-68.12509,44.4791],[-68.11437,44.48103],[-68.09673,44.46762],[-68.098,44.46569],[-68.11416,44.46884],[-68.1193,44.45845],[-68.11656,44.42688],[-68.10929,44.41699],[-68.11334,44.40481],[-68.1096,44.39812],[-68.10084,44.39389],[-68.10419,44.38473],[-68.09334,44.37145],[-68.088,44.3724],[-68.09398,44.38908],[-68.08555,44.38617],[-68.0852,44.39313],[-68.08271,44.39331],[-68.07681,44.38492],[-68.07462,44.38656],[-68.07302,44.38474],[-68.07686,44.38379],[-68.07268,44.38225],[-68.07087,44.376],[-68.07702,44.37434],[-68.07634,44.34774],[-68.06332,44.34399],[-68.06781,44.3414],[-68.06818,44.33682],[-68.06112,44.33186],[-68.05406,44.33733],[-68.04443,44.33893],[-68.04648,44.35465],[-68.04417,44.35969],[-68.03634,44.36382],[-68.02947,44.35641],[-68.02547,44.35656],[-68.02695,44.36846],[-68.03313,44.37252],[-68.02627,44.37106],[-68.02189,44.37934],[-68.03788,44.38607],[-68.02052,44.3831],[-68.01476,44.38639],[-68.01438,44.39113],[-68.02323,44.40039],[-68.02514,44.408],[-68.01267,44.40304],[-68.00866,44.41339],[-68.0,44.40562],[-68.0,44.45224],[-68.00436,44.45544],[-68.00984,44.44933],[-68.00967,44.43659],[-68.01327,44.43402],[-68.0152,44.45348],[-68.01733,44.45905],[-68.02533,44.46292],[-68.02801,44.48468],[-68.02176,44.47895]]]},"properties":{}},{"type":"Feature","geometry":{"type":"Polygon","coordinates":[[[-68.24644,44.2753],[-68.26941,44.27579],[-68.2714,44.27288],[-68.25574,44.26969],[-68.24669,44.27178],[-68.24644,44.2753]]]},"properties":{}},{"type":"Feature","geometry":{"type":"Polygon","coordinates":[[[-68.85187,44.22851],[-68.85157,44.23502],[-68.85016,44.23689],[-68.8468,44.23106],[-68.85187,44.22851]]]},"properties":{}},{"type":"Feature","geometry":{"type":"Polygon","coordinates":[[[-68.78045,44.50294],[-68.79948,44.52931],[-68.80246,44.55684],[-68.79128,44.56883],[-68.77684,44.5651],[-68.77246,44.54447],[-68.76863,44.5452],[-68.76518,44.53515],[-68.75697,44.53115],[-68.76229,44.51207],[-68.76867,44.50566],[-68.78045,44.50294]]]},"properties":{}},{"type":"Feature","geometry":{"type":"Polygon","coordinates":[[[-69.1239,44.00513],[-69.12024,44.00353],[-69.12125,44.00044],[-69.11128,44.00075],[-69.10994,43.99801],[-69.11366,43.99508],[-69.12551,43.9965],[-69.12759,44.00104],[-69.1239,44.00513]]]},"properties":{}},{"type":"Feature","geometry":{"type":"Polygon","coordinates":[[[-68.20453,44.47489],[-68.21127,44.47389],[-68.21386,44.4763],[-68.2045,44.47753],[-68.20453,44.47489]]]},"properties":{}},{"type":"Feature","geometry":{"type":"Polygon","coordinates":[[[-68.79807,44.04327],[-68.79992,44.04968],[-68.79397,44.04968],[-68.79807,44.04327]]]},"properties":{}},{"type":"Feature","geometry":{"type":"Polygon","coordinates":[[[-68.56662,44.21743],[-68.56162,44.21472],[-68.56042,44.21319],[-68.56497,44.21212],[-68.57144,44.21591],[-68.56662,44.21743]]]},"properties":{}},{"type":"Feature","geometry":{"type":"Polygon","coordinates":[[[-68.96102,44.18985],[-68.96534,44.19746],[-68.96279,44.20138],[-68.95757,44.20188],[-68.95792,44.19238],[-68.96102,44.18985]]]},"properties":{}},{"type":"Feature","geometry":{"type":"Polygon","coordinates":[[[-68.46293,44.26018],[-68.45419,44.25625],[-68.45948,44.25405],[-68.46293,44.26018]]]},"properties":{}},{"type":"Feature","geometry":{"type":"Polygon","coordinates":[[[-68.304,44.27756],[-68.29723,44.27743],[-68.2905,44.27636],[-68.30387,44.28408],[-68.304,44.27756]]]},"properties":{}},{"type":"Feature","geometry":{"type":"Polygon","coordinates":[[[-68.34222,44.42893],[-68.34564,44.43411],[-68.34543,44.43695],[-68.33853,44.43222],[-68.34222,44.42893]]]},"properties":{}},{"type":"Feature","geometry":{"type":"Polygon","coordinates":[[[-68.17928,44.38895],[-68.17925,44.38634],[-68.1844,44.38657],[-68.18324,44.38872],[-68.17928,44.38895]]]},"properties":{}},{"type":"Feature","geometry":{"type":"Polygon","coordinates":[[[-68.09692,44.36225],[-68.10499,44.3641],[-68.10187,44.35636],[-68.09553,44.35222],[-68.09369,44.35574],[-68.09692,44.36225]]]},"properties":{}},{"type":"Feature","geometry":{"type":"Polygon","coordinates":[[[-68.24588,44.16998],[-68.24899,44.176],[-68.24065,44.17625],[-68.24092,44.17247],[-68.24588,44.16998]]]},"properties":{}},{"type":"Feature","geometry":{"type":"Polygon","coordinates":[[[-68.53036,44.22635],[-68.52947,44.22306],[-68.5395,44.22472],[-68.53555,44.22636],[-68.53036,44.22635]]]},"properties":{}},{"type":"Feature","geometry":{"type":"Polygon","coordinates":[[[-68.30247,44.30262],[-68.30474,44.29473],[-68.29928,44.29306],[-68.29664,44.28799],[-68.28363,44.28473],[-68.27959,44.28728],[-68.28517,44.29596],[-68.2834,44.30135],[-68.27595,44.29024],[-68.26058,44.28802],[-68.25359,44.29255],[-68.25017,44.2883],[-68.24392,44.28812],[-68.24137,44.2896],[-68.24495,44.29279],[-68.24041,44.29558],[-68.23266,44.28808],[-68.22464,44.29116],[-68.21844,44.29889],[-68.21325,44.29647],[-68.20247,44.30218],[-68.1995,44.31674],[-68.19383,44.30665],[-68.18995,44.30674],[-68.18769,44.31013],[-68.19038,44.31529],[-68.18352,44.32803],[-68.17833,44.32505],[-68.1733,44.32896],[-68.17597,44.33244],[-68.17419,44.34481],[-68.18148,44.35279],[-68.18456,44.36965],[-68.19249,44.38006],[-68.19708,44.38046],[-68.19569,44.38458],[-68.20186,44.39167],[-68.21465,44.39146],[-68.24906,44.41462],[-68.24912,44.41772],[-68.24237,44.42154],[-68.24855,44.43407],[-68.26975,44.44],[-68.28478,44.43429],[-68.28531,44.43119],[-68.31738,44.44464],[-68.33222,44.43532],[-68.33352,44.42883],[-68.33932,44.42259],[-68.34814,44.42323],[-68.34908,44.42848],[-68.36173,44.4264],[-68.36754,44.42999],[-68.36604,44.42198],[-68.36902,44.4203],[-68.36468,44.40915],[-68.36097,44.40542],[-68.34968,44.40307],[-68.35539,44.40047],[-68.3611,44.38923],[-68.36945,44.39375],[-68.37492,44.39243],[-68.37922,44.38187],[-68.39798,44.37644],[-68.39313,44.36041],[-68.39839,44.36415],[-68.40435,44.35428],[-68.41087,44.35642],[-68.41713,44.34078],[-68.42155,44.33687],[-68.41693,44.33272],[-68.41248,44.34256],[-68.40706,44.34058],[-68.40814,44.32178],[-68.4131,44.32335],[-68.41586,44.32126],[-68.41387,44.31877],[-68.42021,44.31935],[-68.42373,44.31634],[-68.42193,44.31117],[-68.42793,44.31382],[-68.43173,44.31163],[-68.42871,44.30704],[-68.43209,44.30441],[-68.43106,44.29793],[-68.42712,44.29454],[-68.42499,44.28584],[-68.40756,44.28214],[-68.41407,44.27478],[-68.42057,44.27451],[-68.40517,44.26147],[-68.40689,44.25692],[-68.40408,44.25226],[-68.40053,44.25226],[-68.39636,44.26049],[-68.39139,44.25906],[-68.39035,44.25554],[-68.39483,44.25087],[-68.38851,44.24497],[-68.38126,44.25447],[-68.37781,44.2546],[-68.37862,44.24793],[-68.3655,44.23797],[-68.36878,44.23328],[-68.36281,44.22654],[-68.35906,44.23552],[-68.35067,44.23772],[-68.3556,44.24864],[-68.35101,44.24726],[-68.34875,44.25142],[-68.34547,44.24043],[-68.34822,44.23394],[-68.33606,44.2208],[-68.30859,44.22896],[-68.30781,44.23635],[-68.3014,44.23657],[-68.29053,44.24945],[-68.30134,44.26877],[-68.32537,44.27097],[-68.32227,44.27766],[-68.31009,44.27542],[-68.31951,44.2914],[-68.31761,44.29462],[-68.31319,44.2933],[-68.30939,44.29911],[-68.31233,44.30718],[-68.31798,44.30964],[-68.3119,44.32273],[-68.32476,44.34817],[-68.32572,44.35662],[-68.33397,44.35704],[-68.32881,44.36734],[-68.3241,44.36665],[-68.32329,44.3572],[-68.31117,44.36165],[-68.30693,44.35919],[-68.30591,44.35119],[-68.30928,44.34539],[-68.30499,44.33764],[-68.30603,44.31332],[-68.30247,44.30262]]]},"properties":{}},{"type":"Feature","geometry":{"type":"Polygon","coordinates":[[[-68.15481,44.41342],[-68.16427,44.40891],[-68.16913,44.40225],[-68.16507,44.40074],[-68.15481,44.41342]]]},"properties":{}},{"type":"Feature","geometry":{"type":"Polygon","coordinates":[[[-68.98057,44.17601],[-68.98003,44.17293],[-68.98372,44.17128],[-68.98397,44.17432],[-68.98057,44.17601]]]},"properties":{}},{"type":"Feature","geometry":{"type":"Polygon","coordinates":[[[-68.50506,44.32438],[-68.49107,44.31168],[-68.47841,44.31962],[-68.47984,44.32519],[-68.48849,44.33134],[-68.48761,44.34461],[-68.50224,44.382],[-68.50905,44.38549],[-68.51956,44.37782],[-68.52181,44.36919],[-68.51999,44.35886],[-68.52752,44.34774],[-68.53276,44.33005],[-68.52386,44.32346],[-68.50506,44.32438]]]},"properties":{}},{"type":"Feature","geometry":{"type":"Polygon","coordinates":[[[-68.34148,44.1022],[-68.33591,44.10201],[-68.33012,44.11072],[-68.34162,44.11034],[-68.33804,44.11929],[-68.34685,44.12275],[-68.34806,44.12871],[-68.3549,44.12779],[-68.36303,44.12104],[-68.36842,44.12193],[-68.37743,44.11391],[-68.3686,44.10647],[-68.36789,44.09717],[-68.35976,44.10589],[-68.35252,44.10392],[-68.34209,44.1085],[-68.34148,44.1022]]]},"properties":{}},{"type":"Feature","geometry":{"type":"Polygon","coordinates":[[[-68.80301,44.37682],[-68.80492,44.37332],[-68.80908,44.37443],[-68.8089,44.37605],[-68.80301,44.37682]]]},"properties":{}},{"type":"Feature","geometry":{"type":"Polygon","coordinates":[[[-68.36976,44.14465],[-68.36919,44.1393],[-68.37145,44.13849],[-68.37216,44.14457],[-68.36976,44.14465]]]},"properties":{}},{"type":"Feature","geometry":{"type":"Polygon","coordinates":[[[-69.1239,43.98027],[-69.13306,43.97661],[-69.13495,43.98218],[-69.13708,43.97852],[-69.13849,43.9803],[-69.13222,43.98434],[-69.1239,43.98027]]]},"properties":{}},{"type":"Feature","geometry":{"type":"Polygon","coordinates":[[[-68.43063,44.32576],[-68.42738,44.33343],[-68.43037,44.34449],[-68.42525,44.34668],[-68.42785,44.35045],[-68.42458,44.35285],[-68.41971,44.35037],[-68.41538,44.35707],[-68.42252,44.36833],[-68.4202,44.37586],[-68.43605,44.36977],[-68.45042,44.35713],[-68.45699,44.34482],[-68.4532,44.33656],[-68.44405,44.33842],[-68.44567,44.32464],[-68.44176,44.3251],[-68.4396,44.32143],[-68.43063,44.32576]]]},"properties":{}},{"type":"Feature","geometry":{"type":"Polygon","coordinates":[[[-68.33152,44.19417],[-68.34017,44.19681],[-68.34387,44.1912],[-68.3325,44.19123],[-68.33152,44.19417]]]},"properties":{}},{"type":"Feature","geometry":{"type":"Polygon","coordinates":[[[-68.35004,44.1949],[-68.35737,44.20014],[-68.36777,44.19647],[-68.37986,44.18276],[-68.36857,44.18125],[-68.35004,44.1949]]]},"properties":{}},{"type":"Feature","geometry":{"type":"Polygon","coordinates":[[[-68.35475,44.17643],[-68.34918,44.18642],[-68.33608,44.18394],[-68.33793,44.17264],[-68.35061,44.16829],[-68.35123,44.17569],[-68.35475,44.17643]]]},"properties":{}},{"type":"Feature","geometry":{"type":"Polygon","coordinates":[[[-68.20151,44.23693],[-68.20458,44.24418],[-68.19579,44.24637],[-68.19236,44.23918],[-68.20151,44.23693]]]},"properties":{}},{"type":"Feature","geometry":{"type":"Polygon","coordinates":[[[-68.24283,44.15753],[-68.24686,44.15177],[-68.24342,44.14356],[-68.24698,44.14175],[-68.25036,44.14382],[-68.25412,44.15533],[-68.24556,44.15855],[-68.24283,44.15753]]]},"properties":{}},{"type":"Feature","geometry":{"type":"Polygon","coordinates":[[[-68.46094,44.19114],[-68.46435,44.18777],[-68.46056,44.18526],[-68.45881,44.18762],[-68.46094,44.19114]]]},"properties":{}},{"type":"Feature","geometry":{"type":"Polygon","coordinates":[[[-68.62309,44.18001],[-68.61333,44.18247],[-68.61868,44.18297],[-68.61655,44.18919],[-68.61876,44.19252],[-68.62902,44.19533],[-68.63602,44.19344],[-68.63466,44.19572],[-68.63989,44.19779],[-68.64382,44.19572],[-68.63677,44.19311],[-68.64622,44.191],[-68.64454,44.18682],[-68.62309,44.18001]]]},"properties":{}},{"type":"Feature","geometry":{"type":"Polygon","coordinates":[[[-68.3886,44.40389],[-68.39257,44.40562],[-68.39197,44.41226],[-68.38767,44.41241],[-68.38528,44.40808],[-68.3886,44.40389]]]},"properties":{}},{"type":"Feature","geometry":{"type":"Polygon","coordinates":[[[-69.06801,44.03989],[-69.07143,44.04256],[-69.07477,44.03911],[-69.0725,44.03698],[-69.06801,44.03989]]]},"properties":{}},{"type":"Feature","geometry":{"type":"Polygon","coordinates":[[[-68.45091,44.31373],[-68.45679,44.31171],[-68.45571,44.29966],[-68.45116,44.29742],[-68.44717,44.3004],[-68.45091,44.31373]]]},"properties":{}},{"type":"Feature","geometry":{"type":"Polygon","coordinates":[[[-68.33509,44.2074],[-68.3358,44.19821],[-68.32829,44.19435],[-68.32155,44.19888],[-68.31423,44.19777],[-68.32358,44.20634],[-68.33509,44.2074]]]},"properties":{}},{"type":"Feature","geometry":{"type":"Polygon","coordinates":[[[-69.13983,43.98397],[-69.14128,43.98071],[-69.14497,43.98014],[-69.14317,43.98769],[-69.13983,43.98397]]]},"properties":{}},{"type":"Feature","geometry":{"type":"Polygon","coordinates":[[[-68.0492,44.33067],[-68.05231,44.336],[-68.04518,44.33587],[-68.0492,44.33067]]]},"properties":{}},{"type":"Feature","geometry":{"type":"Polygon","coordinates":[[[-68.4087,44.11034],[-68.40192,44.11201],[-68.40147,44.11071],[-68.40761,44.10756],[-68.4087,44.11034]]]},"properties":{}},{"type":"Feature","geometry":{"type":"Polygon","coordinates":[[[-68.61075,44.15573],[-68.61533,44.15344],[-68.61766,44.15525],[-68.61403,44.15721],[-68.61075,44.15573]]]},"properties":{}},{"type":"Feature","geometry":{"type":"Polygon","coordinates":[[[-68.67083,44.07515],[-68.66866,44.07266],[-68.65798,44.07465],[-68.66191,44.0716],[-68.66036,44.07001],[-68.65167,44.0695],[-68.63418,44.08039],[-68.65865,44.07852],[-68.66041,44.07575],[-68.66677,44.07957],[-68.67083,44.07515]]]},"properties":{}},{"type":"Feature","geometry":{"type":"Polygon","coordinates":[[[-68.17751,44.40716],[-68.17659,44.40288],[-68.18145,44.40368],[-68.18063,44.40621],[-68.17751,44.40716]]]},"properties":{}},{"type":"Feature","geometry":{"type":"Polygon","coordinates":[[[-68.78745,44.05805],[-68.78916,44.05468],[-68.79367,44.05483],[-68.79348,44.05727],[-68.78745,44.05805]]]},"properties":{}},{"type":"Feature","geometry":{"type":"Polygon","coordinates":[[[-68.68673,44.28203],[-68.69042,44.28164],[-68.69189,44.27442],[-68.69973,44.27103],[-68.71078,44.27412],[-68.72758,44.28502],[-68.72763,44.28967],[-68.71985,44.28844],[-68.72128,44.28989],[-68.74383,44.29727],[-68.74253,44.30546],[-68.73305,44.30843],[-68.71195,44.2975],[-68.70818,44.2988],[-68.70403,44.29204],[-68.69051,44.29029],[-68.69225,44.28767],[-68.68673,44.28203]]]},"properties":{}},{"type":"Feature","geometry":{"type":"Polygon","coordinates":[[[-68.79683,44.23577],[-68.78767,44.235],[-68.7811,44.22619],[-68.79706,44.22396],[-68.79567,44.2273],[-68.79982,44.23188],[-68.79683,44.23577]]]},"properties":{}},{"type":"Feature","geometry":{"type":"Polygon","coordinates":[[[-69.07876,43.9837],[-69.07259,43.98087],[-69.07834,43.97709],[-69.07666,43.9736],[-69.08261,43.98168],[-69.07876,43.9837]]]},"properties":{}},{"type":"Feature","geometry":{"type":"Polygon","coordinates":[[[-68.14061,44.44106],[-68.14311,44.42879],[-68.14051,44.4256],[-68.13258,44.42798],[-68.13064,44.43854],[-68.12449,44.44269],[-68.12972,44.44905],[-68.13498,44.45004],[-68.14061,44.44106]]]},"properties":{}},{"type":"Feature","geometry":{"type":"Polygon","coordinates":[[[-68.37784,44.14442],[-68.38289,44.14322],[-68.38345,44.13987],[-68.37966,44.14038],[-68.37784,44.14442]]]},"properties":{}},{"type":"Feature","geometry":{"type":"Polygon","coordinates":[[[-69.01227,43.90182],[-69.01354,43.90862],[-69.00516,43.90414],[-69.00609,43.90164],[-69.01227,43.90182]]]},"properties":{}},{"type":"Feature","geometry":{"type":"Polygon","coordinates":[[[-68.68302,44.27372],[-68.68511,44.27168],[-68.6882,44.27331],[-68.68591,44.27726],[-68.68302,44.27372]]]},"properties":{}},{"type":"Feature","geometry":{"type":"Polygon","coordinates":[[[-68.94155,44.22476],[-68.95174,44.21943],[-68.93758,44.24047],[-68.93282,44.24201],[-68.93877,44.23594],[-68.94155,44.22476]]]},"properties":{}},{"type":"Feature","geometry":{"type":"Polygon","coordinates":[[[-68.12738,44.4062],[-68.13382,44.41859],[-68.12718,44.41874],[-68.11833,44.40928],[-68.12738,44.4062]]]},"properties":{}},{"type":"Feature","geometry":{"type":"Polygon","coordinates":[[[-68.24943,44.25231],[-68.24555,44.24727],[-68.23583,44.24412],[-68.23767,44.24088],[-68.24805,44.23559],[-68.26083,44.23706],[-68.26922,44.23364],[-68.27704,44.23919],[-68.27484,44.25948],[-68.26104,44.26091],[-68.25137,44.25837],[-68.25885,44.25344],[-68.2593,44.24911],[-68.25429,44.24261],[-68.24693,44.2414],[-68.2547,44.25121],[-68.24943,44.25231]]]},"properties":{}},{"type":"Feature","geometry":{"type":"Polygon","coordinates":[[[-68.57046,44.04314],[-68.5695,44.03738],[-68.573,44.03588],[-68.5741,44.03715],[-68.57046,44.04314]]]},"properties":{}},{"type":"Feature","geometry":{"type":"Polygon","coordinates":[[[-68.03133,44.32623],[-68.03553,44.33336],[-68.03103,44.33642],[-68.03133,44.32623]]]},"properties":{}},{"type":"Feature","geometry":{"type":"Polygon","coordinates":[[[-68.60894,44.20258],[-68.61693,44.20505],[-68.61491,44.20967],[-68.61125,44.20892],[-68.61409,44.20571],[-68.60884,44.20565],[-68.60894,44.20258]]]},"properties":{}},{"type":"Feature","geometry":{"type":"Polygon","coordinates":[[[-68.84035,44.12106],[-68.83742,44.11552],[-68.81955,44.123],[-68.81444,44.11632],[-68.80749,44.11719],[-68.80393,44.11275],[-68.8087,44.10324],[-68.83876,44.08475],[-68.82407,44.08708],[-68.81096,44.09815],[-68.80481,44.09667],[-68.80286,44.0913],[-68.81099,44.0909],[-68.82996,44.08233],[-68.82122,44.08057],[-68.80084,44.08517],[-68.80575,44.07962],[-68.80034,44.07832],[-68.79052,44.08665],[-68.79261,44.09147],[-68.78731,44.09514],[-68.78517,44.09326],[-68.78746,44.09059],[-68.78091,44.08511],[-68.77922,44.07576],[-68.78432,44.07482],[-68.77581,44.06407],[-68.7911,44.05809],[-68.79671,44.06015],[-68.79528,44.05776],[-68.79944,44.05002],[-68.80659,44.04575],[-68.8117,44.04712],[-68.80719,44.04397],[-68.80935,44.04152],[-68.80527,44.03835],[-68.8073,44.03552],[-68.81892,44.03209],[-68.82925,44.03359],[-68.82646,44.04753],[-68.833,44.03359],[-68.83797,44.03711],[-68.83316,44.04193],[-68.8343,44.04694],[-68.84097,44.04273],[-68.84573,44.04651],[-68.84703,44.04256],[-68.84403,44.04062],[-68.84863,44.0389],[-68.86216,44.04671],[-68.86393,44.05451],[-68.86905,44.05397],[-68.86963,44.05111],[-68.87392,44.05329],[-68.87523,44.05749],[-68.88137,44.06023],[-68.87665,44.06278],[-68.88237,44.06623],[-68.87856,44.07053],[-68.8817,44.07051],[-68.87714,44.0731],[-68.88499,44.07894],[-68.88331,44.08665],[-68.87721,44.08788],[-68.88214,44.08938],[-68.88007,44.10134],[-68.88707,44.08539],[-68.89609,44.08978],[-68.89918,44.08431],[-68.90611,44.08948],[-68.90227,44.09116],[-68.90275,44.09651],[-68.89784,44.09883],[-68.89674,44.1042],[-68.89949,44.10713],[-68.90748,44.09429],[-68.91204,44.09613],[-68.90626,44.10529],[-68.90605,44.11049],[-68.90974,44.11145],[-68.8988,44.12296],[-68.88617,44.12544],[-68.86454,44.1194],[-68.8631,44.11612],[-68.8675,44.11803],[-68.87012,44.11538],[-68.86111,44.1113],[-68.86869,44.10209],[-68.86716,44.10055],[-68.85822,44.10132],[-68.85679,44.10526],[-68.85215,44.1062],[-68.85348,44.11032],[-68.84715,44.11325],[-68.84477,44.12378],[-68.85156,44.12215],[-68.85358,44.12498],[-68.84139,44.13151],[-68.83711,44.12764],[-68.84035,44.12106]]]},"properties":{}},{"type":"Feature","geometry":{"type":"Polygon","coordinates":[[[-68.46978,44.10118],[-68.47747,44.10277],[-68.47821,44.10059],[-68.47106,44.09853],[-68.46978,44.10118]]]},"properties":{}},{"type":"Feature","geometry":{"type":"Polygon","coordinates":[[[-68.88099,44.37977],[-68.88262,44.39115],[-68.87995,44.39298],[-68.87752,44.38454],[-68.86722,44.3793],[-68.86595,44.3671],[-68.86055,44.36431],[-68.86569,44.35924],[-68.86952,44.3612],[-68.87715,44.3563],[-68.87851,44.34969],[-68.87177,44.34396],[-68.88312,44.33754],[-68.88512,44.34511],[-68.89502,44.3423],[-68.88844,44.33798],[-68.89378,44.32922],[-68.89074,44.32713],[-68.89816,44.32548],[-68.89372,44.3175],[-68.90228,44.31774],[-68.89993,44.31539],[-68.90222,44.30719],[-68.88869,44.30565],[-68.88701,44.30245],[-68.89469,44.29614],[-68.89922,44.28345],[-68.90426,44.2798],[-68.90884,44.26826],[-68.90652,44.26818],[-68.90771,44.26322],[-68.9128,44.26045],[-68.90581,44.26151],[-68.9141,44.25125],[-68.91307,44.24475],[-68.92985,44.23126],[-68.93091,44.23645],[-68.92104,44.24697],[-68.92422,44.25089],[-68.91805,44.25071],[-68.91392,44.25817],[-68.92307,44.25775],[-68.9208,44.26271],[-68.92561,44.26326],[-68.91854,44.27023],[-68.91901,44.27642],[-68.91436,44.27758],[-68.91473,44.28092],[-68.92295,44.27933],[-68.92221,44.28394],[-68.91602,44.2884],[-68.92553,44.28418],[-68.9275,44.29048],[-68.93574,44.2825],[-68.94335,44.28176],[-68.93816,44.28441],[-68.93822,44.29149],[-68.92961,44.2938],[-68.92806,44.30313],[-68.91574,44.31163],[-68.90951,44.31323],[-68.90463,44.31027],[-68.90507,44.31378],[-68.90188,44.31304],[-68.91253,44.31666],[-68.90072,44.32411],[-68.90528,44.33064],[-68.90795,44.33243],[-68.91412,44.3297],[-68.91653,44.32397],[-68.91902,44.33038],[-68.91813,44.33646],[-68.9132,44.33645],[-68.91031,44.34354],[-68.90331,44.34819],[-68.91171,44.35322],[-68.90866,44.36345],[-68.91115,44.36477],[-68.90617,44.37281],[-68.90117,44.37457],[-68.90254,44.37832],[-68.88408,44.3775],[-68.88099,44.37977]]]},"properties":{}},{"type":"Feature","geometry":{"type":"Polygon","coordinates":[[[-68.79409,44.03555],[-68.79318,44.03963],[-68.79055,44.03975],[-68.791,44.03586],[-68.79409,44.03555]]]},"properties":{}},{"type":"Feature","geometry":{"type":"Polygon","coordinates":[[[-68.9073,44.07881],[-68.89818,44.07317],[-68.89522,44.0683],[-68.89601,44.08194],[-68.90557,44.0834],[-68.9073,44.07881]]]},"properties":{}},{"type":"Feature","geometry":{"type":"Polygon","coordinates":[[[-68.43057,44.28984],[-68.43718,44.29198],[-68.43249,44.28601],[-68.43057,44.28984]]]},"properties":{}},{"type":"Feature","geometry":{"type":"Polygon","coordinates":[[[-68.64244,44.13577],[-68.64746,44.13466],[-68.64763,44.1308],[-68.6419,44.13342],[-68.64244,44.13577]]]},"properties":{}},{"type":"Feature","geometry":{"type":"Polygon","coordinates":[[[-68.16631,44.46406],[-68.18217,44.46896],[-68.18459,44.4682],[-68.16631,44.46406]]]},"properties":{}},{"type":"Feature","geometry":{"type":"Polygon","coordinates":[[[-68.3897,44.38056],[-68.3877,44.38683],[-68.38418,44.38353],[-68.3897,44.38056]]]},"properties":{}},{"type":"Feature","geometry":{"type":"Polygon","coordinates":[[[-68.73127,44.20257],[-68.72581,44.204],[-68.72151,44.20043],[-68.72435,44.19752],[-68.73127,44.20257]]]},"properties":{}},{"type":"Feature","geometry":{"type":"Polygon","coordinates":[[[-69.0744,44.01001],[-69.06682,44.01136],[-69.06837,44.00606],[-69.0744,44.01001]]]},"properties":{}},{"type":"Feature","geometry":{"type":"Polygon","coordinates":[[[-69.10327,44.03427],[-69.10697,44.03215],[-69.1105,44.03401],[-69.10717,44.03578],[-69.10327,44.03427]]]},"properties":{}},{"type":"Feature","geometry":{"type":"Polygon","coordinates":[[[-68.4869,44.26876],[-68.49192,44.28319],[-68.46971,44.27093],[-68.46743,44.26679],[-68.47035,44.26351],[-68.4869,44.26876]]]},"properties":{}},{"type":"Feature","geometry":{"type":"Polygon","coordinates":[[[-68.62378,44.25686],[-68.62026,44.24877],[-68.61006,44.24502],[-68.60789,44.24107],[-68.6141,44.23477],[-68.60611,44.23423],[-68.60409,44.23005],[-68.62375,44.23611],[-68.63442,44.23568],[-68.6352,44.23102],[-68.62776,44.2338],[-68.62371,44.23286],[-68.62764,44.23123],[-68.62109,44.22959],[-68.63016,44.22616],[-68.62579,44.22252],[-68.62966,44.21926],[-68.6418,44.21883],[-68.64715,44.21567],[-68.6101,44.21409],[-68.61056,44.21658],[-68.60643,44.21717],[-68.59611,44.21207],[-68.61978,44.20865],[-68.62919,44.2113],[-68.62896,44.2072],[-68.62102,44.20374],[-68.62122,44.19992],[-68.63555,44.2022],[-68.63523,44.20439],[-68.6406,44.20494],[-68.63873,44.20663],[-68.64799,44.20753],[-68.64596,44.20865],[-68.65441,44.20788],[-68.65355,44.21406],[-68.64816,44.21565],[-68.65001,44.21849],[-68.67263,44.21187],[-68.67511,44.21629],[-68.67593,44.21136],[-68.6831,44.2076],[-68.66742,44.20999],[-68.66679,44.20391],[-68.65763,44.21206],[-68.6574,44.20631],[-68.65247,44.2028],[-68.66321,44.20513],[-68.66512,44.20154],[-68.65772,44.19962],[-68.66368,44.19765],[-68.64977,44.19726],[-68.65038,44.19427],[-68.66064,44.19265],[-68.65495,44.192],[-68.66762,44.18665],[-68.67172,44.18167],[-68.65979,44.18854],[-68.64858,44.18605],[-68.64906,44.18271],[-68.64288,44.18159],[-68.646,44.1848],[-68.64387,44.18573],[-68.64093,44.18237],[-68.62019,44.17752],[-68.6299,44.16961],[-68.64186,44.17288],[-68.64553,44.17785],[-68.64382,44.17988],[-68.65227,44.17732],[-68.65192,44.17248],[-68.64444,44.17303],[-68.65087,44.16917],[-68.64604,44.16812],[-68.64678,44.16531],[-68.63942,44.16575],[-68.64003,44.1606],[-68.66,44.15385],[-68.66974,44.1547],[-68.66874,44.15116],[-68.67273,44.15008],[-68.69056,44.15288],[-68.70034,44.15993],[-68.70905,44.15738],[-68.70297,44.16029],[-68.70588,44.16169],[-68.69248,44.16498],[-68.70664,44.1667],[-68.70367,44.17732],[-68.69654,44.18199],[-68.707,44.17928],[-68.70538,44.17628],[-68.7105,44.16866],[-68.71361,44.17132],[-68.71984,44.16806],[-68.71757,44.18695],[-68.70562,44.18971],[-68.70551,44.19207],[-68.71204,44.19211],[-68.71368,44.19988],[-68.71015,44.20498],[-68.71739,44.20687],[-68.71092,44.21019],[-68.71861,44.21059],[-68.7174,44.21278],[-68.73139,44.21943],[-68.73163,44.22217],[-68.72335,44.22718],[-68.70902,44.22602],[-68.70497,44.23402],[-68.68405,44.22345],[-68.67904,44.225],[-68.68475,44.22748],[-68.68344,44.23029],[-68.69693,44.23642],[-68.69808,44.24141],[-68.69277,44.25335],[-68.6769,44.26655],[-68.67635,44.27288],[-68.68013,44.27836],[-68.67707,44.2796],[-68.67096,44.27928],[-68.66346,44.26989],[-68.65764,44.26924],[-68.65549,44.26269],[-68.64467,44.26544],[-68.6301,44.25646],[-68.62378,44.25686]]]},"properties":{}},{"type":"Feature","geometry":{"type":"Polygon","coordinates":[[[-68.59683,44.17723],[-68.59849,44.17458],[-68.60629,44.17638],[-68.60463,44.17848],[-68.59683,44.17723]]]},"properties":{}},{"type":"Feature","geometry":{"type":"Polygon","coordinates":[[[-68.16188,44.46649],[-68.15166,44.46373],[-68.14582,44.45762],[-68.15175,44.45853],[-68.16188,44.46649]]]},"properties":{}},{"type":"Feature","geometry":{"type":"Polygon","coordinates":[[[-68.40985,44.18024],[-68.38343,44.15613],[-68.39347,44.1532],[-68.39256,44.1415],[-68.41395,44.1307],[-68.43296,44.13088],[-68.43479,44.13343],[-68.43219,44.13791],[-68.44067,44.1399],[-68.44216,44.14162],[-68.43764,44.14365],[-68.4454,44.14527],[-68.44348,44.15681],[-68.44927,44.15267],[-68.44974,44.13825],[-68.44677,44.13409],[-68.45575,44.13723],[-68.45839,44.14463],[-68.45332,44.15086],[-68.45809,44.15423],[-68.45758,44.16061],[-68.46589,44.15442],[-68.47552,44.15549],[-68.48072,44.14687],[-68.48481,44.14635],[-68.48532,44.14205],[-68.48979,44.14899],[-68.49532,44.14658],[-68.5035,44.15122],[-68.5011,44.15989],[-68.48964,44.16959],[-68.48509,44.16883],[-68.48509,44.15972],[-68.47828,44.1613],[-68.4769,44.16598],[-68.46999,44.16983],[-68.47144,44.17952],[-68.46603,44.18455],[-68.46236,44.18476],[-68.46232,44.18182],[-68.45593,44.18314],[-68.44617,44.17685],[-68.44864,44.17314],[-68.44541,44.17075],[-68.45525,44.16228],[-68.45295,44.15961],[-68.43795,44.1732],[-68.44106,44.1632],[-68.42291,44.17394],[-68.42082,44.17826],[-68.42555,44.18323],[-68.42321,44.1851],[-68.42478,44.19095],[-68.41332,44.18764],[-68.40985,44.18024]]]},"properties":{}},{"type":"Feature","geometry":{"type":"Polygon","coordinates":[[[-68.8223,44.2189],[-68.82771,44.21668],[-68.83003,44.21715],[-68.82388,44.22522],[-68.8223,44.2189]]]},"properties":{}},{"type":"Feature","geometry":{"type":"Polygon","coordinates":[[[-68.85549,43.78168],[-68.85144,43.78625],[-68.85196,43.78829],[-68.85584,43.78574],[-68.85549,43.78168]]]},"properties":{}},{"type":"Feature","geometry":{"type":"Polygon","coordinates":[[[-68.42812,44.11932],[-68.43047,44.12208],[-68.43004,44.12377],[-68.42531,44.12147],[-68.42812,44.11932]]]},"properties":{}},{"type":"Feature","geometry":{"type":"Polygon","coordinates":[[[-68.85445,44.03351],[-68.84897,44.03236],[-68.85132,44.03123],[-68.84989,44.02797],[-68.85774,44.02905],[-68.85946,44.03227],[-68.86209,44.02678],[-68.86451,44.02753],[-68.87233,44.03611],[-68.8719,44.04599],[-68.86397,44.0456],[-68.85315,44.03601],[-68.85445,44.03351]]]},"properties":{}},{"type":"Feature","geometry":{"type":"Polygon","coordinates":[[[-68.43417,44.12757],[-68.43724,44.13307],[-68.44214,44.13227],[-68.44939,44.12607],[-68.43682,44.12151],[-68.43417,44.12757]]]},"properties":{}},{"type":"Feature","geometry":{"type":"Polygon","coordinates":[[[-68.46986,44.2005],[-68.46365,44.20692],[-68.45324,44.20054],[-68.46235,44.19786],[-68.46986,44.2005]]]},"properties":{}},{"type":"Feature","geometry":{"type":"Polygon","coordinates":[[[-68.47039,44.22904],[-68.48253,44.22812],[-68.481,44.22009],[-68.47327,44.21934],[-68.46812,44.2241],[-68.47039,44.22904]]]},"properties":{}},{"type":"Feature","geometry":{"type":"Polygon","coordinates":[[[-68.26423,44.5476],[-68.2601,44.54938],[-68.26885,44.55147],[-68.26875,44.55043],[-68.26423,44.5476]]]},"properties":{}},{"type":"Feature","geometry":{"type":"Polygon","coordinates":[[[-68.6464,44.14855],[-68.6481,44.15162],[-68.64116,44.1522],[-68.64216,44.15042],[-68.6464,44.14855]]]},"properties":{}},{"type":"Feature","geometry":{"type":"Polygon","coordinates":[[[-68.60468,44.22165],[-68.61234,44.21979],[-68.61491,44.2255],[-68.60408,44.22482],[-68.60468,44.22165]]]},"properties":{}},{"type":"Feature","geometry":{"type":"Polygon","coordinates":[[[-68.10922,44.47007],[-68.11689,44.47751],[-68.12043,44.47651],[-68.10922,44.47007]]]},"properties":{}},{"type":"Feature","geometry":{"type":"Polygon","coordinates":[[[-68.47786,44.21451],[-68.48645,44.21363],[-68.48805,44.2101],[-68.48277,44.20938],[-68.48461,44.20281],[-68.47476,44.20238],[-68.47203,44.20662],[-68.47786,44.21451]]]},"properties":{}},{"type":"Feature","geometry":{"type":"Polygon","coordinates":[[[-68.24115,44.25098],[-68.24084,44.26443],[-68.23117,44.26825],[-68.22857,44.26432],[-68.21461,44.26322],[-68.21129,44.2565],[-68.22218,44.25723],[-68.24115,44.25098]]]},"properties":{}},{"type":"Feature","geometry":{"type":"Polygon","coordinates":[[[-69.06619,43.9968],[-69.06939,43.9859],[-69.07173,43.98906],[-69.07345,43.98632],[-69.07904,43.98709],[-69.07654,43.99079],[-69.07119,43.99051],[-69.0712,43.99693],[-69.06619,43.9968]]]},"properties":{}},{"type":"Feature","geometry":{"type":"Polygon","coordinates":[[[-68.2012,44.39864],[-68.20325,44.40047],[-68.21368,44.39893],[-68.21036,44.39666],[-68.2012,44.39864]]]},"properties":{}},{"type":"Feature","geometry":{"type":"Polygon","coordinates":[[[-68.14078,44.37711],[-68.1256,44.38839],[-68.12867,44.40382],[-68.13335,44.40443],[-68.14725,44.39287],[-68.14888,44.38521],[-68.14078,44.37711]]]},"properties":{}},{"type":"Feature","geometry":{"type":"Polygon","coordinates":[[[-68.50377,44.14252],[-68.50311,44.14565],[-68.49878,44.14335],[-68.50079,44.14146],[-68.50377,44.14252]]]},"properties":{}},{"type":"Feature","geometry":{"type":"Polygon","coordinates":[[[-70.31765,43.55159],[-70.31616,43.58342],[-70.47333,43.58342],[-70.47333,43.5],[-70.38265,43.5],[-70.35625,43.53289],[-70.34395,43.5391],[-70.32843,43.54082],[-70.33324,43.54455],[-70.34359,43.54515],[-70.33997,43.54582],[-70.34158,43.54797],[-70.34636,43.54797],[-70.34725,43.54666],[-70.34502,43.54588],[-70.3454,43.54433],[-70.34814,43.54378],[-70.3455,43.54505],[-70.34808,43.54681],[-70.34673,43.54896],[-70.34419,43.54891],[-70.34638,43.55137],[-70.34409,43.55427],[-70.36168,43.55863],[-70.36328,43.5606],[-70.3633,43.56468],[-70.3657,43.56145],[-70.3701,43.56118],[-70.37172,43.56275],[-70.36632,43.56762],[-70.36963,43.56852],[-70.36859,43.56587],[-70.36918,43.56519],[-70.37426,43.5658],[-70.37471,43.56899],[-70.37406,43.56965],[-70.37414,43.56611],[-70.37246,43.56937],[-70.37017,43.56971],[-70.37121,43.57009],[-70.36969,43.56997],[-70.37179,43.56767],[-70.36951,43.56554],[-70.37002,43.56879],[-70.36545,43.56823],[-70.37041,43.56193],[-70.36247,43.56517],[-70.3598,43.55892],[-70.34942,43.55804],[-70.35099,43.56231],[-70.34931,43.56417],[-70.34818,43.55787],[-70.34078,43.55875],[-70.34148,43.55208],[-70.33853,43.54983],[-70.33651,43.56375],[-70.32371,43.56631],[-70.32813,43.56839],[-70.32745,43.5696],[-70.32261,43.56925],[-70.32594,43.57275],[-70.32884,43.56937],[-70.33038,43.56928],[-70.33233,43.57288],[-70.32735,43.57427],[-70.33161,43.57246],[-70.32975,43.56962],[-70.32753,43.57301],[-70.32492,43.57309],[-70.32207,43.56921],[-70.32761,43.56875],[-70.32249,43.56611],[-70.33447,43.56171],[-70.33557,43.55248],[-70.3309,43.5501],[-70.31973,43.55583],[-70.31765,43.55159]]]},"properties":{}},{"type":"Feature","geometry":{"type":"Polygon","coordinates":[[[-70.32081,43.55252],[-70.31616,43.55177],[-70.31616,43.52743],[-70.32269,43.52743],[-70.31787,43.53398],[-70.32541,43.54091],[-70.32211,43.54459],[-70.32659,43.54884],[-70.32081,43.55252]]]},"properties":{}},{"type":"Feature","geometry":{"type":"Polygon","coordinates":[[[-69.89041,43.8123],[-69.88563,43.81694],[-69.88573,43.80807],[-69.8796,43.81635],[-69.88202,43.82347],[-69.88624,43.81791],[-69.88536,43.84168],[-69.89239,43.83837],[-69.88559,43.85171],[-69.89107,43.85722],[-69.89251,43.85191],[-69.89776,43.85752],[-69.89825,43.85243],[-69.90171,43.85787],[-69.91011,43.85738],[-69.91246,43.85362],[-69.9138,43.85782],[-69.91927,43.83952],[-69.91702,43.85777],[-69.92588,43.84381],[-69.92531,43.83231],[-69.92882,43.8278],[-69.93179,43.80809],[-69.93449,43.81547],[-69.93456,43.8411],[-69.95217,43.81585],[-69.9467,43.812],[-69.94228,43.81685],[-69.94569,43.81084],[-69.94171,43.80703],[-69.94825,43.7969],[-69.94234,43.80388],[-69.94526,43.79541],[-69.9458,43.7953],[-69.94761,43.79352],[-69.95902,43.77593],[-69.96143,43.77668],[-69.95038,43.79351],[-69.95178,43.7978],[-69.95444,43.79066],[-69.95645,43.79252],[-69.9616,43.78564],[-69.96432,43.78681],[-69.96564,43.77567],[-69.97411,43.77585],[-69.97657,43.76214],[-69.98107,43.75998],[-69.97828,43.7652],[-69.98035,43.76422],[-69.98777,43.75022],[-69.98245,43.75081],[-69.97922,43.75784],[-69.97781,43.75568],[-69.97391,43.76057],[-69.97533,43.75311],[-69.97136,43.75395],[-69.95537,43.77229],[-69.94527,43.79524],[-69.94561,43.7921],[-69.94166,43.79397],[-69.94272,43.78536],[-69.94944,43.76667],[-69.9428,43.7785],[-69.94395,43.77477],[-69.94081,43.77567],[-69.94314,43.76892],[-69.93984,43.77544],[-69.93741,43.77388],[-69.9299,43.79108],[-69.93372,43.78739],[-69.93559,43.78913],[-69.93387,43.80019],[-69.92993,43.80855],[-69.92815,43.80756],[-69.93211,43.80193],[-69.92864,43.79417],[-69.91349,43.836],[-69.91437,43.82359],[-69.91255,43.83102],[-69.9108,43.82357],[-69.90699,43.82559],[-69.9045,43.8332],[-69.90482,43.8255],[-69.90145,43.82913],[-69.90184,43.82337],[-69.89915,43.82401],[-69.90108,43.81848],[-69.89638,43.81392],[-69.89656,43.81172],[-69.9006,43.81553],[-69.90256,43.80547],[-69.90281,43.80889],[-69.90493,43.80526],[-69.90538,43.80801],[-69.91123,43.80959],[-69.91745,43.80085],[-69.91803,43.7962],[-69.91318,43.79932],[-69.91432,43.79343],[-69.91127,43.79049],[-69.90513,43.80022],[-69.90454,43.79317],[-69.89621,43.79124],[-69.89981,43.79075],[-69.89906,43.78939],[-69.89637,43.78925],[-69.89603,43.79292],[-69.89414,43.79042],[-69.89483,43.78688],[-69.903,43.78735],[-69.9002,43.78371],[-69.89696,43.78602],[-69.90294,43.77907],[-69.90217,43.77149],[-69.89901,43.78054],[-69.89803,43.77475],[-69.89508,43.77474],[-69.89588,43.78037],[-69.89222,43.77911],[-69.89084,43.78154],[-69.89032,43.78767],[-69.89385,43.78734],[-69.89155,43.79551],[-69.88844,43.79321],[-69.88737,43.80425],[-69.89026,43.80353],[-69.89041,43.8123]]]},"properties":{}},{"type":"Feature","geometry":{"type":"Polygon","coordinates":[[[-70.06854,43.80445],[-70.06574,43.80272],[-70.0681,43.79885],[-70.07834,43.79663],[-70.06854,43.80445]]]},"properties":{}},{"type":"Feature","geometry":{"type":"Polygon","coordinates":[[[-69.98658,43.84299],[-69.99003,43.83219],[-69.99682,43.83307],[-69.99,43.84212],[-69.98658,43.84299]]]},"properties":{}},{"type":"Feature","geometry":{"type":"Polygon","coordinates":[[[-70.03331,43.80044],[-70.02838,43.80486],[-70.02825,43.81033],[-70.03343,43.80901],[-70.03554,43.80399],[-70.03331,43.80044]]]},"properties":{}},{"type":"Feature","geometry":{"type":"Polygon","coordinates":[[[-69.99105,43.75023],[-69.99076,43.742],[-69.9869,43.74439],[-69.98618,43.74215],[-69.99401,43.72967],[-69.99215,43.72552],[-70.00011,43.72242],[-69.99691,43.72074],[-70.00146,43.71782],[-70.00707,43.71734],[-69.99603,43.72912],[-69.99885,43.73126],[-70.00524,43.72455],[-69.99763,43.73289],[-69.99885,43.73552],[-69.99105,43.75023]]]},"properties":{}},{"type":"Feature","geometry":{"type":"Polygon","coordinates":[[[-70.09177,43.67806],[-70.08714,43.69125],[-70.09888,43.67988],[-70.10144,43.67571],[-70.09943,43.67346],[-70.09177,43.67806]]]},"properties":{}},{"type":"Feature","geometry":{"type":"Polygon","coordinates":[[[-70.04627,43.78733],[-70.03621,43.79788],[-70.03654,43.8013],[-70.04564,43.79646],[-70.04341,43.79484],[-70.04854,43.79079],[-70.04627,43.78733]]]},"properties":{}},{"type":"Feature","geometry":{"type":"Polygon","coordinates":[[[-69.86867,43.77299],[-69.86417,43.76296],[-69.86015,43.76371],[-69.85929,43.75876],[-69.86421,43.75722],[-69.86554,43.74747],[-69.86881,43.74879],[-69.8698,43.74298],[-69.86682,43.74256],[-69.86534,43.7464],[-69.86278,43.74328],[-69.86201,43.74879],[-69.85551,43.7448],[-69.84738,43.7554],[-69.84207,43.75609],[-69.8466,43.74768],[-69.84059,43.73995],[-69.8444,43.73304],[-69.83668,43.7285],[-69.84721,43.72816],[-69.84653,43.72009],[-69.85018,43.71989],[-69.84661,43.74044],[-69.84558,43.73644],[-69.84555,43.74202],[-69.84736,43.74179],[-69.85734,43.7243],[-69.84826,43.71731],[-69.85385,43.70423],[-69.8413,43.70629],[-69.83742,43.70488],[-69.83753,43.70092],[-69.83345,43.7011],[-69.83753,43.70716],[-69.83165,43.71064],[-69.83555,43.71421],[-69.83557,43.71898],[-69.82789,43.73037],[-69.83318,43.72163],[-69.8107,43.72962],[-69.81055,43.73314],[-69.79517,43.73354],[-69.79244,43.73885],[-69.77847,43.74386],[-69.78387,43.75544],[-69.78464,43.75215],[-69.79159,43.75185],[-69.80026,43.74064],[-69.803,43.74299],[-69.79856,43.76321],[-69.79361,43.75808],[-69.79203,43.76474],[-69.78633,43.76815],[-69.78811,43.77058],[-69.79151,43.76794],[-69.79644,43.76958],[-69.79435,43.77351],[-69.79735,43.77615],[-69.79641,43.78122],[-69.80332,43.7852],[-69.80548,43.79214],[-69.80663,43.78952],[-69.80592,43.79768],[-69.80019,43.79344],[-69.80074,43.78615],[-69.79361,43.78708],[-69.79117,43.79042],[-69.80153,43.80963],[-69.80677,43.81011],[-69.80885,43.8165],[-69.81622,43.81232],[-69.81732,43.80916],[-69.81574,43.81015],[-69.81436,43.80947],[-69.81978,43.80522],[-69.81515,43.81738],[-69.80959,43.81681],[-69.80846,43.81932],[-69.81361,43.82962],[-69.81117,43.84025],[-69.81082,43.83676],[-69.80645,43.83684],[-69.79682,43.84396],[-69.79997,43.85011],[-69.79585,43.86573],[-69.80096,43.87057],[-69.79754,43.87794],[-69.81331,43.87827],[-69.81384,43.8736],[-69.8101,43.87297],[-69.81363,43.86814],[-69.81733,43.8743],[-69.82249,43.87536],[-69.82105,43.86766],[-69.83274,43.86588],[-69.83289,43.85903],[-69.8373,43.84749],[-69.83247,43.84736],[-69.82793,43.84406],[-69.83841,43.84683],[-69.83724,43.85092],[-69.84043,43.85201],[-69.83597,43.85101],[-69.83448,43.86352],[-69.83267,43.86654],[-69.8264,43.86866],[-69.82403,43.87782],[-69.81761,43.88043],[-69.81839,43.88351],[-69.8146,43.88256],[-69.81456,43.90098],[-69.81135,43.90276],[-69.81345,43.90637],[-69.81006,43.92796],[-69.81377,43.93411],[-69.81335,43.94567],[-69.81738,43.9507],[-69.82132,43.9495],[-69.83201,43.93405],[-69.83449,43.94118],[-69.8316,43.94596],[-69.83568,43.94653],[-69.83597,43.95797],[-69.8371,43.95906],[-69.84343,43.95366],[-69.84475,43.95345],[-69.84549,43.95396],[-69.83977,43.95766],[-69.84312,43.96017],[-69.83911,43.96012],[-69.83999,43.96499],[-69.8353,43.96446],[-69.83621,43.96681],[-69.83134,43.97064],[-69.83026,43.9788],[-69.83741,43.97847],[-69.84206,43.96836],[-69.84634,43.97387],[-69.84991,43.97314],[-69.86018,43.96141],[-69.86035,43.95388],[-69.86554,43.94765],[-69.86871,43.95051],[-69.87444,43.94678],[-69.87499,43.94892],[-69.88673,43.93576],[-69.89566,43.93125],[-69.89733,43.92483],[-69.91039,43.92051],[-69.91806,43.91125],[-69.9254,43.91473],[-69.92938,43.91076],[-69.93458,43.91112],[-69.95548,43.92224],[-69.96501,43.91896],[-69.96785,43.92079],[-69.95549,43.92518],[-69.93443,43.91871],[-69.93002,43.91328],[-69.92305,43.91888],[-69.92439,43.91452],[-69.91689,43.91323],[-69.91456,43.91955],[-69.92178,43.9151],[-69.92106,43.92114],[-69.906,43.9269],[-69.90232,43.93527],[-69.88582,43.95126],[-69.88164,43.96103],[-69.88398,43.967],[-69.87917,43.97035],[-69.88845,43.96599],[-69.89707,43.96534],[-69.90099,43.9618],[-69.90063,43.95554],[-69.90996,43.95362],[-69.91086,43.94918],[-69.9119,43.95256],[-69.91035,43.95389],[-69.90412,43.95544],[-69.9009,43.95822],[-69.90226,43.96056],[-69.9008,43.96334],[-69.89467,43.96703],[-69.88833,43.96752],[-69.88861,43.9729],[-69.88181,43.98126],[-69.88565,43.98481],[-69.88589,43.99448],[-69.87962,44.00205],[-69.88089,44.00607],[-69.88545,44.00439],[-69.88946,44.0082],[-69.89525,44.00698],[-69.89784,43.99744],[-69.90374,43.99893],[-69.90243,43.99472],[-69.90638,43.99622],[-69.90635,43.99186],[-69.91057,43.98707],[-69.90921,43.98399],[-69.91682,43.97527],[-69.91754,43.97065],[-69.91503,43.96965],[-69.91966,43.96564],[-69.92442,43.96926],[-69.91902,43.96864],[-69.92079,43.9754],[-69.91106,43.98308],[-69.91243,43.98824],[-69.90736,43.99268],[-69.90922,43.99666],[-69.90516,44.00026],[-69.89903,43.99872],[-69.89631,44.00711],[-69.89036,44.00921],[-69.89046,44.01412],[-69.88716,44.01612],[-69.88936,44.01743],[-69.88061,44.02327],[-69.88248,44.02605],[-69.87913,44.02574],[-69.87988,44.02072],[-69.88945,44.01354],[-69.88965,44.01002],[-69.88502,44.00588],[-69.87961,44.00732],[-69.87757,44.00354],[-69.88297,43.99603],[-69.88259,43.98899],[-69.87131,43.99114],[-69.87023,43.98777],[-69.86454,43.98754],[-69.86633,43.98234],[-69.85602,43.98865],[-69.85848,43.99122],[-69.8526,44.00325],[-69.85434,44.00736],[-69.85105,44.01446],[-69.8495,44.01571],[-69.84573,44.01537],[-69.84226,44.02042],[-69.84604,44.02349],[-69.84159,44.02841],[-69.83849,44.02816],[-69.84347,44.02528],[-69.84142,44.01975],[-69.8446,44.01509],[-69.84897,44.01488],[-69.85157,44.01014],[-69.84149,44.00201],[-69.82566,44.00253],[-69.8231,44.00554],[-69.82995,44.00696],[-69.83091,44.01623],[-69.81822,44.02728],[-69.82403,44.03152],[-69.82095,44.03848],[-69.82269,44.0418],[-69.81074,44.05341],[-69.80639,44.06675],[-70.31616,44.06675],[-70.31616,43.71889],[-70.31038,43.72409],[-70.30386,43.72565],[-70.30168,43.72932],[-70.29931,43.72952],[-70.29698,43.72795],[-70.29314,43.73106],[-70.29023,43.73069],[-70.29645,43.72755],[-70.30123,43.72892],[-70.30323,43.72536],[-70.31616,43.71844],[-70.31616,43.60841],[-70.32783,43.60841],[-70.32783,43.60008],[-70.31616,43.60008],[-70.31616,43.52738],[-70.30826,43.52942],[-70.31447,43.53553],[-70.30824,43.54411],[-70.27126,43.56342],[-70.27428,43.56728],[-70.27977,43.56767],[-70.27758,43.57018],[-70.27489,43.56852],[-70.27079,43.5763],[-70.25537,43.58379],[-70.25696,43.58485],[-70.25711,43.58689],[-70.25423,43.58486],[-70.25515,43.58318],[-70.26891,43.57565],[-70.27257,43.5686],[-70.26961,43.55786],[-70.26383,43.55336],[-70.24365,43.55197],[-70.2248,43.5645],[-70.21958,43.56333],[-70.21689,43.55731],[-70.21181,43.55707],[-70.20455,43.55862],[-70.1963,43.56539],[-70.19902,43.56543],[-70.19703,43.56946],[-70.20082,43.56899],[-70.20215,43.57533],[-70.2081,43.57759],[-70.20183,43.58679],[-70.21631,43.59262],[-70.21332,43.59625],[-70.21765,43.5976],[-70.21353,43.60403],[-70.21621,43.60941],[-70.20969,43.61296],[-70.20713,43.6231],[-70.22207,43.63323],[-70.22253,43.63946],[-70.22736,43.64305],[-70.22511,43.64989],[-70.23274,43.6495],[-70.23583,43.65561],[-70.24631,43.64527],[-70.24883,43.64605],[-70.24542,43.63901],[-70.24829,43.63725],[-70.25258,43.63974],[-70.25287,43.64492],[-70.25725,43.64353],[-70.25866,43.63384],[-70.26562,43.63383],[-70.26529,43.64062],[-70.27147,43.63412],[-70.28119,43.63619],[-70.28641,43.64234],[-70.29181,43.64169],[-70.29155,43.64487],[-70.29811,43.63691],[-70.30735,43.63427],[-70.29334,43.64349],[-70.31107,43.65867],[-70.30266,43.65652],[-70.29975,43.65248],[-70.29357,43.65065],[-70.29326,43.65277],[-70.29211,43.64903],[-70.28953,43.65067],[-70.29081,43.64629],[-70.28669,43.65071],[-70.28044,43.64051],[-70.26096,43.64413],[-70.25068,43.65338],[-70.25259,43.65573],[-70.24631,43.65583],[-70.24838,43.65795],[-70.23829,43.6664],[-70.24145,43.67074],[-70.25639,43.67578],[-70.25983,43.6682],[-70.26617,43.66435],[-70.27723,43.66921],[-70.27205,43.67945],[-70.25198,43.67723],[-70.25125,43.68549],[-70.2446,43.6886],[-70.25415,43.68843],[-70.25577,43.69125],[-70.2519,43.71432],[-70.25915,43.71327],[-70.26628,43.7176],[-70.24826,43.71472],[-70.24629,43.71942],[-70.24453,43.71821],[-70.24091,43.71268],[-70.24583,43.70596],[-70.24237,43.70395],[-70.24587,43.6992],[-70.24323,43.69421],[-70.2382,43.69507],[-70.23058,43.70457],[-70.21969,43.70396],[-70.21439,43.71281],[-70.21786,43.71105],[-70.21707,43.71713],[-70.22263,43.71631],[-70.22203,43.72157],[-70.21882,43.71997],[-70.19346,43.74349],[-70.1923,43.74856],[-70.19828,43.75325],[-70.19311,43.76484],[-70.19466,43.76985],[-70.17563,43.77799],[-70.17589,43.76522],[-70.17897,43.76275],[-70.17441,43.76168],[-70.16888,43.76468],[-70.16471,43.77271],[-70.16161,43.77129],[-70.15389,43.77492],[-70.15359,43.78093],[-70.14063,43.78958],[-70.14322,43.7919],[-70.16064,43.78896],[-70.17847,43.79844],[-70.16267,43.79429],[-70.16011,43.79108],[-70.1472,43.79528],[-70.15437,43.8002],[-70.15619,43.80458],[-70.15232,43.80801],[-70.15307,43.81229],[-70.15132,43.80808],[-70.15363,43.80241],[-70.14917,43.79803],[-70.13775,43.79804],[-70.13844,43.79985],[-70.13756,43.80177],[-70.1365,43.79505],[-70.13337,43.79511],[-70.12928,43.79841],[-70.1137,43.80053],[-70.10752,43.80799],[-70.11888,43.80351],[-70.11929,43.80791],[-70.11405,43.81422],[-70.12068,43.81443],[-70.11606,43.81672],[-70.11747,43.81863],[-70.11693,43.81898],[-70.1152,43.81598],[-70.10807,43.81835],[-70.10537,43.82129],[-70.10755,43.82392],[-70.09739,43.82982],[-70.10088,43.83481],[-70.09586,43.84135],[-70.09829,43.84259],[-70.09076,43.83915],[-70.09227,43.83504],[-70.07983,43.84732],[-70.07772,43.84511],[-70.08515,43.83981],[-70.0832,43.8354],[-70.09847,43.81861],[-70.10179,43.80988],[-70.09479,43.81591],[-70.08362,43.81886],[-70.08006,43.82759],[-70.07562,43.8284],[-70.07337,43.82379],[-70.06133,43.82786],[-70.06572,43.81997],[-70.06231,43.81831],[-70.06766,43.81614],[-70.06665,43.81262],[-70.07035,43.80882],[-70.05546,43.81988],[-70.05348,43.82306],[-70.05918,43.82418],[-70.05427,43.83001],[-70.04537,43.83259],[-70.04392,43.83748],[-70.03935,43.83919],[-70.04247,43.84135],[-70.04053,43.84375],[-70.0187,43.86225],[-70.00882,43.85824],[-69.99743,43.86674],[-69.98666,43.86805],[-69.98552,43.86496],[-70.00878,43.83954],[-70.02353,43.8298],[-70.02201,43.82805],[-70.02711,43.82294],[-70.01516,43.82872],[-70.00643,43.83772],[-70.00194,43.83732],[-69.98487,43.85628],[-69.98065,43.85611],[-69.98392,43.85103],[-69.97328,43.85422],[-69.974,43.85192],[-69.96736,43.85214],[-69.95063,43.86333],[-69.94648,43.86037],[-69.95299,43.855],[-69.9535,43.84783],[-69.9598,43.8467],[-69.96117,43.84153],[-69.97636,43.8271],[-69.97713,43.81583],[-69.98766,43.81303],[-69.99163,43.80797],[-69.99373,43.80939],[-69.99283,43.80572],[-70.00073,43.79704],[-70.00087,43.79165],[-70.00698,43.78915],[-70.0048,43.78626],[-70.01644,43.77951],[-70.02025,43.76611],[-70.02403,43.76751],[-70.03461,43.7566],[-70.04304,43.73805],[-70.03379,43.7455],[-70.03359,43.74769],[-70.03629,43.74651],[-70.02498,43.76316],[-70.02066,43.76031],[-70.03323,43.74852],[-70.02997,43.74846],[-70.03256,43.744],[-70.01482,43.75437],[-70.01873,43.74823],[-70.01427,43.74533],[-70.02164,43.7375],[-70.02572,43.73065],[-70.0179,43.74028],[-70.00219,43.74744],[-69.99809,43.75801],[-70.00721,43.75508],[-70.00817,43.76331],[-69.99809,43.7729],[-69.99103,43.77498],[-69.98509,43.78378],[-69.98654,43.78681],[-69.9776,43.78698],[-69.97864,43.79119],[-69.97373,43.7937],[-69.97931,43.8015],[-69.97473,43.80806],[-69.97175,43.80618],[-69.97214,43.79947],[-69.96234,43.81342],[-69.95966,43.81341],[-69.95862,43.80914],[-69.96976,43.79523],[-69.96028,43.79839],[-69.96113,43.80229],[-69.95526,43.81031],[-69.95761,43.8126],[-69.94801,43.82928],[-69.94833,43.83446],[-69.95203,43.8328],[-69.95213,43.83495],[-69.94765,43.84015],[-69.94896,43.83994],[-69.94963,43.84104],[-69.94494,43.84246],[-69.94496,43.83929],[-69.94401,43.83938],[-69.9402,43.84873],[-69.94446,43.85216],[-69.93856,43.85518],[-69.93722,43.86128],[-69.93131,43.86409],[-69.93304,43.85504],[-69.93077,43.8528],[-69.93888,43.84329],[-69.93771,43.83999],[-69.93413,43.84409],[-69.93057,43.84125],[-69.92679,43.85208],[-69.92447,43.85308],[-69.92408,43.85025],[-69.91614,43.86084],[-69.91443,43.87135],[-69.91391,43.85855],[-69.90885,43.86258],[-69.90722,43.88209],[-69.90606,43.86957],[-69.90357,43.8738],[-69.90295,43.86789],[-69.89984,43.86909],[-69.89157,43.89782],[-69.88715,43.89811],[-69.88802,43.89542],[-69.88356,43.89769],[-69.8885,43.88883],[-69.88294,43.8896],[-69.87486,43.90673],[-69.87045,43.9084],[-69.87036,43.9156],[-69.86522,43.923],[-69.86601,43.92906],[-69.86049,43.9357],[-69.86226,43.9219],[-69.8733,43.90089],[-69.87907,43.89436],[-69.87789,43.89043],[-69.88777,43.88292],[-69.89025,43.87025],[-69.88961,43.86391],[-69.88093,43.8573],[-69.87744,43.86601],[-69.88061,43.86712],[-69.88181,43.86371],[-69.88637,43.86712],[-69.88256,43.87217],[-69.88034,43.87018],[-69.87481,43.8728],[-69.87089,43.88612],[-69.87147,43.87417],[-69.86899,43.87886],[-69.86868,43.87786],[-69.87117,43.86017],[-69.86831,43.86141],[-69.86666,43.87225],[-69.86901,43.87275],[-69.86504,43.8773],[-69.86616,43.88609],[-69.86387,43.8826],[-69.86241,43.88702],[-69.86229,43.87608],[-69.86061,43.8809],[-69.85464,43.87748],[-69.85387,43.88379],[-69.85237,43.87652],[-69.8481,43.8805],[-69.84645,43.87863],[-69.84861,43.87517],[-69.86385,43.87188],[-69.86531,43.86056],[-69.85585,43.85736],[-69.86705,43.85843],[-69.86453,43.85212],[-69.87168,43.84394],[-69.87096,43.83487],[-69.86678,43.83055],[-69.86932,43.82602],[-69.86637,43.82482],[-69.86527,43.82918],[-69.85074,43.83463],[-69.84937,43.83277],[-69.84981,43.83886],[-69.84743,43.83665],[-69.84648,43.8402],[-69.84206,43.8399],[-69.84863,43.83138],[-69.84696,43.82781],[-69.85159,43.82702],[-69.85356,43.81548],[-69.86544,43.80808],[-69.85832,43.80286],[-69.85729,43.80978],[-69.85333,43.81232],[-69.84889,43.80703],[-69.84848,43.81288],[-69.84573,43.80958],[-69.84784,43.80578],[-69.84346,43.80471],[-69.85195,43.79593],[-69.85464,43.7967],[-69.85088,43.80007],[-69.85255,43.80391],[-69.85834,43.79966],[-69.86702,43.8033],[-69.87566,43.79409],[-69.86705,43.77462],[-69.87274,43.77341],[-69.87319,43.76573],[-69.87049,43.76444],[-69.86867,43.77299]],[[-69.97739,43.91403],[-69.96958,43.91813],[-69.96808,43.92207],[-69.97668,43.91557],[-69.98593,43.92773],[-69.99335,43.93004],[-69.98065,43.91512],[-69.97739,43.91403]]]},"properties":{}},{"type":"Feature","geometry":{"type":"Polygon","coordinates":[[[-69.87841,43.78842],[-69.87774,43.78158],[-69.88181,43.77662],[-69.88388,43.78213],[-69.87841,43.78842]]]},"properties":{}},{"type":"Feature","geometry":{"type":"Polygon","coordinates":[[[-69.92462,43.79329],[-69.92126,43.79727],[-69.92144,43.80075],[-69.92486,43.79631],[-69.92462,43.79329]]]},"properties":{}},{"type":"Feature","geometry":{"type":"Polygon","coordinates":[[[-69.87481,43.78428],[-69.87213,43.77974],[-69.87427,43.77803],[-69.87705,43.78077],[-69.87481,43.78428]]]},"properties":{}},{"type":"Feature","geometry":{"type":"Polygon","coordinates":[[[-70.21008,43.66292],[-70.20551,43.67073],[-70.21276,43.66548],[-70.21008,43.66292]]]},"properties":{}},{"type":"Feature","geometry":{"type":"Polygon","coordinates":[[[-69.91136,43.81312],[-69.90818,43.8155],[-69.90829,43.8182],[-69.91174,43.81685],[-69.91136,43.81312]]]},"properties":{}},{"type":"Feature","geometry":{"type":"Polygon","coordinates":[[[-70.11627,43.76413],[-70.12962,43.76416],[-70.13569,43.75773],[-70.1348,43.75324],[-70.11627,43.76413]]]},"properties":{}},{"type":"Feature","geometry":{"type":"Polygon","coordinates":[[[-70.09417,43.72255],[-70.08976,43.72597],[-70.08564,43.73132],[-70.09588,43.72431],[-70.09417,43.72255]]]},"properties":{}},{"type":"Feature","geometry":{"type":"Polygon","coordinates":[[[-69.92011,43.78504],[-69.92151,43.77805],[-69.91596,43.77785],[-69.91379,43.77471],[-69.91022,43.77829],[-69.91048,43.78558],[-69.91397,43.78571],[-69.91072,43.78699],[-69.91065,43.78851],[-69.92139,43.78726],[-69.92673,43.77652],[-69.92106,43.78551],[-69.91566,43.78556],[-69.92011,43.78504]]]},"properties":{}},{"type":"Feature","geometry":{"type":"Polygon","coordinates":[[[-70.1911,43.68826],[-70.19318,43.68208],[-70.18792,43.68429],[-70.18799,43.6805],[-70.193,43.67457],[-70.19991,43.67073],[-70.20462,43.67279],[-70.20203,43.68393],[-70.19609,43.68855],[-70.1911,43.68826]]]},"properties":{}},{"type":"Feature","geometry":{"type":"Polygon","coordinates":[[[-69.87146,43.85422],[-69.86975,43.85759],[-69.87215,43.86032],[-69.87298,43.85615],[-69.87146,43.85422]]]},"properties":{}},{"type":"Feature","geometry":{"type":"Polygon","coordinates":[[[-69.83188,43.95788],[-69.82428,43.95851],[-69.82661,43.9585],[-69.82457,43.96852],[-69.82905,43.96749],[-69.83235,43.96082],[-69.83188,43.95788]]]},"properties":{}},{"type":"Feature","geometry":{"type":"Polygon","coordinates":[[[-69.78022,44.05351],[-69.76848,44.06089],[-69.77258,44.06477],[-69.76685,44.06675],[-69.78299,44.06675],[-69.78022,44.05351]]]},"properties":{}},{"type":"Feature","geometry":{"type":"Polygon","coordinates":[[[-69.87552,43.81859],[-69.87686,43.83058],[-69.88146,43.83489],[-69.88091,43.84159],[-69.88217,43.82953],[-69.87552,43.81859]]]},"properties":{}},{"type":"Feature","geometry":{"type":"Polygon","coordinates":[[[-69.71667,43.93251],[-69.71667,44.06675],[-69.76431,44.06675],[-69.76864,44.06443],[-69.76558,44.06207],[-69.76857,44.05792],[-69.77593,44.05279],[-69.77623,44.04248],[-69.7825,44.04116],[-69.79044,44.03345],[-69.79881,44.03424],[-69.80301,44.02471],[-69.81544,44.01816],[-69.8116,44.00943],[-69.83021,43.98343],[-69.82544,43.9822],[-69.81296,43.99619],[-69.80997,43.99781],[-69.8217,43.98131],[-69.82081,43.97319],[-69.82331,43.97002],[-69.81628,43.96979],[-69.82063,43.9601],[-69.81777,43.95436],[-69.81172,43.95305],[-69.81442,43.9509],[-69.81094,43.95146],[-69.80307,43.93744],[-69.80379,43.90989],[-69.79704,43.91193],[-69.79677,43.922],[-69.7927,43.92443],[-69.79498,43.9296],[-69.79495,43.93235],[-69.79411,43.93324],[-69.79077,43.93525],[-69.79444,43.92976],[-69.79112,43.92222],[-69.78586,43.92071],[-69.78149,43.92257],[-69.78158,43.92663],[-69.77961,43.9277],[-69.7783,43.93209],[-69.77611,43.93351],[-69.78013,43.91878],[-69.78945,43.91999],[-69.79053,43.91646],[-69.7869,43.91385],[-69.78859,43.91175],[-69.78471,43.90531],[-69.76891,43.89353],[-69.76493,43.89807],[-69.76375,43.89311],[-69.75965,43.8965],[-69.75991,43.89121],[-69.76244,43.89061],[-69.75976,43.88841],[-69.75673,43.90625],[-69.75092,43.91459],[-69.75842,43.91203],[-69.75618,43.92086],[-69.74596,43.92182],[-69.74232,43.9255],[-69.74302,43.92263],[-69.73943,43.92282],[-69.74492,43.91844],[-69.74435,43.91445],[-69.74163,43.91605],[-69.74823,43.90767],[-69.7485,43.90053],[-69.74509,43.90233],[-69.74234,43.89882],[-69.73698,43.9023],[-69.73414,43.91112],[-69.73083,43.91528],[-69.72923,43.91314],[-69.72885,43.91783],[-69.73321,43.91755],[-69.7333,43.92009],[-69.72997,43.92461],[-69.7299,43.93446],[-69.72353,43.93948],[-69.72297,43.94522],[-69.72634,43.94589],[-69.72358,43.94598],[-69.72305,43.95126],[-69.7261,43.95109],[-69.72025,43.96091],[-69.72167,43.95396],[-69.71803,43.95424],[-69.72152,43.95282],[-69.72089,43.94757],[-69.71848,43.95154],[-69.71686,43.95107],[-69.72127,43.94651],[-69.72345,43.93643],[-69.72038,43.9375],[-69.72195,43.93368],[-69.71667,43.93251]]]},"properties":{}},{"type":"Feature","geometry":{"type":"Polygon","coordinates":[[[-69.73179,43.88072],[-69.72709,43.89784],[-69.73003,43.89361],[-69.73281,43.89502],[-69.73839,43.89164],[-69.72999,43.90452],[-69.71667,43.9092],[-69.71667,43.85531],[-69.71887,43.85678],[-69.71667,43.85168],[-69.7204,43.85277],[-69.71985,43.85972],[-69.72307,43.86347],[-69.72083,43.87115],[-69.72051,43.87578],[-69.72404,43.8677],[-69.72397,43.87431],[-69.72647,43.87173],[-69.72613,43.8773],[-69.73179,43.88072]]]},"properties":{}},{"type":"Feature","geometry":{"type":"Polygon","coordinates":[[[-69.93166,43.91355],[-69.93557,43.9183],[-69.94292,43.91935],[-69.93513,43.91428],[-69.93166,43.91355]]]},"properties":{}},{"type":"Feature","geometry":{"type":"Polygon","coordinates":[[[-69.89515,43.93991],[-69.89924,43.93642],[-69.89939,43.9335],[-69.8923,43.93739],[-69.89515,43.93991]]]},"properties":{}},{"type":"Feature","geometry":{"type":"Polygon","coordinates":[[[-69.74211,43.87996],[-69.74763,43.88007],[-69.74198,43.88397],[-69.74211,43.87996]]]},"properties":{}},{"type":"Feature","geometry":{"type":"Polygon","coordinates":[[[-69.80474,43.82587],[-69.80827,43.83118],[-69.8023,43.83747],[-69.80474,43.82587]]]},"properties":{}},{"type":"Feature","geometry":{"type":"Polygon","coordinates":[[[-69.87514,43.86637],[-69.87518,43.85727],[-69.87708,43.8553],[-69.87701,43.86352],[-69.87514,43.86637]]]},"properties":{}},{"type":"Feature","geometry":{"type":"Polygon","coordinates":[[[-69.79081,44.06675],[-69.78901,44.06316],[-69.79335,44.04773],[-69.79919,44.04508],[-69.80157,44.03836],[-69.81519,44.0359],[-69.81671,44.04182],[-69.80439,44.05406],[-69.80237,44.0657],[-69.79081,44.06675]]]},"properties":{}},{"type":"Feature","geometry":{"type":"Polygon","coordinates":[[[-69.73711,43.87479],[-69.7344,43.87739],[-69.73408,43.87314],[-69.73196,43.87289],[-69.73105,43.87708],[-69.73718,43.88178],[-69.73711,43.87479]]]},"properties":{}},{"type":"Feature","geometry":{"type":"Polygon","coordinates":[[[-69.38451,44.06622],[-69.38236,44.04881],[-69.38353,44.05104],[-69.3883,44.04877],[-69.38438,44.05391],[-69.38453,44.05796],[-69.38603,44.05277],[-69.39115,44.05101],[-69.39243,44.03886],[-69.39629,44.03237],[-69.40474,44.03402],[-69.40458,44.03656],[-69.39983,44.03716],[-69.3998,44.04332],[-69.40263,44.03748],[-69.4087,44.04446],[-69.40952,44.03899],[-69.40538,44.03862],[-69.40588,44.03233],[-69.41293,44.02951],[-69.4117,44.01767],[-69.39658,44.02066],[-69.39626,44.01786],[-69.39125,44.01737],[-69.39004,44.01104],[-69.39463,44.00319],[-69.39517,44.00553],[-69.42077,43.98006],[-69.42626,43.98054],[-69.42303,43.98856],[-69.42595,43.98663],[-69.42647,43.9898],[-69.42328,43.99288],[-69.42429,43.99663],[-69.4212,43.99204],[-69.41989,43.99742],[-69.42426,44.00047],[-69.42481,43.99766],[-69.42466,43.99993],[-69.42603,44.00068],[-69.42543,43.99687],[-69.43322,43.99135],[-69.42981,43.98826],[-69.44643,43.96691],[-69.44132,43.96511],[-69.44779,43.94761],[-69.45274,43.94388],[-69.45426,43.94713],[-69.46019,43.94509],[-69.45987,43.93704],[-69.45378,43.94178],[-69.45061,43.93659],[-69.46102,43.90961],[-69.45935,43.90336],[-69.47382,43.88553],[-69.47734,43.8907],[-69.48379,43.87701],[-69.49577,43.87411],[-69.48688,43.87394],[-69.49266,43.87074],[-69.48484,43.87361],[-69.50486,43.83671],[-69.51449,43.83242],[-69.51598,43.8375],[-69.51303,43.84447],[-69.5166,43.85656],[-69.52125,43.8613],[-69.51858,43.86983],[-69.52545,43.87202],[-69.52219,43.87353],[-69.52438,43.87735],[-69.52147,43.87968],[-69.5201,43.876],[-69.50506,43.88346],[-69.50797,43.8873],[-69.50452,43.89306],[-69.51165,43.88963],[-69.51293,43.89296],[-69.51317,43.89883],[-69.50979,43.89959],[-69.50859,43.89432],[-69.50613,43.89926],[-69.51137,43.90205],[-69.50852,43.90455],[-69.51622,43.90179],[-69.51827,43.90367],[-69.51378,43.88641],[-69.5282,43.88139],[-69.5279,43.87834],[-69.53738,43.87841],[-69.54044,43.883],[-69.53871,43.89655],[-69.53009,43.9049],[-69.5296,43.91416],[-69.5333,43.91743],[-69.53822,43.91287],[-69.53458,43.91281],[-69.53438,43.90844],[-69.53994,43.90741],[-69.54025,43.9121],[-69.54464,43.90713],[-69.54155,43.92329],[-69.54452,43.92148],[-69.54816,43.91809],[-69.54596,43.9148],[-69.54918,43.90924],[-69.54956,43.90343],[-69.54612,43.9004],[-69.55245,43.89863],[-69.55693,43.90463],[-69.55816,43.89365],[-69.56359,43.89081],[-69.56313,43.8884],[-69.55679,43.89207],[-69.55448,43.88276],[-69.5495,43.88374],[-69.54887,43.88728],[-69.54563,43.88573],[-69.5517,43.87738],[-69.55432,43.87909],[-69.55746,43.87603],[-69.55409,43.86523],[-69.55827,43.86231],[-69.56484,43.86217],[-69.56453,43.87393],[-69.57032,43.8733],[-69.56898,43.87113],[-69.57327,43.8668],[-69.58089,43.88702],[-69.57316,43.89176],[-69.57382,43.8872],[-69.57178,43.88776],[-69.56681,43.87508],[-69.5665,43.88721],[-69.56978,43.89221],[-69.5672,43.8942],[-69.56738,43.90224],[-69.56182,43.89681],[-69.56239,43.91299],[-69.56749,43.91142],[-69.56498,43.91938],[-69.56304,43.9181],[-69.56261,43.92732],[-69.5668,43.93073],[-69.5701,43.92843],[-69.57207,43.93237],[-69.57856,43.93015],[-69.57105,43.93815],[-69.57834,43.93464],[-69.58108,43.93646],[-69.57518,43.95317],[-69.56464,43.96016],[-69.57203,43.9625],[-69.57029,43.96891],[-69.5637,43.96613],[-69.56411,43.97064],[-69.5558,43.98148],[-69.55103,43.9819],[-69.54718,43.99089],[-69.54311,43.99384],[-69.54227,43.99083],[-69.54186,43.99452],[-69.53585,43.99786],[-69.53414,44.00978],[-69.53639,44.01466],[-69.53928,44.01404],[-69.53799,44.01885],[-69.54231,44.01756],[-69.52869,44.02615],[-69.52787,44.02918],[-69.53312,44.028],[-69.53132,44.03173],[-69.53356,44.03349],[-69.51425,44.04028],[-69.51255,44.04601],[-69.51701,44.04878],[-69.51787,44.04663],[-69.51869,44.04668],[-69.5207,44.0515],[-69.50577,44.05966],[-69.50572,44.06181],[-69.51386,44.05761],[-69.51496,44.06068],[-69.50697,44.06252],[-69.50992,44.06554],[-69.51662,44.06554],[-69.52293,44.06142],[-69.53198,44.04352],[-69.527,44.04262],[-69.52005,44.0463],[-69.51465,44.04382],[-69.51555,44.0414],[-69.5376,44.0338],[-69.53679,44.03137],[-69.54045,44.03148],[-69.54655,44.02497],[-69.54795,44.02009],[-69.54519,44.02013],[-69.5516,44.00857],[-69.54695,44.00561],[-69.54706,43.99977],[-69.55627,43.9939],[-69.55412,43.99052],[-69.55668,43.98708],[-69.56537,43.98648],[-69.56973,43.97991],[-69.57498,43.9791],[-69.57232,43.97398],[-69.57756,43.96817],[-69.57582,43.96014],[-69.5852,43.95226],[-69.59138,43.95649],[-69.59189,43.94381],[-69.58999,43.94877],[-69.5832,43.94941],[-69.58706,43.943],[-69.58944,43.94429],[-69.58884,43.93502],[-69.59551,43.9251],[-69.58979,43.9239],[-69.5958,43.91806],[-69.59992,43.918],[-69.59789,43.91251],[-69.60184,43.90963],[-69.60092,43.90441],[-69.59122,43.91336],[-69.59607,43.91472],[-69.59459,43.91726],[-69.58752,43.92098],[-69.58574,43.91694],[-69.57968,43.92367],[-69.57503,43.91555],[-69.58185,43.90461],[-69.58149,43.89996],[-69.58657,43.89597],[-69.59076,43.89709],[-69.58805,43.88168],[-69.59437,43.87227],[-69.58425,43.8711],[-69.58404,43.86534],[-69.59046,43.863],[-69.58271,43.86449],[-69.57611,43.85394],[-69.57486,43.85888],[-69.57302,43.85657],[-69.58043,43.82751],[-69.58752,43.83344],[-69.58354,43.8324],[-69.58515,43.8388],[-69.58557,43.83505],[-69.59011,43.83484],[-69.58328,43.82361],[-69.58689,43.82271],[-69.59045,43.81512],[-69.60426,43.81312],[-69.60635,43.8154],[-69.60392,43.81912],[-69.60546,43.82416],[-69.59125,43.82968],[-69.59368,43.83935],[-69.58592,43.85141],[-69.58743,43.85413],[-69.59066,43.85113],[-69.59248,43.85496],[-69.59023,43.86185],[-69.60403,43.85947],[-69.60705,43.84788],[-69.6139,43.84686],[-69.61347,43.85379],[-69.61749,43.84689],[-69.61982,43.84764],[-69.61316,43.83712],[-69.61648,43.82947],[-69.62102,43.82721],[-69.63092,43.83845],[-69.62395,43.84535],[-69.62488,43.85365],[-69.63278,43.8486],[-69.63572,43.85067],[-69.63254,43.85289],[-69.63646,43.85448],[-69.63897,43.84826],[-69.64675,43.84716],[-69.64956,43.84211],[-69.64731,43.83993],[-69.64476,43.84327],[-69.64004,43.8431],[-69.64862,43.83611],[-69.65543,43.84549],[-69.65166,43.85133],[-69.65331,43.85499],[-69.65559,43.84896],[-69.66122,43.84774],[-69.65974,43.85118],[-69.66443,43.85207],[-69.66538,43.86566],[-69.66995,43.86849],[-69.67288,43.86675],[-69.67269,43.87081],[-69.67882,43.86709],[-69.67882,43.87109],[-69.68171,43.86929],[-69.67907,43.8725],[-69.68157,43.87521],[-69.67654,43.8779],[-69.67637,43.87288],[-69.67181,43.87606],[-69.66971,43.87283],[-69.67131,43.88089],[-69.66638,43.88201],[-69.66387,43.87996],[-69.66776,43.87602],[-69.66488,43.8653],[-69.66026,43.88383],[-69.66297,43.89372],[-69.66048,43.89946],[-69.66177,43.90808],[-69.65861,43.9101],[-69.65972,43.91662],[-69.64948,43.93472],[-69.64709,43.93463],[-69.64703,43.92945],[-69.64294,43.93516],[-69.63875,43.9348],[-69.63744,43.92764],[-69.63495,43.93104],[-69.6343,43.92417],[-69.62985,43.92111],[-69.63422,43.91903],[-69.63421,43.91831],[-69.62851,43.9189],[-69.62617,43.91125],[-69.63029,43.90567],[-69.62456,43.90599],[-69.62506,43.91463],[-69.62127,43.91692],[-69.62194,43.92621],[-69.61846,43.92923],[-69.62544,43.92828],[-69.62587,43.92506],[-69.63104,43.92765],[-69.62923,43.93267],[-69.63212,43.93217],[-69.63403,43.9341],[-69.6283,43.93366],[-69.62546,43.93792],[-69.6337,43.93659],[-69.63474,43.94197],[-69.63928,43.93597],[-69.64834,43.93569],[-69.6411,43.95427],[-69.64422,43.9494],[-69.6471,43.95153],[-69.64948,43.93822],[-69.65568,43.93295],[-69.6605,43.93411],[-69.66335,43.9296],[-69.67121,43.92712],[-69.67179,43.93181],[-69.6694,43.93264],[-69.67287,43.93369],[-69.67243,43.93965],[-69.66189,43.96292],[-69.66338,43.96682],[-69.64812,43.99462],[-69.65864,43.99446],[-69.64861,44.00193],[-69.64411,44.0001],[-69.64477,43.99655],[-69.64062,43.9973],[-69.63967,44.00032],[-69.64327,44.00028],[-69.63988,44.00068],[-69.63998,44.00451],[-69.64357,44.00722],[-69.63878,44.01049],[-69.63742,44.01642],[-69.63099,44.01584],[-69.62557,44.02232],[-69.61881,44.02058],[-69.61889,44.01799],[-69.6134,44.02305],[-69.61,44.02074],[-69.6141,44.02964],[-69.60948,44.03474],[-69.60709,44.03394],[-69.6066,44.02353],[-69.60957,44.01344],[-69.5962,44.01375],[-69.59842,44.01188],[-69.59754,44.00998],[-69.59393,44.00853],[-69.58807,44.00964],[-69.59265,44.00672],[-69.59246,44.00268],[-69.58812,44.00374],[-69.59217,44.00307],[-69.59247,44.00607],[-69.58763,44.00986],[-69.5979,44.01147],[-69.59428,44.01478],[-69.5916,44.02154],[-69.59187,44.02496],[-69.58876,44.02667],[-69.58932,44.02904],[-69.58685,44.03031],[-69.58638,44.03301],[-69.59275,44.02472],[-69.59547,44.01443],[-69.60783,44.01383],[-69.60098,44.03697],[-69.6104,44.03781],[-69.60892,44.04439],[-69.61457,44.03136],[-69.61785,44.03026],[-69.61476,44.0285],[-69.61509,44.02524],[-69.61736,44.02187],[-69.61934,44.02462],[-69.61579,44.0285],[-69.62064,44.03079],[-69.61807,44.04315],[-69.61632,44.04788],[-69.6128,44.0446],[-69.60882,44.06141],[-69.60417,44.06675],[-69.39446,44.06675],[-69.39346,44.06263],[-69.39064,44.06666],[-69.38614,44.06331],[-69.38451,44.06622]]]},"properties":{}},{"type":"Feature","geometry":{"type":"Polygon","coordinates":[[[-69.60288,43.79108],[-69.59884,43.79233],[-69.6003,43.79561],[-69.59498,43.80291],[-69.60049,43.79904],[-69.60288,43.79108]]]},"properties":{}},{"type":"Feature","geometry":{"type":"Polygon","coordinates":[[[-69.66789,43.85551],[-69.66594,43.8618],[-69.66742,43.86613],[-69.67111,43.85735],[-69.66789,43.85551]]]},"properties":{}},{"type":"Feature","geometry":{"type":"Polygon","coordinates":[[[-69.38679,44.03097],[-69.3825,44.035],[-69.38236,44.04398],[-69.38941,44.03887],[-69.38679,44.03097]]]},"properties":{}},{"type":"Feature","geometry":{"type":"Polygon","coordinates":[[[-69.39171,43.97076],[-69.3911,43.9743],[-69.38777,43.97497],[-69.38926,43.97166],[-69.384,43.97532],[-69.38236,44.00628],[-69.38523,44.00219],[-69.38864,44.00191],[-69.38658,44.00459],[-69.38846,44.00474],[-69.38903,44.00051],[-69.3917,44.00136],[-69.39581,43.99631],[-69.39641,43.99299],[-69.39358,43.99311],[-69.39824,43.98255],[-69.39583,43.97917],[-69.39109,43.98003],[-69.39354,43.97493],[-69.39171,43.97076]]]},"properties":{}},{"type":"Feature","geometry":{"type":"Polygon","coordinates":[[[-69.71667,43.8366],[-69.71318,43.83858],[-69.70977,43.83244],[-69.71342,43.82952],[-69.70763,43.82838],[-69.71599,43.81037],[-69.71667,43.8366]]]},"properties":{}},{"type":"Feature","geometry":{"type":"Polygon","coordinates":[[[-69.58497,43.88974],[-69.58458,43.89479],[-69.58776,43.89444],[-69.58792,43.89212],[-69.58497,43.88974]]]},"properties":{}},{"type":"Feature","geometry":{"type":"Polygon","coordinates":[[[-69.68453,43.82083],[-69.6817,43.81208],[-69.68477,43.81097],[-69.68453,43.82083]]]},"properties":{}},{"type":"Feature","geometry":{"type":"Polygon","coordinates":[[[-69.38236,44.03283],[-69.38488,44.02415],[-69.38915,44.02899],[-69.38236,44.03283]]]},"properties":{}},{"type":"Feature","geometry":{"type":"Polygon","coordinates":[[[-69.66731,43.88464],[-69.66491,43.92707],[-69.67734,43.91453],[-69.67777,43.91134],[-69.67444,43.91333],[-69.67801,43.90518],[-69.68067,43.90859],[-69.68016,43.90012],[-69.68258,43.90097],[-69.68716,43.8879],[-69.68389,43.87586],[-69.67388,43.88433],[-69.67269,43.88085],[-69.66964,43.88566],[-69.66731,43.88464]]]},"properties":{}},{"type":"Feature","geometry":{"type":"Polygon","coordinates":[[[-69.681,43.86602],[-69.67755,43.86062],[-69.68028,43.85628],[-69.68,43.85855],[-69.68556,43.86015],[-69.6843,43.86462],[-69.681,43.86602]]]},"properties":{}},{"type":"Feature","geometry":{"type":"Polygon","coordinates":[[[-69.61228,44.05106],[-69.61198,44.05668],[-69.60506,44.06675],[-69.71667,44.06675],[-69.71667,43.93251],[-69.70965,43.95794],[-69.70812,43.95838],[-69.70536,43.95757],[-69.7089,43.95741],[-69.71026,43.93849],[-69.7059,43.94437],[-69.70554,43.93954],[-69.70145,43.94132],[-69.69871,43.95766],[-69.69504,43.95756],[-69.69801,43.95093],[-69.69694,43.94499],[-69.68612,43.95937],[-69.68181,43.95935],[-69.70957,43.91471],[-69.71272,43.90103],[-69.71602,43.90226],[-69.71431,43.90996],[-69.71667,43.9092],[-69.71602,43.85487],[-69.71186,43.8531],[-69.70623,43.86002],[-69.70659,43.86408],[-69.70963,43.86417],[-69.70346,43.87092],[-69.70419,43.87807],[-69.70085,43.87186],[-69.69936,43.87388],[-69.69714,43.89344],[-69.69247,43.90282],[-69.69317,43.91241],[-69.6977,43.90892],[-69.69446,43.91901],[-69.68663,43.9224],[-69.68108,43.92941],[-69.68118,43.92338],[-69.6761,43.92872],[-69.67619,43.93923],[-69.68,43.94099],[-69.67133,43.94979],[-69.66936,43.9608],[-69.67282,43.9617],[-69.65617,43.98869],[-69.66263,43.9864],[-69.67337,43.97183],[-69.67519,43.97282],[-69.67016,43.98366],[-69.67774,43.97555],[-69.67787,43.97943],[-69.67061,43.98863],[-69.67459,43.98803],[-69.66862,43.99203],[-69.67085,43.99375],[-69.67448,43.99051],[-69.6764,43.9969],[-69.67078,43.99872],[-69.67147,44.00101],[-69.6658,43.99916],[-69.66231,44.00202],[-69.66099,44.00516],[-69.66326,44.0059],[-69.65418,44.01732],[-69.64988,44.01103],[-69.64527,44.01139],[-69.63131,44.02042],[-69.63325,44.02155],[-69.61955,44.04752],[-69.61744,44.05083],[-69.61524,44.05157],[-69.61567,44.04852],[-69.61228,44.05106]]]},"properties":{}},{"type":"Feature","geometry":{"type":"Polygon","coordinates":[[[-70.50084,43.34031],[-70.5,43.5],[-70.8,43.5],[-70.8,43.2],[-70.58787,43.2],[-70.59095,43.2037],[-70.58764,43.20539],[-70.58939,43.20733],[-70.57649,43.21779],[-70.57573,43.2218],[-70.58168,43.22658],[-70.58164,43.23046],[-70.59051,43.23632],[-70.58719,43.23632],[-70.59084,43.23785],[-70.58832,43.24285],[-70.59582,43.24664],[-70.59704,43.25053],[-70.59374,43.24971],[-70.58151,43.27628],[-70.57062,43.28515],[-70.5652,43.30642],[-70.55637,43.3179],[-70.56035,43.3209],[-70.56116,43.31589],[-70.5691,43.31034],[-70.56983,43.30503],[-70.57649,43.30385],[-70.57113,43.30756],[-70.57629,43.31291],[-70.57296,43.31369],[-70.57234,43.31093],[-70.5638,43.32],[-70.56407,43.32155],[-70.57188,43.3203],[-70.57524,43.32183],[-70.56151,43.32252],[-70.55937,43.3248],[-70.5652,43.32572],[-70.56643,43.32891],[-70.55751,43.33058],[-70.56505,43.32821],[-70.55892,43.32559],[-70.55564,43.31901],[-70.54077,43.33421],[-70.54334,43.3344],[-70.53943,43.33709],[-70.54113,43.34317],[-70.542,43.33852],[-70.54386,43.3414],[-70.5422,43.343],[-70.54128,43.34347],[-70.54054,43.34317],[-70.53856,43.33821],[-70.53859,43.3367],[-70.54118,43.3352],[-70.52844,43.33902],[-70.51551,43.34522],[-70.52032,43.34549],[-70.51637,43.34683],[-70.51853,43.35144],[-70.51799,43.35174],[-70.50885,43.345],[-70.51342,43.34599],[-70.51421,43.34365],[-70.50088,43.34411],[-70.50084,43.34031]]]},"properties":{}},{"type":"Feature","geometry":{"type":"Polygon","coordinates":[[[-70.42711,43.36641],[-70.42045,43.36301],[-70.42159,43.35998],[-70.4278,43.36186],[-70.42485,43.36443],[-70.42711,43.36641]]]},"properties":{}},{"type":"Feature","geometry":{"type":"Polygon","coordinates":[[[-70.3851,43.4856],[-70.38265,43.5],[-70.5,43.5],[-70.5,43.34331],[-70.47611,43.34726],[-70.47488,43.35076],[-70.47942,43.3501],[-70.47484,43.35427],[-70.47936,43.35752],[-70.47711,43.35785],[-70.47813,43.36124],[-70.47302,43.35482],[-70.47244,43.34949],[-70.47527,43.34709],[-70.47303,43.34287],[-70.46617,43.34003],[-70.46152,43.34536],[-70.45989,43.34193],[-70.45857,43.34608],[-70.45126,43.34658],[-70.44441,43.35495],[-70.44803,43.3592],[-70.44688,43.36093],[-70.44042,43.35374],[-70.43698,43.35465],[-70.43928,43.35594],[-70.43623,43.35956],[-70.44192,43.36064],[-70.43892,43.36372],[-70.44364,43.36832],[-70.43819,43.36718],[-70.43768,43.36389],[-70.43547,43.37231],[-70.43087,43.36574],[-70.42928,43.37379],[-70.43608,43.37365],[-70.4356,43.37732],[-70.42547,43.37505],[-70.42371,43.37915],[-70.42537,43.38686],[-70.43553,43.38781],[-70.43801,43.39037],[-70.43589,43.39179],[-70.4404,43.39296],[-70.43562,43.39214],[-70.43569,43.39099],[-70.43746,43.39059],[-70.43514,43.38808],[-70.43147,43.39263],[-70.42903,43.39304],[-70.43234,43.38978],[-70.42833,43.38768],[-70.41992,43.39637],[-70.39909,43.40181],[-70.40401,43.40322],[-70.39986,43.40302],[-70.39788,43.40968],[-70.39272,43.41145],[-70.39252,43.41329],[-70.39032,43.41376],[-70.39234,43.41069],[-70.39698,43.40895],[-70.39701,43.40467],[-70.4,43.39897],[-70.39541,43.39818],[-70.39043,43.40206],[-70.39583,43.40655],[-70.38539,43.40775],[-70.38878,43.41061],[-70.38701,43.41243],[-70.38112,43.41128],[-70.38592,43.41318],[-70.38635,43.41799],[-70.37757,43.42107],[-70.37713,43.42737],[-70.3686,43.43543],[-70.34918,43.44236],[-70.34332,43.4399],[-70.33981,43.44549],[-70.33332,43.44723],[-70.34498,43.45083],[-70.35586,43.44695],[-70.35451,43.44454],[-70.35777,43.44311],[-70.3557,43.44206],[-70.36962,43.43682],[-70.37531,43.44202],[-70.36852,43.44799],[-70.37229,43.44916],[-70.37338,43.45343],[-70.35836,43.44662],[-70.35556,43.44852],[-70.37022,43.45327],[-70.37453,43.45989],[-70.39008,43.45981],[-70.40137,43.47282],[-70.41007,43.47135],[-70.40812,43.47361],[-70.41324,43.47673],[-70.4114,43.4783],[-70.42333,43.48206],[-70.42173,43.48054],[-70.42219,43.47931],[-70.42507,43.48351],[-70.43404,43.48395],[-70.43552,43.48796],[-70.44887,43.49292],[-70.4451,43.49387],[-70.4467,43.49578],[-70.43621,43.4942],[-70.43713,43.49203],[-70.42849,43.48848],[-70.43242,43.4851],[-70.42259,43.48387],[-70.41998,43.48632],[-70.41698,43.48018],[-70.41025,43.48031],[-70.40824,43.47583],[-70.39569,43.4749],[-70.39707,43.47097],[-70.39395,43.46664],[-70.38149,43.46204],[-70.3851,43.4856]]]},"properties":{}},{"type":"Feature","geometry":{"type":"Polygon","coordinates":[[[-70.21882,43.71997],[-70.2,43.73775],[-70.2,43.8],[-70.5,43.8],[-70.5,43.5],[-70.38265,43.5],[-70.35625,43.53289],[-70.34395,43.5391],[-70.32843,43.54082],[-70.33324,43.54455],[-70.34359,43.54515],[-70.33997,43.54582],[-70.34158,43.54797],[-70.34636,43.54797],[-70.34491,43.54556],[-70.34631,43.54373],[-70.34808,43.54681],[-70.34673,43.54896],[-70.34419,43.54891],[-70.34638,43.55137],[-70.34191,43.55701],[-70.34148,43.55208],[-70.33808,43.55041],[-70.33651,43.56375],[-70.32371,43.56631],[-70.32813,43.56839],[-70.32745,43.5696],[-70.32261,43.56925],[-70.32594,43.57275],[-70.32884,43.56937],[-70.33038,43.56928],[-70.33233,43.57288],[-70.32774,43.57435],[-70.33163,43.57302],[-70.33011,43.5699],[-70.32753,43.57301],[-70.32492,43.57309],[-70.32207,43.56921],[-70.32761,43.56875],[-70.32249,43.56611],[-70.33447,43.56171],[-70.33331,43.55614],[-70.33622,43.55412],[-70.3309,43.5501],[-70.31973,43.55583],[-70.31765,43.55159],[-70.31616,43.55406],[-70.31616,43.55177],[-70.32659,43.54884],[-70.32211,43.54459],[-70.32541,43.54091],[-70.31787,43.53398],[-70.32269,43.52743],[-70.30826,43.52942],[-70.31447,43.53553],[-70.30824,43.54411],[-70.27126,43.56342],[-70.27428,43.56728],[-70.27977,43.56767],[-70.27758,43.57018],[-70.27489,43.56852],[-70.27079,43.5763],[-70.25537,43.58379],[-70.25696,43.58485],[-70.25711,43.58689],[-70.25423,43.58486],[-70.25515,43.58318],[-70.26891,43.57565],[-70.27257,43.5686],[-70.26616,43.55435],[-70.24365,43.55197],[-70.2248,43.5645],[-70.21958,43.56333],[-70.21658,43.55721],[-70.20229,43.56023],[-70.20006,43.57225],[-70.20813,43.57835],[-70.20183,43.58679],[-70.21453,43.59041],[-70.21631,43.59262],[-70.21332,43.59625],[-70.21765,43.5976],[-70.21353,43.60403],[-70.21621,43.60941],[-70.20969,43.61296],[-70.20713,43.6231],[-70.22207,43.63323],[-70.22253,43.63946],[-70.22736,43.64305],[-70.22511,43.64989],[-70.23274,43.6495],[-70.23583,43.65561],[-70.24631,43.64527],[-70.24883,43.64605],[-70.24542,43.63901],[-70.24829,43.63725],[-70.25258,43.63974],[-70.25287,43.64492],[-70.25725,43.64353],[-70.25866,43.63384],[-70.26562,43.63383],[-70.26529,43.64062],[-70.27147,43.63412],[-70.28119,43.63619],[-70.28641,43.64234],[-70.29181,43.64169],[-70.29155,43.64487],[-70.29811,43.63691],[-70.30735,43.63427],[-70.29334,43.64349],[-70.31118,43.65801],[-70.30382,43.65713],[-70.29357,43.65065],[-70.29326,43.65277],[-70.29211,43.64903],[-70.28953,43.65067],[-70.29081,43.64629],[-70.28669,43.65071],[-70.28044,43.64051],[-70.2599,43.6448],[-70.25068,43.65338],[-70.25259,43.65573],[-70.24631,43.65583],[-70.24838,43.65795],[-70.23829,43.6664],[-70.24145,43.67074],[-70.25599,43.67577],[-70.25983,43.6682],[-70.26617,43.66435],[-70.27723,43.66921],[-70.27205,43.67945],[-70.25198,43.67723],[-70.25125,43.68549],[-70.2446,43.6886],[-70.25415,43.68843],[-70.25577,43.69125],[-70.2519,43.71432],[-70.25915,43.71327],[-70.26439,43.71708],[-70.24826,43.71472],[-70.24629,43.71942],[-70.24453,43.71821],[-70.24091,43.71268],[-70.24583,43.70596],[-70.24237,43.70395],[-70.24591,43.69839],[-70.24323,43.69421],[-70.23935,43.6945],[-70.23254,43.70363],[-70.22387,43.70284],[-70.21727,43.70587],[-70.21439,43.71281],[-70.21786,43.71105],[-70.21707,43.71713],[-70.22263,43.71631],[-70.22203,43.72157],[-70.21882,43.71997]]]},"properties":{}},{"type":"Feature","geometry":{"type":"Polygon","coordinates":[[[-70.2,43.67169],[-70.2,43.68571],[-70.20447,43.68024],[-70.20506,43.67322],[-70.2,43.67169]]]},"properties":{}},{"type":"Feature","geometry":{"type":"Polygon","coordinates":[[[-69.96045,43.79815],[-69.9681,43.8],[-69.96981,43.79567],[-69.96549,43.79873],[-69.96385,43.79549],[-69.96045,43.79815]]]},"properties":{}},{"type":"Feature","geometry":{"type":"Polygon","coordinates":[[[-70.2,43.64595],[-70.19012,43.64549],[-70.2,43.63758],[-70.2,43.64595]]]},"properties":{}},{"type":"Feature","geometry":{"type":"Polygon","coordinates":[[[-69.90268,43.77167],[-69.9,43.78205],[-69.90294,43.77907],[-69.90268,43.77167]]]},"properties":{}},{"type":"Feature","geometry":{"type":"Polygon","coordinates":[[[-70.1365,43.79505],[-70.12928,43.79841],[-70.12222,43.8],[-70.13779,43.8],[-70.1365,43.79505]]]},"properties":{}},{"type":"Feature","geometry":{"type":"Polygon","coordinates":[[[-69.90086,43.79187],[-69.9,43.8],[-69.90475,43.8],[-69.90495,43.79392],[-69.90086,43.79187]]]},"properties":{}},{"type":"Feature","geometry":{"type":"Polygon","coordinates":[[[-69.90578,43.79917],[-69.91745,43.8],[-69.91803,43.7962],[-69.91318,43.79932],[-69.91432,43.79343],[-69.91127,43.79049],[-69.90578,43.79917]]]},"properties":{}},{"type":"Feature","geometry":{"type":"Polygon","coordinates":[[[-70.19902,43.56543],[-70.1963,43.56539],[-70.2,43.5625],[-70.2,43.56896],[-70.19703,43.56946],[-70.19902,43.56543]]]},"properties":{}},{"type":"Feature","geometry":{"type":"Polygon","coordinates":[[[-69.94289,43.76883],[-69.93145,43.78544],[-69.92983,43.79234],[-69.93372,43.78739],[-69.93559,43.78913],[-69.93393,43.8],[-69.94352,43.7995],[-69.95902,43.77593],[-69.96143,43.77668],[-69.95074,43.79209],[-69.95131,43.79594],[-69.95444,43.79066],[-69.95645,43.79252],[-69.9616,43.78564],[-69.96432,43.78681],[-69.96564,43.77567],[-69.97379,43.77625],[-69.97657,43.76214],[-69.98107,43.75998],[-69.97828,43.7652],[-69.98035,43.76422],[-69.98777,43.75022],[-69.98245,43.75081],[-69.97898,43.75807],[-69.97391,43.76057],[-69.97533,43.75311],[-69.97136,43.75395],[-69.95537,43.77229],[-69.94611,43.79358],[-69.94256,43.79425],[-69.94272,43.78536],[-69.94956,43.76646],[-69.9428,43.7785],[-69.94395,43.77477],[-69.9407,43.77551],[-69.94289,43.76883]],[[-69.93936,43.78244],[-69.93652,43.7812],[-69.9374,43.78864],[-69.94304,43.7787],[-69.93936,43.78244]]]},"properties":{}},{"type":"Feature","geometry":{"type":"Polygon","coordinates":[[[-69.91022,43.77829],[-69.91464,43.78819],[-69.92184,43.78217],[-69.91951,43.78201],[-69.92151,43.77805],[-69.91577,43.77802],[-69.91511,43.77462],[-69.91022,43.77829]]]},"properties":{}},{"type":"Feature","geometry":{"type":"Polygon","coordinates":[[[-69.97879,43.7992],[-69.97373,43.7937],[-69.97864,43.79119],[-69.9776,43.78698],[-69.98631,43.78712],[-69.98509,43.78378],[-69.99031,43.77561],[-69.99809,43.7729],[-70.00817,43.76331],[-70.00721,43.75508],[-69.99809,43.75801],[-70.00219,43.74744],[-70.0177,43.74046],[-70.01422,43.74553],[-70.01873,43.74823],[-70.01482,43.75437],[-70.03256,43.744],[-70.02997,43.74846],[-70.03323,43.74852],[-70.02066,43.76031],[-70.02498,43.76316],[-70.03629,43.74651],[-70.03359,43.74769],[-70.03379,43.7455],[-70.04322,43.73811],[-70.03461,43.7566],[-70.02427,43.76747],[-70.02025,43.76611],[-70.01855,43.77804],[-70.0048,43.78626],[-70.00698,43.78915],[-70.00087,43.79165],[-69.99945,43.79851],[-69.97879,43.7992]]]},"properties":{}},{"type":"Feature","geometry":{"type":"Polygon","coordinates":[[[-69.92673,43.77652],[-69.91825,43.78697],[-69.92139,43.78726],[-69.92501,43.78351],[-69.92673,43.77652]]]},"properties":{}},{"type":"Feature","geometry":{"type":"Polygon","coordinates":[[[-70.15412,43.8],[-70.14678,43.79575],[-70.16011,43.79108],[-70.17831,43.79833],[-70.16017,43.78882],[-70.14322,43.7919],[-70.14063,43.78958],[-70.15359,43.78093],[-70.15389,43.77492],[-70.16161,43.77129],[-70.16454,43.77284],[-70.16888,43.76468],[-70.17441,43.76168],[-70.17897,43.76275],[-70.17589,43.76522],[-70.17568,43.77842],[-70.19537,43.76946],[-70.19297,43.76555],[-70.19828,43.75325],[-70.1923,43.74856],[-70.19535,43.73977],[-70.2,43.73775],[-70.2,43.8],[-70.15412,43.8]]]},"properties":{}},{"type":"Feature","geometry":{"type":"Polygon","coordinates":[[[-69.88829,43.79635],[-69.88805,43.8],[-69.9,43.8],[-69.9,43.79185],[-69.89764,43.79207],[-69.89621,43.79124],[-69.89978,43.78992],[-69.89637,43.78925],[-69.89603,43.79292],[-69.89352,43.78914],[-69.89807,43.78734],[-69.9,43.78205],[-69.89754,43.77445],[-69.89451,43.77496],[-69.89588,43.78037],[-69.89121,43.78059],[-69.89022,43.78752],[-69.89385,43.78734],[-69.89155,43.79551],[-69.88829,43.79635]]]},"properties":{}},{"type":"Feature","geometry":{"type":"Polygon","coordinates":[[[-69.72714,43.78492],[-69.72565,43.78723],[-69.72145,43.785],[-69.71912,43.7873],[-69.71798,43.8],[-69.74498,43.8],[-69.7485,43.78883],[-69.75035,43.78781],[-69.74717,43.8],[-69.752,43.8],[-69.75368,43.79658],[-69.75374,43.8],[-69.78141,43.8],[-69.78269,43.7934],[-69.77603,43.78988],[-69.77369,43.77731],[-69.76952,43.77948],[-69.77243,43.77441],[-69.76967,43.7696],[-69.77146,43.77161],[-69.77596,43.76675],[-69.7766,43.75507],[-69.77128,43.75508],[-69.7708,43.76275],[-69.7679,43.76441],[-69.76662,43.75369],[-69.7621,43.75442],[-69.76446,43.75613],[-69.76283,43.76215],[-69.76615,43.76463],[-69.7603,43.76559],[-69.75919,43.77042],[-69.75287,43.77387],[-69.75,43.7726],[-69.75316,43.76475],[-69.75134,43.75995],[-69.75491,43.76175],[-69.75761,43.75328],[-69.75481,43.7524],[-69.74733,43.75845],[-69.74928,43.76045],[-69.74359,43.76536],[-69.74013,43.77449],[-69.73691,43.77504],[-69.73949,43.77967],[-69.73978,43.78283],[-69.73909,43.78497],[-69.73593,43.77529],[-69.73902,43.77092],[-69.72095,43.78251],[-69.72714,43.78492]]]},"properties":{}},{"type":"Feature","geometry":{"type":"Polygon","coordinates":[[[-69.86726,43.74878],[-69.86925,43.74768],[-69.86882,43.74244],[-69.86608,43.74336],[-69.86726,43.74878]]]},"properties":{}},{"type":"Feature","geometry":{"type":"Polygon","coordinates":[[[-69.78029,43.78812],[-69.78156,43.78044],[-69.77889,43.77661],[-69.78029,43.78812]]]},"properties":{}},{"type":"Feature","geometry":{"type":"Polygon","coordinates":[[[-69.65583,43.79184],[-69.65303,43.8],[-69.66853,43.8],[-69.66061,43.78598],[-69.6527,43.78748],[-69.65583,43.79184]]]},"properties":{}},{"type":"Feature","geometry":{"type":"Polygon","coordinates":[[[-69.79816,43.8],[-69.79208,43.78884],[-69.80097,43.78601],[-69.80031,43.79326],[-69.80381,43.79812],[-69.80722,43.79228],[-69.80352,43.78544],[-69.79661,43.78115],[-69.7977,43.7761],[-69.79449,43.77345],[-69.79666,43.76952],[-69.7936,43.76708],[-69.78801,43.77057],[-69.78642,43.76817],[-69.79235,43.76479],[-69.79373,43.75839],[-69.79875,43.76304],[-69.80409,43.74467],[-69.8006,43.74075],[-69.80236,43.74099],[-69.80304,43.74063],[-69.80324,43.74018],[-69.80061,43.74035],[-69.79207,43.75195],[-69.78535,43.75205],[-69.7845,43.75501],[-69.77877,43.74352],[-69.79154,43.73966],[-69.79494,43.73394],[-69.81244,43.73309],[-69.80541,43.7351],[-69.80836,43.73662],[-69.81478,43.73326],[-69.81799,43.73623],[-69.81318,43.74234],[-69.81233,43.74631],[-69.81379,43.7475],[-69.819,43.73454],[-69.80956,43.73072],[-69.83391,43.72185],[-69.82405,43.73177],[-69.82474,43.73284],[-69.83484,43.72362],[-69.83607,43.71555],[-69.83184,43.71071],[-69.83861,43.70724],[-69.834,43.70121],[-69.83704,43.70017],[-69.83844,43.7048],[-69.84264,43.70632],[-69.85515,43.70426],[-69.84935,43.71708],[-69.85528,43.71838],[-69.85484,43.72271],[-69.85843,43.72426],[-69.84849,43.74204],[-69.84599,43.73994],[-69.84934,43.73324],[-69.84824,43.73116],[-69.8477,43.73494],[-69.84695,43.73233],[-69.85165,43.72032],[-69.84964,43.71923],[-69.84685,43.72049],[-69.84831,43.72814],[-69.83753,43.72725],[-69.8412,43.73208],[-69.84519,43.73227],[-69.84564,43.73641],[-69.84143,43.74014],[-69.84457,43.74185],[-69.84412,43.74649],[-69.84767,43.74761],[-69.84218,43.75557],[-69.84173,43.75971],[-69.85492,43.74513],[-69.86201,43.74879],[-69.86231,43.74374],[-69.86376,43.74305],[-69.86596,43.751],[-69.86363,43.75801],[-69.85929,43.75876],[-69.86006,43.7635],[-69.86417,43.76296],[-69.86348,43.76886],[-69.87454,43.78684],[-69.87423,43.79733],[-69.87175,43.8],[-69.85202,43.8],[-69.8572,43.79633],[-69.85149,43.79575],[-69.84993,43.8],[-69.79816,43.8]]]},"properties":{}},{"type":"Feature","geometry":{"type":"Polygon","coordinates":[[[-69.8677,43.77232],[-69.87274,43.77341],[-69.87342,43.76816],[-69.87117,43.76423],[-69.8677,43.77232]]]},"properties":{}},{"type":"Feature","geometry":{"type":"Polygon","coordinates":[[[-69.91745,43.80085],[-69.9,43.8],[-69.9,43.80941],[-69.90493,43.80526],[-69.90538,43.80801],[-69.91123,43.80959],[-69.91745,43.80085]]]},"properties":{}},{"type":"Feature","geometry":{"type":"Polygon","coordinates":[[[-69.9,43.99828],[-69.9,44.1],[-70.2,44.1],[-70.2,43.8],[-70.15412,43.8],[-70.15755,43.80503],[-70.15241,43.80777],[-70.15601,43.81079],[-70.15258,43.80981],[-70.1521,43.81032],[-70.15344,43.81155],[-70.15345,43.81329],[-70.15144,43.81045],[-70.15132,43.80808],[-70.15409,43.8045],[-70.15195,43.8],[-70.13841,43.8],[-70.1373,43.80373],[-70.13779,43.8],[-70.11411,43.80032],[-70.10752,43.80799],[-70.12096,43.80297],[-70.11396,43.81402],[-70.1214,43.81404],[-70.12299,43.81504],[-70.11622,43.81654],[-70.11693,43.81898],[-70.11494,43.8159],[-70.10807,43.81835],[-70.10537,43.82129],[-70.10755,43.82392],[-70.09739,43.82982],[-70.10112,43.83493],[-70.09586,43.84135],[-70.09966,43.84234],[-70.09085,43.84034],[-70.09292,43.83497],[-70.08222,43.84243],[-70.08011,43.84705],[-70.08531,43.847],[-70.08773,43.84896],[-70.08845,43.85127],[-70.08658,43.85347],[-70.08821,43.85118],[-70.08533,43.84722],[-70.0818,43.84832],[-70.07897,43.84713],[-70.0793,43.84486],[-70.07417,43.84739],[-70.08515,43.83981],[-70.0832,43.8354],[-70.10267,43.81161],[-70.09926,43.80956],[-70.09453,43.81609],[-70.08362,43.81886],[-70.07989,43.82782],[-70.07581,43.82858],[-70.07337,43.82379],[-70.06143,43.82799],[-70.06572,43.81997],[-70.06216,43.81851],[-70.06766,43.81614],[-70.06665,43.81262],[-70.07122,43.80882],[-70.07035,43.80882],[-70.05546,43.81988],[-70.05348,43.82306],[-70.05918,43.82418],[-70.05427,43.83001],[-70.04537,43.83259],[-70.04384,43.83766],[-70.03935,43.83919],[-70.04229,43.84168],[-70.0201,43.85906],[-70.02005,43.86339],[-70.01834,43.86021],[-70.00882,43.85824],[-69.99743,43.86674],[-69.98718,43.86668],[-69.98709,43.86791],[-69.98869,43.86851],[-69.98867,43.86902],[-69.98537,43.86702],[-69.98552,43.86496],[-69.99143,43.86136],[-69.99446,43.85334],[-70.02353,43.8298],[-70.02201,43.82805],[-70.02711,43.82294],[-70.01516,43.82872],[-70.00643,43.83772],[-70.00194,43.83732],[-69.98487,43.85628],[-69.9806,43.85583],[-69.98392,43.85103],[-69.97328,43.85422],[-69.974,43.85192],[-69.96736,43.85214],[-69.95991,43.85562],[-69.95858,43.8595],[-69.94804,43.86266],[-69.94623,43.85919],[-69.95199,43.85731],[-69.9535,43.84783],[-69.96,43.84653],[-69.96139,43.84119],[-69.97636,43.8271],[-69.97713,43.81583],[-69.98766,43.81303],[-69.99163,43.80797],[-69.99366,43.80953],[-69.99283,43.80572],[-69.9978,43.80057],[-69.9791,43.8],[-69.97319,43.80848],[-69.97129,43.80482],[-69.97294,43.8003],[-69.97205,43.8],[-69.96179,43.81352],[-69.95862,43.80914],[-69.96258,43.80248],[-69.9681,43.8],[-69.96029,43.8],[-69.95526,43.81031],[-69.95761,43.8126],[-69.94801,43.82928],[-69.94833,43.83446],[-69.95055,43.83511],[-69.95119,43.83304],[-69.95269,43.83353],[-69.94765,43.84015],[-69.94896,43.83994],[-69.94963,43.84104],[-69.94494,43.84246],[-69.94534,43.8394],[-69.94401,43.83938],[-69.9402,43.84873],[-69.94374,43.85218],[-69.93856,43.85518],[-69.93749,43.86113],[-69.93131,43.86409],[-69.93336,43.86182],[-69.93084,43.85169],[-69.93888,43.84329],[-69.93771,43.83999],[-69.93413,43.84409],[-69.92983,43.84171],[-69.92724,43.85137],[-69.92511,43.8533],[-69.92366,43.85064],[-69.91513,43.86563],[-69.91382,43.85831],[-69.9095,43.86275],[-69.90812,43.88187],[-69.9067,43.86972],[-69.90394,43.87414],[-69.9036,43.86816],[-69.90041,43.86925],[-69.9,43.92288],[-69.91066,43.92027],[-69.91794,43.91128],[-69.9254,43.91473],[-69.93022,43.91043],[-69.9554,43.92223],[-69.96501,43.91896],[-69.96579,43.92016],[-69.96766,43.92014],[-69.968,43.9208],[-69.95549,43.92518],[-69.93569,43.91925],[-69.93028,43.91471],[-69.92859,43.91657],[-69.92947,43.91317],[-69.92439,43.91788],[-69.92801,43.91648],[-69.92664,43.91828],[-69.90547,43.92744],[-69.9,43.93757],[-69.9,43.9523],[-69.90256,43.95559],[-69.90836,43.95199],[-69.90939,43.95381],[-69.91048,43.94907],[-69.9119,43.95256],[-69.91035,43.95389],[-69.90412,43.95544],[-69.90075,43.95846],[-69.9,43.99721],[-69.90374,43.99893],[-69.90278,43.99483],[-69.90638,43.99622],[-69.90635,43.99186],[-69.91057,43.98707],[-69.9091,43.98454],[-69.91243,43.98824],[-69.90736,43.99268],[-69.90808,43.99805],[-69.90516,44.00026],[-69.9,43.99828]],[[-69.97527,43.91522],[-69.96808,43.92207],[-69.97668,43.91557],[-69.98593,43.92773],[-69.99335,43.93004],[-69.98065,43.91512],[-69.97527,43.91522]]]},"properties":{}},{"type":"Feature","geometry":{"type":"Polygon","coordinates":[[[-69.90823,43.8177],[-69.90866,43.81327],[-69.91136,43.81312],[-69.91174,43.81685],[-69.90823,43.8177]]]},"properties":{}},{"type":"Feature","geometry":{"type":"Polygon","coordinates":[[[-69.91743,43.91971],[-69.91454,43.91952],[-69.91641,43.91387],[-69.92161,43.91354],[-69.91743,43.91971]]]},"properties":{}},{"type":"Feature","geometry":{"type":"Polygon","coordinates":[[[-69.92011,43.84037],[-69.91479,43.84931],[-69.91376,43.85799],[-69.91246,43.85362],[-69.90834,43.85797],[-69.90025,43.85705],[-69.9,43.82441],[-69.90184,43.82337],[-69.90145,43.82913],[-69.90336,43.82532],[-69.90531,43.82582],[-69.9045,43.8332],[-69.91052,43.82364],[-69.91255,43.83102],[-69.91423,43.824],[-69.91349,43.836],[-69.92553,43.8],[-69.93214,43.80145],[-69.92973,43.80855],[-69.93393,43.8],[-69.94278,43.8],[-69.9428,43.8039],[-69.94541,43.8],[-69.94626,43.8],[-69.94192,43.80989],[-69.9456,43.81058],[-69.94391,43.81376],[-69.94761,43.81202],[-69.95217,43.81585],[-69.93456,43.8411],[-69.93449,43.81547],[-69.93179,43.80809],[-69.92882,43.8278],[-69.92531,43.83231],[-69.92588,43.84381],[-69.91702,43.85777],[-69.92011,43.84037]]]},"properties":{}},{"type":"Feature","geometry":{"type":"Polygon","coordinates":[[[-69.79928,44.08712],[-69.7854,44.09099],[-69.77707,44.1],[-69.9,44.1],[-69.9,43.99828],[-69.89459,44.00858],[-69.88856,44.00979],[-69.88464,44.0058],[-69.88078,44.00854],[-69.87813,44.00476],[-69.87465,44.00753],[-69.88297,43.99603],[-69.88303,43.98973],[-69.87002,43.99228],[-69.87025,43.98778],[-69.86448,43.98746],[-69.86542,43.98257],[-69.85594,43.9888],[-69.85847,43.99159],[-69.8526,44.00325],[-69.85423,44.00773],[-69.85076,44.01485],[-69.84565,44.01538],[-69.84226,44.02042],[-69.84604,44.02349],[-69.84159,44.02841],[-69.83849,44.02816],[-69.84347,44.02528],[-69.84129,44.01776],[-69.84484,44.01496],[-69.84907,44.0148],[-69.85157,44.01014],[-69.84333,44.00255],[-69.82543,44.00252],[-69.82272,44.00528],[-69.82832,44.00542],[-69.83114,44.01157],[-69.83039,44.01669],[-69.81824,44.02716],[-69.82401,44.03146],[-69.82098,44.03833],[-69.82271,44.04174],[-69.81057,44.0537],[-69.79928,44.08712]]]},"properties":{}},{"type":"Feature","geometry":{"type":"Polygon","coordinates":[[[-69.60053,44.05903],[-69.6,44.1],[-69.76918,44.1],[-69.7749,44.09621],[-69.78423,44.08784],[-69.78217,44.08245],[-69.78619,44.07506],[-69.77986,44.07359],[-69.78306,44.06663],[-69.78022,44.05351],[-69.77255,44.056],[-69.76849,44.06099],[-69.77153,44.06443],[-69.76121,44.07204],[-69.76344,44.0687],[-69.76121,44.06733],[-69.76835,44.06473],[-69.76558,44.06207],[-69.77593,44.05279],[-69.77612,44.04258],[-69.7825,44.04116],[-69.79044,44.03345],[-69.79854,44.03438],[-69.8032,44.02458],[-69.8154,44.01871],[-69.81674,44.01619],[-69.81163,44.00939],[-69.83024,43.98339],[-69.82532,43.98219],[-69.80912,43.99993],[-69.82138,43.98171],[-69.82275,43.97572],[-69.82005,43.97369],[-69.82339,43.97017],[-69.81464,43.97079],[-69.82091,43.96204],[-69.8173,43.96152],[-69.82058,43.96012],[-69.81471,43.95059],[-69.81128,43.95143],[-69.80545,43.94455],[-69.80565,43.93867],[-69.80362,43.9394],[-69.80433,43.9101],[-69.79772,43.91165],[-69.79726,43.92224],[-69.79306,43.92471],[-69.78668,43.92035],[-69.78154,43.92282],[-69.77474,43.94785],[-69.78239,43.9538],[-69.77047,43.95577],[-69.76655,43.94674],[-69.76933,43.94252],[-69.76641,43.94249],[-69.77569,43.93862],[-69.781,43.91908],[-69.791,43.91826],[-69.78566,43.90531],[-69.76871,43.89553],[-69.76949,43.89358],[-69.76489,43.8976],[-69.76379,43.89312],[-69.75957,43.89645],[-69.76248,43.89086],[-69.7602,43.88822],[-69.75637,43.9053],[-69.76107,43.90485],[-69.75613,43.90649],[-69.75097,43.91433],[-69.75521,43.91156],[-69.75911,43.91102],[-69.7551,43.91751],[-69.75631,43.9207],[-69.75417,43.92359],[-69.74596,43.92182],[-69.74227,43.9255],[-69.74306,43.92266],[-69.73993,43.92297],[-69.73924,43.92247],[-69.74492,43.91844],[-69.74435,43.91445],[-69.74163,43.91605],[-69.74541,43.90877],[-69.74874,43.90869],[-69.7482,43.89915],[-69.74529,43.90233],[-69.74248,43.89882],[-69.73698,43.9023],[-69.73414,43.91112],[-69.73083,43.91528],[-69.72923,43.91314],[-69.72885,43.91783],[-69.73321,43.91755],[-69.7333,43.92009],[-69.72997,43.92461],[-69.7299,43.93446],[-69.72353,43.93948],[-69.72297,43.94522],[-69.72634,43.94589],[-69.72344,43.94621],[-69.7234,43.95165],[-69.72706,43.95169],[-69.72342,43.95364],[-69.72226,43.95923],[-69.71895,43.96254],[-69.72077,43.9647],[-69.71859,43.96271],[-69.72202,43.95436],[-69.72125,43.95381],[-69.71942,43.95451],[-69.7182,43.95467],[-69.71811,43.95425],[-69.7216,43.9529],[-69.72089,43.94757],[-69.71854,43.95172],[-69.71667,43.9512],[-69.72127,43.94651],[-69.72345,43.93643],[-69.72028,43.93741],[-69.72195,43.93368],[-69.71865,43.93184],[-69.71375,43.93626],[-69.70898,43.95862],[-69.70436,43.9584],[-69.70889,43.95742],[-69.70891,43.95045],[-69.70663,43.9519],[-69.71081,43.94649],[-69.71026,43.93849],[-69.7059,43.94437],[-69.70554,43.93954],[-69.70145,43.94132],[-69.70226,43.94731],[-69.69693,43.95626],[-69.69916,43.95783],[-69.69738,43.95857],[-69.6957,43.955],[-69.69833,43.94734],[-69.69642,43.94373],[-69.69667,43.9484],[-69.69412,43.94827],[-69.68277,43.96506],[-69.6844,43.96885],[-69.6791,43.97328],[-69.67494,43.97232],[-69.67016,43.98366],[-69.67774,43.97555],[-69.67787,43.97943],[-69.67061,43.98863],[-69.67747,43.98718],[-69.67002,43.9899],[-69.66912,43.99348],[-69.67448,43.99051],[-69.6764,43.9969],[-69.67078,43.99872],[-69.67147,44.00101],[-69.6658,43.99916],[-69.66247,44.0018],[-69.66099,44.00516],[-69.66326,44.0059],[-69.65784,44.00954],[-69.65764,44.01453],[-69.65174,44.02169],[-69.65377,44.0174],[-69.64988,44.01103],[-69.63131,44.02042],[-69.63325,44.02155],[-69.61955,44.04752],[-69.6168,44.05118],[-69.61456,44.04825],[-69.61227,44.05107],[-69.60975,44.06145],[-69.60506,44.06675],[-69.60417,44.06675],[-69.61064,44.05639],[-69.61096,44.05105],[-69.60606,44.05116],[-69.60402,44.05938],[-69.60053,44.05903]]]},"properties":{}},{"type":"Feature","geometry":{"type":"Polygon","coordinates":[[[-69.60024,43.81323],[-69.6,43.82637],[-69.60061,43.82649],[-69.60612,43.8233],[-69.60388,43.81993],[-69.6062,43.8146],[-69.60024,43.81323]]]},"properties":{}},{"type":"Feature","geometry":{"type":"Polygon","coordinates":[[[-69.78902,44.0675],[-69.7847,44.07162],[-69.78912,44.07368],[-69.78902,44.0675]]]},"properties":{}},{"type":"Feature","geometry":{"type":"Polygon","coordinates":[[[-69.88427,43.96369],[-69.87923,43.97062],[-69.88634,43.96875],[-69.88751,43.96541],[-69.89444,43.9664],[-69.9,43.96295],[-69.9,43.93757],[-69.88514,43.95259],[-69.88164,43.96103],[-69.88427,43.96369]]]},"properties":{}},{"type":"Feature","geometry":{"type":"Polygon","coordinates":[[[-69.60709,44.03394],[-69.6097,44.01416],[-69.6072,44.01232],[-69.6084,44.0116],[-69.61123,44.01202],[-69.61238,44.01145],[-69.60935,44.00953],[-69.6,44.01497],[-69.6,43.85919],[-69.60556,43.8581],[-69.60705,43.84788],[-69.6139,43.84686],[-69.61347,43.85379],[-69.61749,43.84689],[-69.61982,43.84764],[-69.61316,43.83712],[-69.61648,43.82947],[-69.62102,43.82721],[-69.63092,43.83845],[-69.62935,43.84336],[-69.62395,43.84535],[-69.62488,43.85365],[-69.63278,43.8486],[-69.63572,43.85067],[-69.63254,43.85289],[-69.63646,43.85448],[-69.63897,43.84826],[-69.64675,43.84716],[-69.64956,43.84211],[-69.64731,43.83993],[-69.64476,43.84327],[-69.64004,43.8431],[-69.64862,43.83611],[-69.65543,43.84549],[-69.65166,43.85133],[-69.65331,43.85499],[-69.65559,43.84896],[-69.66122,43.84774],[-69.65974,43.85118],[-69.66443,43.85207],[-69.66538,43.86566],[-69.66995,43.86849],[-69.67288,43.86675],[-69.67341,43.87095],[-69.67882,43.86709],[-69.67882,43.87109],[-69.68171,43.86929],[-69.67907,43.8725],[-69.68157,43.87521],[-69.67654,43.8779],[-69.67637,43.87288],[-69.67181,43.87606],[-69.66971,43.87283],[-69.67131,43.88089],[-69.66638,43.88201],[-69.66387,43.87996],[-69.66776,43.87602],[-69.66488,43.8653],[-69.66026,43.88383],[-69.66297,43.89372],[-69.66048,43.89946],[-69.66177,43.90808],[-69.65861,43.9101],[-69.65972,43.91662],[-69.64948,43.93472],[-69.64709,43.93463],[-69.64703,43.92945],[-69.64294,43.93516],[-69.63875,43.9348],[-69.63744,43.92764],[-69.63495,43.93104],[-69.6343,43.92417],[-69.62985,43.92111],[-69.63422,43.91903],[-69.63421,43.91831],[-69.62851,43.9189],[-69.62617,43.91125],[-69.63029,43.90567],[-69.62456,43.90599],[-69.62506,43.91463],[-69.62127,43.91692],[-69.62194,43.92621],[-69.61846,43.92923],[-69.62544,43.92828],[-69.62587,43.92506],[-69.63104,43.92765],[-69.62923,43.93267],[-69.63212,43.93217],[-69.63403,43.9341],[-69.6283,43.93366],[-69.62546,43.93792],[-69.6337,43.93659],[-69.63474,43.94197],[-69.63928,43.93597],[-69.64834,43.93569],[-69.6411,43.95427],[-69.64422,43.9494],[-69.64749,43.95157],[-69.64948,43.93822],[-69.65568,43.93295],[-69.6605,43.93411],[-69.66335,43.9296],[-69.67121,43.92712],[-69.67179,43.93181],[-69.6694,43.93264],[-69.67287,43.93369],[-69.67232,43.9405],[-69.66189,43.96292],[-69.66338,43.96682],[-69.64811,43.994],[-69.65684,43.99256],[-69.65845,43.99476],[-69.64861,44.00193],[-69.64411,44.0001],[-69.64547,43.99613],[-69.64088,43.99666],[-69.63967,44.00032],[-69.64327,44.00028],[-69.63988,44.00068],[-69.6378,44.00437],[-69.64357,44.00722],[-69.63878,44.01049],[-69.63742,44.01642],[-69.63082,44.01592],[-69.62557,44.02232],[-69.61881,44.02058],[-69.61853,44.01791],[-69.61584,44.02226],[-69.61,44.02074],[-69.61407,44.02985],[-69.61289,44.03335],[-69.60802,44.03353],[-69.61094,44.035],[-69.60709,44.03394]]]},"properties":{}},{"type":"Feature","geometry":{"type":"Polygon","coordinates":[[[-69.60125,44.05861],[-69.6,44.01554],[-69.60744,44.01374],[-69.60101,44.03718],[-69.6104,44.03781],[-69.60892,44.04439],[-69.61581,44.0301],[-69.62064,44.03079],[-69.62051,44.03425],[-69.61632,44.04788],[-69.6128,44.0446],[-69.61065,44.05046],[-69.60554,44.05122],[-69.6034,44.05962],[-69.60125,44.05861]]]},"properties":{}},{"type":"Feature","geometry":{"type":"Polygon","coordinates":[[[-69.89683,43.85617],[-69.89251,43.85191],[-69.89147,43.85731],[-69.88609,43.8516],[-69.8924,43.83861],[-69.88516,43.84167],[-69.88785,43.82634],[-69.88433,43.82237],[-69.89102,43.81041],[-69.88805,43.8],[-69.9,43.8],[-69.9,43.81565],[-69.89656,43.81172],[-69.89638,43.81392],[-69.9,43.8178],[-69.9,43.85659],[-69.89927,43.85282],[-69.89825,43.85243],[-69.89683,43.85617]]]},"properties":{}},{"type":"Feature","geometry":{"type":"Polygon","coordinates":[[[-69.89525,44.00698],[-69.8854,44.00437],[-69.88091,44.00609],[-69.87962,44.00205],[-69.88667,43.98908],[-69.88208,43.97983],[-69.88861,43.9729],[-69.88866,43.96711],[-69.9,43.96398],[-69.9,43.99721],[-69.8953,44.00177],[-69.89525,44.00698]]]},"properties":{}},{"type":"Feature","geometry":{"type":"Polygon","coordinates":[[[-69.66166,43.84653],[-69.65835,43.84206],[-69.6558,43.84358],[-69.65605,43.83967],[-69.65249,43.83975],[-69.64905,43.83084],[-69.6531,43.81727],[-69.65303,43.8],[-69.66853,43.8],[-69.67322,43.81033],[-69.67407,43.80532],[-69.679,43.80726],[-69.68063,43.82176],[-69.68349,43.81993],[-69.68282,43.8108],[-69.68541,43.81159],[-69.685,43.82429],[-69.68984,43.82256],[-69.68499,43.83752],[-69.68164,43.83711],[-69.67916,43.83097],[-69.68339,43.8296],[-69.67861,43.82762],[-69.6756,43.83148],[-69.67256,43.82546],[-69.67371,43.833],[-69.66771,43.82977],[-69.67133,43.84831],[-69.66841,43.85029],[-69.66635,43.84579],[-69.66166,43.84653]]]},"properties":{}},{"type":"Feature","geometry":{"type":"Polygon","coordinates":[[[-69.86566,43.80373],[-69.85991,43.8],[-69.87175,43.8],[-69.86566,43.80373]]]},"properties":{}},{"type":"Feature","geometry":{"type":"Polygon","coordinates":[[[-69.85202,43.8],[-69.85352,43.80376],[-69.85908,43.8],[-69.85202,43.8]]]},"properties":{}},{"type":"Feature","geometry":{"type":"Polygon","coordinates":[[[-69.64669,43.81953],[-69.64701,43.82524],[-69.64879,43.82605],[-69.64942,43.82275],[-69.64669,43.81953]]]},"properties":{}},{"type":"Feature","geometry":{"type":"Polygon","coordinates":[[[-69.68,43.94099],[-69.67125,43.95],[-69.68761,43.94962],[-69.70957,43.91471],[-69.71236,43.9051],[-69.71447,43.9101],[-69.72336,43.90867],[-69.73799,43.89486],[-69.73789,43.8907],[-69.73281,43.89502],[-69.72866,43.89335],[-69.73179,43.88072],[-69.72613,43.8773],[-69.72647,43.87173],[-69.72397,43.87431],[-69.72404,43.8677],[-69.72051,43.87578],[-69.72309,43.86368],[-69.71985,43.85972],[-69.72017,43.85262],[-69.71536,43.85222],[-69.71854,43.85745],[-69.71205,43.85302],[-69.70693,43.85883],[-69.70567,43.86261],[-69.70963,43.86417],[-69.70346,43.87092],[-69.70419,43.87807],[-69.70038,43.87167],[-69.69714,43.89344],[-69.69247,43.90282],[-69.69317,43.91241],[-69.6977,43.90892],[-69.69446,43.91901],[-69.68663,43.9224],[-69.68108,43.92941],[-69.68118,43.92338],[-69.67667,43.92786],[-69.67619,43.93923],[-69.68,43.94099]]]},"properties":{}},{"type":"Feature","geometry":{"type":"Polygon","coordinates":[[[-69.7511,43.86361],[-69.75105,43.87103],[-69.75526,43.88215],[-69.7585,43.87411],[-69.76404,43.87236],[-69.75845,43.8683],[-69.75726,43.8624],[-69.76292,43.8601],[-69.75977,43.85712],[-69.76795,43.85694],[-69.76152,43.85242],[-69.76844,43.85631],[-69.77179,43.85045],[-69.769,43.84378],[-69.76789,43.8483],[-69.76412,43.84493],[-69.76555,43.84237],[-69.76361,43.84334],[-69.76131,43.84308],[-69.76474,43.84271],[-69.76299,43.8411],[-69.7674,43.83712],[-69.76447,43.83785],[-69.77032,43.83374],[-69.77206,43.82747],[-69.77083,43.82744],[-69.77039,43.82876],[-69.76858,43.829],[-69.76838,43.82831],[-69.76918,43.82783],[-69.76855,43.82722],[-69.77295,43.82641],[-69.77331,43.81589],[-69.77635,43.81543],[-69.77802,43.8099],[-69.77563,43.80688],[-69.77916,43.80721],[-69.78141,43.8],[-69.71798,43.8],[-69.72337,43.8193],[-69.71864,43.82071],[-69.72058,43.81661],[-69.71891,43.81813],[-69.71503,43.81046],[-69.70764,43.82853],[-69.71342,43.82952],[-69.70977,43.83244],[-69.71318,43.83858],[-69.71722,43.83654],[-69.71666,43.84916],[-69.71988,43.84696],[-69.72385,43.85118],[-69.73246,43.84511],[-69.73212,43.83675],[-69.73997,43.81937],[-69.74316,43.8182],[-69.74681,43.80423],[-69.7517,43.80255],[-69.74762,43.81038],[-69.75054,43.8096],[-69.74742,43.81746],[-69.75014,43.82111],[-69.74522,43.82312],[-69.74309,43.82729],[-69.7477,43.82595],[-69.74105,43.83409],[-69.73948,43.83828],[-69.74188,43.83899],[-69.73531,43.84531],[-69.73528,43.852],[-69.73302,43.85224],[-69.73564,43.85659],[-69.72995,43.85586],[-69.72802,43.85861],[-69.73546,43.85858],[-69.73362,43.86351],[-69.73915,43.87947],[-69.74126,43.87577],[-69.74432,43.87875],[-69.74664,43.8685],[-69.7511,43.86361]]]},"properties":{}},{"type":"Feature","geometry":{"type":"Polygon","coordinates":[[[-69.87982,43.8148],[-69.88241,43.82352],[-69.88706,43.80778],[-69.87982,43.8148]]]},"properties":{}},{"type":"Feature","geometry":{"type":"Polygon","coordinates":[[[-69.88252,43.8407],[-69.88235,43.83503],[-69.87746,43.83088],[-69.876,43.81813],[-69.88322,43.82968],[-69.88252,43.8407]]]},"properties":{}},{"type":"Feature","geometry":{"type":"Polygon","coordinates":[[[-69.61569,44.02872],[-69.61509,44.02524],[-69.61736,44.02187],[-69.61973,44.0245],[-69.61569,44.02872]]]},"properties":{}},{"type":"Feature","geometry":{"type":"Polygon","coordinates":[[[-69.83048,43.97172],[-69.83009,43.97837],[-69.83324,43.98031],[-69.84246,43.96796],[-69.8468,43.97438],[-69.85042,43.97295],[-69.86009,43.9616],[-69.86035,43.95388],[-69.86595,43.94712],[-69.86701,43.94681],[-69.86801,43.94722],[-69.86566,43.94986],[-69.87444,43.94678],[-69.87487,43.94901],[-69.88685,43.9356],[-69.88622,43.93849],[-69.89566,43.93125],[-69.9,43.92288],[-69.9,43.87151],[-69.89196,43.89799],[-69.88771,43.89836],[-69.88849,43.89553],[-69.8841,43.8978],[-69.88909,43.89218],[-69.88669,43.88787],[-69.875,43.9077],[-69.87518,43.9055],[-69.86875,43.9109],[-69.87972,43.8946],[-69.87856,43.89066],[-69.88855,43.88316],[-69.89034,43.86427],[-69.8809,43.85789],[-69.87828,43.86621],[-69.88128,43.8673],[-69.88249,43.86382],[-69.88475,43.86806],[-69.88695,43.86682],[-69.88332,43.87251],[-69.88088,43.87015],[-69.87572,43.87282],[-69.87367,43.88217],[-69.8716,43.88605],[-69.87257,43.87436],[-69.86964,43.87845],[-69.87257,43.86195],[-69.86946,43.86108],[-69.86744,43.87224],[-69.86987,43.87288],[-69.86575,43.87794],[-69.86701,43.88628],[-69.86505,43.8824],[-69.86382,43.884],[-69.86371,43.87625],[-69.86168,43.88086],[-69.85581,43.87738],[-69.85449,43.8837],[-69.8521,43.87606],[-69.86481,43.87196],[-69.86606,43.86492],[-69.86602,43.86062],[-69.8608,43.85811],[-69.85821,43.86442],[-69.8532,43.86556],[-69.85822,43.86199],[-69.85965,43.85763],[-69.8565,43.85745],[-69.86171,43.85636],[-69.86797,43.85862],[-69.86555,43.85228],[-69.87199,43.84605],[-69.87204,43.83508],[-69.86775,43.83076],[-69.86987,43.82601],[-69.86678,43.82536],[-69.86533,43.82965],[-69.85832,43.82984],[-69.85576,43.83357],[-69.85165,43.83487],[-69.85126,43.8322],[-69.84733,43.84018],[-69.84326,43.83968],[-69.8497,43.83119],[-69.84776,43.82775],[-69.8526,43.8269],[-69.85467,43.81542],[-69.85819,43.81081],[-69.8643,43.81102],[-69.86588,43.80634],[-69.85937,43.80262],[-69.85822,43.8096],[-69.85456,43.81152],[-69.85005,43.80671],[-69.85065,43.8111],[-69.84933,43.81279],[-69.84681,43.80954],[-69.84898,43.80566],[-69.845,43.80516],[-69.84993,43.8],[-69.79816,43.8],[-69.80178,43.80951],[-69.80735,43.80975],[-69.80915,43.82419],[-69.81378,43.83011],[-69.8118,43.8408],[-69.81143,43.83696],[-69.80693,43.8367],[-69.79763,43.84333],[-69.80008,43.8503],[-69.79623,43.86485],[-69.80122,43.87063],[-69.7978,43.87792],[-69.80798,43.87932],[-69.81731,43.87424],[-69.82299,43.87514],[-69.82098,43.86741],[-69.83285,43.8659],[-69.83207,43.85939],[-69.83812,43.84754],[-69.83238,43.84726],[-69.82718,43.84455],[-69.83839,43.84648],[-69.83789,43.85083],[-69.84095,43.85148],[-69.83543,43.85418],[-69.83361,43.86582],[-69.82473,43.86982],[-69.82553,43.87181],[-69.82707,43.86985],[-69.82859,43.86953],[-69.8244,43.87762],[-69.8176,43.88045],[-69.81857,43.88339],[-69.81474,43.88248],[-69.81516,43.90071],[-69.81129,43.90271],[-69.81374,43.90653],[-69.81018,43.92767],[-69.81339,43.92968],[-69.81446,43.94683],[-69.8173,43.95074],[-69.82137,43.94933],[-69.83242,43.93381],[-69.83374,43.94078],[-69.8371,43.94133],[-69.83148,43.94443],[-69.83619,43.94863],[-69.83533,43.95672],[-69.83708,43.95891],[-69.84115,43.95566],[-69.84178,43.95658],[-69.83728,43.96387],[-69.84059,43.96298],[-69.84048,43.96399],[-69.83516,43.96439],[-69.83648,43.96632],[-69.83048,43.97172]]]},"properties":{}},{"type":"Feature","geometry":{"type":"Polygon","coordinates":[[[-69.3,43.99736],[-69.3,44.1],[-69.6,44.1],[-69.6,44.01554],[-69.59378,44.0162],[-69.59798,44.01124],[-69.5962,44.01375],[-69.6,44.01497],[-69.6,43.91713],[-69.58979,43.9239],[-69.59551,43.9251],[-69.59116,43.9289],[-69.59411,43.93062],[-69.58868,43.93499],[-69.58944,43.94429],[-69.58732,43.94268],[-69.58322,43.94914],[-69.58999,43.94877],[-69.5899,43.94574],[-69.59293,43.94308],[-69.59138,43.95649],[-69.58577,43.95221],[-69.57919,43.9558],[-69.57556,43.96061],[-69.57918,43.9677],[-69.57232,43.97398],[-69.57498,43.9791],[-69.56973,43.97991],[-69.56537,43.98648],[-69.55668,43.98708],[-69.55412,43.99052],[-69.55627,43.9939],[-69.54706,43.99977],[-69.54695,44.00561],[-69.5516,44.00857],[-69.54935,44.01746],[-69.54519,44.02013],[-69.54807,44.01981],[-69.54651,44.02524],[-69.54031,44.03168],[-69.53679,44.03137],[-69.53733,44.03396],[-69.51323,44.04388],[-69.5145,44.03999],[-69.53356,44.03349],[-69.53132,44.03173],[-69.53301,44.02779],[-69.52807,44.0293],[-69.52869,44.02615],[-69.54231,44.01756],[-69.54145,44.01708],[-69.53857,44.01875],[-69.53601,44.01909],[-69.53928,44.01404],[-69.53595,44.01446],[-69.53414,44.00978],[-69.53585,43.99786],[-69.54197,43.99438],[-69.53929,43.99214],[-69.54099,43.99023],[-69.54311,43.99384],[-69.54718,43.99089],[-69.55092,43.98177],[-69.5558,43.98148],[-69.55428,43.98014],[-69.56411,43.97064],[-69.5637,43.96613],[-69.57067,43.96785],[-69.57194,43.96236],[-69.56464,43.96016],[-69.57507,43.95339],[-69.58108,43.93646],[-69.57853,43.93459],[-69.57116,43.93832],[-69.57816,43.92963],[-69.57207,43.93237],[-69.5701,43.92843],[-69.5668,43.93073],[-69.56267,43.92784],[-69.56238,43.91998],[-69.5677,43.9111],[-69.56226,43.91288],[-69.56155,43.89664],[-69.5678,43.903],[-69.56703,43.89415],[-69.57045,43.89254],[-69.56662,43.88784],[-69.5669,43.875],[-69.57101,43.88648],[-69.57178,43.88485],[-69.57283,43.88523],[-69.57162,43.88784],[-69.57373,43.88711],[-69.573,43.89166],[-69.58092,43.88753],[-69.57327,43.8668],[-69.56898,43.87113],[-69.57023,43.87337],[-69.5638,43.87345],[-69.56459,43.862],[-69.55447,43.86428],[-69.55734,43.87603],[-69.5542,43.87928],[-69.55178,43.87739],[-69.54574,43.88394],[-69.54872,43.88734],[-69.54955,43.88352],[-69.55457,43.88284],[-69.55678,43.89192],[-69.56374,43.89014],[-69.55804,43.89352],[-69.5571,43.90479],[-69.5523,43.89813],[-69.54606,43.90038],[-69.54984,43.90324],[-69.54914,43.90929],[-69.54593,43.91435],[-69.54778,43.91813],[-69.54334,43.92245],[-69.5414,43.92352],[-69.5422,43.91947],[-69.53928,43.91938],[-69.54358,43.91836],[-69.54113,43.91496],[-69.54454,43.91285],[-69.54447,43.90713],[-69.54037,43.91223],[-69.5398,43.90716],[-69.53436,43.90837],[-69.53449,43.91281],[-69.53793,43.91214],[-69.5383,43.9132],[-69.53293,43.91772],[-69.52885,43.91087],[-69.53131,43.90275],[-69.539,43.89621],[-69.5372,43.89243],[-69.54021,43.88284],[-69.53734,43.87845],[-69.52761,43.8783],[-69.52758,43.88141],[-69.51378,43.88641],[-69.51827,43.90367],[-69.51622,43.90179],[-69.50846,43.90447],[-69.51137,43.90205],[-69.50613,43.89926],[-69.50859,43.89432],[-69.50979,43.89959],[-69.51317,43.89883],[-69.51293,43.89296],[-69.51165,43.88963],[-69.50452,43.89306],[-69.50797,43.8873],[-69.50506,43.88346],[-69.5201,43.876],[-69.52147,43.87968],[-69.52438,43.87735],[-69.52219,43.87353],[-69.52545,43.87202],[-69.51858,43.86983],[-69.52125,43.8613],[-69.5166,43.85656],[-69.51303,43.84447],[-69.51598,43.8375],[-69.51442,43.83236],[-69.50178,43.83985],[-69.49947,43.84896],[-69.48484,43.87361],[-69.48824,43.87152],[-69.49266,43.87074],[-69.48688,43.87394],[-69.49577,43.87411],[-69.48379,43.87701],[-69.47734,43.8907],[-69.47382,43.88553],[-69.45935,43.90336],[-69.46102,43.90961],[-69.45061,43.93659],[-69.45378,43.94178],[-69.45987,43.93704],[-69.46019,43.94509],[-69.45426,43.94713],[-69.45274,43.94388],[-69.44775,43.94753],[-69.44133,43.96509],[-69.44588,43.9685],[-69.43873,43.97398],[-69.42981,43.98826],[-69.43336,43.99129],[-69.4258,43.99638],[-69.42601,44.00059],[-69.4248,43.99759],[-69.42428,44.00048],[-69.41987,43.99741],[-69.42117,43.99209],[-69.42396,43.99696],[-69.42328,43.99281],[-69.42656,43.99038],[-69.42591,43.9865],[-69.42306,43.9887],[-69.42627,43.98056],[-69.42088,43.98002],[-69.39509,44.00552],[-69.39623,44.00381],[-69.39467,44.00308],[-69.38996,44.0112],[-69.39119,44.0173],[-69.39632,44.0179],[-69.39633,44.02081],[-69.4118,44.01782],[-69.41293,44.02954],[-69.40588,44.03236],[-69.40881,44.04462],[-69.40274,44.0375],[-69.4013,44.04309],[-69.39978,44.04333],[-69.39981,44.03706],[-69.40464,44.03651],[-69.40474,44.03404],[-69.39631,44.03237],[-69.39692,44.03513],[-69.39222,44.03869],[-69.39171,44.04994],[-69.38597,44.05285],[-69.38429,44.05797],[-69.38474,44.053],[-69.3886,44.04926],[-69.38469,44.04835],[-69.3834,44.05103],[-69.38212,44.04792],[-69.38832,44.04526],[-69.38216,44.04408],[-69.38886,44.03983],[-69.38935,44.03558],[-69.38675,44.03096],[-69.38247,44.035],[-69.3779,44.03479],[-69.38874,44.02592],[-69.38478,44.02409],[-69.37061,44.03464],[-69.3705,44.03978],[-69.37414,44.04004],[-69.36947,44.04536],[-69.37278,44.05264],[-69.3694,44.05398],[-69.37565,44.0585],[-69.37548,44.06303],[-69.38454,44.06625],[-69.38608,44.06332],[-69.39043,44.06667],[-69.39324,44.06268],[-69.39512,44.06503],[-69.39447,44.0688],[-69.39165,44.06823],[-69.39454,44.07025],[-69.39358,44.07364],[-69.38873,44.07573],[-69.38397,44.08324],[-69.38491,44.08713],[-69.37918,44.08937],[-69.37816,44.09513],[-69.37522,44.09014],[-69.38072,44.08606],[-69.38428,44.0763],[-69.37723,44.07331],[-69.37845,44.0682],[-69.36803,44.06658],[-69.36044,44.05955],[-69.34928,44.06518],[-69.34725,44.06103],[-69.34997,44.05982],[-69.3448,44.05601],[-69.35001,44.05153],[-69.34711,44.04391],[-69.33781,44.05092],[-69.3376,44.05025],[-69.34163,44.04597],[-69.33855,44.04335],[-69.35061,44.03721],[-69.34693,44.03445],[-69.34926,44.0315],[-69.35608,44.03323],[-69.37119,44.01936],[-69.37558,44.02223],[-69.38023,44.0129],[-69.36579,44.02156],[-69.36687,44.01604],[-69.35865,44.01496],[-69.35643,44.01656],[-69.359,44.01812],[-69.35444,44.01916],[-69.35051,44.02548],[-69.3442,44.03188],[-69.35384,44.01581],[-69.3473,44.02023],[-69.34125,44.01814],[-69.34351,44.01547],[-69.34079,44.0137],[-69.35119,44.0109],[-69.34491,44.01581],[-69.34604,44.01864],[-69.35384,44.01366],[-69.35601,44.00058],[-69.36073,43.99683],[-69.35994,43.99366],[-69.36609,43.98782],[-69.36496,43.98231],[-69.3673,43.98176],[-69.37012,43.97771],[-69.36599,43.98207],[-69.36401,43.97957],[-69.36918,43.97269],[-69.36797,43.96532],[-69.35439,43.97271],[-69.358,43.97698],[-69.34936,43.98428],[-69.34334,43.98268],[-69.34195,43.9788],[-69.34497,43.96902],[-69.3315,43.97488],[-69.3261,43.9808],[-69.32449,43.97901],[-69.32968,43.97225],[-69.32583,43.97082],[-69.31868,43.97538],[-69.31676,43.98174],[-69.32005,43.98338],[-69.31762,43.98652],[-69.3203,43.98726],[-69.32032,43.99184],[-69.31344,44.00101],[-69.30989,44.00005],[-69.30855,44.0027],[-69.30664,44.00389],[-69.3177,43.98993],[-69.3151,43.9919],[-69.31107,43.98842],[-69.30974,43.99129],[-69.30552,43.99324],[-69.30414,43.99019],[-69.3,43.99736]]]},"properties":{}},{"type":"Feature","geometry":{"type":"Polygon","coordinates":[[[-69.58042,43.92406],[-69.57504,43.9154],[-69.58178,43.90478],[-69.58122,43.89984],[-69.58886,43.89535],[-69.59083,43.89742],[-69.58795,43.88238],[-69.59386,43.87273],[-69.5843,43.87119],[-69.58498,43.86453],[-69.57968,43.86246],[-69.57611,43.85394],[-69.57336,43.85906],[-69.57322,43.85241],[-69.5791,43.82939],[-69.58309,43.8281],[-69.58752,43.83344],[-69.58499,43.83358],[-69.58677,43.83681],[-69.58999,43.83501],[-69.58331,43.82347],[-69.58689,43.82271],[-69.59106,43.8146],[-69.6,43.8134],[-69.6,43.82637],[-69.59125,43.82968],[-69.59368,43.83935],[-69.58592,43.85141],[-69.58743,43.85413],[-69.59066,43.85113],[-69.59248,43.85496],[-69.59023,43.86185],[-69.6,43.85919],[-69.6,43.90692],[-69.59122,43.91336],[-69.59607,43.91472],[-69.59416,43.91763],[-69.58752,43.92098],[-69.58574,43.91694],[-69.58042,43.92406]]]},"properties":{}},{"type":"Feature","geometry":{"type":"Polygon","coordinates":[[[-69.3,43.95719],[-69.3,43.98253],[-69.3134,43.96279],[-69.30735,43.96379],[-69.3038,43.96969],[-69.30139,43.96517],[-69.30356,43.96102],[-69.30115,43.96134],[-69.30773,43.95399],[-69.30253,43.95367],[-69.3,43.95719]]]},"properties":{}},{"type":"Feature","geometry":{"type":"Polygon","coordinates":[[[-69.3,43.98634],[-69.3002,43.98986],[-69.30149,43.9865],[-69.30692,43.98652],[-69.30952,43.98041],[-69.30719,43.9789],[-69.3,43.98634]]]},"properties":{}},{"type":"Feature","geometry":{"type":"Polygon","coordinates":[[[-69.31442,43.88267],[-69.31182,43.87917],[-69.31565,43.87581],[-69.31818,43.88042],[-69.31442,43.88267]]]},"properties":{}},{"type":"Feature","geometry":{"type":"Polygon","coordinates":[[[-69.76918,44.1],[-69.6,44.1],[-69.6,44.4],[-69.9,44.4],[-69.9,44.1],[-69.77707,44.1],[-69.77378,44.10301],[-69.76969,44.11871],[-69.76379,44.1251],[-69.7606,44.14059],[-69.76664,44.15257],[-69.76581,44.16672],[-69.75706,44.17318],[-69.754,44.18356],[-69.76452,44.20377],[-69.76209,44.21819],[-69.77097,44.23066],[-69.76871,44.24284],[-69.77157,44.25662],[-69.78931,44.27146],[-69.7924,44.27916],[-69.78906,44.28826],[-69.77549,44.30396],[-69.77268,44.3191],[-69.76969,44.32027],[-69.77219,44.30625],[-69.78798,44.28181],[-69.78309,44.2709],[-69.77307,44.26511],[-69.7664,44.25519],[-69.76559,44.24348],[-69.76931,44.23552],[-69.7675,44.22949],[-69.75829,44.22186],[-69.76116,44.20351],[-69.75189,44.19376],[-69.75031,44.18696],[-69.75208,44.17307],[-69.76228,44.15961],[-69.75901,44.15858],[-69.75964,44.15955],[-69.75862,44.16222],[-69.7593,44.15204],[-69.75414,44.14239],[-69.75782,44.13572],[-69.75835,44.1306],[-69.75604,44.13079],[-69.76418,44.11888],[-69.76316,44.11079],[-69.76832,44.10667],[-69.76918,44.1]]]},"properties":{}},{"type":"Feature","geometry":{"type":"Polygon","coordinates":[[[-68.22381,44.39967],[-68.22461,44.4],[-68.22637,44.39928],[-68.35493,44.4],[-68.36022,44.38584],[-68.37108,44.39344],[-68.3777,44.38984],[-68.37664,44.38526],[-68.37422,44.38599],[-68.37831,44.38142],[-68.39802,44.37628],[-68.39774,44.37283],[-68.39235,44.3701],[-68.3956,44.3702],[-68.39531,44.36775],[-68.3888,44.35756],[-68.3935,44.35051],[-68.394,44.35517],[-68.39049,44.35751],[-68.39424,44.35669],[-68.39769,44.36411],[-68.4,44.36166],[-68.4,44.34465],[-68.39795,44.34595],[-68.4,44.25347],[-68.3973,44.26198],[-68.39231,44.26082],[-68.38832,44.25696],[-68.39449,44.25125],[-68.3877,44.24513],[-68.38023,44.25577],[-68.37653,44.25522],[-68.37735,44.24712],[-68.36906,44.24151],[-68.36633,44.24159],[-68.3678,44.24444],[-68.36761,44.24555],[-68.36477,44.24395],[-68.3659,44.24114],[-68.36805,44.24071],[-68.36231,44.23638],[-68.36874,44.23377],[-68.36462,44.22673],[-68.36138,44.2276],[-68.35975,44.23587],[-68.35167,44.23788],[-68.35574,44.24481],[-68.35265,44.24637],[-68.35744,44.24983],[-68.35054,44.24776],[-68.35154,44.25338],[-68.34927,44.25301],[-68.34771,44.24324],[-68.34418,44.24068],[-68.34754,44.23959],[-68.34819,44.23393],[-68.3367,44.22178],[-68.32139,44.22479],[-68.32653,44.22749],[-68.32567,44.23092],[-68.31824,44.22512],[-68.31556,44.22955],[-68.31069,44.22799],[-68.31208,44.23159],[-68.30833,44.23175],[-68.30806,44.2365],[-68.30129,44.23654],[-68.29934,44.24289],[-68.29075,44.2469],[-68.29942,44.26756],[-68.32574,44.27147],[-68.32356,44.27934],[-68.31345,44.27491],[-68.31012,44.27643],[-68.32113,44.28785],[-68.31809,44.29526],[-68.31331,44.29307],[-68.3171,44.29917],[-68.30949,44.29814],[-68.31258,44.30714],[-68.31919,44.31031],[-68.3118,44.32206],[-68.32386,44.34597],[-68.32803,44.34661],[-68.32516,44.35479],[-68.32723,44.35837],[-68.33663,44.35497],[-68.33232,44.35885],[-68.33322,44.36316],[-68.32957,44.36238],[-68.32919,44.36906],[-68.32586,44.3672],[-68.3248,44.37021],[-68.32203,44.36854],[-68.32266,44.36451],[-68.32643,44.36542],[-68.32325,44.35781],[-68.31208,44.35982],[-68.30962,44.36393],[-68.30988,44.36119],[-68.30501,44.35998],[-68.30722,44.35431],[-68.30262,44.34283],[-68.30759,44.34853],[-68.30911,44.34431],[-68.30443,44.33946],[-68.30632,44.31724],[-68.30124,44.30148],[-68.30467,44.2995],[-68.3045,44.29446],[-68.29954,44.2941],[-68.29449,44.28711],[-68.29403,44.29021],[-68.29075,44.28651],[-68.27992,44.28718],[-68.28139,44.29361],[-68.28619,44.29617],[-68.28381,44.30238],[-68.2764,44.29048],[-68.25996,44.28789],[-68.25385,44.29329],[-68.24903,44.28802],[-68.24364,44.28806],[-68.2454,44.29194],[-68.24119,44.29605],[-68.23199,44.28815],[-68.22455,44.29081],[-68.21859,44.29919],[-68.21357,44.29654],[-68.20239,44.30196],[-68.2,44.31709],[-68.19398,44.30708],[-68.18929,44.30717],[-68.19101,44.31773],[-68.18601,44.32626],[-68.18049,44.32896],[-68.17719,44.32536],[-68.17351,44.32847],[-68.1766,44.33144],[-68.17447,44.33698],[-68.17803,44.34249],[-68.17439,44.34521],[-68.18258,44.35401],[-68.18448,44.36905],[-68.19364,44.37564],[-68.19236,44.38016],[-68.19819,44.38013],[-68.19546,44.38231],[-68.19765,44.38729],[-68.20696,44.39288],[-68.21521,44.38993],[-68.22565,44.39838],[-68.22381,44.39967]],[[-68.22572,44.39906],[-68.22588,44.3986],[-68.2262,44.39901],[-68.22572,44.39906]]]},"properties":{}},{"type":"Feature","geometry":{"type":"Polygon","coordinates":[[[-68.12828,44.4],[-68.1266,44.38645],[-68.13993,44.37713],[-68.14885,44.38568],[-68.14691,44.39333],[-68.13922,44.4],[-68.12828,44.4]]]},"properties":{}},{"type":"Feature","geometry":{"type":"Polygon","coordinates":[[[-68.3652,44.19746],[-68.35046,44.19513],[-68.36356,44.18409],[-68.37077,44.18076],[-68.37863,44.18408],[-68.3652,44.19746]]]},"properties":{}},{"type":"Feature","geometry":{"type":"Polygon","coordinates":[[[-68.2301,44.26609],[-68.23989,44.26484],[-68.23815,44.25847],[-68.24054,44.25166],[-68.22341,44.25725],[-68.21133,44.25626],[-68.21485,44.26312],[-68.21821,44.26149],[-68.2301,44.26609]]]},"properties":{}},{"type":"Feature","geometry":{"type":"Polygon","coordinates":[[[-68.4,44.17074],[-68.3961,44.16952],[-68.38939,44.15713],[-68.38389,44.15577],[-68.39342,44.154],[-68.39573,44.14681],[-68.39264,44.14211],[-68.4,44.13838],[-68.4,44.17074]]]},"properties":{}},{"type":"Feature","geometry":{"type":"Polygon","coordinates":[[[-68.24653,44.15341],[-68.24359,44.15767],[-68.25384,44.15505],[-68.24987,44.14356],[-68.24645,44.14151],[-68.24351,44.14323],[-68.24653,44.15341]]]},"properties":{}},{"type":"Feature","geometry":{"type":"Polygon","coordinates":[[[-68.1,44.35588],[-68.1003,44.36515],[-68.10373,44.36463],[-68.10448,44.36088],[-68.1,44.35588]]]},"properties":{}},{"type":"Feature","geometry":{"type":"Polygon","coordinates":[[[-68.1,44.37874],[-68.1,44.4],[-68.11094,44.4],[-68.10051,44.39334],[-68.10455,44.38615],[-68.1,44.37874]]]},"properties":{}},{"type":"Feature","geometry":{"type":"Polygon","coordinates":[[[-67.9032,44.4],[-67.90088,44.39531],[-67.89884,44.39421],[-67.89644,44.4],[-67.9032,44.4]]]},"properties":{}},{"type":"Feature","geometry":{"type":"Polygon","coordinates":[[[-67.96592,44.39634],[-67.95964,44.4],[-67.97015,44.39864],[-67.96592,44.39634]]]},"properties":{}},{"type":"Feature","geometry":{"type":"Polygon","coordinates":[[[-67.97424,44.39956],[-67.97059,44.39495],[-67.97649,44.39322],[-67.97961,44.385],[-67.98317,44.3845],[-67.98618,44.38689],[-67.98425,44.38931],[-67.9906,44.39152],[-67.99603,44.4],[-67.97424,44.39956]]]},"properties":{}},{"type":"Feature","geometry":{"type":"Polygon","coordinates":[[[-68.02194,44.39834],[-68.01495,44.39192],[-68.01622,44.38464],[-68.03087,44.38344],[-68.03818,44.38782],[-68.03564,44.38228],[-68.0219,44.37925],[-68.02745,44.37079],[-68.03441,44.37593],[-68.03179,44.36924],[-68.02742,44.36877],[-68.02561,44.35646],[-68.02934,44.35638],[-68.03786,44.36577],[-68.038,44.36297],[-68.04612,44.36038],[-68.04378,44.34034],[-68.04534,44.33782],[-68.05581,44.3372],[-68.05873,44.33215],[-68.06764,44.3356],[-68.06788,44.34137],[-68.07166,44.34209],[-68.06659,44.3458],[-68.07617,44.34731],[-68.07703,44.37397],[-68.07024,44.37539],[-68.07536,44.39102],[-68.07558,44.38317],[-68.08384,44.39471],[-68.08484,44.38895],[-68.09164,44.39109],[-68.08521,44.38623],[-68.09419,44.38963],[-68.08847,44.37165],[-68.09389,44.37186],[-68.1,44.37874],[-68.1,44.4],[-68.02194,44.39834]]]},"properties":{}},{"type":"Feature","geometry":{"type":"Polygon","coordinates":[[[-68.11396,44.46872],[-68.1,44.46593],[-68.1,44.4],[-68.11138,44.4005],[-68.11355,44.40962],[-68.10862,44.41366],[-68.10801,44.4187],[-68.1125,44.41944],[-68.11657,44.42716],[-68.11489,44.433],[-68.1191,44.43911],[-68.11663,44.44048],[-68.11959,44.44442],[-68.11941,44.45785],[-68.11396,44.46872]]]},"properties":{}},{"type":"Feature","geometry":{"type":"Polygon","coordinates":[[[-68.11444,44.48123],[-68.1017,44.47469],[-68.1,44.46997],[-68.1,44.7],[-68.4,44.7],[-68.4,44.41278],[-68.39228,44.41781],[-68.39242,44.43685],[-68.37827,44.43178],[-68.37347,44.42409],[-68.37324,44.43057],[-68.36698,44.43039],[-68.36298,44.43947],[-68.3548,44.44421],[-68.35639,44.45598],[-68.354,44.45953],[-68.36042,44.46997],[-68.35879,44.47686],[-68.36218,44.47814],[-68.3565,44.48089],[-68.35721,44.49433],[-68.35148,44.49519],[-68.34777,44.49112],[-68.3505,44.48033],[-68.3559,44.47377],[-68.35417,44.46286],[-68.34506,44.45369],[-68.33025,44.45007],[-68.32624,44.46194],[-68.32347,44.46289],[-68.29665,44.45016],[-68.28092,44.45259],[-68.27009,44.45846],[-68.27024,44.46343],[-68.27222,44.46408],[-68.273,44.45925],[-68.27973,44.46223],[-68.28436,44.4592],[-68.29567,44.47191],[-68.29371,44.47773],[-68.28159,44.47092],[-68.26722,44.47198],[-68.26337,44.48361],[-68.26609,44.48917],[-68.27219,44.49235],[-68.26785,44.49359],[-68.29906,44.51025],[-68.30103,44.49326],[-68.30381,44.49382],[-68.30477,44.50254],[-68.32571,44.50665],[-68.31991,44.50632],[-68.31786,44.51102],[-68.31379,44.50588],[-68.30531,44.50783],[-68.30535,44.51252],[-68.31922,44.51753],[-68.30841,44.51675],[-68.31792,44.51863],[-68.31686,44.52115],[-68.3217,44.52283],[-68.30996,44.52231],[-68.30699,44.518],[-68.30469,44.51867],[-68.30716,44.52198],[-68.30516,44.52549],[-68.3157,44.53013],[-68.31627,44.52711],[-68.32049,44.52904],[-68.3211,44.53232],[-68.31826,44.53201],[-68.32315,44.53431],[-68.32161,44.53789],[-68.30727,44.53108],[-68.30809,44.53572],[-68.30069,44.53327],[-68.29723,44.52952],[-68.29864,44.52554],[-68.29444,44.52277],[-68.30156,44.52442],[-68.29966,44.51999],[-68.29415,44.51637],[-68.29016,44.51808],[-68.28609,44.51557],[-68.29008,44.51605],[-68.29475,44.51472],[-68.29098,44.51319],[-68.27548,44.511],[-68.27558,44.5166],[-68.2819,44.52207],[-68.27795,44.52176],[-68.27896,44.5236],[-68.27241,44.52008],[-68.26963,44.52169],[-68.27051,44.5259],[-68.26695,44.52505],[-68.26836,44.52866],[-68.2664,44.52795],[-68.26525,44.51987],[-68.27079,44.51854],[-68.26722,44.51611],[-68.25961,44.51827],[-68.2632,44.51698],[-68.2631,44.51375],[-68.25946,44.51074],[-68.25359,44.51184],[-68.2573,44.51025],[-68.25566,44.50777],[-68.26039,44.50956],[-68.2695,44.50391],[-68.26066,44.49672],[-68.26238,44.48998],[-68.25099,44.48327],[-68.24536,44.47454],[-68.23066,44.46401],[-68.22392,44.46577],[-68.2326,44.48082],[-68.22384,44.4856],[-68.22711,44.4943],[-68.21851,44.49362],[-68.22171,44.49748],[-68.21273,44.51603],[-68.25339,44.53568],[-68.26009,44.53776],[-68.26808,44.53472],[-68.27127,44.54414],[-68.27327,44.54495],[-68.27418,44.5404],[-68.27767,44.54165],[-68.28364,44.55526],[-68.29492,44.55606],[-68.29117,44.55924],[-68.29362,44.56663],[-68.28815,44.56182],[-68.28187,44.56581],[-68.27625,44.56265],[-68.27732,44.56075],[-68.26627,44.55889],[-68.26837,44.57571],[-68.26558,44.57603],[-68.26551,44.57317],[-68.26486,44.57544],[-68.26245,44.57379],[-68.26234,44.57726],[-68.25915,44.5764],[-68.26077,44.57871],[-68.25382,44.57724],[-68.25025,44.581],[-68.24692,44.57865],[-68.24747,44.58707],[-68.24431,44.58926],[-68.24695,44.5866],[-68.24152,44.57899],[-68.23705,44.58686],[-68.23188,44.58153],[-68.2175,44.58118],[-68.20895,44.5709],[-68.20425,44.57136],[-68.20962,44.57047],[-68.2134,44.57366],[-68.21603,44.571],[-68.22751,44.57107],[-68.23692,44.57905],[-68.24372,44.57213],[-68.24411,44.56749],[-68.24833,44.56617],[-68.25296,44.56947],[-68.25329,44.56133],[-68.25616,44.56027],[-68.25388,44.55729],[-68.25939,44.55669],[-68.25645,44.55287],[-68.25174,44.55596],[-68.25195,44.55085],[-68.24625,44.54579],[-68.24946,44.54603],[-68.25164,44.54023],[-68.24612,44.53612],[-68.23521,44.52964],[-68.21629,44.52561],[-68.22225,44.52189],[-68.21527,44.52389],[-68.21172,44.52025],[-68.20035,44.52087],[-68.1983,44.51702],[-68.187,44.51571],[-68.18116,44.51197],[-68.19701,44.51325],[-68.20156,44.50998],[-68.19543,44.49739],[-68.19722,44.49375],[-68.18734,44.48769],[-68.18651,44.48233],[-68.18344,44.48217],[-68.17987,44.4755],[-68.18926,44.47565],[-68.19305,44.47168],[-68.1705,44.47018],[-68.16164,44.47388],[-68.16827,44.48607],[-68.16113,44.49621],[-68.16962,44.50551],[-68.17581,44.50698],[-68.17395,44.5081],[-68.16936,44.50632],[-68.163,44.50142],[-68.16186,44.50426],[-68.15748,44.50142],[-68.15563,44.50361],[-68.15609,44.50093],[-68.1466,44.49441],[-68.13571,44.48998],[-68.13893,44.48937],[-68.13378,44.48467],[-68.14015,44.48595],[-68.14104,44.48272],[-68.1455,44.48256],[-68.13703,44.47759],[-68.1326,44.47638],[-68.13062,44.48435],[-68.12572,44.47923],[-68.11444,44.48123]]]},"properties":{}},{"type":"Feature","geometry":{"type":"Polygon","coordinates":[[[-68.13922,44.4],[-68.12828,44.4],[-68.1286,44.40298],[-68.13347,44.40419],[-68.13922,44.4]]]},"properties":{}},{"type":"Feature","geometry":{"type":"Polygon","coordinates":[[[-68.39382,44.40988],[-68.38993,44.40355],[-68.38463,44.40662],[-68.38894,44.4127],[-68.39382,44.40988]]]},"properties":{}},{"type":"Feature","geometry":{"type":"Polygon","coordinates":[[[-68.31767,44.44384],[-68.30934,44.44276],[-68.30155,44.43662],[-68.299,44.43797],[-68.29281,44.43153],[-68.28973,44.43366],[-68.28395,44.43102],[-68.28475,44.43404],[-68.26931,44.43957],[-68.24921,44.4336],[-68.24272,44.4217],[-68.25,44.41822],[-68.25054,44.41335],[-68.24032,44.4097],[-68.22774,44.4],[-68.35493,44.4],[-68.34846,44.4032],[-68.35944,44.40487],[-68.36431,44.40898],[-68.36331,44.41305],[-68.36871,44.42043],[-68.36416,44.42185],[-68.36564,44.42465],[-68.34939,44.42832],[-68.34833,44.42448],[-68.3519,44.42044],[-68.34802,44.42012],[-68.34712,44.4225],[-68.33826,44.42185],[-68.33736,44.42681],[-68.32801,44.4247],[-68.33225,44.42667],[-68.33191,44.43532],[-68.31767,44.44384]]]},"properties":{}},{"type":"Feature","geometry":{"type":"Polygon","coordinates":[[[-67.8,44.61608],[-67.8,44.7],[-68.1,44.7],[-68.1,44.46997],[-68.09572,44.46721],[-68.1,44.46593],[-68.1,44.4],[-68.0235,44.4],[-68.02499,44.40968],[-68.01848,44.40378],[-68.01276,44.40303],[-68.00899,44.41395],[-68.00462,44.41246],[-67.99603,44.4],[-67.95964,44.4],[-67.9649,44.40196],[-67.96207,44.40538],[-67.96415,44.40859],[-67.96913,44.40856],[-67.97165,44.4046],[-67.97416,44.40603],[-67.97182,44.41082],[-67.97498,44.41249],[-67.97153,44.41335],[-67.97075,44.41862],[-67.97583,44.42126],[-67.98252,44.43912],[-67.98165,44.44898],[-67.98907,44.44318],[-68.00414,44.45516],[-68.0104,44.44795],[-68.00849,44.43417],[-68.01381,44.43247],[-68.0096,44.43156],[-68.00868,44.43053],[-68.00871,44.42953],[-68.01039,44.42885],[-68.00779,44.42656],[-68.01078,44.42886],[-68.01,44.43145],[-68.01161,44.43089],[-68.01409,44.43126],[-68.01649,44.4323],[-68.01318,44.43154],[-68.01422,44.43229],[-68.01524,44.43923],[-68.0137,44.44687],[-68.0163,44.45679],[-68.0257,44.46232],[-68.02817,44.48091],[-68.03465,44.48124],[-68.03593,44.48256],[-68.0282,44.4816],[-68.02794,44.48718],[-68.02199,44.48938],[-68.0263,44.48354],[-68.02163,44.47897],[-68.01715,44.47963],[-68.01501,44.48262],[-68.01404,44.48256],[-68.01557,44.47854],[-68.01228,44.47812],[-68.01307,44.47066],[-68.01031,44.46646],[-68.00495,44.46388],[-68.00379,44.46815],[-67.99283,44.46084],[-67.97841,44.48305],[-67.98116,44.49549],[-67.9792,44.49666],[-67.99217,44.49429],[-67.99117,44.49781],[-67.98777,44.49763],[-67.99251,44.50523],[-67.9875,44.50154],[-67.98186,44.50474],[-67.98251,44.50096],[-67.97733,44.50001],[-67.96685,44.50843],[-67.96729,44.50055],[-67.97118,44.49683],[-67.96729,44.49592],[-67.97106,44.49159],[-67.96555,44.49142],[-67.96861,44.4881],[-67.96526,44.48098],[-67.97174,44.47317],[-67.97723,44.4736],[-67.96809,44.47001],[-67.96989,44.46829],[-67.9609,44.45873],[-67.95817,44.4422],[-67.95324,44.43487],[-67.95415,44.42822],[-67.94951,44.42322],[-67.95153,44.42229],[-67.93782,44.40978],[-67.93121,44.41158],[-67.93337,44.41629],[-67.93077,44.42052],[-67.92611,44.41974],[-67.93758,44.42414],[-67.93019,44.42619],[-67.93076,44.4344],[-67.92832,44.43538],[-67.93397,44.43855],[-67.92912,44.4404],[-67.93592,44.44895],[-67.93269,44.45148],[-67.92519,44.44816],[-67.92419,44.45216],[-67.92467,44.46425],[-67.93199,44.47098],[-67.93357,44.46913],[-67.93725,44.46955],[-67.9394,44.47075],[-67.93291,44.47347],[-67.93588,44.47984],[-67.92252,44.47024],[-67.91341,44.49017],[-67.90661,44.49257],[-67.90095,44.48905],[-67.90993,44.48764],[-67.91139,44.47605],[-67.90725,44.47183],[-67.90723,44.46551],[-67.90374,44.46453],[-67.90652,44.46103],[-67.90344,44.45841],[-67.89908,44.46067],[-67.89991,44.45335],[-67.89147,44.44329],[-67.90073,44.44843],[-67.9023,44.45352],[-67.90522,44.453],[-67.90188,44.45462],[-67.90293,44.45731],[-67.90966,44.45772],[-67.90851,44.4592],[-67.91115,44.46154],[-67.91074,44.45827],[-67.90826,44.45503],[-67.91118,44.4413],[-67.90686,44.43222],[-67.91122,44.43745],[-67.91127,44.43344],[-67.91381,44.43374],[-67.91291,44.4183],[-67.9032,44.4],[-67.89531,44.4],[-67.89585,44.40342],[-67.8898,44.40849],[-67.89398,44.41422],[-67.89117,44.41647],[-67.89326,44.423],[-67.88833,44.4241],[-67.88981,44.43036],[-67.8865,44.43802],[-67.88948,44.44202],[-67.88342,44.45206],[-67.87753,44.45502],[-67.88313,44.45757],[-67.88837,44.47648],[-67.89619,44.47134],[-67.89188,44.47807],[-67.89496,44.48272],[-67.89186,44.48334],[-67.89308,44.48564],[-67.89011,44.48917],[-67.88932,44.48377],[-67.8774,44.48377],[-67.8728,44.47103],[-67.87421,44.48095],[-67.87195,44.48253],[-67.87648,44.48311],[-67.87134,44.48569],[-67.87355,44.4907],[-67.86725,44.49746],[-67.86492,44.49537],[-67.87143,44.49153],[-67.87018,44.48738],[-67.86732,44.48539],[-67.86327,44.4881],[-67.85988,44.48874],[-67.86983,44.48326],[-67.8714,44.47039],[-67.86863,44.46526],[-67.86458,44.47343],[-67.86593,44.47794],[-67.86195,44.47411],[-67.86059,44.47776],[-67.85542,44.47875],[-67.8496,44.49543],[-67.85597,44.49338],[-67.85247,44.50782],[-67.85708,44.50693],[-67.85545,44.50921],[-67.85825,44.50918],[-67.8565,44.51301],[-67.85958,44.51941],[-67.86832,44.527],[-67.87681,44.52617],[-67.8737,44.53053],[-67.87878,44.53213],[-67.87953,44.53067],[-67.88218,44.53153],[-67.87491,44.53575],[-67.88721,44.54267],[-67.9154,44.57143],[-67.9143,44.57774],[-67.91741,44.58063],[-67.92497,44.59395],[-67.92807,44.60564],[-67.92726,44.60812],[-67.93393,44.60912],[-67.92685,44.60814],[-67.92467,44.59481],[-67.91363,44.57828],[-67.9137,44.57086],[-67.90713,44.56309],[-67.88229,44.54291],[-67.87812,44.54473],[-67.86833,44.53928],[-67.86749,44.53556],[-67.86241,44.53498],[-67.85733,44.52672],[-67.85149,44.52903],[-67.84848,44.53384],[-67.85204,44.5364],[-67.84241,44.54403],[-67.84739,44.54935],[-67.85229,44.54724],[-67.85176,44.54576],[-67.85208,44.54453],[-67.85284,44.54434],[-67.86221,44.5474],[-67.8541,44.54598],[-67.85333,44.54749],[-67.85837,44.54734],[-67.85876,44.54959],[-67.86167,44.54903],[-67.86273,44.55156],[-67.86405,44.54984],[-67.86715,44.55018],[-67.8682,44.55263],[-67.86702,44.55033],[-67.86382,44.55183],[-67.8623,44.55165],[-67.86133,44.55112],[-67.86154,44.5492],[-67.85872,44.55006],[-67.85754,44.54754],[-67.85561,44.54887],[-67.85927,44.55112],[-67.85991,44.55283],[-67.85363,44.54845],[-67.84486,44.55137],[-67.85279,44.55821],[-67.84861,44.56293],[-67.85048,44.56418],[-67.8507,44.5656],[-67.84499,44.56201],[-67.8296,44.56012],[-67.82835,44.55337],[-67.81963,44.55167],[-67.82183,44.54389],[-67.81909,44.54195],[-67.814,44.54294],[-67.81273,44.54833],[-67.81699,44.56148],[-67.82171,44.55577],[-67.82922,44.56214],[-67.82955,44.56655],[-67.83891,44.56899],[-67.84271,44.56569],[-67.84411,44.56856],[-67.84127,44.56965],[-67.84663,44.57651],[-67.85163,44.57593],[-67.85188,44.57527],[-67.85034,44.574],[-67.85028,44.57277],[-67.85373,44.57003],[-67.85526,44.57297],[-67.85068,44.57275],[-67.85248,44.57529],[-67.84945,44.57785],[-67.85249,44.57815],[-67.85451,44.57998],[-67.84785,44.58363],[-67.85342,44.58411],[-67.85176,44.58662],[-67.85483,44.58723],[-67.85201,44.58894],[-67.8561,44.58976],[-67.85651,44.59175],[-67.85173,44.58934],[-67.84744,44.58417],[-67.84781,44.58254],[-67.85059,44.58195],[-67.84938,44.57884],[-67.84546,44.57793],[-67.8473,44.58207],[-67.84588,44.58331],[-67.84351,44.58334],[-67.84307,44.58432],[-67.84871,44.58893],[-67.8508,44.59369],[-67.84534,44.58641],[-67.84046,44.58518],[-67.84631,44.58077],[-67.84158,44.57637],[-67.83689,44.57715],[-67.83768,44.57243],[-67.8321,44.56936],[-67.83373,44.58091],[-67.82891,44.58907],[-67.82333,44.58809],[-67.8252,44.59073],[-67.8234,44.59251],[-67.82549,44.59405],[-67.82282,44.59869],[-67.82075,44.59687],[-67.8244,44.5906],[-67.81925,44.58814],[-67.82154,44.59238],[-67.81927,44.58948],[-67.81917,44.59162],[-67.81852,44.59198],[-67.81807,44.58673],[-67.81466,44.58637],[-67.82041,44.58421],[-67.81271,44.56425],[-67.80449,44.56376],[-67.80263,44.56982],[-67.8,44.56951],[-67.80122,44.5766],[-67.80303,44.57498],[-67.80696,44.57779],[-67.8,44.57774],[-67.8,44.61526],[-67.80526,44.61649],[-67.80686,44.61833],[-67.80903,44.61704],[-67.81032,44.61708],[-67.81177,44.61785],[-67.80869,44.61739],[-67.80912,44.61949],[-67.8,44.61608]]]},"properties":{}},{"type":"Feature","geometry":{"type":"Polygon","coordinates":[[[-67.8115,44.51282],[-67.80894,44.50702],[-67.80426,44.50742],[-67.80329,44.49835],[-67.8,44.49654],[-67.80055,44.48235],[-67.8067,44.4871],[-67.80454,44.49415],[-67.80897,44.49147],[-67.81798,44.50261],[-67.81278,44.50539],[-67.81949,44.51099],[-67.8115,44.51282]]]},"properties":{}},{"type":"Feature","geometry":{"type":"Polygon","coordinates":[[[-67.84012,44.54301],[-67.83741,44.55202],[-67.83498,44.54812],[-67.82962,44.54744],[-67.84012,44.54301]]]},"properties":{}},{"type":"Feature","geometry":{"type":"Polygon","coordinates":[[[-67.86996,44.45699],[-67.86303,44.45264],[-67.86484,44.44802],[-67.85921,44.4451],[-67.85899,44.43573],[-67.85387,44.43423],[-67.85139,44.42849],[-67.85109,44.42435],[-67.85513,44.42294],[-67.85611,44.41892],[-67.86541,44.42562],[-67.86898,44.42382],[-67.87607,44.4406],[-67.86996,44.45699]]]},"properties":{}},{"type":"Feature","geometry":{"type":"Polygon","coordinates":[[[-67.83319,44.53986],[-67.82554,44.52741],[-67.82825,44.52889],[-67.82729,44.52478],[-67.83039,44.52334],[-67.82352,44.5197],[-67.82947,44.51638],[-67.83521,44.52515],[-67.83331,44.53706],[-67.83661,44.53653],[-67.83319,44.53986]]]},"properties":{}},{"type":"Feature","geometry":{"type":"Polygon","coordinates":[[[-67.83794,44.46469],[-67.83065,44.4561],[-67.83872,44.44996],[-67.84219,44.46198],[-67.83794,44.46469]]]},"properties":{}},{"type":"Feature","geometry":{"type":"Polygon","coordinates":[[[-67.82646,44.49065],[-67.8229,44.48472],[-67.83435,44.48011],[-67.83491,44.48511],[-67.82712,44.48586],[-67.82646,44.49065]]]},"properties":{}},{"type":"Feature","geometry":{"type":"Polygon","coordinates":[[[-67.8,44.5222],[-67.8,44.54637],[-67.80504,44.54274],[-67.80352,44.52558],[-67.8,44.5222]]]},"properties":{}},{"type":"Feature","geometry":{"type":"Polygon","coordinates":[[[-67.8,44.49654],[-67.79161,44.4933],[-67.79809,44.48517],[-67.79623,44.48323],[-67.8,44.48269],[-67.8,44.49654]]]},"properties":{}},{"type":"Feature","geometry":{"type":"Polygon","coordinates":[[[-67.79339,44.47993],[-67.78174,44.4787],[-67.78082,44.47613],[-67.78824,44.47215],[-67.79226,44.47694],[-67.79604,44.47607],[-67.79339,44.47993]]]},"properties":{}},{"type":"Feature","geometry":{"type":"Polygon","coordinates":[[[-67.75903,44.49618],[-67.75249,44.50148],[-67.75083,44.49499],[-67.75903,44.49618]]]},"properties":{}},{"type":"Feature","geometry":{"type":"Polygon","coordinates":[[[-67.74116,44.4674],[-67.73298,44.46842],[-67.73193,44.46663],[-67.73854,44.46361],[-67.74116,44.4674]]]},"properties":{}},{"type":"Feature","geometry":{"type":"Polygon","coordinates":[[[-67.53066,44.5324],[-67.53253,44.52903],[-67.53721,44.53166],[-67.53271,44.53299],[-67.53066,44.5324]]]},"properties":{}},{"type":"Feature","geometry":{"type":"Polygon","coordinates":[[[-67.67666,44.47571],[-67.67467,44.48151],[-67.67105,44.48392],[-67.6728,44.47614],[-67.67666,44.47571]]]},"properties":{}},{"type":"Feature","geometry":{"type":"Polygon","coordinates":[[[-67.54371,44.48146],[-67.53708,44.47895],[-67.53284,44.47559],[-67.54007,44.47778],[-67.54371,44.48146]]]},"properties":{}},{"type":"Feature","geometry":{"type":"Polygon","coordinates":[[[-67.64448,44.51305],[-67.63561,44.51405],[-67.63582,44.50965],[-67.64268,44.50449],[-67.64654,44.50511],[-67.64448,44.51305]]]},"properties":{}},{"type":"Feature","geometry":{"type":"Polygon","coordinates":[[[-67.61096,44.52237],[-67.62117,44.51884],[-67.61357,44.51804],[-67.62018,44.51669],[-67.61628,44.51491],[-67.62166,44.50849],[-67.62098,44.50409],[-67.61009,44.50303],[-67.60153,44.50721],[-67.60649,44.49707],[-67.59876,44.49361],[-67.60417,44.4904],[-67.5982,44.48853],[-67.60752,44.48698],[-67.59572,44.47861],[-67.59939,44.47535],[-67.59379,44.46936],[-67.59166,44.47057],[-67.59171,44.46532],[-67.5881,44.46651],[-67.59543,44.46173],[-67.58899,44.45416],[-67.58911,44.44763],[-67.58511,44.44767],[-67.58807,44.45157],[-67.58671,44.45664],[-67.57874,44.45476],[-67.58225,44.4521],[-67.57994,44.44994],[-67.56653,44.45523],[-67.57058,44.45775],[-67.57217,44.46908],[-67.56994,44.47369],[-67.56282,44.47163],[-67.56424,44.47436],[-67.57368,44.47981],[-67.57342,44.48346],[-67.58761,44.48482],[-67.59536,44.4875],[-67.57931,44.48442],[-67.58353,44.48765],[-67.57697,44.48757],[-67.59375,44.49362],[-67.58992,44.49509],[-67.58749,44.50536],[-67.58399,44.5074],[-67.58711,44.51228],[-67.58142,44.51651],[-67.59398,44.51522],[-67.59398,44.5101],[-67.60124,44.50773],[-67.60541,44.51633],[-67.60955,44.51738],[-67.60595,44.5196],[-67.61155,44.52039],[-67.61096,44.52237]]]},"properties":{}},{"type":"Feature","geometry":{"type":"Polygon","coordinates":[[[-67.62334,44.46432],[-67.61903,44.46007],[-67.61598,44.46174],[-67.61674,44.46371],[-67.62334,44.46432]]]},"properties":{}},{"type":"Feature","geometry":{"type":"Polygon","coordinates":[[[-67.649,44.51076],[-67.64511,44.51753],[-67.64343,44.51514],[-67.649,44.51076]]]},"properties":{}},{"type":"Feature","geometry":{"type":"Polygon","coordinates":[[[-67.65292,44.56348],[-67.64865,44.56024],[-67.65081,44.54911],[-67.64374,44.54916],[-67.65161,44.54287],[-67.64779,44.53789],[-67.6527,44.53627],[-67.65916,44.53947],[-67.66206,44.53709],[-67.66475,44.53934],[-67.65953,44.54278],[-67.66281,44.54936],[-67.65932,44.55615],[-67.66086,44.56151],[-67.65628,44.5604],[-67.65292,44.56348]]]},"properties":{}},{"type":"Feature","geometry":{"type":"Polygon","coordinates":[[[-67.60961,44.4473],[-67.60569,44.4462],[-67.61143,44.44321],[-67.61002,44.44666],[-67.61485,44.44901],[-67.61209,44.45315],[-67.60961,44.4473]]]},"properties":{}},{"type":"Feature","geometry":{"type":"Polygon","coordinates":[[[-67.54368,44.49366],[-67.52544,44.49111],[-67.52616,44.48668],[-67.53017,44.48678],[-67.52632,44.48358],[-67.53095,44.48241],[-67.52842,44.48132],[-67.53025,44.47943],[-67.54535,44.48477],[-67.5422,44.48588],[-67.54511,44.4873],[-67.54277,44.48871],[-67.53769,44.48847],[-67.54452,44.49135],[-67.54111,44.49178],[-67.54368,44.49366]]]},"properties":{}},{"type":"Feature","geometry":{"type":"Polygon","coordinates":[[[-67.54923,44.51537],[-67.52275,44.51121],[-67.51442,44.50502],[-67.5158,44.50135],[-67.51035,44.49547],[-67.51517,44.4913],[-67.5214,44.49245],[-67.52055,44.4955],[-67.52515,44.49729],[-67.52319,44.50025],[-67.53215,44.50563],[-67.534,44.50116],[-67.54554,44.49578],[-67.54093,44.50352],[-67.5482,44.50641],[-67.5466,44.50796],[-67.56378,44.5086],[-67.55849,44.51212],[-67.56092,44.51425],[-67.55317,44.51546],[-67.54645,44.51232],[-67.54523,44.51433],[-67.54923,44.51537]]]},"properties":{}},{"type":"Feature","geometry":{"type":"Polygon","coordinates":[[[-67.52572,44.55972],[-67.51475,44.5553],[-67.51037,44.55665],[-67.50963,44.55398],[-67.5202,44.55488],[-67.52572,44.55972]]]},"properties":{}},{"type":"Feature","geometry":{"type":"Polygon","coordinates":[[[-67.53255,44.61433],[-67.53468,44.61527],[-67.53313,44.6201],[-67.53027,44.61879],[-67.53255,44.61433]]]},"properties":{}},{"type":"Feature","geometry":{"type":"Polygon","coordinates":[[[-67.55705,44.61278],[-67.5532,44.61156],[-67.55231,44.61998],[-67.55763,44.61767],[-67.55705,44.61278]]]},"properties":{}},{"type":"Feature","geometry":{"type":"Polygon","coordinates":[[[-67.65245,44.5317],[-67.64877,44.53032],[-67.64195,44.53115],[-67.64624,44.5265],[-67.65267,44.52627],[-67.65471,44.52819],[-67.65245,44.5317]]]},"properties":{}},{"type":"Feature","geometry":{"type":"Polygon","coordinates":[[[-67.5,44.62033],[-67.50464,44.62311],[-67.50807,44.62148],[-67.50422,44.617],[-67.5,44.62033]]]},"properties":{}},{"type":"Feature","geometry":{"type":"Polygon","coordinates":[[[-67.5,44.63411],[-67.5,44.7],[-67.8,44.7],[-67.8,44.6158],[-67.7945,44.61266],[-67.79277,44.61412],[-67.7935,44.61592],[-67.79145,44.61858],[-67.79122,44.6169],[-67.79297,44.61598],[-67.79242,44.61412],[-67.79391,44.61256],[-67.78945,44.61559],[-67.7925,44.60836],[-67.78619,44.60406],[-67.78304,44.60633],[-67.78397,44.60436],[-67.78174,44.60552],[-67.77988,44.60457],[-67.78056,44.60404],[-67.78543,44.6043],[-67.78472,44.59891],[-67.78119,44.60131],[-67.78229,44.59805],[-67.77926,44.59671],[-67.78382,44.59865],[-67.78664,44.59528],[-67.78702,44.5893],[-67.78261,44.58824],[-67.78576,44.58736],[-67.78544,44.58329],[-67.78018,44.58],[-67.77951,44.57634],[-67.78751,44.57726],[-67.79001,44.56467],[-67.78286,44.55306],[-67.78961,44.5491],[-67.79934,44.5518],[-67.8,44.54731],[-67.79728,44.54702],[-67.8,44.54637],[-67.8,44.5222],[-67.79363,44.5195],[-67.79307,44.52309],[-67.78889,44.52144],[-67.78957,44.52324],[-67.78842,44.52373],[-67.78499,44.52049],[-67.77994,44.52298],[-67.78341,44.52383],[-67.78076,44.53274],[-67.78316,44.53901],[-67.77711,44.54204],[-67.78296,44.54058],[-67.79029,44.54563],[-67.78273,44.54913],[-67.77518,44.54742],[-67.77251,44.55078],[-67.76882,44.54734],[-67.77139,44.55236],[-67.77005,44.56017],[-67.76296,44.55948],[-67.76413,44.56246],[-67.75971,44.56588],[-67.76103,44.56901],[-67.76705,44.56555],[-67.76672,44.57212],[-67.75935,44.57442],[-67.76305,44.58277],[-67.75781,44.58662],[-67.75941,44.58234],[-67.75236,44.58153],[-67.74883,44.58855],[-67.74986,44.59311],[-67.75295,44.59253],[-67.75429,44.60097],[-67.75319,44.60249],[-67.75101,44.60295],[-67.75107,44.60398],[-67.75073,44.60292],[-67.75379,44.60057],[-67.74913,44.60181],[-67.74654,44.60645],[-67.75096,44.61175],[-67.75011,44.61595],[-67.74528,44.61832],[-67.73222,44.61619],[-67.7287,44.62022],[-67.71963,44.62005],[-67.72288,44.62291],[-67.72206,44.62464],[-67.71615,44.62396],[-67.7195,44.62675],[-67.72025,44.62929],[-67.71712,44.63146],[-67.71843,44.63361],[-67.71832,44.63648],[-67.71212,44.6419],[-67.7214,44.64329],[-67.72172,44.64566],[-67.71526,44.64846],[-67.72053,44.65129],[-67.7231,44.64791],[-67.72611,44.65123],[-67.72557,44.64708],[-67.72654,44.65348],[-67.72302,44.65026],[-67.72115,44.65157],[-67.71731,44.65239],[-67.71362,44.64806],[-67.72152,44.64495],[-67.71387,44.6443],[-67.71137,44.64154],[-67.7177,44.63624],[-67.71593,44.63093],[-67.71581,44.63272],[-67.71461,44.63281],[-67.71571,44.63076],[-67.71943,44.62932],[-67.71522,44.6235],[-67.72167,44.62398],[-67.71852,44.61931],[-67.72826,44.6192],[-67.73162,44.61522],[-67.74801,44.61463],[-67.74109,44.60859],[-67.73818,44.60119],[-67.73837,44.58746],[-67.74517,44.57372],[-67.75333,44.57143],[-67.74586,44.56684],[-67.74931,44.56507],[-67.74687,44.56294],[-67.74242,44.56539],[-67.74216,44.55712],[-67.74629,44.55785],[-67.75558,44.55248],[-67.75658,44.55598],[-67.75984,44.54974],[-67.75031,44.55169],[-67.75449,44.54599],[-67.74589,44.53427],[-67.73233,44.53466],[-67.74492,44.53134],[-67.74141,44.53153],[-67.74445,44.52982],[-67.73897,44.52777],[-67.74047,44.5255],[-67.73602,44.52252],[-67.73508,44.52472],[-67.72884,44.52272],[-67.74027,44.51948],[-67.74143,44.52274],[-67.7439,44.52175],[-67.74197,44.51163],[-67.73983,44.50929],[-67.74303,44.50651],[-67.74401,44.49777],[-67.73457,44.49557],[-67.73259,44.50085],[-67.735,44.50355],[-67.72882,44.50686],[-67.73531,44.5062],[-67.73637,44.50919],[-67.73239,44.51158],[-67.74094,44.51137],[-67.72221,44.51928],[-67.71835,44.51705],[-67.71723,44.51135],[-67.72402,44.50633],[-67.72067,44.505],[-67.72731,44.49719],[-67.70684,44.49938],[-67.69815,44.51674],[-67.7001,44.51986],[-67.71271,44.51525],[-67.71536,44.51731],[-67.69885,44.52263],[-67.70336,44.52674],[-67.7023,44.53169],[-67.69025,44.53607],[-67.694,44.53623],[-67.70093,44.53821],[-67.69702,44.53819],[-67.69772,44.54097],[-67.69139,44.53798],[-67.69134,44.54437],[-67.68527,44.54226],[-67.68307,44.54459],[-67.68216,44.54167],[-67.68882,44.53974],[-67.67496,44.53573],[-67.67292,44.54216],[-67.66587,44.54562],[-67.66806,44.55241],[-67.664,44.56085],[-67.66931,44.55835],[-67.67404,44.5629],[-67.67006,44.56228],[-67.67143,44.56669],[-67.66604,44.56408],[-67.65804,44.57133],[-67.65849,44.56535],[-67.64805,44.56449],[-67.64535,44.57214],[-67.64201,44.57225],[-67.64381,44.56516],[-67.63834,44.56338],[-67.63712,44.55402],[-67.63097,44.55137],[-67.62964,44.55467],[-67.62738,44.55601],[-67.62905,44.55247],[-67.6202,44.54959],[-67.63584,44.55129],[-67.63191,44.54684],[-67.63471,44.54726],[-67.64215,44.53868],[-67.62517,44.53982],[-67.63759,44.53513],[-67.63659,44.5308],[-67.6417,44.52974],[-67.63893,44.52644],[-67.63625,44.52884],[-67.61924,44.52878],[-67.61477,44.52555],[-67.61513,44.52808],[-67.60255,44.52955],[-67.59815,44.53306],[-67.59894,44.52911],[-67.58965,44.53823],[-67.5868,44.53367],[-67.59035,44.53074],[-67.56495,44.53195],[-67.56062,44.54043],[-67.56478,44.54142],[-67.56267,44.54558],[-67.56717,44.54659],[-67.56503,44.5511],[-67.57562,44.56017],[-67.57046,44.56806],[-67.57041,44.57505],[-67.56462,44.5806],[-67.56376,44.58856],[-67.55593,44.59968],[-67.56174,44.60827],[-67.55893,44.61463],[-67.56304,44.61224],[-67.5661,44.61549],[-67.5882,44.61899],[-67.58824,44.61289],[-67.59067,44.61626],[-67.58874,44.6209],[-67.59073,44.62],[-67.59502,44.62038],[-67.58821,44.62351],[-67.59284,44.62449],[-67.5914,44.62513],[-67.59217,44.62729],[-67.5908,44.62882],[-67.5917,44.6264],[-67.58494,44.62171],[-67.5812,44.62554],[-67.56613,44.62187],[-67.55871,44.62283],[-67.55798,44.62895],[-67.55461,44.62926],[-67.55196,44.62814],[-67.55408,44.62403],[-67.54925,44.62198],[-67.54343,44.63081],[-67.55434,44.63493],[-67.55219,44.63635],[-67.55509,44.64378],[-67.54631,44.64546],[-67.55254,44.64985],[-67.55121,44.6554],[-67.5751,44.66023],[-67.57214,44.66201],[-67.56347,44.66235],[-67.55495,44.65862],[-67.55384,44.66212],[-67.55279,44.66271],[-67.55381,44.66037],[-67.54629,44.65527],[-67.54834,44.65099],[-67.54042,44.64663],[-67.54406,44.6439],[-67.54372,44.64001],[-67.53716,44.64119],[-67.54068,44.65046],[-67.54072,44.65359],[-67.54045,44.6539],[-67.54023,44.65037],[-67.53682,44.65002],[-67.53663,44.64295],[-67.53041,44.64577],[-67.53546,44.63951],[-67.52596,44.64063],[-67.53912,44.63111],[-67.5379,44.62396],[-67.53312,44.62749],[-67.53451,44.62154],[-67.52447,44.62655],[-67.52451,44.63221],[-67.51323,44.63786],[-67.50965,44.63665],[-67.50985,44.64342],[-67.50605,44.64423],[-67.50585,44.63643],[-67.5,44.63411]],[[-67.78254,44.58908],[-67.77817,44.59087],[-67.77639,44.59104],[-67.77427,44.59024],[-67.78254,44.58908]],[[-67.73476,44.60459],[-67.73475,44.60438],[-67.7339,44.60532],[-67.73476,44.60459]],[[-67.73573,44.60426],[-67.73709,44.60006],[-67.73781,44.59995],[-67.73701,44.60241],[-67.73573,44.60426]]]},"properties":{}},{"type":"Feature","geometry":{"type":"Polygon","coordinates":[[[-67.8,44.61284],[-67.79227,44.61142],[-67.79357,44.60784],[-67.78638,44.60151],[-67.78984,44.59755],[-67.79117,44.59975],[-67.79207,44.60029],[-67.78904,44.5954],[-67.79341,44.59266],[-67.79869,44.59565],[-67.79813,44.59648],[-67.79876,44.59708],[-67.79846,44.59839],[-67.79944,44.6003],[-67.8,44.58522],[-67.8,44.61284]]]},"properties":{}},{"type":"Feature","geometry":{"type":"Polygon","coordinates":[[[-67.51605,44.59754],[-67.5,44.5879],[-67.5,44.57735],[-67.50483,44.58246],[-67.51338,44.58458],[-67.52208,44.57512],[-67.51499,44.5687],[-67.51578,44.56583],[-67.521,44.56363],[-67.52696,44.56896],[-67.5237,44.57117],[-67.52948,44.57215],[-67.53192,44.56979],[-67.52889,44.56488],[-67.53281,44.56324],[-67.54202,44.57863],[-67.5405,44.59059],[-67.53515,44.5894],[-67.53265,44.5797],[-67.52943,44.5843],[-67.51557,44.58747],[-67.51605,44.59754]]]},"properties":{}},{"type":"Feature","geometry":{"type":"Polygon","coordinates":[[[-67.51172,44.56574],[-67.5,44.56384],[-67.50171,44.55343],[-67.50885,44.55515],[-67.50232,44.55646],[-67.51841,44.56022],[-67.51172,44.56574]]]},"properties":{}},{"type":"Feature","geometry":{"type":"Polygon","coordinates":[[[-67.3305,44.64796],[-67.32782,44.651],[-67.32949,44.65333],[-67.33477,44.64919],[-67.3305,44.64796]]]},"properties":{}},{"type":"Feature","geometry":{"type":"Polygon","coordinates":[[[-67.36742,44.66743],[-67.35606,44.66694],[-67.35631,44.66371],[-67.36715,44.66488],[-67.36742,44.66743]]]},"properties":{}},{"type":"Feature","geometry":{"type":"Polygon","coordinates":[[[-67.33442,44.67852],[-67.33098,44.6814],[-67.33008,44.68412],[-67.33799,44.6804],[-67.33442,44.67852]]]},"properties":{}},{"type":"Feature","geometry":{"type":"Polygon","coordinates":[[[-67.2,44.65523],[-67.2,44.7],[-67.30116,44.7],[-67.30061,44.69624],[-67.30911,44.68956],[-67.30499,44.68053],[-67.30996,44.66866],[-67.30621,44.66551],[-67.30723,44.66179],[-67.32552,44.66502],[-67.31919,44.67169],[-67.32145,44.67358],[-67.32325,44.66807],[-67.32861,44.66588],[-67.32555,44.6566],[-67.323,44.66044],[-67.31623,44.66078],[-67.29859,44.65478],[-67.30008,44.64893],[-67.29223,44.64799],[-67.29561,44.63746],[-67.28127,44.62347],[-67.27553,44.6236],[-67.27522,44.62859],[-67.26801,44.63116],[-67.2575,44.6269],[-67.25435,44.6309],[-67.26165,44.63872],[-67.27053,44.64136],[-67.26853,44.65011],[-67.27424,44.66206],[-67.27037,44.66523],[-67.24774,44.66927],[-67.241,44.66635],[-67.24601,44.65581],[-67.24672,44.6502],[-67.24287,44.64495],[-67.24507,44.64235],[-67.23403,44.63699],[-67.20634,44.63977],[-67.21,44.643],[-67.2,44.64322],[-67.2,44.64978],[-67.20691,44.65426],[-67.22919,44.65864],[-67.22746,44.66015],[-67.2,44.65523]]]},"properties":{}},{"type":"Feature","geometry":{"type":"Polygon","coordinates":[[[-67.39582,44.68639],[-67.39446,44.7],[-67.5,44.7],[-67.5,44.63411],[-67.49258,44.62895],[-67.49287,44.61753],[-67.49008,44.61542],[-67.49694,44.61375],[-67.49092,44.60768],[-67.48205,44.61126],[-67.46669,44.60741],[-67.4635,44.59947],[-67.45842,44.59612],[-67.46037,44.60285],[-67.44963,44.59978],[-67.44979,44.60417],[-67.44657,44.60597],[-67.43328,44.60654],[-67.43008,44.61408],[-67.43771,44.6143],[-67.43471,44.61645],[-67.44941,44.63158],[-67.45005,44.63852],[-67.44497,44.63874],[-67.43901,44.65192],[-67.44421,44.65348],[-67.44716,44.66688],[-67.4488,44.66757],[-67.45832,44.666],[-67.46101,44.66656],[-67.45031,44.66797],[-67.4497,44.67322],[-67.4471,44.66927],[-67.44127,44.66947],[-67.44494,44.66735],[-67.44084,44.66025],[-67.43812,44.66759],[-67.42843,44.66627],[-67.43319,44.66264],[-67.42863,44.66294],[-67.42933,44.66058],[-67.43921,44.6552],[-67.43449,44.65452],[-67.43916,44.64731],[-67.43608,44.63908],[-67.4321,44.6371],[-67.43037,44.64016],[-67.43312,44.64758],[-67.42124,44.65331],[-67.42346,44.6472],[-67.41064,44.64831],[-67.41982,44.64311],[-67.42547,44.64861],[-67.42768,44.64523],[-67.42463,44.64292],[-67.42795,44.64161],[-67.41663,44.62845],[-67.42879,44.62903],[-67.41846,44.61597],[-67.42091,44.60943],[-67.41913,44.6034],[-67.40556,44.59447],[-67.3972,44.60358],[-67.39775,44.60737],[-67.39923,44.60677],[-67.40232,44.6082],[-67.3976,44.60831],[-67.39678,44.60667],[-67.39558,44.60657],[-67.3958,44.61325],[-67.39004,44.61445],[-67.39158,44.62592],[-67.38173,44.62684],[-67.38567,44.62818],[-67.38219,44.63075],[-67.38069,44.62928],[-67.38149,44.62307],[-67.37745,44.61954],[-67.36307,44.63203],[-67.36567,44.63626],[-67.37055,44.63505],[-67.37611,44.63963],[-67.38213,44.63742],[-67.38421,44.64022],[-67.3844,44.64801],[-67.38174,44.64055],[-67.37594,44.64051],[-67.37483,44.64273],[-67.38039,44.64398],[-67.37461,44.64872],[-67.36843,44.64634],[-67.36669,44.65193],[-67.36885,44.65635],[-67.37661,44.65772],[-67.37347,44.66242],[-67.37782,44.66564],[-67.38045,44.664],[-67.39072,44.6681],[-67.38473,44.67029],[-67.38894,44.67037],[-67.3888,44.6731],[-67.37606,44.6775],[-67.39008,44.67676],[-67.39035,44.68018],[-67.40021,44.67873],[-67.40534,44.6822],[-67.39582,44.68639]]]},"properties":{}},{"type":"Feature","geometry":{"type":"Polygon","coordinates":[[[-67.5,44.56384],[-67.48984,44.56095],[-67.4914,44.55673],[-67.5,44.5557],[-67.5,44.56384]]]},"properties":{}},{"type":"Feature","geometry":{"type":"Polygon","coordinates":[[[-67.5,44.58865],[-67.48941,44.58624],[-67.48606,44.58154],[-67.49754,44.58704],[-67.49518,44.58421],[-67.49981,44.57714],[-67.5,44.58865]]]},"properties":{}},{"type":"Feature","geometry":{"type":"Polygon","coordinates":[[[-67.35592,44.57614],[-67.35059,44.58275],[-67.35264,44.5854],[-67.36012,44.57995],[-67.35592,44.57614]]]},"properties":{}},{"type":"Feature","geometry":{"type":"Polygon","coordinates":[[[-67.36802,44.56725],[-67.36456,44.56887],[-67.36249,44.57374],[-67.36786,44.57079],[-67.36802,44.56725]]]},"properties":{}},{"type":"Feature","geometry":{"type":"Polygon","coordinates":[[[-67.45526,44.57394],[-67.45986,44.56953],[-67.46518,44.57077],[-67.45825,44.5754],[-67.45526,44.57394]]]},"properties":{}},{"type":"Feature","geometry":{"type":"Polygon","coordinates":[[[-67.37334,44.59284],[-67.36734,44.60007],[-67.36869,44.60188],[-67.3731,44.59882],[-67.37334,44.59284]]]},"properties":{}},{"type":"Feature","geometry":{"type":"Polygon","coordinates":[[[-67.39849,44.59041],[-67.39295,44.58834],[-67.39526,44.58332],[-67.39847,44.58528],[-67.39849,44.59041]]]},"properties":{}},{"type":"Feature","geometry":{"type":"Polygon","coordinates":[[[-67.38435,44.60197],[-67.39292,44.5965],[-67.39315,44.59891],[-67.38573,44.60434],[-67.38435,44.60197]]]},"properties":{}},{"type":"Feature","geometry":{"type":"Polygon","coordinates":[[[-67.3561,44.65302],[-67.35475,44.64925],[-67.36205,44.64627],[-67.36343,44.64896],[-67.36047,44.65249],[-67.3561,44.65302]]]},"properties":{}},{"type":"Feature","geometry":{"type":"Polygon","coordinates":[[[-67.36492,44.64491],[-67.36301,44.63927],[-67.36885,44.64107],[-67.36492,44.64491]]]},"properties":{}},{"type":"Feature","geometry":{"type":"Polygon","coordinates":[[[-67.31347,44.59836],[-67.29341,44.59922],[-67.2882,44.6046],[-67.2802,44.60334],[-67.28026,44.61011],[-67.26904,44.61132],[-67.27832,44.61617],[-67.28922,44.60978],[-67.291,44.61131],[-67.28755,44.61508],[-67.29011,44.61828],[-67.29986,44.62164],[-67.30173,44.6253],[-67.31211,44.61657],[-67.3104,44.61301],[-67.3117,44.60672],[-67.31349,44.60498],[-67.31169,44.60962],[-67.31418,44.61195],[-67.32278,44.61275],[-67.31909,44.60429],[-67.31421,44.6047],[-67.31347,44.59836]]]},"properties":{}},{"type":"Feature","geometry":{"type":"Polygon","coordinates":[[[-67.25155,44.62913],[-67.247,44.62743],[-67.24699,44.62634],[-67.2513,44.62508],[-67.25155,44.62913]]]},"properties":{}},{"type":"Feature","geometry":{"type":"Polygon","coordinates":[[[-67.36516,44.69226],[-67.36298,44.69569],[-67.36544,44.69753],[-67.35951,44.7],[-67.39099,44.69827],[-67.38417,44.69416],[-67.38699,44.69114],[-67.38294,44.68922],[-67.37304,44.69156],[-67.36589,44.68656],[-67.3534,44.69068],[-67.36516,44.69226]]]},"properties":{}},{"type":"Feature","geometry":{"type":"Polygon","coordinates":[[[-67.21521,44.92284],[-67.2,44.91521],[-67.2,45.0],[-67.5,45.0],[-67.5,44.7],[-67.39446,44.7],[-67.39778,44.70322],[-67.39429,44.70642],[-67.39531,44.71047],[-67.40335,44.71393],[-67.43291,44.71268],[-67.43843,44.71629],[-67.4497,44.71721],[-67.46298,44.71038],[-67.44719,44.72105],[-67.43,44.7155],[-67.41383,44.71457],[-67.39599,44.71784],[-67.38842,44.71497],[-67.38641,44.71854],[-67.40067,44.72271],[-67.40016,44.72995],[-67.39159,44.73492],[-67.39757,44.72985],[-67.39693,44.72363],[-67.38896,44.71982],[-67.38535,44.72104],[-67.38608,44.72462],[-67.37854,44.72178],[-67.38423,44.72127],[-67.37923,44.71868],[-67.38396,44.71415],[-67.37544,44.71343],[-67.38504,44.71108],[-67.38443,44.70639],[-67.39024,44.70673],[-67.38697,44.70297],[-67.39001,44.7],[-67.35951,44.7],[-67.36087,44.70223],[-67.3574,44.70383],[-67.35178,44.7],[-67.3343,44.7],[-67.30921,44.70894],[-67.30185,44.7056],[-67.29614,44.7084],[-67.29667,44.70555],[-67.29407,44.70526],[-67.29911,44.70311],[-67.29511,44.70265],[-67.30116,44.7],[-67.2,44.7],[-67.2,44.90685],[-67.21235,44.90808],[-67.21263,44.90562],[-67.21661,44.90435],[-67.22652,44.9059],[-67.2271,44.899],[-67.22777,44.90823],[-67.21563,44.90573],[-67.21405,44.90829],[-67.21876,44.9126],[-67.20608,44.91067],[-67.2046,44.91165],[-67.21605,44.92163],[-67.21955,44.92757],[-67.22174,44.92597],[-67.22013,44.92893],[-67.22601,44.93377],[-67.21843,44.92816],[-67.22083,44.93269],[-67.21937,44.93229],[-67.21521,44.92284]]]},"properties":{}},{"type":"Feature","geometry":{"type":"Polygon","coordinates":[[[-69.3,43.94857],[-69.29486,43.95163],[-69.29248,43.95657],[-69.3,43.95347],[-69.3,43.94857]]]},"properties":{}},{"type":"Feature","geometry":{"type":"Polygon","coordinates":[[[-69.07874,44.12319],[-69.08193,44.11533],[-69.08691,44.11443],[-69.09601,44.11986],[-69.10084,44.11774],[-69.10061,44.11321],[-69.10844,44.10971],[-69.10701,44.10476],[-69.10353,44.10759],[-69.10066,44.10467],[-69.10751,44.10071],[-69.1005,44.09662],[-69.1071,44.09186],[-69.10294,44.08525],[-69.10486,44.07776],[-69.07599,44.09123],[-69.06506,44.09124],[-69.06316,44.08828],[-69.05692,44.09495],[-69.05456,44.09192],[-69.05119,44.09492],[-69.04356,44.09217],[-69.04803,44.08543],[-69.05331,44.08593],[-69.05322,44.07777],[-69.05847,44.0699],[-69.07118,44.06604],[-69.07057,44.0587],[-69.08146,44.06781],[-69.07911,44.06367],[-69.08283,44.06292],[-69.07967,44.06261],[-69.07955,44.05805],[-69.0766,44.05958],[-69.08013,44.05527],[-69.07355,44.04616],[-69.07975,44.04188],[-69.09388,44.04042],[-69.09921,44.03456],[-69.10572,44.03822],[-69.11052,44.03624],[-69.11259,44.04218],[-69.10211,44.04806],[-69.10678,44.04797],[-69.10344,44.05355],[-69.1182,44.04222],[-69.1263,44.04096],[-69.12833,44.04321],[-69.12304,44.04567],[-69.1196,44.052],[-69.12577,44.05168],[-69.12725,44.05824],[-69.13559,44.06568],[-69.1429,44.06909],[-69.12593,44.05008],[-69.13297,44.03599],[-69.13792,44.03547],[-69.13701,44.03229],[-69.12224,44.03961],[-69.11897,44.03443],[-69.12225,44.03258],[-69.11493,44.03518],[-69.1136,44.03274],[-69.11531,44.02586],[-69.11892,44.02617],[-69.12065,44.02174],[-69.13009,44.01643],[-69.1283,44.01099],[-69.12556,44.01385],[-69.12336,44.00662],[-69.12869,44.0103],[-69.13604,44.00285],[-69.13886,44.00469],[-69.13577,44.00989],[-69.13874,44.00897],[-69.14161,44.00183],[-69.14948,43.99811],[-69.14371,43.99631],[-69.13754,44.00054],[-69.13556,43.99756],[-69.14884,43.98572],[-69.14629,43.99308],[-69.15033,43.99421],[-69.14933,44.00215],[-69.16177,43.99897],[-69.16466,44.00254],[-69.15555,44.00908],[-69.16333,44.00495],[-69.16488,44.00767],[-69.16714,44.00422],[-69.17557,44.00495],[-69.16815,44.00402],[-69.16954,43.99949],[-69.17185,44.00142],[-69.17078,43.99856],[-69.17332,43.99775],[-69.1733,43.99955],[-69.17515,44.00169],[-69.17408,43.99931],[-69.17693,43.99816],[-69.17107,43.99492],[-69.17375,43.99398],[-69.17128,43.99066],[-69.18829,43.99159],[-69.1869,44.01123],[-69.18983,44.00288],[-69.19118,44.00498],[-69.19288,44.00616],[-69.19036,44.00223],[-69.19231,43.99967],[-69.18933,43.99814],[-69.19402,43.99799],[-69.19711,43.98504],[-69.20453,43.9837],[-69.19227,43.9834],[-69.1907,43.97888],[-69.19422,43.97825],[-69.1969,43.97219],[-69.2005,43.97457],[-69.19769,43.96701],[-69.21249,43.9629],[-69.21473,43.9663],[-69.2161,43.96126],[-69.21046,43.95488],[-69.21227,43.958],[-69.21007,43.961],[-69.19396,43.96148],[-69.1915,43.95876],[-69.19616,43.9497],[-69.21392,43.93652],[-69.2103,43.93377],[-69.2149,43.93076],[-69.21764,43.93482],[-69.2235,43.93489],[-69.22364,43.94215],[-69.23043,43.94313],[-69.22979,43.93271],[-69.24414,43.93143],[-69.24327,43.92504],[-69.26015,43.91723],[-69.26124,43.92013],[-69.25569,43.92272],[-69.25987,43.92558],[-69.2606,43.93239],[-69.27277,43.93642],[-69.26682,43.94025],[-69.26511,43.94698],[-69.27613,43.94796],[-69.27552,43.9534],[-69.27147,43.95225],[-69.27232,43.95552],[-69.26549,43.9581],[-69.25436,43.95438],[-69.25391,43.95866],[-69.26423,43.96418],[-69.25281,43.97171],[-69.25768,43.97548],[-69.25403,43.9812],[-69.25102,43.98105],[-69.25149,43.98462],[-69.24048,43.98379],[-69.24697,43.97931],[-69.23995,43.98149],[-69.2378,43.97693],[-69.23463,43.98281],[-69.23611,43.98694],[-69.23338,43.98829],[-69.23477,43.99197],[-69.22856,43.99084],[-69.2335,43.9944],[-69.23096,43.99743],[-69.2198,43.99702],[-69.22101,43.98863],[-69.22473,43.9885],[-69.22234,43.98754],[-69.21987,43.98763],[-69.22022,43.99174],[-69.21363,43.99497],[-69.21583,44.00361],[-69.20248,44.01146],[-69.22348,44.00407],[-69.20721,44.01852],[-69.20522,44.02286],[-69.20778,44.02502],[-69.20078,44.02528],[-69.19448,44.03626],[-69.18733,44.03785],[-69.18898,44.04904],[-69.18352,44.0509],[-69.18479,44.05446],[-69.17957,44.06148],[-69.17554,44.05611],[-69.16417,44.06757],[-69.17208,44.07571],[-69.16971,44.07746],[-69.16981,44.0807],[-69.17287,44.07495],[-69.1801,44.07114],[-69.1851,44.07358],[-69.19421,44.07473],[-69.20466,44.0666],[-69.21953,44.07898],[-69.21263,44.06866],[-69.21602,44.06746],[-69.21738,44.06508],[-69.21213,44.06813],[-69.20545,44.06495],[-69.19252,44.07446],[-69.1826,44.06908],[-69.1899,44.064],[-69.19873,44.04719],[-69.20272,44.05168],[-69.21037,44.05076],[-69.20471,44.04682],[-69.20353,44.03957],[-69.20639,44.03818],[-69.20312,44.03713],[-69.21215,44.02895],[-69.21065,44.02736],[-69.21846,44.01673],[-69.23218,44.01054],[-69.23612,44.01289],[-69.23637,44.01821],[-69.24622,44.01994],[-69.24291,44.01396],[-69.24955,44.0043],[-69.24456,44.00164],[-69.2549,44.00071],[-69.25207,43.99355],[-69.25905,43.99136],[-69.25981,43.98308],[-69.26438,43.97961],[-69.26515,43.98219],[-69.27388,43.97924],[-69.27144,43.98265],[-69.27858,43.98704],[-69.27394,43.98949],[-69.27879,43.99062],[-69.27485,43.99695],[-69.27964,43.99513],[-69.27972,43.98628],[-69.28258,43.98971],[-69.28552,43.98562],[-69.2803,43.98069],[-69.28392,43.97751],[-69.28788,43.97936],[-69.28863,43.97583],[-69.28163,43.9706],[-69.27543,43.9718],[-69.28286,43.96821],[-69.28348,43.95976],[-69.3,43.95719],[-69.3,43.98985],[-69.29705,43.99398],[-69.29499,43.99241],[-69.29331,43.99741],[-69.28948,43.99645],[-69.29398,43.99923],[-69.28392,44.01612],[-69.3,43.99733],[-69.3,44.1],[-69.38236,44.1],[-69.38236,44.12319],[-69.07874,44.12319]]]},"properties":{}},{"type":"Feature","geometry":{"type":"Polygon","coordinates":[[[-69.06719,44.01172],[-69.07172,44.00666],[-69.07244,44.01219],[-69.06719,44.01172]]]},"properties":{}},{"type":"Feature","geometry":{"type":"Polygon","coordinates":[[[-69.1571,43.99343],[-69.15243,43.99427],[-69.15869,43.98849],[-69.1571,43.99343]]]},"properties":{}},{"type":"Feature","geometry":{"type":"Polygon","coordinates":[[[-68.82317,44.18465],[-68.81895,44.17911],[-68.82596,44.17621],[-68.81947,44.17054],[-68.81949,44.16199],[-68.80858,44.16087],[-68.8068,44.15808],[-68.81655,44.15446],[-68.81468,44.15054],[-68.82047,44.14439],[-68.82818,44.14374],[-68.82266,44.14929],[-68.82798,44.15385],[-68.83509,44.14776],[-68.84553,44.14957],[-68.84504,44.14711],[-68.85063,44.14444],[-68.84287,44.14308],[-68.85069,44.138],[-68.85885,44.14199],[-68.85276,44.14842],[-68.8629,44.1466],[-68.8587,44.14649],[-68.86211,44.1454],[-68.85918,44.14219],[-68.86451,44.13776],[-68.85774,44.12631],[-68.86308,44.12933],[-68.87643,44.12709],[-68.88371,44.13228],[-68.88605,44.13169],[-68.88441,44.12919],[-68.89038,44.12862],[-68.89278,44.13118],[-68.8898,44.13056],[-68.88543,44.13772],[-68.88071,44.13783],[-68.88459,44.13613],[-68.8787,44.1338],[-68.8764,44.13587],[-68.87853,44.13901],[-68.87144,44.14469],[-68.87393,44.1441],[-68.87263,44.14692],[-68.8871,44.14602],[-68.90869,44.13126],[-68.898,44.14071],[-68.89754,44.14231],[-68.91307,44.13348],[-68.91637,44.12827],[-68.92398,44.12768],[-68.929,44.12319],[-68.93504,44.12926],[-68.92767,44.13499],[-68.91838,44.13715],[-68.92308,44.14142],[-68.91631,44.1485],[-68.9102,44.14858],[-68.90717,44.15375],[-68.89223,44.15814],[-68.89104,44.15624],[-68.89536,44.15471],[-68.89977,44.14851],[-68.88933,44.15536],[-68.89067,44.15286],[-68.88522,44.15215],[-68.88767,44.1489],[-68.87054,44.15866],[-68.85448,44.16104],[-68.87046,44.1609],[-68.88001,44.15562],[-68.88098,44.15826],[-68.884,44.15565],[-68.8832,44.15836],[-68.88858,44.15882],[-68.84564,44.18449],[-68.84018,44.18203],[-68.83213,44.18539],[-68.82317,44.18465]]]},"properties":{}},{"type":"Feature","geometry":{"type":"Polygon","coordinates":[[[-68.85419,44.47922],[-68.85075,44.48333],[-69.38236,44.48333],[-69.38236,44.12319],[-69.07874,44.12319],[-69.07619,44.13434],[-69.08573,44.13467],[-69.08984,44.13174],[-69.09267,44.13468],[-69.07955,44.14323],[-69.08232,44.14547],[-69.07815,44.15129],[-69.0814,44.15702],[-69.07318,44.17632],[-69.07459,44.18539],[-69.07108,44.1869],[-69.07042,44.18207],[-69.05962,44.17208],[-69.0605,44.1683],[-69.05777,44.17353],[-69.05302,44.17313],[-69.05746,44.18157],[-69.0517,44.19654],[-69.06411,44.21032],[-69.06027,44.20794],[-69.05053,44.21675],[-69.04669,44.21057],[-69.04295,44.21522],[-69.04381,44.22524],[-69.04015,44.23428],[-69.03133,44.24259],[-69.02974,44.2483],[-69.01665,44.2583],[-69.00528,44.27467],[-69.00797,44.28339],[-69.0012,44.29067],[-69.00476,44.29768],[-69.00191,44.29551],[-68.9833,44.29946],[-68.97992,44.29483],[-68.97329,44.30365],[-68.96223,44.30934],[-68.95836,44.31506],[-68.9615,44.31527],[-68.96143,44.31808],[-68.95686,44.31867],[-68.95276,44.32961],[-68.95216,44.33601],[-68.95618,44.33997],[-68.94965,44.3402],[-68.94813,44.35372],[-68.95617,44.36872],[-68.96719,44.3809],[-68.97817,44.38617],[-68.9835,44.38493],[-68.98989,44.39482],[-68.98265,44.40024],[-68.99473,44.42163],[-69.00913,44.42991],[-69.03116,44.45012],[-69.03306,44.44896],[-69.04477,44.45021],[-69.03354,44.45001],[-69.0335,44.45377],[-69.02786,44.44823],[-69.02384,44.44887],[-69.02096,44.44172],[-69.00789,44.43728],[-69.0067,44.43285],[-68.99297,44.43107],[-68.98668,44.42647],[-68.9509,44.43116],[-68.94415,44.42839],[-68.94089,44.4338],[-68.93299,44.43752],[-68.92766,44.44556],[-68.92619,44.4551],[-68.922,44.45764],[-68.89633,44.45042],[-68.89801,44.4668],[-68.89511,44.46914],[-68.88334,44.45987],[-68.88261,44.45592],[-68.8929,44.44444],[-68.88568,44.43036],[-68.88012,44.42806],[-68.86992,44.4358],[-68.87016,44.44473],[-68.87213,44.45318],[-68.88153,44.45617],[-68.88315,44.46285],[-68.87784,44.46452],[-68.87372,44.47288],[-68.86202,44.48004],[-68.85419,44.47922]]]},"properties":{}},{"type":"Feature","geometry":{"type":"Polygon","coordinates":[[[-68.80979,44.40555],[-68.80789,44.40311],[-68.81258,44.39533],[-68.82162,44.39443],[-68.81865,44.38137],[-68.81006,44.38144],[-68.796,44.38703],[-68.78909,44.39409],[-68.78811,44.39982],[-68.80458,44.39846],[-68.79148,44.40366],[-68.78175,44.40089],[-68.77619,44.4038],[-68.76583,44.42453],[-68.76758,44.42819],[-68.7585,44.42636],[-68.75152,44.42916],[-68.74456,44.43462],[-68.74332,44.44402],[-68.74143,44.43255],[-68.73563,44.43489],[-68.73374,44.44602],[-68.7267,44.45746],[-68.72957,44.46057],[-68.7365,44.45797],[-68.73394,44.46177],[-68.73974,44.46684],[-68.7372,44.46642],[-68.73775,44.46931],[-68.73748,44.47058],[-68.73621,44.46726],[-68.72638,44.46491],[-68.72988,44.46845],[-68.72523,44.47221],[-68.727,44.47012],[-68.72294,44.46587],[-68.70894,44.46295],[-68.70873,44.45466],[-68.7043,44.45265],[-68.71045,44.44908],[-68.7203,44.45048],[-68.72478,44.43516],[-68.72282,44.42816],[-68.72972,44.4161],[-68.72461,44.41225],[-68.71861,44.41632],[-68.71075,44.41053],[-68.70865,44.41188],[-68.70031,44.39959],[-68.70453,44.39592],[-68.69099,44.39378],[-68.67979,44.39625],[-68.68375,44.39309],[-68.68092,44.38886],[-68.66779,44.38736],[-68.67355,44.38114],[-68.67084,44.37822],[-68.67275,44.3757],[-68.66926,44.37164],[-68.66342,44.37132],[-68.66229,44.37039],[-68.66047,44.37018],[-68.66005,44.36963],[-68.66486,44.37018],[-68.67303,44.36442],[-68.67817,44.36687],[-68.67559,44.36183],[-68.67835,44.3536],[-68.67855,44.36068],[-68.68163,44.36328],[-68.67914,44.36865],[-68.6831,44.37032],[-68.67853,44.37306],[-68.67559,44.38142],[-68.68451,44.38559],[-68.68198,44.38819],[-68.68652,44.39136],[-68.68552,44.39376],[-68.70284,44.39118],[-68.70609,44.39663],[-68.70529,44.401],[-68.71331,44.40384],[-68.71994,44.41301],[-68.72249,44.41193],[-68.7168,44.39985],[-68.72389,44.40702],[-68.7267,44.40197],[-68.73546,44.41114],[-68.73819,44.4089],[-68.73676,44.40557],[-68.74047,44.40974],[-68.74267,44.40697],[-68.74643,44.41201],[-68.74816,44.41088],[-68.74773,44.4099],[-68.7485,44.40957],[-68.74781,44.41225],[-68.74116,44.41391],[-68.7443,44.4165],[-68.74312,44.42319],[-68.7455,44.42428],[-68.75014,44.41811],[-68.74968,44.42484],[-68.75931,44.42471],[-68.76559,44.41267],[-68.76128,44.40172],[-68.76657,44.39762],[-68.77086,44.39949],[-68.77818,44.39243],[-68.77766,44.38875],[-68.78039,44.38892],[-68.77885,44.38337],[-68.7571,44.37989],[-68.75879,44.37459],[-68.76491,44.3762],[-68.75839,44.37196],[-68.76102,44.37112],[-68.75891,44.3695],[-68.76076,44.36639],[-68.75587,44.36115],[-68.76148,44.36455],[-68.76434,44.35807],[-68.77061,44.35895],[-68.77892,44.36358],[-68.78566,44.3746],[-68.79213,44.37795],[-68.79471,44.37558],[-68.79801,44.37928],[-68.79822,44.37511],[-68.78732,44.37018],[-68.79374,44.36383],[-68.80017,44.36334],[-68.80329,44.35754],[-68.80582,44.35989],[-68.80918,44.35454],[-68.80675,44.35295],[-68.80416,44.35604],[-68.80338,44.34238],[-68.80081,44.34345],[-68.79824,44.33782],[-68.80364,44.34126],[-68.80512,44.34981],[-68.80833,44.34818],[-68.81012,44.35596],[-68.81266,44.35288],[-68.82053,44.3524],[-68.82549,44.33419],[-68.81797,44.32688],[-68.82771,44.32054],[-68.82538,44.31368],[-68.82733,44.31202],[-68.8102,44.30891],[-68.80324,44.31144],[-68.80146,44.30832],[-68.79353,44.30833],[-68.79152,44.3182],[-68.78937,44.31495],[-68.78807,44.31755],[-68.79013,44.32491],[-68.79211,44.32452],[-68.79341,44.32493],[-68.79109,44.32822],[-68.78751,44.3207],[-68.78206,44.31932],[-68.77839,44.3226],[-68.77342,44.319],[-68.7699,44.32802],[-68.7719,44.33173],[-68.77365,44.32886],[-68.77505,44.33059],[-68.77324,44.33848],[-68.77224,44.33435],[-68.76957,44.33517],[-68.76905,44.34191],[-68.77933,44.33997],[-68.77458,44.34772],[-68.7775,44.34943],[-68.77302,44.3532],[-68.77149,44.35306],[-68.77029,44.35356],[-68.77003,44.35351],[-68.77595,44.34152],[-68.77119,44.34492],[-68.76353,44.34398],[-68.768,44.3409],[-68.76516,44.33484],[-68.76785,44.33162],[-68.76661,44.32517],[-68.76022,44.33131],[-68.75954,44.34148],[-68.75282,44.34791],[-68.7555,44.34917],[-68.75526,44.35257],[-68.75356,44.35406],[-68.75372,44.35014],[-68.74869,44.35207],[-68.75284,44.35033],[-68.74841,44.34704],[-68.75159,44.34437],[-68.74948,44.34142],[-68.7534,44.33941],[-68.75315,44.33154],[-68.744,44.33069],[-68.74594,44.33688],[-68.74287,44.34139],[-68.73611,44.34019],[-68.72735,44.33426],[-68.73391,44.33219],[-68.73261,44.32662],[-68.69624,44.30852],[-68.69249,44.30529],[-68.69711,44.30381],[-68.68882,44.297],[-68.68348,44.29707],[-68.68357,44.30199],[-68.67969,44.30518],[-68.66802,44.29413],[-68.63102,44.28596],[-68.63119,44.29431],[-68.62701,44.30085],[-68.62425,44.30177],[-68.62147,44.29712],[-68.62153,44.30115],[-68.61597,44.30292],[-68.61597,44.48333],[-68.77829,44.48333],[-68.78505,44.47032],[-68.78262,44.44753],[-68.78931,44.45167],[-68.79797,44.45055],[-68.80149,44.43417],[-68.81627,44.42623],[-68.82169,44.40797],[-68.81729,44.40251],[-68.80979,44.40555]]]},"properties":{}},{"type":"Feature","geometry":{"type":"Polygon","coordinates":[[[-68.62569,44.27962],[-68.61597,44.27623],[-68.61597,44.29883],[-68.62613,44.28663],[-68.62569,44.27962]]]},"properties":{}},{"type":"Feature","geometry":{"type":"Polygon","coordinates":[[[-68.85326,44.12531],[-68.83863,44.1248],[-68.84273,44.13148],[-68.84617,44.12683],[-68.85326,44.12531]]]},"properties":{}},{"type":"Feature","geometry":{"type":"Polygon","coordinates":[[[-68.81402,44.14854],[-68.80426,44.14824],[-68.80215,44.15129],[-68.80405,44.15306],[-68.81402,44.14854]]]},"properties":{}},{"type":"Feature","geometry":{"type":"Polygon","coordinates":[[[-68.62132,44.20392],[-68.62962,44.21131],[-68.62608,44.21189],[-68.61897,44.20884],[-68.61597,44.21464],[-68.64885,44.21563],[-68.6555,44.21049],[-68.65391,44.20745],[-68.64599,44.2087],[-68.64783,44.20736],[-68.6383,44.20669],[-68.64017,44.20428],[-68.63461,44.20435],[-68.63517,44.20205],[-68.6209,44.20002],[-68.62132,44.20392]]]},"properties":{}},{"type":"Feature","geometry":{"type":"Polygon","coordinates":[[[-68.84845,44.48333],[-68.8458,44.47825],[-68.84206,44.47788],[-68.84294,44.47886],[-68.84252,44.47996],[-68.83936,44.47738],[-68.839,44.47609],[-68.84951,44.47659],[-68.85049,44.47157],[-68.85618,44.46856],[-68.86168,44.45404],[-68.85931,44.44622],[-68.84303,44.45167],[-68.82871,44.4623],[-68.80947,44.46867],[-68.81312,44.47061],[-68.82603,44.46812],[-68.83797,44.48331],[-68.84845,44.48333]]]},"properties":{}},{"type":"Feature","geometry":{"type":"Polygon","coordinates":[[[-68.79587,44.09862],[-68.79365,44.09343],[-68.79215,44.09317],[-68.7928,44.09828],[-68.79587,44.09862]]]},"properties":{}},{"type":"Feature","geometry":{"type":"Polygon","coordinates":[[[-68.90182,44.06615],[-68.89813,44.06203],[-68.89714,44.06498],[-68.89937,44.06698],[-68.90182,44.06615]]]},"properties":{}},{"type":"Feature","geometry":{"type":"Polygon","coordinates":[[[-68.86927,44.0623],[-68.86701,44.06539],[-68.86999,44.06482],[-68.87172,44.07168],[-68.88172,44.07048],[-68.87849,44.0706],[-68.88226,44.06634],[-68.87701,44.06708],[-68.86927,44.0623]]]},"properties":{}},{"type":"Feature","geometry":{"type":"Polygon","coordinates":[[[-68.87273,44.06162],[-68.87084,44.0577],[-68.87493,44.05548],[-68.87013,44.05102],[-68.86937,44.05437],[-68.85898,44.0554],[-68.84623,44.04866],[-68.85438,44.04916],[-68.8578,44.05392],[-68.86249,44.05261],[-68.86225,44.04675],[-68.8475,44.03896],[-68.8439,44.04068],[-68.84916,44.04217],[-68.84634,44.04647],[-68.83946,44.0428],[-68.83462,44.04773],[-68.84057,44.05123],[-68.82719,44.05528],[-68.82507,44.05873],[-68.82019,44.05505],[-68.83199,44.05144],[-68.83422,44.04601],[-68.83288,44.04261],[-68.82451,44.04179],[-68.82875,44.03672],[-68.8279,44.03197],[-68.81844,44.03205],[-68.80495,44.03756],[-68.80967,44.0412],[-68.80698,44.04391],[-68.8133,44.04697],[-68.80675,44.04568],[-68.80133,44.0483],[-68.79643,44.06017],[-68.79159,44.05785],[-68.79431,44.05451],[-68.79012,44.05415],[-68.78852,44.05885],[-68.77559,44.06411],[-68.78646,44.07659],[-68.77935,44.07559],[-68.78153,44.08571],[-68.78826,44.0905],[-68.78694,44.09509],[-68.79169,44.09137],[-68.78896,44.07999],[-68.79253,44.08175],[-68.78991,44.08249],[-68.79217,44.08623],[-68.8013,44.07661],[-68.80688,44.07968],[-68.8008,44.08456],[-68.82166,44.08028],[-68.83262,44.08173],[-68.82732,44.08392],[-68.82966,44.08603],[-68.84061,44.08453],[-68.84086,44.08153],[-68.83599,44.07995],[-68.83911,44.0768],[-68.83631,44.06886],[-68.84378,44.08037],[-68.84429,44.08632],[-68.83522,44.08673],[-68.83112,44.0917],[-68.84327,44.09265],[-68.84215,44.0953],[-68.84651,44.09781],[-68.85168,44.09634],[-68.851,44.09392],[-68.85146,44.09354],[-68.85271,44.09631],[-68.85003,44.09951],[-68.8547,44.10265],[-68.85387,44.10594],[-68.85767,44.10127],[-68.85384,44.09297],[-68.85549,44.09195],[-68.85946,44.10254],[-68.86891,44.10185],[-68.86086,44.11101],[-68.86562,44.11436],[-68.88738,44.11154],[-68.87158,44.11515],[-68.87341,44.11876],[-68.86313,44.11638],[-68.86479,44.11954],[-68.87858,44.12319],[-68.89891,44.12311],[-68.9095,44.11188],[-68.90705,44.10989],[-68.90622,44.11118],[-68.90431,44.11209],[-68.90796,44.09931],[-68.91223,44.09627],[-68.90774,44.09437],[-68.90077,44.10172],[-68.90152,44.11057],[-68.89903,44.11446],[-68.90051,44.10848],[-68.8965,44.10575],[-68.89707,44.09848],[-68.90258,44.09675],[-68.90105,44.0908],[-68.90611,44.08967],[-68.90031,44.08476],[-68.89535,44.08741],[-68.89623,44.09062],[-68.88552,44.08843],[-68.87974,44.10072],[-68.8822,44.08846],[-68.87729,44.08788],[-68.88365,44.08676],[-68.88484,44.07881],[-68.87639,44.07324],[-68.87328,44.08343],[-68.86985,44.08125],[-68.87155,44.07833],[-68.86545,44.07871],[-68.86814,44.07634],[-68.85968,44.06915],[-68.86593,44.05883],[-68.86836,44.06223],[-68.87273,44.06162]]]},"properties":{}},{"type":"Feature","geometry":{"type":"Polygon","coordinates":[[[-68.77373,44.01061],[-68.76891,44.01141],[-68.76727,44.01337],[-68.77302,44.01368],[-68.77373,44.01061]]]},"properties":{}},{"type":"Feature","geometry":{"type":"Polygon","coordinates":[[[-68.89927,44.06045],[-68.89558,44.05478],[-68.89717,44.05304],[-68.89994,44.05628],[-68.89927,44.06045]]]},"properties":{}},{"type":"Feature","geometry":{"type":"Polygon","coordinates":[[[-68.89914,43.82193],[-68.88651,43.82234],[-68.88801,43.82977],[-68.88452,43.83025],[-68.88731,43.83271],[-68.87849,43.83335],[-68.87669,43.83765],[-68.89117,43.83581],[-68.88886,43.83367],[-68.89337,43.83332],[-68.89517,43.825],[-68.89914,43.82193]]]},"properties":{}},{"type":"Feature","geometry":{"type":"Polygon","coordinates":[[[-68.87266,44.05928],[-68.87654,44.06235],[-68.88128,44.06039],[-68.87646,44.05794],[-68.87266,44.05928]]]},"properties":{}},{"type":"Feature","geometry":{"type":"Polygon","coordinates":[[[-68.81617,44.09603],[-68.80478,44.09666],[-68.82118,44.08442],[-68.82833,44.08575],[-68.81465,44.09324],[-68.81617,44.09603]]]},"properties":{}},{"type":"Feature","geometry":{"type":"Polygon","coordinates":[[[-68.94383,44.11353],[-68.929,44.12319],[-68.93617,44.11662],[-68.93546,44.10977],[-68.94258,44.1099],[-68.94383,44.11353]]]},"properties":{}},{"type":"Feature","geometry":{"type":"Polygon","coordinates":[[[-68.84963,44.03273],[-68.85042,44.02777],[-68.86054,44.03208],[-68.86355,44.02924],[-68.85965,44.02571],[-68.86164,44.02481],[-68.86613,44.03113],[-68.86402,44.03159],[-68.8699,44.03199],[-68.87317,44.04258],[-68.87077,44.0465],[-68.86583,44.04583],[-68.8642,44.04106],[-68.86003,44.04022],[-68.86812,44.03829],[-68.85744,44.03857],[-68.85324,44.03536],[-68.85938,44.03541],[-68.85795,44.0325],[-68.84963,44.03273]]]},"properties":{}},{"type":"Feature","geometry":{"type":"Polygon","coordinates":[[[-68.80381,44.09491],[-68.80369,44.09057],[-68.80832,44.09065],[-68.80607,44.09426],[-68.80381,44.09491]]]},"properties":{}},{"type":"Feature","geometry":{"type":"Polygon","coordinates":[[[-68.84648,44.12246],[-68.83895,44.12319],[-68.84121,44.12256],[-68.83913,44.11556],[-68.81931,44.12305],[-68.81451,44.11632],[-68.80734,44.11705],[-68.80387,44.11271],[-68.80774,44.10988],[-68.80772,44.1044],[-68.81941,44.09993],[-68.81848,44.09697],[-68.82305,44.09295],[-68.8228,44.10398],[-68.82399,44.10014],[-68.82876,44.10063],[-68.82439,44.09768],[-68.82852,44.09047],[-68.83642,44.09512],[-68.83253,44.10238],[-68.837,44.10091],[-68.83737,44.09441],[-68.84068,44.09802],[-68.838,44.10273],[-68.84555,44.10351],[-68.84453,44.10953],[-68.85422,44.10878],[-68.84231,44.11577],[-68.84754,44.11759],[-68.84503,44.11916],[-68.84648,44.12246]]]},"properties":{}},{"type":"Feature","geometry":{"type":"Polygon","coordinates":[[[-68.82862,44.04097],[-68.83237,44.03345],[-68.8378,44.03683],[-68.83299,44.04183],[-68.82862,44.04097]]]},"properties":{}},{"type":"Feature","geometry":{"type":"Polygon","coordinates":[[[-68.62375,44.08827],[-68.62639,44.08752],[-68.61597,44.08645],[-68.61597,44.00942],[-68.61849,44.01201],[-68.61836,44.02405],[-68.62014,44.02009],[-68.63085,44.02157],[-68.62869,44.01724],[-68.63672,44.01979],[-68.63873,44.01574],[-68.64877,44.01481],[-68.64692,44.01278],[-68.65394,44.00641],[-68.66102,44.01675],[-68.65971,44.02252],[-68.65559,44.02783],[-68.64685,44.02831],[-68.65545,44.0298],[-68.65583,44.03259],[-68.65351,44.03798],[-68.64504,44.04156],[-68.64607,44.04466],[-68.63935,44.04678],[-68.64391,44.0564],[-68.65482,44.04506],[-68.65568,44.04795],[-68.65189,44.05119],[-68.65454,44.05258],[-68.65783,44.04822],[-68.65893,44.05038],[-68.65145,44.06467],[-68.64599,44.0652],[-68.6409,44.07263],[-68.62936,44.07915],[-68.6306,44.08347],[-68.62518,44.08511],[-68.62761,44.08776],[-68.62637,44.08953],[-68.62375,44.08827]]]},"properties":{}},{"type":"Feature","geometry":{"type":"Polygon","coordinates":[[[-68.40169,44.25174],[-68.4,44.2841],[-68.41234,44.27856],[-68.41199,44.2744],[-68.42001,44.27462],[-68.40447,44.26143],[-68.40676,44.25736],[-68.40169,44.25174]]]},"properties":{}},{"type":"Feature","geometry":{"type":"Polygon","coordinates":[[[-68.4,44.28561],[-68.4,44.325],[-68.4,44.34185],[-68.40879,44.33303],[-68.40771,44.32062],[-68.41227,44.32339],[-68.41572,44.321],[-68.41319,44.31802],[-68.42022,44.31906],[-68.42337,44.31604],[-68.42,44.31087],[-68.42378,44.30945],[-68.42753,44.31362],[-68.43084,44.3127],[-68.43121,44.30929],[-68.42719,44.30698],[-68.43172,44.30319],[-68.42349,44.28438],[-68.41643,44.28627],[-68.40575,44.28232],[-68.4,44.28561]]]},"properties":{}},{"type":"Feature","geometry":{"type":"Polygon","coordinates":[[[-68.4,44.41276],[-68.4,44.6],[-68.63278,44.6],[-68.63278,44.48333],[-68.61597,44.48333],[-68.61597,44.30268],[-68.61059,44.30617],[-68.6121,44.30693],[-68.61218,44.30814],[-68.61143,44.30883],[-68.61282,44.30926],[-68.60853,44.3083],[-68.6114,44.30094],[-68.61597,44.29883],[-68.61447,44.27445],[-68.60442,44.27637],[-68.59985,44.27128],[-68.59464,44.2722],[-68.59127,44.26849],[-68.59507,44.26811],[-68.58899,44.26398],[-68.57243,44.25991],[-68.57938,44.25851],[-68.5743,44.25659],[-68.5768,44.25412],[-68.54495,44.24315],[-68.55231,44.23848],[-68.55028,44.2351],[-68.53496,44.2288],[-68.52299,44.22871],[-68.52916,44.24957],[-68.54206,44.25779],[-68.55362,44.25779],[-68.55686,44.26646],[-68.55525,44.27177],[-68.55817,44.27216],[-68.55453,44.27678],[-68.54799,44.27398],[-68.55107,44.27216],[-68.5445,44.27042],[-68.54303,44.26619],[-68.53713,44.26636],[-68.54112,44.26342],[-68.51934,44.26042],[-68.53267,44.28632],[-68.52863,44.29408],[-68.53076,44.29923],[-68.53839,44.30049],[-68.53645,44.2891],[-68.54911,44.29081],[-68.56634,44.31301],[-68.56331,44.33386],[-68.55439,44.34106],[-68.55383,44.34717],[-68.54485,44.35549],[-68.54643,44.36207],[-68.551,44.372],[-68.55948,44.37364],[-68.56568,44.37905],[-68.56117,44.38026],[-68.56422,44.38532],[-68.56971,44.38572],[-68.5649,44.39017],[-68.56826,44.39188],[-68.56575,44.39674],[-68.56904,44.3969],[-68.56313,44.39941],[-68.56388,44.40289],[-68.56899,44.40526],[-68.56858,44.40268],[-68.57525,44.4001],[-68.57377,44.40377],[-68.58526,44.40591],[-68.58704,44.41324],[-68.5785,44.41373],[-68.57062,44.4087],[-68.57326,44.41361],[-68.57107,44.41442],[-68.56454,44.41123],[-68.56063,44.40395],[-68.52932,44.39864],[-68.51931,44.41029],[-68.52526,44.4189],[-68.51721,44.41302],[-68.51558,44.41596],[-68.50786,44.41228],[-68.49885,44.41517],[-68.4955,44.42474],[-68.49707,44.43145],[-68.48926,44.4334],[-68.48743,44.44575],[-68.48099,44.45623],[-68.47284,44.45079],[-68.47179,44.4451],[-68.47676,44.44548],[-68.47456,44.43256],[-68.4757,44.42938],[-68.47922,44.42961],[-68.47289,44.40272],[-68.47928,44.39955],[-68.48256,44.38846],[-68.47894,44.37968],[-68.46703,44.37745],[-68.45903,44.38531],[-68.46308,44.38685],[-68.46397,44.39794],[-68.45624,44.41328],[-68.47158,44.43977],[-68.45885,44.44655],[-68.45823,44.45367],[-68.46828,44.46608],[-68.46896,44.48093],[-68.47294,44.48615],[-68.50195,44.49142],[-68.50572,44.4945],[-68.46684,44.49389],[-68.46626,44.49025],[-68.43688,44.48254],[-68.43821,44.49413],[-68.43556,44.49328],[-68.43168,44.499],[-68.43504,44.50527],[-68.42867,44.50981],[-68.42554,44.52008],[-68.42811,44.52455],[-68.42321,44.53638],[-68.42606,44.53945],[-68.4257,44.54117],[-68.41894,44.53171],[-68.42211,44.53354],[-68.42629,44.52659],[-68.42267,44.52024],[-68.42683,44.50875],[-68.43266,44.50509],[-68.42217,44.49594],[-68.4248,44.48002],[-68.42103,44.47028],[-68.42751,44.47056],[-68.42926,44.46429],[-68.42495,44.43703],[-68.43137,44.43055],[-68.4335,44.41438],[-68.42917,44.40902],[-68.43468,44.4015],[-68.42666,44.39644],[-68.41378,44.39967],[-68.40833,44.40855],[-68.4,44.41276]]]},"properties":{}},{"type":"Feature","geometry":{"type":"Polygon","coordinates":[[[-68.4252,44.19073],[-68.41342,44.18753],[-68.40863,44.17727],[-68.4,44.17076],[-68.4,44.13841],[-68.4058,44.13419],[-68.42121,44.12864],[-68.43346,44.13126],[-68.43097,44.13703],[-68.42733,44.13768],[-68.44011,44.13942],[-68.44204,44.14147],[-68.43733,44.14395],[-68.44528,44.14478],[-68.44213,44.15158],[-68.44574,44.15397],[-68.44108,44.15644],[-68.44393,44.15778],[-68.44966,44.15265],[-68.4481,44.14752],[-68.45104,44.14204],[-68.44666,44.13433],[-68.45152,44.13466],[-68.45882,44.14026],[-68.45269,44.15078],[-68.45824,44.15454],[-68.45518,44.15883],[-68.45764,44.16097],[-68.46383,44.16108],[-68.4626,44.15828],[-68.4666,44.15431],[-68.47585,44.15539],[-68.48034,44.14738],[-68.48529,44.14606],[-68.48492,44.14235],[-68.48867,44.14872],[-68.49647,44.14683],[-68.50313,44.1504],[-68.50066,44.16016],[-68.48843,44.16967],[-68.48508,44.16841],[-68.48465,44.16335],[-68.48803,44.15959],[-68.47425,44.1609],[-68.47712,44.16504],[-68.46936,44.16897],[-68.47169,44.17227],[-68.46775,44.17339],[-68.47051,44.17708],[-68.4664,44.18395],[-68.46266,44.18438],[-68.46525,44.18243],[-68.46163,44.18036],[-68.45596,44.18288],[-68.44729,44.17768],[-68.44928,44.17354],[-68.44527,44.17059],[-68.45618,44.16606],[-68.45282,44.15888],[-68.45177,44.16313],[-68.43771,44.17292],[-68.44221,44.16558],[-68.44043,44.16273],[-68.43355,44.16937],[-68.42144,44.17326],[-68.41994,44.17882],[-68.42445,44.18291],[-68.42253,44.18477],[-68.4252,44.19073]]]},"properties":{}},{"type":"Feature","geometry":{"type":"Polygon","coordinates":[[[-68.4,44.34472],[-68.40079,44.36184],[-68.40692,44.34761],[-68.40973,44.34603],[-68.40521,44.35468],[-68.41,44.35649],[-68.41719,44.34586],[-68.4169,44.33893],[-68.42133,44.336],[-68.41727,44.33312],[-68.4121,44.34302],[-68.40607,44.33849],[-68.4,44.34472]]]},"properties":{}},{"type":"Feature","geometry":{"type":"Polygon","coordinates":[[[-68.43658,44.13292],[-68.43418,44.12695],[-68.43834,44.12538],[-68.4358,44.12169],[-68.44426,44.12647],[-68.44905,44.12558],[-68.44821,44.12919],[-68.4394,44.13274],[-68.43658,44.13292]]]},"properties":{}},{"type":"Feature","geometry":{"type":"Polygon","coordinates":[[[-68.49077,44.28276],[-68.46883,44.26994],[-68.46963,44.26366],[-68.48726,44.26914],[-68.49077,44.28276]]]},"properties":{}},{"type":"Feature","geometry":{"type":"Polygon","coordinates":[[[-68.59099,44.24939],[-68.59339,44.24866],[-68.59829,44.25218],[-68.59745,44.25301],[-68.59099,44.24939]]]},"properties":{}},{"type":"Feature","geometry":{"type":"Polygon","coordinates":[[[-68.43068,44.28926],[-68.4328,44.28631],[-68.43616,44.29317],[-68.43358,44.29235],[-68.43068,44.28926]]]},"properties":{}},{"type":"Feature","geometry":{"type":"Polygon","coordinates":[[[-68.60607,44.21699],[-68.59874,44.21501],[-68.59534,44.2103],[-68.58982,44.21193],[-68.59002,44.21497],[-68.58395,44.215],[-68.58827,44.20726],[-68.57321,44.20418],[-68.57093,44.20095],[-68.57568,44.20025],[-68.56525,44.19657],[-68.56423,44.19196],[-68.58131,44.1942],[-68.56794,44.189],[-68.58002,44.18503],[-68.58224,44.18597],[-68.57901,44.18906],[-68.58688,44.18687],[-68.58944,44.1878],[-68.58683,44.19012],[-68.59966,44.19198],[-68.587,44.19538],[-68.58918,44.19819],[-68.58714,44.20178],[-68.59543,44.20507],[-68.59395,44.2095],[-68.59914,44.21148],[-68.61597,44.21048],[-68.61597,44.21464],[-68.60607,44.21699]]]},"properties":{}},{"type":"Feature","geometry":{"type":"Polygon","coordinates":[[[-68.40325,44.10823],[-68.40167,44.1115],[-68.40778,44.11109],[-68.40761,44.10797],[-68.40325,44.10823]]]},"properties":{}},{"type":"Feature","geometry":{"type":"Polygon","coordinates":[[[-68.61597,44.00968],[-68.61597,44.08645],[-68.61165,44.08887],[-68.60106,44.08632],[-68.60451,44.08351],[-68.60133,44.08267],[-68.60086,44.0765],[-68.60383,44.07678],[-68.59872,44.06684],[-68.60216,44.05426],[-68.60103,44.04514],[-68.61315,44.02595],[-68.61062,44.01334],[-68.61597,44.00968]]]},"properties":{}},{"type":"Feature","geometry":{"type":"Polygon","coordinates":[[[-68.61385,44.22136],[-68.60904,44.21992],[-68.60317,44.22332],[-68.6144,44.22552],[-68.61385,44.22136]]]},"properties":{}},{"type":"Feature","geometry":{"type":"Polygon","coordinates":[[[-68.61597,44.23419],[-68.61597,44.24742],[-68.60853,44.24122],[-68.61443,44.23457],[-68.60646,44.23426],[-68.60408,44.23016],[-68.60892,44.22963],[-68.61597,44.23419]]]},"properties":{}},{"type":"Feature","geometry":{"type":"Polygon","coordinates":[[[-67.0,44.78839],[-67.0,44.83333],[-67.12552,44.83333],[-67.12604,44.83061],[-67.13441,44.83333],[-67.13745,44.83112],[-67.134,44.82804],[-67.1362,44.82268],[-67.12959,44.82356],[-67.12659,44.81831],[-67.13335,44.82065],[-67.13822,44.8139],[-67.13362,44.81408],[-67.1334,44.81174],[-67.14169,44.80674],[-67.14477,44.80621],[-67.13851,44.81288],[-67.14231,44.80971],[-67.14505,44.81227],[-67.14925,44.81051],[-67.14497,44.81535],[-67.14624,44.81759],[-67.14961,44.81756],[-67.15429,44.81132],[-67.16006,44.81286],[-67.1621,44.8077],[-67.15785,44.80746],[-67.16223,44.80401],[-67.15567,44.80184],[-67.16934,44.79852],[-67.15444,44.79791],[-67.1503,44.79575],[-67.16427,44.79648],[-67.16811,44.7904],[-67.17333,44.79127],[-67.17096,44.79946],[-67.16504,44.80183],[-67.15981,44.82002],[-67.15486,44.81834],[-67.15522,44.82225],[-67.16023,44.82375],[-67.16076,44.8289],[-67.15887,44.82401],[-67.15197,44.82251],[-67.14982,44.83333],[-67.15375,44.83102],[-67.15543,44.83333],[-67.2,44.83333],[-67.2,44.65537],[-67.1945,44.65434],[-67.19008,44.6574],[-67.19953,44.66157],[-67.18691,44.66039],[-67.18895,44.66355],[-67.18261,44.66494],[-67.17969,44.66247],[-67.16695,44.66256],[-67.15443,44.6684],[-67.15804,44.67115],[-67.14943,44.67701],[-67.15123,44.67874],[-67.1466,44.68617],[-67.13737,44.6906],[-67.13965,44.69427],[-67.12923,44.69488],[-67.12425,44.70154],[-67.11918,44.70258],[-67.11808,44.71198],[-67.10996,44.71159],[-67.1082,44.71646],[-67.10388,44.71742],[-67.1047,44.72268],[-67.0972,44.73098],[-67.09833,44.73347],[-67.10503,44.73703],[-67.12274,44.73845],[-67.12263,44.74124],[-67.07249,44.74169],[-67.07428,44.74339],[-67.07125,44.74589],[-67.07795,44.74965],[-67.07009,44.75034],[-67.07094,44.75274],[-67.08481,44.75275],[-67.08334,44.75414],[-67.08934,44.75589],[-67.0635,44.75245],[-67.06532,44.75423],[-67.0611,44.76001],[-67.06624,44.76246],[-67.06154,44.76447],[-67.07052,44.76852],[-67.06682,44.77166],[-67.05078,44.77485],[-67.04852,44.7654],[-67.05136,44.76197],[-67.0488,44.76102],[-67.04385,44.76483],[-67.02011,44.76996],[-67.02473,44.77375],[-67.01246,44.77739],[-67.01448,44.77912],[-67.01011,44.78222],[-67.01019,44.78825],[-67.0,44.78839]]]},"properties":{}},{"type":"Feature","geometry":{"type":"Polygon","coordinates":[[[-67.2,44.65016],[-67.19067,44.64455],[-67.2,44.64341],[-67.2,44.65016]]]},"properties":{}},{"type":"Feature","geometry":{"type":"Polygon","coordinates":[[[-69.13009,44.01643],[-69.11991,44.025],[-69.15,44.025],[-69.15,43.9936],[-69.14629,43.99308],[-69.14932,43.98603],[-69.13566,43.99733],[-69.13754,44.00054],[-69.14371,43.99631],[-69.14948,43.99811],[-69.14161,44.00183],[-69.13874,44.00897],[-69.13543,44.01033],[-69.13886,44.00469],[-69.13604,44.00285],[-69.12869,44.0103],[-69.12336,44.00666],[-69.13009,44.01643]]]},"properties":{}},{"type":"Feature","geometry":{"type":"Polygon","coordinates":[[[-69.15,44.1],[-69.1005,44.09662],[-69.10292,44.09429],[-69.10097,44.09354],[-69.10711,44.09186],[-69.10294,44.08525],[-69.10486,44.07776],[-69.09197,44.08588],[-69.075,44.09101],[-69.075,44.06164],[-69.07937,44.06501],[-69.08246,44.06291],[-69.07967,44.06261],[-69.07955,44.05805],[-69.07662,44.05968],[-69.08013,44.05527],[-69.075,44.04545],[-69.07979,44.04189],[-69.09327,44.0407],[-69.09958,44.03454],[-69.10502,44.03823],[-69.11159,44.03691],[-69.1123,44.04264],[-69.10143,44.04866],[-69.10596,44.04733],[-69.10553,44.05137],[-69.1182,44.04222],[-69.1263,44.04096],[-69.12833,44.04321],[-69.11953,44.05177],[-69.1262,44.05178],[-69.13293,44.03608],[-69.13723,44.03651],[-69.13738,44.03301],[-69.12214,44.03961],[-69.11897,44.03443],[-69.12225,44.03258],[-69.11461,44.03487],[-69.11529,44.0259],[-69.15,44.025],[-69.15,44.1]]]},"properties":{}},{"type":"Feature","geometry":{"type":"Polygon","coordinates":[[[-69.05464,44.09199],[-69.0547,44.0948],[-69.05832,44.09446],[-69.06316,44.08828],[-69.06509,44.09123],[-69.075,44.09101],[-69.075,44.06164],[-69.07113,44.05861],[-69.07118,44.06604],[-69.05853,44.06985],[-69.0532,44.07777],[-69.05331,44.08593],[-69.04804,44.08541],[-69.04356,44.09217],[-69.0512,44.09492],[-69.05464,44.09199]]]},"properties":{}},{"type":"Feature","geometry":{"type":"Polygon","coordinates":[[[-68.85277,44.09628],[-68.85029,44.09994],[-68.85749,44.1],[-68.85383,44.09307],[-68.85546,44.0896],[-68.85828,44.1],[-68.87933,44.1],[-68.8822,44.08846],[-68.87741,44.0878],[-68.8838,44.08674],[-68.88493,44.07878],[-68.8764,44.07324],[-68.8732,44.08369],[-68.86983,44.08138],[-68.87188,44.07846],[-68.86542,44.0789],[-68.86814,44.07626],[-68.86499,44.07711],[-68.86311,44.06943],[-68.85966,44.06923],[-68.86571,44.0588],[-68.86953,44.0629],[-68.86704,44.06322],[-68.86701,44.06538],[-68.86987,44.06457],[-68.873,44.06879],[-68.87179,44.07168],[-68.88015,44.07138],[-68.88236,44.06644],[-68.87687,44.06715],[-68.86944,44.06217],[-68.8729,44.06133],[-68.87073,44.05759],[-68.87555,44.05695],[-68.87414,44.05338],[-68.86916,44.05092],[-68.86933,44.05442],[-68.86215,44.05397],[-68.86215,44.04672],[-68.85611,44.04672],[-68.85036,44.04028],[-68.85,44.09706],[-68.85131,44.09339],[-68.85277,44.09628]]]},"properties":{}},{"type":"Feature","geometry":{"type":"Polygon","coordinates":[[[-68.88158,44.09989],[-68.89729,44.09981],[-68.899,44.09539],[-68.90271,44.09672],[-68.90093,44.09099],[-68.90605,44.08935],[-68.89832,44.08416],[-68.89624,44.09065],[-68.88609,44.08811],[-68.88158,44.09989]]]},"properties":{}},{"type":"Feature","geometry":{"type":"Polygon","coordinates":[[[-68.90787,44.09431],[-68.90328,44.1],[-68.90798,44.1],[-68.91231,44.0965],[-68.90787,44.09431]]]},"properties":{}},{"type":"Feature","geometry":{"type":"Polygon","coordinates":[[[-68.83751,44.09442],[-68.83642,44.1],[-68.84036,44.09894],[-68.83751,44.09442]]]},"properties":{}},{"type":"Feature","geometry":{"type":"Polygon","coordinates":[[[-68.82472,44.09776],[-68.82836,44.09046],[-68.83642,44.09511],[-68.83371,44.1],[-68.82472,44.09776]]]},"properties":{}},{"type":"Feature","geometry":{"type":"Polygon","coordinates":[[[-68.85,44.09706],[-68.84219,44.09531],[-68.84335,44.09239],[-68.84078,44.09422],[-68.83046,44.09032],[-68.8392,44.08545],[-68.8443,44.08646],[-68.84242,44.08158],[-68.84485,44.08082],[-68.84049,44.07822],[-68.83636,44.06843],[-68.8391,44.07691],[-68.83554,44.08119],[-68.84088,44.08154],[-68.84063,44.08453],[-68.82975,44.08603],[-68.82739,44.08381],[-68.83275,44.08177],[-68.82166,44.08028],[-68.80094,44.08457],[-68.80688,44.07939],[-68.8002,44.07668],[-68.79432,44.08546],[-68.79028,44.08497],[-68.79273,44.08184],[-68.78954,44.07985],[-68.78911,44.08353],[-68.7871,44.08199],[-68.79174,44.09087],[-68.78694,44.09509],[-68.78826,44.09038],[-68.78153,44.08571],[-68.77935,44.07559],[-68.78646,44.07659],[-68.77998,44.06629],[-68.775,44.06374],[-68.79047,44.05767],[-68.79675,44.06032],[-68.80133,44.0483],[-68.80681,44.04561],[-68.81274,44.04772],[-68.80701,44.0439],[-68.80972,44.04163],[-68.8051,44.038],[-68.80729,44.03559],[-68.82784,44.03196],[-68.82855,44.037],[-68.8242,44.04184],[-68.82755,44.04353],[-68.82458,44.04665],[-68.82799,44.04807],[-68.8288,44.0422],[-68.83332,44.04281],[-68.83303,44.04724],[-68.8409,44.04262],[-68.84559,44.04715],[-68.8493,44.04204],[-68.84392,44.04068],[-68.84854,44.03909],[-68.85,44.04029],[-68.85,44.09706]]]},"properties":{}},{"type":"Feature","geometry":{"type":"Polygon","coordinates":[[[-69.08033,44.15925],[-69.075,44.175],[-69.15,44.175],[-69.15,44.1],[-69.10737,44.1],[-69.10075,44.10396],[-69.10351,44.1076],[-69.10629,44.10484],[-69.10893,44.1056],[-69.10757,44.11108],[-69.10061,44.11321],[-69.10046,44.11824],[-69.0941,44.11996],[-69.08694,44.11443],[-69.08193,44.11533],[-69.07619,44.13434],[-69.08554,44.1347],[-69.08973,44.13169],[-69.09267,44.13468],[-69.07955,44.14323],[-69.08232,44.14547],[-69.07809,44.14957],[-69.08033,44.15925]]]},"properties":{}},{"type":"Feature","geometry":{"type":"Polygon","coordinates":[[[-69.05777,44.17353],[-69.05321,44.17277],[-69.05321,44.175],[-69.06322,44.17411],[-69.05962,44.17208],[-69.0605,44.1683],[-69.05777,44.17353]]]},"properties":{}},{"type":"Feature","geometry":{"type":"Polygon","coordinates":[[[-68.925,44.12725],[-68.925,44.13552],[-68.93345,44.13173],[-68.93504,44.12926],[-68.92941,44.1251],[-68.94236,44.11531],[-68.94258,44.1099],[-68.93546,44.10977],[-68.93625,44.11656],[-68.925,44.12725]]]},"properties":{}},{"type":"Feature","geometry":{"type":"Polygon","coordinates":[[[-68.85312,44.10523],[-68.85474,44.10272],[-68.85045,44.1],[-68.85749,44.1],[-68.85665,44.10513],[-68.85312,44.10523]]]},"properties":{}},{"type":"Feature","geometry":{"type":"Polygon","coordinates":[[[-68.85062,44.13801],[-68.85,44.175],[-68.8643,44.175],[-68.88747,44.16102],[-68.88839,44.15835],[-68.88397,44.15565],[-68.8812,44.15833],[-68.87998,44.15563],[-68.87474,44.15688],[-68.88404,44.15048],[-68.88815,44.14883],[-68.88516,44.15208],[-68.89047,44.15257],[-68.89013,44.15537],[-68.89997,44.14831],[-68.89105,44.15624],[-68.89245,44.15814],[-68.90784,44.15343],[-68.91103,44.14818],[-68.91666,44.14832],[-68.92313,44.1414],[-68.91804,44.13754],[-68.925,44.13552],[-68.925,44.12725],[-68.91688,44.12806],[-68.91338,44.13348],[-68.89741,44.14256],[-68.90874,44.13132],[-68.88716,44.14604],[-68.87222,44.14707],[-68.8783,44.13882],[-68.87632,44.13591],[-68.87845,44.1332],[-68.88464,44.1361],[-68.88087,44.13779],[-68.88551,44.13773],[-68.88982,44.13056],[-68.89117,44.13257],[-68.89266,44.13141],[-68.89039,44.12854],[-68.88432,44.12918],[-68.88618,44.13164],[-68.88356,44.13235],[-68.87644,44.12708],[-68.86281,44.12926],[-68.85777,44.12626],[-68.86447,44.13731],[-68.86291,44.13897],[-68.86687,44.13951],[-68.85918,44.14219],[-68.86259,44.14525],[-68.85966,44.14519],[-68.85868,44.14662],[-68.86297,44.14664],[-68.85299,44.1487],[-68.85881,44.14189],[-68.85062,44.13801]]]},"properties":{}},{"type":"Feature","geometry":{"type":"Polygon","coordinates":[[[-68.88665,44.12502],[-68.90164,44.12118],[-68.9098,44.11136],[-68.90711,44.10994],[-68.90439,44.11291],[-68.90451,44.10577],[-68.90792,44.10494],[-68.9089,44.10045],[-68.90085,44.10161],[-68.90161,44.11059],[-68.90052,44.11295],[-68.89856,44.11529],[-68.90061,44.10842],[-68.89604,44.10594],[-68.89682,44.1],[-68.85828,44.1],[-68.86084,44.10303],[-68.86669,44.10016],[-68.86916,44.10209],[-68.86091,44.11115],[-68.8657,44.11435],[-68.87614,44.11366],[-68.87714,44.11466],[-68.8715,44.11524],[-68.87423,44.11884],[-68.86892,44.11573],[-68.86866,44.11919],[-68.86374,44.11631],[-68.86362,44.11851],[-68.88284,44.12482],[-68.88877,44.12283],[-68.88665,44.12502]]]},"properties":{}},{"type":"Feature","geometry":{"type":"Polygon","coordinates":[[[-68.84447,44.13092],[-68.83872,44.12581],[-68.84126,44.12255],[-68.83913,44.11556],[-68.8193,44.12305],[-68.8142,44.11613],[-68.80683,44.1168],[-68.80383,44.11289],[-68.80781,44.10984],[-68.80767,44.10446],[-68.81621,44.10216],[-68.81416,44.1],[-68.82305,44.1],[-68.82244,44.10204],[-68.82297,44.10502],[-68.82422,44.10011],[-68.84426,44.10174],[-68.84369,44.10534],[-68.84695,44.1067],[-68.84381,44.10711],[-68.84448,44.10962],[-68.85,44.11148],[-68.84231,44.11577],[-68.8476,44.1175],[-68.84496,44.11936],[-68.84657,44.12248],[-68.84247,44.12251],[-68.84624,44.1252],[-68.85,44.12306],[-68.84999,44.12559],[-68.84464,44.12769],[-68.84447,44.13092]]]},"properties":{}},{"type":"Feature","geometry":{"type":"Polygon","coordinates":[[[-68.84936,44.14037],[-68.84418,44.14196],[-68.84291,44.14331],[-68.85,44.14418],[-68.84936,44.14037]]]},"properties":{}},{"type":"Feature","geometry":{"type":"Polygon","coordinates":[[[-68.81954,44.17072],[-68.85,44.175],[-68.85,44.14535],[-68.84506,44.14711],[-68.84535,44.14975],[-68.83522,44.14771],[-68.82742,44.15202],[-68.82841,44.1539],[-68.82152,44.15022],[-68.82825,44.14372],[-68.82052,44.14418],[-68.81665,44.14762],[-68.81437,44.15156],[-68.81655,44.15446],[-68.80687,44.15821],[-68.80853,44.16081],[-68.81893,44.16142],[-68.81954,44.17072]]]},"properties":{}},{"type":"Feature","geometry":{"type":"Polygon","coordinates":[[[-68.71087,44.16871],[-68.70688,44.175],[-68.72041,44.17412],[-68.71951,44.16788],[-68.71393,44.17126],[-68.71087,44.16871]]]},"properties":{}},{"type":"Feature","geometry":{"type":"Polygon","coordinates":[[[-68.70051,44.16234],[-68.70112,44.15917],[-68.70887,44.15745],[-68.70306,44.16],[-68.70569,44.16157],[-68.70051,44.16234]]]},"properties":{}},{"type":"Feature","geometry":{"type":"Polygon","coordinates":[[[-68.70654,44.16791],[-68.7,44.16499],[-68.7,44.175],[-68.70419,44.17478],[-68.70654,44.16791]]]},"properties":{}},{"type":"Feature","geometry":{"type":"Polygon","coordinates":[[[-68.65168,44.17425],[-68.7,44.175],[-68.7,44.16499],[-68.69582,44.16686],[-68.69195,44.16431],[-68.7,44.16235],[-68.7,44.15984],[-68.69602,44.15733],[-68.69726,44.15552],[-68.68088,44.15163],[-68.68544,44.14943],[-68.68432,44.14733],[-68.67827,44.14808],[-68.68098,44.15053],[-68.67929,44.15266],[-68.67566,44.1493],[-68.66847,44.15122],[-68.67027,44.15467],[-68.66369,44.15612],[-68.66035,44.15376],[-68.64175,44.15841],[-68.63858,44.16492],[-68.64763,44.16557],[-68.64597,44.16801],[-68.65113,44.16894],[-68.64443,44.17307],[-68.65181,44.1721],[-68.65168,44.17425]]]},"properties":{}},{"type":"Feature","geometry":{"type":"Polygon","coordinates":[[[-68.62991,44.16958],[-68.625,44.175],[-68.64271,44.175],[-68.62991,44.16958]]]},"properties":{}},{"type":"Feature","geometry":{"type":"Polygon","coordinates":[[[-68.625,44.12173],[-68.6251,44.12551],[-68.629,44.1244],[-68.6289,44.12304],[-68.625,44.12173]]]},"properties":{}},{"type":"Feature","geometry":{"type":"Polygon","coordinates":[[[-69.075,44.175],[-69.075,44.25],[-69.15,44.25],[-69.15,44.175],[-69.075,44.175]]]},"properties":{}},{"type":"Feature","geometry":{"type":"Polygon","coordinates":[[[-69.0406,44.23355],[-69.02652,44.25],[-69.075,44.25],[-69.075,44.18822],[-69.07083,44.1869],[-69.07042,44.18207],[-69.06263,44.175],[-69.05321,44.175],[-69.05746,44.18157],[-69.05648,44.18945],[-69.05154,44.19528],[-69.05477,44.20295],[-69.06433,44.21025],[-69.05931,44.2084],[-69.05053,44.21675],[-69.04669,44.21057],[-69.04291,44.21528],[-69.04381,44.22524],[-69.0406,44.23355]]]},"properties":{}},{"type":"Feature","geometry":{"type":"Polygon","coordinates":[[[-68.95645,44.20451],[-68.95246,44.20458],[-68.95336,44.20769],[-68.95625,44.20756],[-68.95645,44.20451]]]},"properties":{}},{"type":"Feature","geometry":{"type":"Polygon","coordinates":[[[-68.95226,44.24933],[-68.94488,44.25],[-68.96558,44.25],[-68.95518,44.24372],[-68.95226,44.24933]]]},"properties":{}},{"type":"Feature","geometry":{"type":"Polygon","coordinates":[[[-68.93312,44.24213],[-68.93864,44.23624],[-68.94232,44.22307],[-68.95116,44.21864],[-68.93743,44.24072],[-68.93312,44.24213]]]},"properties":{}},{"type":"Feature","geometry":{"type":"Polygon","coordinates":[[[-68.93002,44.23111],[-68.92505,44.23541],[-68.925,44.24457],[-68.93156,44.23523],[-68.93002,44.23111]]]},"properties":{}},{"type":"Feature","geometry":{"type":"Polygon","coordinates":[[[-68.8643,44.175],[-68.85,44.175],[-68.85,44.18156],[-68.85952,44.17629],[-68.8643,44.175]]]},"properties":{}},{"type":"Feature","geometry":{"type":"Polygon","coordinates":[[[-68.91344,44.24917],[-68.91332,44.24464],[-68.925,44.23623],[-68.92499,44.24468],[-68.92081,44.24729],[-68.9238,44.25],[-68.91344,44.24917]]]},"properties":{}},{"type":"Feature","geometry":{"type":"Polygon","coordinates":[[[-68.77762,44.20283],[-68.775,44.21911],[-68.78631,44.21146],[-68.7811,44.20594],[-68.78383,44.20137],[-68.77762,44.20283]]]},"properties":{}},{"type":"Feature","geometry":{"type":"Polygon","coordinates":[[[-68.82473,44.18595],[-68.81892,44.18054],[-68.82512,44.17803],[-68.82374,44.175],[-68.85,44.175],[-68.85,44.18156],[-68.84491,44.18484],[-68.84018,44.18203],[-68.82473,44.18595]]]},"properties":{}},{"type":"Feature","geometry":{"type":"Polygon","coordinates":[[[-68.775,44.21911],[-68.76727,44.21733],[-68.775,44.20972],[-68.775,44.21911]]]},"properties":{}},{"type":"Feature","geometry":{"type":"Polygon","coordinates":[[[-68.7,44.18278],[-68.7,44.23257],[-68.70511,44.23399],[-68.70897,44.22597],[-68.71899,44.22683],[-68.71561,44.22995],[-68.71643,44.23049],[-68.73277,44.22119],[-68.7263,44.21873],[-68.72532,44.21514],[-68.71779,44.21367],[-68.71944,44.2111],[-68.7106,44.21026],[-68.7174,44.20728],[-68.70986,44.20493],[-68.71365,44.20005],[-68.71278,44.19378],[-68.71108,44.19141],[-68.70411,44.19301],[-68.70515,44.18996],[-68.71748,44.1872],[-68.71944,44.18105],[-68.71725,44.17585],[-68.71959,44.175],[-68.70589,44.17536],[-68.70678,44.17965],[-68.7,44.18278]]]},"properties":{}},{"type":"Feature","geometry":{"type":"Polygon","coordinates":[[[-68.63261,44.23496],[-68.63441,44.23579],[-68.625,44.23602],[-68.625,44.25],[-68.69412,44.25],[-68.69713,44.2472],[-68.69754,44.23675],[-68.68301,44.23058],[-68.68491,44.22757],[-68.6787,44.22554],[-68.68428,44.22298],[-68.7,44.23257],[-68.7,44.18278],[-68.69514,44.1827],[-68.69949,44.18008],[-68.7,44.175],[-68.65198,44.175],[-68.65216,44.17753],[-68.64366,44.1801],[-68.64549,44.17758],[-68.64271,44.175],[-68.625,44.175],[-68.625,44.17849],[-68.63638,44.18069],[-68.64326,44.18578],[-68.64575,44.18473],[-68.64237,44.18327],[-68.64287,44.18088],[-68.6496,44.18255],[-68.64773,44.18511],[-68.65155,44.18769],[-68.65992,44.18844],[-68.65489,44.19236],[-68.66089,44.19268],[-68.6496,44.19611],[-68.664,44.19759],[-68.65751,44.19986],[-68.66505,44.20109],[-68.66173,44.20364],[-68.66344,44.20497],[-68.65237,44.20268],[-68.65854,44.20712],[-68.65772,44.21203],[-68.66699,44.20376],[-68.66774,44.2102],[-68.67443,44.20728],[-68.6816,44.20836],[-68.67611,44.21109],[-68.67463,44.21616],[-68.67255,44.2117],[-68.65649,44.21573],[-68.65586,44.22013],[-68.64819,44.21574],[-68.6535,44.2139],[-68.65469,44.20777],[-68.64029,44.20726],[-68.64001,44.20414],[-68.62517,44.19974],[-68.625,44.205],[-68.62949,44.20687],[-68.6268,44.20858],[-68.6296,44.21111],[-68.625,44.2111],[-68.625,44.21557],[-68.63533,44.21322],[-68.64705,44.21565],[-68.64233,44.21866],[-68.62863,44.219],[-68.62602,44.22218],[-68.63262,44.22435],[-68.62539,44.22695],[-68.62838,44.22848],[-68.625,44.2289],[-68.62771,44.23102],[-68.625,44.23344],[-68.63479,44.2306],[-68.63261,44.23496]],[[-68.68492,44.21919],[-68.67698,44.21698],[-68.67574,44.21726],[-68.6789,44.22321],[-68.68246,44.22337],[-68.68492,44.21919]]]},"properties":{}},{"type":"Feature","geometry":{"type":"Polygon","coordinates":[[[-68.68492,44.21919],[-68.67698,44.21698],[-68.67574,44.21726],[-68.6789,44.22321],[-68.68246,44.22337],[-68.68492,44.21919]]]},"properties":{}},{"type":"Feature","geometry":{"type":"Polygon","coordinates":[[[-69.00695,44.29984],[-69.0,44.2963],[-69.0,44.325],[-69.075,44.325],[-69.075,44.25],[-69.02652,44.25],[-69.00768,44.26998],[-69.00591,44.28043],[-69.00743,44.28306],[-69.01092,44.28361],[-69.01182,44.28484],[-69.00784,44.28347],[-69.00122,44.29048],[-69.00695,44.29984]]]},"properties":{}},{"type":"Feature","geometry":{"type":"Polygon","coordinates":[[[-68.95333,44.27225],[-68.94633,44.26709],[-68.94979,44.26562],[-68.94784,44.26387],[-68.94309,44.265],[-68.94592,44.2615],[-68.94466,44.25729],[-68.93925,44.25949],[-68.93613,44.25622],[-68.94045,44.25573],[-68.94488,44.25],[-68.96675,44.2511],[-68.96375,44.26032],[-68.96293,44.25762],[-68.95806,44.25748],[-68.95333,44.27225]]]},"properties":{}},{"type":"Feature","geometry":{"type":"Polygon","coordinates":[[[-68.925,44.28442],[-68.925,44.30558],[-68.92907,44.30206],[-68.92958,44.2939],[-68.9382,44.29194],[-68.93763,44.28598],[-68.94338,44.28187],[-68.93589,44.28247],[-68.92793,44.29066],[-68.925,44.28442]]]},"properties":{}},{"type":"Feature","geometry":{"type":"Polygon","coordinates":[[[-68.95413,44.325],[-68.95874,44.31748],[-68.9614,44.31812],[-68.9615,44.31527],[-68.95836,44.31506],[-68.96223,44.30934],[-68.97329,44.30365],[-68.9793,44.2951],[-68.9833,44.29946],[-69.0,44.2963],[-69.0,44.325],[-68.95413,44.325]]]},"properties":{}},{"type":"Feature","geometry":{"type":"Polygon","coordinates":[[[-68.90087,44.325],[-68.89362,44.31764],[-68.90216,44.31839],[-68.89975,44.31314],[-68.90228,44.30753],[-68.88883,44.30584],[-68.88704,44.30323],[-68.89599,44.29536],[-68.89555,44.29048],[-68.90074,44.28569],[-68.89907,44.28371],[-68.90427,44.28017],[-68.90901,44.26849],[-68.90654,44.26832],[-68.90941,44.26142],[-68.90605,44.26134],[-68.90695,44.25912],[-68.91446,44.25],[-68.91967,44.25],[-68.9139,44.25837],[-68.92301,44.25772],[-68.92082,44.26326],[-68.92462,44.26306],[-68.925,44.26486],[-68.92075,44.26597],[-68.92048,44.27368],[-68.91416,44.28165],[-68.92267,44.27959],[-68.92253,44.28388],[-68.9205,44.28461],[-68.91985,44.2864],[-68.91425,44.28933],[-68.91404,44.29011],[-68.925,44.28442],[-68.925,44.30558],[-68.91551,44.312],[-68.90882,44.31314],[-68.90501,44.3098],[-68.90503,44.31388],[-68.90163,44.31498],[-68.91244,44.3175],[-68.90563,44.3195],[-68.90087,44.325]]]},"properties":{}},{"type":"Feature","geometry":{"type":"Polygon","coordinates":[[[-68.79031,44.325],[-68.78811,44.31746],[-68.78937,44.31495],[-68.79145,44.31829],[-68.79151,44.311],[-68.7951,44.30766],[-68.80146,44.30832],[-68.8025,44.31136],[-68.8102,44.30891],[-68.82761,44.31256],[-68.82533,44.3136],[-68.82771,44.32054],[-68.82261,44.325],[-68.79031,44.325]]]},"properties":{}},{"type":"Feature","geometry":{"type":"Polygon","coordinates":[[[-68.77535,44.31903],[-68.775,44.325],[-68.7886,44.325],[-68.78737,44.32063],[-68.78206,44.31932],[-68.77836,44.3226],[-68.77535,44.31903]]]},"properties":{}},{"type":"Feature","geometry":{"type":"Polygon","coordinates":[[[-68.82885,44.26141],[-68.8238,44.25714],[-68.81678,44.25829],[-68.82378,44.26212],[-68.82885,44.26141]]]},"properties":{}},{"type":"Feature","geometry":{"type":"Polygon","coordinates":[[[-68.77086,44.32057],[-68.775,44.325],[-68.775,44.31878],[-68.77086,44.32057]]]},"properties":{}},{"type":"Feature","geometry":{"type":"Polygon","coordinates":[[[-68.7,44.30996],[-68.7,44.325],[-68.72934,44.325],[-68.72393,44.32044],[-68.71453,44.31866],[-68.7,44.30996]]]},"properties":{}},{"type":"Feature","geometry":{"type":"Polygon","coordinates":[[[-68.73115,44.30712],[-68.71315,44.29799],[-68.70843,44.29886],[-68.70465,44.2927],[-68.7,44.29134],[-68.7,44.27106],[-68.72526,44.28213],[-68.72741,44.28956],[-68.71914,44.28849],[-68.72069,44.29036],[-68.74381,44.29703],[-68.74057,44.30754],[-68.73115,44.30712]]]},"properties":{}},{"type":"Feature","geometry":{"type":"Polygon","coordinates":[[[-68.98862,44.39434],[-68.98259,44.4],[-69.0,44.4],[-69.0,44.325],[-68.95413,44.325],[-68.95205,44.33557],[-68.95618,44.33997],[-68.94965,44.3402],[-68.94866,44.35687],[-68.9668,44.3812],[-68.97817,44.38617],[-68.9835,44.38493],[-68.98862,44.39434]]]},"properties":{}},{"type":"Feature","geometry":{"type":"Polygon","coordinates":[[[-68.88005,44.39321],[-68.87755,44.38504],[-68.86722,44.37955],[-68.86619,44.36747],[-68.86053,44.36518],[-68.86607,44.35935],[-68.87005,44.36137],[-68.87678,44.35695],[-68.87849,44.34963],[-68.87134,44.34459],[-68.88343,44.33786],[-68.8853,44.34521],[-68.89248,44.34502],[-68.89677,44.34147],[-68.88903,44.34078],[-68.89395,44.33029],[-68.89191,44.32682],[-68.9031,44.325],[-68.90872,44.33302],[-68.91763,44.32502],[-68.91871,44.33647],[-68.91268,44.33694],[-68.90856,44.34623],[-68.9036,44.34924],[-68.91202,44.35337],[-68.90861,44.36389],[-68.91069,44.3658],[-68.90622,44.37307],[-68.9011,44.37503],[-68.90289,44.37839],[-68.88178,44.37932],[-68.88009,44.3883],[-68.88255,44.39101],[-68.88005,44.39321]]]},"properties":{}},{"type":"Feature","geometry":{"type":"Polygon","coordinates":[[[-68.79696,44.37771],[-68.78427,44.37355],[-68.78541,44.37038],[-68.775,44.36093],[-68.775,44.35129],[-68.7775,44.3494],[-68.775,44.34682],[-68.77935,44.34005],[-68.775,44.34071],[-68.775,44.325],[-68.7886,44.325],[-68.79109,44.32822],[-68.79197,44.325],[-68.82261,44.325],[-68.81797,44.32688],[-68.82549,44.33419],[-68.82055,44.35234],[-68.80894,44.35417],[-68.80566,44.35998],[-68.80329,44.35754],[-68.80027,44.36323],[-68.79374,44.36383],[-68.78727,44.37009],[-68.79808,44.37507],[-68.79696,44.37771]]]},"properties":{}},{"type":"Feature","geometry":{"type":"Polygon","coordinates":[[[-68.775,44.3835],[-68.77706,44.39384],[-68.7776,44.38878],[-68.78037,44.38895],[-68.77885,44.38337],[-68.775,44.3835]]]},"properties":{}},{"type":"Feature","geometry":{"type":"Polygon","coordinates":[[[-68.78841,44.39889],[-68.80494,44.39675],[-68.80308,44.4],[-68.81089,44.4],[-68.81275,44.39522],[-68.82162,44.39443],[-68.82082,44.38355],[-68.81029,44.3814],[-68.79684,44.38605],[-68.78906,44.39417],[-68.78841,44.39889]]]},"properties":{}},{"type":"Feature","geometry":{"type":"Polygon","coordinates":[[[-68.7,44.4],[-68.70466,44.39601],[-68.7,44.39558],[-68.7,44.4]]]},"properties":{}},{"type":"Feature","geometry":{"type":"Polygon","coordinates":[[[-68.76907,44.34172],[-68.775,44.34071],[-68.775,44.33062],[-68.77324,44.33854],[-68.77224,44.33435],[-68.76957,44.33517],[-68.76907,44.34172]]]},"properties":{}},{"type":"Feature","geometry":{"type":"Polygon","coordinates":[[[-68.70543,44.39824],[-68.76412,44.4],[-68.77299,44.39754],[-68.775,44.3835],[-68.7571,44.37989],[-68.75875,44.37457],[-68.76448,44.37682],[-68.76489,44.37515],[-68.75834,44.37208],[-68.76102,44.37111],[-68.75883,44.36934],[-68.76076,44.36639],[-68.7556,44.36147],[-68.76148,44.36455],[-68.76587,44.35741],[-68.775,44.36093],[-68.775,44.35129],[-68.77319,44.35334],[-68.77172,44.35305],[-68.77033,44.35356],[-68.77002,44.3535],[-68.775,44.34163],[-68.7711,44.34497],[-68.76343,44.344],[-68.76799,44.34098],[-68.76508,44.3348],[-68.76803,44.32521],[-68.76022,44.33131],[-68.75954,44.34148],[-68.75282,44.34791],[-68.7555,44.34917],[-68.75444,44.35183],[-68.75017,44.35146],[-68.75284,44.35033],[-68.74835,44.34703],[-68.75159,44.34426],[-68.74938,44.3414],[-68.7534,44.33919],[-68.75139,44.3303],[-68.744,44.33069],[-68.74595,44.33691],[-68.74095,44.34207],[-68.72741,44.33444],[-68.73396,44.33207],[-68.72934,44.325],[-68.7,44.325],[-68.7,44.3935],[-68.70291,44.3912],[-68.70543,44.39824]]]},"properties":{}},{"type":"Feature","geometry":{"type":"Polygon","coordinates":[[[-68.8778,44.46456],[-68.86889,44.475],[-68.925,44.475],[-68.92492,44.45501],[-68.92115,44.45773],[-68.89633,44.45042],[-68.89777,44.46888],[-68.89267,44.46846],[-68.88477,44.46285],[-68.88238,44.45682],[-68.8929,44.44444],[-68.88568,44.43036],[-68.88012,44.42806],[-68.86988,44.43594],[-68.87018,44.44493],[-68.87213,44.45318],[-68.88153,44.45617],[-68.88325,44.46263],[-68.8778,44.46456]]]},"properties":{}},{"type":"Feature","geometry":{"type":"Polygon","coordinates":[[[-68.85,44.45009],[-68.85,44.47221],[-68.85642,44.46819],[-68.86178,44.45032],[-68.85684,44.44616],[-68.85,44.45009]]]},"properties":{}},{"type":"Feature","geometry":{"type":"Polygon","coordinates":[[[-68.77619,44.4038],[-68.775,44.475],[-68.78323,44.475],[-68.78557,44.46141],[-68.7825,44.46041],[-68.78256,44.44749],[-68.78931,44.45167],[-68.79816,44.45038],[-68.80144,44.43407],[-68.8148,44.42837],[-68.82169,44.40797],[-68.81729,44.40251],[-68.8085,44.40507],[-68.81089,44.4],[-68.78897,44.40418],[-68.78129,44.40093],[-68.77874,44.40468],[-68.77619,44.4038]]]},"properties":{}},{"type":"Feature","geometry":{"type":"Polygon","coordinates":[[[-68.82446,44.46775],[-68.8131,44.4706],[-68.80946,44.46882],[-68.82871,44.4623],[-68.83422,44.45646],[-68.85,44.45009],[-68.85,44.475],[-68.83099,44.475],[-68.82446,44.46775]]]},"properties":{}},{"type":"Feature","geometry":{"type":"Polygon","coordinates":[[[-70.00817,43.76331],[-70.00289,43.76667],[-70.0199,43.76667],[-70.02231,43.76502],[-70.02477,43.76667],[-70.03461,43.7566],[-70.04322,43.73811],[-70.03379,43.7455],[-70.03359,43.74769],[-70.03629,43.74651],[-70.02627,43.76247],[-70.02182,43.76224],[-70.02188,43.75854],[-70.03323,43.74852],[-70.02997,43.74846],[-70.03067,43.74381],[-70.01482,43.75437],[-70.01873,43.74823],[-70.01427,43.74533],[-70.022,43.73709],[-70.0255,43.73058],[-70.0177,43.74046],[-70.00219,43.74744],[-69.99809,43.75801],[-70.00588,43.75455],[-70.00871,43.75757],[-70.00817,43.76331]]]},"properties":{}},{"type":"Feature","geometry":{"type":"Polygon","coordinates":[[[-69.97229,43.75323],[-69.96259,43.76667],[-69.97651,43.76667],[-69.97657,43.76214],[-69.98107,43.75998],[-69.97828,43.7652],[-69.98035,43.76422],[-69.98777,43.75022],[-69.98245,43.75081],[-69.97922,43.75784],[-69.97781,43.75568],[-69.97391,43.76057],[-69.97533,43.75311],[-69.97229,43.75323]]]},"properties":{}},{"type":"Feature","geometry":{"type":"Polygon","coordinates":[[[-69.83695,43.7085],[-69.83695,43.76667],[-69.86489,43.76667],[-69.86311,43.76193],[-69.86015,43.76371],[-69.85929,43.75876],[-69.86485,43.75626],[-69.86362,43.7429],[-69.86201,43.74879],[-69.85551,43.7448],[-69.84169,43.75951],[-69.84767,43.74761],[-69.84412,43.74649],[-69.84334,43.7404],[-69.84037,43.74078],[-69.8455,43.73614],[-69.84519,43.73227],[-69.8412,43.73208],[-69.83753,43.72725],[-69.84831,43.72814],[-69.84685,43.72049],[-69.85165,43.72032],[-69.84762,43.74053],[-69.84657,43.73691],[-69.84662,43.74211],[-69.84849,43.74204],[-69.8582,43.72394],[-69.84935,43.71708],[-69.85523,43.70435],[-69.84236,43.70628],[-69.83672,43.70012],[-69.83362,43.70205],[-69.83845,43.70648],[-69.83695,43.7085]]]},"properties":{}},{"type":"Feature","geometry":{"type":"Polygon","coordinates":[[[-69.86489,43.76667],[-69.83695,43.76667],[-69.83695,43.8],[-69.84993,43.8],[-69.85149,43.79575],[-69.8572,43.79633],[-69.85202,43.8],[-69.87175,43.8],[-69.87423,43.79733],[-69.87495,43.78781],[-69.86877,43.78053],[-69.86489,43.76667]]]},"properties":{}},{"type":"Feature","geometry":{"type":"Polygon","coordinates":[[[-69.97782,43.91394],[-69.97782,43.9023],[-69.9,43.9023],[-69.9,43.87151],[-69.90356,43.86812],[-69.90397,43.87414],[-69.90667,43.86967],[-69.90596,43.88026],[-69.90812,43.88187],[-69.9095,43.86275],[-69.91382,43.85831],[-69.91443,43.87135],[-69.91614,43.86084],[-69.92408,43.85025],[-69.92447,43.85308],[-69.92679,43.85208],[-69.93057,43.84125],[-69.93413,43.84409],[-69.93771,43.83999],[-69.93888,43.84329],[-69.93084,43.85169],[-69.93336,43.86182],[-69.93131,43.86409],[-69.93575,43.86314],[-69.93856,43.85518],[-69.94446,43.85216],[-69.9402,43.84889],[-69.94401,43.83938],[-69.94494,43.84246],[-69.94963,43.84104],[-69.94765,43.84015],[-69.95269,43.83353],[-69.94833,43.83446],[-69.94801,43.82928],[-69.95761,43.8126],[-69.95526,43.81031],[-69.96113,43.80229],[-69.96028,43.79839],[-69.96976,43.79523],[-69.96865,43.79978],[-69.95929,43.80778],[-69.95966,43.81341],[-69.96319,43.81247],[-69.97214,43.79948],[-69.97129,43.80482],[-69.97473,43.80806],[-69.97931,43.8015],[-69.97373,43.7937],[-69.97842,43.79167],[-69.9776,43.78698],[-69.98631,43.78712],[-69.98509,43.78378],[-69.99103,43.77498],[-69.99809,43.7729],[-70.00248,43.76677],[-70.0199,43.76667],[-70.01855,43.77804],[-70.0048,43.78626],[-70.00698,43.78915],[-70.00087,43.79165],[-70.00073,43.79704],[-69.99283,43.80572],[-69.99366,43.80953],[-69.99163,43.80797],[-69.98766,43.81303],[-69.97713,43.81583],[-69.97636,43.8271],[-69.96139,43.84119],[-69.96,43.84653],[-69.9535,43.84783],[-69.95146,43.85736],[-69.94623,43.85919],[-69.95092,43.86448],[-69.96736,43.85214],[-69.974,43.85192],[-69.97328,43.85422],[-69.98392,43.85103],[-69.9806,43.85583],[-69.98487,43.85628],[-70.00194,43.83732],[-70.00643,43.83772],[-70.01516,43.82872],[-70.02693,43.82277],[-70.02201,43.82805],[-70.02353,43.8298],[-69.99446,43.85334],[-69.98537,43.86702],[-69.9883,43.86953],[-69.98718,43.86668],[-69.99743,43.86674],[-70.00882,43.85824],[-70.01834,43.86021],[-70.01791,43.86222],[-70.02005,43.86339],[-70.0201,43.85906],[-70.04229,43.84168],[-70.03935,43.83919],[-70.04384,43.83766],[-70.04537,43.83259],[-70.05427,43.83001],[-70.05918,43.82418],[-70.05348,43.82306],[-70.05546,43.81988],[-70.07035,43.80882],[-70.06665,43.81262],[-70.06766,43.81614],[-70.06216,43.81851],[-70.06572,43.81997],[-70.06143,43.82799],[-70.07337,43.82379],[-70.07581,43.82858],[-70.07989,43.82782],[-70.08362,43.81886],[-70.09453,43.81609],[-70.09926,43.80956],[-70.10267,43.81161],[-70.0832,43.8354],[-70.08515,43.83981],[-70.08133,43.8401],[-70.07417,43.84739],[-70.0793,43.84486],[-70.07897,43.84713],[-70.0818,43.84832],[-70.08283,43.8484],[-70.08533,43.84722],[-70.08532,43.84929],[-70.08821,43.85118],[-70.08649,43.85322],[-70.08614,43.85463],[-70.08845,43.85127],[-70.08773,43.84896],[-70.08531,43.847],[-70.08239,43.84816],[-70.08011,43.84705],[-70.08222,43.84243],[-70.09292,43.83497],[-70.09053,43.84079],[-70.09421,43.83957],[-70.09554,43.84381],[-70.09966,43.84234],[-70.09586,43.84135],[-70.10112,43.83493],[-70.09739,43.82982],[-70.10755,43.82392],[-70.10537,43.82129],[-70.10807,43.81835],[-70.11494,43.8159],[-70.11693,43.81898],[-70.11622,43.81654],[-70.12299,43.81504],[-70.11396,43.81402],[-70.12096,43.80297],[-70.10752,43.80799],[-70.11474,43.80009],[-70.13779,43.8],[-70.1368,43.80197],[-70.13712,43.80383],[-70.13841,43.8],[-70.15229,43.8002],[-70.15409,43.8045],[-70.15123,43.80841],[-70.15363,43.81456],[-70.15229,43.81409],[-70.15106,43.8148],[-70.15076,43.81612],[-70.15329,43.82129],[-70.15266,43.82185],[-70.15229,43.82284],[-70.15145,43.8217],[-70.15036,43.82221],[-70.14886,43.8217],[-70.1479,43.82219],[-70.15212,43.82298],[-70.15265,43.82284],[-70.15354,43.82111],[-70.15213,43.81798],[-70.1536,43.81715],[-70.15124,43.81505],[-70.15352,43.81526],[-70.15393,43.81334],[-70.1521,43.81032],[-70.15601,43.81079],[-70.15241,43.80777],[-70.16008,43.80508],[-70.15624,43.80479],[-70.15412,43.8],[-70.25892,43.8],[-70.25893,43.91394],[-69.97782,43.91394]]]},"properties":{}},{"type":"Feature","geometry":{"type":"Polygon","coordinates":[[[-69.95161,43.79612],[-69.95038,43.79351],[-69.96056,43.77557],[-69.95902,43.77593],[-69.94761,43.79352],[-69.9458,43.7953],[-69.94557,43.79516],[-69.96011,43.76669],[-69.97652,43.76667],[-69.97379,43.77625],[-69.96726,43.77409],[-69.96486,43.78618],[-69.9616,43.78564],[-69.95645,43.79252],[-69.95444,43.79066],[-69.95161,43.79612]]]},"properties":{}},{"type":"Feature","geometry":{"type":"Polygon","coordinates":[[[-69.91011,43.85738],[-69.9,43.85659],[-69.9,43.82441],[-69.90184,43.82337],[-69.90145,43.82913],[-69.90336,43.82532],[-69.90492,43.8257],[-69.9045,43.8332],[-69.91052,43.82364],[-69.91255,43.83102],[-69.91423,43.824],[-69.91217,43.83394],[-69.91454,43.83514],[-69.92864,43.79417],[-69.93214,43.80145],[-69.92973,43.80855],[-69.93463,43.79815],[-69.93272,43.79606],[-69.93559,43.78913],[-69.93372,43.78739],[-69.92983,43.79234],[-69.93173,43.78464],[-69.94278,43.76869],[-69.9407,43.77551],[-69.94395,43.77477],[-69.9428,43.7785],[-69.9478,43.76667],[-69.94944,43.76667],[-69.94272,43.78536],[-69.94166,43.79397],[-69.94578,43.79258],[-69.94234,43.80388],[-69.94825,43.7969],[-69.94157,43.80796],[-69.94569,43.81084],[-69.94379,43.81178],[-69.94251,43.81718],[-69.9467,43.812],[-69.95217,43.81585],[-69.93456,43.8411],[-69.93449,43.81547],[-69.93179,43.80809],[-69.92449,43.84719],[-69.92199,43.84716],[-69.91702,43.85777],[-69.92059,43.8452],[-69.91935,43.84366],[-69.92011,43.84037],[-69.91927,43.83952],[-69.91376,43.85799],[-69.91246,43.85362],[-69.91011,43.85738]],[[-69.94304,43.7787],[-69.9374,43.78864],[-69.93652,43.7812],[-69.93943,43.78321],[-69.94304,43.7787]]]},"properties":{}},{"type":"Feature","geometry":{"type":"Polygon","coordinates":[[[-69.89888,43.78465],[-69.90273,43.78502],[-69.903,43.78735],[-69.89943,43.78783],[-69.89888,43.78465]]]},"properties":{}},{"type":"Feature","geometry":{"type":"Polygon","coordinates":[[[-69.525,43.88247],[-69.525,43.95],[-69.49944,43.95],[-69.49944,44.06667],[-69.50852,44.05795],[-69.50073,44.06667],[-69.59473,44.06667],[-69.59832,44.06035],[-69.6034,44.05962],[-69.60554,44.05122],[-69.61065,44.05046],[-69.6128,44.0446],[-69.61632,44.04788],[-69.62064,44.03079],[-69.61566,44.03025],[-69.60892,44.04439],[-69.6104,44.03781],[-69.60077,44.03606],[-69.60805,44.01388],[-69.59972,44.01558],[-69.59547,44.01443],[-69.59284,44.02456],[-69.58921,44.02717],[-69.58969,44.02932],[-69.58715,44.03082],[-69.5883,44.03495],[-69.58725,44.03814],[-69.58656,44.03879],[-69.58775,44.03375],[-69.58313,44.03428],[-69.585,44.03052],[-69.58211,44.03088],[-69.58186,44.02988],[-69.58358,44.0294],[-69.58305,44.02887],[-69.57902,44.03013],[-69.5841,44.02558],[-69.58389,44.02941],[-69.58249,44.02994],[-69.58264,44.03074],[-69.58464,44.02978],[-69.58683,44.03252],[-69.5866,44.03064],[-69.58932,44.02904],[-69.58876,44.02667],[-69.59187,44.02496],[-69.59385,44.01548],[-69.59801,44.0113],[-69.59482,44.0101],[-69.59361,44.00888],[-69.5899,44.01059],[-69.58597,44.00954],[-69.59234,44.0065],[-69.59105,44.00426],[-69.59189,44.00289],[-69.58965,44.00472],[-69.588,44.00391],[-69.59583,44.00144],[-69.59147,44.00439],[-69.59286,44.00574],[-69.59244,44.00791],[-69.58807,44.00964],[-69.59896,44.00804],[-69.59868,44.01158],[-69.5962,44.01375],[-69.59861,44.01479],[-69.60935,44.00953],[-69.61238,44.01145],[-69.6072,44.01232],[-69.6097,44.01416],[-69.60699,44.03381],[-69.61094,44.035],[-69.60802,44.03353],[-69.61289,44.03335],[-69.61401,44.02636],[-69.61,44.02074],[-69.61584,44.02226],[-69.61853,44.01791],[-69.61881,44.02058],[-69.62557,44.02232],[-69.63082,44.01592],[-69.63742,44.01642],[-69.63878,44.01049],[-69.64357,44.00722],[-69.6378,44.00437],[-69.64327,44.00028],[-69.63967,44.00032],[-69.64088,43.99666],[-69.64547,43.99613],[-69.64411,44.0001],[-69.64861,44.00193],[-69.65845,43.99476],[-69.65684,43.99256],[-69.64811,43.994],[-69.66338,43.96682],[-69.66189,43.96292],[-69.66741,43.95],[-69.64684,43.95],[-69.64856,43.95158],[-69.64816,43.95412],[-69.64882,43.95459],[-69.64855,43.95514],[-69.64461,43.95],[-69.64215,43.95401],[-69.6411,43.95427],[-69.64324,43.95],[-69.6,43.95],[-69.6,43.91713],[-69.5958,43.91806],[-69.58979,43.9239],[-69.59551,43.9251],[-69.58884,43.93502],[-69.58944,43.94429],[-69.58706,43.943],[-69.58322,43.94914],[-69.58999,43.94877],[-69.5899,43.94574],[-69.59293,43.94308],[-69.59138,43.95649],[-69.5852,43.95226],[-69.57582,43.96014],[-69.57927,43.96746],[-69.57241,43.97351],[-69.57498,43.9791],[-69.56973,43.97991],[-69.56537,43.98648],[-69.55668,43.98708],[-69.55412,43.99052],[-69.55627,43.9939],[-69.54706,43.99977],[-69.54695,44.00561],[-69.5516,44.00857],[-69.54935,44.01746],[-69.54519,44.02013],[-69.54807,44.01981],[-69.54651,44.02524],[-69.54031,44.03168],[-69.53679,44.03137],[-69.53733,44.03396],[-69.51621,44.04125],[-69.51465,44.04382],[-69.52005,44.0463],[-69.527,44.04262],[-69.53198,44.04352],[-69.52392,44.06053],[-69.51689,44.06601],[-69.5097,44.06592],[-69.5077,44.0617],[-69.51496,44.06068],[-69.51271,44.05675],[-69.50883,44.05771],[-69.5207,44.0515],[-69.51869,44.04668],[-69.51701,44.04878],[-69.51255,44.04601],[-69.51425,44.04028],[-69.5331,44.03386],[-69.53301,44.02779],[-69.52807,44.0293],[-69.52869,44.02615],[-69.5422,44.0179],[-69.53515,44.0196],[-69.53928,44.01404],[-69.53595,44.01446],[-69.53414,44.00978],[-69.53585,43.99786],[-69.54197,43.99438],[-69.53929,43.99214],[-69.54099,43.99023],[-69.54311,43.99384],[-69.54718,43.99089],[-69.55092,43.98177],[-69.5558,43.98148],[-69.55428,43.98014],[-69.56411,43.97064],[-69.5637,43.96613],[-69.57023,43.96821],[-69.57194,43.96236],[-69.56464,43.96016],[-69.57507,43.95339],[-69.58105,43.93699],[-69.57853,43.93459],[-69.57116,43.93832],[-69.57816,43.92963],[-69.57207,43.93237],[-69.5701,43.92843],[-69.5668,43.93073],[-69.56267,43.92784],[-69.56238,43.91998],[-69.5677,43.9111],[-69.56226,43.91288],[-69.56155,43.89664],[-69.5678,43.903],[-69.56703,43.89415],[-69.57012,43.89232],[-69.56662,43.88784],[-69.56685,43.875],[-69.55664,43.875],[-69.54574,43.88394],[-69.54872,43.88734],[-69.54955,43.88352],[-69.55444,43.88279],[-69.55678,43.89192],[-69.56319,43.88829],[-69.56372,43.89037],[-69.55804,43.89352],[-69.5571,43.90479],[-69.55499,43.89947],[-69.54606,43.90038],[-69.54984,43.90324],[-69.54561,43.91727],[-69.5484,43.91806],[-69.54149,43.92352],[-69.5422,43.91947],[-69.53928,43.91938],[-69.54329,43.91846],[-69.54113,43.91496],[-69.5437,43.91415],[-69.54455,43.90721],[-69.54037,43.91223],[-69.5398,43.90716],[-69.53436,43.90837],[-69.53449,43.91281],[-69.53793,43.91214],[-69.5383,43.9132],[-69.53293,43.91772],[-69.52885,43.91087],[-69.53131,43.90275],[-69.53855,43.89628],[-69.53955,43.88053],[-69.53121,43.87734],[-69.525,43.88247]]]},"properties":{}},{"type":"Feature","geometry":{"type":"Polygon","coordinates":[[[-69.60312,44.06005],[-69.59845,44.06055],[-69.59499,44.06667],[-69.60442,44.06655],[-69.60882,44.06141],[-69.61096,44.05105],[-69.60589,44.05124],[-69.60312,44.06005]]]},"properties":{}},{"type":"Feature","geometry":{"type":"Polygon","coordinates":[[[-69.61226,44.05128],[-69.612,44.05692],[-69.60514,44.06667],[-69.75,44.06667],[-69.75,43.95],[-69.72436,43.95],[-69.72706,43.95169],[-69.72342,43.95364],[-69.72226,43.95923],[-69.71895,43.96254],[-69.72064,43.96473],[-69.71859,43.96271],[-69.72202,43.95436],[-69.72125,43.95381],[-69.71942,43.95451],[-69.7182,43.95467],[-69.71811,43.95425],[-69.72146,43.95322],[-69.72072,43.95],[-69.71076,43.95001],[-69.70898,43.95862],[-69.70484,43.95944],[-69.70884,43.95756],[-69.70891,43.95045],[-69.70123,43.95],[-69.69738,43.95857],[-69.69795,43.95081],[-69.6935,43.95],[-69.68277,43.96506],[-69.6844,43.96885],[-69.6791,43.97328],[-69.67546,43.97212],[-69.67019,43.98338],[-69.67794,43.97562],[-69.67626,43.98293],[-69.67061,43.98863],[-69.67281,43.98683],[-69.67708,43.98808],[-69.66908,43.99146],[-69.67108,43.99348],[-69.67448,43.99051],[-69.6764,43.9969],[-69.67078,43.99872],[-69.67147,44.00101],[-69.6658,43.99916],[-69.66247,44.0018],[-69.66099,44.00516],[-69.66326,44.0059],[-69.65784,44.00954],[-69.65764,44.01453],[-69.65174,44.02169],[-69.65377,44.0174],[-69.64988,44.01103],[-69.63131,44.02042],[-69.63325,44.02155],[-69.61955,44.04752],[-69.61226,44.05128]]]},"properties":{}},{"type":"Feature","geometry":{"type":"Polygon","coordinates":[[[-69.56782,43.875],[-69.57347,43.89184],[-69.58037,43.88903],[-69.57827,43.87605],[-69.56782,43.875]]]},"properties":{}},{"type":"Feature","geometry":{"type":"Polygon","coordinates":[[[-69.65667,43.9895],[-69.67323,43.96118],[-69.6693,43.96058],[-69.67125,43.95],[-69.68661,43.95],[-69.6703,43.97675],[-69.65667,43.9895]]]},"properties":{}},{"type":"Feature","geometry":{"type":"Polygon","coordinates":[[[-69.58042,43.92406],[-69.57503,43.91555],[-69.58185,43.90461],[-69.57994,43.9016],[-69.58631,43.8961],[-69.59128,43.89607],[-69.58851,43.88023],[-69.59166,43.875],[-69.6,43.875],[-69.6,43.90692],[-69.59122,43.91336],[-69.59628,43.91521],[-69.58855,43.92086],[-69.58509,43.91728],[-69.58042,43.92406]]]},"properties":{}},{"type":"Feature","geometry":{"type":"Polygon","coordinates":[[[-69.825,43.73271],[-69.825,43.8],[-69.83695,43.8],[-69.83695,43.7085],[-69.83184,43.71071],[-69.83607,43.71555],[-69.83492,43.7235],[-69.83159,43.72573],[-69.83478,43.72727],[-69.835,43.72805],[-69.83414,43.72836],[-69.8346,43.72904],[-69.83088,43.7259],[-69.825,43.73175],[-69.82761,43.73318],[-69.825,43.73271]]]},"properties":{}},{"type":"Feature","geometry":{"type":"Polygon","coordinates":[[[-69.825,43.72517],[-69.82785,43.73047],[-69.83391,43.72185],[-69.825,43.72517]]]},"properties":{}},{"type":"Feature","geometry":{"type":"Polygon","coordinates":[[[-69.9,43.99828],[-69.9,44.01889],[-69.90278,44.01889],[-69.90278,43.99964],[-69.9,43.99828]]]},"properties":{}},{"type":"Feature","geometry":{"type":"Polygon","coordinates":[[[-69.9018,43.9554],[-69.9,43.93757],[-69.90692,43.92624],[-69.92987,43.91464],[-69.93569,43.91925],[-69.95549,43.92518],[-69.96801,43.92076],[-69.96501,43.91896],[-69.9554,43.92223],[-69.93022,43.91043],[-69.9254,43.91473],[-69.91794,43.91128],[-69.91039,43.92051],[-69.90029,43.92321],[-69.9,43.9023],[-69.97782,43.9023],[-69.97782,43.91419],[-69.96781,43.92151],[-69.97782,43.91652],[-69.97782,43.94308],[-69.90278,43.94308],[-69.9018,43.9554]]]},"properties":{}},{"type":"Feature","geometry":{"type":"Polygon","coordinates":[[[-69.9,43.99549],[-69.90278,43.99825],[-69.90212,43.99748],[-69.90278,43.99749],[-69.90243,43.99472],[-69.90278,43.99463],[-69.90278,43.95671],[-69.90268,43.95664],[-69.9,43.96398],[-69.9,43.99549]]]},"properties":{}},{"type":"Feature","geometry":{"type":"Polygon","coordinates":[[[-69.23351,43.99456],[-69.225,43.99732],[-69.225,43.95],[-69.19587,43.95],[-69.21394,43.93654],[-69.21019,43.93397],[-69.21473,43.93069],[-69.21817,43.93513],[-69.22291,43.93418],[-69.22351,43.942],[-69.23031,43.94445],[-69.22983,43.93278],[-69.24422,43.93143],[-69.24337,43.92498],[-69.26142,43.91705],[-69.25643,43.92284],[-69.26059,43.92677],[-69.25847,43.92794],[-69.26057,43.93232],[-69.27268,43.93647],[-69.26741,43.93942],[-69.26521,43.94702],[-69.27604,43.94788],[-69.27549,43.95341],[-69.27143,43.95224],[-69.27244,43.95541],[-69.26545,43.95812],[-69.25445,43.9544],[-69.25384,43.95852],[-69.25735,43.95836],[-69.264,43.96639],[-69.25288,43.97162],[-69.25765,43.97553],[-69.24924,43.98558],[-69.24037,43.98367],[-69.24705,43.9792],[-69.24117,43.97639],[-69.24459,43.97906],[-69.23998,43.9815],[-69.23764,43.97701],[-69.23475,43.99199],[-69.22861,43.99095],[-69.23351,43.99456]]]},"properties":{}},{"type":"Feature","geometry":{"type":"Polygon","coordinates":[[[-69.225,44.01315],[-69.225,44.0917],[-69.2325,44.09554],[-69.2325,44.03951],[-69.3,44.03951],[-69.3,43.99736],[-69.29297,44.00323],[-69.29037,44.00912],[-69.28524,44.01623],[-69.28362,44.01641],[-69.29395,43.99923],[-69.28945,43.99638],[-69.29336,43.9974],[-69.295,43.99243],[-69.29705,43.99398],[-69.3,43.98985],[-69.29757,43.9846],[-69.3,43.98253],[-69.3,43.95719],[-69.28399,43.95952],[-69.28107,43.96661],[-69.28302,43.96801],[-69.2754,43.97187],[-69.2817,43.97062],[-69.28863,43.97594],[-69.2879,43.9797],[-69.28437,43.97745],[-69.28029,43.9807],[-69.28543,43.98708],[-69.28236,43.98971],[-69.27976,43.9862],[-69.28146,43.99005],[-69.27879,43.99603],[-69.2734,43.9978],[-69.27876,43.9906],[-69.2737,43.98979],[-69.27854,43.98693],[-69.27136,43.98278],[-69.27384,43.97924],[-69.2651,43.98218],[-69.26434,43.97965],[-69.25843,43.98475],[-69.25905,43.99136],[-69.25205,43.99357],[-69.2548,44.00083],[-69.24456,44.00167],[-69.24952,44.00429],[-69.24287,44.01413],[-69.24622,44.01995],[-69.23889,44.01674],[-69.23633,44.01846],[-69.23309,44.01079],[-69.225,44.01315]]]},"properties":{}},{"type":"Feature","geometry":{"type":"Polygon","coordinates":[[[-69.225,44.09219],[-69.225,44.1],[-69.2325,44.1],[-69.2325,44.09597],[-69.225,44.09219]]]},"properties":{}},{"type":"Feature","geometry":{"type":"Polygon","coordinates":[[[-70.65,43.13674],[-70.65,43.2],[-70.725,43.2],[-70.725,43.125],[-70.65,43.125],[-70.65193,43.13314],[-70.66064,43.1358],[-70.65,43.13674]]]},"properties":{}},{"type":"Feature","geometry":{"type":"Polygon","coordinates":[[[-70.59194,43.19742],[-70.58787,43.2],[-70.65,43.2],[-70.65,43.13674],[-70.64087,43.13263],[-70.64377,43.12919],[-70.63683,43.13345],[-70.62288,43.13422],[-70.62176,43.14034],[-70.62689,43.14477],[-70.61516,43.16652],[-70.61062,43.16845],[-70.59745,43.16428],[-70.59216,43.16566],[-70.59745,43.17332],[-70.60889,43.17587],[-70.60262,43.18117],[-70.60527,43.18862],[-70.60198,43.19024],[-70.59744,43.18597],[-70.59524,43.19122],[-70.58919,43.1946],[-70.59194,43.19742]]]},"properties":{}},{"type":"Feature","geometry":{"type":"Polygon","coordinates":[[[-70.64888,43.13451],[-70.64434,43.13235],[-70.64741,43.13104],[-70.64537,43.12907],[-70.6477,43.12652],[-70.63408,43.12795],[-70.63362,43.125],[-70.65,43.125],[-70.64888,43.13451]]]},"properties":{}},{"type":"Feature","geometry":{"type":"Polygon","coordinates":[[[-70.59359,43.25006],[-70.58226,43.275],[-70.65,43.275],[-70.65,43.2],[-70.58787,43.2],[-70.59095,43.2037],[-70.58764,43.20539],[-70.58939,43.20733],[-70.57649,43.21779],[-70.57573,43.2218],[-70.58597,43.23436],[-70.59383,43.23703],[-70.58867,43.23554],[-70.5872,43.2363],[-70.59093,43.23808],[-70.58759,43.24013],[-70.58861,43.24348],[-70.59714,43.24885],[-70.59359,43.25006]]]},"properties":{}},{"type":"Feature","geometry":{"type":"Polygon","coordinates":[[[-70.575,43.31418],[-70.575,43.35],[-70.65,43.35],[-70.65,43.275],[-70.58226,43.275],[-70.575,43.28324],[-70.575,43.30437],[-70.57744,43.30595],[-70.575,43.30664],[-70.575,43.31401],[-70.57576,43.3143],[-70.57584,43.31485],[-70.57683,43.31412],[-70.57749,43.31455],[-70.57539,43.31524],[-70.575,43.31418]]]},"properties":{}},{"type":"Feature","geometry":{"type":"Polygon","coordinates":[[[-70.50084,43.34031],[-70.5,43.35],[-70.5161,43.35],[-70.50885,43.345],[-70.51424,43.34577],[-70.51381,43.34343],[-70.50088,43.34411],[-70.50084,43.34031]]]},"properties":{}},{"type":"Feature","geometry":{"type":"Polygon","coordinates":[[[-70.51875,43.34655],[-70.51637,43.34683],[-70.51741,43.35],[-70.575,43.35],[-70.57468,43.31363],[-70.57036,43.31475],[-70.57309,43.31279],[-70.57234,43.31093],[-70.56375,43.32011],[-70.57138,43.32048],[-70.56714,43.3224],[-70.56976,43.32303],[-70.56986,43.32437],[-70.56598,43.32191],[-70.5592,43.32384],[-70.56838,43.32795],[-70.56365,43.33188],[-70.56583,43.32867],[-70.558,43.33075],[-70.56408,43.32778],[-70.55909,43.32701],[-70.55695,43.32208],[-70.55921,43.32235],[-70.55669,43.32118],[-70.55673,43.32006],[-70.55464,43.31806],[-70.55297,43.31724],[-70.55556,43.31905],[-70.54077,43.33421],[-70.54349,43.33568],[-70.53943,43.33709],[-70.54113,43.34317],[-70.542,43.33852],[-70.54386,43.3414],[-70.5422,43.343],[-70.54128,43.34347],[-70.54054,43.34317],[-70.53856,43.33821],[-70.54027,43.33508],[-70.51551,43.34522],[-70.51875,43.34655]]]},"properties":{}},{"type":"Feature","geometry":{"type":"Polygon","coordinates":[[[-70.45126,43.34658],[-70.45021,43.35],[-70.47247,43.35],[-70.4739,43.3475],[-70.47507,43.3473],[-70.47605,43.34602],[-70.46617,43.34003],[-70.46152,43.34536],[-70.45989,43.34193],[-70.45857,43.34608],[-70.45126,43.34658]]]},"properties":{}},{"type":"Feature","geometry":{"type":"Polygon","coordinates":[[[-70.47551,43.34848],[-70.5,43.35],[-70.5,43.34331],[-70.4853,43.34389],[-70.48513,43.34671],[-70.47551,43.34848]]]},"properties":{}},{"type":"Feature","geometry":{"type":"Polygon","coordinates":[[[-70.425,43.39131],[-70.425,43.425],[-70.5,43.425],[-70.5,43.35],[-70.47698,43.35],[-70.47924,43.35011],[-70.47473,43.35551],[-70.47936,43.35751],[-70.47711,43.35785],[-70.47812,43.36123],[-70.47288,43.355],[-70.47315,43.35003],[-70.45021,43.35],[-70.44441,43.35495],[-70.44794,43.36006],[-70.43967,43.35989],[-70.44192,43.36064],[-70.43956,43.36399],[-70.44479,43.369],[-70.43811,43.36717],[-70.43768,43.3639],[-70.43522,43.37232],[-70.43108,43.36559],[-70.42928,43.37379],[-70.43608,43.37365],[-70.4356,43.37732],[-70.425,43.37567],[-70.425,43.38647],[-70.43553,43.38781],[-70.43801,43.39037],[-70.43589,43.39179],[-70.4404,43.39296],[-70.43562,43.39214],[-70.43569,43.39099],[-70.43746,43.39059],[-70.43514,43.38808],[-70.43147,43.39263],[-70.42903,43.39304],[-70.43234,43.38978],[-70.42833,43.38768],[-70.425,43.39131]]]},"properties":{}},{"type":"Feature","geometry":{"type":"Polygon","coordinates":[[[-70.43792,43.35998],[-70.44166,43.35734],[-70.44219,43.35854],[-70.44532,43.35821],[-70.43926,43.35484],[-70.43792,43.35998]]]},"properties":{}},{"type":"Feature","geometry":{"type":"Polygon","coordinates":[[[-70.37927,43.42033],[-70.37771,43.425],[-70.425,43.425],[-70.425,43.39131],[-70.41992,43.39637],[-70.39909,43.40181],[-70.40401,43.40322],[-70.39986,43.40302],[-70.39738,43.40693],[-70.39983,43.39854],[-70.39176,43.40025],[-70.39052,43.40254],[-70.39583,43.40655],[-70.38539,43.40775],[-70.38878,43.41061],[-70.38701,43.41243],[-70.38112,43.41128],[-70.38704,43.41599],[-70.37927,43.42033]]]},"properties":{}},{"type":"Feature","geometry":{"type":"Polygon","coordinates":[[[-70.42556,43.48483],[-70.425,43.5],[-70.5,43.5],[-70.5,43.425],[-70.425,43.425],[-70.425,43.48349],[-70.43404,43.48395],[-70.43522,43.48791],[-70.44945,43.49303],[-70.4451,43.49387],[-70.4466,43.49567],[-70.43621,43.4942],[-70.43641,43.49151],[-70.42859,43.48871],[-70.43242,43.4851],[-70.42556,43.48483]]]},"properties":{}},{"type":"Feature","geometry":{"type":"Polygon","coordinates":[[[-70.4114,43.4783],[-70.42324,43.4821],[-70.4209,43.48025],[-70.42219,43.47931],[-70.425,43.48349],[-70.425,43.425],[-70.37771,43.425],[-70.36617,43.4371],[-70.35,43.44228],[-70.35,43.44815],[-70.35255,43.44796],[-70.35586,43.44695],[-70.35451,43.44454],[-70.35779,43.44301],[-70.3557,43.44206],[-70.36987,43.43684],[-70.37113,43.43952],[-70.37384,43.43975],[-70.37535,43.44236],[-70.36852,43.44799],[-70.37229,43.44916],[-70.37439,43.45151],[-70.37442,43.45288],[-70.373,43.45413],[-70.37504,43.45435],[-70.37492,43.45503],[-70.37576,43.45512],[-70.37694,43.45601],[-70.37727,43.45671],[-70.35809,43.44647],[-70.35556,43.44852],[-70.37084,43.45365],[-70.37449,43.4583],[-70.37256,43.45998],[-70.3903,43.45958],[-70.39653,43.46688],[-70.39784,43.46574],[-70.3991,43.4656],[-70.40028,43.46694],[-70.39602,43.46755],[-70.40075,43.47252],[-70.40767,43.47355],[-70.4074,43.47194],[-70.40938,43.47123],[-70.41007,43.47135],[-70.40808,43.47354],[-70.4118,43.47462],[-70.4114,43.4783]]]},"properties":{}},{"type":"Feature","geometry":{"type":"Polygon","coordinates":[[[-70.38433,43.49677],[-70.38264,43.5],[-70.425,43.5],[-70.425,43.48443],[-70.41769,43.48514],[-70.41698,43.48018],[-70.41011,43.48027],[-70.40901,43.47601],[-70.39962,43.47565],[-70.40085,43.47649],[-70.39968,43.47601],[-70.39922,43.47661],[-70.39831,43.47647],[-70.3953,43.47461],[-70.39546,43.46831],[-70.38803,43.46408],[-70.38149,43.46204],[-70.37969,43.46314],[-70.36898,43.46194],[-70.36777,43.46199],[-70.36454,43.4625],[-70.38124,43.46528],[-70.3854,43.48679],[-70.38424,43.49591],[-70.38803,43.49738],[-70.38433,43.49677]]]},"properties":{}},{"type":"Feature","geometry":{"type":"Polygon","coordinates":[[[-70.34197,43.45043],[-70.33333,43.44722],[-70.33981,43.44549],[-70.3435,43.43985],[-70.35,43.44228],[-70.34993,43.44826],[-70.34197,43.45043]]]},"properties":{}},{"type":"Feature","geometry":{"type":"Polygon","coordinates":[[[-70.35,43.56302],[-70.3521,43.56448],[-70.35,43.56026],[-70.35306,43.55852],[-70.36133,43.55937],[-70.36177,43.56487],[-70.363,43.56537],[-70.36948,43.56132],[-70.36319,43.56467],[-70.36165,43.55863],[-70.35,43.55665],[-70.35,43.53669],[-70.36289,43.52699],[-70.38264,43.5],[-70.425,43.5],[-70.425,43.575],[-70.35,43.575],[-70.35,43.56302]]]},"properties":{}},{"type":"Feature","geometry":{"type":"Polygon","coordinates":[[[-70.34428,43.54708],[-70.32989,43.54308],[-70.32841,43.54115],[-70.32841,43.53974],[-70.35,43.53669],[-70.35,43.54525],[-70.34605,43.54388],[-70.34428,43.54708]]]},"properties":{}},{"type":"Feature","geometry":{"type":"Polygon","coordinates":[[[-70.34832,43.5565],[-70.34568,43.55535],[-70.34699,43.55144],[-70.34409,43.55427],[-70.34638,43.55137],[-70.34419,43.54891],[-70.34883,43.54676],[-70.34542,43.54537],[-70.34617,43.54433],[-70.35,43.54536],[-70.34832,43.5565]]]},"properties":{}},{"type":"Feature","geometry":{"type":"Polygon","coordinates":[[[-70.275,43.56835],[-70.275,43.575],[-70.35,43.575],[-70.35,43.56302],[-70.34872,43.56261],[-70.34931,43.56417],[-70.34692,43.56453],[-70.34858,43.56519],[-70.34851,43.56598],[-70.34553,43.56634],[-70.34839,43.56574],[-70.34654,43.56464],[-70.34713,43.56416],[-70.34914,43.56389],[-70.34674,43.56128],[-70.35,43.56198],[-70.34078,43.55875],[-70.34347,43.55535],[-70.34163,43.55693],[-70.34026,43.55331],[-70.33651,43.56375],[-70.32369,43.56633],[-70.32813,43.56839],[-70.32745,43.5696],[-70.32261,43.56925],[-70.32594,43.57275],[-70.32884,43.56937],[-70.33038,43.56928],[-70.33233,43.57288],[-70.32735,43.57427],[-70.33163,43.57302],[-70.33011,43.5699],[-70.32615,43.57332],[-70.32219,43.56996],[-70.3228,43.56871],[-70.32761,43.56875],[-70.32316,43.56749],[-70.32301,43.56528],[-70.32916,43.56376],[-70.33049,43.56047],[-70.33462,43.56146],[-70.33251,43.55632],[-70.33556,43.55251],[-70.33169,43.5502],[-70.32795,43.55127],[-70.32951,43.55213],[-70.32742,43.55335],[-70.32764,43.55399],[-70.32852,43.55342],[-70.32918,43.5534],[-70.32949,43.55354],[-70.32866,43.55522],[-70.32385,43.55226],[-70.31973,43.55383],[-70.324,43.55499],[-70.32277,43.55702],[-70.3192,43.5558],[-70.31787,43.55165],[-70.31585,43.55416],[-70.3116,43.5534],[-70.31224,43.55451],[-70.3107,43.55494],[-70.31147,43.55623],[-70.31097,43.55674],[-70.31014,43.55679],[-70.31112,43.55754],[-70.30977,43.55757],[-70.31045,43.55768],[-70.31048,43.55823],[-70.31155,43.55826],[-70.31242,43.56007],[-70.31191,43.56063],[-70.30967,43.5605],[-70.30995,43.56185],[-70.30883,43.56139],[-70.30934,43.56063],[-70.30994,43.56026],[-70.31228,43.56008],[-70.30961,43.55757],[-70.31128,43.55336],[-70.31407,43.55286],[-70.31228,43.55163],[-70.31369,43.55161],[-70.31437,43.55288],[-70.31552,43.5537],[-70.31597,43.55379],[-70.31816,43.55004],[-70.32659,43.54884],[-70.32211,43.54459],[-70.32541,43.54091],[-70.31787,43.53398],[-70.32256,43.53078],[-70.32164,43.52752],[-70.30826,43.5293],[-70.31457,43.53482],[-70.3089,43.54337],[-70.275,43.56113],[-70.275,43.56773],[-70.2817,43.56636],[-70.27625,43.56872],[-70.27843,43.56937],[-70.27855,43.57022],[-70.275,43.56835]]]},"properties":{}},{"type":"Feature","geometry":{"type":"Polygon","coordinates":[[[-70.23783,43.54676],[-70.243,43.55371],[-70.229,43.56353],[-70.21966,43.56327],[-70.21656,43.55711],[-70.20229,43.56023],[-70.2,43.5625],[-70.20197,43.57492],[-70.26998,43.575],[-70.2732,43.56841],[-70.2676,43.55523],[-70.24616,43.55256],[-70.23783,43.54676]]]},"properties":{}},{"type":"Feature","geometry":{"type":"Polygon","coordinates":[[[-70.11731,43.72371],[-70.10766,43.725],[-70.125,43.725],[-70.125,43.70951],[-70.11526,43.71733],[-70.11731,43.72371]]]},"properties":{}},{"type":"Feature","geometry":{"type":"Polygon","coordinates":[[[-70.20114,43.73653],[-70.2,43.8],[-70.275,43.8],[-70.275,43.725],[-70.21305,43.725],[-70.20114,43.73653]]]},"properties":{}},{"type":"Feature","geometry":{"type":"Polygon","coordinates":[[[-70.13854,43.725],[-70.125,43.725],[-70.125,43.74591],[-70.12754,43.74554],[-70.12918,43.73768],[-70.13854,43.725]]]},"properties":{}},{"type":"Feature","geometry":{"type":"Polygon","coordinates":[[[-70.13569,43.75773],[-70.125,43.76376],[-70.125,43.75737],[-70.1348,43.75324],[-70.13569,43.75773]]]},"properties":{}},{"type":"Feature","geometry":{"type":"Polygon","coordinates":[[[-70.14242,43.79729],[-70.13841,43.8],[-70.14641,43.79978],[-70.14242,43.79729]]]},"properties":{}},{"type":"Feature","geometry":{"type":"Polygon","coordinates":[[[-70.09601,43.75901],[-70.09698,43.74886],[-70.11088,43.73083],[-70.10762,43.72503],[-70.125,43.725],[-70.125,43.74591],[-70.11495,43.7501],[-70.10767,43.74837],[-70.10381,43.75609],[-70.09601,43.75901]]]},"properties":{}},{"type":"Feature","geometry":{"type":"Polygon","coordinates":[[[-69.77862,43.77688],[-69.7791,43.78535],[-69.78016,43.7883],[-69.78179,43.78079],[-69.77862,43.77688]]]},"properties":{}},{"type":"Feature","geometry":{"type":"Polygon","coordinates":[[[-69.79748,43.79956],[-69.79193,43.78911],[-69.80105,43.78622],[-69.80001,43.7935],[-69.80506,43.79837],[-69.80708,43.79263],[-69.80671,43.78946],[-69.80568,43.79252],[-69.80342,43.78545],[-69.79642,43.78135],[-69.79766,43.77619],[-69.79437,43.7738],[-69.79754,43.77296],[-69.79669,43.76983],[-69.79077,43.76839],[-69.79064,43.77187],[-69.78637,43.76757],[-69.79185,43.76503],[-69.79367,43.75852],[-69.79836,43.7633],[-69.80467,43.74252],[-69.80036,43.74066],[-69.79202,43.75216],[-69.78496,43.75234],[-69.78392,43.75537],[-69.77787,43.74421],[-69.78967,43.74183],[-69.7953,43.73451],[-69.81163,43.73358],[-69.80924,43.73139],[-69.825,43.7252],[-69.825,43.8],[-69.79748,43.79956]]]},"properties":{}},{"type":"Feature","geometry":{"type":"Polygon","coordinates":[[[-69.75061,43.75621],[-69.75,43.8],[-69.78148,43.8],[-69.78248,43.79367],[-69.77602,43.79011],[-69.77547,43.78049],[-69.77295,43.77686],[-69.77063,43.77974],[-69.76954,43.77961],[-69.77245,43.77471],[-69.77044,43.77398],[-69.77036,43.77022],[-69.776,43.76698],[-69.7755,43.75434],[-69.77135,43.7547],[-69.76852,43.76449],[-69.7665,43.75364],[-69.76221,43.75433],[-69.76266,43.7621],[-69.76599,43.76491],[-69.76027,43.76564],[-69.75813,43.77185],[-69.75337,43.77355],[-69.75193,43.76261],[-69.75507,43.76184],[-69.75739,43.75256],[-69.75061,43.75621]]]},"properties":{}},{"type":"Feature","geometry":{"type":"Polygon","coordinates":[[[-69.74994,43.78919],[-69.74662,43.8],[-69.75,43.8],[-69.74994,43.78919]]]},"properties":{}},{"type":"Feature","geometry":{"type":"Polygon","coordinates":[[[-69.7175,43.7987],[-69.71796,43.78968],[-69.72303,43.78483],[-69.72099,43.78228],[-69.73249,43.77333],[-69.74157,43.77096],[-69.75,43.75775],[-69.75,43.78914],[-69.74556,43.8],[-69.7175,43.7987]]]},"properties":{}},{"type":"Feature","geometry":{"type":"Polygon","coordinates":[[[-69.87703,43.87176],[-69.87585,43.875],[-69.88992,43.87497],[-69.89031,43.8644],[-69.88428,43.85815],[-69.88086,43.85786],[-69.87782,43.86584],[-69.88117,43.86734],[-69.88244,43.86384],[-69.88463,43.86819],[-69.88698,43.86641],[-69.88584,43.86917],[-69.88314,43.8725],[-69.87703,43.87176]]]},"properties":{}},{"type":"Feature","geometry":{"type":"Polygon","coordinates":[[[-69.85641,43.875],[-69.825,43.875],[-69.825,43.8],[-69.84972,43.8],[-69.84392,43.80445],[-69.84877,43.80599],[-69.84633,43.80952],[-69.84903,43.81295],[-69.84988,43.80677],[-69.85417,43.81257],[-69.85815,43.80948],[-69.85935,43.80259],[-69.86579,43.80653],[-69.86345,43.81118],[-69.85793,43.81075],[-69.8544,43.81557],[-69.85246,43.8268],[-69.84728,43.82797],[-69.84944,43.83132],[-69.84235,43.84001],[-69.84721,43.84031],[-69.84859,43.83663],[-69.85046,43.83899],[-69.85111,43.8322],[-69.8513,43.83513],[-69.86525,43.82969],[-69.86634,43.82581],[-69.87026,43.8264],[-69.86755,43.83056],[-69.87181,43.83521],[-69.8725,43.84311],[-69.87031,43.84925],[-69.86506,43.85246],[-69.86775,43.85834],[-69.85814,43.85709],[-69.85801,43.86214],[-69.85245,43.8657],[-69.8577,43.86288],[-69.85723,43.86488],[-69.85955,43.85896],[-69.86308,43.85834],[-69.86578,43.86095],[-69.86461,43.87223],[-69.85641,43.875]]]},"properties":{}},{"type":"Feature","geometry":{"type":"Polygon","coordinates":[[[-69.86709,43.8737],[-69.87146,43.87338],[-69.87171,43.86027],[-69.86885,43.86149],[-69.86708,43.87256],[-69.86976,43.87281],[-69.86709,43.8737]]]},"properties":{}},{"type":"Feature","geometry":{"type":"Polygon","coordinates":[[[-69.79802,43.87448],[-69.825,43.875],[-69.825,43.8],[-69.79801,43.8],[-69.80322,43.81118],[-69.80728,43.80954],[-69.80914,43.82419],[-69.81381,43.83015],[-69.81257,43.84038],[-69.81142,43.83703],[-69.80711,43.83679],[-69.79758,43.84339],[-69.80004,43.85075],[-69.79621,43.86483],[-69.80126,43.87053],[-69.79802,43.87448]]]},"properties":{}},{"type":"Feature","geometry":{"type":"Polygon","coordinates":[[[-69.75175,43.8743],[-69.75,43.8],[-69.78148,43.8],[-69.78017,43.80553],[-69.77555,43.80676],[-69.77792,43.81035],[-69.77336,43.81639],[-69.77308,43.82677],[-69.77244,43.82769],[-69.77184,43.82715],[-69.77017,43.82784],[-69.77037,43.82883],[-69.76939,43.82868],[-69.77033,43.82909],[-69.7722,43.82757],[-69.77041,43.83387],[-69.76463,43.8397],[-69.76624,43.84666],[-69.76809,43.84842],[-69.76654,43.84548],[-69.76922,43.84403],[-69.77182,43.85077],[-69.7681,43.85662],[-69.76388,43.85259],[-69.76289,43.85211],[-69.76136,43.85253],[-69.76796,43.85698],[-69.76374,43.86025],[-69.76146,43.85733],[-69.76311,43.86033],[-69.75713,43.86234],[-69.75862,43.86834],[-69.7639,43.87258],[-69.75175,43.8743]]]},"properties":{}},{"type":"Feature","geometry":{"type":"Polygon","coordinates":[[[-69.7649,43.87458],[-69.79286,43.875],[-69.79418,43.87162],[-69.79194,43.86757],[-69.79464,43.85368],[-69.78846,43.85619],[-69.78826,43.85486],[-69.78413,43.85633],[-69.783,43.855],[-69.78821,43.85458],[-69.7876,43.8407],[-69.7947,43.83533],[-69.80256,43.81684],[-69.78809,43.81221],[-69.7884,43.80793],[-69.7834,43.8137],[-69.78303,43.82247],[-69.79158,43.82469],[-69.79201,43.82626],[-69.78861,43.82483],[-69.78499,43.82778],[-69.78523,43.83035],[-69.78376,43.83142],[-69.78242,43.82514],[-69.77439,43.82839],[-69.76679,43.84009],[-69.77263,43.84852],[-69.77458,43.8466],[-69.77553,43.84914],[-69.77322,43.8486],[-69.77171,43.85906],[-69.764,43.86338],[-69.76037,43.86229],[-69.76276,43.86797],[-69.75975,43.86783],[-69.76703,43.87064],[-69.7649,43.87458]]]},"properties":{}},{"type":"Feature","geometry":{"type":"Polygon","coordinates":[[[-69.67636,43.87398],[-69.67504,43.86891],[-69.67882,43.86709],[-69.67864,43.87104],[-69.6817,43.86913],[-69.67907,43.8725],[-69.68154,43.875],[-69.67636,43.87398]]]},"properties":{}},{"type":"Feature","geometry":{"type":"Polygon","coordinates":[[[-69.68402,43.83738],[-69.67892,43.83075],[-69.68314,43.82934],[-69.67876,43.8274],[-69.675,43.83103],[-69.675,43.80515],[-69.6795,43.80721],[-69.67757,43.80952],[-69.68207,43.81655],[-69.68064,43.82274],[-69.68315,43.82001],[-69.6854,43.8246],[-69.68996,43.82237],[-69.68402,43.83738]]]},"properties":{}},{"type":"Feature","geometry":{"type":"Polygon","coordinates":[[[-69.70373,43.87475],[-69.70346,43.87092],[-69.70979,43.86431],[-69.70563,43.86209],[-69.70971,43.85494],[-69.71299,43.85337],[-69.71272,43.85584],[-69.71883,43.85788],[-69.71553,43.85231],[-69.72014,43.85267],[-69.71967,43.85942],[-69.72169,43.85815],[-69.72335,43.86371],[-69.72083,43.875],[-69.70373,43.87475]]]},"properties":{}},{"type":"Feature","geometry":{"type":"Polygon","coordinates":[[[-69.73368,43.8638],[-69.73854,43.875],[-69.74398,43.875],[-69.74599,43.87359],[-69.74742,43.87449],[-69.7466,43.8686],[-69.75,43.86535],[-69.75,43.82163],[-69.74494,43.82316],[-69.74342,43.8275],[-69.7481,43.82568],[-69.74117,43.83423],[-69.73904,43.84391],[-69.73521,43.84581],[-69.73525,43.85239],[-69.73307,43.85257],[-69.73596,43.85709],[-69.72794,43.85833],[-69.73111,43.86041],[-69.7345,43.85828],[-69.73604,43.85839],[-69.73368,43.8638]]]},"properties":{}},{"type":"Feature","geometry":{"type":"Polygon","coordinates":[[[-69.72383,43.85131],[-69.71961,43.84709],[-69.71668,43.84914],[-69.71704,43.83665],[-69.71295,43.83867],[-69.70949,43.83244],[-69.71324,43.82957],[-69.70731,43.82858],[-69.71493,43.8101],[-69.71988,43.81751],[-69.71864,43.8207],[-69.72336,43.81985],[-69.71983,43.81189],[-69.72049,43.80082],[-69.71841,43.80244],[-69.71779,43.8],[-69.75,43.8],[-69.73237,43.83661],[-69.73449,43.8367],[-69.73239,43.8453],[-69.72383,43.85131]]]},"properties":{}},{"type":"Feature","geometry":{"type":"Polygon","coordinates":[[[-69.64424,43.83001],[-69.64075,43.82926],[-69.64135,43.83225],[-69.64508,43.83344],[-69.64424,43.83001]]]},"properties":{}},{"type":"Feature","geometry":{"type":"Polygon","coordinates":[[[-69.66695,43.86512],[-69.66632,43.85754],[-69.66808,43.85552],[-69.67113,43.85809],[-69.66695,43.86512]]]},"properties":{}},{"type":"Feature","geometry":{"type":"Polygon","coordinates":[[[-69.66818,43.85056],[-69.66622,43.84573],[-69.6629,43.84752],[-69.65865,43.84253],[-69.65549,43.84371],[-69.65452,43.84072],[-69.65804,43.83903],[-69.65254,43.83991],[-69.64887,43.8304],[-69.65322,43.81738],[-69.65099,43.80279],[-69.65323,43.8],[-69.66832,43.80004],[-69.67365,43.81055],[-69.675,43.80515],[-69.675,43.83069],[-69.67294,43.82525],[-69.67359,43.8329],[-69.66781,43.8299],[-69.67133,43.84141],[-69.67091,43.84887],[-69.66818,43.85056]]]},"properties":{}},{"type":"Feature","geometry":{"type":"Polygon","coordinates":[[[-69.6,43.85961],[-69.6,43.875],[-69.66401,43.875],[-69.6646,43.86518],[-69.66682,43.87417],[-69.675,43.87452],[-69.67288,43.86675],[-69.66995,43.86849],[-69.66516,43.8653],[-69.66412,43.85224],[-69.65945,43.85123],[-69.66133,43.84802],[-69.65463,43.84994],[-69.65263,43.85471],[-69.65098,43.85293],[-69.65558,43.84636],[-69.65055,43.84233],[-69.64975,43.83662],[-69.64084,43.84034],[-69.64027,43.84457],[-69.64703,43.8395],[-69.64949,43.84223],[-69.64688,43.84692],[-69.63843,43.84833],[-69.63632,43.85486],[-69.63227,43.85212],[-69.63603,43.85156],[-69.63612,43.85022],[-69.63128,43.84842],[-69.62496,43.85418],[-69.62356,43.84619],[-69.63031,43.84162],[-69.63056,43.8373],[-69.62208,43.82707],[-69.61663,43.82945],[-69.61295,43.83722],[-69.61983,43.84782],[-69.6175,43.84724],[-69.61339,43.85408],[-69.61398,43.84715],[-69.60699,43.84784],[-69.60546,43.85842],[-69.6,43.85961]]]},"properties":{}},{"type":"Feature","geometry":{"type":"Polygon","coordinates":[[[-69.59272,43.8733],[-69.58444,43.8714],[-69.58467,43.86515],[-69.57993,43.86319],[-69.57585,43.85399],[-69.57307,43.85908],[-69.57284,43.85345],[-69.58046,43.82786],[-69.57899,43.82511],[-69.57953,43.82235],[-69.58825,43.83668],[-69.59001,43.83497],[-69.58345,43.82337],[-69.59074,43.81434],[-69.5954,43.81545],[-69.59649,43.81292],[-69.6,43.81364],[-69.6,43.82603],[-69.59104,43.82999],[-69.59347,43.83955],[-69.587,43.85151],[-69.59046,43.85144],[-69.59235,43.85595],[-69.59011,43.86185],[-69.6,43.85947],[-69.6,43.875],[-69.59166,43.875],[-69.59272,43.8733]]]},"properties":{}},{"type":"Feature","geometry":{"type":"Polygon","coordinates":[[[-69.55667,43.87462],[-69.57462,43.875],[-69.57523,43.87356],[-69.5725,43.86659],[-69.56898,43.87116],[-69.57063,43.87319],[-69.56417,43.87368],[-69.56535,43.86438],[-69.56102,43.86168],[-69.55394,43.86482],[-69.55667,43.87462]]]},"properties":{}},{"type":"Feature","geometry":{"type":"Polygon","coordinates":[[[-69.49578,43.87406],[-69.49173,43.875],[-69.5224,43.875],[-69.525,43.87324],[-69.51849,43.86987],[-69.5213,43.86125],[-69.5166,43.85656],[-69.51303,43.84447],[-69.51597,43.83758],[-69.51443,43.83238],[-69.50178,43.83985],[-69.4994,43.84903],[-69.4851,43.87212],[-69.49578,43.87406]]]},"properties":{}},{"type":"Feature","geometry":{"type":"Polygon","coordinates":[[[-69.88887,43.94918],[-69.9,43.95],[-69.9,43.93757],[-69.89349,43.94277],[-69.88887,43.94918]]]},"properties":{}},{"type":"Feature","geometry":{"type":"Polygon","coordinates":[[[-69.83576,43.94991],[-69.8353,43.94569],[-69.83157,43.94587],[-69.83725,43.94137],[-69.83339,43.94082],[-69.83253,43.93411],[-69.825,43.94602],[-69.825,43.875],[-69.85504,43.875],[-69.85153,43.87651],[-69.85484,43.88417],[-69.85562,43.87739],[-69.86139,43.8809],[-69.86343,43.87622],[-69.86348,43.88693],[-69.8646,43.88229],[-69.86635,43.88387],[-69.86631,43.88606],[-69.86666,43.88626],[-69.86646,43.875],[-69.87086,43.875],[-69.8694,43.87818],[-69.86959,43.87952],[-69.87147,43.875],[-69.87233,43.875],[-69.87257,43.88258],[-69.87445,43.875],[-69.8899,43.875],[-69.88848,43.88316],[-69.87835,43.89063],[-69.87948,43.89453],[-69.87358,43.9011],[-69.86943,43.91105],[-69.87517,43.90705],[-69.8867,43.88805],[-69.88889,43.89232],[-69.88791,43.89475],[-69.88468,43.89559],[-69.88414,43.89707],[-69.8882,43.8956],[-69.88762,43.89833],[-69.89216,43.89838],[-69.89007,43.89429],[-69.89529,43.89014],[-69.89501,43.88365],[-69.9,43.875],[-69.9,43.92288],[-69.89566,43.93125],[-69.88685,43.9356],[-69.87468,43.9491],[-69.87444,43.94678],[-69.86566,43.94986],[-69.86701,43.94681],[-69.86436,43.95],[-69.83576,43.94991]]]},"properties":{}},{"type":"Feature","geometry":{"type":"Polygon","coordinates":[[[-69.817,43.94948],[-69.81355,43.9442],[-69.81348,43.92978],[-69.81039,43.92765],[-69.81384,43.90667],[-69.81114,43.90273],[-69.81518,43.89577],[-69.81477,43.88241],[-69.825,43.87697],[-69.825,43.94602],[-69.817,43.94948]]]},"properties":{}},{"type":"Feature","geometry":{"type":"Polygon","coordinates":[[[-69.81499,43.875],[-69.79792,43.875],[-69.7976,43.87705],[-69.80786,43.87952],[-69.81499,43.875]]]},"properties":{}},{"type":"Feature","geometry":{"type":"Polygon","coordinates":[[[-69.75531,43.88218],[-69.7526,43.875],[-69.75841,43.875],[-69.75905,43.87752],[-69.75531,43.88218]]]},"properties":{}},{"type":"Feature","geometry":{"type":"Polygon","coordinates":[[[-69.79792,43.90949],[-69.79552,43.90345],[-69.78281,43.9001],[-69.78314,43.89635],[-69.77744,43.89861],[-69.7757,43.89384],[-69.76832,43.89186],[-69.76678,43.88909],[-69.76972,43.88815],[-69.76605,43.88372],[-69.76241,43.88624],[-69.76115,43.88338],[-69.76756,43.88181],[-69.76857,43.87737],[-69.76408,43.88122],[-69.76311,43.875],[-69.79208,43.875],[-69.78842,43.87545],[-69.78838,43.87635],[-69.78866,43.87685],[-69.78934,43.87733],[-69.78912,43.87776],[-69.78708,43.87723],[-69.78648,43.87763],[-69.78874,43.878],[-69.78933,43.87774],[-69.78939,43.87717],[-69.7885,43.8763],[-69.78887,43.87566],[-69.79183,43.87641],[-69.79527,43.88266],[-69.80678,43.88259],[-69.80666,43.90036],[-69.79792,43.90949]]]},"properties":{}},{"type":"Feature","geometry":{"type":"Polygon","coordinates":[[[-69.80399,43.90963],[-69.79758,43.91185],[-69.79717,43.92231],[-69.79237,43.9247],[-69.78939,43.92118],[-69.78311,43.92146],[-69.77816,43.93131],[-69.78222,43.91981],[-69.78993,43.91969],[-69.78996,43.9141],[-69.78706,43.91366],[-69.78899,43.91129],[-69.78555,43.90526],[-69.78126,43.90678],[-69.78225,43.90298],[-69.76858,43.89575],[-69.7697,43.89354],[-69.76721,43.89304],[-69.76568,43.89776],[-69.76412,43.89309],[-69.75956,43.8963],[-69.76269,43.89066],[-69.76045,43.88819],[-69.75654,43.90549],[-69.76139,43.9052],[-69.75646,43.90641],[-69.75109,43.91447],[-69.75588,43.91057],[-69.75768,43.91382],[-69.75738,43.91234],[-69.75822,43.91108],[-69.75943,43.91071],[-69.75837,43.91469],[-69.75535,43.91592],[-69.75475,43.92355],[-69.75,43.92134],[-69.75,43.95],[-69.80934,43.95],[-69.80271,43.93782],[-69.80559,43.9244],[-69.80399,43.90963]]]},"properties":{}},{"type":"Feature","geometry":{"type":"Polygon","coordinates":[[[-69.74323,43.87899],[-69.74134,43.87562],[-69.73917,43.8786],[-69.73854,43.875],[-69.74398,43.875],[-69.74323,43.87899]]]},"properties":{}},{"type":"Feature","geometry":{"type":"Polygon","coordinates":[[[-69.71238,43.94909],[-69.71795,43.95],[-69.7215,43.94645],[-69.71856,43.94673],[-69.72211,43.94464],[-69.72363,43.93709],[-69.72308,43.93596],[-69.72064,43.93742],[-69.71977,43.93636],[-69.72078,43.93213],[-69.71412,43.93585],[-69.71238,43.94909]]]},"properties":{}},{"type":"Feature","geometry":{"type":"Polygon","coordinates":[[[-69.67568,43.94397],[-69.675,43.95],[-69.68688,43.95],[-69.70973,43.91439],[-69.71246,43.90542],[-69.71483,43.91027],[-69.72335,43.90881],[-69.73644,43.89723],[-69.73833,43.89106],[-69.73267,43.89611],[-69.73209,43.89296],[-69.72946,43.89337],[-69.73207,43.88089],[-69.7288,43.88049],[-69.72699,43.875],[-69.70375,43.875],[-69.70495,43.8792],[-69.69917,43.875],[-69.69714,43.89344],[-69.69242,43.90322],[-69.69317,43.91241],[-69.6977,43.90892],[-69.69374,43.91522],[-69.69452,43.91876],[-69.6941,43.92195],[-69.69413,43.91916],[-69.69063,43.91946],[-69.68123,43.92943],[-69.68118,43.92338],[-69.67657,43.92795],[-69.67636,43.93976],[-69.68051,43.93977],[-69.67568,43.94397]]]},"properties":{}},{"type":"Feature","geometry":{"type":"Polygon","coordinates":[[[-69.72672,43.94601],[-69.72352,43.94589],[-69.72595,43.94821],[-69.72324,43.95],[-69.75,43.95],[-69.75,43.92134],[-69.74288,43.92532],[-69.74344,43.92269],[-69.73999,43.92323],[-69.73953,43.9227],[-69.74556,43.91824],[-69.74406,43.91408],[-69.74192,43.91602],[-69.74829,43.90767],[-69.74805,43.89858],[-69.74527,43.9022],[-69.74524,43.89888],[-69.74216,43.89831],[-69.73724,43.90193],[-69.73143,43.9151],[-69.72958,43.91246],[-69.72891,43.91787],[-69.73346,43.91745],[-69.73379,43.92063],[-69.73017,43.92465],[-69.73221,43.92691],[-69.73005,43.93483],[-69.72351,43.93999],[-69.72323,43.94496],[-69.72534,43.94318],[-69.72567,43.94454],[-69.72307,43.94547],[-69.72672,43.94601]]]},"properties":{}},{"type":"Feature","geometry":{"type":"Polygon","coordinates":[[[-69.70812,43.94894],[-69.71156,43.94511],[-69.71011,43.93861],[-69.70553,43.94484],[-69.70539,43.93981],[-69.70064,43.94298],[-69.70092,43.94974],[-69.70812,43.94894]]]},"properties":{}},{"type":"Feature","geometry":{"type":"Polygon","coordinates":[[[-69.66519,43.9272],[-69.66805,43.91388],[-69.66731,43.88464],[-69.66985,43.88553],[-69.67345,43.88082],[-69.675,43.91566],[-69.67088,43.92376],[-69.66519,43.9272]]]},"properties":{}},{"type":"Feature","geometry":{"type":"Polygon","coordinates":[[[-69.64902,43.94668],[-69.64684,43.95],[-69.66741,43.95],[-69.67232,43.9405],[-69.67287,43.93369],[-69.6694,43.93264],[-69.67183,43.93171],[-69.67115,43.92703],[-69.66335,43.9296],[-69.65806,43.93692],[-69.6572,43.93258],[-69.64968,43.93798],[-69.64902,43.94668]]]},"properties":{}},{"type":"Feature","geometry":{"type":"Polygon","coordinates":[[[-69.66614,43.88171],[-69.66436,43.87858],[-69.6697,43.875],[-69.67125,43.88106],[-69.66614,43.88171]]]},"properties":{}},{"type":"Feature","geometry":{"type":"Polygon","coordinates":[[[-69.6,43.875],[-69.6,43.95],[-69.64324,43.95],[-69.64834,43.93569],[-69.63928,43.93597],[-69.63474,43.94197],[-69.6337,43.93659],[-69.62546,43.93792],[-69.6283,43.93366],[-69.63403,43.9341],[-69.62923,43.93267],[-69.63104,43.92765],[-69.62587,43.92506],[-69.62544,43.92828],[-69.6225,43.92671],[-69.62211,43.92921],[-69.61712,43.93021],[-69.62194,43.92621],[-69.62023,43.92328],[-69.62493,43.91386],[-69.62456,43.90599],[-69.62831,43.90619],[-69.63032,43.90082],[-69.62972,43.90533],[-69.63326,43.90929],[-69.62865,43.90689],[-69.62617,43.91125],[-69.62851,43.9189],[-69.63421,43.91831],[-69.62985,43.92111],[-69.63249,43.92442],[-69.63513,43.92208],[-69.63416,43.93001],[-69.63744,43.92764],[-69.63892,43.93499],[-69.64427,43.93491],[-69.6476,43.92647],[-69.64709,43.93463],[-69.65143,43.93266],[-69.65987,43.91621],[-69.65861,43.9101],[-69.66178,43.90802],[-69.66022,43.8842],[-69.66401,43.875],[-69.6,43.875]]]},"properties":{}},{"type":"Feature","geometry":{"type":"Polygon","coordinates":[[[-69.45289,43.94386],[-69.45,43.95],[-69.525,43.95],[-69.525,43.88247],[-69.51343,43.88685],[-69.51906,43.89905],[-69.51615,43.90037],[-69.51835,43.90384],[-69.51619,43.90178],[-69.50834,43.90456],[-69.51141,43.90219],[-69.50592,43.8994],[-69.50853,43.89432],[-69.50983,43.89961],[-69.51317,43.89883],[-69.51175,43.88965],[-69.50449,43.8931],[-69.50795,43.88761],[-69.50512,43.8834],[-69.5201,43.876],[-69.51957,43.87959],[-69.5214,43.87979],[-69.52409,43.87733],[-69.5224,43.875],[-69.487,43.87544],[-69.4821,43.87849],[-69.47722,43.89093],[-69.47508,43.88581],[-69.47349,43.88577],[-69.4594,43.90324],[-69.46101,43.90949],[-69.45066,43.93657],[-69.45365,43.94166],[-69.45987,43.93706],[-69.4602,43.94506],[-69.45774,43.94749],[-69.45368,43.94696],[-69.45289,43.94386]]]},"properties":{}},{"type":"Feature","geometry":{"type":"Polygon","coordinates":[[[-69.825,43.98438],[-69.825,43.99018],[-69.82568,43.99032],[-69.8297,43.9817],[-69.825,43.98438]]]},"properties":{}},{"type":"Feature","geometry":{"type":"Polygon","coordinates":[[[-69.8306,44.01685],[-69.825,44.0207],[-69.825,44.025],[-69.9,44.025],[-69.9,43.95],[-69.88554,43.95215],[-69.88164,43.96103],[-69.88439,43.9662],[-69.87914,43.97047],[-69.88634,43.96875],[-69.88751,43.96541],[-69.8886,43.96602],[-69.89128,43.96534],[-69.89501,43.96596],[-69.89665,43.96506],[-69.89731,43.96555],[-69.88866,43.96711],[-69.88861,43.9729],[-69.88208,43.97983],[-69.88667,43.98908],[-69.88564,43.99512],[-69.87952,44.00139],[-69.88093,44.0061],[-69.8854,44.00437],[-69.89464,44.00855],[-69.88856,44.00979],[-69.88464,44.0058],[-69.88078,44.00854],[-69.87813,44.00476],[-69.87465,44.00753],[-69.88297,43.99603],[-69.88303,43.98973],[-69.86996,43.99226],[-69.87025,43.98778],[-69.86448,43.98746],[-69.86583,43.98238],[-69.85594,43.9888],[-69.85827,43.99357],[-69.8526,44.00325],[-69.85246,44.01032],[-69.84149,44.00201],[-69.82545,44.00262],[-69.83112,44.00921],[-69.8306,44.01685]]]},"properties":{}},{"type":"Feature","geometry":{"type":"Polygon","coordinates":[[[-69.83324,43.98039],[-69.83015,43.97851],[-69.83257,43.97369],[-69.83074,43.97162],[-69.84312,43.96017],[-69.83969,43.95836],[-69.84088,43.95578],[-69.83595,43.95808],[-69.83573,43.95],[-69.86436,43.95],[-69.86035,43.95388],[-69.86009,43.9616],[-69.85003,43.97304],[-69.84634,43.97387],[-69.842,43.96837],[-69.83324,43.98039]]]},"properties":{}},{"type":"Feature","geometry":{"type":"Polygon","coordinates":[[[-69.8141,43.95044],[-69.75,43.95],[-69.75,44.025],[-69.8061,44.02481],[-69.81659,44.0166],[-69.81148,44.00966],[-69.82456,43.99375],[-69.825,43.98282],[-69.8235,43.98553],[-69.80961,43.99849],[-69.82137,43.98182],[-69.82287,43.97589],[-69.82029,43.97326],[-69.82297,43.9704],[-69.82046,43.96846],[-69.81922,43.97015],[-69.81464,43.97086],[-69.81866,43.96775],[-69.82063,43.9601],[-69.81777,43.95436],[-69.81174,43.95311],[-69.8141,43.95044]]]},"properties":{}},{"type":"Feature","geometry":{"type":"Polygon","coordinates":[[[-69.7844,44.09182],[-69.77707,44.1],[-69.825,44.1],[-69.825,44.025],[-69.81824,44.02716],[-69.82403,44.03152],[-69.82095,44.03848],[-69.82271,44.04174],[-69.80948,44.05574],[-69.79928,44.08712],[-69.7844,44.09182]]]},"properties":{}},{"type":"Feature","geometry":{"type":"Polygon","coordinates":[[[-69.75,44.025],[-69.75,44.1],[-69.76918,44.1],[-69.78423,44.08784],[-69.78217,44.08245],[-69.78603,44.0753],[-69.77986,44.07359],[-69.78306,44.06657],[-69.78019,44.05347],[-69.77251,44.05602],[-69.76848,44.06089],[-69.77258,44.06477],[-69.76121,44.07204],[-69.76344,44.06874],[-69.76121,44.06733],[-69.76842,44.06469],[-69.76558,44.06207],[-69.77593,44.05279],[-69.77612,44.04258],[-69.7825,44.04116],[-69.79044,44.03345],[-69.79881,44.03424],[-69.80307,44.025],[-69.75,44.025]]]},"properties":{}},{"type":"Feature","geometry":{"type":"Polygon","coordinates":[[[-69.75707,44.1739],[-69.76577,44.16698],[-69.76667,44.15273],[-69.76087,44.13847],[-69.7747,44.10185],[-69.825,44.1],[-69.825,44.175],[-69.75707,44.1739]]]},"properties":{}},{"type":"Feature","geometry":{"type":"Polygon","coordinates":[[[-69.76918,44.1],[-69.75,44.1],[-69.75,44.175],[-69.76224,44.15984],[-69.75901,44.15858],[-69.75964,44.15955],[-69.75862,44.16222],[-69.7593,44.15204],[-69.75414,44.14239],[-69.75782,44.13572],[-69.75765,44.12661],[-69.76418,44.11888],[-69.76338,44.1101],[-69.76832,44.10667],[-69.76918,44.1]]]},"properties":{}},{"type":"Feature","geometry":{"type":"Polygon","coordinates":[[[-69.7605,44.15917],[-69.75882,44.15495],[-69.76108,44.15151],[-69.76179,44.1535],[-69.7605,44.15917]]]},"properties":{}},{"type":"Feature","geometry":{"type":"Polygon","coordinates":[[[-69.75,44.22686],[-69.75,44.25],[-69.76714,44.25],[-69.76763,44.22964],[-69.75947,44.22414],[-69.75568,44.22638],[-69.75785,44.22371],[-69.76051,44.22371],[-69.75759,44.21835],[-69.76116,44.20351],[-69.75128,44.19393],[-69.75189,44.175],[-69.75,44.22686]]]},"properties":{}},{"type":"Feature","geometry":{"type":"Polygon","coordinates":[[[-69.76871,44.24284],[-69.77083,44.25],[-69.825,44.25],[-69.825,44.175],[-69.75672,44.175],[-69.754,44.18356],[-69.76462,44.20396],[-69.76203,44.21788],[-69.77097,44.23066],[-69.76871,44.24284]]]},"properties":{}},{"type":"Feature","geometry":{"type":"Polygon","coordinates":[[[-69.76714,44.25],[-69.75,44.25],[-69.75,44.325],[-69.825,44.325],[-69.825,44.25],[-69.77083,44.25],[-69.77391,44.26116],[-69.78989,44.27186],[-69.79243,44.27942],[-69.78906,44.28826],[-69.77588,44.30327],[-69.77268,44.3191],[-69.76969,44.32027],[-69.77628,44.29794],[-69.78724,44.28633],[-69.785,44.27358],[-69.77085,44.26262],[-69.7664,44.25519],[-69.76714,44.25]]]},"properties":{}},{"type":"Feature","geometry":{"type":"Polygon","coordinates":[[[-68.73346,43.89342],[-68.73176,43.88957],[-68.74083,43.88664],[-68.74184,43.88314],[-68.75119,43.88321],[-68.75072,43.88554],[-68.73557,43.88927],[-68.73346,43.89342]]]},"properties":{}},{"type":"Feature","geometry":{"type":"Polygon","coordinates":[[[-68.7,44.27106],[-68.69576,44.27213],[-68.69202,44.27511],[-68.7,44.27511],[-68.7,44.27106]]]},"properties":{}},{"type":"Feature","geometry":{"type":"Polygon","coordinates":[[[-68.69412,44.25],[-68.67482,44.25],[-68.67481,44.27511],[-68.67758,44.27429],[-68.67702,44.2665],[-68.69412,44.25]]]},"properties":{}},{"type":"Feature","geometry":{"type":"Polygon","coordinates":[[[-68.62867,44.02165],[-68.62867,44.08422],[-68.63108,44.08371],[-68.62916,44.07934],[-68.64109,44.07255],[-68.64639,44.06491],[-68.65145,44.06467],[-68.659,44.0503],[-68.65798,44.04815],[-68.65452,44.05278],[-68.65163,44.05107],[-68.65602,44.04759],[-68.65483,44.04504],[-68.64485,44.0567],[-68.63928,44.04652],[-68.64601,44.04465],[-68.64467,44.04123],[-68.6497,44.04137],[-68.65602,44.03248],[-68.65548,44.02983],[-68.64665,44.02831],[-68.65515,44.02806],[-68.65976,44.02252],[-68.66089,44.01647],[-68.65686,44.01425],[-68.65772,44.00961],[-68.65379,44.00641],[-68.64689,44.01293],[-68.64881,44.0149],[-68.63887,44.01567],[-68.63654,44.01979],[-68.62871,44.01732],[-68.63112,44.02118],[-68.62867,44.02165]]]},"properties":{}},{"type":"Feature","geometry":{"type":"Polygon","coordinates":[[[-69.0,44.4],[-69.0,44.325],[-69.03686,44.325],[-69.03686,44.4],[-69.0,44.4]]]},"properties":{}},{"type":"Feature","geometry":{"type":"Polygon","coordinates":[[[-68.76819,44.79824],[-68.7495,44.80815],[-68.74944,44.81122],[-68.86595,44.81122],[-68.86595,44.65011],[-68.91042,44.65011],[-68.91042,44.54244],[-68.86925,44.54244],[-68.86925,44.47592],[-69.03686,44.475],[-68.86889,44.475],[-68.86197,44.48006],[-68.85493,44.47845],[-68.84958,44.48409],[-68.84557,44.47798],[-68.84206,44.47788],[-68.84294,44.47886],[-68.84289,44.47978],[-68.8432,44.48023],[-68.84315,44.48056],[-68.83914,44.477],[-68.84557,44.47789],[-68.85002,44.475],[-68.83099,44.475],[-68.83809,44.48334],[-68.83444,44.48534],[-68.8342,44.48955],[-68.83069,44.49266],[-68.82802,44.49117],[-68.8267,44.49554],[-68.82221,44.4925],[-68.81553,44.50025],[-68.80901,44.49728],[-68.8059,44.50474],[-68.81045,44.51347],[-68.80591,44.51922],[-68.80857,44.52531],[-68.80589,44.54455],[-68.8086,44.55284],[-68.80049,44.56516],[-68.82018,44.57594],[-68.8289,44.59379],[-68.83577,44.60001],[-68.85064,44.60119],[-68.8589,44.59454],[-68.85702,44.5896],[-68.85993,44.59341],[-68.8622,44.59093],[-68.85566,44.58164],[-68.85292,44.57009],[-68.85712,44.56207],[-68.85485,44.56156],[-68.85423,44.56427],[-68.85087,44.56525],[-68.85029,44.56289],[-68.85448,44.55925],[-68.85809,44.55965],[-68.85551,44.55814],[-68.85572,44.55746],[-68.85779,44.55633],[-68.85508,44.55559],[-68.85503,44.55474],[-68.85558,44.55372],[-68.85592,44.55361],[-68.85803,44.55627],[-68.85598,44.55832],[-68.85788,44.55728],[-68.85906,44.55724],[-68.85986,44.55771],[-68.8612,44.56074],[-68.86444,44.56001],[-68.86238,44.56254],[-68.85834,44.55746],[-68.85861,44.55951],[-68.85761,44.56099],[-68.85465,44.55976],[-68.8517,44.56315],[-68.85345,44.56424],[-68.85427,44.56138],[-68.85765,44.56175],[-68.85679,44.56848],[-68.85424,44.56915],[-68.85711,44.57855],[-68.85994,44.57882],[-68.86025,44.57851],[-68.86078,44.57858],[-68.85721,44.57998],[-68.86454,44.58762],[-68.86317,44.59497],[-68.86527,44.59573],[-68.86789,44.60238],[-68.87285,44.60642],[-68.87351,44.60883],[-68.86521,44.60243],[-68.86554,44.59881],[-68.86148,44.59866],[-68.865,44.59812],[-68.85886,44.59772],[-68.85595,44.60409],[-68.86056,44.61567],[-68.84776,44.63315],[-68.84096,44.63667],[-68.83551,44.65448],[-68.82561,44.66399],[-68.82977,44.66812],[-68.82369,44.66808],[-68.82369,44.67158],[-68.81863,44.66815],[-68.81485,44.67103],[-68.81826,44.67546],[-68.81824,44.68427],[-68.83901,44.69006],[-68.84575,44.69509],[-68.84862,44.69387],[-68.84322,44.69694],[-68.84408,44.69917],[-68.83846,44.69793],[-68.84316,44.71147],[-68.83461,44.72115],[-68.83346,44.73409],[-68.83601,44.73645],[-68.82988,44.74448],[-68.83043,44.74645],[-68.83278,44.74665],[-68.8334,44.74836],[-68.82791,44.74574],[-68.80045,44.76572],[-68.7996,44.76495],[-68.79665,44.76789],[-68.79606,44.76799],[-68.79985,44.76473],[-68.79928,44.76313],[-68.78935,44.76776],[-68.78721,44.77621],[-68.77891,44.78123],[-68.76906,44.79709],[-68.77032,44.80172],[-68.77541,44.80427],[-68.77679,44.80529],[-68.77752,44.80637],[-68.77734,44.80651],[-68.77009,44.80208],[-68.76819,44.79824]]]},"properties":{}},{"type":"Feature","geometry":{"type":"Polygon","coordinates":[[[-68.68349,44.28817],[-68.68286,44.28561],[-68.68376,44.28378],[-68.68777,44.2874],[-68.68349,44.28817]]]},"properties":{}},{"type":"Feature","geometry":{"type":"Polygon","coordinates":[[[-68.6931,44.29054],[-68.68649,44.28218],[-68.69049,44.28164],[-68.69147,44.27513],[-68.7,44.27511],[-68.7,44.29134],[-68.6931,44.29054]]]},"properties":{}},{"type":"Feature","geometry":{"type":"Polygon","coordinates":[[[-68.74944,44.70382],[-68.74944,44.80525],[-68.76724,44.79584],[-68.77203,44.78449],[-68.78562,44.77282],[-68.78472,44.76951],[-68.7816,44.77011],[-68.7804,44.7698],[-68.8092,44.75572],[-68.81311,44.74983],[-68.8287,44.74058],[-68.82869,44.72009],[-68.83904,44.70798],[-68.83473,44.70397],[-68.82885,44.70436],[-68.83393,44.69272],[-68.82072,44.6896],[-68.81995,44.69419],[-68.81343,44.6886],[-68.80852,44.66991],[-68.8202,44.66285],[-68.8421,44.62477],[-68.839,44.61943],[-68.8254,44.61275],[-68.82305,44.60501],[-68.81485,44.59709],[-68.81656,44.59521],[-68.81235,44.59395],[-68.80768,44.57364],[-68.77327,44.56842],[-68.77003,44.56747],[-68.76814,44.56146],[-68.76369,44.5612],[-68.76496,44.5518],[-68.76097,44.53688],[-68.75748,44.53616],[-68.7541,44.53973],[-68.75429,44.5443],[-68.74623,44.55393],[-68.74685,44.56986],[-68.74374,44.5673],[-68.74286,44.5701],[-68.74429,44.5622],[-68.74101,44.55132],[-68.74543,44.55006],[-68.74414,44.54533],[-68.75033,44.53452],[-68.74879,44.52833],[-68.75187,44.52741],[-68.75012,44.52538],[-68.75474,44.52083],[-68.7585,44.50864],[-68.777,44.49445],[-68.77756,44.48508],[-68.78318,44.47547],[-68.775,44.475],[-68.775,44.40712],[-68.76583,44.42453],[-68.76758,44.42819],[-68.7585,44.42636],[-68.75152,44.42917],[-68.74456,44.43462],[-68.74333,44.44412],[-68.74143,44.43255],[-68.73554,44.435],[-68.73659,44.4389],[-68.72669,44.45739],[-68.72957,44.46057],[-68.7365,44.45797],[-68.73394,44.46177],[-68.73977,44.46671],[-68.7372,44.46642],[-68.73779,44.46981],[-68.73748,44.47058],[-68.72887,44.46427],[-68.7262,44.46526],[-68.72996,44.46839],[-68.72523,44.47221],[-68.727,44.47012],[-68.72294,44.46587],[-68.70826,44.46238],[-68.70847,44.45418],[-68.7043,44.45265],[-68.71045,44.44908],[-68.7203,44.45048],[-68.72478,44.43516],[-68.72326,44.42658],[-68.72979,44.41623],[-68.72461,44.41225],[-68.71869,44.41635],[-68.71103,44.41063],[-68.7089,44.41208],[-68.69911,44.39504],[-68.67978,44.39625],[-68.68375,44.39309],[-68.68092,44.38886],[-68.66779,44.38736],[-68.67355,44.38114],[-68.67096,44.37336],[-68.65998,44.36977],[-68.66486,44.37018],[-68.67303,44.36442],[-68.67817,44.36687],[-68.67559,44.36183],[-68.67835,44.3536],[-68.67855,44.36068],[-68.68162,44.36281],[-68.67914,44.36865],[-68.68317,44.37007],[-68.67853,44.37306],[-68.67561,44.38151],[-68.68451,44.38559],[-68.68198,44.38819],[-68.68652,44.39136],[-68.68552,44.39376],[-68.69429,44.39078],[-68.7,44.3935],[-68.7,44.30996],[-68.69258,44.30562],[-68.69766,44.30473],[-68.69133,44.29793],[-68.6837,44.2969],[-68.68366,44.30186],[-68.67962,44.30513],[-68.67396,44.29686],[-68.64953,44.28954],[-68.64953,44.65011],[-68.80528,44.65011],[-68.80528,44.70382],[-68.74944,44.70382]]]},"properties":{}},{"type":"Feature","geometry":{"type":"Polygon","coordinates":[[[-68.76301,44.4214],[-68.74956,44.42471],[-68.75022,44.41808],[-68.7455,44.42428],[-68.74307,44.42311],[-68.74436,44.41652],[-68.74116,44.41391],[-68.74779,44.41236],[-68.74854,44.40952],[-68.74643,44.41199],[-68.74265,44.40678],[-68.74043,44.40971],[-68.73676,44.40548],[-68.73811,44.4094],[-68.73525,44.41106],[-68.72669,44.4019],[-68.72389,44.40702],[-68.71772,44.4],[-68.76412,44.4],[-68.76099,44.40242],[-68.76559,44.41267],[-68.76301,44.4214]]]},"properties":{}},{"type":"Feature","geometry":{"type":"Polygon","coordinates":[[[-68.71567,44.41027],[-68.72249,44.41193],[-68.71653,44.4],[-68.70519,44.4],[-68.71289,44.40333],[-68.71735,44.40841],[-68.71567,44.41027]]]},"properties":{}},{"type":"Feature","geometry":{"type":"Polygon","coordinates":[[[-68.67735,44.27511],[-68.67994,44.2782],[-68.67653,44.27993],[-68.66684,44.27511],[-68.67735,44.27511]]]},"properties":{}},{"type":"Feature","geometry":{"type":"Polygon","coordinates":[[[-69.15344,43.99965],[-69.15,44.025],[-69.20779,44.025],[-69.20524,44.02291],[-69.20718,44.01854],[-69.22344,44.00412],[-69.22098,44.003],[-69.21117,44.00943],[-69.20686,44.00906],[-69.21378,44.00483],[-69.21241,44.00327],[-69.21581,44.00367],[-69.21555,43.9992],[-69.21254,43.99802],[-69.21886,43.99252],[-69.21698,43.99161],[-69.22024,43.99173],[-69.22004,43.98748],[-69.22476,43.98846],[-69.22099,43.98867],[-69.21977,43.99699],[-69.225,43.99732],[-69.225,43.95],[-69.19582,43.95006],[-69.19152,43.95872],[-69.1934,43.96119],[-69.21014,43.96095],[-69.21226,43.95798],[-69.20973,43.95676],[-69.21005,43.95481],[-69.2164,43.96122],[-69.21466,43.966],[-69.21232,43.96291],[-69.19763,43.96699],[-69.20059,43.9744],[-69.19691,43.97218],[-69.19434,43.97817],[-69.19058,43.97893],[-69.19227,43.98341],[-69.20448,43.98368],[-69.1971,43.9851],[-69.19396,43.99804],[-69.1893,43.99815],[-69.19226,43.99958],[-69.19039,44.00224],[-69.19291,44.00634],[-69.18981,44.0029],[-69.18723,44.01105],[-69.18971,43.99326],[-69.18762,43.99136],[-69.17074,43.99111],[-69.17375,43.99398],[-69.17107,43.99492],[-69.17693,43.99816],[-69.17488,44.00142],[-69.17332,43.99775],[-69.17082,43.99854],[-69.17188,44.00134],[-69.16954,43.99949],[-69.16815,44.00403],[-69.17287,44.0027],[-69.17801,44.00496],[-69.16726,44.00419],[-69.16519,44.00777],[-69.16333,44.00495],[-69.15555,44.00908],[-69.16466,44.00254],[-69.16177,43.99897],[-69.15666,44.00171],[-69.15344,43.99965]]]},"properties":{}},{"type":"Feature","geometry":{"type":"Polygon","coordinates":[[[-69.225,44.01315],[-69.21742,44.01769],[-69.21344,44.025],[-69.225,44.025],[-69.225,44.01315]]]},"properties":{}},{"type":"Feature","geometry":{"type":"Polygon","coordinates":[[[-69.20514,44.025],[-69.15,44.025],[-69.15,44.1],[-69.225,44.1],[-69.225,44.025],[-69.21114,44.02652],[-69.21208,44.02906],[-69.20313,44.03718],[-69.20636,44.03823],[-69.20352,44.03959],[-69.20468,44.04681],[-69.21034,44.0509],[-69.20217,44.05157],[-69.19881,44.04714],[-69.1903,44.06397],[-69.18261,44.06907],[-69.19253,44.07447],[-69.20546,44.06496],[-69.21222,44.06814],[-69.21734,44.06513],[-69.21262,44.06857],[-69.2165,44.07685],[-69.20506,44.06666],[-69.19205,44.07502],[-69.18013,44.07115],[-69.17194,44.07439],[-69.16387,44.06884],[-69.17024,44.05929],[-69.17726,44.05511],[-69.17946,44.06166],[-69.18479,44.05448],[-69.18356,44.05086],[-69.18894,44.0491],[-69.18691,44.03831],[-69.19451,44.03623],[-69.19694,44.02846],[-69.20514,44.025]]]},"properties":{}},{"type":"Feature","geometry":{"type":"Polygon","coordinates":[[[-68.48461,44.16306],[-68.48679,44.16991],[-68.49484,44.1665],[-68.49338,44.16454],[-68.50074,44.16021],[-68.50341,44.15155],[-68.49642,44.14679],[-68.48875,44.14869],[-68.48491,44.14239],[-68.48541,44.14596],[-68.47658,44.15157],[-68.475,44.1608],[-68.47763,44.16255],[-68.48329,44.15855],[-68.48759,44.1594],[-68.48461,44.16306]]]},"properties":{}},{"type":"Feature","geometry":{"type":"Polygon","coordinates":[[[-68.62019,44.249],[-68.625,44.25],[-68.625,44.23602],[-68.62203,44.23719],[-68.62027,44.23412],[-68.60522,44.22913],[-68.60625,44.23413],[-68.61471,44.23511],[-68.60863,44.2396],[-68.60995,44.24477],[-68.62225,44.2487],[-68.62019,44.249]]]},"properties":{}},{"type":"Feature","geometry":{"type":"Polygon","coordinates":[[[-68.6216,44.19982],[-68.62143,44.20398],[-68.625,44.205],[-68.625,44.1999],[-68.6216,44.19982]]]},"properties":{}},{"type":"Feature","geometry":{"type":"Polygon","coordinates":[[[-68.56497,44.25],[-68.55,44.24662],[-68.55,44.25],[-68.56497,44.25]]]},"properties":{}},{"type":"Feature","geometry":{"type":"Polygon","coordinates":[[[-68.625,44.19326],[-68.61856,44.19247],[-68.61658,44.18902],[-68.61877,44.18291],[-68.61447,44.18382],[-68.61459,44.18124],[-68.625,44.18058],[-68.625,44.19326]]]},"properties":{}},{"type":"Feature","geometry":{"type":"Polygon","coordinates":[[[-68.60553,44.2169],[-68.59888,44.21505],[-68.59557,44.21032],[-68.58982,44.21193],[-68.5901,44.21495],[-68.58397,44.21496],[-68.58827,44.20726],[-68.57088,44.2027],[-68.57568,44.20025],[-68.56519,44.19655],[-68.56416,44.19197],[-68.58132,44.19415],[-68.56803,44.18891],[-68.57968,44.18511],[-68.58229,44.18598],[-68.57899,44.18917],[-68.58742,44.18697],[-68.58946,44.18779],[-68.58675,44.19015],[-68.6004,44.19256],[-68.58691,44.19552],[-68.58764,44.20248],[-68.59618,44.20582],[-68.59426,44.20978],[-68.61139,44.212],[-68.61921,44.20877],[-68.625,44.2111],[-68.625,44.21557],[-68.61384,44.2136],[-68.60553,44.2169]]]},"properties":{}},{"type":"Feature","geometry":{"type":"Polygon","coordinates":[[[-68.475,44.17791],[-68.475,44.18245],[-68.47903,44.18014],[-68.4784,44.1781],[-68.475,44.17791]]]},"properties":{}},{"type":"Feature","geometry":{"type":"Polygon","coordinates":[[[-68.52828,44.24201],[-68.5233,44.23631],[-68.52287,44.22873],[-68.53512,44.22868],[-68.55,44.2356],[-68.55,44.24119],[-68.546,44.24346],[-68.55,44.24526],[-68.55,44.25],[-68.52946,44.24981],[-68.52828,44.24201]]]},"properties":{}},{"type":"Feature","geometry":{"type":"Polygon","coordinates":[[[-68.42519,44.19069],[-68.41346,44.18747],[-68.40643,44.175],[-68.42233,44.175],[-68.41992,44.17863],[-68.42438,44.18293],[-68.42252,44.18481],[-68.42519,44.19069]]]},"properties":{}},{"type":"Feature","geometry":{"type":"Polygon","coordinates":[[[-68.325,44.22493],[-68.325,44.25],[-68.3477,44.24975],[-68.34775,44.24333],[-68.34418,44.24037],[-68.34748,44.23968],[-68.34836,44.23403],[-68.33943,44.22259],[-68.325,44.22493]]]},"properties":{}},{"type":"Feature","geometry":{"type":"Polygon","coordinates":[[[-68.3366,44.20631],[-68.325,44.20654],[-68.32642,44.19524],[-68.33371,44.19779],[-68.33265,44.20026],[-68.33414,44.20191],[-68.33655,44.19843],[-68.33454,44.20205],[-68.3366,44.20631]]]},"properties":{}},{"type":"Feature","geometry":{"type":"Polygon","coordinates":[[[-68.35023,44.18541],[-68.33823,44.18421],[-68.33687,44.17508],[-68.35407,44.175],[-68.35023,44.18541]]]},"properties":{}},{"type":"Feature","geometry":{"type":"Polygon","coordinates":[[[-68.38958,44.24517],[-68.38282,44.25],[-68.39401,44.25],[-68.38958,44.24517]]]},"properties":{}},{"type":"Feature","geometry":{"type":"Polygon","coordinates":[[[-68.35813,44.2499],[-68.35265,44.24637],[-68.35575,44.24475],[-68.35167,44.23784],[-68.35975,44.23587],[-68.36138,44.2276],[-68.36495,44.22682],[-68.36874,44.23377],[-68.36231,44.23638],[-68.36777,44.24014],[-68.36571,44.2413],[-68.36477,44.24395],[-68.36723,44.24424],[-68.36689,44.2456],[-68.36771,44.24553],[-68.3663,44.24162],[-68.36907,44.24166],[-68.37904,44.24987],[-68.35813,44.2499]]]},"properties":{}},{"type":"Feature","geometry":{"type":"Polygon","coordinates":[[[-68.31696,44.19661],[-68.31552,44.19997],[-68.32064,44.20075],[-68.325,44.20654],[-68.325,44.19659],[-68.32076,44.19934],[-68.31696,44.19661]]]},"properties":{}},{"type":"Feature","geometry":{"type":"Polygon","coordinates":[[[-68.29931,44.24297],[-68.29076,44.24687],[-68.291,44.25],[-68.325,44.25],[-68.325,44.23095],[-68.318,44.22507],[-68.31576,44.22953],[-68.31069,44.22799],[-68.31218,44.23145],[-68.30833,44.23175],[-68.30787,44.23672],[-68.30129,44.23654],[-68.29931,44.24297]]]},"properties":{}},{"type":"Feature","geometry":{"type":"Polygon","coordinates":[[[-68.25956,44.24874],[-68.27532,44.25],[-68.27553,44.23758],[-68.26673,44.23393],[-68.26037,44.23746],[-68.25,44.23555],[-68.25,44.24087],[-68.25787,44.24336],[-68.25757,44.24709],[-68.26095,44.24686],[-68.26158,44.24714],[-68.25956,44.24874]]]},"properties":{}},{"type":"Feature","geometry":{"type":"Polygon","coordinates":[[[-68.25,44.24928],[-68.24116,44.24774],[-68.24534,44.24265],[-68.23987,44.24027],[-68.24988,44.2355],[-68.25,44.24087],[-68.24564,44.24227],[-68.24999,44.24625],[-68.25,44.24928]]]},"properties":{}},{"type":"Feature","geometry":{"type":"Polygon","coordinates":[[[-68.20507,44.24247],[-68.19637,44.24634],[-68.1926,44.23936],[-68.20201,44.23796],[-68.20507,44.24247]]]},"properties":{}},{"type":"Feature","geometry":{"type":"Polygon","coordinates":[[[-68.32873,44.29066],[-68.325,44.28852],[-68.325,44.325],[-68.4,44.325],[-68.4,44.25347],[-68.39787,44.26249],[-68.39213,44.26162],[-68.38832,44.25696],[-68.39401,44.25],[-68.38282,44.25],[-68.3796,44.25579],[-68.37653,44.25522],[-68.37894,44.25],[-68.35202,44.25],[-68.35139,44.25345],[-68.34738,44.25],[-68.325,44.25],[-68.325,44.28618],[-68.32873,44.29066]]]},"properties":{}},{"type":"Feature","geometry":{"type":"Polygon","coordinates":[[[-68.30387,44.27736],[-68.29123,44.27607],[-68.30417,44.2833],[-68.30387,44.27736]]]},"properties":{}},{"type":"Feature","geometry":{"type":"Polygon","coordinates":[[[-68.25058,44.29163],[-68.25,44.325],[-68.30534,44.325],[-68.30567,44.31066],[-68.30124,44.30148],[-68.30466,44.29956],[-68.30452,44.2945],[-68.30032,44.29474],[-68.29563,44.28767],[-68.29316,44.28735],[-68.29403,44.29021],[-68.29075,44.28651],[-68.28028,44.28664],[-68.28139,44.29361],[-68.28623,44.29588],[-68.28381,44.30238],[-68.27648,44.29049],[-68.26001,44.28787],[-68.25475,44.29314],[-68.25058,44.29163]]]},"properties":{}},{"type":"Feature","geometry":{"type":"Polygon","coordinates":[[[-68.26092,44.26022],[-68.25086,44.25702],[-68.25809,44.257],[-68.26028,44.25],[-68.27607,44.25051],[-68.27223,44.25288],[-68.27448,44.25935],[-68.26822,44.25767],[-68.26092,44.26022]]]},"properties":{}},{"type":"Feature","geometry":{"type":"Polygon","coordinates":[[[-68.325,44.27049],[-68.29959,44.26746],[-68.291,44.25],[-68.325,44.25],[-68.325,44.27049]]]},"properties":{}},{"type":"Feature","geometry":{"type":"Polygon","coordinates":[[[-68.3209,44.28681],[-68.325,44.28618],[-68.325,44.27314],[-68.32353,44.27935],[-68.31375,44.27494],[-68.31019,44.27631],[-68.3209,44.28681]]]},"properties":{}},{"type":"Feature","geometry":{"type":"Polygon","coordinates":[[[-68.31386,44.30782],[-68.30948,44.29811],[-68.3171,44.29917],[-68.3133,44.29308],[-68.31809,44.29526],[-68.32088,44.28732],[-68.32488,44.28829],[-68.325,44.325],[-68.31283,44.325],[-68.31195,44.32157],[-68.31919,44.31043],[-68.31386,44.30782]]]},"properties":{}},{"type":"Feature","geometry":{"type":"Polygon","coordinates":[[[-68.19101,44.31773],[-68.18577,44.325],[-68.25,44.325],[-68.25,44.28972],[-68.24364,44.28806],[-68.24537,44.292],[-68.23954,44.29597],[-68.23506,44.28824],[-68.23106,44.2883],[-68.22455,44.29081],[-68.21845,44.29927],[-68.21465,44.29635],[-68.20742,44.29847],[-68.19979,44.30812],[-68.20189,44.32273],[-68.19398,44.30708],[-68.19008,44.30674],[-68.19101,44.31773]]]},"properties":{}},{"type":"Feature","geometry":{"type":"Polygon","coordinates":[[[-68.24579,44.27384],[-68.24765,44.27132],[-68.25,44.27057],[-68.25,44.2763],[-68.24579,44.27384]]]},"properties":{}},{"type":"Feature","geometry":{"type":"Polygon","coordinates":[[[-68.56899,44.39673],[-68.56335,44.39976],[-68.56375,44.4],[-68.625,44.4],[-68.625,44.325],[-68.56372,44.32518],[-68.56329,44.33388],[-68.55432,44.3412],[-68.55424,44.34659],[-68.55,44.34982],[-68.55113,44.3721],[-68.56113,44.3724],[-68.5655,44.36651],[-68.56355,44.36189],[-68.56617,44.35488],[-68.57143,44.35125],[-68.57123,44.3451],[-68.5818,44.33829],[-68.58673,44.32739],[-68.58873,44.3342],[-68.58386,44.33849],[-68.58241,44.35515],[-68.57322,44.35353],[-68.57855,44.35681],[-68.57316,44.35832],[-68.57449,44.36217],[-68.56671,44.36601],[-68.56425,44.37492],[-68.5671,44.3772],[-68.56143,44.37768],[-68.56584,44.37899],[-68.56124,44.38048],[-68.56419,44.38534],[-68.56988,44.38582],[-68.56494,44.39017],[-68.56855,44.39194],[-68.56572,44.39671],[-68.56899,44.39673]]]},"properties":{}},{"type":"Feature","geometry":{"type":"Polygon","coordinates":[[[-68.47554,44.37943],[-68.475,44.4],[-68.47728,44.4],[-68.48279,44.3898],[-68.47873,44.37975],[-68.47554,44.37943]]]},"properties":{}},{"type":"Feature","geometry":{"type":"Polygon","coordinates":[[[-68.55,44.34982],[-68.54479,44.35549],[-68.55,44.3702],[-68.55,44.36941],[-68.55,44.34982]]]},"properties":{}},{"type":"Feature","geometry":{"type":"Polygon","coordinates":[[[-68.5023,44.38246],[-68.48671,44.34043],[-68.48881,44.33162],[-68.47985,44.325],[-68.52653,44.325],[-68.53334,44.32984],[-68.52906,44.33607],[-68.52787,44.34687],[-68.51931,44.3592],[-68.5219,44.36928],[-68.5195,44.37812],[-68.51117,44.38496],[-68.5023,44.38246]]]},"properties":{}},{"type":"Feature","geometry":{"type":"Polygon","coordinates":[[[-68.30534,44.325],[-68.25,44.325],[-68.25,44.4],[-68.325,44.4],[-68.325,44.37],[-68.32201,44.36861],[-68.3243,44.35862],[-68.31208,44.35982],[-68.30956,44.36394],[-68.30996,44.36123],[-68.30501,44.35998],[-68.30722,44.35426],[-68.30262,44.34283],[-68.30751,44.34833],[-68.30911,44.34431],[-68.30443,44.33946],[-68.30534,44.325]]]},"properties":{}},{"type":"Feature","geometry":{"type":"Polygon","coordinates":[[[-68.32385,44.34578],[-68.31726,44.32983],[-68.31283,44.325],[-68.325,44.325],[-68.32385,44.34578]]]},"properties":{}},{"type":"Feature","geometry":{"type":"Polygon","coordinates":[[[-68.25,44.4],[-68.2238,44.39976],[-68.22383,44.39958],[-68.2255,44.39816],[-68.21525,44.38991],[-68.20687,44.39264],[-68.2013,44.39057],[-68.19549,44.38293],[-68.19935,44.38181],[-68.19794,44.3797],[-68.1924,44.37987],[-68.19466,44.37642],[-68.18448,44.36905],[-68.18258,44.35401],[-68.175,44.3454],[-68.17803,44.34249],[-68.175,44.33823],[-68.1751,44.32661],[-68.17881,44.32532],[-68.18239,44.32903],[-68.18577,44.325],[-68.25,44.325],[-68.25,44.4]],[[-68.20592,44.39197],[-68.20579,44.39197],[-68.20579,44.39186],[-68.20592,44.39197]]]},"properties":{}},{"type":"Feature","geometry":{"type":"Polygon","coordinates":[[[-68.03802,44.38854],[-68.025,44.38395],[-68.025,44.4],[-68.1,44.4],[-68.1,44.37874],[-68.09388,44.37185],[-68.08828,44.37279],[-68.09415,44.38968],[-68.08521,44.38623],[-68.09164,44.39107],[-68.08484,44.38895],[-68.08369,44.39469],[-68.07555,44.38318],[-68.07454,44.38467],[-68.07647,44.39164],[-68.07583,44.39254],[-68.07055,44.37492],[-68.06494,44.37229],[-68.06342,44.36892],[-68.07072,44.37382],[-68.07162,44.37585],[-68.07703,44.37397],[-68.07617,44.34731],[-68.06626,44.34556],[-68.07131,44.34168],[-68.06788,44.34137],[-68.06764,44.3356],[-68.06033,44.33176],[-68.05358,44.33842],[-68.04505,44.33803],[-68.04643,44.35957],[-68.038,44.36297],[-68.03871,44.36685],[-68.02934,44.35638],[-68.02555,44.35653],[-68.02742,44.36877],[-68.03171,44.36913],[-68.03446,44.37579],[-68.02565,44.37143],[-68.025,44.38155],[-68.03564,44.38228],[-68.03802,44.38854]],[[-68.06601,44.34389],[-68.06593,44.34389],[-68.066,44.34392],[-68.06601,44.34389]]]},"properties":{}},{"type":"Feature","geometry":{"type":"Polygon","coordinates":[[[-69.0,44.43158],[-69.0,44.475],[-69.075,44.475],[-69.075,44.4],[-69.0,44.4],[-69.0,44.42586],[-69.00894,44.42975],[-69.03116,44.45012],[-69.03306,44.44896],[-69.04432,44.45058],[-69.03403,44.44986],[-69.0335,44.45377],[-69.02783,44.44827],[-69.02384,44.44887],[-69.02079,44.44134],[-69.01598,44.44201],[-69.00794,44.43735],[-69.0067,44.43285],[-69.0,44.43158]]]},"properties":{}},{"type":"Feature","geometry":{"type":"Polygon","coordinates":[[[-68.925,44.45534],[-68.925,44.475],[-69.0,44.475],[-69.0,44.43158],[-68.98185,44.42606],[-68.95274,44.43115],[-68.9438,44.42846],[-68.94089,44.4338],[-68.93299,44.43752],[-68.925,44.45534]]]},"properties":{}},{"type":"Feature","geometry":{"type":"Polygon","coordinates":[[[-69.0,44.42586],[-68.98425,44.40412],[-68.98259,44.4],[-69.0,44.4],[-69.0,44.42586]]]},"properties":{}},{"type":"Feature","geometry":{"type":"Polygon","coordinates":[[[-68.551,44.40406],[-68.55,44.475],[-68.625,44.475],[-68.625,44.4],[-68.56375,44.4],[-68.56749,44.4053],[-68.57294,44.40168],[-68.58529,44.40578],[-68.58614,44.41387],[-68.57853,44.41374],[-68.57368,44.40857],[-68.56954,44.40988],[-68.57345,44.41365],[-68.57092,44.41437],[-68.56455,44.41121],[-68.56057,44.40392],[-68.551,44.40406]]]},"properties":{}},{"type":"Feature","geometry":{"type":"Polygon","coordinates":[[[-68.475,44.41083],[-68.475,44.43179],[-68.4792,44.42964],[-68.475,44.41083]]]},"properties":{}},{"type":"Feature","geometry":{"type":"Polygon","coordinates":[[[-68.4826,44.45567],[-68.475,44.45164],[-68.475,44.475],[-68.55,44.475],[-68.55,44.40404],[-68.5416,44.4],[-68.52514,44.40045],[-68.51928,44.41056],[-68.52493,44.41754],[-68.51725,44.41303],[-68.51524,44.41597],[-68.503,44.41233],[-68.49633,44.42075],[-68.49627,44.4327],[-68.49035,44.43246],[-68.4875,44.43611],[-68.48742,44.44586],[-68.4814,44.45252],[-68.4826,44.45567]]]},"properties":{}},{"type":"Feature","geometry":{"type":"Polygon","coordinates":[[[-68.28122,44.47089],[-68.26558,44.475],[-68.28899,44.475],[-68.28122,44.47089]]]},"properties":{}},{"type":"Feature","geometry":{"type":"Polygon","coordinates":[[[-68.31807,44.44402],[-68.30934,44.44276],[-68.3019,44.43668],[-68.29908,44.43802],[-68.29281,44.43153],[-68.28973,44.43366],[-68.28395,44.43102],[-68.28475,44.43404],[-68.26931,44.43957],[-68.25,44.4337],[-68.25,44.4],[-68.325,44.4],[-68.325,44.42323],[-68.32416,44.42195],[-68.3212,44.42058],[-68.31949,44.42069],[-68.31796,44.42159],[-68.31759,44.42211],[-68.31655,44.42154],[-68.31772,44.42225],[-68.32094,44.42072],[-68.325,44.42375],[-68.325,44.43975],[-68.31807,44.44402]]]},"properties":{}},{"type":"Feature","geometry":{"type":"Polygon","coordinates":[[[-68.29437,44.474],[-68.325,44.475],[-68.325,44.4627],[-68.30868,44.45767],[-68.29665,44.45016],[-68.28092,44.45259],[-68.27009,44.45846],[-68.27208,44.46408],[-68.273,44.45925],[-68.27973,44.46223],[-68.28436,44.4592],[-68.29459,44.46993],[-68.29437,44.474]]]},"properties":{}},{"type":"Feature","geometry":{"type":"Polygon","coordinates":[[[-68.22433,44.46668],[-68.2305,44.46392],[-68.24547,44.47478],[-68.22884,44.475],[-68.22433,44.46668]]]},"properties":{}},{"type":"Feature","geometry":{"type":"Polygon","coordinates":[[[-68.17534,44.47073],[-68.175,44.475],[-68.19389,44.47281],[-68.19127,44.47098],[-68.17534,44.47073]]]},"properties":{}},{"type":"Feature","geometry":{"type":"Polygon","coordinates":[[[-68.2454,44.43047],[-68.24291,44.42063],[-68.25,44.41822],[-68.25,44.4337],[-68.2454,44.43047]]]},"properties":{}},{"type":"Feature","geometry":{"type":"Polygon","coordinates":[[[-68.22774,44.4],[-68.25,44.41361],[-68.25,44.4],[-68.22774,44.4]]]},"properties":{}},{"type":"Feature","geometry":{"type":"Polygon","coordinates":[[[-68.17114,44.47018],[-68.16199,44.47489],[-68.175,44.475],[-68.175,44.47179],[-68.17114,44.47018]]]},"properties":{}},{"type":"Feature","geometry":{"type":"Polygon","coordinates":[[[-68.025,44.4],[-68.02758,44.475],[-68.1,44.475],[-68.09985,44.46968],[-68.09572,44.46721],[-68.1,44.46593],[-68.1,44.4],[-68.025,44.4]]]},"properties":{}},{"type":"Feature","geometry":{"type":"Polygon","coordinates":[[[-68.4036,44.17375],[-68.4,44.17074],[-68.4,44.13838],[-68.42112,44.12861],[-68.43345,44.13133],[-68.43097,44.137],[-68.42728,44.13782],[-68.44013,44.13942],[-68.44193,44.14137],[-68.43678,44.1436],[-68.44513,44.14474],[-68.44209,44.15154],[-68.44569,44.15401],[-68.44111,44.15693],[-68.44449,44.15766],[-68.44956,44.15263],[-68.45074,44.13783],[-68.44721,44.13694],[-68.44734,44.13385],[-68.45879,44.14021],[-68.45268,44.15064],[-68.45824,44.15467],[-68.45555,44.15986],[-68.46368,44.16111],[-68.46261,44.15827],[-68.46659,44.15422],[-68.475,44.15566],[-68.475,44.16695],[-68.46945,44.16881],[-68.47171,44.17225],[-68.46794,44.175],[-68.44829,44.175],[-68.44531,44.17059],[-68.45621,44.16605],[-68.4529,44.15879],[-68.45152,44.16344],[-68.44334,44.16651],[-68.43757,44.17293],[-68.44218,44.16567],[-68.44034,44.16259],[-68.42233,44.175],[-68.4036,44.17375]]]},"properties":{}},{"type":"Feature","geometry":{"type":"Polygon","coordinates":[[[-68.62462,44.08941],[-68.62649,44.0875],[-68.61644,44.08755],[-68.6183,44.08564],[-68.61165,44.08887],[-68.60125,44.08659],[-68.60451,44.08351],[-68.60133,44.08267],[-68.60086,44.0765],[-68.60383,44.07678],[-68.59875,44.06694],[-68.6022,44.05446],[-68.60107,44.04529],[-68.61322,44.02599],[-68.61049,44.01388],[-68.61616,44.0095],[-68.61889,44.01656],[-68.61733,44.02392],[-68.62012,44.02002],[-68.62867,44.02165],[-68.62867,44.08422],[-68.62528,44.08499],[-68.62766,44.08798],[-68.62462,44.08941]]]},"properties":{}},{"type":"Feature","geometry":{"type":"Polygon","coordinates":[[[-68.40846,44.40847],[-68.4,44.41278],[-68.4,44.54999],[-68.64953,44.55003],[-68.64953,44.28959],[-68.63088,44.28606],[-68.63132,44.29425],[-68.62628,44.30162],[-68.62133,44.29714],[-68.62156,44.3012],[-68.61124,44.3051],[-68.61464,44.30656],[-68.61287,44.30955],[-68.60727,44.30972],[-68.61142,44.30092],[-68.61824,44.29736],[-68.6261,44.28674],[-68.6254,44.27932],[-68.61447,44.27452],[-68.60442,44.27629],[-68.59995,44.27134],[-68.59462,44.27226],[-68.59127,44.26835],[-68.59505,44.26808],[-68.58901,44.26402],[-68.57255,44.26006],[-68.57943,44.25825],[-68.56786,44.25031],[-68.53009,44.25],[-68.54173,44.25773],[-68.55365,44.2578],[-68.55682,44.26659],[-68.55516,44.27176],[-68.55814,44.2723],[-68.55462,44.27674],[-68.54793,44.27396],[-68.55109,44.27212],[-68.54432,44.27043],[-68.54289,44.26608],[-68.53714,44.2664],[-68.54104,44.26338],[-68.51924,44.26045],[-68.5325,44.28613],[-68.52861,44.29415],[-68.53075,44.29924],[-68.53836,44.3005],[-68.53654,44.28905],[-68.54977,44.2911],[-68.56618,44.31276],[-68.5639,44.325],[-68.625,44.325],[-68.625,44.475],[-68.475,44.475],[-68.475,44.45164],[-68.47177,44.44513],[-68.475,44.44549],[-68.47283,44.40346],[-68.475,44.37944],[-68.46718,44.37723],[-68.45909,44.38529],[-68.46312,44.38687],[-68.46401,44.39797],[-68.45621,44.41325],[-68.4716,44.43979],[-68.45865,44.44677],[-68.45827,44.4538],[-68.46842,44.46599],[-68.46902,44.48117],[-68.47308,44.48623],[-68.50172,44.49137],[-68.5056,44.49449],[-68.46695,44.49402],[-68.46629,44.49028],[-68.43692,44.48254],[-68.43828,44.49442],[-68.43552,44.49328],[-68.43167,44.49903],[-68.43508,44.50523],[-68.42885,44.50959],[-68.42553,44.51997],[-68.4281,44.5246],[-68.4232,44.53622],[-68.42632,44.53944],[-68.42561,44.54108],[-68.41877,44.53122],[-68.42213,44.53357],[-68.42617,44.52675],[-68.42254,44.52023],[-68.42675,44.50881],[-68.43255,44.5046],[-68.42214,44.49598],[-68.42477,44.48011],[-68.42101,44.47017],[-68.42743,44.47051],[-68.42925,44.46433],[-68.42491,44.43706],[-68.43113,44.43112],[-68.43353,44.41442],[-68.42919,44.409],[-68.43468,44.40144],[-68.42799,44.39679],[-68.41896,44.39698],[-68.41362,44.39982],[-68.40846,44.40847]]]},"properties":{}},{"type":"Feature","geometry":{"type":"Polygon","coordinates":[[[-68.47969,44.31801],[-68.47985,44.325],[-68.50995,44.325],[-68.50099,44.32318],[-68.49148,44.31178],[-68.47969,44.31801]]]},"properties":{}},{"type":"Feature","geometry":{"type":"Polygon","coordinates":[[[-68.52653,44.325],[-68.51837,44.32316],[-68.51405,44.325],[-68.52653,44.325]]]},"properties":{}},{"type":"Feature","geometry":{"type":"Polygon","coordinates":[[[-68.65749,44.26881],[-68.65581,44.26277],[-68.6401,44.26421],[-68.63965,44.26098],[-68.63078,44.25669],[-68.62501,44.25836],[-68.61913,44.25028],[-68.67482,44.25],[-68.67481,44.27511],[-68.6668,44.27511],[-68.66289,44.26935],[-68.65749,44.26881]]]},"properties":{}},{"type":"Feature","geometry":{"type":"Polygon","coordinates":[[[-68.325,44.42375],[-68.325,44.43975],[-68.33361,44.43148],[-68.33225,44.42667],[-68.325,44.42375]]]},"properties":{}},{"type":"Feature","geometry":{"type":"Polygon","coordinates":[[[-68.3519,44.42044],[-68.34876,44.42812],[-68.35123,44.42832],[-68.35513,44.42515],[-68.36564,44.42465],[-68.36416,44.42185],[-68.36871,44.42043],[-68.36219,44.40645],[-68.34749,44.40306],[-68.35456,44.4007],[-68.36022,44.38584],[-68.36834,44.39345],[-68.37446,44.39117],[-68.37446,44.325],[-68.325,44.325],[-68.325,44.34611],[-68.32804,44.34667],[-68.32516,44.35479],[-68.32734,44.35841],[-68.33663,44.35497],[-68.33232,44.35885],[-68.33431,44.36221],[-68.32957,44.36232],[-68.33035,44.37616],[-68.32741,44.3742],[-68.329,44.36818],[-68.325,44.36891],[-68.325,44.42323],[-68.33736,44.42681],[-68.33826,44.42185],[-68.3519,44.42044]]]},"properties":{}},{"type":"Feature","geometry":{"type":"Polygon","coordinates":[[[-68.10449,44.475],[-68.06611,44.475],[-68.06611,44.59174],[-68.37446,44.59174],[-68.37446,44.42407],[-68.37324,44.43057],[-68.36732,44.43021],[-68.36298,44.43947],[-68.35442,44.44531],[-68.35639,44.45598],[-68.354,44.45953],[-68.36042,44.46997],[-68.35879,44.47686],[-68.36218,44.47814],[-68.35643,44.48109],[-68.35728,44.4943],[-68.35148,44.49519],[-68.34754,44.49013],[-68.3505,44.48033],[-68.35584,44.4748],[-68.35417,44.46286],[-68.34744,44.45497],[-68.33822,44.45127],[-68.32924,44.45127],[-68.325,44.4627],[-68.325,44.475],[-68.29308,44.475],[-68.29405,44.47664],[-68.29356,44.47774],[-68.28899,44.475],[-68.26558,44.475],[-68.26417,44.48608],[-68.27219,44.49235],[-68.2692,44.49497],[-68.27512,44.49468],[-68.27699,44.49998],[-68.28375,44.50016],[-68.29911,44.51025],[-68.30091,44.50584],[-68.29788,44.50322],[-68.30242,44.49755],[-68.3,44.4934],[-68.30243,44.49321],[-68.30508,44.50225],[-68.32571,44.50665],[-68.31991,44.50632],[-68.31786,44.51102],[-68.31777,44.50781],[-68.3106,44.50577],[-68.30536,44.50776],[-68.30489,44.51117],[-68.31922,44.51753],[-68.30794,44.51538],[-68.3217,44.52283],[-68.31526,44.52386],[-68.30547,44.51816],[-68.3052,44.52555],[-68.3157,44.53013],[-68.31838,44.52746],[-68.32106,44.52959],[-68.31893,44.53371],[-68.32317,44.53435],[-68.32161,44.53789],[-68.30586,44.5308],[-68.30924,44.53564],[-68.30438,44.53563],[-68.29444,44.52277],[-68.30156,44.52442],[-68.29966,44.51999],[-68.29415,44.51637],[-68.29016,44.51808],[-68.28609,44.51557],[-68.29341,44.51418],[-68.27548,44.511],[-68.27565,44.51672],[-68.2819,44.52207],[-68.26968,44.52161],[-68.27183,44.5266],[-68.26694,44.52507],[-68.26787,44.53634],[-68.27127,44.54414],[-68.27334,44.54492],[-68.27418,44.5404],[-68.27767,44.54165],[-68.28364,44.55526],[-68.29569,44.55554],[-68.29117,44.55924],[-68.29391,44.56654],[-68.28815,44.56182],[-68.28187,44.56581],[-68.27625,44.56265],[-68.27717,44.56066],[-68.26627,44.55889],[-68.2684,44.57567],[-68.26558,44.57603],[-68.26532,44.57316],[-68.26234,44.57726],[-68.25915,44.5764],[-68.26077,44.57871],[-68.25382,44.57724],[-68.25025,44.581],[-68.24692,44.57865],[-68.24747,44.58707],[-68.24429,44.58927],[-68.24695,44.5866],[-68.24152,44.57899],[-68.23695,44.58685],[-68.23188,44.58153],[-68.2175,44.58118],[-68.20878,44.57082],[-68.20446,44.5716],[-68.20121,44.57053],[-68.19962,44.57153],[-68.19916,44.5716],[-68.19534,44.56946],[-68.19321,44.57115],[-68.19423,44.56924],[-68.20921,44.5704],[-68.21359,44.57366],[-68.21603,44.571],[-68.22751,44.57107],[-68.23692,44.57905],[-68.24372,44.57213],[-68.24411,44.56749],[-68.24833,44.56617],[-68.25296,44.56947],[-68.25329,44.56133],[-68.25616,44.56027],[-68.25388,44.55729],[-68.25939,44.55669],[-68.25645,44.55287],[-68.25163,44.55587],[-68.25195,44.55085],[-68.24625,44.54579],[-68.24946,44.54603],[-68.25164,44.54023],[-68.24612,44.53612],[-68.23521,44.52964],[-68.21629,44.52561],[-68.22225,44.52189],[-68.21527,44.52389],[-68.21172,44.52025],[-68.20035,44.52087],[-68.1983,44.51702],[-68.187,44.51571],[-68.18116,44.51197],[-68.19701,44.51325],[-68.20156,44.50998],[-68.19543,44.49739],[-68.19722,44.49375],[-68.18734,44.48769],[-68.18088,44.47585],[-68.16207,44.475],[-68.16589,44.47766],[-68.16298,44.47922],[-68.16827,44.48607],[-68.16113,44.49621],[-68.16962,44.50551],[-68.17581,44.50698],[-68.17413,44.50812],[-68.16936,44.50632],[-68.163,44.50142],[-68.16186,44.50426],[-68.15748,44.50142],[-68.15563,44.50361],[-68.15609,44.50093],[-68.1466,44.49441],[-68.13571,44.48998],[-68.13893,44.48937],[-68.13378,44.48467],[-68.14015,44.48595],[-68.14104,44.48272],[-68.1455,44.48256],[-68.13703,44.47759],[-68.13342,44.47659],[-68.13062,44.48435],[-68.12572,44.47923],[-68.11457,44.48127],[-68.10449,44.475]]]},"properties":{}},{"type":"Feature","geometry":{"type":"Polygon","coordinates":[[[-68.25861,44.53695],[-68.21273,44.51603],[-68.21814,44.50045],[-68.22235,44.49668],[-68.21851,44.49362],[-68.22711,44.4943],[-68.22384,44.4856],[-68.2326,44.48082],[-68.22884,44.475],[-68.24605,44.47521],[-68.2509,44.4832],[-68.26083,44.4877],[-68.26317,44.4925],[-68.26066,44.49672],[-68.26948,44.50386],[-68.26039,44.50956],[-68.25566,44.50777],[-68.2573,44.51025],[-68.25359,44.51184],[-68.25946,44.51074],[-68.2631,44.51375],[-68.2632,44.51698],[-68.26002,44.5166],[-68.25961,44.51827],[-68.26722,44.51611],[-68.26991,44.51866],[-68.26525,44.51987],[-68.26596,44.5265],[-68.26484,44.52568],[-68.26145,44.52571],[-68.25994,44.52664],[-68.26654,44.52703],[-68.26808,44.53472],[-68.25861,44.53695]]]},"properties":{}},{"type":"Feature","geometry":{"type":"Polygon","coordinates":[[[-67.06044,44.84381],[-67.05,44.85],[-67.0879,44.85],[-67.08535,44.84879],[-67.08674,44.84728],[-67.08741,44.84739],[-67.08786,44.84831],[-67.08676,44.84396],[-67.08808,44.84834],[-67.08569,44.84852],[-67.08847,44.85],[-67.10015,44.85],[-67.10022,44.84597],[-67.10411,44.84964],[-67.10288,44.83927],[-67.11057,44.84563],[-67.11273,44.84227],[-67.11968,44.84361],[-67.12307,44.83951],[-67.11785,44.84772],[-67.125,44.85],[-67.125,44.775],[-67.05,44.775],[-67.05,44.83076],[-67.0525,44.82636],[-67.05823,44.82528],[-67.05201,44.82364],[-67.05355,44.82167],[-67.06377,44.82339],[-67.05957,44.83003],[-67.05423,44.83164],[-67.05848,44.83547],[-67.05,44.84052],[-67.05076,44.84606],[-67.05578,44.8435],[-67.06044,44.84381]]]},"properties":{}},{"type":"Feature","geometry":{"type":"Polygon","coordinates":[[[-66.99685,44.84431],[-66.99176,44.85],[-67.0046,44.85],[-67.0056,44.8466],[-67.01507,44.84457],[-67.01249,44.84765],[-67.01919,44.84632],[-67.01544,44.85],[-67.034,44.85],[-67.04027,44.84773],[-67.03993,44.84444],[-67.034,44.84166],[-67.04323,44.83973],[-67.03814,44.83777],[-67.04089,44.83385],[-67.04551,44.8373],[-67.0461,44.83289],[-67.05,44.83609],[-67.05,44.775],[-67.01255,44.77735],[-67.01448,44.77912],[-67.01012,44.78222],[-67.01007,44.78836],[-66.99656,44.78892],[-66.98925,44.79673],[-66.98971,44.80054],[-66.97975,44.80579],[-66.98051,44.80982],[-66.975,44.80731],[-66.975,44.81326],[-66.98385,44.81128],[-66.9887,44.81434],[-66.98776,44.81911],[-66.9926,44.82351],[-66.98941,44.82404],[-66.98327,44.81268],[-66.98964,44.82602],[-66.99019,44.83502],[-66.99154,44.8339],[-66.99197,44.83378],[-66.99248,44.83406],[-66.989,44.83707],[-66.99685,44.84431]]]},"properties":{}},{"type":"Feature","geometry":{"type":"Polygon","coordinates":[[[-66.95144,44.81978],[-66.94974,44.81535],[-66.96003,44.80724],[-66.97498,44.80717],[-66.97393,44.8161],[-66.97189,44.81641],[-66.97017,44.8176],[-66.97226,44.81667],[-66.97276,44.81715],[-66.97493,44.81567],[-66.97322,44.81718],[-66.96545,44.81945],[-66.95144,44.81978]]]},"properties":{}},{"type":"Feature","geometry":{"type":"Polygon","coordinates":[[[-66.92234,44.84891],[-66.91919,44.84373],[-66.92249,44.83605],[-66.92659,44.83679],[-66.92756,44.83108],[-66.93115,44.83037],[-66.93399,44.83986],[-66.94282,44.84059],[-66.95271,44.83622],[-66.95235,44.83952],[-66.95792,44.84205],[-66.95477,44.84572],[-66.95665,44.84766],[-66.962,44.84817],[-66.9645,44.8446],[-66.97122,44.84706],[-66.96889,44.85],[-66.92234,44.84891]]]},"properties":{}},{"type":"Feature","geometry":{"type":"Polygon","coordinates":[[[-67.16621,44.90211],[-67.15119,44.89207],[-67.15435,44.89258],[-67.15724,44.89536],[-67.16202,44.89527],[-67.16621,44.90211]]]},"properties":{}},{"type":"Feature","geometry":{"type":"Polygon","coordinates":[[[-67.15986,44.8797],[-67.15834,44.8822],[-67.16359,44.8855],[-67.16117,44.88319],[-67.16367,44.87884],[-67.15551,44.87784],[-67.15986,44.8797]]]},"properties":{}},{"type":"Feature","geometry":{"type":"Polygon","coordinates":[[[-67.12855,44.91957],[-67.125,44.91708],[-67.125,44.8949],[-67.13264,44.90179],[-67.13424,44.90069],[-67.13101,44.89813],[-67.1345,44.89759],[-67.12991,44.89682],[-67.12594,44.89045],[-67.12707,44.88421],[-67.12873,44.88569],[-67.13254,44.88152],[-67.13829,44.88847],[-67.15135,44.89228],[-67.14689,44.89253],[-67.14815,44.89709],[-67.15666,44.90682],[-67.15589,44.90342],[-67.16255,44.90702],[-67.16569,44.90665],[-67.16249,44.90333],[-67.16487,44.90377],[-67.17542,44.91248],[-67.17513,44.90863],[-67.18,44.91111],[-67.17699,44.91427],[-67.18371,44.91879],[-67.18374,44.91635],[-67.18945,44.91564],[-67.18303,44.91261],[-67.18195,44.90854],[-67.1888,44.90987],[-67.19399,44.91496],[-67.19498,44.91166],[-67.2,44.91366],[-67.2,44.925],[-67.15352,44.925],[-67.14019,44.91841],[-67.12855,44.91957]]]},"properties":{}},{"type":"Feature","geometry":{"type":"Polygon","coordinates":[[[-67.2,44.8902],[-67.19655,44.88873],[-67.19748,44.8882],[-67.19733,44.88809],[-67.19127,44.88668],[-67.19256,44.89033],[-67.18242,44.88887],[-67.18726,44.88006],[-67.18594,44.87756],[-67.18523,44.88056],[-67.18028,44.87971],[-67.1811,44.88245],[-67.17756,44.87912],[-67.16756,44.87748],[-67.1669,44.87957],[-67.16242,44.87433],[-67.15745,44.87508],[-67.15935,44.8708],[-67.14963,44.86292],[-67.14731,44.85],[-67.2,44.85],[-67.2,44.8902]]]},"properties":{}},{"type":"Feature","geometry":{"type":"Polygon","coordinates":[[[-67.18066,44.90246],[-67.17674,44.89721],[-67.18146,44.89072],[-67.19088,44.89362],[-67.18372,44.89354],[-67.18456,44.89713],[-67.19528,44.89992],[-67.19682,44.89736],[-67.19317,44.8917],[-67.2,44.89104],[-67.2,44.90685],[-67.19492,44.90523],[-67.19408,44.90795],[-67.18066,44.90246]]]},"properties":{}},{"type":"Feature","geometry":{"type":"Polygon","coordinates":[[[-67.13301,44.87686],[-67.13194,44.8738],[-67.13107,44.87761],[-67.125,44.87602],[-67.125,44.85618],[-67.12969,44.85677],[-67.125,44.85469],[-67.125,44.85],[-67.13548,44.85045],[-67.1328,44.85235],[-67.13878,44.85693],[-67.14062,44.86957],[-67.13818,44.87263],[-67.13642,44.86744],[-67.13272,44.86821],[-67.13301,44.87686]]]},"properties":{}},{"type":"Feature","geometry":{"type":"Polygon","coordinates":[[[-67.11848,44.88589],[-67.11713,44.88066],[-67.1134,44.87617],[-67.125,44.88035],[-67.125,44.88432],[-67.12064,44.88339],[-67.12228,44.88717],[-67.11848,44.88589]]]},"properties":{}},{"type":"Feature","geometry":{"type":"Polygon","coordinates":[[[-67.125,44.87602],[-67.11937,44.87204],[-67.11814,44.87516],[-67.11521,44.87436],[-67.1148,44.86828],[-67.12197,44.87082],[-67.12151,44.8619],[-67.12492,44.86549],[-67.1213,44.85978],[-67.125,44.85618],[-67.125,44.87602]]]},"properties":{}},{"type":"Feature","geometry":{"type":"Polygon","coordinates":[[[-67.11842,44.85],[-67.11798,44.85568],[-67.125,44.85469],[-67.125,44.85],[-67.11842,44.85]]]},"properties":{}},{"type":"Feature","geometry":{"type":"Polygon","coordinates":[[[-67.09025,44.85558],[-67.0866,44.85378],[-67.08847,44.85],[-67.10015,44.85],[-67.10146,44.85105],[-67.09025,44.85558]]]},"properties":{}},{"type":"Feature","geometry":{"type":"Polygon","coordinates":[[[-67.0546,44.86358],[-67.05,44.86121],[-67.05,44.85633],[-67.0546,44.86358]]]},"properties":{}},{"type":"Feature","geometry":{"type":"Polygon","coordinates":[[[-67.05303,44.85597],[-67.0535,44.85247],[-67.05,44.85],[-67.07483,44.85],[-67.07619,44.85395],[-67.06433,44.85963],[-67.06449,44.85682],[-67.06126,44.85702],[-67.05916,44.86272],[-67.05303,44.85597]]]},"properties":{}},{"type":"Feature","geometry":{"type":"Polygon","coordinates":[[[-67.06245,44.9066],[-67.05,44.90398],[-67.05,44.88121],[-67.05207,44.89412],[-67.06723,44.90145],[-67.06245,44.9066]]]},"properties":{}},{"type":"Feature","geometry":{"type":"Polygon","coordinates":[[[-67.11203,44.925],[-67.1161,44.92171],[-67.125,44.925],[-67.11203,44.925]]]},"properties":{}},{"type":"Feature","geometry":{"type":"Polygon","coordinates":[[[-67.0779,44.92296],[-67.07114,44.91506],[-67.08181,44.91675],[-67.08187,44.91989],[-67.08358,44.91741],[-67.08886,44.91872],[-67.09739,44.92447],[-67.0779,44.92296]]]},"properties":{}},{"type":"Feature","geometry":{"type":"Polygon","coordinates":[[[-67.12128,44.90939],[-67.125,44.91708],[-67.125,44.90162],[-67.11751,44.90046],[-67.11647,44.89434],[-67.11259,44.89361],[-67.11034,44.90045],[-67.12128,44.90939]]]},"properties":{}},{"type":"Feature","geometry":{"type":"Polygon","coordinates":[[[-67.10333,44.89377],[-67.09974,44.89004],[-67.09447,44.89196],[-67.08839,44.87814],[-67.07911,44.87375],[-67.08241,44.87746],[-67.07673,44.87641],[-67.06342,44.86458],[-67.06207,44.86818],[-67.05971,44.86389],[-67.06645,44.86398],[-67.06594,44.86056],[-67.07948,44.8574],[-67.0751,44.85],[-67.0879,44.85],[-67.0823,44.85478],[-67.09521,44.85894],[-67.10149,44.85403],[-67.11181,44.86978],[-67.10472,44.86987],[-67.10005,44.85973],[-67.0969,44.85906],[-67.09603,44.86196],[-67.102,44.86747],[-67.09887,44.86785],[-67.10132,44.87012],[-67.09744,44.87391],[-67.09403,44.86937],[-67.09465,44.86273],[-67.08852,44.85919],[-67.08898,44.86171],[-67.08533,44.8628],[-67.08991,44.87239],[-67.11007,44.88232],[-67.10476,44.88463],[-67.1023,44.88269],[-67.10571,44.89014],[-67.10228,44.89151],[-67.10333,44.89377]]]},"properties":{}},{"type":"Feature","geometry":{"type":"Polygon","coordinates":[[[-67.02755,44.92267],[-67.02181,44.925],[-67.03068,44.925],[-67.02755,44.92267]]]},"properties":{}},{"type":"Feature","geometry":{"type":"Polygon","coordinates":[[[-66.975,44.85984],[-66.975,44.87126],[-66.97757,44.87118],[-66.97983,44.863],[-66.9787,44.8597],[-66.975,44.85984]]]},"properties":{}},{"type":"Feature","geometry":{"type":"Polygon","coordinates":[[[-67.02973,44.85344],[-67.02428,44.85],[-67.0348,44.85047],[-67.02973,44.85344]]]},"properties":{}},{"type":"Feature","geometry":{"type":"Polygon","coordinates":[[[-67.0437,44.85395],[-67.04401,44.85],[-67.0497,44.8525],[-67.05,44.86121],[-67.0437,44.85395]]]},"properties":{}},{"type":"Feature","geometry":{"type":"Polygon","coordinates":[[[-66.98698,44.87836],[-66.98918,44.87494],[-66.99473,44.8811],[-66.99025,44.88285],[-66.98698,44.87836]]]},"properties":{}},{"type":"Feature","geometry":{"type":"Polygon","coordinates":[[[-66.98639,44.8627],[-66.97974,44.85588],[-66.99176,44.85],[-67.0049,44.85031],[-67.00195,44.85411],[-66.99683,44.85238],[-66.99024,44.86252],[-66.98639,44.8627]]]},"properties":{}},{"type":"Feature","geometry":{"type":"Polygon","coordinates":[[[-67.00277,44.91693],[-67.00076,44.9194],[-67.00013,44.92011],[-67.0052,44.92295],[-67.01744,44.925],[-67.01416,44.91672],[-67.02482,44.91397],[-67.02231,44.90873],[-67.01552,44.90731],[-67.02123,44.90138],[-67.01971,44.89817],[-67.01289,44.89705],[-67.01561,44.90242],[-67.00993,44.90629],[-66.99987,44.90574],[-67.0046,44.90069],[-66.99922,44.89961],[-67.00224,44.89763],[-67.00133,44.8944],[-66.99543,44.89164],[-66.99411,44.89658],[-66.99252,44.89415],[-66.98509,44.89806],[-66.98781,44.90102],[-66.98281,44.90464],[-66.98332,44.91162],[-66.99083,44.91806],[-67.00277,44.91693]]]},"properties":{}},{"type":"Feature","geometry":{"type":"Polygon","coordinates":[[[-67.05,44.90387],[-67.0496,44.89973],[-67.04332,44.90198],[-67.03486,44.89569],[-67.03717,44.88922],[-67.03524,44.89177],[-67.02996,44.88931],[-67.02957,44.88607],[-67.01939,44.88658],[-67.01591,44.87894],[-67.01923,44.87797],[-67.01552,44.87618],[-67.01897,44.87087],[-67.0091,44.86667],[-67.01442,44.86764],[-67.01083,44.86201],[-67.01338,44.8597],[-67.01141,44.85707],[-67.01704,44.85829],[-67.01501,44.85025],[-67.02392,44.85],[-67.02599,44.85523],[-67.01745,44.85839],[-67.0237,44.86331],[-67.02584,44.85729],[-67.03248,44.85394],[-67.03821,44.85513],[-67.03685,44.86584],[-67.04156,44.87195],[-67.04494,44.87164],[-67.05,44.88121],[-67.05,44.90387]]]},"properties":{}},{"type":"Feature","geometry":{"type":"Polygon","coordinates":[[[-66.90249,44.90144],[-66.9,44.90281],[-66.9,44.925],[-66.93315,44.925],[-66.93542,44.92167],[-66.92446,44.92436],[-66.92738,44.91855],[-66.91934,44.91718],[-66.92096,44.91518],[-66.91778,44.91253],[-66.924,44.91241],[-66.93127,44.9031],[-66.93005,44.89767],[-66.93492,44.89701],[-66.94104,44.88664],[-66.9462,44.88655],[-66.94764,44.89798],[-66.94393,44.89536],[-66.93917,44.89703],[-66.93837,44.89932],[-66.94192,44.89842],[-66.93688,44.90297],[-66.9389,44.90627],[-66.93212,44.91025],[-66.93721,44.91689],[-66.95067,44.91304],[-66.95804,44.9034],[-66.95975,44.89225],[-66.95124,44.88702],[-66.95218,44.88297],[-66.96263,44.8764],[-66.97392,44.87507],[-66.97068,44.87103],[-66.975,44.87126],[-66.975,44.85984],[-66.96752,44.85556],[-66.96889,44.85],[-66.92247,44.85],[-66.92698,44.85181],[-66.92674,44.85762],[-66.93163,44.85958],[-66.93108,44.87086],[-66.92852,44.87501],[-66.91168,44.87643],[-66.91358,44.88169],[-66.90664,44.88365],[-66.9,44.89526],[-66.90249,44.90144]]]},"properties":{}},{"type":"Feature","geometry":{"type":"Polygon","coordinates":[[[-66.96912,44.92245],[-66.96927,44.925],[-66.975,44.925],[-66.97438,44.92257],[-66.96912,44.92245]]]},"properties":{}},{"type":"Feature","geometry":{"type":"Polygon","coordinates":[[[-67.125,44.94183],[-67.125,44.94603],[-67.13014,44.94517],[-67.12972,44.94222],[-67.125,44.94183]]]},"properties":{}},{"type":"Feature","geometry":{"type":"Polygon","coordinates":[[[-67.13229,44.95631],[-67.12749,44.94898],[-67.12744,44.95078],[-67.12846,44.95169],[-67.12844,44.95277],[-67.125,44.94626],[-67.125,45.0],[-67.2,45.0],[-67.2,44.925],[-67.15352,44.925],[-67.15167,44.92768],[-67.16072,44.93067],[-67.16705,44.94037],[-67.1758,44.94622],[-67.16578,44.94215],[-67.16501,44.95138],[-67.15932,44.95489],[-67.16452,44.95114],[-67.16258,44.9422],[-67.15677,44.9365],[-67.15943,44.93588],[-67.14922,44.93243],[-67.15606,44.9394],[-67.15104,44.93808],[-67.1503,44.941],[-67.13802,44.9332],[-67.13749,44.93098],[-67.1426,44.9316],[-67.13713,44.92613],[-67.125,44.925],[-67.125,44.93638],[-67.13096,44.9413],[-67.14036,44.93874],[-67.1434,44.94572],[-67.14726,44.94561],[-67.14195,44.95002],[-67.14058,44.94376],[-67.13389,44.94308],[-67.13876,44.94685],[-67.13365,44.95035],[-67.13986,44.95889],[-67.1345,44.95483],[-67.13229,44.95631]]]},"properties":{}},{"type":"Feature","geometry":{"type":"Polygon","coordinates":[[[-67.125,44.93638],[-67.11453,44.93446],[-67.11125,44.93108],[-67.11203,44.925],[-67.125,44.925],[-67.125,44.93638]]]},"properties":{}},{"type":"Feature","geometry":{"type":"Polygon","coordinates":[[[-67.05152,44.97587],[-67.05496,44.98743],[-67.0637,44.99306],[-67.06226,44.9957],[-67.06674,45.0],[-67.125,45.0],[-67.125,44.93914],[-67.12364,44.94252],[-67.11862,44.9411],[-67.11505,44.94677],[-67.11267,44.94337],[-67.11573,44.94018],[-67.10571,44.94416],[-67.10692,44.94998],[-67.10269,44.95144],[-67.10312,44.95449],[-67.09791,44.95212],[-67.10189,44.94987],[-67.09786,44.94524],[-67.10234,44.93849],[-67.08794,44.92792],[-67.09207,44.92649],[-67.09515,44.93022],[-67.09695,44.925],[-67.0751,44.925],[-67.07147,44.92793],[-67.07048,44.93594],[-67.06693,44.92828],[-67.05396,44.92932],[-67.05546,44.93397],[-67.05,44.93742],[-67.05219,44.94395],[-67.05,44.94873],[-67.05639,44.95288],[-67.05348,44.95454],[-67.06172,44.9558],[-67.05944,44.95723],[-67.06543,44.95759],[-67.06925,44.96152],[-67.07298,44.96052],[-67.06848,44.963],[-67.06429,44.96011],[-67.06494,44.96322],[-67.06238,44.96338],[-67.05,44.95882],[-67.05,44.96528],[-67.05655,44.96497],[-67.05872,44.97147],[-67.07407,44.97237],[-67.07411,44.97396],[-67.0749,44.97328],[-67.07509,44.97431],[-67.07774,44.97423],[-67.07837,44.975],[-67.07975,44.97311],[-67.0837,44.97293],[-67.07981,44.97328],[-67.07884,44.97513],[-67.07688,44.97529],[-67.07977,44.97836],[-67.07625,44.97631],[-67.07646,44.97542],[-67.07729,44.97473],[-67.06954,44.97439],[-67.06379,44.97178],[-67.05559,44.97423],[-67.057,44.97082],[-67.05152,44.97587]]]},"properties":{}},{"type":"Feature","geometry":{"type":"Polygon","coordinates":[[[-66.975,44.94437],[-66.975,45.0],[-66.99218,45.0],[-66.99854,44.99675],[-67.00127,44.99042],[-67.00923,44.98786],[-67.00805,44.98463],[-66.99749,44.98649],[-66.99505,44.99175],[-66.99242,44.99129],[-66.99579,44.98761],[-66.99048,44.9871],[-66.98376,44.99428],[-66.97663,44.99426],[-66.97672,44.99239],[-66.98421,44.99204],[-66.98835,44.9813],[-66.9895,44.98616],[-66.99917,44.98445],[-66.99883,44.97949],[-67.0026,44.97775],[-67.01172,44.98308],[-67.01586,44.98189],[-67.02226,44.97411],[-67.02096,44.96655],[-67.01603,44.96415],[-67.01525,44.97301],[-67.01214,44.97467],[-67.00841,44.96401],[-67.00431,44.96514],[-67.00291,44.95703],[-67.00946,44.96205],[-67.00964,44.96075],[-67.00066,44.94558],[-66.99343,44.94225],[-66.98597,44.92579],[-66.98357,44.92573],[-66.98568,44.92862],[-66.98352,44.9325],[-66.98707,44.93887],[-66.9834,44.93907],[-66.98894,44.94661],[-66.98384,44.94478],[-66.98139,44.93864],[-66.975,44.94437]]]},"properties":{}},{"type":"Feature","geometry":{"type":"Polygon","coordinates":[[[-67.03915,44.94746],[-67.03803,44.9506],[-67.04057,44.95903],[-67.05,44.96527],[-67.05,44.95523],[-67.0396,44.95345],[-67.03936,44.9451],[-67.04346,44.94409],[-67.03441,44.9388],[-67.02881,44.93713],[-67.03016,44.93175],[-67.03541,44.92828],[-67.04608,44.93517],[-67.04733,44.92963],[-67.03068,44.925],[-67.013,44.925],[-67.01642,44.92891],[-67.01069,44.93561],[-67.03375,44.93942],[-67.03356,44.94427],[-67.03915,44.94746]]]},"properties":{}},{"type":"Feature","geometry":{"type":"Polygon","coordinates":[[[-66.96673,44.93576],[-66.96927,44.925],[-66.975,44.925],[-66.96844,44.93324],[-66.96928,44.94003],[-66.96673,44.93576]]]},"properties":{}},{"type":"Feature","geometry":{"type":"Polygon","coordinates":[[[-66.90364,44.95615],[-66.92328,44.94824],[-66.94318,44.92788],[-66.93668,44.9298],[-66.93454,44.92727],[-66.93735,44.92538],[-66.9,44.925],[-66.90025,44.93275],[-66.90412,44.92959],[-66.90806,44.93097],[-66.90555,44.92941],[-66.91057,44.92728],[-66.90867,44.9352],[-66.90209,44.94138],[-66.91143,44.94744],[-66.92614,44.93619],[-66.92807,44.93753],[-66.90364,44.95615]]]},"properties":{}},{"type":"Feature","geometry":{"type":"Polygon","coordinates":[[[-66.93318,44.99281],[-66.92698,45.0],[-66.93795,45.0],[-66.93783,44.99433],[-66.93318,44.99281]]]},"properties":{}},{"type":"Feature","geometry":{"type":"Polygon","coordinates":[[[-66.92852,44.95729],[-66.92955,44.95482],[-66.93663,44.95434],[-66.93199,44.95805],[-66.92852,44.95729]]]},"properties":{}},{"type":"Feature","geometry":{"type":"Polygon","coordinates":[[[-66.90499,44.97341],[-66.90717,44.97457],[-66.91158,44.96888],[-66.90962,44.96964],[-66.90499,44.97341]]]},"properties":{}},{"type":"Feature","geometry":{"type":"Polygon","coordinates":[[[-66.94747,44.98644],[-66.9469,45.0],[-66.975,45.0],[-66.975,44.94388],[-66.95172,44.97197],[-66.95379,44.97179],[-66.94786,44.98316],[-66.96749,44.98119],[-66.95956,44.98597],[-66.94747,44.98644]]]},"properties":{}},{"type":"Feature","geometry":{"type":"Polygon","coordinates":[[[-66.9,44.94933],[-66.90018,44.95351],[-66.90643,44.94926],[-66.90396,44.94817],[-66.9,44.94933]]]},"properties":{}},{"type":"Feature","geometry":{"type":"Polygon","coordinates":[[[-66.95281,44.96926],[-66.94925,44.976],[-66.94644,44.97634],[-66.94714,44.97206],[-66.95281,44.96926]]]},"properties":{}},{"type":"Feature","geometry":{"type":"Polygon","coordinates":[[[-67.81153,44.51283],[-67.80894,44.50702],[-67.80426,44.50742],[-67.80256,44.49701],[-67.79167,44.4937],[-67.79809,44.48517],[-67.79623,44.48323],[-67.80499,44.48475],[-67.80454,44.49415],[-67.80852,44.49146],[-67.81794,44.5025],[-67.81278,44.50539],[-67.81949,44.51099],[-67.81153,44.51283]]]},"properties":{}},{"type":"Feature","geometry":{"type":"Polygon","coordinates":[[[-68.01817,44.45912],[-68.01345,44.44403],[-68.01524,44.43923],[-68.01422,44.43229],[-68.01318,44.43154],[-68.01651,44.43234],[-68.01161,44.43089],[-68.00997,44.43143],[-68.01078,44.42886],[-68.01017,44.42753],[-68.00904,44.42659],[-68.00811,44.42671],[-68.0079,44.42606],[-68.00706,44.42615],[-68.00722,44.42532],[-68.00694,44.42623],[-68.01041,44.42891],[-68.00885,44.43076],[-68.01063,44.43235],[-68.01381,44.43238],[-68.00849,44.43417],[-68.0104,44.44795],[-68.00697,44.45286],[-68.00382,44.45515],[-67.98777,44.44285],[-67.98157,44.44892],[-67.98252,44.43912],[-67.97583,44.42126],[-67.97075,44.41862],[-67.97153,44.41335],[-67.97498,44.41249],[-67.97182,44.41082],[-67.97416,44.40603],[-67.96349,44.40825],[-67.96207,44.40538],[-67.965,44.40221],[-67.95993,44.39811],[-67.96681,44.39639],[-67.97015,44.39864],[-67.96681,44.40108],[-67.9739,44.40012],[-67.97058,44.39496],[-67.97853,44.3914],[-67.98014,44.38456],[-67.98475,44.38475],[-67.98419,44.38923],[-67.99094,44.39189],[-68.00471,44.41254],[-68.01037,44.41353],[-68.01276,44.40303],[-68.02439,44.40853],[-68.025,44.4619],[-68.01817,44.45912]]]},"properties":{}},{"type":"Feature","geometry":{"type":"Polygon","coordinates":[[[-68.025,44.40655],[-68.01423,44.39017],[-68.01865,44.3834],[-68.025,44.38395],[-68.025,44.40655]]]},"properties":{}},{"type":"Feature","geometry":{"type":"Polygon","coordinates":[[[-67.79339,44.47993],[-67.78082,44.47613],[-67.78824,44.47215],[-67.79226,44.47694],[-67.79604,44.47607],[-67.79339,44.47993]]]},"properties":{}},{"type":"Feature","geometry":{"type":"Polygon","coordinates":[[[-67.36147,44.64594],[-67.35489,44.64947],[-67.35616,44.65374],[-67.36343,44.64896],[-67.36147,44.64594]]]},"properties":{}},{"type":"Feature","geometry":{"type":"Polygon","coordinates":[[[-67.46487,44.57022],[-67.45986,44.56953],[-67.45388,44.57284],[-67.45825,44.5754],[-67.46487,44.57022]]]},"properties":{}},{"type":"Feature","geometry":{"type":"Polygon","coordinates":[[[-67.48632,44.57529],[-67.489,44.58033],[-67.49119,44.57946],[-67.48957,44.5766],[-67.49557,44.57739],[-67.48632,44.57529]]]},"properties":{}},{"type":"Feature","geometry":{"type":"Polygon","coordinates":[[[-67.67174,44.48808],[-67.67305,44.49038],[-67.66589,44.49389],[-67.66679,44.49009],[-67.67174,44.48808]]]},"properties":{}},{"type":"Feature","geometry":{"type":"Polygon","coordinates":[[[-67.30616,44.66412],[-67.30996,44.66866],[-67.30499,44.68023],[-67.30909,44.68968],[-67.30061,44.69624],[-67.30102,44.70029],[-67.29511,44.70264],[-67.2991,44.70325],[-67.29407,44.70526],[-67.29667,44.70555],[-67.29473,44.70973],[-67.29506,44.7107],[-67.29589,44.71164],[-67.29421,44.71131],[-67.29238,44.71259],[-67.29596,44.71195],[-67.29853,44.7062],[-67.30953,44.7089],[-67.335,44.69973],[-67.35201,44.70004],[-67.3574,44.70383],[-67.36544,44.69753],[-67.36298,44.69569],[-67.36597,44.69321],[-67.35362,44.69011],[-67.35942,44.69059],[-67.36,44.68742],[-67.36589,44.68656],[-67.37304,44.69156],[-67.38294,44.68922],[-67.38699,44.69114],[-67.38408,44.69409],[-67.39087,44.69781],[-67.38697,44.70297],[-67.39026,44.70669],[-67.38443,44.70639],[-67.38504,44.71108],[-67.37544,44.71343],[-67.38396,44.71415],[-67.37923,44.71868],[-67.38423,44.72127],[-67.37754,44.72113],[-67.38579,44.72462],[-67.38643,44.71985],[-67.39613,44.72282],[-67.39688,44.73112],[-67.38907,44.73769],[-67.29127,44.73769],[-67.29127,44.63113],[-67.29561,44.63746],[-67.29397,44.64003],[-67.29724,44.64133],[-67.29223,44.64799],[-67.30008,44.64893],[-67.2983,44.65451],[-67.31623,44.66078],[-67.323,44.66044],[-67.32555,44.6566],[-67.32853,44.66699],[-67.32343,44.66789],[-67.32145,44.67358],[-67.31919,44.67169],[-67.32537,44.66492],[-67.31077,44.66091],[-67.30616,44.66412]]]},"properties":{}},{"type":"Feature","geometry":{"type":"Polygon","coordinates":[[[-67.33183,44.65248],[-67.32786,44.65131],[-67.33072,44.64764],[-67.3348,44.64899],[-67.33183,44.65248]]]},"properties":{}},{"type":"Feature","geometry":{"type":"Polygon","coordinates":[[[-67.71326,44.49728],[-67.70684,44.49938],[-67.70253,44.51001],[-67.69801,44.51274],[-67.69975,44.51979],[-67.71326,44.51526],[-67.71326,44.49728]]]},"properties":{}},{"type":"Feature","geometry":{"type":"Polygon","coordinates":[[[-67.49284,44.55685],[-67.48984,44.56095],[-67.50965,44.56576],[-67.51863,44.56084],[-67.50221,44.55634],[-67.50885,44.55523],[-67.50682,44.55357],[-67.49284,44.55685]]]},"properties":{}},{"type":"Feature","geometry":{"type":"Polygon","coordinates":[[[-67.60263,44.44454],[-67.60008,44.44148],[-67.5959,44.44368],[-67.59692,44.44432],[-67.60263,44.44454]]]},"properties":{}},{"type":"Feature","geometry":{"type":"Polygon","coordinates":[[[-67.44407,44.55545],[-67.43922,44.55751],[-67.43217,44.55854],[-67.43404,44.55645],[-67.44407,44.55545]]]},"properties":{}},{"type":"Feature","geometry":{"type":"Polygon","coordinates":[[[-67.52695,44.56911],[-67.51945,44.56315],[-67.51578,44.56583],[-67.51499,44.5687],[-67.52208,44.57512],[-67.51338,44.58458],[-67.50483,44.58246],[-67.49953,44.57706],[-67.49518,44.58421],[-67.49754,44.58704],[-67.48591,44.58204],[-67.48941,44.58624],[-67.5033,44.58866],[-67.51367,44.59787],[-67.51761,44.59571],[-67.51557,44.58747],[-67.52943,44.5843],[-67.53265,44.5797],[-67.53515,44.5894],[-67.5404,44.59071],[-67.54202,44.57863],[-67.53369,44.56426],[-67.52896,44.56473],[-67.53192,44.56979],[-67.52948,44.57215],[-67.5237,44.57117],[-67.52695,44.56911]]]},"properties":{}},{"type":"Feature","geometry":{"type":"Polygon","coordinates":[[[-67.52419,44.72423],[-67.51729,44.71633],[-67.50635,44.71586],[-67.5003,44.70386],[-67.48943,44.70052],[-67.4873,44.70712],[-67.46344,44.70936],[-67.4497,44.71721],[-67.42632,44.71338],[-67.42612,44.71214],[-67.42369,44.71122],[-67.4247,44.7095],[-67.42304,44.70805],[-67.4234,44.71137],[-67.42599,44.71259],[-67.42313,44.71381],[-67.3967,44.71165],[-67.39429,44.70642],[-67.39778,44.70322],[-67.39327,44.6969],[-67.3966,44.69368],[-67.39478,44.68679],[-67.40534,44.6822],[-67.40021,44.67873],[-67.39035,44.68018],[-67.39008,44.67676],[-67.38353,44.67909],[-67.37595,44.6774],[-67.38894,44.67304],[-67.38894,44.67037],[-67.3851,44.67028],[-67.39072,44.6681],[-67.38045,44.664],[-67.37782,44.66564],[-67.37347,44.66242],[-67.37661,44.65772],[-67.36885,44.65635],[-67.36669,44.65193],[-67.36843,44.64634],[-67.37461,44.64872],[-67.38039,44.64398],[-67.37483,44.64273],[-67.37593,44.64058],[-67.3818,44.64066],[-67.38217,44.6438],[-67.38307,44.64581],[-67.38425,44.64656],[-67.38371,44.64733],[-67.3844,44.64801],[-67.38427,44.64027],[-67.38213,44.63742],[-67.37611,44.63963],[-67.37055,44.63505],[-67.36567,44.63626],[-67.36307,44.63203],[-67.37745,44.61954],[-67.38149,44.62307],[-67.38069,44.62928],[-67.38223,44.6308],[-67.38567,44.62818],[-67.38269,44.62785],[-67.38166,44.62686],[-67.39142,44.62606],[-67.39004,44.61445],[-67.3958,44.61325],[-67.39625,44.60634],[-67.39741,44.60828],[-67.40287,44.60854],[-67.39775,44.60737],[-67.3972,44.60358],[-67.40556,44.59447],[-67.40909,44.59452],[-67.41913,44.6034],[-67.42091,44.60943],[-67.41846,44.61597],[-67.42879,44.62903],[-67.41661,44.6283],[-67.42792,44.64165],[-67.42463,44.64292],[-67.42768,44.64523],[-67.42547,44.64861],[-67.41982,44.64311],[-67.41052,44.64618],[-67.41016,44.64874],[-67.42346,44.6472],[-67.42124,44.65331],[-67.43312,44.64758],[-67.43037,44.64016],[-67.43388,44.6377],[-67.43915,44.64701],[-67.43449,44.65452],[-67.43884,44.65518],[-67.42939,44.6605],[-67.4285,44.6629],[-67.43319,44.66264],[-67.42845,44.66642],[-67.43812,44.66759],[-67.44084,44.66025],[-67.44494,44.66735],[-67.44117,44.66942],[-67.4471,44.66927],[-67.44993,44.67319],[-67.45031,44.66797],[-67.46104,44.66663],[-67.44702,44.66679],[-67.44421,44.65348],[-67.43903,44.65198],[-67.44497,44.63874],[-67.45005,44.63852],[-67.44906,44.63046],[-67.4346,44.61631],[-67.43771,44.6143],[-67.43002,44.61377],[-67.43328,44.60654],[-67.4493,44.60467],[-67.44907,44.5999],[-67.46037,44.60285],[-67.45709,44.59798],[-67.45861,44.5961],[-67.46668,44.60389],[-67.46594,44.60705],[-67.47668,44.60923],[-67.4664,44.61404],[-67.46467,44.62145],[-67.46621,44.62232],[-67.46279,44.62427],[-67.46549,44.62585],[-67.46397,44.6255],[-67.46327,44.62594],[-67.46317,44.6264],[-67.46482,44.62668],[-67.46486,44.62733],[-67.46574,44.62735],[-67.46552,44.62813],[-67.46651,44.62854],[-67.46488,44.62888],[-67.4642,44.62941],[-67.46422,44.62962],[-67.46822,44.62977],[-67.4688,44.62911],[-67.46835,44.63061],[-67.46945,44.6308],[-67.46805,44.6308],[-67.4685,44.63177],[-67.47225,44.63341],[-67.47258,44.63336],[-67.47277,44.63311],[-67.47226,44.63267],[-67.47295,44.6326],[-67.47314,44.63211],[-67.47372,44.63377],[-67.47508,44.63435],[-67.47471,44.6347],[-67.47494,44.63505],[-67.47627,44.63506],[-67.47485,44.63607],[-67.4757,44.63679],[-67.47487,44.63685],[-67.47425,44.63728],[-67.47419,44.6387],[-67.47614,44.64037],[-67.47503,44.64212],[-67.47553,44.64263],[-67.47631,44.64056],[-67.47604,44.63888],[-67.47445,44.63725],[-67.47581,44.63687],[-67.47643,44.63502],[-67.47325,44.632],[-67.46866,44.63167],[-67.46958,44.63089],[-67.46891,44.629],[-67.46435,44.62952],[-67.46661,44.62852],[-67.46569,44.62813],[-67.46593,44.62733],[-67.46497,44.62662],[-67.46332,44.6263],[-67.46568,44.62582],[-67.46304,44.62427],[-67.46634,44.62253],[-67.46713,44.61595],[-67.47281,44.61451],[-67.47278,44.61174],[-67.47601,44.61353],[-67.47683,44.61021],[-67.48396,44.61108],[-67.49092,44.60768],[-67.49698,44.61384],[-67.49008,44.61542],[-67.49287,44.61753],[-67.49258,44.62895],[-67.50585,44.63643],[-67.50605,44.64423],[-67.50994,44.64339],[-67.51014,44.63622],[-67.51323,44.63786],[-67.52451,44.63221],[-67.52447,44.62655],[-67.53386,44.62134],[-67.53312,44.62749],[-67.5379,44.62396],[-67.53912,44.63111],[-67.52596,44.64063],[-67.53546,44.63951],[-67.53041,44.64577],[-67.53663,44.64295],[-67.53682,44.65002],[-67.54029,44.65051],[-67.53848,44.6533],[-67.54066,44.65375],[-67.54068,44.65046],[-67.53716,44.64119],[-67.54363,44.63999],[-67.54406,44.6439],[-67.54042,44.64663],[-67.54834,44.65099],[-67.54629,44.65527],[-67.55381,44.66037],[-67.55285,44.66274],[-67.55495,44.65862],[-67.56367,44.66238],[-67.582,44.66071],[-67.55234,44.65642],[-67.55136,44.64767],[-67.54631,44.64546],[-67.55509,44.64378],[-67.55219,44.63635],[-67.55434,44.63493],[-67.54343,44.63081],[-67.54925,44.62198],[-67.55408,44.62403],[-67.552,44.62819],[-67.55755,44.62925],[-67.55871,44.62283],[-67.57005,44.62186],[-67.5812,44.62554],[-67.58494,44.62171],[-67.58684,44.62474],[-67.59178,44.62651],[-67.58893,44.62945],[-67.58929,44.63296],[-67.59217,44.62729],[-67.5914,44.62513],[-67.59492,44.62639],[-67.59278,44.62443],[-67.58805,44.62397],[-67.59072,44.62101],[-67.5949,44.62062],[-67.59568,44.61893],[-67.58874,44.6209],[-67.5919,44.61573],[-67.58745,44.61102],[-67.5882,44.61899],[-67.5661,44.61549],[-67.56304,44.61224],[-67.55893,44.61463],[-67.56174,44.60827],[-67.55593,44.59968],[-67.56376,44.58856],[-67.56688,44.57709],[-67.56821,44.5786],[-67.57193,44.57964],[-67.57182,44.58076],[-67.57209,44.58098],[-67.57248,44.57921],[-67.5713,44.57754],[-67.56797,44.57785],[-67.57562,44.56017],[-67.56503,44.5511],[-67.56717,44.54659],[-67.56267,44.54558],[-67.56478,44.54142],[-67.56062,44.54043],[-67.56495,44.53195],[-67.59065,44.53029],[-67.5868,44.53367],[-67.58965,44.53823],[-67.59868,44.52919],[-67.59992,44.53025],[-67.59771,44.53357],[-67.59771,44.5352],[-67.59844,44.53577],[-67.60059,44.5303],[-67.61513,44.52808],[-67.61477,44.52555],[-67.61924,44.52878],[-67.64137,44.5278],[-67.63659,44.5308],[-67.63751,44.5352],[-67.62518,44.53977],[-67.64215,44.53868],[-67.63471,44.54726],[-67.63191,44.54684],[-67.63584,44.55129],[-67.62016,44.54947],[-67.62905,44.55247],[-67.62738,44.55601],[-67.63097,44.55137],[-67.63712,44.55402],[-67.63834,44.56338],[-67.64381,44.56516],[-67.64358,44.57151],[-67.63872,44.57297],[-67.64135,44.57503],[-67.63981,44.57504],[-67.63944,44.57534],[-67.63991,44.57698],[-67.64117,44.57771],[-67.63918,44.57829],[-67.6406,44.58067],[-67.63246,44.5799],[-67.63524,44.58329],[-67.634,44.58339],[-67.63372,44.58357],[-67.63438,44.58736],[-67.63423,44.58755],[-67.63392,44.58717],[-67.63327,44.58714],[-67.63241,44.58874],[-67.63269,44.5914],[-67.63313,44.59158],[-67.63409,44.59127],[-67.63446,44.59267],[-67.63555,44.5926],[-67.63399,44.5911],[-67.63284,44.59136],[-67.63452,44.58753],[-67.63392,44.58363],[-67.63549,44.58341],[-67.6348,44.58153],[-67.64089,44.58086],[-67.64147,44.57764],[-67.63984,44.57532],[-67.64162,44.57536],[-67.64201,44.57225],[-67.64535,44.57214],[-67.64788,44.56522],[-67.65849,44.56535],[-67.65722,44.57141],[-67.66617,44.56402],[-67.67214,44.5664],[-67.66964,44.563],[-67.6741,44.56276],[-67.66967,44.55847],[-67.66401,44.5607],[-67.66806,44.55241],[-67.66587,44.54562],[-67.67292,44.54216],[-67.67496,44.53573],[-67.68882,44.53974],[-67.68216,44.54167],[-67.68297,44.54246],[-67.6825,44.54402],[-67.68307,44.54459],[-67.68527,44.54226],[-67.69134,44.54437],[-67.69139,44.53798],[-67.69772,44.54097],[-67.69702,44.53819],[-67.70093,44.53821],[-67.69025,44.53607],[-67.7023,44.53169],[-67.70336,44.52674],[-67.69885,44.52263],[-67.71326,44.5184],[-67.71326,44.63852],[-67.70815,44.63852],[-67.70815,44.64539],[-67.71326,44.64539],[-67.71326,44.73769],[-67.55462,44.73769],[-67.54189,44.72904],[-67.53634,44.73065],[-67.53256,44.72344],[-67.52419,44.72423]]]},"properties":{}},{"type":"Feature","geometry":{"type":"Polygon","coordinates":[[[-67.45009,44.71954],[-67.43708,44.72081],[-67.4302,44.71552],[-67.41429,44.71458],[-67.41055,44.71656],[-67.41166,44.71762],[-67.41149,44.71838],[-67.41315,44.71824],[-67.41455,44.72004],[-67.41053,44.71904],[-67.41037,44.71514],[-67.38587,44.71715],[-67.40067,44.72271],[-67.40016,44.72995],[-67.38958,44.73769],[-67.55376,44.73769],[-67.54191,44.72961],[-67.53587,44.73088],[-67.53078,44.72746],[-67.53418,44.72875],[-67.53208,44.72382],[-67.52206,44.72457],[-67.51688,44.7167],[-67.50636,44.71649],[-67.50011,44.70436],[-67.48951,44.70106],[-67.48836,44.70757],[-67.46326,44.70974],[-67.45009,44.71954]]]},"properties":{}},{"type":"Feature","geometry":{"type":"Polygon","coordinates":[[[-67.07744,44.74918],[-67.07157,44.74625],[-67.07439,44.74116],[-67.08519,44.73999],[-67.0919,44.74341],[-67.10631,44.7397],[-67.12295,44.74103],[-67.12274,44.73842],[-67.1051,44.73703],[-67.09837,44.73349],[-67.09724,44.73099],[-67.10503,44.72281],[-67.1039,44.71742],[-67.10821,44.71648],[-67.11,44.71159],[-67.11808,44.71198],[-67.11912,44.70237],[-67.12426,44.70139],[-67.12914,44.69479],[-67.13964,44.69397],[-67.13745,44.69023],[-67.14663,44.68598],[-67.15127,44.67865],[-67.14925,44.67692],[-67.15812,44.67106],[-67.1544,44.6682],[-67.16701,44.66234],[-67.18249,44.66474],[-67.18888,44.66335],[-67.18653,44.66024],[-67.1978,44.66124],[-67.18997,44.65722],[-67.19464,44.6541],[-67.2,44.65523],[-67.2,44.75],[-67.07744,44.74918]]]},"properties":{}},{"type":"Feature","geometry":{"type":"Polygon","coordinates":[[[-67.12722,44.83379],[-67.125,44.85],[-67.13772,44.84764],[-67.13542,44.84572],[-67.139,44.84409],[-67.13688,44.83858],[-67.13307,44.83773],[-67.13433,44.84251],[-67.13182,44.84277],[-67.12722,44.83379]]]},"properties":{}},{"type":"Feature","geometry":{"type":"Polygon","coordinates":[[[-67.14974,44.84399],[-67.14958,44.85],[-67.2,44.85],[-67.2,44.75],[-67.07035,44.75086],[-67.07546,44.75405],[-67.08486,44.75275],[-67.08333,44.75411],[-67.0879,44.75709],[-67.06365,44.75238],[-67.06531,44.75428],[-67.06111,44.75995],[-67.06626,44.76244],[-67.06157,44.7645],[-67.06311,44.76659],[-67.06947,44.76743],[-67.07048,44.76881],[-67.0546,44.775],[-67.125,44.775],[-67.125,44.83095],[-67.13184,44.83654],[-67.13754,44.83724],[-67.13342,44.83242],[-67.13745,44.83112],[-67.134,44.82805],[-67.1362,44.82268],[-67.12948,44.8235],[-67.12653,44.81832],[-67.13251,44.82102],[-67.136,44.81888],[-67.13822,44.8139],[-67.13351,44.81403],[-67.1334,44.81173],[-67.14166,44.80675],[-67.14481,44.80596],[-67.13851,44.81288],[-67.14232,44.80969],[-67.14505,44.81227],[-67.14925,44.81051],[-67.14494,44.81544],[-67.14624,44.81759],[-67.14961,44.81756],[-67.15429,44.81132],[-67.15998,44.81291],[-67.1621,44.8077],[-67.15785,44.80746],[-67.16223,44.80401],[-67.15568,44.80183],[-67.1691,44.79862],[-67.15444,44.79791],[-67.1503,44.79575],[-67.16399,44.79658],[-67.16791,44.79046],[-67.17277,44.79156],[-67.17049,44.799],[-67.17332,44.79976],[-67.1649,44.80199],[-67.15988,44.81991],[-67.15511,44.81744],[-67.15522,44.82225],[-67.16026,44.82376],[-67.16076,44.8289],[-67.15479,44.82239],[-67.14934,44.82581],[-67.14965,44.83417],[-67.15489,44.83135],[-67.16259,44.8456],[-67.15042,44.83558],[-67.14767,44.83947],[-67.15581,44.8431],[-67.1534,44.8484],[-67.14974,44.84399]]]},"properties":{}},{"type":"Feature","geometry":{"type":"Polygon","coordinates":[[[-67.02091,44.77455],[-67.05104,44.775],[-67.04851,44.76539],[-67.05135,44.76197],[-67.02465,44.76805],[-67.02008,44.77],[-67.02483,44.77277],[-67.02091,44.77455]]]},"properties":{}},{"type":"Feature","geometry":{"type":"Polygon","coordinates":[[[-66.89479,44.9252],[-66.89998,44.93265],[-66.9,44.90281],[-66.89068,44.90906],[-66.88913,44.91356],[-66.89676,44.92223],[-66.89479,44.9252]]]},"properties":{}},{"type":"Feature","geometry":{"type":"Polygon","coordinates":[[[-70.725,43.16815],[-70.75514,43.16815],[-70.75514,43.125],[-70.725,43.125],[-70.725,43.16815]]]},"properties":{}},{"type":"Feature","geometry":{"type":"Polygon","coordinates":[[[-70.71276,43.04442],[-70.71844,43.03268],[-70.725,43.02798],[-70.725,43.05],[-70.71753,43.05],[-70.71276,43.04442]]]},"properties":{}},{"type":"Feature","geometry":{"type":"Polygon","coordinates":[[[-70.725,43.06937],[-70.725,43.07309],[-70.72971,43.07171],[-70.72787,43.06939],[-70.725,43.06937]]]},"properties":{}},{"type":"Feature","geometry":{"type":"Polygon","coordinates":[[[-70.8,43.10717],[-70.78153,43.09529],[-70.76666,43.09174],[-70.76444,43.08762],[-70.76705,43.08675],[-70.76393,43.08467],[-70.76809,43.08468],[-70.76367,43.08313],[-70.76898,43.08401],[-70.77045,43.08307],[-70.76253,43.08025],[-70.76257,43.08502],[-70.76062,43.08093],[-70.75092,43.07748],[-70.74941,43.07066],[-70.74385,43.07093],[-70.74312,43.06843],[-70.75096,43.06839],[-70.75371,43.06496],[-70.73947,43.06329],[-70.73729,43.06175],[-70.73903,43.05772],[-70.75514,43.05242],[-70.76227,43.05154],[-70.76287,43.05312],[-70.76445,43.05401],[-70.76859,43.05034],[-70.7736,43.05254],[-70.77423,43.05035],[-70.77008,43.05],[-70.8,43.05],[-70.8,43.10717]]]},"properties":{}},{"type":"Feature","geometry":{"type":"Polygon","coordinates":[[[-70.73184,43.06583],[-70.73281,43.06055],[-70.73667,43.06417],[-70.73184,43.06583]]]},"properties":{}},{"type":"Feature","geometry":{"type":"Polygon","coordinates":[[[-70.7325,43.05744],[-70.73093,43.05905],[-70.73386,43.05839],[-70.73297,43.05611],[-70.74003,43.05634],[-70.74085,43.05296],[-70.74768,43.05479],[-70.75198,43.05151],[-70.73474,43.05017],[-70.72921,43.05345],[-70.73157,43.05491],[-70.72939,43.05816],[-70.7325,43.05744]]]},"properties":{}},{"type":"Feature","geometry":{"type":"Polygon","coordinates":[[[-70.72593,43.09822],[-70.725,43.125],[-70.8,43.125],[-70.79884,43.11263],[-70.78172,43.10386],[-70.77866,43.09668],[-70.76668,43.09676],[-70.76361,43.09221],[-70.75561,43.09226],[-70.76036,43.08985],[-70.75433,43.08837],[-70.75767,43.08748],[-70.75402,43.08447],[-70.74217,43.08496],[-70.74035,43.08751],[-70.72516,43.08473],[-70.72793,43.08949],[-70.725,43.09049],[-70.725,43.09578],[-70.72769,43.09726],[-70.72725,43.0944],[-70.72961,43.09399],[-70.72797,43.09625],[-70.73318,43.09764],[-70.72593,43.09822]]]},"properties":{}},{"type":"Feature","geometry":{"type":"Polygon","coordinates":[[[-70.725,43.08834],[-70.71894,43.08341],[-70.72223,43.08202],[-70.725,43.08834]]]},"properties":{}},{"type":"Feature","geometry":{"type":"Polygon","coordinates":[[[-70.65134,43.10208],[-70.65,43.125],[-70.725,43.125],[-70.725,43.10001],[-70.71502,43.09917],[-70.71731,43.09597],[-70.71243,43.09178],[-70.70452,43.09268],[-70.71562,43.08993],[-70.7172,43.08659],[-70.71092,43.08297],[-70.71689,43.08451],[-70.71799,43.08126],[-70.71406,43.07888],[-70.70546,43.08271],[-70.69836,43.08051],[-70.69768,43.0841],[-70.68285,43.08519],[-70.69299,43.08303],[-70.69423,43.08144],[-70.69351,43.08117],[-70.69264,43.08166],[-70.68932,43.08182],[-70.68729,43.08162],[-70.69435,43.07988],[-70.69285,43.07654],[-70.69656,43.07393],[-70.69395,43.06716],[-70.68828,43.06488],[-70.67644,43.06825],[-70.66601,43.07567],[-70.66559,43.08342],[-70.65957,43.08631],[-70.66244,43.09064],[-70.6559,43.09324],[-70.65604,43.09883],[-70.6572,43.09615],[-70.66145,43.09938],[-70.66096,43.09813],[-70.67262,43.09576],[-70.66153,43.10025],[-70.66709,43.10169],[-70.6619,43.10371],[-70.667,43.10701],[-70.66928,43.1047],[-70.67328,43.10355],[-70.66762,43.10796],[-70.67149,43.10984],[-70.67025,43.11168],[-70.66664,43.10759],[-70.66475,43.10899],[-70.66395,43.10504],[-70.65661,43.10421],[-70.65504,43.10288],[-70.65463,43.10194],[-70.65688,43.10052],[-70.65134,43.10208]]]},"properties":{}},{"type":"Feature","geometry":{"type":"Polygon","coordinates":[[[-70.71878,43.05327],[-70.71753,43.05],[-70.725,43.05],[-70.725,43.0514],[-70.71878,43.05327]]]},"properties":{}},{"type":"Feature","geometry":{"type":"Polygon","coordinates":[[[-70.63448,43.12052],[-70.63362,43.125],[-70.65,43.125],[-70.65,43.10316],[-70.63801,43.11391],[-70.63983,43.11923],[-70.63448,43.12052]]]},"properties":{}},{"type":"Feature","geometry":{"type":"Polygon","coordinates":[[[-70.29899,43.65],[-70.29334,43.64349],[-70.29727,43.63937],[-70.31051,43.63391],[-70.29811,43.63691],[-70.29144,43.64488],[-70.29181,43.64169],[-70.28641,43.64234],[-70.28128,43.63618],[-70.275,43.6359],[-70.275,43.575],[-70.35,43.575],[-70.35,43.65],[-70.29899,43.65]]]},"properties":{}},{"type":"Feature","geometry":{"type":"Polygon","coordinates":[[[-70.27503,43.64202],[-70.275,43.65],[-70.2857,43.65],[-70.28044,43.64051],[-70.27503,43.64202]]]},"properties":{}},{"type":"Feature","geometry":{"type":"Polygon","coordinates":[[[-70.22533,43.64994],[-70.24331,43.64971],[-70.24584,43.64558],[-70.24883,43.64605],[-70.24533,43.63918],[-70.24938,43.63657],[-70.25413,43.64194],[-70.25277,43.64483],[-70.25686,43.6438],[-70.25851,43.63378],[-70.26562,43.63383],[-70.26529,43.64062],[-70.27147,43.63412],[-70.275,43.6359],[-70.275,43.575],[-70.27152,43.575],[-70.26307,43.58115],[-70.2553,43.5836],[-70.25868,43.58633],[-70.25899,43.58707],[-70.25781,43.58804],[-70.2597,43.58686],[-70.26218,43.58763],[-70.26231,43.58784],[-70.26189,43.58823],[-70.26275,43.58824],[-70.26287,43.58865],[-70.25777,43.58816],[-70.25597,43.58475],[-70.25425,43.58636],[-70.25361,43.5864],[-70.25319,43.58578],[-70.25243,43.58594],[-70.25185,43.58578],[-70.25236,43.58614],[-70.25233,43.58644],[-70.25147,43.58644],[-70.25095,43.58598],[-70.25002,43.58727],[-70.24978,43.58737],[-70.24965,43.58723],[-70.25088,43.58586],[-70.25217,43.58641],[-70.2516,43.5858],[-70.25189,43.58567],[-70.25246,43.58585],[-70.25322,43.58567],[-70.25423,43.58629],[-70.25506,43.58347],[-70.25898,43.58034],[-70.26249,43.5801],[-70.26306,43.57695],[-70.26998,43.575],[-70.20619,43.575],[-70.20813,43.57835],[-70.20175,43.58675],[-70.21453,43.59041],[-70.21631,43.59262],[-70.21332,43.59625],[-70.21769,43.59681],[-70.21353,43.60403],[-70.21621,43.60941],[-70.20966,43.61275],[-70.20713,43.6231],[-70.22207,43.63323],[-70.22253,43.63946],[-70.22736,43.64305],[-70.22533,43.64994]]]},"properties":{}},{"type":"Feature","geometry":{"type":"Polygon","coordinates":[[[-70.25598,43.64837],[-70.2553,43.64897],[-70.25707,43.65],[-70.275,43.65],[-70.275,43.64202],[-70.26096,43.64413],[-70.25598,43.64837]],[[-70.25696,43.64775],[-70.25694,43.64801],[-70.25708,43.6478],[-70.25696,43.64775]],[[-70.2572,43.64753],[-70.25717,43.64772],[-70.25731,43.64759],[-70.2572,43.64753]]]},"properties":{}},{"type":"Feature","geometry":{"type":"Polygon","coordinates":[[[-70.275,43.65],[-70.275,43.66874],[-70.27732,43.67083],[-70.275,43.67645],[-70.275,43.725],[-70.35,43.725],[-70.35,43.65],[-70.29899,43.65],[-70.31078,43.65633],[-70.31217,43.65956],[-70.31004,43.66202],[-70.30772,43.66158],[-70.31089,43.65875],[-70.3028,43.65664],[-70.29989,43.65251],[-70.29357,43.65065],[-70.29326,43.65277],[-70.2925,43.65],[-70.275,43.65]]]},"properties":{}},{"type":"Feature","geometry":{"type":"Polygon","coordinates":[[[-70.25682,43.67573],[-70.24145,43.67074],[-70.23851,43.66584],[-70.24846,43.65813],[-70.24598,43.65607],[-70.25272,43.65567],[-70.25203,43.6522],[-70.25426,43.65421],[-70.25385,43.65],[-70.275,43.65],[-70.275,43.66874],[-70.26605,43.66436],[-70.25983,43.6682],[-70.25682,43.67573]]]},"properties":{}},{"type":"Feature","geometry":{"type":"Polygon","coordinates":[[[-70.23696,43.69204],[-70.23082,43.69207],[-70.22643,43.68999],[-70.23266,43.68622],[-70.23696,43.69204]]]},"properties":{}},{"type":"Feature","geometry":{"type":"Polygon","coordinates":[[[-70.23544,43.65547],[-70.2327,43.65093],[-70.2305,43.65316],[-70.23243,43.65],[-70.2431,43.6503],[-70.23544,43.65547]]]},"properties":{}},{"type":"Feature","geometry":{"type":"Polygon","coordinates":[[[-70.21894,43.71995],[-70.21305,43.725],[-70.275,43.725],[-70.275,43.67645],[-70.27159,43.67973],[-70.25198,43.67723],[-70.25125,43.68549],[-70.2446,43.6886],[-70.25394,43.68838],[-70.25577,43.69125],[-70.2519,43.71432],[-70.25915,43.71327],[-70.26628,43.7176],[-70.24747,43.71482],[-70.2469,43.71891],[-70.24595,43.72022],[-70.24485,43.72112],[-70.24364,43.72129],[-70.24295,43.72121],[-70.24629,43.71942],[-70.24091,43.71268],[-70.24583,43.70596],[-70.24237,43.70395],[-70.24591,43.69839],[-70.24437,43.6929],[-70.23935,43.6945],[-70.23712,43.69225],[-70.23923,43.69476],[-70.23399,43.70295],[-70.21727,43.70587],[-70.21439,43.71281],[-70.21851,43.71166],[-70.21707,43.71713],[-70.22251,43.71611],[-70.22328,43.72425],[-70.21894,43.71995]]]},"properties":{}},{"type":"Feature","geometry":{"type":"Polygon","coordinates":[[[-70.13308,43.71843],[-70.125,43.71955],[-70.125,43.725],[-70.13854,43.725],[-70.13772,43.72163],[-70.14103,43.72179],[-70.13308,43.71843]]]},"properties":{}}]}