{"type":"FeatureCollection","features":[{"type":"Feature","geometry":{"type":"Polygon","coordinates":[[[-70.1979427,43.5684339],[-70.196824,43.5689996],[-70.1972641,43.5689531],[-70.1967942,43.5693619],[-70.1967965,43.5696737],[-70.1970929,43.5697164],[-70.1982059,43.5692696],[-70.1984288,43.5693511],[-70.1981835,43.5694996],[-70.1990829,43.5692274],[-70.1991634,43.5693401],[-70.1990081,43.5695112],[-70.2,43.5690672],[-70.2,43.5689088],[-70.1997526,43.5690346],[-70.1992537,43.5689562],[-70.1986297,43.5692209],[-70.1988089,43.5690242],[-70.1985021,43.568906],[-70.1972567,43.5695836],[-70.197356,43.5694307],[-70.1970278,43.5694587],[-70.1983401,43.568306],[-70.1980598,43.5680339],[-70.1983051,43.5674131],[-70.1979416,43.566925],[-70.1986875,43.566016],[-70.1990086,43.565318],[-70.1982072,43.564945],[-70.1968625,43.5658876],[-70.1966092,43.5659117],[-70.1967512,43.5656968],[-70.1963005,43.5655382],[-70.1962965,43.5653927],[-70.1977547,43.564376],[-70.1975755,43.5642611],[-70.198287,43.5636323],[-70.1983418,43.5637517],[-70.1986549,43.563379],[-70.1991847,43.5632732],[-70.199671,43.5626281],[-70.2,43.5625015],[-70.2,43.5619699],[-70.1987764,43.5631673],[-70.197607,43.5637964],[-70.1972154,43.5643227],[-70.1958681,43.5652997],[-70.1954452,43.5659764],[-70.1957775,43.5658427],[-70.1959356,43.5660546],[-70.1963223,43.5658946],[-70.196626,43.5660856],[-70.1977502,43.5653194],[-70.1981051,43.565192],[-70.1984335,43.5653041],[-70.1982125,43.5657057],[-70.198641,43.5656678],[-70.1984039,43.5657756],[-70.1984116,43.5660535],[-70.1977915,43.5668318],[-70.1978771,43.5670101],[-70.1977344,43.567354],[-70.1973953,43.5675316],[-70.1974025,43.567856],[-70.1977853,43.5679455],[-70.1977105,43.5684176],[-70.1979427,43.5684339]]]},"properties":{"objtype":"DEPARE","label":"shallow area","valsou":-2.8,"depth_label":"-2.8-0.0m","chart":"US5PWMBD"}},{"type":"Feature","geometry":{"type":"Polygon","coordinates":[[[-70.2,43.5701789],[-70.2,43.5702718],[-70.1999559,43.5702269],[-70.2,43.5701789]]]},"properties":{"objtype":"DEPARE","label":"shallow area","valsou":-2.8,"depth_label":"-2.8-0.0m","chart":"US5PWMBD"}},{"type":"Feature","geometry":{"type":"Polygon","coordinates":[[[-70.1993987,43.5720606],[-70.1989182,43.5721765],[-70.1995522,43.5711728],[-70.1992567,43.5710431],[-70.2,43.5705212],[-70.2,43.5714682],[-70.1995999,43.5717253],[-70.2,43.5718171],[-70.2,43.5724643],[-70.1991434,43.5728853],[-70.1990674,43.5727584],[-70.1988234,43.5728752],[-70.1996682,43.5722862],[-70.1993987,43.5720606]]]},"properties":{"objtype":"DEPARE","label":"shallow area","valsou":-2.8,"depth_label":"-2.8-0.0m","chart":"US5PWMBD"}},{"type":"Feature","geometry":{"type":"Polygon","coordinates":[[[-70.1999637,43.5704258],[-70.2,43.5704474],[-70.1999922,43.5704488],[-70.1999637,43.5704258]]]},"properties":{"objtype":"DEPARE","label":"shallow area","valsou":-2.8,"depth_label":"-2.8-0.0m","chart":"US5PWMBD"}},{"type":"Feature","geometry":{"type":"Polygon","coordinates":[[[-70.1986728,43.5629945],[-70.1986568,43.5629311],[-70.198608,43.5630433],[-70.1986728,43.5629945]]]},"properties":{"objtype":"DEPARE","label":"shallow area","valsou":-2.8,"depth_label":"-2.8-0.0m","chart":"US5PWMBD"}},{"type":"Feature","geometry":{"type":"Polygon","coordinates":[[[-70.2925525,43.645825],[-70.2926975,43.6458779],[-70.292645,43.6460061],[-70.2925543,43.6459388],[-70.2925525,43.645825]]]},"properties":{"objtype":"DEPARE","label":"shallow area","valsou":-2.8,"depth_label":"-2.8-0.0m","chart":"US5PWMCB"}},{"type":"Feature","geometry":{"type":"Polygon","coordinates":[[[-70.2827965,43.63886],[-70.2816561,43.6385264],[-70.2807845,43.6378264],[-70.2798164,43.63752],[-70.2781707,43.6375614],[-70.2766923,43.63815],[-70.2759333,43.6365299],[-70.275,43.6362772],[-70.275,43.6358953],[-70.2756705,43.6363761],[-70.2765698,43.6365578],[-70.2787614,43.636268],[-70.2812802,43.6361838],[-70.2820702,43.6367893],[-70.2817239,43.6376629],[-70.2831924,43.638645],[-70.2830314,43.6388625],[-70.2831949,43.6390406],[-70.2836271,43.6389256],[-70.2841062,43.6394685],[-70.2844085,43.6401596],[-70.2839837,43.6396402],[-70.2827965,43.63886]]]},"properties":{"objtype":"DEPARE","label":"shallow area","valsou":-2.8,"depth_label":"-2.8-0.0m","chart":"US5PWMCB"}},{"type":"Feature","geometry":{"type":"Polygon","coordinates":[[[-70.275,43.6386781],[-70.275,43.6395064],[-70.2752583,43.6388862],[-70.275,43.6386781]]]},"properties":{"objtype":"DEPARE","label":"shallow area","valsou":-2.8,"depth_label":"-2.8-0.0m","chart":"US5PWMCB"}},{"type":"Feature","geometry":{"type":"Polygon","coordinates":[[[-70.2891436,43.6449561],[-70.2891521,43.6448916],[-70.2891977,43.6449739],[-70.2891436,43.6449561]]]},"properties":{"objtype":"DEPARE","label":"shallow area","valsou":-2.8,"depth_label":"-2.8-0.0m","chart":"US5PWMCB"}},{"type":"Feature","geometry":{"type":"Polygon","coordinates":[[[-70.2935318,43.6457433],[-70.2936098,43.6458846],[-70.2937597,43.6458529],[-70.2936894,43.6457354],[-70.2935318,43.6457433]]]},"properties":{"objtype":"DEPARE","label":"shallow area","valsou":-2.8,"depth_label":"-2.8-0.0m","chart":"US5PWMCB"}},{"type":"Feature","geometry":{"type":"Polygon","coordinates":[[[-70.2783434,43.6412832],[-70.2784775,43.6413245],[-70.277116,43.6416311],[-70.2764357,43.6415464],[-70.2751415,43.6419041],[-70.2751995,43.6420506],[-70.2790424,43.6414094],[-70.2788509,43.6411798],[-70.2783434,43.6412832]]]},"properties":{"objtype":"DEPARE","label":"shallow area","valsou":-2.8,"depth_label":"-2.8-0.0m","chart":"US5PWMCB"}},{"type":"Feature","geometry":{"type":"Polygon","coordinates":[[[-70.2836329,43.6480678],[-70.2816826,43.6459256],[-70.2814282,43.6449064],[-70.281897,43.6435983],[-70.2817657,43.6434859],[-70.2813814,43.6437727],[-70.280923,43.6435914],[-70.2818409,43.6432644],[-70.2817211,43.6429814],[-70.2814732,43.6429582],[-70.2811315,43.642055],[-70.2803899,43.6411274],[-70.2806475,43.6408285],[-70.2804961,43.6406748],[-70.2809362,43.6408914],[-70.2816179,43.6417273],[-70.2818653,43.6422767],[-70.2815645,43.6425134],[-70.2821838,43.6428085],[-70.2823741,43.6427133],[-70.2821915,43.642644],[-70.2823151,43.642653],[-70.2824653,43.6427305],[-70.2825151,43.6429318],[-70.283247,43.6431945],[-70.283226,43.6433606],[-70.2826165,43.6434876],[-70.2826557,43.6436442],[-70.2854139,43.6458219],[-70.2851959,43.6465316],[-70.2858462,43.6460151],[-70.2872406,43.6464413],[-70.288467,43.6466041],[-70.2888007,43.6472146],[-70.2889101,43.6465074],[-70.2892394,43.6465346],[-70.2903211,43.646063],[-70.2909071,43.6461582],[-70.2918774,43.6474925],[-70.2921084,43.6486845],[-70.2926798,43.6494631],[-70.2933526,43.65],[-70.2925047,43.65],[-70.2925306,43.6494403],[-70.2918637,43.6489741],[-70.2907027,43.6495959],[-70.2905587,43.65],[-70.2897694,43.65],[-70.2911208,43.6466512],[-70.2906436,43.6462204],[-70.2902547,43.6462037],[-70.2897899,43.6464285],[-70.2881082,43.65],[-70.2856997,43.65],[-70.2836329,43.6480678]]]},"properties":{"objtype":"DEPARE","label":"shallow area","valsou":-2.8,"depth_label":"-2.8-0.0m","chart":"US5PWMCB"}},{"type":"Feature","geometry":{"type":"Polygon","coordinates":[[[-70.293593,43.6464619],[-70.2937168,43.6459798],[-70.2938378,43.6462193],[-70.2943531,43.6463782],[-70.2948831,43.6467156],[-70.2949544,43.6466848],[-70.2942961,43.6461943],[-70.2945466,43.6460924],[-70.2943579,43.645917],[-70.2929726,43.645344],[-70.2925279,43.6448653],[-70.2932188,43.643194],[-70.2938813,43.6423784],[-70.2967348,43.6398366],[-70.2972665,43.6392167],[-70.297319,43.6387515],[-70.2979782,43.6385928],[-70.2983418,43.6383301],[-70.2984371,43.6377415],[-70.2982506,43.6381876],[-70.2978642,43.6384908],[-70.2972858,43.638657],[-70.2969873,43.6392306],[-70.2960436,43.6401878],[-70.29336,43.642461],[-70.2922945,43.6444022],[-70.291593,43.6449733],[-70.2907806,43.6450628],[-70.2894765,43.6446082],[-70.2890981,43.6446467],[-70.2902261,43.6437461],[-70.2902949,43.6435722],[-70.2901728,43.6434976],[-70.2890061,43.6442344],[-70.2882209,43.6442707],[-70.287841,43.6446271],[-70.2874844,43.6446663],[-70.2872522,43.644914],[-70.2874397,43.6451074],[-70.2873123,43.6451982],[-70.2869113,43.6451365],[-70.2860535,43.6437277],[-70.2853395,43.6414096],[-70.2856495,43.6415463],[-70.2858958,43.6420726],[-70.2864087,43.6423406],[-70.2895654,43.6415165],[-70.2918133,43.6416889],[-70.2908255,43.6447374],[-70.2915453,43.6448724],[-70.2919425,43.6445116],[-70.2925384,43.6426045],[-70.2932787,43.6424043],[-70.2965558,43.6395223],[-70.2970149,43.6389895],[-70.2974422,43.6382279],[-70.2975635,43.637654],[-70.2981051,43.6369075],[-70.3016278,43.6355723],[-70.3019801,43.6356383],[-70.3034864,43.6350469],[-70.3053519,43.6347226],[-70.3060345,43.6344448],[-70.3068791,43.6344467],[-70.3073474,43.6342668],[-70.3080691,43.6347266],[-70.3087875,43.6344565],[-70.309234,43.6340094],[-70.3090257,43.6336053],[-70.3093872,43.6338867],[-70.3099038,43.6336599],[-70.3105125,43.6339052],[-70.3097155,43.633993],[-70.3090835,43.6345594],[-70.3081936,43.6349749],[-70.3071297,43.6349984],[-70.3062387,43.6352168],[-70.3042491,43.6362763],[-70.3017272,43.6368099],[-70.3012102,43.6370155],[-70.3009233,43.637326],[-70.2996457,43.6377055],[-70.2983801,43.6389115],[-70.2972677,43.6393736],[-70.297108,43.6397668],[-70.2969369,43.6397723],[-70.2959407,43.6408084],[-70.2947908,43.6416722],[-70.293581,43.642896],[-70.2933366,43.6434931],[-70.2937676,43.6439332],[-70.294141,43.6439547],[-70.2946142,43.6446784],[-70.2951482,43.6450618],[-70.2959993,43.6453814],[-70.2971751,43.6462588],[-70.2984622,43.6466336],[-70.2985598,43.6467068],[-70.2984268,43.6468154],[-70.2986498,43.6467972],[-70.2992929,43.6476116],[-70.2987982,43.6477942],[-70.298442,43.6474842],[-70.297476,43.6471936],[-70.2969982,43.6472451],[-70.2967935,43.6475056],[-70.2967962,43.6480428],[-70.297238,43.6484249],[-70.2977063,43.6493571],[-70.2989891,43.65],[-70.2956935,43.6499357],[-70.293671,43.649257],[-70.2931872,43.6488618],[-70.2931134,43.6485414],[-70.2934055,43.6477646],[-70.2936844,43.6474588],[-70.2937905,43.6468788],[-70.2939015,43.6467035],[-70.2942541,43.6466846],[-70.2939337,43.6462574],[-70.293593,43.6464619]]]},"properties":{"objtype":"DEPARE","label":"shallow area","valsou":-2.8,"depth_label":"-2.8-0.0m","chart":"US5PWMCB"}},{"type":"Feature","geometry":{"type":"Polygon","coordinates":[[[-70.2917292,43.6465574],[-70.2914356,43.6464723],[-70.2916165,43.6464015],[-70.2914931,43.6463003],[-70.2917021,43.6461023],[-70.291199,43.646017],[-70.2911485,43.6457638],[-70.2917289,43.6458508],[-70.2918255,43.6460428],[-70.2921761,43.646006],[-70.2921205,43.6463326],[-70.2917292,43.6465574]]]},"properties":{"objtype":"DEPARE","label":"shallow area","valsou":-2.8,"depth_label":"-2.8-0.0m","chart":"US5PWMCB"}},{"type":"Feature","geometry":{"type":"Polygon","coordinates":[[[-70.2924382,43.6460867],[-70.2924937,43.6462085],[-70.2925609,43.6461827],[-70.2924382,43.6460867]]]},"properties":{"objtype":"DEPARE","label":"shallow area","valsou":-2.8,"depth_label":"-2.8-0.0m","chart":"US5PWMCB"}},{"type":"Feature","geometry":{"type":"Polygon","coordinates":[[[-70.2893356,43.6450418],[-70.2893417,43.645127],[-70.2893879,43.6450598],[-70.2893356,43.6450418]]]},"properties":{"objtype":"DEPARE","label":"shallow area","valsou":-2.8,"depth_label":"-2.8-0.0m","chart":"US5PWMCB"}},{"type":"Feature","geometry":{"type":"Polygon","coordinates":[[[-70.2897322,43.6451512],[-70.2894416,43.645195],[-70.2895722,43.6451014],[-70.2897322,43.6451512]]]},"properties":{"objtype":"DEPARE","label":"shallow area","valsou":-2.8,"depth_label":"-2.8-0.0m","chart":"US5PWMCB"}},{"type":"Feature","geometry":{"type":"Polygon","coordinates":[[[-70.2885064,43.6449587],[-70.2886863,43.6449281],[-70.28882,43.6446828],[-70.2885064,43.6449587]]]},"properties":{"objtype":"DEPARE","label":"shallow area","valsou":-2.8,"depth_label":"-2.8-0.0m","chart":"US5PWMCB"}},{"type":"Feature","geometry":{"type":"Polygon","coordinates":[[[-70.288957,43.6451926],[-70.2891013,43.6451468],[-70.2889897,43.6453141],[-70.288957,43.6451926]]]},"properties":{"objtype":"DEPARE","label":"shallow area","valsou":-2.8,"depth_label":"-2.8-0.0m","chart":"US5PWMCB"}},{"type":"Feature","geometry":{"type":"Polygon","coordinates":[[[-70.283784,43.6438604],[-70.2838146,43.6441137],[-70.2840125,43.644095],[-70.283784,43.6438604]]]},"properties":{"objtype":"DEPARE","label":"shallow area","valsou":-2.8,"depth_label":"-2.8-0.0m","chart":"US5PWMCB"}},{"type":"Feature","geometry":{"type":"Polygon","coordinates":[[[-70.2244842,43.6426797],[-70.2243582,43.6426845],[-70.2243197,43.6427502],[-70.2244842,43.6426797]]]},"properties":{"objtype":"DEPARE","label":"shallow area","valsou":-2.8,"depth_label":"-2.8-0.0m","chart":"US5PWMCC"}},{"type":"Feature","geometry":{"type":"Polygon","coordinates":[[[-70.2240276,43.6429517],[-70.2238964,43.6430554],[-70.2238983,43.6430769],[-70.2240284,43.643089],[-70.2240276,43.6429517]]]},"properties":{"objtype":"DEPARE","label":"shallow area","valsou":-2.8,"depth_label":"-2.8-0.0m","chart":"US5PWMCC"}},{"type":"Feature","geometry":{"type":"Polygon","coordinates":[[[-70.2507207,43.6441369],[-70.2511007,43.6440876],[-70.2509744,43.6440355],[-70.2513882,43.6438681],[-70.2514891,43.6436782],[-70.2507243,43.6439233],[-70.2507207,43.6441369]]]},"properties":{"objtype":"DEPARE","label":"shallow area","valsou":-2.8,"depth_label":"-2.8-0.0m","chart":"US5PWMCC"}},{"type":"Feature","geometry":{"type":"Polygon","coordinates":[[[-70.2258286,43.6462454],[-70.2256918,43.6463133],[-70.2256677,43.6463504],[-70.2258286,43.6462454]]]},"properties":{"objtype":"DEPARE","label":"shallow area","valsou":-2.8,"depth_label":"-2.8-0.0m","chart":"US5PWMCC"}},{"type":"Feature","geometry":{"type":"Polygon","coordinates":[[[-70.2001066,43.5876948],[-70.2002647,43.5876656],[-70.2002719,43.5874987],[-70.2000701,43.5875202],[-70.2001066,43.5876948]]]},"properties":{"objtype":"DEPARE","label":"shallow area","valsou":-2.8,"depth_label":"-2.8-0.0m","chart":"US5PWMCC"}},{"type":"Feature","geometry":{"type":"Polygon","coordinates":[[[-70.2510396,43.6442484],[-70.2513839,43.6442463],[-70.25148,43.6441826],[-70.2512969,43.6441758],[-70.2510396,43.6442484]]]},"properties":{"objtype":"DEPARE","label":"shallow area","valsou":-2.8,"depth_label":"-2.8-0.0m","chart":"US5PWMCC"}},{"type":"Feature","geometry":{"type":"Polygon","coordinates":[[[-70.2502283,43.644868],[-70.2502002,43.6449245],[-70.2502895,43.6449567],[-70.2502283,43.644868]]]},"properties":{"objtype":"DEPARE","label":"shallow area","valsou":-2.8,"depth_label":"-2.8-0.0m","chart":"US5PWMCC"}},{"type":"Feature","geometry":{"type":"Polygon","coordinates":[[[-70.2032994,43.5842505],[-70.2033502,43.5841626],[-70.2033813,43.5841818],[-70.2032994,43.5842505]]]},"properties":{"objtype":"DEPARE","label":"shallow area","valsou":-2.8,"depth_label":"-2.8-0.0m","chart":"US5PWMCC"}},{"type":"Feature","geometry":{"type":"Polygon","coordinates":[[[-70.2128475,43.5948577],[-70.2130967,43.594575],[-70.212642,43.5949092],[-70.2128475,43.5948577]]]},"properties":{"objtype":"DEPARE","label":"shallow area","valsou":-2.8,"depth_label":"-2.8-0.0m","chart":"US5PWMCC"}},{"type":"Feature","geometry":{"type":"Polygon","coordinates":[[[-70.2162522,43.5968715],[-70.2164748,43.5967005],[-70.2163607,43.5965296],[-70.2161761,43.5966289],[-70.2162522,43.5968715]]]},"properties":{"objtype":"DEPARE","label":"shallow area","valsou":-2.8,"depth_label":"-2.8-0.0m","chart":"US5PWMCC"}},{"type":"Feature","geometry":{"type":"Polygon","coordinates":[[[-70.2115149,43.5916349],[-70.2117986,43.5916037],[-70.2118368,43.5914165],[-70.2116411,43.5914557],[-70.2115149,43.5916349]]]},"properties":{"objtype":"DEPARE","label":"shallow area","valsou":-2.8,"depth_label":"-2.8-0.0m","chart":"US5PWMCC"}},{"type":"Feature","geometry":{"type":"Polygon","coordinates":[[[-70.2058248,43.5921843],[-70.2061312,43.592062],[-70.2063825,43.5919065],[-70.2060947,43.5919482],[-70.2058248,43.5921843]]]},"properties":{"objtype":"DEPARE","label":"shallow area","valsou":-2.8,"depth_label":"-2.8-0.0m","chart":"US5PWMCC"}},{"type":"Feature","geometry":{"type":"Polygon","coordinates":[[[-70.2088673,43.5913185],[-70.2092381,43.5909284],[-70.2093874,43.5903357],[-70.2084168,43.5912215],[-70.2084847,43.5914285],[-70.2082972,43.5916402],[-70.209033,43.5910597],[-70.2088673,43.5913185]]]},"properties":{"objtype":"DEPARE","label":"shallow area","valsou":-2.8,"depth_label":"-2.8-0.0m","chart":"US5PWMCC"}},{"type":"Feature","geometry":{"type":"Polygon","coordinates":[[[-70.2060118,43.5763755],[-70.2060325,43.5764622],[-70.2061125,43.5763374],[-70.2060118,43.5763755]]]},"properties":{"objtype":"DEPARE","label":"shallow area","valsou":-2.8,"depth_label":"-2.8-0.0m","chart":"US5PWMCC"}},{"type":"Feature","geometry":{"type":"Polygon","coordinates":[[[-70.2749315,43.6420352],[-70.2742817,43.642207],[-70.2739903,43.6423653],[-70.2710332,43.6426243],[-70.2700963,43.6429186],[-70.2744268,43.6426094],[-70.274261,43.6422778],[-70.2749707,43.6421339],[-70.2749315,43.6420352]]]},"properties":{"objtype":"DEPARE","label":"shallow area","valsou":-2.8,"depth_label":"-2.8-0.0m","chart":"US5PWMCC"}},{"type":"Feature","geometry":{"type":"Polygon","coordinates":[[[-70.2152958,43.6290386],[-70.2148724,43.6288309],[-70.2149181,43.6287119],[-70.2146452,43.6284815],[-70.2139193,43.6284089],[-70.2136799,43.6285273],[-70.2135965,43.6281731],[-70.2129009,43.6280513],[-70.2126725,43.6277958],[-70.2124154,43.6278476],[-70.212492,43.6276774],[-70.2122931,43.6274692],[-70.2120843,43.6273951],[-70.2115765,43.6275695],[-70.2119535,43.6271673],[-70.2114072,43.6272435],[-70.2128212,43.6262611],[-70.2129991,43.6258528],[-70.2128244,43.6255788],[-70.2117596,43.6255766],[-70.2110356,43.6259873],[-70.2106192,43.6257954],[-70.2095023,43.6259061],[-70.2094084,43.625688],[-70.2091518,43.6256922],[-70.2093793,43.6254208],[-70.2092066,43.6253513],[-70.2094056,43.6252867],[-70.2093758,43.6251483],[-70.2088525,43.62503],[-70.209046,43.6249527],[-70.2089812,43.6246584],[-70.208606,43.624552],[-70.2088653,43.6242419],[-70.2086071,43.6239939],[-70.2083936,43.6240391],[-70.2084877,43.6239151],[-70.2083259,43.6235912],[-70.2076082,43.6233798],[-70.2085841,43.6233613],[-70.2087149,43.6236275],[-70.2085104,43.6237367],[-70.2091268,43.6239219],[-70.2094065,43.624273],[-70.2090685,43.624669],[-70.2094042,43.6246221],[-70.2093896,43.624762],[-70.2097893,43.6248885],[-70.210005,43.6252994],[-70.2099564,43.6256113],[-70.2103288,43.6254919],[-70.2111342,43.6257145],[-70.2125039,43.6251851],[-70.2130751,43.6254148],[-70.2133954,43.6259809],[-70.2119803,43.6273169],[-70.212499,43.6273703],[-70.2125521,43.6276169],[-70.2128198,43.6274812],[-70.2130723,43.6276676],[-70.2129898,43.6278722],[-70.2133719,43.6278372],[-70.2134792,43.6276134],[-70.2139186,43.6279749],[-70.2137435,43.6280846],[-70.2140104,43.6280367],[-70.2138962,43.6282769],[-70.2140406,43.6282298],[-70.2140988,43.6283997],[-70.2149734,43.6282744],[-70.2151537,43.628773],[-70.2154227,43.6287866],[-70.2153445,43.6289564],[-70.215837,43.6286403],[-70.2156969,43.6283468],[-70.2160961,43.62805],[-70.2171161,43.6280703],[-70.2174849,43.6284103],[-70.21748,43.6285209],[-70.2166545,43.6282545],[-70.2162512,43.6282883],[-70.216069,43.628413],[-70.2159649,43.6289306],[-70.2152958,43.6290386]]]},"properties":{"objtype":"DEPARE","label":"shallow area","valsou":-2.8,"depth_label":"-2.8-0.0m","chart":"US5PWMCC"}},{"type":"Feature","geometry":{"type":"Polygon","coordinates":[[[-70.2144532,43.5973919],[-70.2148996,43.5974556],[-70.2156798,43.5969223],[-70.2155422,43.5967697],[-70.2153313,43.5968217],[-70.214723,43.5970654],[-70.2144532,43.5973919]]]},"properties":{"objtype":"DEPARE","label":"shallow area","valsou":-2.8,"depth_label":"-2.8-0.0m","chart":"US5PWMCC"}},{"type":"Feature","geometry":{"type":"Polygon","coordinates":[[[-70.2064526,43.5782558],[-70.2064423,43.5783743],[-70.2065293,43.578274],[-70.2064526,43.5782558]]]},"properties":{"objtype":"DEPARE","label":"shallow area","valsou":-2.8,"depth_label":"-2.8-0.0m","chart":"US5PWMCC"}},{"type":"Feature","geometry":{"type":"Polygon","coordinates":[[[-70.2264108,43.65],[-70.2254402,43.6499795],[-70.2254252,43.65],[-70.2264108,43.65]]]},"properties":{"objtype":"DEPARE","label":"shallow area","valsou":-2.8,"depth_label":"-2.8-0.0m","chart":"US5PWMCC"}},{"type":"Feature","geometry":{"type":"Polygon","coordinates":[[[-70.201642,43.5860531],[-70.2014628,43.5862054],[-70.2014724,43.5862323],[-70.2016226,43.586176],[-70.201642,43.5860531]]]},"properties":{"objtype":"DEPARE","label":"shallow area","valsou":-2.8,"depth_label":"-2.8-0.0m","chart":"US5PWMCC"}},{"type":"Feature","geometry":{"type":"Polygon","coordinates":[[[-70.2474967,43.642743],[-70.2472881,43.6444373],[-70.2482268,43.6452266],[-70.2481274,43.6451059],[-70.2482574,43.6449951],[-70.2489669,43.6449915],[-70.2488405,43.6448393],[-70.2492558,43.6444993],[-70.2497167,43.6446361],[-70.2499288,43.644529],[-70.2501827,43.6446857],[-70.2503433,43.6446585],[-70.2500038,43.6444489],[-70.2501238,43.6443454],[-70.2510929,43.6444572],[-70.2504945,43.6441169],[-70.2502935,43.6441331],[-70.2504294,43.6442175],[-70.2502924,43.6443301],[-70.2500607,43.6440711],[-70.2498781,43.6441321],[-70.2499936,43.6442343],[-70.249895,43.6443002],[-70.2495967,43.6441866],[-70.2497063,43.6439514],[-70.2502513,43.6438377],[-70.2496821,43.6438042],[-70.2497534,43.6435532],[-70.2495551,43.6435336],[-70.2495785,43.6434043],[-70.2489537,43.6435385],[-70.2502721,43.6427294],[-70.250109,43.6425034],[-70.2501808,43.64222],[-70.2493032,43.6419934],[-70.2489328,43.6416772],[-70.2499599,43.6420025],[-70.2505077,43.6416423],[-70.2507229,43.6412044],[-70.2509358,43.6414943],[-70.2511132,43.6414771],[-70.2519518,43.6409235],[-70.2522166,43.6413265],[-70.2523506,43.6413061],[-70.2520128,43.6408618],[-70.2510366,43.6413167],[-70.2523569,43.6403898],[-70.2526837,43.6404436],[-70.2525799,43.6397425],[-70.2519345,43.6391555],[-70.2519119,43.6389698],[-70.2511144,43.6384659],[-70.2497668,43.6383367],[-70.2494477,43.6381577],[-70.2494936,43.6377664],[-70.2490026,43.637457],[-70.2491689,43.6372298],[-70.2490066,43.6370894],[-70.249207,43.637051],[-70.2494767,43.6366184],[-70.249376,43.6365669],[-70.2487894,43.6370644],[-70.2488501,43.6373687],[-70.248294,43.6372486],[-70.2467702,43.6380154],[-70.2457623,43.6386625],[-70.2453312,43.6391834],[-70.2455368,43.6397159],[-70.246153,43.6401157],[-70.2459988,43.640628],[-70.2474252,43.6409035],[-70.2478476,43.6413565],[-70.248014,43.6420925],[-70.2474967,43.642743]]]},"properties":{"objtype":"DEPARE","label":"shallow area","valsou":-2.8,"depth_label":"-2.8-0.0m","chart":"US5PWMCC"}},{"type":"Feature","geometry":{"type":"Polygon","coordinates":[[[-70.2604528,43.644348],[-70.2590459,43.645705],[-70.2591889,43.6459034],[-70.26075,43.644228],[-70.2622407,43.6439664],[-70.2623508,43.6437881],[-70.2609886,43.6440709],[-70.2604528,43.644348]]]},"properties":{"objtype":"DEPARE","label":"shallow area","valsou":-2.8,"depth_label":"-2.8-0.0m","chart":"US5PWMCC"}},{"type":"Feature","geometry":{"type":"Polygon","coordinates":[[[-70.2127938,43.5926672],[-70.2124365,43.5927465],[-70.2122353,43.5930583],[-70.2126969,43.5928706],[-70.2127938,43.5926672]]]},"properties":{"objtype":"DEPARE","label":"shallow area","valsou":-2.8,"depth_label":"-2.8-0.0m","chart":"US5PWMCC"}},{"type":"Feature","geometry":{"type":"Polygon","coordinates":[[[-70.2123215,43.6282151],[-70.2121207,43.6282415],[-70.2125142,43.6281923],[-70.2123215,43.6282151]]]},"properties":{"objtype":"DEPARE","label":"shallow area","valsou":-2.8,"depth_label":"-2.8-0.0m","chart":"US5PWMCC"}},{"type":"Feature","geometry":{"type":"Polygon","coordinates":[[[-70.2515315,43.6443799],[-70.2514762,43.6444225],[-70.2515972,43.6444894],[-70.2515315,43.6443799]]]},"properties":{"objtype":"DEPARE","label":"shallow area","valsou":-2.8,"depth_label":"-2.8-0.0m","chart":"US5PWMCC"}},{"type":"Feature","geometry":{"type":"Polygon","coordinates":[[[-70.2059054,43.6378138],[-70.2059401,43.6379525],[-70.2061704,43.6378811],[-70.2061687,43.6377513],[-70.2059054,43.6378138]]]},"properties":{"objtype":"DEPARE","label":"shallow area","valsou":-2.8,"depth_label":"-2.8-0.0m","chart":"US5PWMCC"}},{"type":"Feature","geometry":{"type":"Polygon","coordinates":[[[-70.2127703,43.628089],[-70.2126191,43.6281372],[-70.2127647,43.6281455],[-70.2127703,43.628089]]]},"properties":{"objtype":"DEPARE","label":"shallow area","valsou":-2.8,"depth_label":"-2.8-0.0m","chart":"US5PWMCC"}},{"type":"Feature","geometry":{"type":"Polygon","coordinates":[[[-70.2063458,43.6374481],[-70.2061929,43.637466],[-70.2061985,43.6374946],[-70.2063458,43.6374481]]]},"properties":{"objtype":"DEPARE","label":"shallow area","valsou":-2.8,"depth_label":"-2.8-0.0m","chart":"US5PWMCC"}},{"type":"Feature","geometry":{"type":"Polygon","coordinates":[[[-70.2147478,43.6026807],[-70.2150856,43.6025768],[-70.2151116,43.6026027],[-70.2147478,43.6026807]]]},"properties":{"objtype":"DEPARE","label":"shallow area","valsou":-2.8,"depth_label":"-2.8-0.0m","chart":"US5PWMCC"}},{"type":"Feature","geometry":{"type":"Polygon","coordinates":[[[-70.2263133,43.6470102],[-70.2259994,43.64764],[-70.2252975,43.6481963],[-70.2256191,43.6482241],[-70.2250683,43.6490143],[-70.2250859,43.6494129],[-70.2247531,43.649866],[-70.2248886,43.6499839],[-70.2253277,43.6499434],[-70.2251084,43.649889],[-70.2250186,43.6496756],[-70.22531,43.6494372],[-70.2251247,43.6490226],[-70.2260004,43.6483193],[-70.2267292,43.6470626],[-70.2267038,43.6465748],[-70.2264585,43.6464335],[-70.2269749,43.6459025],[-70.2274489,43.6448855],[-70.2273584,43.6430547],[-70.2265645,43.6418782],[-70.2257621,43.6413069],[-70.2252537,43.6412156],[-70.2243744,43.6418973],[-70.2240906,43.6417957],[-70.2242887,43.6413382],[-70.2240156,43.6409978],[-70.2237712,43.6410371],[-70.2238424,43.6405215],[-70.2234026,43.6402369],[-70.2235604,43.6398542],[-70.2230875,43.6394482],[-70.22268,43.6393412],[-70.2225346,43.6394602],[-70.2225509,43.6391404],[-70.2228443,43.6387147],[-70.222672,43.6382185],[-70.2223755,43.6381045],[-70.2224389,43.6373686],[-70.2230676,43.6368422],[-70.2229144,43.6365309],[-70.2223974,43.6365941],[-70.2224351,43.6363131],[-70.2223179,43.6361976],[-70.2221127,43.6362923],[-70.22225,43.6359688],[-70.2226785,43.6356411],[-70.2226224,43.6354584],[-70.2223721,43.6355327],[-70.2223548,43.635409],[-70.2227142,43.6350123],[-70.2226737,43.6345671],[-70.2220242,43.6340362],[-70.2220701,43.6332275],[-70.2215324,43.6327775],[-70.2206398,43.6326663],[-70.2203399,43.6322961],[-70.2196711,43.6324084],[-70.2198285,43.6321963],[-70.2193939,43.6319767],[-70.2195607,43.6317992],[-70.219168,43.6317446],[-70.219169,43.6315858],[-70.2198247,43.6312916],[-70.2195098,43.63127],[-70.2196347,43.6310808],[-70.2194759,43.630984],[-70.2198527,43.6307174],[-70.2194816,43.6305936],[-70.2194701,43.6304442],[-70.21981,43.630268],[-70.2187484,43.6294415],[-70.2184092,43.6287917],[-70.2182662,43.6289373],[-70.2181402,43.6286849],[-70.2176997,43.6286611],[-70.2181273,43.6290044],[-70.2181164,43.6292839],[-70.2178009,43.6293024],[-70.2183739,43.6296091],[-70.2181265,43.6297097],[-70.2182898,43.6296888],[-70.2182773,43.6299063],[-70.2187783,43.6299385],[-70.2193735,43.6302858],[-70.2192259,43.6304488],[-70.2192801,43.6306686],[-70.2190311,43.6308531],[-70.219394,43.6308732],[-70.2191536,43.6312328],[-70.2193371,43.63139],[-70.2190913,43.6315908],[-70.2189616,43.6318793],[-70.2192381,43.6320004],[-70.2192644,43.6323114],[-70.2203795,43.6326887],[-70.220349,43.632971],[-70.2206951,43.6328234],[-70.2211466,43.6329543],[-70.2212011,43.6331695],[-70.2213882,43.6330094],[-70.2216822,43.633215],[-70.2218085,43.63364],[-70.221678,43.6341253],[-70.221817,43.6342132],[-70.2216848,43.6343123],[-70.2218369,43.6344916],[-70.2217315,43.63467],[-70.2211693,43.6348267],[-70.2213025,43.63502],[-70.2217245,43.6348944],[-70.2212753,43.6354143],[-70.2214266,43.6353217],[-70.2217422,43.6354491],[-70.221784,43.6357536],[-70.2220186,43.6356527],[-70.2221984,43.6357586],[-70.221886,43.6359645],[-70.2221378,43.6359765],[-70.2217731,43.6366803],[-70.2225488,43.6367702],[-70.2226633,43.6369729],[-70.2219083,43.6375041],[-70.2221348,43.6376316],[-70.221695,43.6381475],[-70.2222335,43.6382567],[-70.2221369,43.6384868],[-70.2224149,43.63853],[-70.2221934,43.6388423],[-70.2223751,43.6388206],[-70.2223996,43.6390009],[-70.222222,43.6390815],[-70.2223848,43.6390676],[-70.2221237,43.639859],[-70.2225979,43.6396383],[-70.2230878,43.6398627],[-70.2232025,43.6401656],[-70.2230563,43.6402795],[-70.223535,43.6407084],[-70.2236473,43.640993],[-70.2235395,43.6411095],[-70.2238109,43.6413096],[-70.2236309,43.6416072],[-70.2239272,43.6417214],[-70.2237414,43.6420371],[-70.224359,43.6420753],[-70.2246208,43.6422997],[-70.2250368,43.6421737],[-70.2257369,43.6423107],[-70.2266538,43.6429005],[-70.2269411,43.6432986],[-70.227077,43.6443365],[-70.2268581,43.6454148],[-70.2263993,43.6459326],[-70.2258512,43.6461282],[-70.2260786,43.6461854],[-70.225455,43.6468132],[-70.2255826,43.6468202],[-70.22547,43.6470658],[-70.2251173,43.6471193],[-70.2255747,43.6471539],[-70.2258965,43.6466678],[-70.2262318,43.646803],[-70.2263133,43.6470102]]]},"properties":{"objtype":"DEPARE","label":"shallow area","valsou":-2.8,"depth_label":"-2.8-0.0m","chart":"US5PWMCC"}},{"type":"Feature","geometry":{"type":"Polygon","coordinates":[[[-70.2045784,43.575],[-70.2041135,43.575],[-70.204099,43.5750822],[-70.2041609,43.5751048],[-70.2045784,43.575]]]},"properties":{"objtype":"DEPARE","label":"shallow area","valsou":-2.8,"depth_label":"-2.8-0.0m","chart":"US5PWMCC"}},{"type":"Feature","geometry":{"type":"Polygon","coordinates":[[[-70.2039668,43.575],[-70.2038707,43.575],[-70.2039263,43.5750103],[-70.2039668,43.575]]]},"properties":{"objtype":"DEPARE","label":"shallow area","valsou":-2.8,"depth_label":"-2.8-0.0m","chart":"US5PWMCC"}},{"type":"Feature","geometry":{"type":"Polygon","coordinates":[[[-70.2672949,43.6398591],[-70.266735,43.6400001],[-70.2672408,43.6397922],[-70.2682412,43.6387358],[-70.2693067,43.6386666],[-70.2700425,43.6382076],[-70.2706831,43.6371493],[-70.2705012,43.636547],[-70.2706249,43.6364061],[-70.2706724,43.635143],[-70.2708318,43.6347618],[-70.2714723,43.6341165],[-70.274306,43.6351759],[-70.275,43.6358953],[-70.275,43.6362772],[-70.274689,43.6363596],[-70.2738891,43.6372332],[-70.2741175,43.6377365],[-70.275,43.6386781],[-70.275,43.6395064],[-70.2746873,43.6396888],[-70.2743218,43.639695],[-70.2738567,43.6390432],[-70.2736762,43.6390027],[-70.2726435,43.6398177],[-70.2727564,43.6403181],[-70.2720258,43.6405288],[-70.2695035,43.6403189],[-70.2682557,43.6404902],[-70.2679694,43.6406817],[-70.2675771,43.6399901],[-70.2672949,43.6398591]]]},"properties":{"objtype":"DEPARE","label":"shallow area","valsou":-2.8,"depth_label":"-2.8-0.0m","chart":"US5PWMCC"}},{"type":"Feature","geometry":{"type":"Polygon","coordinates":[[[-70.214135,43.6496512],[-70.2136644,43.649571],[-70.2138886,43.6490298],[-70.2137206,43.648915],[-70.2126747,43.6490623],[-70.2120817,43.6493807],[-70.2113958,43.6499414],[-70.2116702,43.65],[-70.2123601,43.649274],[-70.2138078,43.6490676],[-70.2133944,43.6497808],[-70.2138454,43.65],[-70.214367,43.65],[-70.2141877,43.6499392],[-70.214135,43.6496512]]]},"properties":{"objtype":"DEPARE","label":"shallow area","valsou":-2.8,"depth_label":"-2.8-0.0m","chart":"US5PWMCC"}},{"type":"Feature","geometry":{"type":"Polygon","coordinates":[[[-70.2144887,43.6073916],[-70.2146667,43.6072846],[-70.2147105,43.6072764],[-70.2146335,43.6073808],[-70.2144887,43.6073916]]]},"properties":{"objtype":"DEPARE","label":"shallow area","valsou":-2.8,"depth_label":"-2.8-0.0m","chart":"US5PWMCC"}},{"type":"Feature","geometry":{"type":"Polygon","coordinates":[[[-70.228705,43.65],[-70.2284167,43.6499577],[-70.2282634,43.65],[-70.228705,43.65]]]},"properties":{"objtype":"DEPARE","label":"shallow area","valsou":-2.8,"depth_label":"-2.8-0.0m","chart":"US5PWMCC"}},{"type":"Feature","geometry":{"type":"Polygon","coordinates":[[[-70.2152496,43.6008567],[-70.215607,43.6004597],[-70.2154524,43.6003234],[-70.2151438,43.6003907],[-70.2161067,43.5998054],[-70.2155142,43.5997947],[-70.215624,43.5990914],[-70.2153227,43.5991233],[-70.2157061,43.5989],[-70.2156046,43.5987258],[-70.2170081,43.5977097],[-70.2173694,43.5968772],[-70.2168463,43.5964097],[-70.2154826,43.5961147],[-70.2151614,43.5962165],[-70.2152949,43.5964135],[-70.2148248,43.5968701],[-70.2142082,43.596952],[-70.2141629,43.5968477],[-70.2139729,43.5969899],[-70.2137378,43.5966667],[-70.2135358,43.5967932],[-70.2137381,43.5964743],[-70.2132982,43.5963951],[-70.2129828,43.5965631],[-70.2130496,43.5963516],[-70.2135663,43.5958918],[-70.213197,43.5959791],[-70.2146203,43.594739],[-70.2146539,43.594516],[-70.2145182,43.5944344],[-70.2147407,43.5940265],[-70.2139787,43.5944194],[-70.2140431,43.5941198],[-70.2145886,43.5936304],[-70.2155863,43.5930421],[-70.2156792,43.5931088],[-70.2159044,43.5926724],[-70.2152203,43.5925836],[-70.214963,43.5931007],[-70.2142737,43.5932231],[-70.2141702,43.5931103],[-70.2154628,43.5921974],[-70.2155095,43.5920196],[-70.2150647,43.5918123],[-70.2142432,43.5923896],[-70.2137787,43.5924724],[-70.2137988,43.5921094],[-70.2134422,43.5921919],[-70.2136278,43.591843],[-70.2143009,43.5914959],[-70.2144166,43.590695],[-70.2140562,43.5905212],[-70.212831,43.5910383],[-70.21244,43.5909977],[-70.2123963,43.5908265],[-70.2113744,43.5911006],[-70.2114958,43.5904133],[-70.2113104,43.5901647],[-70.2106544,43.5899479],[-70.2102034,43.5903171],[-70.2099729,43.5899356],[-70.2096651,43.5900808],[-70.2101576,43.5896158],[-70.2103052,43.5891916],[-70.2099812,43.5890677],[-70.2093238,43.5894109],[-70.2091629,43.58918],[-70.2089663,43.5894513],[-70.2090579,43.5897096],[-70.2089495,43.5899361],[-70.2075471,43.5913353],[-70.2067358,43.5919272],[-70.2067213,43.5916982],[-70.2064431,43.5918297],[-70.206724,43.5914282],[-70.2065778,43.5914336],[-70.2068841,43.5912899],[-70.2069039,43.5909895],[-70.2071512,43.5907464],[-70.2070001,43.5905437],[-70.2076729,43.5899592],[-70.2077026,43.5897346],[-70.2081141,43.5893033],[-70.2080918,43.5890591],[-70.2073253,43.5895477],[-70.206921,43.5896322],[-70.2069818,43.5894801],[-70.2066924,43.5895565],[-70.2067765,43.5891085],[-70.2062959,43.5894451],[-70.2060745,43.5894329],[-70.2059997,43.5892721],[-70.2063169,43.5889936],[-70.2061491,43.588888],[-70.2044194,43.5898958],[-70.203979,43.5899996],[-70.2038763,43.5899104],[-70.2042055,43.5895274],[-70.2039275,43.5896484],[-70.2040768,43.5894872],[-70.2039387,43.5894747],[-70.2044158,43.5890447],[-70.2044091,43.5888249],[-70.2050924,43.5880391],[-70.2048814,43.5879534],[-70.2038863,43.5882952],[-70.2038117,43.5881179],[-70.2041711,43.5879837],[-70.2044563,43.5874863],[-70.2041739,43.5875146],[-70.2041751,43.5872461],[-70.2025871,43.5879316],[-70.2025026,43.5877664],[-70.201966,43.5880872],[-70.2015696,43.5880872],[-70.2022189,43.5876801],[-70.2023644,43.5874882],[-70.202244,43.5874255],[-70.2035447,43.5864369],[-70.2033684,43.5862706],[-70.2029944,43.5862338],[-70.2012477,43.5872839],[-70.2008547,43.5873832],[-70.2006709,43.587203],[-70.2009535,43.5867658],[-70.2011532,43.5867488],[-70.2019607,43.585997],[-70.2017838,43.5859027],[-70.2022816,43.5855606],[-70.2018779,43.585643],[-70.203368,43.5848698],[-70.204234,43.5841449],[-70.2045915,43.5835519],[-70.2042584,43.5836978],[-70.2040472,43.5836168],[-70.2040886,43.583374],[-70.2039129,43.583329],[-70.204069,43.583218],[-70.2038038,43.5832099],[-70.2039703,43.5830018],[-70.2038473,43.5829043],[-70.2039313,43.5827491],[-70.2036411,43.582691],[-70.2037566,43.5825813],[-70.2036065,43.5825026],[-70.2038698,43.5823043],[-70.2041158,43.5813359],[-70.2054869,43.5799933],[-70.2056042,43.579931],[-70.2055902,43.580128],[-70.205774,43.5797793],[-70.2061516,43.5796805],[-70.2073495,43.5785204],[-70.2064684,43.5787464],[-70.206958,43.5783578],[-70.2069501,43.5782437],[-70.2066548,43.5782589],[-70.2069187,43.5780252],[-70.2067812,43.5779364],[-70.2071006,43.5775875],[-70.207146,43.5771961],[-70.2060893,43.5774859],[-70.2062374,43.577138],[-70.2069945,43.5766024],[-70.2070275,43.5763347],[-70.2064307,43.5762258],[-70.2063703,43.5758855],[-70.2061623,43.5758781],[-70.2062474,43.5754539],[-70.2060524,43.5753135],[-70.2056659,43.5754302],[-70.2054514,43.5757332],[-70.2053295,43.5756821],[-70.2050584,43.575328],[-70.2049216,43.5753598],[-70.205176,43.575],[-70.2054254,43.575],[-70.2054071,43.5751262],[-70.2055346,43.575],[-70.2061937,43.575],[-70.2066395,43.5752378],[-70.2077789,43.5765231],[-70.2082237,43.57804],[-70.2081323,43.5783547],[-70.207014,43.5791824],[-70.206904,43.5794384],[-70.2054104,43.5804245],[-70.2041198,43.5817979],[-70.2042559,43.5819442],[-70.2041727,43.5824237],[-70.2045236,43.5825967],[-70.2043361,43.5828659],[-70.2045194,43.5828585],[-70.204458,43.5831983],[-70.2042405,43.583355],[-70.2048385,43.5831713],[-70.2053061,43.5836088],[-70.2052465,43.5838848],[-70.2050018,43.5838909],[-70.205098,43.5840136],[-70.2049312,43.5842049],[-70.2044212,43.584277],[-70.2035782,43.5850972],[-70.2020794,43.5860923],[-70.2018467,43.5863457],[-70.202217,43.5862298],[-70.2017508,43.5867505],[-70.2021404,43.5867108],[-70.2033077,43.5859422],[-70.2037571,43.586178],[-70.2039036,43.5864336],[-70.2031777,43.5870657],[-70.2042455,43.5869424],[-70.2053772,43.587754],[-70.2054835,43.5879404],[-70.2046649,43.5887714],[-70.2049034,43.5888866],[-70.204579,43.5895485],[-70.2061228,43.5885798],[-70.2075987,43.5889297],[-70.2082252,43.5886656],[-70.2086219,43.5889399],[-70.2093153,43.5887151],[-70.2099407,43.5887085],[-70.2120757,43.5895881],[-70.2124496,43.5898502],[-70.2126256,43.5903285],[-70.2134541,43.5904066],[-70.2138797,43.5902055],[-70.2145291,43.5904148],[-70.2148238,43.5906723],[-70.2160177,43.59225],[-70.2159073,43.5923584],[-70.2160975,43.5923217],[-70.2163054,43.5926201],[-70.2159539,43.5929372],[-70.2161534,43.5930432],[-70.2161216,43.5932526],[-70.2147168,43.5941782],[-70.2147377,43.5943173],[-70.2152363,43.5943243],[-70.2152457,43.5948246],[-70.2142423,43.5954102],[-70.2141008,43.5956798],[-70.2138184,43.595805],[-70.2139811,43.5958563],[-70.2133193,43.5962477],[-70.2137438,43.5962165],[-70.2139105,43.5964268],[-70.2141102,43.5963369],[-70.2139135,43.5966493],[-70.214177,43.5967399],[-70.2147266,43.5965899],[-70.2152533,43.5958475],[-70.2156281,43.595784],[-70.2171096,43.5962913],[-70.2171819,43.5965729],[-70.2174545,43.5965536],[-70.2176901,43.5968085],[-70.2174593,43.5970075],[-70.2176613,43.5971871],[-70.2176533,43.5976003],[-70.2170813,43.597926],[-70.2172454,43.598079],[-70.2166101,43.5985819],[-70.2167334,43.5989558],[-70.2164974,43.5990924],[-70.2167188,43.5992513],[-70.216817,43.599657],[-70.2152496,43.6008567]],[[-70.2076956,43.5909317],[-70.208624,43.5900119],[-70.2086585,43.5897123],[-70.2082315,43.5899636],[-70.2081702,43.5902001],[-70.2077633,43.5904719],[-70.207762,43.5906524],[-70.2073871,43.5910061],[-70.2076956,43.5909317]]]},"properties":{"objtype":"DEPARE","label":"shallow area","valsou":-2.8,"depth_label":"-2.8-0.0m","chart":"US5PWMCC"}},{"type":"Feature","geometry":{"type":"Polygon","coordinates":[[[-70.2077595,43.6213398],[-70.2083184,43.6214818],[-70.2076653,43.6217862],[-70.2075289,43.6220994],[-70.2076919,43.6221652],[-70.2076291,43.6223309],[-70.2080996,43.6223769],[-70.2081563,43.622621],[-70.2075902,43.6226906],[-70.2070953,43.6229972],[-70.2068367,43.6229849],[-70.2069364,43.6230768],[-70.2067186,43.6233244],[-70.2068439,43.6236337],[-70.2069905,43.6235446],[-70.2069387,43.6232533],[-70.207457,43.6227746],[-70.207869,43.6228238],[-70.2083378,43.6225745],[-70.2083227,43.6222662],[-70.2079945,43.6222005],[-70.2081777,43.6221151],[-70.2077015,43.6221103],[-70.2079074,43.6219938],[-70.2076626,43.6219125],[-70.2078733,43.6217274],[-70.2085349,43.6216104],[-70.2084439,43.621298],[-70.2087564,43.6209251],[-70.2086635,43.6208023],[-70.2084412,43.6209026],[-70.2085505,43.6207012],[-70.2083318,43.620698],[-70.2086861,43.6204456],[-70.208405,43.6203796],[-70.2083996,43.6202536],[-70.2099955,43.6195214],[-70.2099482,43.6190925],[-70.2097169,43.619011],[-70.2099732,43.61886],[-70.2099523,43.6186138],[-70.2096384,43.6184754],[-70.2099275,43.6181914],[-70.2098452,43.6179233],[-70.2094752,43.6176823],[-70.209221,43.6177168],[-70.2096764,43.6173819],[-70.209128,43.6175855],[-70.2093251,43.6174077],[-70.2091494,43.6173446],[-70.2099624,43.6168177],[-70.2096512,43.6167733],[-70.2104858,43.6166413],[-70.2102496,43.6165568],[-70.2101024,43.6161722],[-70.2107604,43.615827],[-70.210729,43.615719],[-70.2101708,43.6158995],[-70.2111806,43.6149309],[-70.2110978,43.6148411],[-70.2106962,43.6150839],[-70.2111997,43.6144176],[-70.2105881,43.6145301],[-70.2105264,43.6146536],[-70.2108283,43.614646],[-70.2105169,43.6148673],[-70.2107762,43.6147608],[-70.210599,43.6149321],[-70.2106989,43.6149824],[-70.2101488,43.6155735],[-70.2106412,43.6153798],[-70.2100827,43.6159208],[-70.2101925,43.6160257],[-70.209791,43.6163442],[-70.2100115,43.6163937],[-70.209969,43.6165308],[-70.2095158,43.616831],[-70.2089844,43.617507],[-70.2090937,43.617726],[-70.208998,43.6182357],[-70.2092654,43.6185308],[-70.2095357,43.6183628],[-70.2090556,43.6194443],[-70.2094779,43.6194155],[-70.209434,43.6196912],[-70.2086559,43.6199295],[-70.2082498,43.6202787],[-70.2081659,43.6206346],[-70.2082917,43.6209037],[-70.2080832,43.6209363],[-70.2081883,43.6210528],[-70.2077595,43.6213398]]]},"properties":{"objtype":"DEPARE","label":"shallow area","valsou":-2.8,"depth_label":"-2.8-0.0m","chart":"US5PWMCC"}},{"type":"Feature","geometry":{"type":"Polygon","coordinates":[[[-70.2,43.6492486],[-70.2,43.6495461],[-70.2003805,43.6493664],[-70.2002992,43.6492182],[-70.2,43.6492486]]]},"properties":{"objtype":"DEPARE","label":"shallow area","valsou":-2.8,"depth_label":"-2.8-0.0m","chart":"US5PWMCC"}},{"type":"Feature","geometry":{"type":"Polygon","coordinates":[[[-70.2491323,43.6448832],[-70.2492221,43.6449193],[-70.2495004,43.645075],[-70.2493205,43.6450292],[-70.2491323,43.6448832]]]},"properties":{"objtype":"DEPARE","label":"shallow area","valsou":-2.8,"depth_label":"-2.8-0.0m","chart":"US5PWMCC"}},{"type":"Feature","geometry":{"type":"Polygon","coordinates":[[[-70.2535462,43.6422218],[-70.253185,43.6423435],[-70.2525371,43.643166],[-70.254046,43.6426122],[-70.2544137,43.6430131],[-70.2523044,43.644254],[-70.2528747,43.6449223],[-70.253626,43.644945],[-70.2531304,43.6444473],[-70.2534269,43.644306],[-70.2537182,43.6444697],[-70.2538689,43.6441482],[-70.2546511,43.6436773],[-70.2545241,43.6432038],[-70.2554606,43.6426732],[-70.2561646,43.6427865],[-70.2568941,43.6439384],[-70.2564018,43.6442514],[-70.2556127,43.6443553],[-70.2558879,43.6445152],[-70.2558085,43.6447529],[-70.2560534,43.6446969],[-70.2559244,43.6448577],[-70.2556107,43.6447939],[-70.2556357,43.6449187],[-70.2554343,43.6447479],[-70.2552359,43.6448198],[-70.2553331,43.6449134],[-70.2552109,43.6450217],[-70.2543752,43.6451445],[-70.2540137,43.6449976],[-70.2534147,43.6443618],[-70.2532855,43.644408],[-70.2538908,43.6452285],[-70.2534994,43.6453226],[-70.2534339,43.645435],[-70.2536073,43.6455926],[-70.2534279,43.6456363],[-70.2520645,43.6442538],[-70.2523765,43.6436863],[-70.252729,43.6435362],[-70.2526075,43.6434509],[-70.2527315,43.6433003],[-70.2524692,43.6432337],[-70.2524615,43.6430386],[-70.2531012,43.6423397],[-70.2535462,43.6422218]]]},"properties":{"objtype":"DEPARE","label":"shallow area","valsou":-2.8,"depth_label":"-2.8-0.0m","chart":"US5PWMCC"}},{"type":"Feature","geometry":{"type":"Polygon","coordinates":[[[-70.2572911,43.6438863],[-70.2573187,43.6437195],[-70.2571574,43.6436384],[-70.2572478,43.6435272],[-70.2568313,43.6430852],[-70.2567374,43.6425647],[-70.256153,43.6417727],[-70.2561625,43.6411087],[-70.2564997,43.6397144],[-70.2571006,43.6397766],[-70.2574278,43.6396832],[-70.2575128,43.6394301],[-70.2589752,43.6393678],[-70.2591574,43.6379932],[-70.2587866,43.6378597],[-70.2586498,43.6373995],[-70.2593865,43.6364388],[-70.2591589,43.6361454],[-70.2586359,43.6359013],[-70.2583423,43.6352534],[-70.2577958,43.6351374],[-70.2573243,43.6345665],[-70.2580288,43.6339745],[-70.2586781,43.6337568],[-70.2589186,43.6341406],[-70.2591751,43.6342213],[-70.2608315,43.6339532],[-70.263642,43.6339694],[-70.2641764,43.633587],[-70.2647382,43.6336435],[-70.2648456,43.6334845],[-70.2656201,43.6338348],[-70.2657457,43.6341481],[-70.2654554,43.6346348],[-70.2654355,43.635006],[-70.2655197,43.6380579],[-70.2668002,43.6387937],[-70.2653543,43.6404008],[-70.2650656,43.6400581],[-70.2649129,43.6402882],[-70.265024,43.6404074],[-70.2639872,43.64046],[-70.2640763,43.6400331],[-70.2637474,43.639666],[-70.2634573,43.6397622],[-70.2634548,43.6399528],[-70.2638126,43.6400135],[-70.2638649,43.6403376],[-70.2635416,43.6405164],[-70.2629259,43.6405484],[-70.2622156,43.6404034],[-70.2623622,43.6401177],[-70.2620588,43.6403327],[-70.2616096,43.6402009],[-70.2618105,43.6401317],[-70.2617436,43.6400392],[-70.2621818,43.6400677],[-70.2624549,43.6398645],[-70.2624841,43.6401637],[-70.2629,43.6401086],[-70.2631212,43.6397956],[-70.2638263,43.6395422],[-70.2639088,43.6393384],[-70.2633369,43.6390671],[-70.2631895,43.638752],[-70.2627083,43.6390539],[-70.2621254,43.6390791],[-70.2617121,43.6386754],[-70.261658,43.6381414],[-70.2615653,43.6387062],[-70.2621454,43.6393776],[-70.2617986,43.6392812],[-70.261341,43.6388712],[-70.2610553,43.6388505],[-70.2608827,43.6390154],[-70.2607756,43.6388623],[-70.2607109,43.6390129],[-70.2609993,43.6392297],[-70.2607839,43.6394521],[-70.2609301,43.6397581],[-70.261388,43.6400389],[-70.2610215,43.6400539],[-70.2607358,43.6402796],[-70.2604242,43.6399061],[-70.2604778,43.6402913],[-70.26028,43.6403419],[-70.2606254,43.64058],[-70.2603491,43.6408005],[-70.260212,43.6411924],[-70.2604182,43.6416084],[-70.2594051,43.6410881],[-70.2589745,43.6412212],[-70.2592269,43.6414694],[-70.2599847,43.6416383],[-70.2595675,43.6416176],[-70.2594401,43.6418692],[-70.258338,43.6419655],[-70.2585405,43.6414804],[-70.2580604,43.6413262],[-70.2578745,43.6414142],[-70.2577663,43.6415722],[-70.2581619,43.641645],[-70.25818,43.6418408],[-70.2578905,43.6421379],[-70.2575696,43.6421696],[-70.2574937,43.6424039],[-70.2578817,43.642663],[-70.2576254,43.6427616],[-70.2578617,43.6431281],[-70.2577487,43.6433194],[-70.2578435,43.6434368],[-70.2575232,43.6436691],[-70.2576387,43.6439784],[-70.2575011,43.6440509],[-70.2572911,43.6438863]]]},"properties":{"objtype":"DEPARE","label":"shallow area","valsou":-2.8,"depth_label":"-2.8-0.0m","chart":"US5PWMCC"}},{"type":"Feature","geometry":{"type":"Polygon","coordinates":[[[-70.2143781,43.5936111],[-70.2140524,43.5938267],[-70.2139848,43.5939252],[-70.2143781,43.5936111]]]},"properties":{"objtype":"DEPARE","label":"shallow area","valsou":-2.8,"depth_label":"-2.8-0.0m","chart":"US5PWMCC"}},{"type":"Feature","geometry":{"type":"Polygon","coordinates":[[[-70.2103709,43.6143289],[-70.210527,43.6141011],[-70.2101934,43.6139173],[-70.2097828,43.6139267],[-70.2097293,43.6137047],[-70.2090202,43.6136951],[-70.2093005,43.6134044],[-70.2091303,43.613382],[-70.2093572,43.6130981],[-70.2097076,43.6133775],[-70.2101128,43.6132562],[-70.210006,43.6130652],[-70.2093223,43.6129614],[-70.2096221,43.6128964],[-70.2095668,43.6127329],[-70.2097761,43.6125904],[-70.209907,43.6126718],[-70.210046,43.6123266],[-70.2102387,43.612338],[-70.2101549,43.6120223],[-70.2106767,43.6119503],[-70.2105693,43.6118541],[-70.2108976,43.6116641],[-70.210729,43.6115648],[-70.2113297,43.6112162],[-70.211196,43.6111343],[-70.2112434,43.6109303],[-70.2119985,43.6104073],[-70.2120191,43.6102558],[-70.2117238,43.6103705],[-70.2115057,43.6102305],[-70.2121095,43.6099488],[-70.2120187,43.6098555],[-70.2123541,43.6095083],[-70.2119783,43.6097022],[-70.2121138,43.6093513],[-70.2128486,43.6087256],[-70.2129991,43.6088538],[-70.2132854,43.6086975],[-70.2134935,43.6086881],[-70.2134256,43.6088303],[-70.2140962,43.6086961],[-70.2151521,43.60918],[-70.2155147,43.6086769],[-70.215361,43.6086372],[-70.2154309,43.6084396],[-70.215328,43.6084715],[-70.2151699,43.6084111],[-70.2154127,43.6084177],[-70.2154982,43.6081789],[-70.2151393,43.6082868],[-70.2150512,43.6080404],[-70.2156623,43.6075537],[-70.215165,43.6075456],[-70.2149385,43.6077678],[-70.2146198,43.6077157],[-70.2152004,43.6074495],[-70.2151611,43.6073402],[-70.2147416,43.6073642],[-70.2150007,43.6072314],[-70.2150288,43.6069971],[-70.2155542,43.6063749],[-70.2159189,43.6061918],[-70.2151701,43.6063029],[-70.2149794,43.6061985],[-70.2147015,43.606479],[-70.2144532,43.6064654],[-70.2139588,43.6069695],[-70.2136008,43.6069696],[-70.2136935,43.6066744],[-70.214341,43.6064727],[-70.2141291,43.6060404],[-70.2145581,43.6056879],[-70.2143283,43.6056056],[-70.2144752,43.6055043],[-70.2142619,43.6053677],[-70.2144077,43.6052074],[-70.2138807,43.6049244],[-70.2135539,43.6049778],[-70.2137757,43.6048025],[-70.2137156,43.6046523],[-70.2142585,43.604211],[-70.2136581,43.6043725],[-70.2133935,43.6042127],[-70.2133412,43.6040758],[-70.2135903,43.6039101],[-70.213464,43.6038722],[-70.2137899,43.6036695],[-70.2136746,43.6038025],[-70.2139138,43.6037592],[-70.2135326,43.6040274],[-70.2139627,43.6040151],[-70.2138499,43.6042477],[-70.2144257,43.6040544],[-70.2146047,43.6042112],[-70.2137688,43.6046674],[-70.2138863,43.6048263],[-70.2148818,43.604813],[-70.2151037,43.6050273],[-70.214893,43.6051795],[-70.2151218,43.6051396],[-70.21506,43.6053914],[-70.2152453,43.6053772],[-70.2143377,43.6061118],[-70.2158368,43.6058401],[-70.2162707,43.6061994],[-70.2162457,43.6065171],[-70.2157478,43.6065637],[-70.2156621,43.6066245],[-70.2159041,43.6067262],[-70.2158091,43.6068617],[-70.2151984,43.6071026],[-70.2159362,43.6071744],[-70.2161313,43.6073788],[-70.2158274,43.6078242],[-70.2160473,43.6078233],[-70.2159495,43.6079642],[-70.2161166,43.6080756],[-70.2160912,43.6083273],[-70.2155875,43.6087173],[-70.2159021,43.6086358],[-70.2158751,43.6088889],[-70.2160685,43.6088246],[-70.2159392,43.6092064],[-70.2162681,43.6092598],[-70.2157365,43.6097397],[-70.2150692,43.6099562],[-70.2142763,43.6099672],[-70.2137886,43.6097424],[-70.2139813,43.6092606],[-70.2137317,43.6089572],[-70.2127537,43.6096626],[-70.2126911,43.6098944],[-70.2128676,43.6099407],[-70.2125648,43.6103849],[-70.2122155,43.6103573],[-70.2118596,43.6106752],[-70.2122736,43.6108482],[-70.2116326,43.6120972],[-70.2113034,43.6122523],[-70.2107431,43.6119907],[-70.2105866,43.6121185],[-70.2108216,43.6122836],[-70.2107333,43.612368],[-70.2101019,43.6127041],[-70.2096615,43.6127544],[-70.2097783,43.6129901],[-70.2099791,43.6129695],[-70.2098652,43.6128003],[-70.2104229,43.6129467],[-70.2108195,43.6128009],[-70.2110385,43.6130628],[-70.2111788,43.6136881],[-70.2109717,43.6138819],[-70.2112171,43.6139204],[-70.2112978,43.6141505],[-70.2110262,43.61435],[-70.2106653,43.6142084],[-70.2103709,43.6143289]]]},"properties":{"objtype":"DEPARE","label":"shallow area","valsou":-2.8,"depth_label":"-2.8-0.0m","chart":"US5PWMCC"}},{"type":"Feature","geometry":{"type":"Polygon","coordinates":[[[-70.2425439,43.6493288],[-70.2432478,43.6497415],[-70.2429358,43.6493047],[-70.2430574,43.649237],[-70.2433924,43.6495809],[-70.244228,43.6488517],[-70.2444145,43.6490641],[-70.2447376,43.6488584],[-70.244612,43.648423],[-70.2449362,43.648351],[-70.2446987,43.6486859],[-70.2448292,43.6488738],[-70.2444201,43.6491237],[-70.2440332,43.6491956],[-70.2436325,43.6496839],[-70.2436542,43.6498859],[-70.2432713,43.6498278],[-70.2427463,43.65],[-70.2425439,43.6493288]]]},"properties":{"objtype":"DEPARE","label":"shallow area","valsou":-2.8,"depth_label":"-2.8-0.0m","chart":"US5PWMCC"}},{"type":"Feature","geometry":{"type":"Polygon","coordinates":[[[-70.2034216,43.5843487],[-70.2034256,43.5844387],[-70.203563,43.5843299],[-70.2034216,43.5843487]]]},"properties":{"objtype":"DEPARE","label":"shallow area","valsou":-2.8,"depth_label":"-2.8-0.0m","chart":"US5PWMCC"}},{"type":"Feature","geometry":{"type":"Polygon","coordinates":[[[-70.215233,43.601276],[-70.2142555,43.6016798],[-70.2146805,43.6015995],[-70.2142671,43.6019774],[-70.2146152,43.6019542],[-70.2146428,43.602128],[-70.2150887,43.6022029],[-70.2151625,43.6023542],[-70.2149273,43.6024824],[-70.2153623,43.602508],[-70.2146864,43.6029801],[-70.2147558,43.6030534],[-70.2160356,43.6023557],[-70.2158708,43.6020088],[-70.2155338,43.6018595],[-70.2151828,43.6019663],[-70.215015,43.6018555],[-70.2148195,43.6020251],[-70.215233,43.601276]]]},"properties":{"objtype":"DEPARE","label":"shallow area","valsou":-2.8,"depth_label":"-2.8-0.0m","chart":"US5PWMCC"}},{"type":"Feature","geometry":{"type":"Polygon","coordinates":[[[-70.2041064,43.587642],[-70.2041404,43.5876683],[-70.2041669,43.5876219],[-70.2041064,43.587642]]]},"properties":{"objtype":"DEPARE","label":"shallow area","valsou":-2.8,"depth_label":"-2.8-0.0m","chart":"US5PWMCC"}},{"type":"Feature","geometry":{"type":"Polygon","coordinates":[[[-70.2014431,43.575],[-70.2012024,43.5751634],[-70.201234,43.5754508],[-70.2017463,43.5753886],[-70.2014528,43.5757229],[-70.2019071,43.5757747],[-70.2038447,43.575],[-70.2033714,43.575],[-70.2023451,43.5754062],[-70.202311,43.5752847],[-70.202154,43.5753344],[-70.2023037,43.5750919],[-70.2021313,43.575],[-70.2014431,43.575]]]},"properties":{"objtype":"DEPARE","label":"shallow area","valsou":-2.8,"depth_label":"-2.8-0.0m","chart":"US5PWMCC"}},{"type":"Feature","geometry":{"type":"Polygon","coordinates":[[[-70.2031603,43.6462038],[-70.202903,43.6457473],[-70.2019823,43.6452947],[-70.2002888,43.6460983],[-70.2000323,43.6461173],[-70.2,43.6458601],[-70.2002092,43.6460327],[-70.2006779,43.6456238],[-70.2020193,43.6450612],[-70.2025269,43.6450874],[-70.2031189,43.645485],[-70.203596,43.6460964],[-70.2031674,43.64674],[-70.2029512,43.6468353],[-70.2031785,43.647024],[-70.203499,43.6469884],[-70.2042168,43.6463693],[-70.2050893,43.646018],[-70.2061557,43.6452262],[-70.2068463,43.6449387],[-70.207311,43.6442271],[-70.2068288,43.6435927],[-70.2068753,43.6428982],[-70.2079949,43.6421859],[-70.2081347,43.6418573],[-70.2085645,43.6418919],[-70.2083957,43.6417343],[-70.2085599,43.6415729],[-70.2097125,43.6415056],[-70.2094903,43.6412167],[-70.2098255,43.6408968],[-70.2099451,43.6405343],[-70.2095037,43.6401546],[-70.2092379,43.6401874],[-70.2091473,43.6399577],[-70.2086178,43.6399641],[-70.2078761,43.6396261],[-70.2063735,43.6395775],[-70.2053433,43.6388052],[-70.2057138,43.6383258],[-70.205458,43.6378144],[-70.2066622,43.6366024],[-70.2065953,43.6361129],[-70.2067147,43.6359115],[-70.2065821,43.635865],[-70.2065112,43.635407],[-70.2066654,43.6345804],[-70.2068751,43.6343699],[-70.2063511,43.6345116],[-70.2064378,43.6342447],[-70.2061133,43.6343649],[-70.2057487,43.6347387],[-70.2057616,43.6349294],[-70.205992,43.6349396],[-70.2057635,43.6351608],[-70.2052322,43.6352219],[-70.205277,43.6350244],[-70.2049788,43.6353264],[-70.2044361,43.6354388],[-70.2045121,43.6352684],[-70.2040549,43.63573],[-70.2023372,43.6361156],[-70.2002282,43.6375261],[-70.2,43.6375116],[-70.2,43.6373247],[-70.2010758,43.6369136],[-70.2019095,43.6359626],[-70.2024723,43.6359881],[-70.2038674,43.6354446],[-70.2038674,43.6355554],[-70.2040183,43.6355146],[-70.2049598,43.6348931],[-70.2056382,43.634776],[-70.206353,43.6339777],[-70.2063816,43.6341188],[-70.2066961,43.6340449],[-70.2067681,43.6341988],[-70.2071877,43.6340819],[-70.2070628,43.6345945],[-70.2073958,43.6348748],[-70.2068003,43.6355797],[-70.2070525,43.6357838],[-70.2068847,43.6359927],[-70.2070724,43.6363207],[-70.2057677,43.6376877],[-70.2057825,43.638744],[-70.2067046,43.6394001],[-70.2076714,43.6394173],[-70.2078935,43.639235],[-70.2083187,43.6393189],[-70.2087352,43.6397299],[-70.2093747,43.6397652],[-70.209739,43.6401099],[-70.2101141,43.6401926],[-70.2101707,43.6407045],[-70.2098557,43.6411743],[-70.2097617,43.6416597],[-70.2094917,43.6415268],[-70.2087743,43.6417204],[-70.2085697,43.6419457],[-70.2082933,43.6420125],[-70.2072323,43.6428863],[-70.2072139,43.6433942],[-70.2074614,43.6437628],[-70.2080512,43.6435721],[-70.2083116,43.64368],[-70.2079072,43.6438374],[-70.2079868,43.6441102],[-70.2066516,43.6452808],[-70.2068127,43.6458348],[-70.207291,43.6457904],[-70.2071505,43.6460059],[-70.206572,43.6462757],[-70.2063372,43.6461891],[-70.2062953,43.6459196],[-70.2059983,43.6459058],[-70.2042858,43.6466811],[-70.2042473,43.6468729],[-70.2040378,43.6468176],[-70.2027279,43.6472996],[-70.2025334,43.6471325],[-70.2031603,43.6462038]]]},"properties":{"objtype":"DEPARE","label":"shallow area","valsou":-2.8,"depth_label":"-2.8-0.0m","chart":"US5PWMCC"}},{"type":"Feature","geometry":{"type":"Polygon","coordinates":[[[-70.1874987,43.6308436],[-70.1873748,43.6308522],[-70.1872979,43.6309418],[-70.1874987,43.6308436]]]},"properties":{"objtype":"DEPARE","label":"shallow area","valsou":-2.8,"depth_label":"-2.8-0.0m","chart":"US5PWMCD"}},{"type":"Feature","geometry":{"type":"Polygon","coordinates":[[[-70.1881495,43.6311698],[-70.1881602,43.631271],[-70.1883144,43.6311293],[-70.1881495,43.6311698]]]},"properties":{"objtype":"DEPARE","label":"shallow area","valsou":-2.8,"depth_label":"-2.8-0.0m","chart":"US5PWMCD"}},{"type":"Feature","geometry":{"type":"Polygon","coordinates":[[[-70.1906567,43.6449455],[-70.1902546,43.6450572],[-70.1902185,43.6453259],[-70.1903042,43.6451827],[-70.1906567,43.6449455]]]},"properties":{"objtype":"DEPARE","label":"shallow area","valsou":-2.8,"depth_label":"-2.8-0.0m","chart":"US5PWMCD"}},{"type":"Feature","geometry":{"type":"Polygon","coordinates":[[[-70.1877603,43.6309134],[-70.1869465,43.6315366],[-70.1861634,43.6318873],[-70.1861584,43.6321027],[-70.185759,43.632274],[-70.1856349,43.6324997],[-70.1852346,43.6326224],[-70.1846496,43.6332118],[-70.1846615,43.6333702],[-70.1840619,43.6338212],[-70.1840026,43.6339345],[-70.1841608,43.6338912],[-70.1840327,43.6342165],[-70.1847366,43.633876],[-70.1843408,43.6342043],[-70.1854253,43.6337701],[-70.1854269,43.6340074],[-70.1856756,43.6337651],[-70.1860953,43.6338233],[-70.1862624,43.6335117],[-70.1860025,43.6333272],[-70.1862189,43.6328892],[-70.1864004,43.6329462],[-70.1865219,43.6333035],[-70.1868339,43.6331291],[-70.1869074,43.6327398],[-70.1871252,43.6327779],[-70.1870249,43.6326217],[-70.1871721,43.6324543],[-70.1873521,43.6324733],[-70.1872515,43.6324178],[-70.1873824,43.6323126],[-70.1872654,43.6321261],[-70.1873495,43.6318788],[-70.1875716,43.6317574],[-70.1877288,43.6315083],[-70.1875793,43.6314872],[-70.1879881,43.6310107],[-70.1877603,43.6309134]]]},"properties":{"objtype":"DEPARE","label":"shallow area","valsou":-2.8,"depth_label":"-2.8-0.0m","chart":"US5PWMCD"}},{"type":"Feature","geometry":{"type":"Polygon","coordinates":[[[-70.1844507,43.633077],[-70.1848574,43.6327494],[-70.1846748,43.6330325],[-70.1847799,43.6330126],[-70.1851748,43.6325542],[-70.184672,43.6326755],[-70.1844507,43.633077]]]},"properties":{"objtype":"DEPARE","label":"shallow area","valsou":-2.8,"depth_label":"-2.8-0.0m","chart":"US5PWMCD"}},{"type":"Feature","geometry":{"type":"Polygon","coordinates":[[[-70.1842315,43.6329674],[-70.1841297,43.633006],[-70.184125,43.633032],[-70.1842315,43.6329674]]]},"properties":{"objtype":"DEPARE","label":"shallow area","valsou":-2.8,"depth_label":"-2.8-0.0m","chart":"US5PWMCD"}},{"type":"Feature","geometry":{"type":"Polygon","coordinates":[[[-70.1923172,43.6435384],[-70.1914326,43.6440936],[-70.1913395,43.6439383],[-70.1912173,43.6440565],[-70.1914153,43.6441871],[-70.1910791,43.6444237],[-70.1910718,43.6441848],[-70.1907778,43.6443382],[-70.1910335,43.6445013],[-70.1907735,43.6448949],[-70.1914521,43.6446557],[-70.1916061,43.6442338],[-70.1926998,43.6433851],[-70.1925471,43.6432071],[-70.1933004,43.6427639],[-70.1926337,43.6430084],[-70.1923172,43.6435384]]]},"properties":{"objtype":"DEPARE","label":"shallow area","valsou":-2.8,"depth_label":"-2.8-0.0m","chart":"US5PWMCD"}},{"type":"Feature","geometry":{"type":"Polygon","coordinates":[[[-70.125,43.6488663],[-70.125,43.6499667],[-70.125299,43.6498096],[-70.1251873,43.6497795],[-70.1252644,43.649644],[-70.1250983,43.6496643],[-70.1252858,43.6493555],[-70.1250745,43.649369],[-70.1254111,43.6490561],[-70.1254212,43.6489356],[-70.1251559,43.6491601],[-70.1256162,43.6484359],[-70.1255574,43.6480231],[-70.125,43.6482475],[-70.125,43.6485956],[-70.1253079,43.6485167],[-70.125,43.6488663]]]},"properties":{"objtype":"DEPARE","label":"shallow area","valsou":-2.8,"depth_label":"-2.8-0.0m","chart":"US5PWMCD"}},{"type":"Feature","geometry":{"type":"Polygon","coordinates":[[[-70.1954957,43.65],[-70.1954579,43.6498274],[-70.1951373,43.6499284],[-70.195096,43.6496219],[-70.1944701,43.65],[-70.1954957,43.65]]]},"properties":{"objtype":"DEPARE","label":"shallow area","valsou":-2.8,"depth_label":"-2.8-0.0m","chart":"US5PWMCD"}},{"type":"Feature","geometry":{"type":"Polygon","coordinates":[[[-70.1906943,43.646002],[-70.1903396,43.6460223],[-70.1906045,43.6462368],[-70.1906943,43.646002]]]},"properties":{"objtype":"DEPARE","label":"shallow area","valsou":-2.8,"depth_label":"-2.8-0.0m","chart":"US5PWMCD"}},{"type":"Feature","geometry":{"type":"Polygon","coordinates":[[[-70.1988843,43.6496728],[-70.198301,43.65],[-70.198691,43.65],[-70.1990009,43.6497758],[-70.1992709,43.65],[-70.1996475,43.65],[-70.2,43.6495461],[-70.2,43.6492486],[-70.1997877,43.6494902],[-70.1996682,43.6491908],[-70.199182,43.6491374],[-70.198901,43.6493215],[-70.1990236,43.6494657],[-70.1988843,43.6496728]]]},"properties":{"objtype":"DEPARE","label":"shallow area","valsou":-2.8,"depth_label":"-2.8-0.0m","chart":"US5PWMCD"}},{"type":"Feature","geometry":{"type":"Polygon","coordinates":[[[-70.184585,43.6351272],[-70.1849426,43.63478],[-70.1845679,43.6351146],[-70.184585,43.6351272]]]},"properties":{"objtype":"DEPARE","label":"shallow area","valsou":-2.8,"depth_label":"-2.8-0.0m","chart":"US5PWMCD"}},{"type":"Feature","geometry":{"type":"Polygon","coordinates":[[[-70.1850113,43.6351809],[-70.1852159,43.6349088],[-70.1849254,43.6350863],[-70.1850113,43.6351809]]]},"properties":{"objtype":"DEPARE","label":"shallow area","valsou":-2.8,"depth_label":"-2.8-0.0m","chart":"US5PWMCD"}},{"type":"Feature","geometry":{"type":"Polygon","coordinates":[[[-70.1881319,43.6358273],[-70.1880891,43.635996],[-70.1882497,43.6358966],[-70.1881319,43.6358273]]]},"properties":{"objtype":"DEPARE","label":"shallow area","valsou":-2.8,"depth_label":"-2.8-0.0m","chart":"US5PWMCD"}},{"type":"Feature","geometry":{"type":"Polygon","coordinates":[[[-70.1890321,43.637092],[-70.1894025,43.6365445],[-70.1883205,43.6367043],[-70.1878781,43.6365641],[-70.1879204,43.6361034],[-70.1877695,43.6360514],[-70.1879471,43.6357029],[-70.1886404,43.635248],[-70.1886006,43.6350021],[-70.1880095,43.635025],[-70.1882544,43.6346928],[-70.1880265,43.6347843],[-70.1880957,43.6346433],[-70.1879023,43.6346463],[-70.1877952,43.6342749],[-70.1866762,43.6343465],[-70.1867756,43.6341527],[-70.1866004,43.633965],[-70.1863558,43.634211],[-70.1859971,43.6352095],[-70.1854762,43.6350031],[-70.184544,43.6353846],[-70.1846381,43.6354313],[-70.1844986,43.635589],[-70.1848411,43.6354053],[-70.1851222,43.6354969],[-70.1850212,43.6356716],[-70.1853405,43.6359144],[-70.184731,43.6363391],[-70.1851111,43.6364396],[-70.1846292,43.6371805],[-70.1850809,43.6368056],[-70.1849513,43.6372809],[-70.1847417,43.6374001],[-70.1849648,43.6374509],[-70.1847184,43.6377496],[-70.1848574,43.637726],[-70.1848954,43.6379982],[-70.1841261,43.63895],[-70.184418,43.6388471],[-70.1850977,43.6380761],[-70.1854347,43.6382405],[-70.1853326,43.6385896],[-70.1857267,43.6386119],[-70.1851386,43.6393982],[-70.1862952,43.6392447],[-70.1864699,43.6394212],[-70.1874123,43.6387738],[-70.1882516,43.6377707],[-70.1884597,43.6379134],[-70.1884646,43.6375875],[-70.1886802,43.6373146],[-70.1891483,43.6372924],[-70.1892181,43.6371014],[-70.1890321,43.637092]],[[-70.1888369,43.6367261],[-70.1876764,43.6379368],[-70.1875019,43.6382598],[-70.1876454,43.6382142],[-70.1875978,43.6383536],[-70.1869796,43.6388605],[-70.187081,43.638942],[-70.1865512,43.6392055],[-70.1863882,43.6391701],[-70.186569,43.6389634],[-70.1857335,43.6390352],[-70.1857908,43.6388225],[-70.1863844,43.6383538],[-70.1860041,43.6376834],[-70.1856331,43.637538],[-70.1856831,43.6371497],[-70.1854478,43.6370201],[-70.1859293,43.6366717],[-70.1870463,43.6348344],[-70.1874752,43.6349457],[-70.187616,43.6351464],[-70.1878428,43.6350544],[-70.1877104,43.6351974],[-70.1878259,43.6355675],[-70.1873468,43.6362692],[-70.1874869,43.636497],[-70.1876416,43.636415],[-70.1875168,43.6365673],[-70.1877043,43.6367513],[-70.1879069,43.6366677],[-70.1878372,43.6368121],[-70.1880584,43.6369514],[-70.1887237,43.6366639],[-70.1888369,43.6367261]]]},"properties":{"objtype":"DEPARE","label":"shallow area","valsou":-2.8,"depth_label":"-2.8-0.0m","chart":"US5PWMCD"}},{"type":"Feature","geometry":{"type":"Polygon","coordinates":[[[-70.2,43.6373247],[-70.1991383,43.6378942],[-70.1986972,43.6379828],[-70.1986901,43.6384024],[-70.19956,43.6376731],[-70.2,43.6375116],[-70.2,43.6373247]]]},"properties":{"objtype":"DEPARE","label":"shallow area","valsou":-2.8,"depth_label":"-2.8-0.0m","chart":"US5PWMCD"}},{"type":"Feature","geometry":{"type":"Polygon","coordinates":[[[-70.1919178,43.6465347],[-70.1916477,43.6463631],[-70.1910792,43.646498],[-70.1936047,43.6469472],[-70.1938889,43.6464628],[-70.1938781,43.6459802],[-70.1944736,43.645545],[-70.1959015,43.6453362],[-70.1977748,43.6444818],[-70.1985372,43.6448315],[-70.1983023,43.6454328],[-70.198485,43.6456145],[-70.1991991,43.6457103],[-70.2,43.6460882],[-70.2,43.6458601],[-70.1997498,43.6458486],[-70.1994075,43.645521],[-70.1985531,43.645499],[-70.1986301,43.6450735],[-70.1988736,43.6448891],[-70.1987286,43.6446379],[-70.1982469,43.6443569],[-70.1976954,43.6443045],[-70.1972902,43.6446569],[-70.196865,43.6447117],[-70.1956443,43.6453032],[-70.1952259,43.645207],[-70.194306,43.6454047],[-70.1937061,43.6458302],[-70.1934835,43.6463529],[-70.1932601,43.6464623],[-70.1919178,43.6465347]]]},"properties":{"objtype":"DEPARE","label":"shallow area","valsou":-2.8,"depth_label":"-2.8-0.0m","chart":"US5PWMCD"}},{"type":"Feature","geometry":{"type":"Polygon","coordinates":[[[-70.199633,43.6365603],[-70.1996257,43.6364519],[-70.199942,43.6363241],[-70.1998019,43.6365741],[-70.199633,43.6365603]]]},"properties":{"objtype":"DEPARE","label":"shallow area","valsou":-2.8,"depth_label":"-2.8-0.0m","chart":"US5PWMCD"}},{"type":"Feature","geometry":{"type":"Polygon","coordinates":[[[-70.1964719,43.6395454],[-70.1960795,43.6400766],[-70.1952942,43.6406774],[-70.1949883,43.6411838],[-70.1946784,43.6411898],[-70.1943896,43.6414926],[-70.1940245,43.6415425],[-70.1937818,43.6418369],[-70.1940177,43.6417487],[-70.1939728,43.641904],[-70.1934214,43.6423356],[-70.1932824,43.642643],[-70.1940253,43.6419732],[-70.1941441,43.6417169],[-70.19524,43.6412246],[-70.1953329,43.6408486],[-70.1967452,43.6396475],[-70.1970715,43.6396274],[-70.1972457,43.639426],[-70.1971354,43.6393893],[-70.1974397,43.6393296],[-70.1984873,43.6385116],[-70.1980995,43.638599],[-70.1981349,43.6383678],[-70.1978602,43.6385523],[-70.1978516,43.6388734],[-70.1975316,43.6390799],[-70.1972288,43.6390407],[-70.1967421,43.6395175],[-70.1964719,43.6395454]]]},"properties":{"objtype":"DEPARE","label":"shallow area","valsou":-2.8,"depth_label":"-2.8-0.0m","chart":"US5PWMCD"}},{"type":"Feature","geometry":{"type":"Polygon","coordinates":[[[-70.1227097,43.6497912],[-70.1228645,43.6496748],[-70.1228749,43.6496643],[-70.1227097,43.6497912]]]},"properties":{"objtype":"DEPARE","label":"shallow area","valsou":-2.8,"depth_label":"-2.8-0.0m","chart":"US5PWMCE"}},{"type":"Feature","geometry":{"type":"Polygon","coordinates":[[[-70.125,43.6488663],[-70.1247795,43.6491167],[-70.1246169,43.6496637],[-70.1249004,43.6496704],[-70.1246597,43.65],[-70.125,43.6499667],[-70.125,43.6488663]]]},"properties":{"objtype":"DEPARE","label":"shallow area","valsou":-2.8,"depth_label":"-2.8-0.0m","chart":"US5PWMCE"}},{"type":"Feature","geometry":{"type":"Polygon","coordinates":[[[-70.125,43.6482475],[-70.1239582,43.6490255],[-70.1236923,43.6488241],[-70.1239515,43.6486296],[-70.1233501,43.648714],[-70.123209,43.6492027],[-70.1235863,43.6491821],[-70.1227875,43.6497972],[-70.1230062,43.6497556],[-70.1229292,43.65],[-70.1232964,43.6498836],[-70.1235235,43.6496998],[-70.1234295,43.6495412],[-70.1241257,43.6491906],[-70.1239943,43.6490992],[-70.1241245,43.6489822],[-70.124719,43.6487101],[-70.125,43.6482475]]]},"properties":{"objtype":"DEPARE","label":"shallow area","valsou":-2.8,"depth_label":"-2.8-0.0m","chart":"US5PWMCE"}},{"type":"Feature","geometry":{"type":"Polygon","coordinates":[[[-70.1226705,43.6498182],[-70.1225942,43.6498602],[-70.1225088,43.6499521],[-70.1226705,43.6498182]]]},"properties":{"objtype":"DEPARE","label":"shallow area","valsou":-2.8,"depth_label":"-2.8-0.0m","chart":"US5PWMCE"}},{"type":"Feature","geometry":{"type":"Polygon","coordinates":[[[-70.1228859,43.6495792],[-70.1229989,43.6495618],[-70.1230556,43.6494948],[-70.1230313,43.6494958],[-70.1228859,43.6495792]]]},"properties":{"objtype":"DEPARE","label":"shallow area","valsou":-2.8,"depth_label":"-2.8-0.0m","chart":"US5PWMCE"}},{"type":"Feature","geometry":{"type":"Polygon","coordinates":[[[-70.1211413,43.6470708],[-70.1212539,43.6470363],[-70.1211155,43.6471746],[-70.1211413,43.6470708]]]},"properties":{"objtype":"DEPARE","label":"shallow area","valsou":-2.8,"depth_label":"-2.8-0.0m","chart":"US5PWMCE"}},{"type":"Feature","geometry":{"type":"Polygon","coordinates":[[[-70.1229661,43.6483966],[-70.1232187,43.6483936],[-70.1233406,43.6481609],[-70.1231157,43.6481746],[-70.1229661,43.6483966]]]},"properties":{"objtype":"DEPARE","label":"shallow area","valsou":-2.8,"depth_label":"-2.8-0.0m","chart":"US5PWMCE"}},{"type":"Feature","geometry":{"type":"Polygon","coordinates":[[[-70.1223019,43.6482429],[-70.1224062,43.6483215],[-70.1223051,43.6485824],[-70.1229047,43.648327],[-70.1230345,43.6481063],[-70.123057,43.6479836],[-70.1227227,43.6478216],[-70.1232143,43.6471079],[-70.1230179,43.6472258],[-70.1230846,43.6469079],[-70.1229051,43.6470154],[-70.1227488,43.6468909],[-70.1230356,43.6467215],[-70.1231634,43.6462923],[-70.1224291,43.6468293],[-70.1226444,43.6465252],[-70.122464,43.6465972],[-70.1224682,43.6464514],[-70.1219502,43.6468574],[-70.1217996,43.6467917],[-70.1210024,43.647491],[-70.1213512,43.6474604],[-70.1209502,43.6479092],[-70.1213194,43.6477246],[-70.1208321,43.6484288],[-70.1213665,43.6480243],[-70.1211808,43.648333],[-70.1216409,43.6480645],[-70.1217207,43.648179],[-70.1212819,43.6485653],[-70.1220434,43.6480277],[-70.1217977,43.6485716],[-70.1223019,43.6482429]],[[-70.1213395,43.6478636],[-70.1224967,43.6469418],[-70.122163,43.6476745],[-70.1213395,43.6478636]]]},"properties":{"objtype":"DEPARE","label":"shallow area","valsou":-2.8,"depth_label":"-2.8-0.0m","chart":"US5PWMCE"}},{"type":"Feature","geometry":{"type":"Polygon","coordinates":[[[-70.1238614,43.648363],[-70.123632,43.6485272],[-70.1235928,43.6485759],[-70.1238614,43.648363]]]},"properties":{"objtype":"DEPARE","label":"shallow area","valsou":-2.8,"depth_label":"-2.8-0.0m","chart":"US5PWMCE"}},{"type":"Feature","geometry":{"type":"Polygon","coordinates":[[[-70.123273,43.6477427],[-70.123631,43.6474053],[-70.1234182,43.6474578],[-70.1235892,43.6472257],[-70.1233925,43.6474338],[-70.123273,43.6477427]]]},"properties":{"objtype":"DEPARE","label":"shallow area","valsou":-2.8,"depth_label":"-2.8-0.0m","chart":"US5PWMCE"}},{"type":"Feature","geometry":{"type":"Polygon","coordinates":[[[-70.125,43.6484532],[-70.125,43.6485956],[-70.1249219,43.6486157],[-70.125,43.6484532]]]},"properties":{"objtype":"DEPARE","label":"shallow area","valsou":-2.8,"depth_label":"-2.8-0.0m","chart":"US5PWMCE"}},{"type":"Feature","geometry":{"type":"Polygon","coordinates":[[[-70.2881082,43.65],[-70.2856997,43.65],[-70.2872472,43.6509878],[-70.2877693,43.6506782],[-70.2881082,43.65]]]},"properties":{"objtype":"DEPARE","label":"shallow area","valsou":-2.8,"depth_label":"-2.8-0.0m","chart":"US5PWMDB"}},{"type":"Feature","geometry":{"type":"Polygon","coordinates":[[[-70.3080473,43.6617848],[-70.307721,43.6615817],[-70.3080421,43.6612884],[-70.3091412,43.6615835],[-70.3109981,43.6606858],[-70.3111686,43.6600143],[-70.3109007,43.6595791],[-70.3108835,43.6591082],[-70.3110488,43.6589053],[-70.3107873,43.6587319],[-70.3098267,43.6590817],[-70.3073086,43.657987],[-70.3056139,43.6577584],[-70.3041647,43.6573584],[-70.3028024,43.6566381],[-70.3019928,43.6561588],[-70.3006647,43.6543181],[-70.30029,43.6529415],[-70.2998865,43.6525119],[-70.2978499,43.6524617],[-70.2970577,43.6522869],[-70.2955802,43.6517634],[-70.2935675,43.6506477],[-70.2930429,43.6513715],[-70.2931005,43.6516835],[-70.2934197,43.6516829],[-70.2937655,43.6522457],[-70.2934771,43.6521614],[-70.2935834,43.6523609],[-70.2931336,43.6525251],[-70.2933082,43.6526534],[-70.2932078,43.652503],[-70.2937319,43.6524271],[-70.294417,43.6527771],[-70.295018,43.65284],[-70.2950136,43.6529896],[-70.2943083,43.6531992],[-70.2932642,43.6527676],[-70.2929638,43.6525529],[-70.2926925,43.6520474],[-70.2927155,43.6517458],[-70.2924117,43.6510426],[-70.2925047,43.65],[-70.2933526,43.65],[-70.2948418,43.650655],[-70.2951847,43.6504073],[-70.2959722,43.6504559],[-70.297949,43.6509289],[-70.2994152,43.6517392],[-70.3003263,43.6524401],[-70.3013633,43.6547025],[-70.3020132,43.6556778],[-70.3025666,43.6561756],[-70.3054084,43.6575709],[-70.3065705,43.657491],[-70.3078693,43.6571766],[-70.308551,43.6572341],[-70.3091338,43.6577061],[-70.3097165,43.6577838],[-70.3104137,43.6581607],[-70.3110881,43.6589244],[-70.3112875,43.6593826],[-70.3115058,43.659133],[-70.3111732,43.6588946],[-70.3104732,43.6578788],[-70.3103084,43.6579511],[-70.309858,43.6577553],[-70.3092409,43.6576583],[-70.3090034,43.6574851],[-70.3092066,43.6573949],[-70.3081709,43.6569119],[-70.3085763,43.6567165],[-70.3081977,43.6567115],[-70.3082949,43.6566433],[-70.3095571,43.6564429],[-70.3094689,43.6563598],[-70.3107813,43.6563262],[-70.3106385,43.6565766],[-70.3089331,43.6566268],[-70.3098983,43.6570252],[-70.3102392,43.6574576],[-70.3111371,43.6579237],[-70.3110738,43.6586703],[-70.3116434,43.6590154],[-70.3119485,43.6595497],[-70.3120871,43.659448],[-70.3121684,43.659561],[-70.3119578,43.6596722],[-70.3118981,43.6602267],[-70.3115634,43.6600743],[-70.3111789,43.6610756],[-70.3095314,43.6617204],[-70.3100382,43.6620237],[-70.3085071,43.6615562],[-70.3080473,43.6617848]]]},"properties":{"objtype":"DEPARE","label":"shallow area","valsou":-2.8,"depth_label":"-2.8-0.0m","chart":"US5PWMDB"}},{"type":"Feature","geometry":{"type":"Polygon","coordinates":[[[-70.3074877,43.6566689],[-70.3074632,43.6567576],[-70.3075298,43.6567661],[-70.3074877,43.6566689]]]},"properties":{"objtype":"DEPARE","label":"shallow area","valsou":-2.8,"depth_label":"-2.8-0.0m","chart":"US5PWMDB"}},{"type":"Feature","geometry":{"type":"Polygon","coordinates":[[[-70.2989891,43.65],[-70.296211,43.65],[-70.2971915,43.6500942],[-70.2991122,43.6505882],[-70.300637,43.6515176],[-70.3011831,43.652301],[-70.3015983,43.6538454],[-70.3021086,43.6549861],[-70.3024357,43.6554834],[-70.3034073,43.6562553],[-70.3050313,43.65709],[-70.3059701,43.6572494],[-70.3069604,43.6570187],[-70.3076442,43.6564257],[-70.3083099,43.6564315],[-70.3076682,43.656517],[-70.3077613,43.6567446],[-70.3089403,43.6563765],[-70.3073807,43.6559332],[-70.3074303,43.6556657],[-70.3072991,43.6555824],[-70.3060569,43.6555539],[-70.3047676,43.6550381],[-70.3047563,43.654742],[-70.3041261,43.6540764],[-70.3040069,43.6535587],[-70.3036551,43.6532803],[-70.303227,43.6522393],[-70.3028369,43.65179],[-70.3028798,43.651258],[-70.2996627,43.6503372],[-70.2989891,43.65]]]},"properties":{"objtype":"DEPARE","label":"shallow area","valsou":-2.8,"depth_label":"-2.8-0.0m","chart":"US5PWMDB"}},{"type":"Feature","geometry":{"type":"Polygon","coordinates":[[[-70.2905587,43.65],[-70.2897694,43.65],[-70.2891583,43.6519513],[-70.289386,43.6519925],[-70.2895974,43.6512141],[-70.2900317,43.6508371],[-70.2905587,43.65]]]},"properties":{"objtype":"DEPARE","label":"shallow area","valsou":-2.8,"depth_label":"-2.8-0.0m","chart":"US5PWMDB"}},{"type":"Feature","geometry":{"type":"Polygon","coordinates":[[[-70.275,43.6687393],[-70.275,43.6764517],[-70.2752233,43.6756833],[-70.2758225,43.6748376],[-70.2760208,43.6747777],[-70.2758409,43.6746739],[-70.2757727,43.6743153],[-70.2760709,43.6733976],[-70.2765613,43.6730142],[-70.2766341,43.6725584],[-70.276898,43.6723907],[-70.2766039,43.6721002],[-70.2766521,43.6713809],[-70.2773191,43.6708297],[-70.2768103,43.6701674],[-70.2770218,43.6698914],[-70.2768407,43.6694594],[-70.2772304,43.669214],[-70.2764713,43.6690028],[-70.2756006,43.6689944],[-70.275,43.6687393]]]},"properties":{"objtype":"DEPARE","label":"shallow area","valsou":-2.8,"depth_label":"-2.8-0.0m","chart":"US5PWMDB"}},{"type":"Feature","geometry":{"type":"Polygon","coordinates":[[[-70.2188225,43.6690367],[-70.2191643,43.669515],[-70.2193028,43.6694518],[-70.2189381,43.6690142],[-70.2188225,43.6690367]]]},"properties":{"objtype":"DEPARE","label":"shallow area","valsou":-2.8,"depth_label":"-2.8-0.0m","chart":"US5PWMDC"}},{"type":"Feature","geometry":{"type":"Polygon","coordinates":[[[-70.2026698,43.6689134],[-70.2029335,43.6692701],[-70.2034695,43.6692687],[-70.2030019,43.6687934],[-70.2026698,43.6689134]]]},"properties":{"objtype":"DEPARE","label":"shallow area","valsou":-2.8,"depth_label":"-2.8-0.0m","chart":"US5PWMDC"}},{"type":"Feature","geometry":{"type":"Polygon","coordinates":[[[-70.2632463,43.7162268],[-70.2627089,43.7156516],[-70.2616137,43.7155949],[-70.2607826,43.7159807],[-70.2615023,43.7160098],[-70.2638937,43.7165739],[-70.2630855,43.7162628],[-70.2632463,43.7162268]]]},"properties":{"objtype":"DEPARE","label":"shallow area","valsou":-2.8,"depth_label":"-2.8-0.0m","chart":"US5PWMDC"}},{"type":"Feature","geometry":{"type":"Polygon","coordinates":[[[-70.2646964,43.679327],[-70.2640639,43.6793422],[-70.2624228,43.678676],[-70.2615029,43.6785429],[-70.2597668,43.6786732],[-70.2571846,43.678386],[-70.2569225,43.6780527],[-70.2569034,43.6770874],[-70.2567679,43.6769356],[-70.2560635,43.6769945],[-70.2558728,43.6772082],[-70.2561,43.6777594],[-70.2559252,43.6783045],[-70.2554164,43.6783282],[-70.2552881,43.6782139],[-70.2552795,43.6775648],[-70.25484,43.6774708],[-70.2547702,43.6771088],[-70.2550195,43.6772361],[-70.2553981,43.6768495],[-70.2559227,43.677018],[-70.256869,43.676689],[-70.2571013,43.6769115],[-70.2575325,43.6769128],[-70.2614777,43.6765388],[-70.2620581,43.6762206],[-70.2622717,43.6757621],[-70.2625532,43.6757782],[-70.2626466,43.6756061],[-70.2626556,43.6760773],[-70.2628548,43.6761658],[-70.2631044,43.676855],[-70.2632754,43.6769686],[-70.2632938,43.6768062],[-70.263491,43.6769437],[-70.2637921,43.6768567],[-70.2646965,43.6773132],[-70.2648281,43.6772424],[-70.2631532,43.676444],[-70.2630558,43.6757512],[-70.2636066,43.675007],[-70.2640059,43.674838],[-70.2641356,43.6749179],[-70.2641815,43.6747382],[-70.2644034,43.6749463],[-70.2652111,43.6751871],[-70.2652227,43.6748773],[-70.2653849,43.6751376],[-70.2656201,43.6750345],[-70.2656514,43.6752011],[-70.2659013,43.6752751],[-70.2676018,43.6754709],[-70.2670892,43.6753595],[-70.2671656,43.6752025],[-70.2659899,43.6750704],[-70.2658895,43.6748285],[-70.2656271,43.6747878],[-70.2655961,43.6745163],[-70.265274,43.6746411],[-70.2650744,43.6744174],[-70.2649643,43.6744733],[-70.2649561,43.6742845],[-70.2643387,43.6743348],[-70.2638095,43.6739389],[-70.2633666,43.6740261],[-70.2631254,43.673729],[-70.2634498,43.6739412],[-70.2637598,43.6739097],[-70.2637118,43.6731874],[-70.2638821,43.6731896],[-70.2637659,43.6729707],[-70.2646705,43.6728312],[-70.2653235,43.6730837],[-70.2659612,43.6728028],[-70.2652976,43.6729801],[-70.2649776,43.6728421],[-70.265501,43.6725825],[-70.2646571,43.6726382],[-70.2644009,43.6724445],[-70.2643394,43.6727238],[-70.2638141,43.6727314],[-70.2632121,43.6725423],[-70.2631808,43.6721751],[-70.2628441,43.6717705],[-70.2620514,43.6710547],[-70.2617916,43.6710751],[-70.2617529,43.6712411],[-70.2613291,43.6711711],[-70.2614188,43.6708738],[-70.2611555,43.6706748],[-70.2606303,43.6706646],[-70.2606463,43.6710587],[-70.260483,43.6710738],[-70.2616516,43.6726856],[-70.2616839,43.6729471],[-70.2613812,43.6733378],[-70.261126,43.6733777],[-70.261216,43.673679],[-70.2609148,43.6740491],[-70.2600199,43.6734088],[-70.2599009,43.6728259],[-70.2599708,43.6717843],[-70.2603191,43.671116],[-70.2603293,43.6700348],[-70.2604791,43.6698696],[-70.2617667,43.6692984],[-70.2629256,43.6690002],[-70.2637649,43.6691079],[-70.2654612,43.6698294],[-70.2664183,43.66974],[-70.2653796,43.6696656],[-70.2646313,43.6692118],[-70.2644688,43.6689173],[-70.2658558,43.6691828],[-70.2673467,43.6697596],[-70.2659552,43.668967],[-70.2639703,43.6683549],[-70.264375,43.6683624],[-70.2639454,43.6678385],[-70.2643011,43.6676021],[-70.2643266,43.6668445],[-70.2647827,43.6663209],[-70.2642844,43.6667235],[-70.2626925,43.6672986],[-70.2617989,43.6678935],[-70.2607744,43.668034],[-70.260019,43.6684446],[-70.2594447,43.6696876],[-70.2593563,43.6705734],[-70.258409,43.6731923],[-70.2582091,43.673523],[-70.2579635,43.6736144],[-70.2571946,43.6748193],[-70.2569234,43.6757289],[-70.256112,43.6758588],[-70.2556347,43.6756154],[-70.2556664,43.6748553],[-70.2552692,43.6744177],[-70.2536681,43.6740799],[-70.2489765,43.6736565],[-70.2484691,43.6734873],[-70.2479444,43.672872],[-70.2464283,43.6717897],[-70.2454848,43.6714155],[-70.2448842,43.6714937],[-70.2446099,43.6713575],[-70.2445209,43.6710376],[-70.2436192,43.6706378],[-70.2423869,43.6705417],[-70.2417128,43.6709541],[-70.2414125,43.6713486],[-70.2412058,43.6711769],[-70.2412755,43.6708858],[-70.2410254,43.6703386],[-70.2405649,43.6697071],[-70.2406468,43.6694625],[-70.2405209,43.669158],[-70.2390562,43.6672906],[-70.2385448,43.6668252],[-70.2378978,43.666544],[-70.2383016,43.6655792],[-70.2391375,43.664721],[-70.239456,43.6644747],[-70.2395616,43.6645929],[-70.2386012,43.6656755],[-70.2382949,43.6664014],[-70.2386846,43.6664684],[-70.2399967,43.6678367],[-70.2410085,43.6693548],[-70.2407542,43.6695568],[-70.2409638,43.669617],[-70.2408469,43.6697995],[-70.2414532,43.6707369],[-70.2419223,43.6707084],[-70.2419461,43.6704147],[-70.2422188,43.6702198],[-70.2428667,43.6701569],[-70.2474046,43.6720502],[-70.2494379,43.6733854],[-70.254891,43.6740807],[-70.2557089,43.6738178],[-70.2557983,43.6751997],[-70.2556789,43.675504],[-70.2560865,43.6757977],[-70.2568874,43.6756631],[-70.256891,43.6748444],[-70.2584464,43.672431],[-70.2587743,43.6715718],[-70.2591779,43.6695428],[-70.2598316,43.6681966],[-70.2606104,43.6676857],[-70.2617507,43.6674958],[-70.2621696,43.6670181],[-70.2621441,43.6663906],[-70.2622889,43.6662541],[-70.2627687,43.6663142],[-70.2635667,43.6660162],[-70.265619,43.6648815],[-70.2661707,43.6643482],[-70.2671154,43.6651081],[-70.2680223,43.6655163],[-70.2694973,43.6657734],[-70.2698117,43.6654816],[-70.2704367,43.6653404],[-70.2714468,43.6660298],[-70.2730602,43.6667568],[-70.2731771,43.6670966],[-70.2737605,43.6673529],[-70.275,43.6687393],[-70.275,43.6764517],[-70.2740261,43.6775281],[-70.273819,43.6775501],[-70.2731553,43.6782092],[-70.2729751,43.6784522],[-70.2730748,43.6787034],[-70.2721634,43.6789853],[-70.2721341,43.6793901],[-70.2715866,43.6797255],[-70.2703537,43.6796415],[-70.2701448,43.6792241],[-70.2695921,43.6793297],[-70.2696986,43.6791262],[-70.2694156,43.678809],[-70.2684116,43.6784791],[-70.267431,43.6785353],[-70.2660249,43.6790775],[-70.2649967,43.679127],[-70.2646964,43.679327]]]},"properties":{"objtype":"DEPARE","label":"shallow area","valsou":-2.8,"depth_label":"-2.8-0.0m","chart":"US5PWMDC"}},{"type":"Feature","geometry":{"type":"Polygon","coordinates":[[[-70.2020277,43.6839349],[-70.2002757,43.6851601],[-70.2,43.6855477],[-70.2,43.6863365],[-70.2005723,43.6858526],[-70.2008477,43.6850891],[-70.2011881,43.6849972],[-70.2029098,43.6837576],[-70.2029218,43.6834658],[-70.2034862,43.6832863],[-70.2035076,43.6831155],[-70.2041185,43.6826824],[-70.2052499,43.6822989],[-70.2049495,43.6821475],[-70.2049494,43.6818105],[-70.2051464,43.6817618],[-70.2049337,43.6815214],[-70.2051414,43.6812719],[-70.2049121,43.6811361],[-70.2057032,43.6803718],[-70.20533,43.6801545],[-70.2056199,43.679939],[-70.2053488,43.6798287],[-70.2056632,43.6787534],[-70.205387,43.6782829],[-70.2055941,43.6779623],[-70.2053607,43.6779723],[-70.2051929,43.6777715],[-70.2050166,43.6767784],[-70.205162,43.6763531],[-70.2056208,43.6762114],[-70.2053376,43.6760665],[-70.2052146,43.6756867],[-70.2060066,43.6751926],[-70.2057219,43.6748688],[-70.2058735,43.6740746],[-70.2056775,43.6737173],[-70.205847,43.673335],[-70.2056423,43.6729415],[-70.2057456,43.6726049],[-70.2055576,43.6727898],[-70.2053301,43.6725895],[-70.2054718,43.6719761],[-70.2053517,43.6718496],[-70.2057916,43.6717314],[-70.2064077,43.6712001],[-70.2067563,43.6711458],[-70.2069459,43.6709656],[-70.206787,43.6707196],[-70.2074819,43.6701961],[-70.2102127,43.6692029],[-70.2108989,43.6683209],[-70.2106803,43.6680965],[-70.2108765,43.6677412],[-70.2111671,43.6677217],[-70.2113929,43.6678963],[-70.2114368,43.6675814],[-70.2117301,43.6673694],[-70.2120265,43.6672937],[-70.2124607,43.6676073],[-70.2128513,43.6673429],[-70.2128174,43.6671111],[-70.2124379,43.667078],[-70.2124134,43.6664323],[-70.2131226,43.6652632],[-70.2130256,43.6649995],[-70.2121344,43.6644549],[-70.2119866,43.6638986],[-70.2121592,43.6634855],[-70.2127481,43.6630746],[-70.2125134,43.662721],[-70.2120477,43.6628813],[-70.2119535,43.6630687],[-70.2111013,43.6631004],[-70.2105198,43.662922],[-70.2103352,43.6626814],[-70.20869,43.6640368],[-70.2092448,43.6636559],[-70.2098337,43.663575],[-70.2100356,43.6633863],[-70.2099042,43.6631246],[-70.2100821,43.6629163],[-70.2103017,43.663124],[-70.2101282,43.6634037],[-70.2103909,43.6635137],[-70.2112393,43.6635086],[-70.2114275,43.6633825],[-70.2118818,43.6635273],[-70.2113853,43.6638918],[-70.2114602,43.6642752],[-70.2127673,43.6652875],[-70.2123638,43.6661775],[-70.2115173,43.6670621],[-70.2105295,43.6673952],[-70.2100823,43.6678207],[-70.2099597,43.6679893],[-70.2101016,43.6681734],[-70.2100294,43.6687461],[-70.2093315,43.6692486],[-70.208776,43.6694487],[-70.2082648,43.669415],[-70.2073735,43.6697434],[-70.2055079,43.6707278],[-70.2051048,43.6706313],[-70.2049171,43.6703038],[-70.2050284,43.6696125],[-70.2048052,43.6689116],[-70.2053291,43.6684961],[-70.2053409,43.6678571],[-70.2051235,43.6676925],[-70.2041157,43.6677316],[-70.2039154,43.6672509],[-70.2037665,43.6673257],[-70.2042337,43.6680809],[-70.2040441,43.6690636],[-70.2037858,43.6694005],[-70.2041629,43.6697694],[-70.2041842,43.6700639],[-70.2040096,43.6702604],[-70.202501,43.670654],[-70.2025403,43.6707728],[-70.2021612,43.6708817],[-70.2021205,43.6710571],[-70.2015904,43.6710719],[-70.2018099,43.6708458],[-70.2005117,43.6706961],[-70.2003099,43.6704524],[-70.2,43.6705355],[-70.2,43.6717434],[-70.2006523,43.6720086],[-70.2011745,43.6728356],[-70.2011717,43.6731541],[-70.201586,43.6731558],[-70.2021833,43.6728573],[-70.2026382,43.672886],[-70.20367,43.6724745],[-70.2046154,43.6727937],[-70.2050596,43.6732231],[-70.2048598,43.6747806],[-70.2043894,43.6759401],[-70.2044165,43.6774029],[-70.2048601,43.6781085],[-70.2048294,43.6791895],[-70.2044686,43.6802389],[-70.2040106,43.6812222],[-70.2021933,43.6831671],[-70.2020277,43.6839349]]]},"properties":{"objtype":"DEPARE","label":"shallow area","valsou":-2.8,"depth_label":"-2.8-0.0m","chart":"US5PWMDC"}},{"type":"Feature","geometry":{"type":"Polygon","coordinates":[[[-70.2199115,43.6647533],[-70.2198388,43.6650017],[-70.2199034,43.6652327],[-70.2201168,43.6649727],[-70.2199115,43.6647533]]]},"properties":{"objtype":"DEPARE","label":"shallow area","valsou":-2.8,"depth_label":"-2.8-0.0m","chart":"US5PWMDC"}},{"type":"Feature","geometry":{"type":"Polygon","coordinates":[[[-70.2354723,43.6848383],[-70.2354986,43.6843855],[-70.2353264,43.6845044],[-70.2353376,43.6847589],[-70.2350212,43.6852034],[-70.2354723,43.6848383]]]},"properties":{"objtype":"DEPARE","label":"shallow area","valsou":-2.8,"depth_label":"-2.8-0.0m","chart":"US5PWMDC"}},{"type":"Feature","geometry":{"type":"Polygon","coordinates":[[[-70.2427302,43.682456],[-70.2425057,43.6821914],[-70.2424245,43.682215],[-70.2421796,43.6825175],[-70.2424155,43.682477],[-70.2424541,43.6822254],[-70.2427302,43.682456]]]},"properties":{"objtype":"DEPARE","label":"shallow area","valsou":-2.8,"depth_label":"-2.8-0.0m","chart":"US5PWMDC"}},{"type":"Feature","geometry":{"type":"Polygon","coordinates":[[[-70.2437696,43.6818079],[-70.2435037,43.6817741],[-70.2433945,43.6817377],[-70.2435501,43.681701],[-70.2437696,43.6818079]]]},"properties":{"objtype":"DEPARE","label":"shallow area","valsou":-2.8,"depth_label":"-2.8-0.0m","chart":"US5PWMDC"}},{"type":"Feature","geometry":{"type":"Polygon","coordinates":[[[-70.2460617,43.6819569],[-70.2469572,43.6812314],[-70.2467077,43.6804327],[-70.2466926,43.6811337],[-70.2458591,43.6819621],[-70.2459406,43.6823033],[-70.2461057,43.6822363],[-70.2460617,43.6819569]]]},"properties":{"objtype":"DEPARE","label":"shallow area","valsou":-2.8,"depth_label":"-2.8-0.0m","chart":"US5PWMDC"}},{"type":"Feature","geometry":{"type":"Polygon","coordinates":[[[-70.2542455,43.6764645],[-70.2540592,43.6762392],[-70.2541196,43.6762544],[-70.2543547,43.6764773],[-70.2544488,43.6766186],[-70.2541197,43.6764623],[-70.2542455,43.6764645]]]},"properties":{"objtype":"DEPARE","label":"shallow area","valsou":-2.8,"depth_label":"-2.8-0.0m","chart":"US5PWMDC"}},{"type":"Feature","geometry":{"type":"Polygon","coordinates":[[[-70.2631159,43.673049],[-70.2629545,43.6731273],[-70.263087,43.6731443],[-70.2631159,43.673049]]]},"properties":{"objtype":"DEPARE","label":"shallow area","valsou":-2.8,"depth_label":"-2.8-0.0m","chart":"US5PWMDC"}},{"type":"Feature","geometry":{"type":"Polygon","coordinates":[[[-70.2647629,43.7167326],[-70.2639452,43.7163086],[-70.2632463,43.7162268],[-70.2645934,43.716797],[-70.2647629,43.7167326]]]},"properties":{"objtype":"DEPARE","label":"shallow area","valsou":-2.8,"depth_label":"-2.8-0.0m","chart":"US5PWMDC"}},{"type":"Feature","geometry":{"type":"Polygon","coordinates":[[[-70.2136386,43.7131311],[-70.2135539,43.7132411],[-70.2136387,43.7132676],[-70.2136386,43.7131311]]]},"properties":{"objtype":"DEPARE","label":"shallow area","valsou":-2.8,"depth_label":"-2.8-0.0m","chart":"US5PWMDC"}},{"type":"Feature","geometry":{"type":"Polygon","coordinates":[[[-70.2268276,43.6817784],[-70.2265176,43.6816339],[-70.2270617,43.6810718],[-70.2275217,43.6807997],[-70.2276659,43.6808654],[-70.2277695,43.6811977],[-70.2273573,43.6812765],[-70.2268276,43.6817784]]]},"properties":{"objtype":"DEPARE","label":"shallow area","valsou":-2.8,"depth_label":"-2.8-0.0m","chart":"US5PWMDC"}},{"type":"Feature","geometry":{"type":"Polygon","coordinates":[[[-70.2322912,43.6977336],[-70.2321967,43.6977116],[-70.2322006,43.6977779],[-70.2322912,43.6977336]]]},"properties":{"objtype":"DEPARE","label":"shallow area","valsou":-2.8,"depth_label":"-2.8-0.0m","chart":"US5PWMDC"}},{"type":"Feature","geometry":{"type":"Polygon","coordinates":[[[-70.2397152,43.6527874],[-70.2389755,43.6525312],[-70.2379357,43.653078],[-70.2378492,43.6532452],[-70.2379969,43.6535964],[-70.2376874,43.6538846],[-70.2388474,43.6530112],[-70.2392988,43.6528052],[-70.2399415,43.6527939],[-70.2403293,43.652466],[-70.2408004,43.6516103],[-70.2412581,43.6515726],[-70.2419742,43.65094],[-70.2426442,43.650618],[-70.2424223,43.6503903],[-70.2420774,43.6506022],[-70.2421205,43.6507404],[-70.2419473,43.6506957],[-70.2404431,43.6516365],[-70.2403937,43.6522112],[-70.2397152,43.6527874]]]},"properties":{"objtype":"DEPARE","label":"shallow area","valsou":-2.8,"depth_label":"-2.8-0.0m","chart":"US5PWMDC"}},{"type":"Feature","geometry":{"type":"Polygon","coordinates":[[[-70.2405042,43.6807126],[-70.2401126,43.6807154],[-70.2397684,43.6806194],[-70.2405042,43.6807126]]]},"properties":{"objtype":"DEPARE","label":"shallow area","valsou":-2.8,"depth_label":"-2.8-0.0m","chart":"US5PWMDC"}},{"type":"Feature","geometry":{"type":"Polygon","coordinates":[[[-70.2421957,43.6896363],[-70.2417731,43.6897385],[-70.2416544,43.6898573],[-70.2419511,43.6899855],[-70.2421957,43.6896363]]]},"properties":{"objtype":"DEPARE","label":"shallow area","valsou":-2.8,"depth_label":"-2.8-0.0m","chart":"US5PWMDC"}},{"type":"Feature","geometry":{"type":"Polygon","coordinates":[[[-70.2456343,43.6816114],[-70.2457858,43.6816454],[-70.2459094,43.6812837],[-70.245776,43.6815796],[-70.2456343,43.6816114]]]},"properties":{"objtype":"DEPARE","label":"shallow area","valsou":-2.8,"depth_label":"-2.8-0.0m","chart":"US5PWMDC"}},{"type":"Feature","geometry":{"type":"Polygon","coordinates":[[[-70.2479926,43.6813514],[-70.248679,43.6815087],[-70.2486814,43.6815737],[-70.248376,43.6817647],[-70.248447,43.6816523],[-70.2480993,43.6814222],[-70.2475769,43.6815713],[-70.2479926,43.6813514]]]},"properties":{"objtype":"DEPARE","label":"shallow area","valsou":-2.8,"depth_label":"-2.8-0.0m","chart":"US5PWMDC"}},{"type":"Feature","geometry":{"type":"Polygon","coordinates":[[[-70.2586699,43.7170939],[-70.2581474,43.7168244],[-70.2569508,43.7170605],[-70.25655,43.716728],[-70.254699,43.7162623],[-70.253143,43.7164987],[-70.2529946,43.7166996],[-70.2530934,43.7169014],[-70.2525476,43.7169877],[-70.2527516,43.71634],[-70.2521732,43.7159389],[-70.2521927,43.7157965],[-70.2524428,43.7154583],[-70.2527132,43.715715],[-70.2541154,43.7161738],[-70.2627768,43.7167969],[-70.2610336,43.7171357],[-70.2595691,43.7166028],[-70.2590806,43.7166168],[-70.2587103,43.7167535],[-70.2586699,43.7170939]]]},"properties":{"objtype":"DEPARE","label":"shallow area","valsou":-2.8,"depth_label":"-2.8-0.0m","chart":"US5PWMDC"}},{"type":"Feature","geometry":{"type":"Polygon","coordinates":[[[-70.2,43.6599856],[-70.2,43.6629761],[-70.2007385,43.6629145],[-70.2003188,43.6620556],[-70.2005303,43.6617984],[-70.2001986,43.6612051],[-70.2002352,43.660774],[-70.2000575,43.6606473],[-70.2001149,43.66005],[-70.2,43.6599856]]]},"properties":{"objtype":"DEPARE","label":"shallow area","valsou":-2.8,"depth_label":"-2.8-0.0m","chart":"US5PWMDC"}},{"type":"Feature","geometry":{"type":"Polygon","coordinates":[[[-70.2107908,43.6625072],[-70.2105371,43.6625062],[-70.2104968,43.6625328],[-70.2107908,43.6625072]]]},"properties":{"objtype":"DEPARE","label":"shallow area","valsou":-2.8,"depth_label":"-2.8-0.0m","chart":"US5PWMDC"}},{"type":"Feature","geometry":{"type":"Polygon","coordinates":[[[-70.2185821,43.6650058],[-70.2185047,43.6649823],[-70.2185497,43.6650438],[-70.2185821,43.6650058]]]},"properties":{"objtype":"DEPARE","label":"shallow area","valsou":-2.8,"depth_label":"-2.8-0.0m","chart":"US5PWMDC"}},{"type":"Feature","geometry":{"type":"Polygon","coordinates":[[[-70.2224595,43.663125],[-70.2226544,43.6625611],[-70.2220149,43.6627085],[-70.2220579,43.6625108],[-70.2216406,43.6625487],[-70.2219241,43.6622707],[-70.2219541,43.6620074],[-70.2216923,43.6622097],[-70.2213053,43.6621745],[-70.2206084,43.662833],[-70.2203411,43.662854],[-70.2203398,43.6630311],[-70.2200023,43.663278],[-70.2200222,43.6637141],[-70.2201654,43.6635549],[-70.2203574,43.6636305],[-70.2201952,43.6640463],[-70.2197419,43.6643847],[-70.2193439,43.6644463],[-70.2196071,43.6645466],[-70.2203516,43.664342],[-70.2202886,43.6646155],[-70.2204528,43.6646587],[-70.220437,43.6644822],[-70.2208538,43.6641627],[-70.2210446,43.664222],[-70.2218957,43.6637283],[-70.2223615,43.6639573],[-70.2221056,43.6647591],[-70.2232545,43.6642096],[-70.2234456,43.6642642],[-70.223291,43.6644407],[-70.2234027,43.6646435],[-70.2238387,43.6640687],[-70.2246147,43.6636824],[-70.2250544,43.6630738],[-70.224512,43.6630151],[-70.2235794,43.6635478],[-70.2231929,43.6633435],[-70.2225714,43.6636495],[-70.2222425,43.6634906],[-70.2224025,43.663321],[-70.2215009,43.6635912],[-70.2214083,43.6633481],[-70.2209691,43.6635145],[-70.2207348,43.6632002],[-70.220934,43.662869],[-70.2213626,43.6627059],[-70.2218446,43.6627845],[-70.2220476,43.6631032],[-70.221531,43.6633006],[-70.2224595,43.663125]]]},"properties":{"objtype":"DEPARE","label":"shallow area","valsou":-2.8,"depth_label":"-2.8-0.0m","chart":"US5PWMDC"}},{"type":"Feature","geometry":{"type":"Polygon","coordinates":[[[-70.2195047,43.663353],[-70.2195181,43.6636567],[-70.2198362,43.6633381],[-70.2198024,43.6632457],[-70.2195047,43.663353]]]},"properties":{"objtype":"DEPARE","label":"shallow area","valsou":-2.8,"depth_label":"-2.8-0.0m","chart":"US5PWMDC"}},{"type":"Feature","geometry":{"type":"Polygon","coordinates":[[[-70.2356984,43.6699497],[-70.235477,43.6701635],[-70.2353641,43.6697729],[-70.2367576,43.6696946],[-70.236844,43.669849],[-70.2362381,43.6703481],[-70.2359592,43.6703506],[-70.2356984,43.6699497]]]},"properties":{"objtype":"DEPARE","label":"shallow area","valsou":-2.8,"depth_label":"-2.8-0.0m","chart":"US5PWMDC"}},{"type":"Feature","geometry":{"type":"Polygon","coordinates":[[[-70.2357027,43.6839801],[-70.2358814,43.6841962],[-70.2360467,43.6840731],[-70.2358762,43.6844576],[-70.2359241,43.6842789],[-70.2357141,43.6841767],[-70.2357027,43.6839801]]]},"properties":{"objtype":"DEPARE","label":"shallow area","valsou":-2.8,"depth_label":"-2.8-0.0m","chart":"US5PWMDC"}},{"type":"Feature","geometry":{"type":"Polygon","coordinates":[[[-70.2449617,43.6819548],[-70.2448634,43.6820066],[-70.2449099,43.6820751],[-70.2449617,43.6819548]]]},"properties":{"objtype":"DEPARE","label":"shallow area","valsou":-2.8,"depth_label":"-2.8-0.0m","chart":"US5PWMDC"}},{"type":"Feature","geometry":{"type":"Polygon","coordinates":[[[-70.2455365,43.6835437],[-70.2449517,43.6835464],[-70.2451884,43.6833913],[-70.2454628,43.6834613],[-70.2458319,43.6830505],[-70.246178,43.6830397],[-70.2458442,43.683155],[-70.2455365,43.6835437]]]},"properties":{"objtype":"DEPARE","label":"shallow area","valsou":-2.8,"depth_label":"-2.8-0.0m","chart":"US5PWMDC"}},{"type":"Feature","geometry":{"type":"Polygon","coordinates":[[[-70.2540256,43.7148231],[-70.253507,43.7147245],[-70.2531026,43.7149119],[-70.2538108,43.7150317],[-70.2540256,43.7148231]]]},"properties":{"objtype":"DEPARE","label":"shallow area","valsou":-2.8,"depth_label":"-2.8-0.0m","chart":"US5PWMDC"}},{"type":"Feature","geometry":{"type":"Polygon","coordinates":[[[-70.2,43.6517762],[-70.2,43.6519764],[-70.2005536,43.6524096],[-70.2000851,43.6530573],[-70.2001722,43.6532181],[-70.2,43.6538149],[-70.2002639,43.6535362],[-70.2004637,43.6528945],[-70.2008879,43.6524259],[-70.2008056,43.6521115],[-70.2,43.6517762]]]},"properties":{"objtype":"DEPARE","label":"shallow area","valsou":-2.8,"depth_label":"-2.8-0.0m","chart":"US5PWMDC"}},{"type":"Feature","geometry":{"type":"Polygon","coordinates":[[[-70.2043426,43.666786],[-70.2038373,43.667015],[-70.2037526,43.6672046],[-70.2038429,43.6670715],[-70.2042652,43.6671101],[-70.2050961,43.666315],[-70.2064467,43.6658372],[-70.2071249,43.6654205],[-70.2074922,43.6654231],[-70.2082327,43.6644772],[-70.2074332,43.6652043],[-70.2047255,43.6663833],[-70.2043426,43.666786]]]},"properties":{"objtype":"DEPARE","label":"shallow area","valsou":-2.8,"depth_label":"-2.8-0.0m","chart":"US5PWMDC"}},{"type":"Feature","geometry":{"type":"Polygon","coordinates":[[[-70.2095492,43.6509709],[-70.2097906,43.6509113],[-70.2097747,43.6508787],[-70.2095492,43.6509709]]]},"properties":{"objtype":"DEPARE","label":"shallow area","valsou":-2.8,"depth_label":"-2.8-0.0m","chart":"US5PWMDC"}},{"type":"Feature","geometry":{"type":"Polygon","coordinates":[[[-70.2229947,43.6645054],[-70.2228966,43.6645799],[-70.2228098,43.6647898],[-70.2230101,43.6646445],[-70.2229947,43.6645054]]]},"properties":{"objtype":"DEPARE","label":"shallow area","valsou":-2.8,"depth_label":"-2.8-0.0m","chart":"US5PWMDC"}},{"type":"Feature","geometry":{"type":"Polygon","coordinates":[[[-70.2282634,43.65],[-70.2279337,43.6502741],[-70.2283202,43.650743],[-70.228222,43.6505257],[-70.2284277,43.6503275],[-70.2294945,43.6502236],[-70.2282634,43.65]]]},"properties":{"objtype":"DEPARE","label":"shallow area","valsou":-2.8,"depth_label":"-2.8-0.0m","chart":"US5PWMDC"}},{"type":"Feature","geometry":{"type":"Polygon","coordinates":[[[-70.2363574,43.6551031],[-70.2364469,43.6549965],[-70.2363375,43.6549206],[-70.236684,43.6548766],[-70.2363574,43.6551031]]]},"properties":{"objtype":"DEPARE","label":"shallow area","valsou":-2.8,"depth_label":"-2.8-0.0m","chart":"US5PWMDC"}},{"type":"Feature","geometry":{"type":"Polygon","coordinates":[[[-70.241888,43.6828306],[-70.2421854,43.6826745],[-70.2422192,43.682703],[-70.2421386,43.6828121],[-70.241888,43.6828306]]]},"properties":{"objtype":"DEPARE","label":"shallow area","valsou":-2.8,"depth_label":"-2.8-0.0m","chart":"US5PWMDC"}},{"type":"Feature","geometry":{"type":"Polygon","coordinates":[[[-70.2439422,43.6839389],[-70.2440699,43.684213],[-70.2442134,43.6840862],[-70.2439422,43.6839389]]]},"properties":{"objtype":"DEPARE","label":"shallow area","valsou":-2.8,"depth_label":"-2.8-0.0m","chart":"US5PWMDC"}},{"type":"Feature","geometry":{"type":"Polygon","coordinates":[[[-70.2449761,43.6830693],[-70.2452083,43.6830014],[-70.2448826,43.6833169],[-70.2449761,43.6830693]]]},"properties":{"objtype":"DEPARE","label":"shallow area","valsou":-2.8,"depth_label":"-2.8-0.0m","chart":"US5PWMDC"}},{"type":"Feature","geometry":{"type":"Polygon","coordinates":[[[-70.2474227,43.658545],[-70.2465805,43.6595957],[-70.2465879,43.6596532],[-70.2480318,43.6585446],[-70.2474227,43.658545]]]},"properties":{"objtype":"DEPARE","label":"shallow area","valsou":-2.8,"depth_label":"-2.8-0.0m","chart":"US5PWMDC"}},{"type":"Feature","geometry":{"type":"Polygon","coordinates":[[[-70.2254252,43.65],[-70.2244003,43.6514717],[-70.2249184,43.6512044],[-70.2248465,43.650953],[-70.2250487,43.6506328],[-70.2257455,43.6503008],[-70.2265594,43.65029],[-70.2270386,43.6505499],[-70.227821,43.6505682],[-70.2281554,43.6508072],[-70.2278881,43.6504062],[-70.2264108,43.65],[-70.2254252,43.65]]]},"properties":{"objtype":"DEPARE","label":"shallow area","valsou":-2.8,"depth_label":"-2.8-0.0m","chart":"US5PWMDC"}},{"type":"Feature","geometry":{"type":"Polygon","coordinates":[[[-70.2359426,43.6556809],[-70.2349848,43.6556177],[-70.2347998,43.6555407],[-70.2355631,43.6554611],[-70.2359426,43.6556809]]]},"properties":{"objtype":"DEPARE","label":"shallow area","valsou":-2.8,"depth_label":"-2.8-0.0m","chart":"US5PWMDC"}},{"type":"Feature","geometry":{"type":"Polygon","coordinates":[[[-70.2453329,43.6592367],[-70.2450767,43.6594739],[-70.2451225,43.6595536],[-70.2452879,43.6596046],[-70.2451542,43.6595128],[-70.2454272,43.6593039],[-70.2453329,43.6592367]]]},"properties":{"objtype":"DEPARE","label":"shallow area","valsou":-2.8,"depth_label":"-2.8-0.0m","chart":"US5PWMDC"}},{"type":"Feature","geometry":{"type":"Polygon","coordinates":[[[-70.2464354,43.6829814],[-70.2465464,43.6829768],[-70.2467553,43.682871],[-70.2467189,43.6828565],[-70.2464354,43.6829814]]]},"properties":{"objtype":"DEPARE","label":"shallow area","valsou":-2.8,"depth_label":"-2.8-0.0m","chart":"US5PWMDC"}},{"type":"Feature","geometry":{"type":"Polygon","coordinates":[[[-70.261697,43.6758687],[-70.2617364,43.6759528],[-70.2617722,43.6759236],[-70.261697,43.6758687]]]},"properties":{"objtype":"DEPARE","label":"shallow area","valsou":-2.8,"depth_label":"-2.8-0.0m","chart":"US5PWMDC"}},{"type":"Feature","geometry":{"type":"Polygon","coordinates":[[[-70.2368146,43.6830959],[-70.2375785,43.682116],[-70.2380564,43.6817696],[-70.2393334,43.6815631],[-70.2391562,43.6820184],[-70.2382803,43.6819926],[-70.2369567,43.6832426],[-70.2368146,43.6830959]]]},"properties":{"objtype":"DEPARE","label":"shallow area","valsou":-2.8,"depth_label":"-2.8-0.0m","chart":"US5PWMDC"}},{"type":"Feature","geometry":{"type":"Polygon","coordinates":[[[-70.2530082,43.7147983],[-70.2534191,43.7142601],[-70.2538921,43.714354],[-70.2540661,43.7141365],[-70.2549367,43.7142356],[-70.2555334,43.7140942],[-70.2554018,43.7145532],[-70.2557234,43.7145737],[-70.2558343,43.7147486],[-70.2564231,43.7144047],[-70.2575101,43.714255],[-70.2583575,43.7139068],[-70.2588427,43.7136832],[-70.2588298,43.7134435],[-70.2591521,43.7132714],[-70.2596846,43.7137577],[-70.2587467,43.7142681],[-70.2587335,43.7145591],[-70.2597446,43.715152],[-70.260176,43.7160575],[-70.2603487,43.7160357],[-70.2601567,43.7161333],[-70.2591213,43.7159988],[-70.2562998,43.715487],[-70.2543142,43.7148523],[-70.2537347,43.7145079],[-70.253367,43.7145444],[-70.2530082,43.7147983]]]},"properties":{"objtype":"DEPARE","label":"shallow area","valsou":-2.8,"depth_label":"-2.8-0.0m","chart":"US5PWMDC"}},{"type":"Feature","geometry":{"type":"Polygon","coordinates":[[[-70.2472356,43.6811136],[-70.2473898,43.6814358],[-70.2476543,43.6813656],[-70.2474208,43.6811281],[-70.2472356,43.6811136]]]},"properties":{"objtype":"DEPARE","label":"shallow area","valsou":-2.8,"depth_label":"-2.8-0.0m","chart":"US5PWMDC"}},{"type":"Feature","geometry":{"type":"Polygon","coordinates":[[[-70.2462895,43.6801977],[-70.2464662,43.6803511],[-70.2465439,43.6800328],[-70.2464844,43.6801568],[-70.2462895,43.6801977]]]},"properties":{"objtype":"DEPARE","label":"shallow area","valsou":-2.8,"depth_label":"-2.8-0.0m","chart":"US5PWMDC"}},{"type":"Feature","geometry":{"type":"Polygon","coordinates":[[[-70.2540678,43.6950488],[-70.2542523,43.6957555],[-70.2538768,43.6969669],[-70.2527356,43.6983925],[-70.2521988,43.6982484],[-70.2523863,43.6979772],[-70.2522297,43.6978216],[-70.2514385,43.697771],[-70.2507667,43.6972694],[-70.2495138,43.6970508],[-70.2491007,43.6975057],[-70.2489983,43.6979812],[-70.2489291,43.7025366],[-70.2482811,43.7068725],[-70.2484325,43.7086995],[-70.2487442,43.7098998],[-70.2493801,43.7113783],[-70.2508976,43.7136341],[-70.2519264,43.7144584],[-70.2520927,43.7144352],[-70.2519295,43.7142458],[-70.253261,43.7125314],[-70.2528977,43.7122637],[-70.2527487,43.7118818],[-70.2515861,43.7116192],[-70.2513043,43.7112504],[-70.2513649,43.7104754],[-70.2517407,43.7102251],[-70.2521215,43.7102927],[-70.2521527,43.7098208],[-70.2513016,43.7086367],[-70.2512676,43.7078906],[-70.2528696,43.7035233],[-70.254379,43.7017866],[-70.2557036,43.7010186],[-70.255717,43.7008885],[-70.2554535,43.7009002],[-70.2549377,43.7012136],[-70.2558406,43.6998746],[-70.2558974,43.6991637],[-70.255597,43.6971967],[-70.2556468,43.6970501],[-70.2559873,43.6970641],[-70.2553948,43.6963207],[-70.2554216,43.6958193],[-70.2557179,43.6955379],[-70.2555383,43.6953946],[-70.2552466,43.6958033],[-70.2548476,43.6958356],[-70.2543497,43.6952974],[-70.2542688,43.6947538],[-70.254394,43.6944135],[-70.2547454,43.6942388],[-70.2550683,43.693755],[-70.2556159,43.6926959],[-70.2555965,43.6924314],[-70.2559504,43.6920889],[-70.255887,43.6918998],[-70.2555915,43.6918496],[-70.2555697,43.6917314],[-70.2558269,43.6916472],[-70.2557656,43.6912498],[-70.2550632,43.6892663],[-70.2546749,43.6887776],[-70.2539428,43.6883754],[-70.2539477,43.6887983],[-70.2531052,43.6892411],[-70.2524898,43.6891052],[-70.2523086,43.6889035],[-70.2488995,43.6882784],[-70.2484558,43.6884251],[-70.2481907,43.6889099],[-70.2471032,43.6892879],[-70.2467796,43.6896776],[-70.2460265,43.6897958],[-70.244775,43.6892903],[-70.2449116,43.6890291],[-70.2445961,43.6885955],[-70.2449501,43.6880512],[-70.2460075,43.6872824],[-70.2467503,43.6869683],[-70.2474536,43.686894],[-70.2475215,43.6872186],[-70.2479023,43.6872779],[-70.2488923,43.6870689],[-70.2500236,43.6866076],[-70.2512547,43.6854914],[-70.2517325,43.6839946],[-70.2509647,43.6833649],[-70.2508923,43.6825858],[-70.2512823,43.6816408],[-70.2508632,43.681234],[-70.2513028,43.6801747],[-70.2529904,43.6788778],[-70.2519836,43.677231],[-70.2521437,43.6771793],[-70.2528307,43.6780743],[-70.252901,43.6777494],[-70.253675,43.6777214],[-70.2545615,43.6774391],[-70.254499,43.6770496],[-70.2542879,43.6771429],[-70.2541835,43.6767173],[-70.2537406,43.6765227],[-70.2537804,43.6762893],[-70.2538981,43.6763358],[-70.253537,43.6758644],[-70.2536099,43.67574],[-70.2533959,43.6756501],[-70.2526675,43.676303],[-70.2513672,43.6760775],[-70.2516888,43.676816],[-70.2517316,43.6773249],[-70.2526962,43.6787541],[-70.2522331,43.6786957],[-70.2512884,43.6790985],[-70.2508672,43.6788924],[-70.2504369,43.6790113],[-70.250272,43.6792212],[-70.2501248,43.6795484],[-70.2504217,43.6795767],[-70.2506369,43.679934],[-70.2504088,43.6814483],[-70.2495031,43.6835146],[-70.2491009,43.6840832],[-70.2486398,43.6843504],[-70.2484617,43.6842215],[-70.2481796,43.6842824],[-70.247352,43.6848457],[-70.2473085,43.6843497],[-70.2468518,43.6841122],[-70.2459952,43.6844207],[-70.2461439,43.6846821],[-70.2455079,43.6844471],[-70.2448024,43.6845103],[-70.2447773,43.6849204],[-70.2451304,43.6852653],[-70.2444024,43.6852412],[-70.2442559,43.6853552],[-70.2442678,43.6856379],[-70.2440312,43.6856294],[-70.2438431,43.6858329],[-70.2438616,43.6860363],[-70.2431919,43.6862373],[-70.242877,43.6865522],[-70.2433249,43.6868134],[-70.2440254,43.6866045],[-70.2440825,43.6867456],[-70.2445735,43.6867514],[-70.244773,43.6870924],[-70.2452091,43.6865756],[-70.2453227,43.686711],[-70.2464672,43.6867537],[-70.2447504,43.6878785],[-70.2443766,43.6884682],[-70.2432973,43.6886403],[-70.2444522,43.6885153],[-70.2443425,43.6887677],[-70.2441077,43.6887966],[-70.2446519,43.6893927],[-70.2458516,43.6899092],[-70.2462194,43.6899823],[-70.2473778,43.6894861],[-70.2479836,43.6894243],[-70.249813,43.6904743],[-70.2529648,43.6924532],[-70.2537471,43.6930964],[-70.2542142,43.6939884],[-70.2540678,43.6950488]]]},"properties":{"objtype":"DEPARE","label":"shallow area","valsou":-2.8,"depth_label":"-2.8-0.0m","chart":"US5PWMDC"}},{"type":"Feature","geometry":{"type":"Polygon","coordinates":[[[-70.2319897,43.6525881],[-70.2324508,43.6512736],[-70.2323032,43.6512199],[-70.2324233,43.6511113],[-70.2322864,43.6507735],[-70.2326983,43.6509277],[-70.2321536,43.652156],[-70.2321204,43.6527156],[-70.2345699,43.6547294],[-70.2349228,43.6550809],[-70.2350157,43.6554402],[-70.2347828,43.6554807],[-70.2346946,43.6550694],[-70.2341898,43.654527],[-70.2321597,43.6528645],[-70.2319897,43.6525881]]]},"properties":{"objtype":"DEPARE","label":"shallow area","valsou":-2.8,"depth_label":"-2.8-0.0m","chart":"US5PWMDC"}},{"type":"Feature","geometry":{"type":"Polygon","coordinates":[[[-70.2317846,43.6964618],[-70.2318751,43.6968167],[-70.232162,43.6967593],[-70.2320068,43.6965741],[-70.2317846,43.6964618]]]},"properties":{"objtype":"DEPARE","label":"shallow area","valsou":-2.8,"depth_label":"-2.8-0.0m","chart":"US5PWMDC"}},{"type":"Feature","geometry":{"type":"Polygon","coordinates":[[[-70.2161705,43.7159888],[-70.2160458,43.7161235],[-70.2161091,43.716243],[-70.2162667,43.7161099],[-70.2161705,43.7159888]]]},"properties":{"objtype":"DEPARE","label":"shallow area","valsou":-2.8,"depth_label":"-2.8-0.0m","chart":"US5PWMDC"}},{"type":"Feature","geometry":{"type":"Polygon","coordinates":[[[-70.2430216,43.65],[-70.2427463,43.65],[-70.2430437,43.6502589],[-70.2430216,43.65]]]},"properties":{"objtype":"DEPARE","label":"shallow area","valsou":-2.8,"depth_label":"-2.8-0.0m","chart":"US5PWMDC"}},{"type":"Feature","geometry":{"type":"Polygon","coordinates":[[[-70.2431452,43.6847036],[-70.2432,43.6839595],[-70.2427689,43.6839723],[-70.242133,43.6836508],[-70.2418966,43.6837078],[-70.2422761,43.6838573],[-70.2427451,43.6844007],[-70.2426488,43.6845208],[-70.2423258,43.6844602],[-70.242115,43.6847939],[-70.2421652,43.6851321],[-70.2423766,43.6853205],[-70.2426531,43.6853989],[-70.242992,43.6851944],[-70.2433381,43.6848478],[-70.2431452,43.6847036]]]},"properties":{"objtype":"DEPARE","label":"shallow area","valsou":-2.8,"depth_label":"-2.8-0.0m","chart":"US5PWMDC"}},{"type":"Feature","geometry":{"type":"Polygon","coordinates":[[[-70.2361591,43.6835386],[-70.2359739,43.6837583],[-70.2357857,43.6838349],[-70.2362932,43.683672],[-70.2361591,43.6835386]]]},"properties":{"objtype":"DEPARE","label":"shallow area","valsou":-2.8,"depth_label":"-2.8-0.0m","chart":"US5PWMDC"}},{"type":"Feature","geometry":{"type":"Polygon","coordinates":[[[-70.2322538,43.6964745],[-70.2324342,43.6963794],[-70.2324663,43.69626],[-70.2323026,43.6962578],[-70.2322538,43.6964745]]]},"properties":{"objtype":"DEPARE","label":"shallow area","valsou":-2.8,"depth_label":"-2.8-0.0m","chart":"US5PWMDC"}},{"type":"Feature","geometry":{"type":"Polygon","coordinates":[[[-70.2273603,43.6875175],[-70.2272089,43.6876422],[-70.2273921,43.6875671],[-70.2273603,43.6875175]]]},"properties":{"objtype":"DEPARE","label":"shallow area","valsou":-2.8,"depth_label":"-2.8-0.0m","chart":"US5PWMDC"}},{"type":"Feature","geometry":{"type":"Polygon","coordinates":[[[-70.2222033,43.6622015],[-70.2223187,43.6621626],[-70.2223222,43.6620505],[-70.2222212,43.6620825],[-70.2222033,43.6622015]]]},"properties":{"objtype":"DEPARE","label":"shallow area","valsou":-2.8,"depth_label":"-2.8-0.0m","chart":"US5PWMDC"}},{"type":"Feature","geometry":{"type":"Polygon","coordinates":[[[-70.2182433,43.6666056],[-70.2184435,43.6664938],[-70.2184419,43.6663774],[-70.2182433,43.6666056]]]},"properties":{"objtype":"DEPARE","label":"shallow area","valsou":-2.8,"depth_label":"-2.8-0.0m","chart":"US5PWMDC"}},{"type":"Feature","geometry":{"type":"Polygon","coordinates":[[[-70.2177377,43.6661207],[-70.2180387,43.6661703],[-70.218153,43.66615],[-70.2178854,43.666023],[-70.2177377,43.6661207]]]},"properties":{"objtype":"DEPARE","label":"shallow area","valsou":-2.8,"depth_label":"-2.8-0.0m","chart":"US5PWMDC"}},{"type":"Feature","geometry":{"type":"Polygon","coordinates":[[[-70.2130233,43.6518116],[-70.2138153,43.6509222],[-70.2138454,43.65],[-70.2144779,43.650065],[-70.2139976,43.6505784],[-70.2141157,43.6505929],[-70.2137527,43.6512582],[-70.2131337,43.6518775],[-70.2130233,43.6518116]]]},"properties":{"objtype":"DEPARE","label":"shallow area","valsou":-2.8,"depth_label":"-2.8-0.0m","chart":"US5PWMDC"}},{"type":"Feature","geometry":{"type":"Polygon","coordinates":[[[-70.2175572,43.7208779],[-70.2172218,43.7213892],[-70.2169267,43.7214514],[-70.2170114,43.7216516],[-70.2167592,43.7219202],[-70.2159917,43.7224606],[-70.2146385,43.7230775],[-70.2126995,43.725],[-70.2130524,43.725],[-70.2132639,43.7246549],[-70.2137683,43.7245033],[-70.2137268,43.7243718],[-70.2138415,43.7244551],[-70.2138112,43.7240483],[-70.2141866,43.723843],[-70.2145462,43.7233104],[-70.2162945,43.7226324],[-70.2164317,43.722369],[-70.2172931,43.7217962],[-70.2176302,43.7209769],[-70.2184579,43.7207022],[-70.2189362,43.7199492],[-70.2192897,43.7201666],[-70.219746,43.7199968],[-70.220227,43.7205526],[-70.2201302,43.7208907],[-70.2203557,43.7213781],[-70.2214059,43.7220129],[-70.2213734,43.7225394],[-70.2215698,43.723128],[-70.2214128,43.723394],[-70.2218994,43.7236175],[-70.2225695,43.7243911],[-70.2220397,43.7249095],[-70.2222474,43.7249929],[-70.2232843,43.7242535],[-70.2228279,43.7238168],[-70.2227428,43.7234344],[-70.2229556,43.7228176],[-70.2228816,43.7224051],[-70.2234052,43.7214273],[-70.2220286,43.7215705],[-70.2218611,43.721198],[-70.2215875,43.7211162],[-70.2226326,43.7189928],[-70.2225133,43.7183345],[-70.2222463,43.7181152],[-70.2217957,43.7180476],[-70.2215962,43.7177812],[-70.2223996,43.7171746],[-70.2225897,43.7168366],[-70.2225116,43.7161055],[-70.2216259,43.7154028],[-70.2211981,43.7155196],[-70.2204823,43.715096],[-70.2196156,43.7151364],[-70.2170729,43.7171276],[-70.21724,43.7166466],[-70.2170347,43.7162339],[-70.2176063,43.7150865],[-70.216996,43.714963],[-70.2162099,43.7154324],[-70.2162834,43.7152316],[-70.2167269,43.7149705],[-70.2164755,43.7145716],[-70.2169474,43.7135215],[-70.2183532,43.7123093],[-70.218506,43.7116588],[-70.2177584,43.7110577],[-70.2169615,43.7114504],[-70.2157222,43.7117639],[-70.2143857,43.7128132],[-70.2144087,43.7121753],[-70.2146602,43.7114782],[-70.2145838,43.7112476],[-70.2152754,43.7107683],[-70.2152869,43.7104493],[-70.2158853,43.7097365],[-70.2158118,43.7094603],[-70.2159927,43.7094533],[-70.2166291,43.7086676],[-70.2165484,43.7079965],[-70.216721,43.7078859],[-70.2170303,43.7079931],[-70.217291,43.7077724],[-70.2172457,43.7073383],[-70.2176951,43.7068466],[-70.2172196,43.7061675],[-70.2174427,43.7056772],[-70.2179493,43.7052559],[-70.218258,43.7051996],[-70.2196915,43.7039593],[-70.2207162,43.703495],[-70.2226688,43.7032576],[-70.223866,43.7028396],[-70.2258775,43.703049],[-70.228124,43.7027549],[-70.2290877,43.7028711],[-70.2296362,43.7037759],[-70.2295405,43.7041078],[-70.2289737,43.704157],[-70.2305773,43.7045675],[-70.23079,43.7047613],[-70.2306822,43.7048772],[-70.2310437,43.7047622],[-70.2308277,43.7044705],[-70.231514,43.7039848],[-70.2325377,43.703629],[-70.2335711,43.7029219],[-70.2339941,43.7029522],[-70.2342839,43.7026977],[-70.2346582,43.7020982],[-70.234497,43.7019057],[-70.2348215,43.7017508],[-70.2350249,43.7013457],[-70.2354125,43.7010438],[-70.2353082,43.7008755],[-70.2355277,43.7007948],[-70.2355522,43.699917],[-70.2357593,43.6995455],[-70.2355311,43.6986408],[-70.2357129,43.69795],[-70.2363454,43.6973526],[-70.2366894,43.6966607],[-70.2371023,43.6963831],[-70.2372413,43.6960584],[-70.238201,43.6950713],[-70.2389906,43.694661],[-70.2392349,43.6947619],[-70.2369694,43.6923114],[-70.2372302,43.6922931],[-70.2393489,43.6944974],[-70.2431606,43.6942309],[-70.2436028,43.6935783],[-70.2439297,43.6928263],[-70.2430062,43.6923829],[-70.2428934,43.6920531],[-70.2430411,43.691644],[-70.2418497,43.6913996],[-70.2405993,43.6906058],[-70.2386627,43.69142],[-70.2380586,43.6920955],[-70.2369367,43.6922694],[-70.236877,43.6924928],[-70.236127,43.6929067],[-70.2356458,43.6934646],[-70.2354637,43.6945249],[-70.2350018,43.694741],[-70.2353341,43.6944552],[-70.2353551,43.6936343],[-70.2358254,43.6929203],[-70.2356183,43.6927977],[-70.235728,43.6925321],[-70.2370063,43.6920955],[-70.2369471,43.6916632],[-70.2372139,43.6915619],[-70.2372905,43.6912991],[-70.2370529,43.6905784],[-70.2372138,43.6904043],[-70.2366584,43.6894423],[-70.2368299,43.6883612],[-70.2370639,43.68831],[-70.2367357,43.6881614],[-70.2356077,43.6868442],[-70.2354697,43.6863302],[-70.2355727,43.6862756],[-70.2344783,43.6859902],[-70.2345558,43.6856675],[-70.2347896,43.6856005],[-70.2346528,43.6853785],[-70.233992,43.6858373],[-70.2323661,43.685786],[-70.2287185,43.6870669],[-70.2266807,43.6885787],[-70.2260678,43.6902311],[-70.2261899,43.6903989],[-70.2267207,43.690368],[-70.227407,43.6913611],[-70.2282255,43.691558],[-70.2284865,43.6919688],[-70.2292469,43.6917796],[-70.2315395,43.6929308],[-70.2323806,43.6928047],[-70.2331069,43.6931257],[-70.2331503,43.6933099],[-70.2327732,43.6934721],[-70.2328456,43.6940635],[-70.2325419,43.6938381],[-70.2321813,43.6941732],[-70.2322415,43.6944254],[-70.2327181,43.6945462],[-70.233102,43.6951143],[-70.233047,43.6952716],[-70.2328512,43.6952671],[-70.2325545,43.6948261],[-70.2320749,43.6948593],[-70.23246,43.6953391],[-70.2324548,43.6955865],[-70.233336,43.6954285],[-70.233513,43.695147],[-70.2346896,43.6952376],[-70.2346701,43.6954452],[-70.2344086,43.6955782],[-70.2327777,43.6958301],[-70.2333401,43.6960369],[-70.2338639,43.6965145],[-70.2335138,43.6970799],[-70.2328729,43.6972078],[-70.2323796,43.6970931],[-70.2322318,43.6972355],[-70.232662,43.6973604],[-70.2331677,43.6971983],[-70.2333497,43.697286],[-70.2333021,43.6974513],[-70.2335322,43.6977427],[-70.2326923,43.6983545],[-70.2321581,43.6991405],[-70.231366,43.6998558],[-70.2291716,43.7011713],[-70.2272806,43.7016064],[-70.2243878,43.7017812],[-70.2232683,43.7017655],[-70.2225221,43.7015457],[-70.2217405,43.701641],[-70.2200345,43.7012687],[-70.2188401,43.7008276],[-70.2190942,43.7002139],[-70.2188972,43.7000749],[-70.2183422,43.7002596],[-70.2175588,43.6999995],[-70.2173357,43.6994667],[-70.2177759,43.6988641],[-70.217873,43.6989436],[-70.2181651,43.6987176],[-70.2183711,43.6984127],[-70.2182979,43.698195],[-70.2178536,43.6981693],[-70.2179194,43.698313],[-70.2174316,43.6985437],[-70.217233,43.698393],[-70.2169661,43.6985571],[-70.2165823,43.6983477],[-70.2166322,43.6982465],[-70.216236,43.6981738],[-70.215213,43.6987151],[-70.2147112,43.6993194],[-70.2144474,43.6998217],[-70.2145187,43.700335],[-70.2140557,43.7002921],[-70.2133312,43.7009512],[-70.2134526,43.7011556],[-70.2134939,43.7009977],[-70.2139472,43.7010755],[-70.2139187,43.7009325],[-70.2140975,43.7008696],[-70.2144216,43.7010206],[-70.214624,43.7005214],[-70.21519,43.7006196],[-70.216849,43.699686],[-70.2170078,43.6998647],[-70.2169164,43.700197],[-70.2161842,43.7006305],[-70.2162409,43.7009681],[-70.2160746,43.7013315],[-70.2163361,43.7015437],[-70.2158636,43.7022699],[-70.2160512,43.7024069],[-70.2159117,43.7026589],[-70.216506,43.7025697],[-70.2168477,43.702085],[-70.217798,43.7013491],[-70.2190834,43.7010734],[-70.2190622,43.7014739],[-70.2195131,43.7020235],[-70.2196962,43.7025698],[-70.2195527,43.7034559],[-70.2190927,43.7041284],[-70.2189216,43.7041668],[-70.2190262,43.7043373],[-70.217454,43.7054458],[-70.2168495,43.7062311],[-70.216838,43.7066543],[-70.2171624,43.7070691],[-70.2170196,43.7076241],[-70.2163895,43.7080481],[-70.2161669,43.7089099],[-70.2155612,43.7092788],[-70.2156457,43.7094145],[-70.2154167,43.7100323],[-70.2149459,43.7107263],[-70.214512,43.7108827],[-70.2142537,43.7112244],[-70.2142678,43.7115185],[-70.2140305,43.7119219],[-70.214144,43.7120509],[-70.2139534,43.7123693],[-70.2141336,43.7126088],[-70.2139732,43.7130577],[-70.2129388,43.7137118],[-70.2124272,43.714649],[-70.2125288,43.7149184],[-70.2127262,43.7145765],[-70.212999,43.7145183],[-70.2135156,43.7136453],[-70.2137594,43.7137367],[-70.2146415,43.7135163],[-70.2156084,43.7129136],[-70.2163749,43.713252],[-70.2166811,43.7138212],[-70.2163471,43.7145536],[-70.2163602,43.7149291],[-70.2160551,43.715331],[-70.2160468,43.7156903],[-70.216301,43.7157145],[-70.2163964,43.7159926],[-70.2166259,43.7159145],[-70.2169649,43.7160567],[-70.2167813,43.7166874],[-70.2168918,43.7169215],[-70.2164838,43.7175397],[-70.2168638,43.7175465],[-70.2175847,43.7170863],[-70.2185148,43.7169119],[-70.2190957,43.7169665],[-70.2197053,43.7173098],[-70.2200802,43.7177066],[-70.2200531,43.7182228],[-70.2193553,43.7185094],[-70.2193434,43.7188332],[-70.2199182,43.7192947],[-70.2208708,43.7208006],[-70.2217028,43.7213681],[-70.2217104,43.7215824],[-70.2216226,43.7216665],[-70.2213577,43.7213165],[-70.2206968,43.7209634],[-70.2205066,43.7204643],[-70.2199455,43.7198121],[-70.2193374,43.7194796],[-70.2189986,43.7194737],[-70.2192441,43.719568],[-70.2175572,43.7208779]],[[-70.2165144,43.7156567],[-70.216454,43.715841],[-70.2166046,43.7157404],[-70.2165144,43.7156567]],[[-70.2362826,43.6884957],[-70.2342185,43.6867047],[-70.232657,43.6862199],[-70.2322361,43.6862463],[-70.2285208,43.6874386],[-70.2270969,43.6885758],[-70.2267781,43.6891366],[-70.2266662,43.6897995],[-70.2264253,43.6899873],[-70.2264722,43.6902126],[-70.2270168,43.6901891],[-70.227403,43.6906704],[-70.2274565,43.6909822],[-70.2278645,43.6912753],[-70.2285236,43.6914141],[-70.229202,43.6912686],[-70.2300892,43.6916814],[-70.230383,43.6916637],[-70.2308182,43.6920734],[-70.2315361,43.6917094],[-70.2316458,43.6913433],[-70.2322844,43.6915634],[-70.233474,43.6912655],[-70.2342873,43.690573],[-70.2343558,43.6902999],[-70.2347797,43.6901783],[-70.2368099,43.6921358],[-70.2369603,43.6920352],[-70.235174,43.6901093],[-70.2363202,43.6889017],[-70.2362826,43.6884957]],[[-70.2175915,43.700299],[-70.2185826,43.7005769],[-70.2183441,43.7008682],[-70.2166601,43.7018438],[-70.2168001,43.7013426],[-70.2164762,43.7010994],[-70.2175915,43.700299]],[[-70.2162009,43.6992744],[-70.2167102,43.6990098],[-70.2164932,43.6988243],[-70.2165276,43.6986227],[-70.2160523,43.6984286],[-70.2150825,43.6991691],[-70.2151877,43.6997563],[-70.2153879,43.6999523],[-70.2158558,43.6997639],[-70.2162009,43.6992744]],[[-70.2162993,43.7021248],[-70.2164014,43.7025216],[-70.2166549,43.7022872],[-70.2165469,43.7019805],[-70.2162993,43.7021248]]]},"properties":{"objtype":"DEPARE","label":"shallow area","valsou":-2.8,"depth_label":"-2.8-0.0m","chart":"US5PWMDC"}},{"type":"Feature","geometry":{"type":"Polygon","coordinates":[[[-70.2435211,43.6822858],[-70.2435333,43.6820736],[-70.2436436,43.6820374],[-70.2435677,43.6821337],[-70.2437603,43.6821621],[-70.2435211,43.6822858]]]},"properties":{"objtype":"DEPARE","label":"shallow area","valsou":-2.8,"depth_label":"-2.8-0.0m","chart":"US5PWMDC"}},{"type":"Feature","geometry":{"type":"Polygon","coordinates":[[[-70.2462867,43.7194228],[-70.2456674,43.7202602],[-70.244667,43.7210748],[-70.2429468,43.7212072],[-70.2436426,43.7212899],[-70.2448452,43.72112],[-70.2450955,43.7207362],[-70.245946,43.7202231],[-70.2466077,43.7189533],[-70.2468992,43.7189127],[-70.246781,43.7187639],[-70.2467405,43.7188962],[-70.2465028,43.7188802],[-70.2463469,43.7185454],[-70.2465156,43.7182829],[-70.2463765,43.7179573],[-70.2469559,43.7172942],[-70.2468619,43.7160202],[-70.2470289,43.7155633],[-70.2466377,43.7153037],[-70.2468639,43.7150461],[-70.2482609,43.7147214],[-70.2503147,43.7148581],[-70.2508855,43.7151262],[-70.2499588,43.7163404],[-70.2514014,43.7149498],[-70.2519375,43.7151568],[-70.2499546,43.7143548],[-70.248811,43.7136805],[-70.2483766,43.7138353],[-70.2484867,43.7135911],[-70.2466413,43.7111163],[-70.2458004,43.7087795],[-70.245643,43.7073994],[-70.246349,43.7044654],[-70.2465091,43.702415],[-70.2460907,43.7009735],[-70.2459882,43.6997018],[-70.2462521,43.6984849],[-70.2460642,43.6975405],[-70.2468829,43.6935836],[-70.2467266,43.6932832],[-70.2461564,43.6932531],[-70.2465418,43.6927721],[-70.2475221,43.6928433],[-70.2478015,43.6925691],[-70.2469138,43.6919207],[-70.2454131,43.6918387],[-70.2453291,43.6916819],[-70.2456478,43.691423],[-70.245469,43.6910506],[-70.2450354,43.6910183],[-70.2447824,43.6912623],[-70.2447032,43.6916362],[-70.2442454,43.6918166],[-70.243448,43.6918382],[-70.2430142,43.6921329],[-70.2432819,43.6924122],[-70.2438325,43.6924085],[-70.2439218,43.6926318],[-70.2447584,43.6927288],[-70.2449823,43.6931347],[-70.2443926,43.6929926],[-70.2435452,43.6943683],[-70.2436009,43.6950236],[-70.2433256,43.6956114],[-70.2439868,43.6967992],[-70.2447371,43.6976347],[-70.2459122,43.6983927],[-70.2459567,43.69894],[-70.2458653,43.6992041],[-70.2452297,43.6997417],[-70.2445908,43.6999334],[-70.2441102,43.6998875],[-70.2439313,43.7005586],[-70.2429212,43.7015577],[-70.2432177,43.7018985],[-70.243298,43.7028293],[-70.2431765,43.703176],[-70.2423675,43.703953],[-70.2426492,43.7043654],[-70.2436582,43.7045538],[-70.2441184,43.704923],[-70.2444483,43.7054897],[-70.2458331,43.7059623],[-70.2455371,43.7067103],[-70.2447159,43.7076894],[-70.2434309,43.7078857],[-70.2432288,43.7090765],[-70.2434028,43.7094541],[-70.2430996,43.710124],[-70.2427728,43.7100661],[-70.2426472,43.7102059],[-70.2424218,43.7106295],[-70.2427129,43.7107348],[-70.2417204,43.7111192],[-70.2420322,43.7112757],[-70.2419508,43.7114276],[-70.2422673,43.7117605],[-70.2422421,43.7119751],[-70.2420202,43.7120337],[-70.2420246,43.7117545],[-70.2415694,43.7118017],[-70.2409083,43.7126834],[-70.2413864,43.7130555],[-70.2413283,43.7136367],[-70.2415494,43.713721],[-70.2418125,43.7142905],[-70.2419275,43.7141622],[-70.2437075,43.7147275],[-70.2438818,43.7149345],[-70.243857,43.7155099],[-70.2443781,43.7157109],[-70.2450835,43.7162728],[-70.2451021,43.716545],[-70.2446428,43.7166505],[-70.2447465,43.7176037],[-70.2445863,43.7177719],[-70.2444802,43.7175327],[-70.243952,43.7177672],[-70.2443066,43.7182381],[-70.2445281,43.7179462],[-70.2445333,43.7182079],[-70.2441251,43.7185406],[-70.2452221,43.718607],[-70.2457314,43.7191736],[-70.2462867,43.7194228]]]},"properties":{"objtype":"DEPARE","label":"shallow area","valsou":-2.8,"depth_label":"-2.8-0.0m","chart":"US5PWMDC"}},{"type":"Feature","geometry":{"type":"Polygon","coordinates":[[[-70.1827277,43.6516502],[-70.1830083,43.6513388],[-70.1824979,43.6517156],[-70.1827277,43.6516502]]]},"properties":{"objtype":"DEPARE","label":"shallow area","valsou":-2.8,"depth_label":"-2.8-0.0m","chart":"US5PWMDD"}},{"type":"Feature","geometry":{"type":"Polygon","coordinates":[[[-70.1359025,43.6932783],[-70.1361932,43.6930068],[-70.1357153,43.6932898],[-70.1359025,43.6932783]]]},"properties":{"objtype":"DEPARE","label":"shallow area","valsou":-2.8,"depth_label":"-2.8-0.0m","chart":"US5PWMDD"}},{"type":"Feature","geometry":{"type":"Polygon","coordinates":[[[-70.1908209,43.6701894],[-70.1908738,43.6702478],[-70.1908802,43.670192],[-70.1908209,43.6701894]]]},"properties":{"objtype":"DEPARE","label":"shallow area","valsou":-2.8,"depth_label":"-2.8-0.0m","chart":"US5PWMDD"}},{"type":"Feature","geometry":{"type":"Polygon","coordinates":[[[-70.1496631,43.6850189],[-70.1494794,43.6849713],[-70.1496802,43.6848569],[-70.1496631,43.6850189]]]},"properties":{"objtype":"DEPARE","label":"shallow area","valsou":-2.8,"depth_label":"-2.8-0.0m","chart":"US5PWMDD"}},{"type":"Feature","geometry":{"type":"Polygon","coordinates":[[[-70.147658,43.6830911],[-70.1466584,43.6835462],[-70.1461639,43.6839782],[-70.1461621,43.6842162],[-70.1464422,43.6842454],[-70.1478586,43.6836374],[-70.1482399,43.6830274],[-70.147658,43.6830911]],[[-70.1480993,43.683107],[-70.1477077,43.6835026],[-70.1468243,43.6838082],[-70.146551,43.6840605],[-70.1463703,43.6839615],[-70.1466972,43.6837993],[-70.1465369,43.6837888],[-70.1467737,43.6835658],[-70.1480993,43.683107]]]},"properties":{"objtype":"DEPARE","label":"shallow area","valsou":-2.8,"depth_label":"-2.8-0.0m","chart":"US5PWMDD"}},{"type":"Feature","geometry":{"type":"Polygon","coordinates":[[[-70.1898572,43.6700478],[-70.1895741,43.6709169],[-70.1888434,43.671522],[-70.1902799,43.6707381],[-70.1903946,43.6702421],[-70.1906282,43.6701045],[-70.1909989,43.6701232],[-70.1912018,43.6698958],[-70.1920613,43.6696567],[-70.192799,43.6690398],[-70.1927634,43.6688825],[-70.1930567,43.6685293],[-70.1936913,43.668297],[-70.1952325,43.6666034],[-70.1956442,43.6663348],[-70.1961888,43.6654552],[-70.1963887,43.664816],[-70.1972032,43.6636903],[-70.1981537,43.6631288],[-70.19918,43.6631695],[-70.2,43.6629761],[-70.2,43.6599856],[-70.1994114,43.6575138],[-70.1996952,43.6569687],[-70.1993472,43.6566146],[-70.1994808,43.6555745],[-70.1992969,43.6556058],[-70.1992205,43.6559106],[-70.1993612,43.6560003],[-70.1990715,43.6560812],[-70.1989904,43.6565391],[-70.1990779,43.6568297],[-70.1996156,43.6569725],[-70.1996039,43.6571012],[-70.1990757,43.6572945],[-70.1990436,43.6575951],[-70.1998316,43.661108],[-70.1998129,43.6622817],[-70.1990698,43.6626035],[-70.1980454,43.662625],[-70.1968586,43.6631937],[-70.1960121,43.6641788],[-70.1952391,43.6658663],[-70.193666,43.6673323],[-70.1929585,43.6677956],[-70.1928564,43.6679667],[-70.1929986,43.6680843],[-70.1922956,43.6685759],[-70.1923698,43.6692952],[-70.1914139,43.6696712],[-70.1905312,43.6697057],[-70.1898572,43.6700478]]]},"properties":{"objtype":"DEPARE","label":"shallow area","valsou":-2.8,"depth_label":"-2.8-0.0m","chart":"US5PWMDD"}},{"type":"Feature","geometry":{"type":"Polygon","coordinates":[[[-70.2,43.6534911],[-70.1989265,43.6544766],[-70.1990236,43.6552911],[-70.1992415,43.6554424],[-70.1994066,43.6554011],[-70.1993141,43.6546201],[-70.2,43.6538149],[-70.2,43.6534911]]]},"properties":{"objtype":"DEPARE","label":"shallow area","valsou":-2.8,"depth_label":"-2.8-0.0m","chart":"US5PWMDD"}},{"type":"Feature","geometry":{"type":"Polygon","coordinates":[[[-70.1833669,43.6736651],[-70.1826391,43.6737364],[-70.1822505,43.6733602],[-70.1820378,43.6733851],[-70.1817133,43.6728301],[-70.1820053,43.6724236],[-70.1819366,43.6721135],[-70.1826683,43.6712323],[-70.1824891,43.6710087],[-70.1822963,43.6711436],[-70.1819108,43.6706076],[-70.1816752,43.670644],[-70.181739,43.6703393],[-70.1818796,43.6703185],[-70.1818001,43.6698859],[-70.1820501,43.6697574],[-70.181917,43.6696821],[-70.1820824,43.6695526],[-70.1819814,43.6694209],[-70.1826701,43.6688758],[-70.1827026,43.6685886],[-70.1824221,43.6685697],[-70.1830771,43.6680178],[-70.1829077,43.6676828],[-70.1826282,43.6677627],[-70.1824759,43.6674067],[-70.1825547,43.6672486],[-70.182123,43.6669665],[-70.1822968,43.6667151],[-70.1821758,43.6665703],[-70.1823094,43.6662915],[-70.1821794,43.6662384],[-70.1825425,43.665886],[-70.1823006,43.6658122],[-70.181414,43.6661358],[-70.181431,43.6658023],[-70.1810177,43.6657885],[-70.1810951,43.6656404],[-70.1809484,43.6655391],[-70.1804138,43.6656978],[-70.180421,43.6655153],[-70.1802492,43.6654554],[-70.1795265,43.6655876],[-70.1796766,43.6652443],[-70.1794738,43.66519],[-70.1797674,43.6649317],[-70.1796951,43.664459],[-70.178918,43.6641878],[-70.1783652,43.6644243],[-70.1784362,43.6643011],[-70.1781456,43.6641517],[-70.1778679,43.6643092],[-70.1776205,43.664092],[-70.1773993,43.6642052],[-70.1774272,43.6640541],[-70.1771885,43.6641917],[-70.1770005,43.6637354],[-70.1765128,43.6639183],[-70.1763833,43.6637973],[-70.176316,43.6636987],[-70.1766177,43.6634201],[-70.1763078,43.6634507],[-70.1764567,43.6633139],[-70.1760966,43.6629652],[-70.1756308,43.6630377],[-70.1760878,43.6625828],[-70.1762311,43.6619565],[-70.1759871,43.6616072],[-70.1761916,43.6612566],[-70.1758753,43.6613649],[-70.1762371,43.6609902],[-70.1762197,43.6604159],[-70.1759402,43.6602215],[-70.176161,43.6600075],[-70.1758779,43.6600098],[-70.1759914,43.6597226],[-70.1764456,43.6594242],[-70.1764229,43.6591246],[-70.1769065,43.658373],[-70.1768909,43.658183],[-70.1766635,43.6583751],[-70.1764671,43.658224],[-70.1767135,43.6581736],[-70.1767863,43.6578945],[-70.1770383,43.6577275],[-70.176911,43.6580463],[-70.1770702,43.6580208],[-70.1775448,43.6573386],[-70.1779523,43.657048],[-70.1779311,43.6565513],[-70.1775946,43.6568229],[-70.17743,43.6567505],[-70.1778363,43.6563214],[-70.177721,43.6562112],[-70.1781011,43.6559655],[-70.178234,43.6556871],[-70.1781353,43.6555987],[-70.1784365,43.6553733],[-70.1785605,43.6554803],[-70.1790463,43.6552434],[-70.179363,43.6549337],[-70.1791643,43.6548388],[-70.1797552,43.6542998],[-70.1799244,43.6539231],[-70.1805823,43.6535197],[-70.1816202,43.6525506],[-70.1817051,43.6523061],[-70.1822196,43.652083],[-70.1824208,43.6521442],[-70.1826712,43.6517516],[-70.1837248,43.6513308],[-70.183614,43.6514681],[-70.1840714,43.6513276],[-70.1846778,43.6514681],[-70.1851912,43.6513543],[-70.1851859,43.6514707],[-70.1859315,43.6515987],[-70.1864295,43.6513401],[-70.1873549,43.65159],[-70.1875941,43.6513611],[-70.1881417,43.6515688],[-70.1877801,43.6512366],[-70.188154,43.6509308],[-70.1886863,43.6509661],[-70.1886459,43.6511871],[-70.1887721,43.6512295],[-70.1897924,43.650826],[-70.1898503,43.6509977],[-70.189719,43.6510948],[-70.1898804,43.6514027],[-70.1901792,43.6513875],[-70.1898087,43.6519806],[-70.1899569,43.6521476],[-70.1906655,43.6521903],[-70.1915804,43.6513182],[-70.1916386,43.6515564],[-70.1922185,43.6518768],[-70.1932132,43.651696],[-70.1932153,43.6518132],[-70.1926907,43.6519833],[-70.1934819,43.6523793],[-70.1942569,43.6522144],[-70.194654,43.6517099],[-70.1941289,43.6513333],[-70.194018,43.6510657],[-70.1935246,43.6510127],[-70.1935532,43.6508934],[-70.1928862,43.6506811],[-70.1927892,43.6505088],[-70.1931246,43.650598],[-70.1930055,43.650474],[-70.1941713,43.6500175],[-70.1954957,43.65],[-70.1956627,43.6513977],[-70.1962976,43.6514782],[-70.1968412,43.6510129],[-70.1969459,43.6514049],[-70.1977521,43.6511285],[-70.1977696,43.6513832],[-70.1984437,43.6519551],[-70.1996953,43.6516603],[-70.2,43.6517397],[-70.2,43.6519764],[-70.1996055,43.6519343],[-70.1988388,43.6521941],[-70.1983238,43.6521688],[-70.197626,43.6515735],[-70.1961688,43.6516783],[-70.1954476,43.6515607],[-70.1950504,43.6512119],[-70.1954592,43.6509573],[-70.1948616,43.6504566],[-70.1943407,43.6506434],[-70.1944996,43.6507657],[-70.1943262,43.6509121],[-70.1945849,43.6513408],[-70.1945145,43.651449],[-70.1948167,43.65136],[-70.1949868,43.6515034],[-70.194912,43.6521211],[-70.1937774,43.6526142],[-70.1930823,43.6523098],[-70.1927693,43.6523257],[-70.1924872,43.652072],[-70.192032,43.6521002],[-70.1920511,43.6519724],[-70.1918544,43.6519207],[-70.1910059,43.6523759],[-70.1899314,43.6524315],[-70.1893803,43.6521206],[-70.1895834,43.6517573],[-70.1891306,43.6516091],[-70.1873319,43.6521174],[-70.1859587,43.6520595],[-70.1851077,43.6518002],[-70.1837833,43.651804],[-70.1839138,43.6516528],[-70.1832732,43.6520876],[-70.1827909,43.6521128],[-70.181931,43.6526813],[-70.1798067,43.6551886],[-70.1785845,43.6561609],[-70.1785808,43.656801],[-70.1782658,43.6575076],[-70.1775734,43.6581918],[-70.1774529,43.6587614],[-70.1768971,43.6594401],[-70.1767699,43.6606055],[-70.1766206,43.6608072],[-70.1768185,43.6610803],[-70.1766108,43.6611225],[-70.1768012,43.6611757],[-70.1768751,43.6617642],[-70.1767649,43.6620443],[-70.1761992,43.6624701],[-70.1765799,43.6623925],[-70.1772265,43.663668],[-70.178675,43.6640913],[-70.1794286,43.6639107],[-70.1798892,43.6640834],[-70.180243,43.6645127],[-70.1799468,43.6647168],[-70.1797573,43.665291],[-70.180843,43.6652198],[-70.181831,43.6656018],[-70.1823088,43.6654235],[-70.1829195,43.6657721],[-70.1830363,43.6663014],[-70.1827544,43.6664887],[-70.1827415,43.6669469],[-70.1825634,43.666987],[-70.1829205,43.6671634],[-70.1826757,43.667406],[-70.1827254,43.6676051],[-70.1830776,43.6674092],[-70.1834148,43.6674878],[-70.1836387,43.6678434],[-70.1833451,43.6679664],[-70.1833086,43.6682509],[-70.1831592,43.6682122],[-70.1827176,43.6684296],[-70.1832486,43.6683631],[-70.1829553,43.6686421],[-70.1831303,43.6687174],[-70.1831149,43.6689077],[-70.1826924,43.6693226],[-70.1823389,43.669435],[-70.1822642,43.669969],[-70.1820614,43.6701092],[-70.182089,43.6703948],[-70.1822426,43.6703647],[-70.1821258,43.6708112],[-70.182247,43.6707421],[-70.1823831,43.6710179],[-70.1827343,43.6708725],[-70.1830055,43.6710949],[-70.1823547,43.6718914],[-70.1821153,43.6719583],[-70.1822576,43.6723047],[-70.1819323,43.6726203],[-70.1821777,43.6731982],[-70.1829202,43.6736775],[-70.1836097,43.6735821],[-70.1847883,43.6739515],[-70.1863732,43.6736235],[-70.1870006,43.6736596],[-70.1876598,43.6730179],[-70.1876324,43.6726546],[-70.1884239,43.6720186],[-70.1880832,43.6728568],[-70.1876256,43.673442],[-70.1865728,43.6742169],[-70.1864499,43.6741005],[-70.1860303,43.6742899],[-70.1855938,43.6740251],[-70.1842798,43.6739998],[-70.1833669,43.6736651]]]},"properties":{"objtype":"DEPARE","label":"shallow area","valsou":-2.8,"depth_label":"-2.8-0.0m","chart":"US5PWMDD"}},{"type":"Feature","geometry":{"type":"Polygon","coordinates":[[[-70.1788512,43.6550742],[-70.1787113,43.6550812],[-70.1786535,43.6551488],[-70.1788512,43.6550742]]]},"properties":{"objtype":"DEPARE","label":"shallow area","valsou":-2.8,"depth_label":"-2.8-0.0m","chart":"US5PWMDD"}},{"type":"Feature","geometry":{"type":"Polygon","coordinates":[[[-70.1581156,43.6941504],[-70.1582759,43.6940001],[-70.1585043,43.6939844],[-70.1584189,43.6941001],[-70.1581156,43.6941504]]]},"properties":{"objtype":"DEPARE","label":"shallow area","valsou":-2.8,"depth_label":"-2.8-0.0m","chart":"US5PWMDD"}},{"type":"Feature","geometry":{"type":"Polygon","coordinates":[[[-70.1507299,43.6993154],[-70.1508934,43.6992075],[-70.1510594,43.6992444],[-70.1507299,43.6993154]]]},"properties":{"objtype":"DEPARE","label":"shallow area","valsou":-2.8,"depth_label":"-2.8-0.0m","chart":"US5PWMDD"}},{"type":"Feature","geometry":{"type":"Polygon","coordinates":[[[-70.1471565,43.7008992],[-70.1470522,43.700913],[-70.1471144,43.7009604],[-70.1471565,43.7008992]]]},"properties":{"objtype":"DEPARE","label":"shallow area","valsou":-2.8,"depth_label":"-2.8-0.0m","chart":"US5PWMDD"}},{"type":"Feature","geometry":{"type":"Polygon","coordinates":[[[-70.1481171,43.7002833],[-70.1480792,43.7003613],[-70.1481913,43.7003199],[-70.1481171,43.7002833]]]},"properties":{"objtype":"DEPARE","label":"shallow area","valsou":-2.8,"depth_label":"-2.8-0.0m","chart":"US5PWMDD"}},{"type":"Feature","geometry":{"type":"Polygon","coordinates":[[[-70.1462845,43.7022286],[-70.1461592,43.7024317],[-70.1463779,43.7027288],[-70.1464886,43.7025887],[-70.1462845,43.7022286]]]},"properties":{"objtype":"DEPARE","label":"shallow area","valsou":-2.8,"depth_label":"-2.8-0.0m","chart":"US5PWMDD"}},{"type":"Feature","geometry":{"type":"Polygon","coordinates":[[[-70.1483179,43.7020021],[-70.1482831,43.7019876],[-70.148289,43.7019141],[-70.1483179,43.7020021]]]},"properties":{"objtype":"DEPARE","label":"shallow area","valsou":-2.8,"depth_label":"-2.8-0.0m","chart":"US5PWMDD"}},{"type":"Feature","geometry":{"type":"Polygon","coordinates":[[[-70.1364144,43.7070772],[-70.1354103,43.7072593],[-70.134889,43.7080404],[-70.134692,43.7085795],[-70.1349053,43.7086127],[-70.1357077,43.7082187],[-70.1366729,43.7070367],[-70.1372011,43.70676],[-70.1368022,43.7068094],[-70.1364144,43.7070772]],[[-70.1359271,43.7077311],[-70.1352283,43.7082924],[-70.1349345,43.7082853],[-70.1354375,43.707475],[-70.1357334,43.7074494],[-70.1359271,43.7077311]]]},"properties":{"objtype":"DEPARE","label":"shallow area","valsou":-2.8,"depth_label":"-2.8-0.0m","chart":"US5PWMDD"}},{"type":"Feature","geometry":{"type":"Polygon","coordinates":[[[-70.1888215,43.7222392],[-70.188719,43.7223],[-70.1887568,43.7223372],[-70.1888215,43.7222392]]]},"properties":{"objtype":"DEPARE","label":"shallow area","valsou":-2.8,"depth_label":"-2.8-0.0m","chart":"US5PWMDD"}},{"type":"Feature","geometry":{"type":"Polygon","coordinates":[[[-70.1905289,43.721769],[-70.1903022,43.7217882],[-70.1904067,43.7218764],[-70.1905289,43.721769]]]},"properties":{"objtype":"DEPARE","label":"shallow area","valsou":-2.8,"depth_label":"-2.8-0.0m","chart":"US5PWMDD"}},{"type":"Feature","geometry":{"type":"Polygon","coordinates":[[[-70.1933319,43.712373],[-70.1932604,43.7125465],[-70.1933339,43.7126772],[-70.1935283,43.7124597],[-70.1933319,43.712373]]]},"properties":{"objtype":"DEPARE","label":"shallow area","valsou":-2.8,"depth_label":"-2.8-0.0m","chart":"US5PWMDD"}},{"type":"Feature","geometry":{"type":"Polygon","coordinates":[[[-70.1377442,43.6953124],[-70.1372227,43.6951006],[-70.1371443,43.694787],[-70.1375765,43.694483],[-70.137854,43.6944042],[-70.137999,43.694529],[-70.138489,43.6943557],[-70.1382638,43.6946098],[-70.1381591,43.6951151],[-70.1377442,43.6953124]],[[-70.1375152,43.6951891],[-70.1375847,43.6950173],[-70.1374494,43.6948394],[-70.1378749,43.6946652],[-70.1377562,43.6948139],[-70.1378733,43.6950318],[-70.1375152,43.6951891]]]},"properties":{"objtype":"DEPARE","label":"shallow area","valsou":-2.8,"depth_label":"-2.8-0.0m","chart":"US5PWMDD"}},{"type":"Feature","geometry":{"type":"Polygon","coordinates":[[[-70.183376,43.6923649],[-70.1823577,43.6935351],[-70.1825732,43.6937201],[-70.1828063,43.6937082],[-70.1828964,43.6938599],[-70.1833482,43.693805],[-70.1831832,43.6941617],[-70.1835269,43.6941862],[-70.1834417,43.6943861],[-70.1844939,43.6940724],[-70.1849663,43.6937409],[-70.185152,43.6934032],[-70.1854047,43.693356],[-70.1853497,43.6932035],[-70.185853,43.6927853],[-70.1864065,43.6927097],[-70.1865147,43.692897],[-70.1863124,43.6929534],[-70.186384,43.6931323],[-70.1873199,43.6925319],[-70.1879135,43.6920237],[-70.1878364,43.691813],[-70.1882021,43.6915832],[-70.1883203,43.6912751],[-70.1890631,43.6909985],[-70.1898933,43.6902837],[-70.1898269,43.690159],[-70.190022,43.6898674],[-70.1891977,43.689514],[-70.189266,43.6891992],[-70.1887143,43.6894295],[-70.1886802,43.689637],[-70.1881641,43.6900048],[-70.1876729,43.6900157],[-70.187204,43.6902659],[-70.1859181,43.690541],[-70.1851364,43.6910043],[-70.1849624,43.690944],[-70.1855767,43.6904659],[-70.1843098,43.6908949],[-70.1832256,43.6917229],[-70.1821599,43.6922282],[-70.1825023,43.6923817],[-70.1826898,43.692193],[-70.1830425,43.6921607],[-70.183376,43.6923649]],[[-70.1898156,43.6899689],[-70.1880918,43.6911283],[-70.1874865,43.6918559],[-70.1867734,43.6922308],[-70.1856882,43.6925137],[-70.1848579,43.6930641],[-70.1845565,43.6934305],[-70.1847835,43.693568],[-70.1840824,43.6940634],[-70.1838675,43.6939633],[-70.1836321,43.6941246],[-70.1837714,43.6939442],[-70.1836138,43.6937049],[-70.1826583,43.6933495],[-70.1836614,43.6922614],[-70.1833778,43.6919345],[-70.1829874,43.6920642],[-70.1828436,43.691944],[-70.1842381,43.6912091],[-70.184452,43.6910012],[-70.1846978,43.690892],[-70.1846179,43.6911719],[-70.1851273,43.6912788],[-70.1864027,43.690523],[-70.1886991,43.6898509],[-70.1893617,43.6897579],[-70.1898156,43.6899689]]]},"properties":{"objtype":"DEPARE","label":"shallow area","valsou":-2.8,"depth_label":"-2.8-0.0m","chart":"US5PWMDD"}},{"type":"Feature","geometry":{"type":"Polygon","coordinates":[[[-70.136342,43.6931458],[-70.135513,43.6939072],[-70.1355631,43.69408],[-70.1352772,43.6942708],[-70.1355935,43.6945718],[-70.1359062,43.694485],[-70.1367416,43.6937428],[-70.1366608,43.693324],[-70.1368415,43.6931786],[-70.136342,43.6931458]],[[-70.1358759,43.6937972],[-70.1357417,43.6938812],[-70.1357844,43.6937214],[-70.1364441,43.6933385],[-70.1364664,43.6936334],[-70.1358729,43.6942646],[-70.1356352,43.6942403],[-70.1358759,43.6937972]]]},"properties":{"objtype":"DEPARE","label":"shallow area","valsou":-2.8,"depth_label":"-2.8-0.0m","chart":"US5PWMDD"}},{"type":"Feature","geometry":{"type":"Polygon","coordinates":[[[-70.1556639,43.714064],[-70.1552228,43.7140955],[-70.1552434,43.7136385],[-70.1558192,43.7136965],[-70.1556639,43.714064]]]},"properties":{"objtype":"DEPARE","label":"shallow area","valsou":-2.8,"depth_label":"-2.8-0.0m","chart":"US5PWMDD"}},{"type":"Feature","geometry":{"type":"Polygon","coordinates":[[[-70.1970333,43.7118745],[-70.1969707,43.7112251],[-70.197191,43.7106994],[-70.1970293,43.7106334],[-70.1965933,43.7111924],[-70.196141,43.7112745],[-70.1955019,43.7116643],[-70.1953725,43.7120979],[-70.1960347,43.7123231],[-70.1965588,43.7119276],[-70.1970333,43.7118745]],[[-70.1964707,43.7117008],[-70.1968664,43.7117867],[-70.1967136,43.7113933],[-70.1964707,43.7117008]]]},"properties":{"objtype":"DEPARE","label":"shallow area","valsou":-2.8,"depth_label":"-2.8-0.0m","chart":"US5PWMDD"}},{"type":"Feature","geometry":{"type":"Polygon","coordinates":[[[-70.1871881,43.686004],[-70.1867566,43.6862012],[-70.1866943,43.686098],[-70.1861755,43.6862618],[-70.1860134,43.686574],[-70.1862634,43.6866265],[-70.1861925,43.6873815],[-70.1868564,43.6874337],[-70.1874146,43.6870811],[-70.187877,43.6864579],[-70.1874048,43.6863633],[-70.1871881,43.686004]],[[-70.1864665,43.6864345],[-70.1864009,43.6866013],[-70.1865575,43.6867146],[-70.1863476,43.6872456],[-70.1869121,43.6872241],[-70.1874345,43.6868168],[-70.1873159,43.6867154],[-70.1873916,43.6864945],[-70.1871313,43.686478],[-70.1870836,43.6862167],[-70.1868845,43.6863419],[-70.1863862,43.6862019],[-70.1861897,43.6864456],[-70.1864665,43.6864345]]]},"properties":{"objtype":"DEPARE","label":"shallow area","valsou":-2.8,"depth_label":"-2.8-0.0m","chart":"US5PWMDD"}},{"type":"Feature","geometry":{"type":"Polygon","coordinates":[[[-70.1756388,43.6608092],[-70.1757659,43.6608678],[-70.1758614,43.6607256],[-70.1757685,43.66071],[-70.1756388,43.6608092]]]},"properties":{"objtype":"DEPARE","label":"shallow area","valsou":-2.8,"depth_label":"-2.8-0.0m","chart":"US5PWMDD"}},{"type":"Feature","geometry":{"type":"Polygon","coordinates":[[[-70.1760316,43.6608911],[-70.1757776,43.6610555],[-70.1756539,43.6611714],[-70.1760316,43.6608911]]]},"properties":{"objtype":"DEPARE","label":"shallow area","valsou":-2.8,"depth_label":"-2.8-0.0m","chart":"US5PWMDD"}},{"type":"Feature","geometry":{"type":"Polygon","coordinates":[[[-70.1754918,43.6611388],[-70.1754302,43.6610681],[-70.1755154,43.6610965],[-70.1754918,43.6611388]]]},"properties":{"objtype":"DEPARE","label":"shallow area","valsou":-2.8,"depth_label":"-2.8-0.0m","chart":"US5PWMDD"}},{"type":"Feature","geometry":{"type":"Polygon","coordinates":[[[-70.1657808,43.6734773],[-70.1658445,43.6735761],[-70.1659774,43.6734681],[-70.1659463,43.6734533],[-70.1657808,43.6734773]]]},"properties":{"objtype":"DEPARE","label":"shallow area","valsou":-2.8,"depth_label":"-2.8-0.0m","chart":"US5PWMDD"}},{"type":"Feature","geometry":{"type":"Polygon","coordinates":[[[-70.135803,43.6930276],[-70.1359688,43.6927707],[-70.135615,43.6930015],[-70.135803,43.6930276]]]},"properties":{"objtype":"DEPARE","label":"shallow area","valsou":-2.8,"depth_label":"-2.8-0.0m","chart":"US5PWMDD"}},{"type":"Feature","geometry":{"type":"Polygon","coordinates":[[[-70.1382877,43.694859],[-70.1383853,43.6948365],[-70.1383051,43.6949361],[-70.1382877,43.694859]]]},"properties":{"objtype":"DEPARE","label":"shallow area","valsou":-2.8,"depth_label":"-2.8-0.0m","chart":"US5PWMDD"}},{"type":"Feature","geometry":{"type":"Polygon","coordinates":[[[-70.1919332,43.6892982],[-70.1913806,43.6892392],[-70.1911735,43.6890189],[-70.190948,43.6890829],[-70.191042,43.6884644],[-70.1907452,43.688145],[-70.1900439,43.6879387],[-70.189673,43.6881376],[-70.1892987,43.6879274],[-70.1894091,43.6869544],[-70.1892277,43.686836],[-70.1906462,43.6860475],[-70.1909292,43.6856551],[-70.1910858,43.6858199],[-70.1899245,43.6864863],[-70.1895551,43.6869884],[-70.1896204,43.6875541],[-70.1893752,43.6877627],[-70.1895921,43.6879295],[-70.1904077,43.6877649],[-70.1910417,43.6879293],[-70.1912186,43.6884512],[-70.1910574,43.6888178],[-70.1915362,43.6888996],[-70.191538,43.6891193],[-70.1918626,43.6890479],[-70.1928314,43.6882704],[-70.1944427,43.688609],[-70.1949085,43.6882918],[-70.1952452,43.6883363],[-70.1957545,43.688131],[-70.1962215,43.6883119],[-70.1960878,43.6885526],[-70.1963499,43.6884762],[-70.1969702,43.6879947],[-70.1967415,43.6878003],[-70.1967204,43.6874797],[-70.1970684,43.6870385],[-70.1976902,43.6868876],[-70.1982378,43.6871654],[-70.1987243,43.6864778],[-70.1994622,43.6864524],[-70.1998513,43.6860057],[-70.2,43.6855477],[-70.2,43.6863365],[-70.1993673,43.686894],[-70.1993028,43.6874154],[-70.1990693,43.6875426],[-70.1991324,43.6872726],[-70.1989902,43.6872177],[-70.1975768,43.6883329],[-70.1976108,43.6879315],[-70.1974039,43.6878994],[-70.1970285,43.6883098],[-70.1956261,43.6891649],[-70.1958697,43.6886212],[-70.1957075,43.6884605],[-70.1949181,43.6885935],[-70.1943452,43.6889118],[-70.1941059,43.6888881],[-70.1939538,43.6886714],[-70.1929055,43.6885156],[-70.192136,43.689078],[-70.1920913,43.6892255],[-70.1922789,43.6893059],[-70.1919184,43.6896632],[-70.1917865,43.6895608],[-70.1919332,43.6892982]]]},"properties":{"objtype":"DEPARE","label":"shallow area","valsou":-2.8,"depth_label":"-2.8-0.0m","chart":"US5PWMDD"}},{"type":"Feature","geometry":{"type":"Polygon","coordinates":[[[-70.1860561,43.6933527],[-70.186209,43.6931946],[-70.1864468,43.6933614],[-70.186286,43.693435],[-70.1860561,43.6933527]]]},"properties":{"objtype":"DEPARE","label":"shallow area","valsou":-2.8,"depth_label":"-2.8-0.0m","chart":"US5PWMDD"}},{"type":"Feature","geometry":{"type":"Polygon","coordinates":[[[-70.1733067,43.6798936],[-70.1729598,43.6802452],[-70.1724692,43.6810985],[-70.1735677,43.6810261],[-70.1742291,43.6808086],[-70.1743561,43.6806134],[-70.1741437,43.680666],[-70.1742856,43.6803886],[-70.1741665,43.6801028],[-70.1733067,43.6798936]],[[-70.1736346,43.6808787],[-70.173199,43.6808995],[-70.1731209,43.6805295],[-70.1738246,43.680213],[-70.1738678,43.6806788],[-70.1736346,43.6808787]]]},"properties":{"objtype":"DEPARE","label":"shallow area","valsou":-2.8,"depth_label":"-2.8-0.0m","chart":"US5PWMDD"}},{"type":"Feature","geometry":{"type":"Polygon","coordinates":[[[-70.1822348,43.675363],[-70.1821279,43.6754553],[-70.1815698,43.6750333],[-70.1815842,43.6744916],[-70.181712,43.6744056],[-70.1826125,43.6743565],[-70.1834605,43.6747142],[-70.1833097,43.6752363],[-70.1829119,43.675494],[-70.1825751,43.6755988],[-70.1822348,43.675363]],[[-70.1819872,43.6744321],[-70.1817092,43.6745552],[-70.1816071,43.6749021],[-70.1820172,43.6751165],[-70.1819879,43.6752681],[-70.1822894,43.6752305],[-70.182659,43.675557],[-70.1831888,43.6751437],[-70.1831847,43.674776],[-70.1830257,43.6746592],[-70.1819872,43.6744321]]]},"properties":{"objtype":"DEPARE","label":"shallow area","valsou":-2.8,"depth_label":"-2.8-0.0m","chart":"US5PWMDD"}},{"type":"Feature","geometry":{"type":"Polygon","coordinates":[[[-70.1900146,43.6784155],[-70.1895423,43.678896],[-70.1885642,43.6796551],[-70.1893416,43.6792007],[-70.1900146,43.6784155]]]},"properties":{"objtype":"DEPARE","label":"shallow area","valsou":-2.8,"depth_label":"-2.8-0.0m","chart":"US5PWMDD"}},{"type":"Feature","geometry":{"type":"Polygon","coordinates":[[[-70.1496299,43.6844114],[-70.1494811,43.684688],[-70.1494747,43.6847965],[-70.1497358,43.6847046],[-70.1497929,43.6844467],[-70.1496299,43.6844114]]]},"properties":{"objtype":"DEPARE","label":"shallow area","valsou":-2.8,"depth_label":"-2.8-0.0m","chart":"US5PWMDD"}},{"type":"Feature","geometry":{"type":"Polygon","coordinates":[[[-70.1525059,43.6857621],[-70.1525004,43.6856364],[-70.152592,43.6856744],[-70.1525059,43.6857621]]]},"properties":{"objtype":"DEPARE","label":"shallow area","valsou":-2.8,"depth_label":"-2.8-0.0m","chart":"US5PWMDD"}},{"type":"Feature","geometry":{"type":"Polygon","coordinates":[[[-70.1528155,43.6857239],[-70.1528148,43.6857833],[-70.1529245,43.6856789],[-70.1528155,43.6857239]]]},"properties":{"objtype":"DEPARE","label":"shallow area","valsou":-2.8,"depth_label":"-2.8-0.0m","chart":"US5PWMDD"}},{"type":"Feature","geometry":{"type":"Polygon","coordinates":[[[-70.1522792,43.6831651],[-70.1523309,43.6831711],[-70.1523683,43.6830922],[-70.1522792,43.6831651]]]},"properties":{"objtype":"DEPARE","label":"shallow area","valsou":-2.8,"depth_label":"-2.8-0.0m","chart":"US5PWMDD"}},{"type":"Feature","geometry":{"type":"Polygon","coordinates":[[[-70.1499472,43.6838099],[-70.1499724,43.683921],[-70.1500062,43.6839225],[-70.1499472,43.6838099]]]},"properties":{"objtype":"DEPARE","label":"shallow area","valsou":-2.8,"depth_label":"-2.8-0.0m","chart":"US5PWMDD"}},{"type":"Feature","geometry":{"type":"Polygon","coordinates":[[[-70.1395095,43.7209515],[-70.1383038,43.7212661],[-70.1377232,43.7216284],[-70.1375715,43.7219032],[-70.1381366,43.7225463],[-70.1383423,43.7231271],[-70.1379325,43.7234066],[-70.1380011,43.7236497],[-70.1376256,43.7238735],[-70.1376874,43.7241403],[-70.1385421,43.725],[-70.1392719,43.725],[-70.1395937,43.7246718],[-70.1389944,43.7244165],[-70.1387326,43.7241049],[-70.1386311,43.7235083],[-70.1391976,43.7229449],[-70.1390788,43.7228702],[-70.1391505,43.7226848],[-70.1396435,43.7224933],[-70.139706,43.7227193],[-70.1398604,43.7226855],[-70.1398357,43.7225326],[-70.1406816,43.7223395],[-70.1413704,43.7215123],[-70.1413856,43.7209726],[-70.141153,43.7205327],[-70.1412209,43.7201685],[-70.1409266,43.7196117],[-70.1412961,43.717688],[-70.1418498,43.7167914],[-70.1441367,43.7158166],[-70.1468716,43.7152824],[-70.1475594,43.7153238],[-70.1479012,43.715457],[-70.1482491,43.7159178],[-70.1484561,43.7158741],[-70.1485379,43.7155049],[-70.1492164,43.7151067],[-70.151936,43.7139937],[-70.1521461,43.7137218],[-70.1524054,43.713736],[-70.1532159,43.7132964],[-70.1532249,43.7130466],[-70.1537153,43.7127836],[-70.1537566,43.7125882],[-70.1558431,43.7114489],[-70.1567193,43.7107214],[-70.1568314,43.7104206],[-70.1551586,43.7100469],[-70.1545214,43.7101396],[-70.1531898,43.7107503],[-70.1525354,43.7107015],[-70.151685,43.710408],[-70.1510311,43.7099068],[-70.1502336,43.7096801],[-70.1493767,43.708752],[-70.1491013,43.7081274],[-70.1480207,43.7084102],[-70.1475849,43.7081836],[-70.1467205,43.7084138],[-70.1461723,43.7082158],[-70.1460604,43.7079774],[-70.145202,43.708547],[-70.1457463,43.7090991],[-70.145536,43.7096681],[-70.1455871,43.7100204],[-70.1448993,43.7116523],[-70.144189,43.7119681],[-70.1441207,43.7121292],[-70.1444276,43.7122263],[-70.144413,43.7125896],[-70.1441065,43.7127636],[-70.1436814,43.7134847],[-70.1431093,43.7139504],[-70.1399972,43.7157745],[-70.1399026,43.7163543],[-70.1391278,43.7168602],[-70.1393319,43.717079],[-70.1389048,43.7176023],[-70.1385548,43.7174745],[-70.1384211,43.7179809],[-70.1382737,43.71771],[-70.1358471,43.7185659],[-70.1354833,43.718444],[-70.135162,43.7185616],[-70.1350103,43.7184285],[-70.1342049,43.7185852],[-70.1336623,43.7184125],[-70.1335699,43.718226],[-70.1318372,43.7182174],[-70.1298762,43.7192479],[-70.1290829,43.7193794],[-70.128365,43.7198796],[-70.1268782,43.7195025],[-70.1262817,43.7191531],[-70.1255066,43.7184921],[-70.1251042,43.7176963],[-70.1257764,43.71704],[-70.1259424,43.7166224],[-70.1257408,43.716552],[-70.1258024,43.7164326],[-70.1268697,43.7150561],[-70.1266968,43.7149343],[-70.1268869,43.7147705],[-70.1267082,43.7145623],[-70.1268894,43.7141431],[-70.1266621,43.7141258],[-70.1267103,43.7139947],[-70.1263104,43.7141986],[-70.1258403,43.7141703],[-70.1257653,43.7138668],[-70.1265251,43.7136046],[-70.1270476,43.7129704],[-70.1269509,43.712827],[-70.1266965,43.7129919],[-70.1266367,43.7127419],[-70.1262651,43.7130169],[-70.1259091,43.7130631],[-70.1256927,43.7124691],[-70.1262063,43.7123226],[-70.1260936,43.7121335],[-70.1262027,43.712045],[-70.1277379,43.7115217],[-70.1276347,43.7113431],[-70.127879,43.7107741],[-70.1285732,43.7100373],[-70.1288083,43.7093076],[-70.1287561,43.7086859],[-70.1285406,43.7084387],[-70.1286217,43.7080796],[-70.1282789,43.7079557],[-70.1274978,43.7080897],[-70.1273992,43.7082794],[-70.125803,43.7088768],[-70.125,43.7094231],[-70.1252457,43.7094782],[-70.1257858,43.7090612],[-70.1260036,43.7089485],[-70.125954,43.7090624],[-70.1260911,43.7090644],[-70.1276577,43.7081793],[-70.1282226,43.7081669],[-70.1283334,43.7082859],[-70.1282127,43.7084885],[-70.1283435,43.7085343],[-70.1284562,43.7092852],[-70.1285815,43.7093313],[-70.1284204,43.7099176],[-70.1274077,43.71121],[-70.1274493,43.7115175],[-70.127267,43.7116771],[-70.1255202,43.7120496],[-70.1252919,43.7123862],[-70.125,43.7125046],[-70.125023,43.7130551],[-70.1254215,43.7134603],[-70.1258616,43.7134761],[-70.1262122,43.7133044],[-70.1264409,43.7135039],[-70.1262313,43.7136581],[-70.1260397,43.7135186],[-70.1254634,43.7135353],[-70.125311,43.7137775],[-70.1255171,43.7143629],[-70.1257943,43.7144832],[-70.1263669,43.7142245],[-70.1265971,43.7144213],[-70.1263779,43.7145867],[-70.1265565,43.7145979],[-70.1262907,43.7151627],[-70.1264379,43.7153279],[-70.1256834,43.7162397],[-70.1254938,43.7167407],[-70.1256047,43.7170655],[-70.125,43.7175095],[-70.125,43.7195492],[-70.1256431,43.7200199],[-70.127695,43.7206197],[-70.1316217,43.7184345],[-70.1330808,43.7184344],[-70.1339526,43.7188133],[-70.1347989,43.7187324],[-70.1348384,43.7189168],[-70.1356014,43.7189734],[-70.1359401,43.7196798],[-70.1363612,43.7199052],[-70.1364531,43.7202729],[-70.1370386,43.720442],[-70.1372883,43.720752],[-70.1381126,43.7207095],[-70.1391941,43.720341],[-70.1399752,43.7207037],[-70.1408187,43.7205966],[-70.1410045,43.7218749],[-70.1405377,43.7219471],[-70.1405105,43.7222459],[-70.140238,43.7222843],[-70.1401409,43.7214226],[-70.1398649,43.721044],[-70.1395095,43.7209515]],[[-70.1491193,43.7145858],[-70.1468412,43.7144409],[-70.1433121,43.7152224],[-70.1423962,43.7155719],[-70.1424685,43.7151792],[-70.1421948,43.7149324],[-70.1423186,43.7147156],[-70.1431448,43.7143011],[-70.1440647,43.7135798],[-70.1454239,43.7114317],[-70.1462957,43.7087097],[-70.146598,43.708585],[-70.1476574,43.7088349],[-70.1483952,43.7086677],[-70.1486295,43.7083922],[-70.1504576,43.7102499],[-70.1514817,43.710753],[-70.1529948,43.7112015],[-70.1533744,43.7111938],[-70.1536984,43.7110935],[-70.1538082,43.7108913],[-70.154145,43.7108537],[-70.1546426,43.7103087],[-70.1561597,43.710675],[-70.1561924,43.7108757],[-70.1558629,43.7112983],[-70.1535508,43.7121349],[-70.1508775,43.7137541],[-70.1491193,43.7145858]]]},"properties":{"objtype":"DEPARE","label":"shallow area","valsou":-2.8,"depth_label":"-2.8-0.0m","chart":"US5PWMDD"}},{"type":"Feature","geometry":{"type":"Polygon","coordinates":[[[-70.1864271,43.7234545],[-70.1859712,43.7230431],[-70.1859992,43.7226431],[-70.1857469,43.7222179],[-70.1859319,43.7221559],[-70.1860114,43.7215997],[-70.1865149,43.7211979],[-70.1872868,43.7208864],[-70.1876893,43.7202268],[-70.1898812,43.7187893],[-70.1905491,43.7178042],[-70.190828,43.7171718],[-70.1907289,43.7169396],[-70.190426,43.7167527],[-70.190078,43.7168272],[-70.1899818,43.716658],[-70.1908067,43.7161342],[-70.1909676,43.7158423],[-70.1907907,43.7157429],[-70.1904024,43.7159124],[-70.1904791,43.7154373],[-70.190691,43.7153239],[-70.1910565,43.7157464],[-70.1922534,43.7155938],[-70.1924211,43.7154212],[-70.1924301,43.7149885],[-70.1920656,43.7146822],[-70.1914834,43.714898],[-70.1915072,43.714366],[-70.1918587,43.7142852],[-70.1919239,43.7146481],[-70.1921,43.7144183],[-70.1925207,43.7142983],[-70.1927129,43.7145723],[-70.1929632,43.7145851],[-70.1933203,43.713936],[-70.1943628,43.7134966],[-70.1938101,43.7132426],[-70.193893,43.7126774],[-70.1944902,43.7124046],[-70.1943392,43.7122341],[-70.1946716,43.7121599],[-70.1953128,43.7124643],[-70.1949666,43.712834],[-70.1947987,43.7134421],[-70.1951633,43.7135671],[-70.1955092,43.713262],[-70.196091,43.7134757],[-70.1959592,43.7136636],[-70.1961217,43.7137173],[-70.1957053,43.7139095],[-70.1959124,43.714045],[-70.1956733,43.7144954],[-70.1959097,43.7144504],[-70.1960204,43.7147732],[-70.1961627,43.7147309],[-70.1962101,43.7151432],[-70.1959075,43.7154189],[-70.1952772,43.7153311],[-70.1953306,43.7161132],[-70.1949835,43.7163684],[-70.1948945,43.7166586],[-70.1941148,43.7171011],[-70.1933889,43.7167954],[-70.19276,43.7169282],[-70.1921768,43.7180281],[-70.1907818,43.71917],[-70.1909707,43.7193669],[-70.1913461,43.7192872],[-70.1913945,43.7193905],[-70.1910257,43.7198948],[-70.1907309,43.7198568],[-70.1905065,43.7200268],[-70.1904571,43.7206305],[-70.1900388,43.7210967],[-70.1901802,43.7215164],[-70.1898885,43.7217471],[-70.1900956,43.7218419],[-70.1899721,43.7220256],[-70.1896813,43.7220671],[-70.1892945,43.7224575],[-70.1889588,43.7220978],[-70.1886766,43.7220905],[-70.1882822,43.7223951],[-70.1880037,43.7223301],[-70.186981,43.7231961],[-70.1864271,43.7234545]],[[-70.1940107,43.7168983],[-70.1939946,43.7167069],[-70.1937009,43.7165727],[-70.1925673,43.716578],[-70.1922915,43.7173346],[-70.1917555,43.7180858],[-70.1903103,43.7192702],[-70.1904898,43.7197889],[-70.190091,43.7202774],[-70.1901563,43.7205711],[-70.189853,43.721113],[-70.1893496,43.721442],[-70.1892134,43.7219943],[-70.1890886,43.7220606],[-70.1890862,43.7216878],[-70.1887954,43.7216241],[-70.1884056,43.722112],[-70.1880703,43.7220758],[-70.1866929,43.723149],[-70.186396,43.7232884],[-70.1861429,43.7231942],[-70.1860452,43.7228427],[-70.1862073,43.7216614],[-70.1875634,43.7209759],[-70.1883745,43.7199358],[-70.1894528,43.7194443],[-70.1895397,43.7192592],[-70.1894202,43.71917],[-70.1895953,43.7190051],[-70.1901642,43.7188773],[-70.1911514,43.717093],[-70.1908874,43.7166894],[-70.190551,43.7167596],[-70.1906501,43.7164026],[-70.1910785,43.716213],[-70.1911968,43.7159312],[-70.1925268,43.7157662],[-70.1928678,43.7151251],[-70.1927162,43.7146647],[-70.1930699,43.7145839],[-70.1938284,43.7137966],[-70.1941512,43.7140607],[-70.1944149,43.7140585],[-70.1951659,43.713895],[-70.1952456,43.713664],[-70.1954283,43.7138513],[-70.195249,43.7140989],[-70.1952265,43.7149154],[-70.1948992,43.7152901],[-70.1951596,43.7157728],[-70.1950975,43.7160322],[-70.1940107,43.7168983]],[[-70.1924016,43.7146413],[-70.19261,43.7146114],[-70.1924005,43.7145019],[-70.1924016,43.7146413]],[[-70.1941772,43.7127941],[-70.1940515,43.7131262],[-70.1945781,43.7130505],[-70.1946113,43.71278],[-70.1941772,43.7127941]]]},"properties":{"objtype":"DEPARE","label":"shallow area","valsou":-2.8,"depth_label":"-2.8-0.0m","chart":"US5PWMDD"}},{"type":"Feature","geometry":{"type":"Polygon","coordinates":[[[-70.1940479,43.7114386],[-70.1941827,43.7115019],[-70.1947041,43.7114235],[-70.194163,43.7116531],[-70.1940479,43.7114386]]]},"properties":{"objtype":"DEPARE","label":"shallow area","valsou":-2.8,"depth_label":"-2.8-0.0m","chart":"US5PWMDD"}},{"type":"Feature","geometry":{"type":"Polygon","coordinates":[[[-70.1271982,43.7122643],[-70.1272798,43.712288],[-70.1272469,43.7123205],[-70.1271982,43.7122643]]]},"properties":{"objtype":"DEPARE","label":"shallow area","valsou":-2.8,"depth_label":"-2.8-0.0m","chart":"US5PWMDD"}},{"type":"Feature","geometry":{"type":"Polygon","coordinates":[[[-70.1936162,43.710332],[-70.1937917,43.7097932],[-70.194315,43.7096804],[-70.1940905,43.7102055],[-70.1936162,43.710332]]]},"properties":{"objtype":"DEPARE","label":"shallow area","valsou":-2.8,"depth_label":"-2.8-0.0m","chart":"US5PWMDD"}},{"type":"Feature","geometry":{"type":"Polygon","coordinates":[[[-70.1547355,43.679787],[-70.1538002,43.6797043],[-70.1536242,43.6794374],[-70.1539682,43.6792824],[-70.1535668,43.6791235],[-70.152645,43.6792413],[-70.1531019,43.6787836],[-70.152925,43.6788355],[-70.1530123,43.6785834],[-70.1528387,43.6785942],[-70.1529666,43.6784116],[-70.1526883,43.6785374],[-70.152593,43.6784786],[-70.1528891,43.6783574],[-70.152829,43.6782321],[-70.1523863,43.6781876],[-70.1525691,43.6780865],[-70.1525843,43.6776554],[-70.1522343,43.6774552],[-70.1523588,43.677346],[-70.1521461,43.6771878],[-70.1524344,43.6770164],[-70.152249,43.6768779],[-70.1524189,43.6767633],[-70.1523509,43.6768708],[-70.1527432,43.67712],[-70.1528619,43.6774102],[-70.1526598,43.6779015],[-70.1528909,43.6777709],[-70.1531372,43.6779125],[-70.1535699,43.6784975],[-70.1535838,43.6786732],[-70.1534385,43.6787057],[-70.1538697,43.6789367],[-70.1538651,43.6791584],[-70.154148,43.67905],[-70.1542855,43.6792095],[-70.1544139,43.6788915],[-70.1549353,43.6785319],[-70.1555348,43.6777686],[-70.1550914,43.6780739],[-70.15466,43.6778416],[-70.1545244,43.6772392],[-70.1547868,43.6769003],[-70.1552812,43.6766326],[-70.1555789,43.6766192],[-70.1557122,43.676781],[-70.1567223,43.6764949],[-70.1563453,43.6764793],[-70.1565009,43.6760987],[-70.1562712,43.6760179],[-70.1560405,43.6756064],[-70.1562043,43.6754406],[-70.1560216,43.6753404],[-70.1561541,43.6752215],[-70.1559338,43.675236],[-70.156185,43.6749499],[-70.1549532,43.6749645],[-70.1546025,43.6751078],[-70.1541338,43.6753349],[-70.1541603,43.6755764],[-70.1534483,43.6763564],[-70.1529731,43.6765833],[-70.1527549,43.6763783],[-70.1525992,43.6766036],[-70.152251,43.6766219],[-70.153202,43.6760502],[-70.1531302,43.6759586],[-70.1538235,43.675556],[-70.1538123,43.6754502],[-70.1536307,43.6755531],[-70.1537584,43.6754146],[-70.1546249,43.6749723],[-70.1547993,43.6747336],[-70.1558406,43.6744976],[-70.1558085,43.674664],[-70.1560141,43.6745896],[-70.1559647,43.6747361],[-70.1563595,43.6748671],[-70.1564373,43.6750866],[-70.1562586,43.6752367],[-70.1565651,43.6753525],[-70.1563929,43.6754969],[-70.1565942,43.6758206],[-70.1568954,43.6758531],[-70.1567075,43.6761448],[-70.1569686,43.6765207],[-70.1555561,43.6771696],[-70.1549878,43.6771607],[-70.1548769,43.6774191],[-70.1550452,43.6777412],[-70.1556703,43.6775972],[-70.155692,43.6777727],[-70.1558589,43.6776873],[-70.1559468,43.6778363],[-70.15564,43.6782777],[-70.1546112,43.6789552],[-70.1547355,43.679787]]]},"properties":{"objtype":"DEPARE","label":"shallow area","valsou":-2.8,"depth_label":"-2.8-0.0m","chart":"US5PWMDD"}},{"type":"Feature","geometry":{"type":"Polygon","coordinates":[[[-70.1387638,43.7063523],[-70.1384409,43.7060709],[-70.1378163,43.706635],[-70.1375106,43.7067187],[-70.1381786,43.706005],[-70.1381018,43.7053357],[-70.1382622,43.7046696],[-70.1379898,43.7041225],[-70.1369441,43.7038705],[-70.1365959,43.704011],[-70.1361765,43.7037274],[-70.1363042,43.7034752],[-70.1361643,43.7032437],[-70.1359524,43.7032999],[-70.1359251,43.7031412],[-70.1350925,43.7028948],[-70.1342799,43.7028195],[-70.1340255,43.7026134],[-70.1341622,43.7021236],[-70.1349232,43.7012585],[-70.1353016,43.7010474],[-70.1360755,43.7009142],[-70.1369623,43.7004087],[-70.1381927,43.700191],[-70.1382588,43.7000842],[-70.1381125,43.7001291],[-70.1385834,43.6995826],[-70.1395811,43.6988617],[-70.1395993,43.6984272],[-70.1394166,43.6981093],[-70.1400538,43.6978148],[-70.1402166,43.6972314],[-70.1398805,43.6967541],[-70.1423059,43.6947952],[-70.1428667,43.6946087],[-70.1435765,43.6940934],[-70.1434777,43.6940125],[-70.1437373,43.6938599],[-70.1436379,43.6933621],[-70.1438178,43.6932293],[-70.143619,43.6930967],[-70.1435579,43.6933102],[-70.1435301,43.6931673],[-70.1431922,43.6931915],[-70.1430564,43.6929909],[-70.143381,43.6930007],[-70.1433251,43.6927242],[-70.1437774,43.6924082],[-70.143988,43.6925728],[-70.1437398,43.6929637],[-70.1440487,43.6929905],[-70.1445366,43.692403],[-70.1444976,43.692207],[-70.1441686,43.6923629],[-70.1440745,43.6922323],[-70.1444548,43.6920409],[-70.1442846,43.691721],[-70.1445827,43.691462],[-70.1452454,43.6911935],[-70.145082,43.6911498],[-70.1452567,43.6910246],[-70.1454823,43.6911803],[-70.145607,43.6909851],[-70.1455066,43.6908734],[-70.145703,43.6907993],[-70.1457113,43.6909081],[-70.1463141,43.6905768],[-70.1464448,43.6901881],[-70.1470322,43.6901499],[-70.1472325,43.6898989],[-70.1469506,43.6898582],[-70.1472966,43.6895976],[-70.1478162,43.6895994],[-70.1486505,43.6891024],[-70.1494345,43.6893149],[-70.1494822,43.689706],[-70.1491739,43.6899315],[-70.1490834,43.6902387],[-70.1495036,43.6905043],[-70.1494764,43.6907712],[-70.1496402,43.6909071],[-70.1504285,43.6907365],[-70.1507608,43.6899353],[-70.1505388,43.6899131],[-70.1505971,43.6897302],[-70.1511003,43.6895408],[-70.1511725,43.6894174],[-70.1509704,43.689229],[-70.1510946,43.6890945],[-70.1503497,43.6889838],[-70.1501891,43.6890993],[-70.1502661,43.688888],[-70.1497208,43.6889606],[-70.1496038,43.6888535],[-70.1504971,43.6885477],[-70.1511878,43.6879482],[-70.1519183,43.6877866],[-70.1525999,43.6871556],[-70.1531782,43.687214],[-70.153453,43.686737],[-70.1540824,43.6864181],[-70.1541066,43.6862878],[-70.1538443,43.6862619],[-70.153695,43.6859766],[-70.1534666,43.6859791],[-70.1530605,43.685591],[-70.1524289,43.6854964],[-70.1529398,43.6848721],[-70.1527642,43.6848628],[-70.1528678,43.6847543],[-70.1538443,43.6846177],[-70.1537974,43.6844144],[-70.1540598,43.6844726],[-70.1539016,43.6842011],[-70.1535446,43.6840643],[-70.153665,43.683863],[-70.1534189,43.6838049],[-70.1536476,43.6836436],[-70.153375,43.6837442],[-70.1538485,43.6832795],[-70.1537433,43.6829211],[-70.1529376,43.6824797],[-70.1526039,43.6827331],[-70.1518791,43.6827555],[-70.151701,43.6829275],[-70.1516944,43.6826368],[-70.150953,43.682831],[-70.1509905,43.6825436],[-70.1514689,43.6820877],[-70.1516643,43.6815627],[-70.1514577,43.6814944],[-70.1514793,43.6816733],[-70.1510937,43.6818159],[-70.1514465,43.681428],[-70.1518005,43.6813062],[-70.151833,43.6811377],[-70.1515967,43.6812574],[-70.1516764,43.6811217],[-70.1520541,43.6808525],[-70.1523561,43.6809019],[-70.1521301,43.681275],[-70.1524245,43.6811418],[-70.1526167,43.6813008],[-70.1531095,43.6810948],[-70.1536004,43.6814278],[-70.1537799,43.6818182],[-70.1547346,43.6817465],[-70.1555644,43.6810859],[-70.1555641,43.6804688],[-70.1566179,43.6806205],[-70.1575482,43.6805376],[-70.1578198,43.6798959],[-70.1590091,43.6791269],[-70.1598333,43.6782003],[-70.1600898,43.6782565],[-70.1603801,43.6780935],[-70.161065,43.678242],[-70.1612021,43.6780087],[-70.1615433,43.6779895],[-70.161468,43.6780932],[-70.1616972,43.678052],[-70.1616972,43.678156],[-70.1625024,43.6781652],[-70.1622442,43.6789929],[-70.162481,43.6791224],[-70.1630245,43.6787195],[-70.1631296,43.6789265],[-70.1632911,43.6789133],[-70.1641382,43.6782477],[-70.1638989,43.6783081],[-70.1639989,43.6780301],[-70.1642235,43.6780794],[-70.1642222,43.6778945],[-70.1645813,43.6778008],[-70.165299,43.6772458],[-70.1662226,43.6768904],[-70.1660277,43.67686],[-70.1665326,43.6766923],[-70.1666466,43.6764559],[-70.1665386,43.6763716],[-70.1668166,43.6763149],[-70.1667538,43.6761713],[-70.1680302,43.6754564],[-70.1677398,43.6746528],[-70.1673083,43.6747156],[-70.1666694,43.6751976],[-70.1660437,43.6752938],[-70.1656366,43.6755314],[-70.1656592,43.6753749],[-70.1652805,43.6753481],[-70.165188,43.6750636],[-70.1654633,43.6748832],[-70.1652709,43.6748447],[-70.1652949,43.6747309],[-70.1657874,43.6743381],[-70.1656478,43.6741514],[-70.1663199,43.6734785],[-70.1669641,43.6731516],[-70.1680684,43.672914],[-70.168892,43.6723485],[-70.1693505,43.6723687],[-70.169127,43.6726264],[-70.1692402,43.6726767],[-70.1691529,43.6729935],[-70.1686893,43.673657],[-70.1678521,43.6744416],[-70.1680249,43.6746443],[-70.168204,43.6745817],[-70.1682399,43.6750264],[-70.1683574,43.6749967],[-70.1683016,43.6748249],[-70.1684564,43.6748148],[-70.1683525,43.6754676],[-70.1687248,43.6755851],[-70.1687546,43.6757391],[-70.169483,43.6756702],[-70.1692978,43.6758776],[-70.1693919,43.6759464],[-70.1685695,43.6764406],[-70.1685033,43.676636],[-70.1676363,43.677032],[-70.1676699,43.677272],[-70.1681334,43.677483],[-70.1679897,43.6781037],[-70.168123,43.6784207],[-70.1690034,43.6786524],[-70.16839,43.679719],[-70.1687636,43.6799784],[-70.1694778,43.6796869],[-70.1699508,43.6798293],[-70.1704077,43.6797145],[-70.1708527,43.6798833],[-70.1708559,43.6801078],[-70.1710155,43.6801771],[-70.1701045,43.680467],[-70.1701576,43.6808011],[-70.1711603,43.6812702],[-70.1715245,43.681128],[-70.1712962,43.6809893],[-70.1719375,43.6808676],[-70.1718254,43.6811697],[-70.1720327,43.6812302],[-70.1720932,43.6816297],[-70.1724795,43.6820928],[-70.1724971,43.6823807],[-70.1727284,43.6824243],[-70.1725553,43.6824918],[-70.1731009,43.6832238],[-70.1707483,43.6876537],[-70.1701889,43.6881704],[-70.168338,43.6892833],[-70.1679493,43.6897814],[-70.1670785,43.6902774],[-70.1675816,43.6896496],[-70.1680283,43.6894821],[-70.1683228,43.6889887],[-70.1688744,43.6887623],[-70.1705307,43.6873619],[-70.1719592,43.684614],[-70.1727394,43.6837499],[-70.1728358,43.6832009],[-70.1726923,43.6827822],[-70.1722853,43.6825864],[-70.1721387,43.6823411],[-70.1722576,43.6821106],[-70.172123,43.6818333],[-70.1710321,43.6813254],[-70.1706689,43.6814478],[-70.1703332,43.6813628],[-70.1697304,43.6808084],[-70.1696396,43.680426],[-70.1685569,43.6802597],[-70.1679431,43.6798422],[-70.16873,43.6788436],[-70.16789,43.6785],[-70.1677714,43.6778895],[-70.1680236,43.6776109],[-70.167792,43.6776112],[-70.1677609,43.6773447],[-70.1673307,43.6772203],[-70.1674823,43.6768428],[-70.1677472,43.6769061],[-70.167747,43.67672],[-70.1680228,43.6766999],[-70.1678449,43.6765864],[-70.1687413,43.6760896],[-70.1684765,43.6761563],[-70.1686711,43.6759285],[-70.1683798,43.6760111],[-70.1681604,43.6757038],[-70.1681169,43.6759963],[-70.1679548,43.6760078],[-70.1680687,43.6761584],[-70.1673092,43.676168],[-70.1673064,43.6763597],[-70.1668858,43.6765401],[-70.167076,43.6766087],[-70.1667776,43.6770359],[-70.1658805,43.6771639],[-70.1644159,43.6781711],[-70.164114,43.6786843],[-70.1637744,43.6788622],[-70.163644,43.6794264],[-70.1629582,43.6798739],[-70.1622038,43.6798802],[-70.1615544,43.6795656],[-70.1614651,43.6793086],[-70.1620233,43.678795],[-70.1614731,43.6787759],[-70.1608688,43.678368],[-70.1603108,43.6784329],[-70.1600869,43.6783143],[-70.1591611,43.6792572],[-70.1588916,43.6793493],[-70.1589988,43.6794009],[-70.1587972,43.6796268],[-70.1582427,43.6798854],[-70.1579876,43.6805126],[-70.1575948,43.6807716],[-70.15631,43.6811188],[-70.1553209,43.6817935],[-70.1541724,43.6821282],[-70.1533743,43.6819157],[-70.1535072,43.6817787],[-70.153427,43.6816085],[-70.1524178,43.6815251],[-70.1516327,43.6821124],[-70.1514549,43.6824786],[-70.1522181,43.6821609],[-70.152441,43.6822996],[-70.1532451,43.6822537],[-70.1537744,43.6825858],[-70.1542348,43.6832499],[-70.1538261,43.683674],[-70.1539465,43.6841581],[-70.1544327,43.6844618],[-70.1546218,43.6843935],[-70.1547565,43.6846398],[-70.1544487,43.6849213],[-70.1534469,43.6847915],[-70.1529963,43.6851313],[-70.1530128,43.6853728],[-70.1533578,43.6853693],[-70.1537171,43.6858268],[-70.1540622,43.6858379],[-70.1539976,43.6861853],[-70.1543118,43.6861173],[-70.154408,43.6864378],[-70.1539572,43.6866623],[-70.1539713,43.6868126],[-70.1533764,43.6873868],[-70.1530609,43.6874856],[-70.1525714,43.6872988],[-70.1524737,43.6875585],[-70.1515456,43.6881522],[-70.1511742,43.6881265],[-70.150961,43.688278],[-70.1509035,43.6886558],[-70.1513701,43.6889276],[-70.1513595,43.6892232],[-70.1515138,43.6893755],[-70.1511802,43.6898903],[-70.1511882,43.6904091],[-70.1507618,43.6905809],[-70.151936,43.6907896],[-70.1520982,43.6909392],[-70.151788,43.691469],[-70.1519608,43.6918132],[-70.1517599,43.6919932],[-70.151432,43.6919561],[-70.151327,43.6918401],[-70.151501,43.6917317],[-70.1511739,43.691563],[-70.1510512,43.6911945],[-70.1497869,43.6910071],[-70.1491402,43.6912124],[-70.1485766,43.6908919],[-70.1484167,43.690542],[-70.1484757,43.6902194],[-70.1489212,43.6900022],[-70.1488297,43.6897251],[-70.1492769,43.6896017],[-70.1490389,43.6892517],[-70.1485843,43.689349],[-70.1485544,43.6895173],[-70.1480343,43.6897909],[-70.1475639,43.68981],[-70.1472457,43.690171],[-70.1477135,43.6903494],[-70.1477188,43.690571],[-70.1472071,43.6903382],[-70.1469671,43.6904191],[-70.1471328,43.6906059],[-70.1477521,43.6906932],[-70.1479059,43.6905048],[-70.1480126,43.6906267],[-70.1478662,43.6910379],[-70.1471679,43.6912477],[-70.1468116,43.6912435],[-70.1464334,43.6908895],[-70.146023,43.6910514],[-70.1457495,43.691365],[-70.1459168,43.6914863],[-70.1443075,43.6928331],[-70.1437677,43.693733],[-70.1439664,43.6938396],[-70.1437902,43.6945371],[-70.142248,43.6950843],[-70.1416887,43.6956837],[-70.1404766,43.6964549],[-70.1402299,43.6968871],[-70.1403963,43.6970313],[-70.1402246,43.6979045],[-70.1403153,43.698137],[-70.1397125,43.6990906],[-70.1392848,43.6992108],[-70.1385682,43.699753],[-70.1388719,43.6999647],[-70.1386492,43.7003749],[-70.1373832,43.7009467],[-70.1370942,43.7008411],[-70.1370224,43.7006328],[-70.1366031,43.7006725],[-70.1360873,43.7010626],[-70.1352348,43.7012855],[-70.1343811,43.701958],[-70.134249,43.7025551],[-70.134771,43.7025515],[-70.1350355,43.7027969],[-70.1363358,43.7030304],[-70.1367164,43.7035353],[-70.1370619,43.7035933],[-70.1372864,43.7038598],[-70.1378874,43.7037315],[-70.1383152,43.703951],[-70.1388096,43.7048441],[-70.1383954,43.7051505],[-70.1384947,43.7052834],[-70.1383352,43.7054982],[-70.1391189,43.705978],[-70.1391032,43.706642],[-70.1392752,43.7070331],[-70.1404445,43.7066024],[-70.1408353,43.7067195],[-70.1413889,43.7064177],[-70.1419108,43.7052917],[-70.1425303,43.7052899],[-70.1427467,43.7049868],[-70.1437538,43.7047353],[-70.1444741,43.7040122],[-70.145189,43.7016124],[-70.1455698,43.7013621],[-70.1453935,43.7011866],[-70.1458523,43.7004867],[-70.1464507,43.7003336],[-70.1464583,43.7005615],[-70.1467672,43.7005907],[-70.1471839,43.7003991],[-70.1473324,43.7001628],[-70.1470419,43.6999597],[-70.1481137,43.6993076],[-70.1476433,43.6989753],[-70.1479615,43.6987244],[-70.1479203,43.6985042],[-70.1475277,43.6982674],[-70.1477297,43.698146],[-70.1478146,43.6982821],[-70.1480308,43.6980894],[-70.1476055,43.6977165],[-70.1482426,43.697432],[-70.1486942,43.697701],[-70.148985,43.6979203],[-70.1490763,43.6982214],[-70.1489584,43.6988811],[-70.149843,43.6986045],[-70.1501716,43.6988499],[-70.149887,43.6990951],[-70.1498783,43.699339],[-70.1500353,43.699364],[-70.1502453,43.6992511],[-70.1500276,43.6991213],[-70.1503249,43.6989119],[-70.1512111,43.6988691],[-70.1515733,43.6986535],[-70.1520419,43.6980744],[-70.1518947,43.6976922],[-70.1524182,43.6970729],[-70.1526801,43.6968696],[-70.1530961,43.6968293],[-70.1531691,43.6966224],[-70.1537551,43.6963091],[-70.1538495,43.6961739],[-70.1536585,43.6961364],[-70.1539477,43.6959503],[-70.1540523,43.695663],[-70.1547832,43.6952586],[-70.1553581,43.6946648],[-70.155827,43.6947051],[-70.1569741,43.6940707],[-70.1588315,43.6933541],[-70.1608344,43.6929558],[-70.1609359,43.6933619],[-70.1611615,43.6934123],[-70.1609868,43.6928875],[-70.1614206,43.6925595],[-70.1631233,43.691888],[-70.1638297,43.6918013],[-70.1617821,43.6925302],[-70.161179,43.6930475],[-70.1613026,43.6934467],[-70.1611746,43.6935682],[-70.1608977,43.6934466],[-70.1607919,43.6930579],[-70.160474,43.6931211],[-70.1605094,43.6932364],[-70.1601191,43.6934874],[-70.1601589,43.6932684],[-70.1596727,43.6934317],[-70.159325,43.6933483],[-70.1580974,43.6938672],[-70.1577129,43.6938636],[-70.1558946,43.6947613],[-70.1555283,43.6948093],[-70.1543711,43.6957477],[-70.1542629,43.6960135],[-70.1544673,43.6961602],[-70.1539451,43.6962298],[-70.1540034,43.6963835],[-70.1536941,43.6965702],[-70.153804,43.6967926],[-70.1536169,43.6970023],[-70.1533651,43.6971082],[-70.1530511,43.697008],[-70.1524124,43.6973493],[-70.1524473,43.6976695],[-70.1528895,43.6976125],[-70.153082,43.697739],[-70.1527228,43.6980658],[-70.1522918,43.6980877],[-70.1520554,43.6983019],[-70.1521762,43.6985115],[-70.1520348,43.6984982],[-70.1524219,43.6986533],[-70.1523639,43.6987428],[-70.1519268,43.6985507],[-70.1520919,43.698678],[-70.151765,43.6986143],[-70.1513278,43.6990504],[-70.1508675,43.6989941],[-70.149777,43.6995611],[-70.1495166,43.6995438],[-70.1497809,43.6994679],[-70.1497421,43.6992026],[-70.149679,43.6989708],[-70.1493954,43.6988419],[-70.1486482,43.6991801],[-70.148598,43.6989559],[-70.14839,43.6990447],[-70.148359,43.6992783],[-70.1475267,43.6997752],[-70.1475289,43.700279],[-70.1473338,43.7006725],[-70.1462202,43.7008606],[-70.1456266,43.7015602],[-70.1457444,43.7018181],[-70.145157,43.7026312],[-70.1455781,43.7029842],[-70.1451492,43.7032234],[-70.1450119,43.7036725],[-70.1451379,43.7037849],[-70.1438557,43.7047999],[-70.1421216,43.7055943],[-70.1419086,43.7060459],[-70.142415,43.7061908],[-70.1422891,43.706326],[-70.1418917,43.7061233],[-70.1416037,43.7067413],[-70.1412938,43.7070278],[-70.1403598,43.7069415],[-70.1396398,43.7073342],[-70.1388136,43.7070426],[-70.1386253,43.7065921],[-70.1387638,43.7063523]],[[-70.1703532,43.6800513],[-70.1704631,43.680213],[-70.1701463,43.680222],[-70.1701258,43.6803362],[-70.1699791,43.6802292],[-70.1703532,43.6800513]],[[-70.1675502,43.6744208],[-70.166334,43.6751229],[-70.1655828,43.6750926],[-70.1656356,43.6746974],[-70.1664183,43.6738458],[-70.1682398,43.6728815],[-70.1685306,43.6725969],[-70.1689186,43.6725708],[-70.1690302,43.6730471],[-70.1683013,43.6738956],[-70.1676056,43.6743542],[-70.1677258,43.6744624],[-70.1675502,43.6744208]]]},"properties":{"objtype":"DEPARE","label":"shallow area","valsou":-2.8,"depth_label":"-2.8-0.0m","chart":"US5PWMDD"}},{"type":"Feature","geometry":{"type":"Polygon","coordinates":[[[-70.1482566,43.7011497],[-70.148049,43.7013735],[-70.1481718,43.701521],[-70.1484478,43.701242],[-70.1482566,43.7011497]]]},"properties":{"objtype":"DEPARE","label":"shallow area","valsou":-2.8,"depth_label":"-2.8-0.0m","chart":"US5PWMDD"}},{"type":"Feature","geometry":{"type":"Polygon","coordinates":[[[-70.1419285,43.6939365],[-70.1418702,43.6935916],[-70.1423373,43.6933463],[-70.1424964,43.6934115],[-70.1424788,43.6935933],[-70.1419285,43.6939365]]]},"properties":{"objtype":"DEPARE","label":"shallow area","valsou":-2.8,"depth_label":"-2.8-0.0m","chart":"US5PWMDD"}},{"type":"Feature","geometry":{"type":"Polygon","coordinates":[[[-70.1901318,43.7122474],[-70.1893305,43.7127221],[-70.1890627,43.7133331],[-70.1899839,43.7130775],[-70.1902784,43.7128509],[-70.1903333,43.712988],[-70.1905134,43.7129356],[-70.1907749,43.7127265],[-70.1907016,43.7125017],[-70.1909996,43.7122062],[-70.1901084,43.7124953],[-70.190419,43.7122938],[-70.1901318,43.7122474]]]},"properties":{"objtype":"DEPARE","label":"shallow area","valsou":-2.8,"depth_label":"-2.8-0.0m","chart":"US5PWMDD"}},{"type":"Feature","geometry":{"type":"Polygon","coordinates":[[[-70.1261948,43.7128221],[-70.1265542,43.7126625],[-70.1265672,43.712609],[-70.1261948,43.7128221]]]},"properties":{"objtype":"DEPARE","label":"shallow area","valsou":-2.8,"depth_label":"-2.8-0.0m","chart":"US5PWMDD"}},{"type":"Feature","geometry":{"type":"Polygon","coordinates":[[[-70.1906941,43.7235431],[-70.1903016,43.7235734],[-70.1898594,43.7238426],[-70.1896984,43.7243112],[-70.1900417,43.7243522],[-70.1904819,43.7241261],[-70.1906927,43.7242073],[-70.1910157,43.7238355],[-70.1906941,43.7235431]],[[-70.1901317,43.7240491],[-70.1902547,43.7240708],[-70.1902258,43.7242365],[-70.1901589,43.7241712],[-70.1901317,43.7240491]]]},"properties":{"objtype":"DEPARE","label":"shallow area","valsou":-2.8,"depth_label":"-2.8-0.0m","chart":"US5PWMDD"}},{"type":"Feature","geometry":{"type":"Polygon","coordinates":[[[-70.1405311,43.6947183],[-70.1404736,43.6951726],[-70.140755,43.6948741],[-70.1411874,43.6948184],[-70.1412734,43.6945886],[-70.1409231,43.6944945],[-70.1407759,43.6946525],[-70.1409583,43.6946453],[-70.1407707,43.6947807],[-70.140622,43.694446],[-70.1403629,43.6946408],[-70.1405311,43.6947183]]]},"properties":{"objtype":"DEPARE","label":"shallow area","valsou":-2.8,"depth_label":"-2.8-0.0m","chart":"US5PWMDD"}},{"type":"Feature","geometry":{"type":"Polygon","coordinates":[[[-70.1759706,43.6596701],[-70.1760504,43.6595701],[-70.1760386,43.6595407],[-70.1759562,43.6595652],[-70.1759706,43.6596701]]]},"properties":{"objtype":"DEPARE","label":"shallow area","valsou":-2.8,"depth_label":"-2.8-0.0m","chart":"US5PWMDD"}},{"type":"Feature","geometry":{"type":"Polygon","coordinates":[[[-70.1879933,43.6504395],[-70.1867441,43.6509874],[-70.1866577,43.6511093],[-70.1871377,43.651119],[-70.1871317,43.6509485],[-70.18746,43.6507566],[-70.1876378,43.6508411],[-70.1881227,43.6506374],[-70.1879787,43.6506047],[-70.1879933,43.6504395]]]},"properties":{"objtype":"DEPARE","label":"shallow area","valsou":-2.8,"depth_label":"-2.8-0.0m","chart":"US5PWMDD"}},{"type":"Feature","geometry":{"type":"Polygon","coordinates":[[[-70.1871195,43.6506499],[-70.1867246,43.6507387],[-70.1866415,43.6508142],[-70.1871195,43.6506499]]]},"properties":{"objtype":"DEPARE","label":"shallow area","valsou":-2.8,"depth_label":"-2.8-0.0m","chart":"US5PWMDD"}},{"type":"Feature","geometry":{"type":"Polygon","coordinates":[[[-70.1908717,43.670411],[-70.1908139,43.670524],[-70.1909909,43.6704253],[-70.1908717,43.670411]]]},"properties":{"objtype":"DEPARE","label":"shallow area","valsou":-2.8,"depth_label":"-2.8-0.0m","chart":"US5PWMDD"}},{"type":"Feature","geometry":{"type":"Polygon","coordinates":[[[-70.188648,43.6508558],[-70.1887657,43.6508955],[-70.1890572,43.650801],[-70.1888339,43.6507155],[-70.188648,43.6508558]]]},"properties":{"objtype":"DEPARE","label":"shallow area","valsou":-2.8,"depth_label":"-2.8-0.0m","chart":"US5PWMDD"}},{"type":"Feature","geometry":{"type":"Polygon","coordinates":[[[-70.1904196,43.6510951],[-70.1905863,43.6510194],[-70.1906966,43.6512021],[-70.190523,43.6513534],[-70.1905823,43.6511609],[-70.1904196,43.6510951]]]},"properties":{"objtype":"DEPARE","label":"shallow area","valsou":-2.8,"depth_label":"-2.8-0.0m","chart":"US5PWMDD"}},{"type":"Feature","geometry":{"type":"Polygon","coordinates":[[[-70.1771123,43.6575524],[-70.1770166,43.6575377],[-70.176976,43.6576311],[-70.1771123,43.6575524]]]},"properties":{"objtype":"DEPARE","label":"shallow area","valsou":-2.8,"depth_label":"-2.8-0.0m","chart":"US5PWMDD"}},{"type":"Feature","geometry":{"type":"Polygon","coordinates":[[[-70.1909257,43.6509369],[-70.1907473,43.6508762],[-70.1909179,43.65107],[-70.1909257,43.6509369]]]},"properties":{"objtype":"DEPARE","label":"shallow area","valsou":-2.8,"depth_label":"-2.8-0.0m","chart":"US5PWMDD"}},{"type":"Feature","geometry":{"type":"Polygon","coordinates":[[[-70.1993847,43.6504803],[-70.1983195,43.6503948],[-70.1981511,43.6502252],[-70.198301,43.65],[-70.198691,43.65],[-70.1983716,43.6502996],[-70.1992709,43.65],[-70.1996683,43.6500355],[-70.1993847,43.6504803]]]},"properties":{"objtype":"DEPARE","label":"shallow area","valsou":-2.8,"depth_label":"-2.8-0.0m","chart":"US5PWMDD"}},{"type":"Feature","geometry":{"type":"Polygon","coordinates":[[[-70.1911805,43.6856242],[-70.1910607,43.6855533],[-70.1912915,43.685523],[-70.1918776,43.6848339],[-70.1923373,43.6845729],[-70.1921359,43.6843357],[-70.1922629,43.6840477],[-70.1920368,43.6839788],[-70.1922875,43.68377],[-70.1924537,43.6832927],[-70.1915775,43.6828546],[-70.1911734,43.6828435],[-70.1902301,43.684018],[-70.1902109,43.6843471],[-70.1899497,43.6842592],[-70.1893227,43.6845113],[-70.1886405,43.6842787],[-70.1878641,43.6845382],[-70.187757,43.6844563],[-70.1878684,43.6838076],[-70.1876791,43.6838464],[-70.1879188,43.6831266],[-70.1880702,43.6831321],[-70.1882256,43.6828175],[-70.188062,43.6827084],[-70.1877466,43.6828839],[-70.1876242,43.6827965],[-70.1881927,43.6814323],[-70.1882154,43.680922],[-70.1877928,43.6805287],[-70.1878418,43.6804111],[-70.1880384,43.6804223],[-70.1884518,43.6808564],[-70.1879747,43.6823345],[-70.1877573,43.6825858],[-70.1884197,43.6825858],[-70.1883888,43.6829691],[-70.1878957,43.6834353],[-70.1880174,43.6836824],[-70.1879177,43.6839544],[-70.188077,43.6840902],[-70.1879183,43.6842857],[-70.1881906,43.6841538],[-70.1883559,43.6843017],[-70.188865,43.6840588],[-70.189036,43.6843006],[-70.1897082,43.6841886],[-70.1905626,43.6833773],[-70.1905583,43.6831598],[-70.1909036,43.6826915],[-70.1916234,43.6821832],[-70.1924473,43.6824317],[-70.1927091,43.682034],[-70.1931791,43.6820827],[-70.1932429,43.6823892],[-70.1924322,43.6840515],[-70.1926837,43.6845374],[-70.1911805,43.6856242]]]},"properties":{"objtype":"DEPARE","label":"shallow area","valsou":-2.8,"depth_label":"-2.8-0.0m","chart":"US5PWMDD"}},{"type":"Feature","geometry":{"type":"Polygon","coordinates":[[[-70.1427783,43.6933507],[-70.1429651,43.6933295],[-70.1430225,43.6933884],[-70.1429856,43.6934096],[-70.1427783,43.6933507]]]},"properties":{"objtype":"DEPARE","label":"shallow area","valsou":-2.8,"depth_label":"-2.8-0.0m","chart":"US5PWMDD"}},{"type":"Feature","geometry":{"type":"Polygon","coordinates":[[[-70.1931916,43.689879],[-70.1927158,43.6899895],[-70.1925066,43.6902217],[-70.1931916,43.689879]]]},"properties":{"objtype":"DEPARE","label":"shallow area","valsou":-2.8,"depth_label":"-2.8-0.0m","chart":"US5PWMDD"}},{"type":"Feature","geometry":{"type":"Polygon","coordinates":[[[-70.1954636,43.6726731],[-70.1932977,43.6741246],[-70.1920606,43.6757393],[-70.1916933,43.6763792],[-70.191634,43.6767963],[-70.1911953,43.6772921],[-70.191603,43.6770213],[-70.1919247,43.6761568],[-70.1929959,43.6745718],[-70.1938195,43.6737764],[-70.1955284,43.6727361],[-70.1956309,43.6727135],[-70.1957237,43.6730996],[-70.1966653,43.6731568],[-70.1968239,43.6733797],[-70.1974521,43.6727543],[-70.1986159,43.6727731],[-70.1994751,43.6723249],[-70.1996704,43.6722026],[-70.1997495,43.671819],[-70.1995042,43.6715353],[-70.1991662,43.6715297],[-70.1994017,43.6714491],[-70.199614,43.670867],[-70.1999131,43.6707253],[-70.1997762,43.6714376],[-70.2,43.6717434],[-70.2,43.6705355],[-70.1995154,43.6706117],[-70.1989842,43.6715812],[-70.1992277,43.6717554],[-70.1992389,43.6719974],[-70.1985689,43.6725087],[-70.1973838,43.672604],[-70.1969942,43.6729288],[-70.1965667,43.6730163],[-70.1959204,43.6729019],[-70.1956054,43.6726282],[-70.1954636,43.6726731]]]},"properties":{"objtype":"DEPARE","label":"shallow area","valsou":-2.8,"depth_label":"-2.8-0.0m","chart":"US5PWMDD"}},{"type":"Feature","geometry":{"type":"Polygon","coordinates":[[[-70.1984887,43.5698905],[-70.1982519,43.5701725],[-70.1985286,43.5703381],[-70.1987532,43.5700425],[-70.1984887,43.5698905]]]},"properties":{"objtype":"DEPARE","label":"shallow area","valsou":0.0,"depth_label":"0.0-1.8m","chart":"US5PWMBD"}},{"type":"Feature","geometry":{"type":"Polygon","coordinates":[[[-70.198648,43.5629437],[-70.1966177,43.5644844],[-70.1958998,43.5646438],[-70.195987,43.5652991],[-70.1972154,43.5643227],[-70.197607,43.5637964],[-70.1987764,43.5631673],[-70.1999257,43.5618976],[-70.1991214,43.5621046],[-70.1990004,43.562649],[-70.198608,43.5630433],[-70.198648,43.5629437]]]},"properties":{"objtype":"DEPARE","label":"shallow area","valsou":0.0,"depth_label":"0.0-1.8m","chart":"US5PWMBD"}},{"type":"Feature","geometry":{"type":"Polygon","coordinates":[[[-70.1971999,43.5688041],[-70.197401,43.5684643],[-70.1970585,43.5678874],[-70.1979048,43.5664057],[-70.1980315,43.5654517],[-70.1969605,43.5659083],[-70.1977502,43.5653194],[-70.1982544,43.5651984],[-70.1984419,43.5653463],[-70.1982125,43.5657057],[-70.198641,43.5656678],[-70.1984039,43.5657756],[-70.1984116,43.5660535],[-70.1977915,43.5668318],[-70.1978771,43.5670101],[-70.1977344,43.567354],[-70.1973953,43.5675316],[-70.1974025,43.567856],[-70.1977853,43.5679455],[-70.1977105,43.5684176],[-70.1979427,43.5684339],[-70.1971999,43.5688041]]]},"properties":{"objtype":"DEPARE","label":"shallow area","valsou":0.0,"depth_label":"0.0-1.8m","chart":"US5PWMBD"}},{"type":"Feature","geometry":{"type":"Polygon","coordinates":[[[-70.2,43.5698192],[-70.1996578,43.5700667],[-70.1996498,43.5705897],[-70.1994395,43.5709801],[-70.2,43.5705212],[-70.2,43.5698192]]]},"properties":{"objtype":"DEPARE","label":"shallow area","valsou":0.0,"depth_label":"0.0-1.8m","chart":"US5PWMBD"}},{"type":"Feature","geometry":{"type":"Polygon","coordinates":[[[-70.2,43.5619699],[-70.1997648,43.5616879],[-70.2,43.5615453],[-70.2,43.5619699]]]},"properties":{"objtype":"DEPARE","label":"shallow area","valsou":0.0,"depth_label":"0.0-3.6m","chart":"US5PWMBD"}},{"type":"Feature","geometry":{"type":"Polygon","coordinates":[[[-70.1558139,43.5543111],[-70.1560444,43.5542444],[-70.155925,43.5539472],[-70.1556806,43.5540111],[-70.1558139,43.5543111]]]},"properties":{"objtype":"DEPARE","label":"shallow area","valsou":0.0,"depth_label":"0.0-1.8m","chart":"US5PWMBD"}},{"type":"Feature","geometry":{"type":"Polygon","coordinates":[[[-70.1993839,43.5710639],[-70.198741,43.5715995],[-70.199064,43.5720185],[-70.1995427,43.5712162],[-70.1993839,43.5710639]]]},"properties":{"objtype":"DEPARE","label":"shallow area","valsou":0.0,"depth_label":"0.0-1.8m","chart":"US5PWMBD"}},{"type":"Feature","geometry":{"type":"Polygon","coordinates":[[[-70.2,43.5724643],[-70.1991434,43.5728853],[-70.1990674,43.5727584],[-70.1988234,43.5728752],[-70.1996682,43.5722862],[-70.1992477,43.5720688],[-70.1982401,43.5724779],[-70.1981447,43.5728012],[-70.1983811,43.5733233],[-70.1986704,43.573363],[-70.19996,43.5726488],[-70.2,43.5724643]]]},"properties":{"objtype":"DEPARE","label":"shallow area","valsou":0.0,"depth_label":"0.0-1.8m","chart":"US5PWMBD"}},{"type":"Feature","geometry":{"type":"Polygon","coordinates":[[[-70.1990919,43.569446],[-70.1989869,43.5695081],[-70.1991634,43.5693401],[-70.1990829,43.5692274],[-70.1981835,43.5694996],[-70.1984288,43.5693511],[-70.1982059,43.5692696],[-70.1970929,43.5697164],[-70.1967965,43.5696737],[-70.1967942,43.5693619],[-70.1971758,43.5689232],[-70.1964086,43.5693763],[-70.1962575,43.5697499],[-70.1963809,43.5699788],[-70.1966504,43.5699898],[-70.1974539,43.5696931],[-70.198348,43.569792],[-70.199013,43.5696876],[-70.1990919,43.569446]]]},"properties":{"objtype":"DEPARE","label":"shallow area","valsou":0.0,"depth_label":"0.0-1.8m","chart":"US5PWMBD"}},{"type":"Feature","geometry":{"type":"Polygon","coordinates":[[[-70.2845718,43.6403392],[-70.2845077,43.6405041],[-70.2853544,43.6416644],[-70.2849379,43.6420958],[-70.2856439,43.6424413],[-70.2853775,43.6414353],[-70.2845718,43.6403392]]]},"properties":{"objtype":"DEPARE","label":"shallow area","valsou":0.0,"depth_label":"0.0-1.8m","chart":"US5PWMCB"}},{"type":"Feature","geometry":{"type":"Polygon","coordinates":[[[-70.2751415,43.6419041],[-70.275055,43.6416854],[-70.2760795,43.641432],[-70.2773982,43.6415293],[-70.2784775,43.6413245],[-70.277116,43.6416311],[-70.2764357,43.6415464],[-70.2751415,43.6419041]]]},"properties":{"objtype":"DEPARE","label":"shallow area","valsou":0.0,"depth_label":"0.0-1.8m","chart":"US5PWMCB"}},{"type":"Feature","geometry":{"type":"Polygon","coordinates":[[[-70.275,43.6368189],[-70.275,43.6386781],[-70.2752583,43.6388862],[-70.275,43.6397014],[-70.2753745,43.63934],[-70.2755489,43.6385087],[-70.2752617,43.6372188],[-70.275,43.6368189]]]},"properties":{"objtype":"DEPARE","label":"shallow area","valsou":0.0,"depth_label":"0.0-1.8m","chart":"US5PWMCB"}},{"type":"Feature","geometry":{"type":"Polygon","coordinates":[[[-70.2933526,43.65],[-70.2930359,43.6498361],[-70.2926798,43.6494631],[-70.2921084,43.6486845],[-70.2918774,43.6474925],[-70.2909071,43.6461582],[-70.2903211,43.646063],[-70.2892394,43.6465346],[-70.2889101,43.6465074],[-70.2888007,43.6472146],[-70.288467,43.6466041],[-70.2872406,43.6464413],[-70.2858462,43.6460151],[-70.2851959,43.6465316],[-70.2854139,43.6458219],[-70.2826557,43.6436442],[-70.2826165,43.6434876],[-70.283226,43.6433606],[-70.283247,43.6431945],[-70.2825151,43.6429318],[-70.2824653,43.6427305],[-70.2823151,43.642653],[-70.2821915,43.642644],[-70.2823741,43.6427133],[-70.2821838,43.6428085],[-70.2815645,43.6425134],[-70.2818653,43.6422767],[-70.2816179,43.6417273],[-70.2809362,43.6408914],[-70.2804961,43.6406748],[-70.2810804,43.6407216],[-70.2811174,43.6404513],[-70.2813772,43.6403676],[-70.2827648,43.6415094],[-70.2844103,43.6422797],[-70.2844392,43.643119],[-70.2848805,43.6435617],[-70.2849816,43.6449236],[-70.2853922,43.6453863],[-70.2860596,43.6457887],[-70.2876011,43.6463136],[-70.2884575,43.6462496],[-70.2888194,43.6460573],[-70.2893189,43.6461106],[-70.289593,43.645842],[-70.2898402,43.6461088],[-70.2900986,43.6457791],[-70.2903314,43.6459478],[-70.2911686,43.6454069],[-70.2918153,43.645662],[-70.292994,43.64579],[-70.2931552,43.6460589],[-70.2932028,43.6468534],[-70.2926662,43.6478244],[-70.2924924,43.6488028],[-70.2929508,43.6496807],[-70.2936737,43.6499423],[-70.2937971,43.6498051],[-70.2929785,43.6492601],[-70.2928249,43.6486712],[-70.293593,43.6464619],[-70.2939963,43.646284],[-70.2942474,43.6467299],[-70.2939015,43.6467035],[-70.2937905,43.6468788],[-70.2936844,43.6474588],[-70.293183,43.6482751],[-70.2931872,43.6488618],[-70.2943913,43.6495842],[-70.296211,43.65],[-70.2933526,43.65]],[[-70.2917292,43.6465574],[-70.2914356,43.6464723],[-70.2916165,43.6464015],[-70.2914931,43.6463003],[-70.2917021,43.6461023],[-70.291199,43.646017],[-70.2911485,43.6457638],[-70.2917289,43.6458508],[-70.2918255,43.6460428],[-70.2921761,43.646006],[-70.2921205,43.6463326],[-70.2917292,43.6465574]],[[-70.2925525,43.645825],[-70.2926975,43.6458779],[-70.292645,43.6460061],[-70.2925543,43.6459388],[-70.2925525,43.645825]],[[-70.2924382,43.6460867],[-70.2924937,43.6462085],[-70.2925609,43.6461827],[-70.2924382,43.6460867]],[[-70.283784,43.6438604],[-70.2838146,43.6441137],[-70.2840125,43.644095],[-70.283784,43.6438604]]]},"properties":{"objtype":"DEPARE","label":"shallow area","valsou":0.0,"depth_label":"0.0-1.8m","chart":"US5PWMCB"}},{"type":"Feature","geometry":{"type":"Polygon","coordinates":[[[-70.2907806,43.6450628],[-70.29165,43.6449509],[-70.2921442,43.6445982],[-70.29336,43.642461],[-70.2960436,43.6401878],[-70.2969873,43.6392306],[-70.2972858,43.638657],[-70.2978642,43.6384908],[-70.2982506,43.6381876],[-70.2984371,43.6377415],[-70.2983418,43.6383301],[-70.2979782,43.6385928],[-70.297319,43.6387515],[-70.2972665,43.6392167],[-70.2967125,43.6398605],[-70.2937061,43.642557],[-70.2932188,43.643194],[-70.29274,43.6442805],[-70.2925594,43.6449237],[-70.2929726,43.645344],[-70.2943579,43.645917],[-70.2945466,43.6460924],[-70.2942961,43.6461943],[-70.2949171,43.646725],[-70.2938378,43.6462193],[-70.2937168,43.6459798],[-70.2935892,43.6463094],[-70.293402,43.6458245],[-70.29284,43.6454631],[-70.2908362,43.6451184],[-70.2907226,43.6453775],[-70.2896908,43.6455383],[-70.2891427,43.6454703],[-70.2889763,43.6456662],[-70.2887378,43.6455531],[-70.2870369,43.645571],[-70.2857851,43.6434329],[-70.2857742,43.6428139],[-70.2861692,43.643973],[-70.2869113,43.6451365],[-70.2873123,43.6451982],[-70.2874397,43.6451074],[-70.2872522,43.644914],[-70.2874844,43.6446663],[-70.287841,43.6446271],[-70.2882209,43.6442707],[-70.2890061,43.6442344],[-70.2901728,43.6434976],[-70.2902949,43.6435722],[-70.2902261,43.6437461],[-70.2890981,43.6446467],[-70.2894765,43.6446082],[-70.2907806,43.6450628]],[[-70.2935318,43.6457433],[-70.2936098,43.6458846],[-70.2937597,43.6458529],[-70.2936894,43.6457354],[-70.2935318,43.6457433]],[[-70.2897322,43.6451512],[-70.2894416,43.645195],[-70.2895722,43.6451014],[-70.2897322,43.6451512]],[[-70.288957,43.6451926],[-70.2891013,43.6451468],[-70.2889897,43.6453141],[-70.288957,43.6451926]],[[-70.2893356,43.6450418],[-70.2893417,43.645127],[-70.2893879,43.6450598],[-70.2893356,43.6450418]],[[-70.2885064,43.6449587],[-70.2886863,43.6449281],[-70.28882,43.6446828],[-70.2885064,43.6449587]],[[-70.2891436,43.6449561],[-70.2891521,43.6448916],[-70.2891977,43.6449739],[-70.2891436,43.6449561]]]},"properties":{"objtype":"DEPARE","label":"shallow area","valsou":0.0,"depth_label":"0.0-1.8m","chart":"US5PWMCB"}},{"type":"Feature","geometry":{"type":"Polygon","coordinates":[[[-70.2778653,43.6378265],[-70.2766447,43.6382223],[-70.2767031,43.6383193],[-70.2766284,43.6383526],[-70.2765435,43.6380785],[-70.2762064,43.637911],[-70.2757814,43.6367438],[-70.275,43.6364849],[-70.275,43.6362772],[-70.2759333,43.6365299],[-70.2766923,43.63815],[-70.2781707,43.6375614],[-70.2795992,43.6374959],[-70.2807845,43.6378264],[-70.2816418,43.6385187],[-70.2815662,43.6387449],[-70.2805845,43.6379845],[-70.2797347,43.6376661],[-70.2778653,43.6378265]]]},"properties":{"objtype":"DEPARE","label":"shallow area","valsou":0.0,"depth_label":"0.0-1.8m","chart":"US5PWMCB"}},{"type":"Feature","geometry":{"type":"Polygon","coordinates":[[[-70.2027235,43.6354577],[-70.2017063,43.6359752],[-70.2017152,43.6362091],[-70.2019095,43.6359626],[-70.2024723,43.6359881],[-70.2031854,43.6356801],[-70.2027235,43.6354577]]]},"properties":{"objtype":"DEPARE","label":"shallow area","valsou":0.0,"depth_label":"0.0-1.8m","chart":"US5PWMCC"}},{"type":"Feature","geometry":{"type":"Polygon","coordinates":[[[-70.2629068,43.6437952],[-70.2628645,43.6436211],[-70.2630314,43.643734],[-70.2637261,43.6435403],[-70.2639594,43.643681],[-70.2644144,43.6435946],[-70.2643603,43.6434264],[-70.2653213,43.6432796],[-70.2697438,43.6428322],[-70.2737698,43.6421684],[-70.2747885,43.6418407],[-70.275,43.6420129],[-70.2739025,43.642381],[-70.2727706,43.6424062],[-70.2709612,43.6426363],[-70.2700963,43.6429186],[-70.2656059,43.643367],[-70.2656671,43.643637],[-70.2655056,43.6436576],[-70.2654409,43.6433837],[-70.2653536,43.6435225],[-70.2640389,43.6437488],[-70.2629068,43.6437952]]]},"properties":{"objtype":"DEPARE","label":"shallow area","valsou":0.0,"depth_label":"0.0-1.8m","chart":"US5PWMCC"}},{"type":"Feature","geometry":{"type":"Polygon","coordinates":[[[-70.2059605,43.6344344],[-70.2048686,43.6342656],[-70.2048186,43.6344797],[-70.2053376,43.6348584],[-70.2056382,43.634776],[-70.2059605,43.6344344]]]},"properties":{"objtype":"DEPARE","label":"shallow area","valsou":0.0,"depth_label":"0.0-1.8m","chart":"US5PWMCC"}},{"type":"Feature","geometry":{"type":"Polygon","coordinates":[[[-70.2219813,43.6374575],[-70.2215102,43.63735],[-70.221164,43.6375677],[-70.2211497,43.6377747],[-70.221653,43.6379353],[-70.2217196,43.638088],[-70.2220984,43.6377261],[-70.2221238,43.6376179],[-70.2218938,43.6375864],[-70.2219813,43.6374575]]]},"properties":{"objtype":"DEPARE","label":"shallow area","valsou":0.0,"depth_label":"0.0-1.8m","chart":"US5PWMCC"}},{"type":"Feature","geometry":{"type":"Polygon","coordinates":[[[-70.2,43.6484747],[-70.2,43.6492486],[-70.2002992,43.6492182],[-70.2003805,43.6493664],[-70.2,43.6495461],[-70.2,43.65],[-70.200425,43.65],[-70.2007749,43.6494895],[-70.2008534,43.6488613],[-70.2005964,43.6485972],[-70.2,43.6484747]]]},"properties":{"objtype":"DEPARE","label":"shallow area","valsou":0.0,"depth_label":"0.0-1.8m","chart":"US5PWMCC"}},{"type":"Feature","geometry":{"type":"Polygon","coordinates":[[[-70.2150987,43.5977607],[-70.2137877,43.5976935],[-70.2132059,43.5969686],[-70.2127651,43.5966995],[-70.2129711,43.5962276],[-70.2129112,43.5957366],[-70.2131066,43.5955213],[-70.2136255,43.5955085],[-70.2139061,43.5938804],[-70.2144577,43.5933935],[-70.2145243,43.5931624],[-70.214963,43.5931007],[-70.2152203,43.5925836],[-70.2158431,43.5926403],[-70.2156792,43.5931088],[-70.2155863,43.5930421],[-70.2145886,43.5936304],[-70.2140431,43.5941198],[-70.2139787,43.5944194],[-70.2147407,43.5940265],[-70.2145182,43.5944344],[-70.2146539,43.594516],[-70.2146203,43.594739],[-70.213197,43.5959791],[-70.2135663,43.5958918],[-70.2129828,43.5965631],[-70.2132982,43.5963951],[-70.2137381,43.5964743],[-70.2135358,43.5967932],[-70.2137378,43.5966667],[-70.2139729,43.5969899],[-70.2141629,43.5968477],[-70.2142082,43.596952],[-70.2148248,43.5968701],[-70.2152949,43.5964135],[-70.2151614,43.5962165],[-70.2154826,43.5961147],[-70.2168463,43.5964097],[-70.2173632,43.5969132],[-70.2170523,43.5973595],[-70.2171281,43.5975519],[-70.2165612,43.5980826],[-70.2164646,43.5975084],[-70.2160351,43.5972479],[-70.2150987,43.5977607]],[[-70.2144532,43.5973919],[-70.2148996,43.5974556],[-70.2156798,43.5969223],[-70.2155422,43.5967697],[-70.2153313,43.5968217],[-70.214723,43.5970654],[-70.2144532,43.5973919]],[[-70.2162522,43.5968715],[-70.2164748,43.5967005],[-70.2163607,43.5965296],[-70.2161761,43.5966289],[-70.2162522,43.5968715]],[[-70.2143781,43.5936111],[-70.2140524,43.5938267],[-70.2139848,43.5939252],[-70.2143781,43.5936111]]]},"properties":{"objtype":"DEPARE","label":"shallow area","valsou":0.0,"depth_label":"0.0-1.8m","chart":"US5PWMCC"}},{"type":"Feature","geometry":{"type":"Polygon","coordinates":[[[-70.2078976,43.6212237],[-70.2078033,43.6199591],[-70.2086496,43.6194468],[-70.2086244,43.6188027],[-70.2089846,43.6184019],[-70.2088259,43.6180762],[-70.2090164,43.6178663],[-70.208998,43.6182357],[-70.209231,43.618513],[-70.2095357,43.6183628],[-70.2090556,43.6194443],[-70.2095263,43.6194546],[-70.2093672,43.6195639],[-70.209434,43.6196912],[-70.2086559,43.6199295],[-70.2082498,43.6202787],[-70.2081659,43.6206346],[-70.2082917,43.6209037],[-70.2080832,43.6209363],[-70.2081883,43.6210528],[-70.2078976,43.6212237]]]},"properties":{"objtype":"DEPARE","label":"shallow area","valsou":0.0,"depth_label":"0.0-3.6m","chart":"US5PWMCC"}},{"type":"Feature","geometry":{"type":"Polygon","coordinates":[[[-70.2183363,43.6317314],[-70.2184924,43.6319845],[-70.2182107,43.6320683],[-70.2181508,43.631897],[-70.2183363,43.6317314]]]},"properties":{"objtype":"DEPARE","label":"shallow area","valsou":0.0,"depth_label":"0.0-1.8m","chart":"US5PWMCC"}},{"type":"Feature","geometry":{"type":"Polygon","coordinates":[[[-70.2127702,43.608785],[-70.2124262,43.6088984],[-70.2119746,43.6092878],[-70.2117083,43.610105],[-70.2121095,43.6099488],[-70.2120187,43.6098555],[-70.2123541,43.6095083],[-70.2119589,43.6096146],[-70.2127702,43.608785]]]},"properties":{"objtype":"DEPARE","label":"shallow area","valsou":0.0,"depth_label":"0.0-1.8m","chart":"US5PWMCC"}},{"type":"Feature","geometry":{"type":"Polygon","coordinates":[[[-70.275,43.6362772],[-70.2748524,43.6366573],[-70.275,43.6368189],[-70.275,43.6386781],[-70.2741175,43.6377365],[-70.2738891,43.6372332],[-70.274689,43.6363596],[-70.275,43.6362772]]]},"properties":{"objtype":"DEPARE","label":"shallow area","valsou":0.0,"depth_label":"0.0-1.8m","chart":"US5PWMCC"}},{"type":"Feature","geometry":{"type":"Polygon","coordinates":[[[-70.2548093,43.65],[-70.254044,43.6496869],[-70.2537109,43.6497844],[-70.2535863,43.65],[-70.2538477,43.65],[-70.2541371,43.6497474],[-70.2548093,43.65]]]},"properties":{"objtype":"DEPARE","label":"shallow area","valsou":0.0,"depth_label":"0.0-1.8m","chart":"US5PWMCC"}},{"type":"Feature","geometry":{"type":"Polygon","coordinates":[[[-70.2143593,43.6016619],[-70.2142411,43.6020041],[-70.2145862,43.6021652],[-70.2146214,43.6025258],[-70.2141504,43.6030529],[-70.21442,43.6033492],[-70.2153623,43.602508],[-70.2149273,43.6024824],[-70.2151625,43.6023542],[-70.2150887,43.6022029],[-70.2146428,43.602128],[-70.2146152,43.6019542],[-70.2142671,43.6019774],[-70.2146775,43.6015807],[-70.2143593,43.6016619]],[[-70.2147478,43.6026807],[-70.2150856,43.6025768],[-70.2151116,43.6026027],[-70.2147478,43.6026807]]]},"properties":{"objtype":"DEPARE","label":"shallow area","valsou":0.0,"depth_label":"0.0-1.8m","chart":"US5PWMCC"}},{"type":"Feature","geometry":{"type":"Polygon","coordinates":[[[-70.2041036,43.6353698],[-70.2038264,43.63514],[-70.2038442,43.634933],[-70.2040905,43.6348795],[-70.2045753,43.6351431],[-70.2041036,43.6353698]]]},"properties":{"objtype":"DEPARE","label":"shallow area","valsou":0.0,"depth_label":"0.0-1.8m","chart":"US5PWMCC"}},{"type":"Feature","geometry":{"type":"Polygon","coordinates":[[[-70.205176,43.575],[-70.2049216,43.5753598],[-70.2050584,43.575328],[-70.2053295,43.5756821],[-70.2054514,43.5757332],[-70.2056659,43.5754302],[-70.2060524,43.5753135],[-70.2062474,43.5754539],[-70.2061623,43.5758781],[-70.2063703,43.5758855],[-70.2064307,43.5762258],[-70.2070275,43.5763347],[-70.2069945,43.5766024],[-70.2062374,43.577138],[-70.2060893,43.5774859],[-70.2070105,43.5771632],[-70.2072054,43.5772726],[-70.2067812,43.5779364],[-70.2069187,43.5780252],[-70.2066548,43.5782589],[-70.2069501,43.5782437],[-70.206958,43.5783578],[-70.2064684,43.5787464],[-70.2073601,43.5784754],[-70.2071634,43.578783],[-70.2066233,43.5790874],[-70.2065441,43.5793616],[-70.205774,43.5797793],[-70.2055902,43.580128],[-70.2055887,43.5797347],[-70.2061006,43.5795084],[-70.2061619,43.5790565],[-70.2060102,43.5785419],[-70.2052109,43.5786434],[-70.205496,43.5781252],[-70.2051914,43.5775619],[-70.205657,43.5770651],[-70.2052544,43.5767379],[-70.2050374,43.5758464],[-70.2046496,43.5757512],[-70.204058,43.5760732],[-70.203859,43.5755696],[-70.2035265,43.5753645],[-70.2022873,43.5758498],[-70.2019448,43.5761373],[-70.2012849,43.5757894],[-70.2011967,43.5755934],[-70.2017463,43.5753886],[-70.2014528,43.5757229],[-70.2019071,43.5757747],[-70.2038447,43.575],[-70.2041609,43.5751048],[-70.205176,43.575]],[[-70.2064526,43.5782558],[-70.2064423,43.5783743],[-70.2065293,43.578274],[-70.2064526,43.5782558]],[[-70.2060118,43.5763755],[-70.2060325,43.5764622],[-70.2061125,43.5763374],[-70.2060118,43.5763755]]]},"properties":{"objtype":"DEPARE","label":"shallow area","valsou":0.0,"depth_label":"0.0-1.8m","chart":"US5PWMCC"}},{"type":"Feature","geometry":{"type":"Polygon","coordinates":[[[-70.2,43.6361346],[-70.2,43.6373247],[-70.2002049,43.6373281],[-70.2003615,43.6371363],[-70.2010758,43.6369136],[-70.201667,43.6362928],[-70.2016777,43.6360359],[-70.2008211,43.6363975],[-70.2,43.6361346]]]},"properties":{"objtype":"DEPARE","label":"shallow area","valsou":0.0,"depth_label":"0.0-3.6m","chart":"US5PWMCC"}},{"type":"Feature","geometry":{"type":"Polygon","coordinates":[[[-70.2119577,43.5979457],[-70.211405,43.5980138],[-70.2114932,43.598281],[-70.2119955,43.5981562],[-70.2119577,43.5979457]]]},"properties":{"objtype":"DEPARE","label":"shallow area","valsou":0.0,"depth_label":"0.0-1.8m","chart":"US5PWMCC"}},{"type":"Feature","geometry":{"type":"Polygon","coordinates":[[[-70.2072245,43.622436],[-70.2068405,43.6229829],[-70.2070953,43.6229972],[-70.2074008,43.6227474],[-70.2081059,43.6226796],[-70.2080996,43.6223769],[-70.2076291,43.6223309],[-70.2076919,43.6221652],[-70.2075289,43.6220994],[-70.2076653,43.6217862],[-70.2083121,43.6214506],[-70.2078991,43.6212954],[-70.2072467,43.6219353],[-70.2072245,43.622436]]]},"properties":{"objtype":"DEPARE","label":"shallow area","valsou":0.0,"depth_label":"0.0-3.6m","chart":"US5PWMCC"}},{"type":"Feature","geometry":{"type":"Polygon","coordinates":[[[-70.2027219,43.6474443],[-70.2022222,43.647311],[-70.2023269,43.6466686],[-70.2016321,43.6463212],[-70.2013835,43.6456201],[-70.2020409,43.6453059],[-70.2024999,43.6454601],[-70.2031233,43.6459675],[-70.2030268,43.6465714],[-70.2025334,43.6471325],[-70.2027279,43.6472996],[-70.2040378,43.6468176],[-70.2042473,43.6468729],[-70.2042858,43.6466811],[-70.2059983,43.6459058],[-70.2062953,43.6459196],[-70.2063631,43.6462203],[-70.2068722,43.64621],[-70.207291,43.6457904],[-70.2068127,43.6458348],[-70.2066861,43.6452124],[-70.2071311,43.644977],[-70.2071517,43.6447619],[-70.2079868,43.6441102],[-70.2079072,43.6438374],[-70.2083116,43.64368],[-70.2080512,43.6435721],[-70.2074614,43.6437628],[-70.2072139,43.6433942],[-70.2072323,43.6428863],[-70.2087743,43.6417204],[-70.2096163,43.6415771],[-70.2088895,43.6422714],[-70.2094415,43.6426949],[-70.2095747,43.6432898],[-70.2089942,43.6434325],[-70.208128,43.6443272],[-70.2082708,43.6450696],[-70.2081613,43.645536],[-70.2072952,43.6464402],[-70.2054726,43.6474075],[-70.2027219,43.6474443]]]},"properties":{"objtype":"DEPARE","label":"shallow area","valsou":0.0,"depth_label":"0.0-1.8m","chart":"US5PWMCC"}},{"type":"Feature","geometry":{"type":"Polygon","coordinates":[[[-70.2136341,43.6085199],[-70.2132984,43.6086988],[-70.2134935,43.6086881],[-70.2134256,43.6088303],[-70.2140962,43.6086961],[-70.2151521,43.60918],[-70.2153645,43.6089912],[-70.2155274,43.6086279],[-70.215361,43.6086372],[-70.2154309,43.6084396],[-70.215328,43.6084715],[-70.2151699,43.6084111],[-70.2154127,43.6084177],[-70.2154982,43.6081789],[-70.2151393,43.6082868],[-70.2150512,43.6080404],[-70.2156623,43.6075537],[-70.215165,43.6075456],[-70.2149385,43.6077678],[-70.2146198,43.6077157],[-70.2152004,43.6074495],[-70.2151611,43.6073402],[-70.2147416,43.6073642],[-70.2150007,43.6072314],[-70.2150288,43.6069971],[-70.2155542,43.6063749],[-70.2159189,43.6061918],[-70.214924,43.6062202],[-70.2139588,43.6069695],[-70.2136008,43.6069696],[-70.2136052,43.6068016],[-70.2132588,43.6068928],[-70.2131984,43.6071747],[-70.2134203,43.6073337],[-70.2147858,43.6068429],[-70.2149848,43.6069399],[-70.214221,43.6075334],[-70.214357,43.6077365],[-70.2148258,43.6078403],[-70.2145005,43.6085949],[-70.2136341,43.6085199]],[[-70.2144887,43.6073916],[-70.2146667,43.6072846],[-70.2147105,43.6072764],[-70.2146335,43.6073808],[-70.2144887,43.6073916]]]},"properties":{"objtype":"DEPARE","label":"shallow area","valsou":0.0,"depth_label":"0.0-1.8m","chart":"US5PWMCC"}},{"type":"Feature","geometry":{"type":"Polygon","coordinates":[[[-70.2067353,43.6335553],[-70.2064521,43.6335746],[-70.2052728,43.6338811],[-70.2051692,43.6343351],[-70.2059605,43.6344344],[-70.2062375,43.6342062],[-70.2061821,43.6338052],[-70.2067353,43.6335553]]]},"properties":{"objtype":"DEPARE","label":"shallow area","valsou":0.0,"depth_label":"0.0-3.6m","chart":"US5PWMCC"}},{"type":"Feature","geometry":{"type":"Polygon","coordinates":[[[-70.2127938,43.5926672],[-70.2114529,43.5940799],[-70.2120473,43.5938804],[-70.2132764,43.5926704],[-70.2140278,43.5927078],[-70.2144435,43.592947],[-70.2155359,43.592103],[-70.2153347,43.5918603],[-70.2150647,43.5918123],[-70.2142432,43.5923896],[-70.2137612,43.5924646],[-70.2138774,43.5923008],[-70.2136823,43.5921159],[-70.2127938,43.5926672]]]},"properties":{"objtype":"DEPARE","label":"shallow area","valsou":0.0,"depth_label":"0.0-1.8m","chart":"US5PWMCC"}},{"type":"Feature","geometry":{"type":"Polygon","coordinates":[[[-70.2156715,43.6289491],[-70.2152958,43.6290386],[-70.2151799,43.6288937],[-70.2152439,43.6292961],[-70.2155651,43.6293139],[-70.2156715,43.6289491]]]},"properties":{"objtype":"DEPARE","label":"shallow area","valsou":0.0,"depth_label":"0.0-1.8m","chart":"US5PWMCC"}},{"type":"Feature","geometry":{"type":"Polygon","coordinates":[[[-70.2591016,43.5883124],[-70.2579508,43.5882314],[-70.2575177,43.5879076],[-70.2575053,43.5876108],[-70.2578765,43.5870261],[-70.2587551,43.5870711],[-70.2584582,43.5863065],[-70.2576785,43.5864504],[-70.2567133,43.5870711],[-70.256305,43.5869541],[-70.2561565,43.5865224],[-70.2564658,43.5861895],[-70.2562678,43.5855959],[-70.2566762,43.5849482],[-70.2559708,43.5847503],[-70.2552531,43.5848582],[-70.2549066,43.5847053],[-70.2543497,43.5848672],[-70.2550056,43.5851821],[-70.2548076,43.5854969],[-70.2541023,43.5858207],[-70.2544364,43.5861266],[-70.2542507,43.5863605],[-70.2536073,43.5863964],[-70.2531865,43.5857758],[-70.2524317,43.5859377],[-70.2518501,43.5857758],[-70.2518624,43.5859197],[-70.2523574,43.5861446],[-70.2523327,43.5864414],[-70.2514664,43.5864414],[-70.2513427,43.5861356],[-70.2509467,43.5859827],[-70.2506126,43.5864324],[-70.2501547,43.5864504],[-70.2502042,43.5868372],[-70.2500186,43.587269],[-70.2497835,43.5873679],[-70.2496474,43.587233],[-70.2497463,43.5869991],[-70.2497587,43.587215],[-70.2499443,43.587161],[-70.2501052,43.5863425],[-70.2505507,43.5863065],[-70.2508848,43.5858567],[-70.2512932,43.5859827],[-70.2515159,43.5863425],[-70.2521718,43.5864054],[-70.252246,43.5862255],[-70.2516026,43.5858028],[-70.2518872,43.5856678],[-70.2524564,43.5858477],[-70.2532236,43.5856678],[-70.2536073,43.5862345],[-70.254226,43.5862885],[-70.254226,43.5861086],[-70.25383,43.5859287],[-70.2538548,43.5857218],[-70.254523,43.5855599],[-70.25482,43.585326],[-70.2541517,43.5850831],[-70.2540775,43.5846963],[-70.2547086,43.5845794],[-70.2550551,43.5834729],[-70.2570227,43.5829332],[-70.2570103,43.5823755],[-70.2572698,43.581849],[-70.2579013,43.5815479],[-70.2582973,43.5808822],[-70.2589779,43.5803424],[-70.2595966,43.5800905],[-70.2624923,43.5800995],[-70.2632843,43.5777695],[-70.2630739,43.5775536],[-70.2630615,43.5769508],[-70.2635318,43.5772927],[-70.264398,43.5775176],[-70.2650044,43.5772567],[-70.2659077,43.576375],[-70.2668358,43.5759342],[-70.2675659,43.5758262],[-70.2669843,43.5754124],[-70.2670215,43.5752324],[-70.2677763,43.5756733],[-70.2681599,43.5756823],[-70.2693727,43.5754753],[-70.2699791,43.575],[-70.2715158,43.575],[-70.271563,43.5754213],[-70.2712784,43.5760781],[-70.2709814,43.576366],[-70.2678382,43.5769148],[-70.2659944,43.5777785],[-70.2637174,43.5784802],[-70.2636308,43.578975],[-70.2637669,43.5796947],[-70.2626161,43.5805403],[-70.2626284,43.5807292],[-70.2630656,43.581148],[-70.2624923,43.5807832],[-70.2620097,43.5808102],[-70.2599555,43.5802884],[-70.259609,43.5803334],[-70.2589779,43.5807022],[-70.258322,43.5821686],[-70.2574805,43.5826363],[-70.2572578,43.5834819],[-70.2567133,43.5836439],[-70.255612,43.583446],[-70.2553521,43.5835449],[-70.2551912,43.5839407],[-70.2552778,43.5845614],[-70.2563792,43.5845974],[-70.2569361,43.5849572],[-70.2565153,43.5855509],[-70.2567381,43.5861356],[-70.2566267,43.5867472],[-70.2580127,43.5861356],[-70.2583715,43.5861266],[-70.2586809,43.5863335],[-70.2589903,43.5870711],[-70.2587551,43.587269],[-70.2580498,43.587215],[-70.2576662,43.5877277],[-70.2578147,43.5880425],[-70.2589408,43.5882314],[-70.2587551,43.5876917],[-70.2596956,43.5868642],[-70.2602401,43.5876647],[-70.2609826,43.5877457],[-70.2613662,43.5880965],[-70.2618117,43.5877187],[-70.2621829,43.5876288],[-70.2623067,43.5878356],[-70.2618859,43.5882314],[-70.2627522,43.5882404],[-70.2630318,43.5883977],[-70.2628716,43.5886538],[-70.2625913,43.5884473],[-70.2617498,43.5884113],[-70.2617251,43.5881415],[-70.2620963,43.5879076],[-70.2621087,43.5877457],[-70.26149,43.5882044],[-70.2612301,43.5882134],[-70.2610073,43.5878716],[-70.2601906,43.5877997],[-70.2597451,43.587125],[-70.2592996,43.5872869],[-70.2589531,43.5877007],[-70.2591016,43.5883124]],[[-70.2573444,43.5825194],[-70.2582107,43.5818807],[-70.2574434,43.5821056],[-70.2573444,43.5825194]],[[-70.2631358,43.5787951],[-70.2628264,43.5795507],[-70.2631605,43.5798206],[-70.2633957,43.5796767],[-70.2634452,43.5792988],[-70.2631358,43.5787951]],[[-70.2642866,43.5778234],[-70.2638535,43.5780843],[-70.2648435,43.5779404],[-70.2650539,43.5777695],[-70.2642866,43.5778234]],[[-70.265289,43.5776885],[-70.2655117,43.5776795],[-70.2658582,43.5775086],[-70.265685,43.5774546],[-70.265289,43.5776885]],[[-70.2661305,43.5774186],[-70.2676278,43.5767439],[-70.2692118,43.5765549],[-70.2694345,43.5762401],[-70.2686302,43.5761591],[-70.2673927,43.576384],[-70.266774,43.5767079],[-70.2661676,43.5772207],[-70.2661305,43.5774186]],[[-70.2658211,43.5767978],[-70.2655117,43.5769058],[-70.265388,43.5771487],[-70.2657964,43.5768968],[-70.2658211,43.5767978]],[[-70.2665141,43.5762311],[-70.2660191,43.5765999],[-70.2658459,43.5766629],[-70.265982,43.576402],[-70.2665141,43.5762311]],[[-70.2700161,43.576249],[-70.2699295,43.5759162],[-70.2706967,43.5753944],[-70.2705483,43.5760691],[-70.2703998,43.5762401],[-70.2700161,43.576249]],[[-70.2709195,43.5756373],[-70.2710804,43.5751155],[-70.2712784,43.5751424],[-70.2711422,43.5755293],[-70.2709195,43.5756373]]]},"properties":{"objtype":"DEPARE","label":"shallow area","valsou":0.0,"depth_label":"0.0-1.8m","chart":"US5PWMCC"}},{"type":"Feature","geometry":{"type":"Polygon","coordinates":[[[-70.2040954,43.5814129],[-70.2033981,43.5817733],[-70.2037465,43.582196],[-70.2031915,43.5825039],[-70.2032847,43.5828335],[-70.2038512,43.5829056],[-70.2039313,43.5827491],[-70.2036411,43.582691],[-70.2037566,43.5825813],[-70.2036065,43.5825026],[-70.2038698,43.5823043],[-70.2040954,43.5814129]]]},"properties":{"objtype":"DEPARE","label":"shallow area","valsou":0.0,"depth_label":"0.0-1.8m","chart":"US5PWMCC"}},{"type":"Feature","geometry":{"type":"Polygon","coordinates":[[[-70.2096521,43.6261463],[-70.2081003,43.6255903],[-70.2081039,43.6253761],[-70.2086107,43.6252334],[-70.2086643,43.6250799],[-70.2078648,43.6246302],[-70.2074472,43.6236344],[-70.2069242,43.6232823],[-70.2071291,43.623104],[-70.2073431,43.6233231],[-70.2083586,43.6236165],[-70.2084877,43.6239151],[-70.2083936,43.6240391],[-70.2086071,43.6239939],[-70.2088906,43.6242915],[-70.208606,43.624552],[-70.2089812,43.6246584],[-70.209046,43.6249527],[-70.2088525,43.62503],[-70.2091693,43.6250015],[-70.2093933,43.6251754],[-70.2091518,43.6256922],[-70.2094084,43.625688],[-70.2095023,43.6259061],[-70.2106192,43.6257954],[-70.2110356,43.6259873],[-70.2116763,43.6255981],[-70.2126098,43.6254893],[-70.2129991,43.6258528],[-70.2128212,43.6262611],[-70.2116527,43.6270627],[-70.2120227,43.6264526],[-70.2117015,43.6260809],[-70.2104166,43.6260095],[-70.2096521,43.6261463]]]},"properties":{"objtype":"DEPARE","label":"shallow area","valsou":0.0,"depth_label":"0.0-3.6m","chart":"US5PWMCC"}},{"type":"Feature","geometry":{"type":"Polygon","coordinates":[[[-70.2101925,43.6160257],[-70.2096524,43.6162493],[-70.2097844,43.616621],[-70.209969,43.6165308],[-70.2100115,43.6163937],[-70.209791,43.6163442],[-70.2101925,43.6160257]]]},"properties":{"objtype":"DEPARE","label":"shallow area","valsou":0.0,"depth_label":"0.0-1.8m","chart":"US5PWMCC"}},{"type":"Feature","geometry":{"type":"Polygon","coordinates":[[[-70.2143968,43.6015746],[-70.2156098,43.6004878],[-70.2154524,43.6003234],[-70.2152249,43.6003982],[-70.2150043,43.600915],[-70.2143968,43.6015746]]]},"properties":{"objtype":"DEPARE","label":"shallow area","valsou":0.0,"depth_label":"0.0-1.8m","chart":"US5PWMCC"}},{"type":"Feature","geometry":{"type":"Polygon","coordinates":[[[-70.2045753,43.6351431],[-70.2039834,43.6348688],[-70.2048196,43.6344411],[-70.2053381,43.6348571],[-70.2045753,43.6351431]]]},"properties":{"objtype":"DEPARE","label":"shallow area","valsou":0.0,"depth_label":"0.0-3.6m","chart":"US5PWMCC"}},{"type":"Feature","geometry":{"type":"Polygon","coordinates":[[[-70.244612,43.648423],[-70.2442764,43.6475541],[-70.2454114,43.6459962],[-70.2463125,43.6452722],[-70.2472247,43.6460494],[-70.2473169,43.6463702],[-70.2479237,43.6467771],[-70.248659,43.6469627],[-70.2503688,43.6485562],[-70.2491599,43.6495027],[-70.2482204,43.65],[-70.245354,43.65],[-70.2454105,43.6496017],[-70.2446693,43.6489779],[-70.2448292,43.6488738],[-70.2446987,43.6486859],[-70.2447798,43.6484447],[-70.2449362,43.648351],[-70.244612,43.648423]]]},"properties":{"objtype":"DEPARE","label":"shallow area","valsou":0.0,"depth_label":"0.0-1.8m","chart":"US5PWMCC"}},{"type":"Feature","geometry":{"type":"Polygon","coordinates":[[[-70.2,43.6460882],[-70.2,43.6463373],[-70.2010055,43.6462667],[-70.20234,43.6468738],[-70.2022317,43.6465544],[-70.2016321,43.6463212],[-70.2013835,43.6456201],[-70.2002888,43.6460983],[-70.2,43.6460882]]]},"properties":{"objtype":"DEPARE","label":"shallow area","valsou":0.0,"depth_label":"0.0-3.6m","chart":"US5PWMCC"}},{"type":"Feature","geometry":{"type":"Polygon","coordinates":[[[-70.2324272,43.65],[-70.2295219,43.65],[-70.2304031,43.6487436],[-70.2306921,43.6489601],[-70.2309963,43.6489301],[-70.2310347,43.6490722],[-70.2311014,43.6489638],[-70.2327351,43.6494955],[-70.2324272,43.65]]]},"properties":{"objtype":"DEPARE","label":"shallow area","valsou":0.0,"depth_label":"0.0-3.6m","chart":"US5PWMCC"}},{"type":"Feature","geometry":{"type":"Polygon","coordinates":[[[-70.2103554,43.6143191],[-70.210527,43.6141011],[-70.2101934,43.6139173],[-70.2097828,43.6139267],[-70.2097293,43.6137047],[-70.2092852,43.6137615],[-70.2092843,43.6140851],[-70.2103554,43.6143191]]]},"properties":{"objtype":"DEPARE","label":"shallow area","valsou":0.0,"depth_label":"0.0-1.8m","chart":"US5PWMCC"}},{"type":"Feature","geometry":{"type":"Polygon","coordinates":[[[-70.2132086,43.6283936],[-70.2123355,43.6282695],[-70.2125142,43.6281923],[-70.2122867,43.6281719],[-70.2123377,43.6279153],[-70.2120128,43.6274223],[-70.212333,43.6274939],[-70.212492,43.6276774],[-70.2124154,43.6278476],[-70.2126725,43.6277958],[-70.2129009,43.6280513],[-70.2135965,43.6281731],[-70.2136799,43.6285273],[-70.2139193,43.6284089],[-70.2142929,43.6285223],[-70.2141437,43.6286957],[-70.2136774,43.62871],[-70.2132086,43.6283936]],[[-70.2127703,43.628089],[-70.2126191,43.6281372],[-70.2127647,43.6281455],[-70.2127703,43.628089]]]},"properties":{"objtype":"DEPARE","label":"shallow area","valsou":0.0,"depth_label":"0.0-1.8m","chart":"US5PWMCC"}},{"type":"Feature","geometry":{"type":"Polygon","coordinates":[[[-70.2116545,43.61029],[-70.2116015,43.6104452],[-70.2115673,43.6106897],[-70.2120544,43.6102699],[-70.2116545,43.61029]]]},"properties":{"objtype":"DEPARE","label":"shallow area","valsou":0.0,"depth_label":"0.0-1.8m","chart":"US5PWMCC"}},{"type":"Feature","geometry":{"type":"Polygon","coordinates":[[[-70.2161579,43.5983473],[-70.2146161,43.5991966],[-70.2147675,43.5997692],[-70.2152216,43.6003326],[-70.2160627,43.5999138],[-70.2160924,43.5997583],[-70.2155142,43.5997947],[-70.215624,43.5990914],[-70.2153227,43.5991233],[-70.2161579,43.5983473]]]},"properties":{"objtype":"DEPARE","label":"shallow area","valsou":0.0,"depth_label":"0.0-1.8m","chart":"US5PWMCC"}},{"type":"Feature","geometry":{"type":"Polygon","coordinates":[[[-70.2215207,43.6337944],[-70.2212512,43.6348463],[-70.2218369,43.6344916],[-70.2216848,43.6343123],[-70.221817,43.6342132],[-70.221678,43.6341253],[-70.2217953,43.6335029],[-70.2215965,43.6331118],[-70.2213882,43.6330094],[-70.2212011,43.6331695],[-70.2211466,43.6329543],[-70.220845,43.6329119],[-70.2207369,43.6331598],[-70.2215207,43.6337944]]]},"properties":{"objtype":"DEPARE","label":"shallow area","valsou":0.0,"depth_label":"0.0-1.8m","chart":"US5PWMCC"}},{"type":"Feature","geometry":{"type":"Polygon","coordinates":[[[-70.2080257,43.6356053],[-70.208219,43.6347822],[-70.2080227,43.6344313],[-70.2076182,43.6341746],[-70.2071825,43.6341403],[-70.2070628,43.6345945],[-70.2073958,43.6348748],[-70.2068003,43.6355797],[-70.2070525,43.6357838],[-70.2068847,43.6359927],[-70.2070724,43.6363207],[-70.2057677,43.6376877],[-70.2058659,43.6382329],[-70.2057321,43.6386162],[-70.2067046,43.6394001],[-70.2076714,43.6394173],[-70.2078935,43.639235],[-70.2083187,43.6393189],[-70.2087352,43.6397299],[-70.2093747,43.6397652],[-70.209739,43.6401099],[-70.2101141,43.6401926],[-70.2101707,43.6407045],[-70.2098308,43.6414695],[-70.2102743,43.640739],[-70.2101672,43.6394243],[-70.2100185,43.6393351],[-70.2089597,43.6395255],[-70.2082577,43.6391209],[-70.2072226,43.639347],[-70.206598,43.6389901],[-70.2067111,43.6383952],[-70.2064493,43.637961],[-70.2065921,43.6373423],[-70.207068,43.6363548],[-70.2080257,43.6356053]],[[-70.2059054,43.6378138],[-70.2059401,43.6379525],[-70.2061704,43.6378811],[-70.2061687,43.6377513],[-70.2059054,43.6378138]],[[-70.2063458,43.6374481],[-70.2061929,43.637466],[-70.2061985,43.6374946],[-70.2063458,43.6374481]]]},"properties":{"objtype":"DEPARE","label":"shallow area","valsou":0.0,"depth_label":"0.0-1.8m","chart":"US5PWMCC"}},{"type":"Feature","geometry":{"type":"Polygon","coordinates":[[[-70.2219604,43.6363868],[-70.2221378,43.6359765],[-70.221886,43.6359645],[-70.2221984,43.6357586],[-70.2220186,43.6356527],[-70.221784,43.6357536],[-70.2217422,43.6354491],[-70.2214266,43.6353217],[-70.2212753,43.6354143],[-70.2216961,43.6348417],[-70.2213025,43.63502],[-70.2211583,43.6348629],[-70.2205112,43.6348768],[-70.2202941,43.6357363],[-70.2219245,43.6361497],[-70.2219604,43.6363868]]]},"properties":{"objtype":"DEPARE","label":"shallow area","valsou":0.0,"depth_label":"0.0-1.8m","chart":"US5PWMCC"}},{"type":"Feature","geometry":{"type":"Polygon","coordinates":[[[-70.212914,43.594661],[-70.2126694,43.5945262],[-70.2124176,43.5946456],[-70.2121707,43.5956652],[-70.212473,43.5956597],[-70.2125637,43.595354],[-70.2129666,43.5949637],[-70.2129621,43.5947828],[-70.212642,43.5949092],[-70.212914,43.594661]]]},"properties":{"objtype":"DEPARE","label":"shallow area","valsou":0.0,"depth_label":"0.0-1.8m","chart":"US5PWMCC"}},{"type":"Feature","geometry":{"type":"Polygon","coordinates":[[[-70.2067605,43.590598],[-70.2064835,43.5913431],[-70.2056775,43.5921578],[-70.2056699,43.5924013],[-70.2064331,43.5920955],[-70.2071157,43.5920644],[-70.2079494,43.5911454],[-70.2081358,43.5912498],[-70.2079922,43.5918429],[-70.2083624,43.5919308],[-70.209033,43.5910597],[-70.2082972,43.5916402],[-70.2084847,43.5914285],[-70.2084168,43.5912215],[-70.2093332,43.5903256],[-70.2092381,43.5909284],[-70.2089664,43.5912369],[-70.2102439,43.5903399],[-70.2107145,43.5903247],[-70.2109513,43.5904987],[-70.2109009,43.5910607],[-70.210327,43.5917294],[-70.2102741,43.5920882],[-70.210526,43.5922218],[-70.2112245,43.5920262],[-70.2118189,43.592266],[-70.2125208,43.5915445],[-70.213536,43.5911304],[-70.214007,43.5912567],[-70.2139428,43.5916854],[-70.2143009,43.5914959],[-70.2142268,43.5913569],[-70.2144969,43.5908093],[-70.2140562,43.5905212],[-70.212831,43.5910383],[-70.21244,43.5909977],[-70.2123963,43.5908265],[-70.2113744,43.5911006],[-70.2114958,43.5904133],[-70.2113104,43.5901647],[-70.2106544,43.5899479],[-70.2102034,43.5903171],[-70.2099729,43.5899356],[-70.2096651,43.5900808],[-70.2103384,43.5892713],[-70.2099812,43.5890677],[-70.2095496,43.5893984],[-70.2093238,43.5894109],[-70.2091629,43.58918],[-70.2089663,43.5894513],[-70.2090579,43.5897096],[-70.2089495,43.5899361],[-70.2075471,43.5913353],[-70.2067358,43.5919272],[-70.2067213,43.5916982],[-70.2064431,43.5918297],[-70.206724,43.5914282],[-70.2065778,43.5914336],[-70.2068841,43.5912899],[-70.2069039,43.5909895],[-70.2071512,43.5907464],[-70.2070287,43.5904939],[-70.2076729,43.5899592],[-70.2077026,43.5897346],[-70.2081141,43.5893033],[-70.2080918,43.5890591],[-70.2073253,43.5895477],[-70.206921,43.5896322],[-70.2069818,43.5894801],[-70.2066924,43.5895565],[-70.2067765,43.5891085],[-70.2062959,43.5894451],[-70.2060745,43.5894329],[-70.2059997,43.5892721],[-70.2063169,43.5889936],[-70.2061491,43.588888],[-70.2044194,43.5898958],[-70.203979,43.5899996],[-70.2038763,43.5899104],[-70.2042055,43.5895274],[-70.2039275,43.5896484],[-70.2040768,43.5894872],[-70.2039387,43.5894747],[-70.2044158,43.5890447],[-70.2044091,43.5888249],[-70.2050924,43.5880391],[-70.2048814,43.5879534],[-70.2038863,43.5882952],[-70.2038117,43.5881179],[-70.2041711,43.5879837],[-70.2044563,43.5874863],[-70.2041739,43.5875146],[-70.2041751,43.5872461],[-70.2025871,43.5879316],[-70.2025026,43.5877664],[-70.201966,43.5880872],[-70.2015696,43.5880872],[-70.2022189,43.5876801],[-70.2023644,43.5874882],[-70.202244,43.5874255],[-70.2035447,43.5864369],[-70.2033684,43.5862706],[-70.2029944,43.5862338],[-70.2012477,43.5872839],[-70.2008547,43.5873832],[-70.2006709,43.587203],[-70.2009535,43.5867658],[-70.2011532,43.5867488],[-70.2019607,43.585997],[-70.2017838,43.5859027],[-70.2022816,43.5855606],[-70.2018779,43.585643],[-70.203368,43.5848698],[-70.204234,43.5841449],[-70.2045915,43.5835519],[-70.2042584,43.5836978],[-70.2040472,43.5836168],[-70.2040886,43.583374],[-70.2039139,43.5833652],[-70.2040252,43.583173],[-70.2030908,43.5842067],[-70.2027986,43.5848859],[-70.2019851,43.5853894],[-70.2016778,43.5858343],[-70.2,43.587211],[-70.2,43.5881027],[-70.2008441,43.587927],[-70.2015443,43.5874473],[-70.2020453,43.5873996],[-70.2019221,43.5876981],[-70.2005746,43.5889211],[-70.2006199,43.5891554],[-70.2008038,43.5892103],[-70.2013226,43.5887105],[-70.2030706,43.5877933],[-70.2034594,43.5877573],[-70.2036433,43.5879074],[-70.2036776,43.588403],[-70.2041461,43.5890584],[-70.2032756,43.5900961],[-70.2033668,43.5902959],[-70.2039018,43.5905394],[-70.2045063,43.590177],[-70.2057642,43.5899216],[-70.2066071,43.5902018],[-70.2067605,43.590598]],[[-70.2058248,43.5921843],[-70.2061312,43.592062],[-70.2063825,43.5919065],[-70.2060947,43.5919482],[-70.2058248,43.5921843]],[[-70.2115149,43.5916349],[-70.2117986,43.5916037],[-70.2118368,43.5914165],[-70.2116411,43.5914557],[-70.2115149,43.5916349]],[[-70.2041064,43.587642],[-70.2041404,43.5876683],[-70.2041669,43.5876219],[-70.2041064,43.587642]],[[-70.201642,43.5860531],[-70.2014628,43.5862054],[-70.2014724,43.5862323],[-70.2016226,43.586176],[-70.201642,43.5860531]],[[-70.2034216,43.5843487],[-70.2034256,43.5844387],[-70.203563,43.5843299],[-70.2034216,43.5843487]],[[-70.2032994,43.5842505],[-70.2033502,43.5841626],[-70.2033813,43.5841818],[-70.2032994,43.5842505]],[[-70.2001066,43.5876948],[-70.2002647,43.5876656],[-70.2002719,43.5874987],[-70.2000701,43.5875202],[-70.2001066,43.5876948]]]},"properties":{"objtype":"DEPARE","label":"shallow area","valsou":0.0,"depth_label":"0.0-1.8m","chart":"US5PWMCC"}},{"type":"Feature","geometry":{"type":"Polygon","coordinates":[[[-70.2145959,43.65],[-70.2143782,43.649559],[-70.2140122,43.649507],[-70.2139946,43.6489408],[-70.2134006,43.6487981],[-70.2120406,43.6491835],[-70.2112108,43.65],[-70.2114108,43.65],[-70.2126747,43.6490623],[-70.2137206,43.648915],[-70.2138917,43.6489893],[-70.2137223,43.6496628],[-70.214135,43.6496512],[-70.2142031,43.6499606],[-70.2145959,43.65]]]},"properties":{"objtype":"DEPARE","label":"shallow area","valsou":0.0,"depth_label":"0.0-1.8m","chart":"US5PWMCC"}},{"type":"Feature","geometry":{"type":"Polygon","coordinates":[[[-70.2137193,43.6066692],[-70.213692,43.6064572],[-70.2140686,43.6060451],[-70.2137225,43.6056661],[-70.2128017,43.6058036],[-70.2123761,43.6060203],[-70.212157,43.6059855],[-70.2121178,43.605824],[-70.2123491,43.6055996],[-70.213148,43.6054323],[-70.2135416,43.6042929],[-70.2142434,43.6041968],[-70.2135539,43.6049778],[-70.2138807,43.6049244],[-70.2144077,43.6052074],[-70.2142619,43.6053677],[-70.2144752,43.6055043],[-70.2143283,43.6056056],[-70.2145581,43.6056879],[-70.2141291,43.6060404],[-70.214232,43.606104],[-70.2141307,43.6062006],[-70.2143606,43.6063086],[-70.2143234,43.6064934],[-70.2137193,43.6066692]]]},"properties":{"objtype":"DEPARE","label":"shallow area","valsou":0.0,"depth_label":"0.0-1.8m","chart":"US5PWMCC"}},{"type":"Feature","geometry":{"type":"Polygon","coordinates":[[[-70.272058,43.5756643],[-70.2723673,43.5754663],[-70.2720951,43.5754303],[-70.2719218,43.5751874],[-70.2719895,43.575],[-70.2721896,43.575],[-70.2722065,43.5752234],[-70.2725777,43.5754573],[-70.2725777,43.5757542],[-70.27285,43.5757002],[-70.2727757,43.5754393],[-70.2729984,43.5752864],[-70.2734439,43.5755563],[-70.2739416,43.5750886],[-70.2743465,43.5750518],[-70.2735553,43.5756193],[-70.2730974,43.5756103],[-70.2726396,43.5759162],[-70.272058,43.5756643]]]},"properties":{"objtype":"DEPARE","label":"shallow area","valsou":0.0,"depth_label":"0.0-1.8m","chart":"US5PWMCC"}},{"type":"Feature","geometry":{"type":"Polygon","coordinates":[[[-70.2653543,43.6404008],[-70.2650656,43.6400581],[-70.2649129,43.6402882],[-70.265024,43.6404074],[-70.2639872,43.64046],[-70.2640636,43.6400036],[-70.2637474,43.639666],[-70.2634573,43.6397622],[-70.2634939,43.6399898],[-70.2638126,43.6400135],[-70.2639895,43.6406176],[-70.2651891,43.6405742],[-70.2653543,43.6404008]]]},"properties":{"objtype":"DEPARE","label":"shallow area","valsou":0.0,"depth_label":"0.0-1.8m","chart":"US5PWMCC"}},{"type":"Feature","geometry":{"type":"Polygon","coordinates":[[[-70.2067353,43.6335553],[-70.2061821,43.6338052],[-70.2062375,43.6342062],[-70.206353,43.6339777],[-70.2063816,43.6341188],[-70.2066961,43.6340449],[-70.2067681,43.6341988],[-70.2071658,43.6340807],[-70.2071452,43.6336568],[-70.2067353,43.6335553]]]},"properties":{"objtype":"DEPARE","label":"shallow area","valsou":0.0,"depth_label":"0.0-1.8m","chart":"US5PWMCC"}},{"type":"Feature","geometry":{"type":"Polygon","coordinates":[[[-70.2557334,43.65],[-70.2551087,43.6496962],[-70.2548831,43.6499087],[-70.2550408,43.65],[-70.254044,43.6496869],[-70.2537109,43.6497844],[-70.2535863,43.65],[-70.2534746,43.6499166],[-70.2559369,43.6481631],[-70.2562063,43.6481397],[-70.2559827,43.6483654],[-70.2571469,43.6489753],[-70.2564031,43.6491665],[-70.2570155,43.6494896],[-70.2569253,43.6495803],[-70.2554501,43.6488497],[-70.2552985,43.6489742],[-70.2570852,43.6499705],[-70.2567655,43.65],[-70.2550703,43.6491213],[-70.2556415,43.649507],[-70.2548925,43.6493348],[-70.2560656,43.65],[-70.2557334,43.65]]]},"properties":{"objtype":"DEPARE","label":"shallow area","valsou":0.0,"depth_label":"0.0-5.4m","chart":"US5PWMCC"}},{"type":"Feature","geometry":{"type":"Polygon","coordinates":[[[-70.2103709,43.6143289],[-70.2104749,43.6144775],[-70.2102817,43.6147933],[-70.2105185,43.6149983],[-70.2102912,43.6153961],[-70.2100273,43.615518],[-70.2102817,43.6157413],[-70.210135,43.6158792],[-70.2102923,43.6157542],[-70.2106412,43.6153798],[-70.2101488,43.6155735],[-70.2106989,43.6149824],[-70.210599,43.6149321],[-70.2107762,43.6147608],[-70.2105169,43.6148673],[-70.2108283,43.614646],[-70.2105264,43.6146536],[-70.2105881,43.6145301],[-70.2110262,43.61435],[-70.2106653,43.6142084],[-70.2103709,43.6143289]]]},"properties":{"objtype":"DEPARE","label":"shallow area","valsou":0.0,"depth_label":"0.0-1.8m","chart":"US5PWMCC"}},{"type":"Feature","geometry":{"type":"Polygon","coordinates":[[[-70.2623225,43.6437064],[-70.2606746,43.6441387],[-70.2602774,43.6443725],[-70.2600305,43.6448149],[-70.2605788,43.6442552],[-70.2623225,43.6437064]]]},"properties":{"objtype":"DEPARE","label":"shallow area","valsou":0.0,"depth_label":"0.0-1.8m","chart":"US5PWMCC"}},{"type":"Feature","geometry":{"type":"Polygon","coordinates":[[[-70.2246123,43.6422937],[-70.224359,43.6420753],[-70.2237304,43.6420221],[-70.2239272,43.6417214],[-70.2236309,43.6416072],[-70.2238109,43.6413096],[-70.2235395,43.6411095],[-70.2236473,43.640993],[-70.223535,43.6407084],[-70.2230563,43.6402795],[-70.2232025,43.6401656],[-70.2230002,43.6397538],[-70.2225638,43.6396407],[-70.2221237,43.639859],[-70.2223848,43.6390676],[-70.222222,43.6390815],[-70.2223996,43.6390009],[-70.2223751,43.6388206],[-70.2221934,43.6388423],[-70.2224149,43.63853],[-70.2221369,43.6384868],[-70.2222335,43.6382567],[-70.221737,43.6381862],[-70.2218029,43.6386385],[-70.2221741,43.6390668],[-70.2218314,43.6398734],[-70.2229412,43.6406738],[-70.2236479,43.6420872],[-70.223573,43.6427654],[-70.2233267,43.6429724],[-70.2233231,43.6431937],[-70.224269,43.6433007],[-70.224733,43.6430759],[-70.2251613,43.6432329],[-70.2257609,43.6436719],[-70.2264498,43.6447106],[-70.2264212,43.6451817],[-70.2259501,43.64556],[-70.2248972,43.6471626],[-70.2249186,43.6473232],[-70.225404,43.6474196],[-70.2254218,43.6475552],[-70.225197,43.6483726],[-70.2246866,43.6489722],[-70.2249915,43.6496302],[-70.2250683,43.6490143],[-70.2256191,43.6482241],[-70.2252975,43.6481963],[-70.2259994,43.64764],[-70.2263133,43.6470102],[-70.2262318,43.646803],[-70.2258965,43.6466678],[-70.2255747,43.6471539],[-70.2251173,43.6471193],[-70.22547,43.6470658],[-70.2255826,43.6468202],[-70.225455,43.6468132],[-70.2260786,43.6461854],[-70.2258512,43.6461282],[-70.2263993,43.6459326],[-70.2268369,43.6454464],[-70.227077,43.6443365],[-70.2269156,43.6437668],[-70.2269896,43.6434477],[-70.2266538,43.6429005],[-70.2257369,43.6423107],[-70.2250368,43.6421737],[-70.2246123,43.6422937]],[[-70.2258286,43.6462454],[-70.2256918,43.6463133],[-70.2256677,43.6463504],[-70.2258286,43.6462454]],[[-70.2240276,43.6429517],[-70.2238964,43.6430554],[-70.2238983,43.6430769],[-70.2240284,43.643089],[-70.2240276,43.6429517]],[[-70.2244842,43.6426797],[-70.2243582,43.6426845],[-70.2243197,43.6427502],[-70.2244842,43.6426797]]]},"properties":{"objtype":"DEPARE","label":"shallow area","valsou":0.0,"depth_label":"0.0-1.8m","chart":"US5PWMCC"}},{"type":"Feature","geometry":{"type":"Polygon","coordinates":[[[-70.2034643,43.6357075],[-70.2027235,43.6354577],[-70.2036836,43.6353365],[-70.2038264,43.63514],[-70.2041036,43.6353698],[-70.2034643,43.6357075]]]},"properties":{"objtype":"DEPARE","label":"shallow area","valsou":0.0,"depth_label":"0.0-3.6m","chart":"US5PWMCC"}},{"type":"Feature","geometry":{"type":"Polygon","coordinates":[[[-70.2486505,43.6450813],[-70.2485132,43.6453424],[-70.2481274,43.6451059],[-70.2484114,43.6449518],[-70.24893,43.645015],[-70.2488405,43.6448393],[-70.2492558,43.6444993],[-70.2497167,43.6446361],[-70.2499288,43.644529],[-70.2501827,43.6446857],[-70.2503433,43.6446585],[-70.2500038,43.6444489],[-70.2501238,43.6443454],[-70.2510929,43.6444572],[-70.2504945,43.6441169],[-70.2502935,43.6441331],[-70.2504294,43.6442175],[-70.2502924,43.6443301],[-70.2500607,43.6440711],[-70.2498781,43.6441321],[-70.2499936,43.6442343],[-70.249895,43.6443002],[-70.2495967,43.6441866],[-70.2497063,43.6439514],[-70.2502513,43.6438377],[-70.2496821,43.6438042],[-70.2497534,43.6435532],[-70.2495551,43.6435336],[-70.2495785,43.6434043],[-70.2489537,43.6435385],[-70.2502721,43.6427294],[-70.250109,43.6425034],[-70.2501808,43.64222],[-70.2492164,43.6419531],[-70.2489623,43.6416311],[-70.2499599,43.6420025],[-70.2505077,43.6416423],[-70.2507229,43.6412044],[-70.2509358,43.6414943],[-70.2511132,43.6414771],[-70.2519518,43.6409235],[-70.2522166,43.6413265],[-70.2517093,43.6417063],[-70.2523621,43.642192],[-70.2540725,43.6418574],[-70.2539587,43.6421112],[-70.2531012,43.6423397],[-70.2526386,43.6428068],[-70.2524253,43.6431602],[-70.2527315,43.6433003],[-70.2526075,43.6434509],[-70.252729,43.6435362],[-70.2523765,43.6436863],[-70.2520688,43.6442167],[-70.2522452,43.64454],[-70.2535118,43.6456471],[-70.2536139,43.6455592],[-70.2534339,43.645435],[-70.2534994,43.6453226],[-70.2538908,43.6452285],[-70.2532799,43.6444913],[-70.2533505,43.6443773],[-70.2543752,43.6451445],[-70.2552109,43.6450217],[-70.2553331,43.6449134],[-70.2552359,43.6448198],[-70.2554343,43.6447479],[-70.2556357,43.6449187],[-70.2556107,43.6447939],[-70.2559244,43.6448577],[-70.2560534,43.6446969],[-70.2558085,43.6447529],[-70.2558879,43.6445152],[-70.2556127,43.6443553],[-70.2564018,43.6442514],[-70.2571574,43.6436384],[-70.2575011,43.6440509],[-70.2576387,43.6439784],[-70.2575232,43.6436691],[-70.2578435,43.6434368],[-70.2577487,43.6433194],[-70.2578735,43.643215],[-70.2576348,43.6427056],[-70.2578817,43.642663],[-70.2574937,43.6424039],[-70.2575696,43.6421696],[-70.2578905,43.6421379],[-70.25818,43.6418408],[-70.2581619,43.641645],[-70.2577663,43.6415722],[-70.2579416,43.6413558],[-70.2585405,43.6414804],[-70.258338,43.6419655],[-70.2594401,43.6418692],[-70.2595675,43.6416176],[-70.2599847,43.6416383],[-70.2592269,43.6414694],[-70.2589745,43.6412212],[-70.2594051,43.6410881],[-70.2604182,43.6416084],[-70.260212,43.6411924],[-70.2603491,43.6408005],[-70.2606254,43.64058],[-70.26028,43.6403419],[-70.2604778,43.6402913],[-70.2604242,43.6399061],[-70.2607358,43.6402796],[-70.2610215,43.6400539],[-70.261388,43.6400389],[-70.2609301,43.6397581],[-70.2607839,43.6394521],[-70.2609993,43.6392297],[-70.2607109,43.6390129],[-70.2607756,43.6388623],[-70.2608827,43.6390154],[-70.2610553,43.6388505],[-70.261341,43.6388712],[-70.2617986,43.6392812],[-70.2621454,43.6393776],[-70.2615653,43.6387062],[-70.2616107,43.6381695],[-70.2617365,43.6382396],[-70.2617121,43.6386754],[-70.2621254,43.6390791],[-70.2627083,43.6390539],[-70.2631895,43.638752],[-70.2633369,43.6390671],[-70.2639088,43.6393384],[-70.2638263,43.6395422],[-70.2631212,43.6397956],[-70.2629,43.6401086],[-70.2624841,43.6401637],[-70.2624549,43.6398645],[-70.2621818,43.6400677],[-70.2617436,43.6400392],[-70.2618105,43.6401317],[-70.2616096,43.6402009],[-70.2620588,43.6403327],[-70.2623622,43.6401177],[-70.2622156,43.6404034],[-70.2631352,43.6405458],[-70.2613476,43.6408722],[-70.2618205,43.6408382],[-70.2610665,43.6413385],[-70.2605845,43.6421532],[-70.2587381,43.6433654],[-70.2582581,43.6432902],[-70.2578526,43.6439194],[-70.2576294,43.6440171],[-70.2572905,43.6441166],[-70.2573045,43.6443922],[-70.2566803,43.6450531],[-70.2560526,43.6453924],[-70.255539,43.6453165],[-70.254944,43.6455467],[-70.2535385,43.6466702],[-70.2531751,43.6464006],[-70.2520762,43.6445603],[-70.2519311,43.6441035],[-70.2520072,43.6436076],[-70.2519311,43.6435029],[-70.251736,43.643629],[-70.2517145,43.6442786],[-70.2530542,43.6463378],[-70.2532224,43.6469019],[-70.2512577,43.64812],[-70.251034,43.6481414],[-70.2502488,43.6474419],[-70.2505534,43.6467661],[-70.2504891,43.646521],[-70.2486505,43.6450813]],[[-70.2491323,43.6448832],[-70.2492221,43.6449193],[-70.2495004,43.645075],[-70.2493205,43.6450292],[-70.2491323,43.6448832]],[[-70.2502283,43.644868],[-70.2502002,43.6449245],[-70.2502895,43.6449567],[-70.2502283,43.644868]],[[-70.2515315,43.6443799],[-70.2514762,43.6444225],[-70.2515972,43.6444894],[-70.2515315,43.6443799]],[[-70.2510396,43.6442484],[-70.2513839,43.6442463],[-70.25148,43.6441826],[-70.2512969,43.6441758],[-70.2510396,43.6442484]],[[-70.2507207,43.6441369],[-70.2511007,43.6440876],[-70.2509744,43.6440355],[-70.2513882,43.6438681],[-70.2514891,43.6436782],[-70.2507243,43.6439233],[-70.2507207,43.6441369]]]},"properties":{"objtype":"DEPARE","label":"shallow area","valsou":0.0,"depth_label":"0.0-1.8m","chart":"US5PWMCC"}},{"type":"Feature","geometry":{"type":"Polygon","coordinates":[[[-70.2670563,43.6399829],[-70.2671858,43.6405988],[-70.2665981,43.6409603],[-70.2666457,43.641184],[-70.2704282,43.6411008],[-70.2721941,43.6409435],[-70.2731694,43.6406567],[-70.2747842,43.6399698],[-70.275,43.6395064],[-70.2743596,43.63972],[-70.2739426,43.6393308],[-70.2738567,43.6390432],[-70.2736762,43.6390027],[-70.2726435,43.6398177],[-70.2727564,43.6403181],[-70.2720258,43.6405288],[-70.2695035,43.6403189],[-70.2682557,43.6404902],[-70.2679694,43.6406817],[-70.2675771,43.6399901],[-70.2672949,43.6398591],[-70.2670563,43.6399829]]]},"properties":{"objtype":"DEPARE","label":"shallow area","valsou":0.0,"depth_label":"0.0-1.8m","chart":"US5PWMCC"}},{"type":"Feature","geometry":{"type":"Polygon","coordinates":[[[-70.1965551,43.6392037],[-70.194111,43.6412044],[-70.1927842,43.6424934],[-70.1932918,43.6426189],[-70.1934214,43.6423356],[-70.1939728,43.641904],[-70.1940177,43.6417487],[-70.1937818,43.6418369],[-70.1940245,43.6415425],[-70.1943896,43.6414926],[-70.1946784,43.6411898],[-70.1949883,43.6411838],[-70.1952942,43.6406774],[-70.1964726,43.6396712],[-70.1962423,43.6397096],[-70.1964719,43.6395454],[-70.1965551,43.6392037]]]},"properties":{"objtype":"DEPARE","label":"shallow area","valsou":0.0,"depth_label":"0.0-3.6m","chart":"US5PWMCD"}},{"type":"Feature","geometry":{"type":"Polygon","coordinates":[[[-70.2,43.587211],[-70.1979224,43.5886794],[-70.197328,43.5892543],[-70.1972877,43.5895051],[-70.197537,43.5895508],[-70.1983758,43.5887911],[-70.2,43.5881027],[-70.2,43.587211]]]},"properties":{"objtype":"DEPARE","label":"shallow area","valsou":0.0,"depth_label":"0.0-1.8m","chart":"US5PWMCD"}},{"type":"Feature","geometry":{"type":"Polygon","coordinates":[[[-70.1965551,43.6392037],[-70.1964719,43.6395454],[-70.1970128,43.6393234],[-70.1967998,43.6391352],[-70.1965551,43.6392037]]]},"properties":{"objtype":"DEPARE","label":"shallow area","valsou":0.0,"depth_label":"0.0-1.8m","chart":"US5PWMCD"}},{"type":"Feature","geometry":{"type":"Polygon","coordinates":[[[-70.1925049,43.6427936],[-70.1920574,43.6434119],[-70.1910721,43.6439808],[-70.1916893,43.643963],[-70.1923172,43.6435384],[-70.1926411,43.6430672],[-70.1925049,43.6427936]]]},"properties":{"objtype":"DEPARE","label":"shallow area","valsou":0.0,"depth_label":"0.0-3.6m","chart":"US5PWMCD"}},{"type":"Feature","geometry":{"type":"Polygon","coordinates":[[[-70.1901214,43.6454882],[-70.190173,43.6449946],[-70.1899588,43.6456242],[-70.1904883,43.6464808],[-70.1910964,43.646636],[-70.1903396,43.6460223],[-70.1905824,43.6456206],[-70.190283,43.6456569],[-70.1901214,43.6454882]]]},"properties":{"objtype":"DEPARE","label":"shallow area","valsou":0.0,"depth_label":"0.0-3.6m","chart":"US5PWMCD"}},{"type":"Feature","geometry":{"type":"Polygon","coordinates":[[[-70.1921105,43.6467407],[-70.1918773,43.6468429],[-70.1926357,43.6471649],[-70.1927309,43.647266],[-70.1925882,43.6475456],[-70.1927309,43.6477122],[-70.1935221,43.6470697],[-70.1928069,43.6470416],[-70.1921105,43.6467407]]]},"properties":{"objtype":"DEPARE","label":"shallow area","valsou":0.0,"depth_label":"0.0-3.6m","chart":"US5PWMCD"}},{"type":"Feature","geometry":{"type":"Polygon","coordinates":[[[-70.1938271,43.6460943],[-70.1938889,43.6464628],[-70.1936047,43.6469472],[-70.1921237,43.6467433],[-70.1929379,43.647069],[-70.1935994,43.6470519],[-70.1939504,43.6467069],[-70.1940109,43.6458598],[-70.1938271,43.6460943]]]},"properties":{"objtype":"DEPARE","label":"shallow area","valsou":0.0,"depth_label":"0.0-1.8m","chart":"US5PWMCD"}},{"type":"Feature","geometry":{"type":"Polygon","coordinates":[[[-70.1913152,43.6439298],[-70.1903872,43.6445782],[-70.190173,43.6449946],[-70.1901905,43.6452235],[-70.1903248,43.6450018],[-70.1907735,43.6448949],[-70.1909352,43.6446944],[-70.1910335,43.6445013],[-70.1907692,43.6444284],[-70.1908583,43.6442636],[-70.1910718,43.6441848],[-70.1910791,43.6444237],[-70.1914153,43.6441871],[-70.1912173,43.6440565],[-70.1913395,43.6439383],[-70.1914326,43.6440936],[-70.1916893,43.643963],[-70.1913152,43.6439298]]]},"properties":{"objtype":"DEPARE","label":"shallow area","valsou":0.0,"depth_label":"0.0-1.8m","chart":"US5PWMCD"}},{"type":"Feature","geometry":{"type":"Polygon","coordinates":[[[-70.1954629,43.6454022],[-70.1946015,43.6455002],[-70.1941279,43.6457638],[-70.1938778,43.6466417],[-70.194111,43.6465463],[-70.1944858,43.645993],[-70.1975874,43.6449912],[-70.1979185,43.6444941],[-70.1954629,43.6454022]]]},"properties":{"objtype":"DEPARE","label":"shallow area","valsou":0.0,"depth_label":"0.0-3.6m","chart":"US5PWMCD"}},{"type":"Feature","geometry":{"type":"Polygon","coordinates":[[[-70.1877603,43.6309134],[-70.1876224,43.6307325],[-70.18727,43.6307912],[-70.1872143,43.6311011],[-70.1869297,43.6311889],[-70.1864421,43.6317164],[-70.1858779,43.6320548],[-70.1854765,43.6320566],[-70.185213,43.6324609],[-70.1844301,43.6326817],[-70.1841047,43.6328982],[-70.1838377,43.634316],[-70.1842016,43.6348881],[-70.1840921,43.6351831],[-70.1843645,43.6356192],[-70.184213,43.6357941],[-70.1844325,43.6360475],[-70.1840972,43.6366813],[-70.1844599,43.6370362],[-70.1843188,43.638688],[-70.1835682,43.6393356],[-70.1837823,43.6395313],[-70.1841249,43.6395331],[-70.1848278,43.6388082],[-70.1851099,43.6389527],[-70.1851651,43.6392386],[-70.1848049,43.6396776],[-70.1836632,43.6401116],[-70.1837565,43.6403644],[-70.1856818,43.6399035],[-70.1867318,43.6394603],[-70.187646,43.6386002],[-70.1880868,43.6380624],[-70.1886283,43.6380167],[-70.1886208,43.6378209],[-70.1884669,43.6377707],[-70.1883698,43.6379592],[-70.1883944,43.6377891],[-70.1882516,43.6377707],[-70.1874123,43.6387738],[-70.1864699,43.6394212],[-70.1862952,43.6392447],[-70.1851386,43.6393982],[-70.1857267,43.6386119],[-70.1853326,43.6385896],[-70.1854347,43.6382405],[-70.1850977,43.6380761],[-70.184418,43.6388471],[-70.1841261,43.63895],[-70.1848954,43.6379982],[-70.1848574,43.637726],[-70.1847184,43.6377496],[-70.1849648,43.6374509],[-70.1847417,43.6374001],[-70.1849513,43.6372809],[-70.1850809,43.6368056],[-70.1846292,43.6371805],[-70.1851111,43.6364396],[-70.184731,43.6363391],[-70.1853405,43.6359144],[-70.1850212,43.6356716],[-70.1851222,43.6354969],[-70.1848411,43.6354053],[-70.1844986,43.635589],[-70.1846381,43.6354313],[-70.184544,43.6353846],[-70.1854762,43.6350031],[-70.1859971,43.6352095],[-70.1863558,43.634211],[-70.1866004,43.633965],[-70.1867756,43.6341527],[-70.1866762,43.6343465],[-70.1877952,43.6342749],[-70.1879023,43.6346463],[-70.1880957,43.6346433],[-70.1880265,43.6347843],[-70.1882544,43.6346928],[-70.1880095,43.635025],[-70.1886006,43.6350021],[-70.1886404,43.635248],[-70.1879471,43.6357029],[-70.1877695,43.6360514],[-70.1879204,43.6361034],[-70.1878781,43.6365641],[-70.1883205,43.6367043],[-70.1894025,43.6365445],[-70.1893411,43.6368057],[-70.1896045,43.6365201],[-70.1893927,43.6361822],[-70.1883838,43.6358847],[-70.188824,43.6351495],[-70.1884029,43.6345879],[-70.1890596,43.6337456],[-70.1888336,43.6335576],[-70.1884029,43.6335505],[-70.1874471,43.6341934],[-70.1870592,43.6340818],[-70.1865303,43.6336263],[-70.1863212,43.633855],[-70.1861737,43.6336584],[-70.1860953,43.6338233],[-70.1856756,43.6337651],[-70.1854269,43.6340074],[-70.1854253,43.6337701],[-70.1843408,43.6342043],[-70.1847366,43.633876],[-70.1840327,43.6342165],[-70.1841608,43.6338912],[-70.1840026,43.6339345],[-70.1840619,43.6338212],[-70.1846615,43.6333702],[-70.1846496,43.6332118],[-70.1852346,43.6326224],[-70.1856349,43.6324997],[-70.185759,43.632274],[-70.1861584,43.6321027],[-70.1861634,43.6318873],[-70.1869465,43.6315366],[-70.1877603,43.6309134]],[[-70.1850113,43.6351809],[-70.1852159,43.6349088],[-70.1849254,43.6350863],[-70.1850113,43.6351809]],[[-70.184585,43.6351272],[-70.1849426,43.63478],[-70.1845679,43.6351146],[-70.184585,43.6351272]],[[-70.1881319,43.6358273],[-70.1880891,43.635996],[-70.1882497,43.6358966],[-70.1881319,43.6358273]],[[-70.1844507,43.633077],[-70.1848574,43.6327494],[-70.1846748,43.6330325],[-70.1847799,43.6330126],[-70.1851748,43.6325542],[-70.184672,43.6326755],[-70.1844507,43.633077]],[[-70.1842315,43.6329674],[-70.1841297,43.633006],[-70.184125,43.633032],[-70.1842315,43.6329674]],[[-70.1874987,43.6308436],[-70.1873748,43.6308522],[-70.1872979,43.6309418],[-70.1874987,43.6308436]]]},"properties":{"objtype":"DEPARE","label":"shallow area","valsou":0.0,"depth_label":"0.0-1.8m","chart":"US5PWMCD"}},{"type":"Feature","geometry":{"type":"Polygon","coordinates":[[[-70.1878964,43.6309625],[-70.1878736,43.6312746],[-70.1875793,43.6314872],[-70.1877288,43.6315083],[-70.1872731,43.6321499],[-70.1875302,43.6320731],[-70.1876057,43.6317493],[-70.1886495,43.6312909],[-70.1884959,43.6310514],[-70.1878964,43.6309625]],[[-70.1881495,43.6311698],[-70.1881602,43.631271],[-70.1883144,43.6311293],[-70.1881495,43.6311698]]]},"properties":{"objtype":"DEPARE","label":"shallow area","valsou":0.0,"depth_label":"0.0-1.8m","chart":"US5PWMCD"}},{"type":"Feature","geometry":{"type":"Polygon","coordinates":[[[-70.1864608,43.6332729],[-70.1864004,43.6329462],[-70.186267,43.6328483],[-70.1860098,43.6333688],[-70.1862423,43.6335453],[-70.1864608,43.6332729]]]},"properties":{"objtype":"DEPARE","label":"shallow area","valsou":0.0,"depth_label":"0.0-1.8m","chart":"US5PWMCD"}},{"type":"Feature","geometry":{"type":"Polygon","coordinates":[[[-70.1872758,43.6327756],[-70.1869074,43.6327398],[-70.1868339,43.6331291],[-70.1867016,43.6331333],[-70.1869534,43.6332073],[-70.1872758,43.6327756]]]},"properties":{"objtype":"DEPARE","label":"shallow area","valsou":0.0,"depth_label":"0.0-1.8m","chart":"US5PWMCD"}},{"type":"Feature","geometry":{"type":"Polygon","coordinates":[[[-70.2,43.6484747],[-70.1993758,43.6490112],[-70.1987514,43.6492715],[-70.1976411,43.6490969],[-70.1974106,43.649506],[-70.1984416,43.6499284],[-70.1988843,43.6496728],[-70.1990236,43.6494657],[-70.198901,43.6493215],[-70.1992272,43.6491212],[-70.1996682,43.6491908],[-70.1998396,43.6494841],[-70.2,43.6492486],[-70.2,43.6484747]]]},"properties":{"objtype":"DEPARE","label":"shallow area","valsou":0.0,"depth_label":"0.0-1.8m","chart":"US5PWMCD"}},{"type":"Feature","geometry":{"type":"Polygon","coordinates":[[[-70.125,43.6478889],[-70.125,43.6482475],[-70.1254752,43.6480556],[-70.1252536,43.6478736],[-70.125,43.6478889]]]},"properties":{"objtype":"DEPARE","label":"shallow area","valsou":0.0,"depth_label":"0.0-1.8m","chart":"US5PWMCD"}},{"type":"Feature","geometry":{"type":"Polygon","coordinates":[[[-70.1260339,43.6484788],[-70.1255022,43.6481525],[-70.1256685,43.6482553],[-70.1256162,43.6484359],[-70.1251559,43.6491601],[-70.1254212,43.6489356],[-70.1254111,43.6490561],[-70.1250745,43.649369],[-70.1252858,43.6493555],[-70.1250983,43.6496643],[-70.1252487,43.6496345],[-70.1251873,43.6497795],[-70.1253052,43.6497868],[-70.125,43.65],[-70.1257565,43.65],[-70.1255724,43.6496185],[-70.1260339,43.6484788]]]},"properties":{"objtype":"DEPARE","label":"shallow area","valsou":0.0,"depth_label":"0.0-1.8m","chart":"US5PWMCD"}},{"type":"Feature","geometry":{"type":"Polygon","coordinates":[[[-70.1934416,43.5812973],[-70.1936632,43.5810464],[-70.1933837,43.5807864],[-70.1931595,43.5808542],[-70.1928824,43.5813028],[-70.1934416,43.5812973]]]},"properties":{"objtype":"DEPARE","label":"shallow area","valsou":0.0,"depth_label":"0.0-1.8m","chart":"US5PWMCD"}},{"type":"Feature","geometry":{"type":"Polygon","coordinates":[[[-70.2,43.6495461],[-70.1996985,43.6497915],[-70.1996475,43.65],[-70.2,43.65],[-70.2,43.6495461]]]},"properties":{"objtype":"DEPARE","label":"shallow area","valsou":0.0,"depth_label":"0.0-1.8m","chart":"US5PWMCD"}},{"type":"Feature","geometry":{"type":"Polygon","coordinates":[[[-70.1990389,43.6457977],[-70.1981966,43.6458452],[-70.1980824,43.6456787],[-70.1980589,43.6454707],[-70.1983544,43.6453408],[-70.1979996,43.6445248],[-70.1985372,43.6448315],[-70.1983915,43.6453622],[-70.1983023,43.6454328],[-70.1984409,43.6455818],[-70.1996683,43.6459579],[-70.1993578,43.6461403],[-70.1990389,43.6457977]]]},"properties":{"objtype":"DEPARE","label":"shallow area","valsou":0.0,"depth_label":"0.0-1.8m","chart":"US5PWMCD"}},{"type":"Feature","geometry":{"type":"Polygon","coordinates":[[[-70.1822522,43.6386204],[-70.1823829,43.6389118],[-70.1817397,43.6391508],[-70.1816739,43.6395342],[-70.1811952,43.6394769],[-70.1812888,43.6391581],[-70.1822522,43.6386204]]]},"properties":{"objtype":"DEPARE","label":"shallow area","valsou":0.0,"depth_label":"0.0-1.8m","chart":"US5PWMCD"}},{"type":"Feature","geometry":{"type":"Polygon","coordinates":[[[-70.1893975,43.637521],[-70.1890112,43.6374148],[-70.1892121,43.637143],[-70.1895492,43.6371968],[-70.1893975,43.637521]]]},"properties":{"objtype":"DEPARE","label":"shallow area","valsou":0.0,"depth_label":"0.0-1.8m","chart":"US5PWMCD"}},{"type":"Feature","geometry":{"type":"Polygon","coordinates":[[[-70.193124,43.648897],[-70.19288,43.6487816],[-70.1921483,43.6491058],[-70.1921008,43.6493824],[-70.1923845,43.6494559],[-70.1929068,43.6492575],[-70.1931685,43.6490999],[-70.193124,43.648897]]]},"properties":{"objtype":"DEPARE","label":"shallow area","valsou":0.0,"depth_label":"0.0-1.8m","chart":"US5PWMCD"}},{"type":"Feature","geometry":{"type":"Polygon","coordinates":[[[-70.1910792,43.646498],[-70.1911427,43.64669],[-70.1916662,43.6468625],[-70.1921105,43.6467407],[-70.1910792,43.646498]]]},"properties":{"objtype":"DEPARE","label":"shallow area","valsou":0.0,"depth_label":"0.0-1.8m","chart":"US5PWMCD"}},{"type":"Feature","geometry":{"type":"Polygon","coordinates":[[[-70.2,43.6361346],[-70.1992899,43.6363886],[-70.1983533,43.637765],[-70.1974468,43.6380933],[-70.1967109,43.6391311],[-70.1969702,43.6392122],[-70.1977671,43.6389315],[-70.1973709,43.6382905],[-70.1974542,43.6381893],[-70.1981952,43.6383704],[-70.198147,43.6386157],[-70.1984873,43.6385116],[-70.1986901,43.6384024],[-70.1986972,43.6379828],[-70.1991383,43.6378942],[-70.2,43.6373247],[-70.2,43.6361346]],[[-70.199633,43.6365603],[-70.1996257,43.6364519],[-70.199942,43.6363241],[-70.1998019,43.6365741],[-70.199633,43.6365603]]]},"properties":{"objtype":"DEPARE","label":"shallow area","valsou":0.0,"depth_label":"0.0-3.6m","chart":"US5PWMCD"}},{"type":"Feature","geometry":{"type":"Polygon","coordinates":[[[-70.1996683,43.6459579],[-70.1993578,43.6461403],[-70.1990389,43.6457977],[-70.1985671,43.645816],[-70.199209,43.6461536],[-70.2,43.6463373],[-70.2,43.6460882],[-70.1996683,43.6459579]]]},"properties":{"objtype":"DEPARE","label":"shallow area","valsou":0.0,"depth_label":"0.0-3.6m","chart":"US5PWMCD"}},{"type":"Feature","geometry":{"type":"Polygon","coordinates":[[[-70.1926462,43.5820711],[-70.1922402,43.5824032],[-70.1920487,43.5823885],[-70.1923445,43.5818252],[-70.1925384,43.5818343],[-70.1926462,43.5820711]]]},"properties":{"objtype":"DEPARE","label":"shallow area","valsou":0.0,"depth_label":"0.0-1.8m","chart":"US5PWMCD"}},{"type":"Feature","geometry":{"type":"Polygon","coordinates":[[[-70.1932918,43.6426189],[-70.1925049,43.6425318],[-70.1926424,43.6430043],[-70.1931659,43.6428142],[-70.1932918,43.6426189]]]},"properties":{"objtype":"DEPARE","label":"shallow area","valsou":0.0,"depth_label":"0.0-1.8m","chart":"US5PWMCD"}},{"type":"Feature","geometry":{"type":"Polygon","coordinates":[[[-70.1981231,43.6383748],[-70.1976208,43.6381536],[-70.1973709,43.6382905],[-70.1977671,43.6389315],[-70.1979537,43.638732],[-70.1978602,43.6385523],[-70.1981231,43.6383748]]]},"properties":{"objtype":"DEPARE","label":"shallow area","valsou":0.0,"depth_label":"0.0-1.8m","chart":"US5PWMCD"}},{"type":"Feature","geometry":{"type":"Polygon","coordinates":[[[-70.123303,43.648095],[-70.1239529,43.6470525],[-70.1239201,43.646791],[-70.1233232,43.6465605],[-70.1231872,43.6463173],[-70.123031,43.6461527],[-70.1216613,43.6464487],[-70.120064,43.6477951],[-70.1202901,43.6483351],[-70.1198826,43.6487516],[-70.1198902,43.6489217],[-70.1202353,43.6490644],[-70.1213107,43.6489839],[-70.1220429,43.6486869],[-70.1226943,43.6487161],[-70.122487,43.6491613],[-70.1216457,43.6493972],[-70.12155,43.6498545],[-70.1218499,43.65],[-70.1229292,43.65],[-70.1230062,43.6497556],[-70.1227875,43.6497972],[-70.1235863,43.6491821],[-70.123209,43.6492027],[-70.1233501,43.648714],[-70.1239515,43.6486296],[-70.1236923,43.6488241],[-70.1239582,43.6490255],[-70.125,43.6482475],[-70.125,43.6478889],[-70.123303,43.648095]],[[-70.1226705,43.6498182],[-70.1225942,43.6498602],[-70.1225088,43.6499521],[-70.1226705,43.6498182]],[[-70.1227097,43.6497912],[-70.1228645,43.6496748],[-70.1228749,43.6496643],[-70.1227097,43.6497912]],[[-70.1228859,43.6495792],[-70.1229989,43.6495618],[-70.1230556,43.6494948],[-70.1230313,43.6494958],[-70.1228859,43.6495792]],[[-70.1223019,43.6482429],[-70.1224062,43.6483215],[-70.1223051,43.6485824],[-70.1229047,43.648327],[-70.1230345,43.6481063],[-70.123057,43.6479836],[-70.1227227,43.6478216],[-70.1232143,43.6471079],[-70.1230179,43.6472258],[-70.1230846,43.6469079],[-70.1229051,43.6470154],[-70.1227488,43.6468909],[-70.1230356,43.6467215],[-70.1231634,43.6462923],[-70.1224291,43.6468293],[-70.1226444,43.6465252],[-70.122464,43.6465972],[-70.1224682,43.6464514],[-70.1219502,43.6468574],[-70.1217996,43.6467917],[-70.1210024,43.647491],[-70.1213512,43.6474604],[-70.1209502,43.6479092],[-70.1213194,43.6477246],[-70.1208321,43.6484288],[-70.1213665,43.6480243],[-70.1211808,43.648333],[-70.1216409,43.6480645],[-70.1217207,43.648179],[-70.1212819,43.6485653],[-70.1220434,43.6480277],[-70.1217977,43.6485716],[-70.1223019,43.6482429]],[[-70.1211413,43.6470708],[-70.1212539,43.6470363],[-70.1211155,43.6471746],[-70.1211413,43.6470708]],[[-70.123273,43.6477427],[-70.123631,43.6474053],[-70.1234182,43.6474578],[-70.1235892,43.6472257],[-70.1233925,43.6474338],[-70.123273,43.6477427]],[[-70.1229661,43.6483966],[-70.1232187,43.6483936],[-70.1233406,43.6481609],[-70.1231157,43.6481746],[-70.1229661,43.6483966]],[[-70.1238614,43.648363],[-70.123632,43.6485272],[-70.1235928,43.6485759],[-70.1238614,43.648363]]]},"properties":{"objtype":"DEPARE","label":"shallow area","valsou":0.0,"depth_label":"0.0-1.8m","chart":"US5PWMCE"}},{"type":"Feature","geometry":{"type":"Polygon","coordinates":[[[-70.125,43.65],[-70.1249473,43.6499964],[-70.124944,43.65],[-70.125,43.65]]]},"properties":{"objtype":"DEPARE","label":"shallow area","valsou":0.0,"depth_label":"0.0-1.8m","chart":"US5PWMCE"}},{"type":"Feature","geometry":{"type":"Polygon","coordinates":[[[-70.2971915,43.6500942],[-70.2933526,43.65],[-70.2948418,43.650655],[-70.2951847,43.6504073],[-70.2968691,43.6506092],[-70.297949,43.6509289],[-70.2994152,43.6517392],[-70.3003632,43.6524923],[-70.3013633,43.6547025],[-70.3020132,43.6556778],[-70.3025666,43.6561756],[-70.3038208,43.6568867],[-70.3054923,43.6575802],[-70.3078693,43.6571766],[-70.308551,43.6572341],[-70.3091338,43.6577061],[-70.3097165,43.6577838],[-70.3104137,43.6581607],[-70.3110881,43.6589244],[-70.3112595,43.6593766],[-70.3113993,43.6593351],[-70.3115058,43.659133],[-70.3111732,43.6588946],[-70.3104732,43.6578788],[-70.3103084,43.6579511],[-70.309858,43.6577553],[-70.3092409,43.6576583],[-70.3090034,43.6574851],[-70.3092066,43.6573949],[-70.3081709,43.6569119],[-70.3085763,43.6567165],[-70.3081977,43.6567115],[-70.3082949,43.6566433],[-70.3095571,43.6564429],[-70.3094689,43.6563598],[-70.3084155,43.656467],[-70.3077613,43.6567446],[-70.3076682,43.656517],[-70.3083099,43.6564315],[-70.3076442,43.6564257],[-70.3069604,43.6570187],[-70.3059701,43.6572494],[-70.3050313,43.65709],[-70.3034073,43.6562553],[-70.3024357,43.6554834],[-70.3021086,43.6549861],[-70.3015983,43.6538454],[-70.3011831,43.652301],[-70.300637,43.6515176],[-70.2991122,43.6505882],[-70.2971915,43.6500942]],[[-70.3074877,43.6566689],[-70.3074632,43.6567576],[-70.3075298,43.6567661],[-70.3074877,43.6566689]]]},"properties":{"objtype":"DEPARE","label":"shallow area","valsou":0.0,"depth_label":"0.0-1.8m","chart":"US5PWMDB"}},{"type":"Feature","geometry":{"type":"Point","coordinates":[-70.2006577,43.6894735]},"properties":{"objtype":"UWTROC","label":"underwater rock","valsou":0.0,"watlev":5,"name":null,"chart":"US5PWMDC"}},{"type":"Feature","geometry":{"type":"Point","coordinates":[-70.2098797,43.6507086]},"properties":{"objtype":"UWTROC","label":"underwater rock","valsou":0.0,"watlev":5,"name":null,"chart":"US5PWMDC"}},{"type":"Feature","geometry":{"type":"Polygon","coordinates":[[[-70.2256004,43.650347],[-70.2250487,43.6506328],[-70.2248465,43.650953],[-70.2249184,43.6512044],[-70.2244003,43.6514717],[-70.2240742,43.6519359],[-70.2262553,43.6516886],[-70.2280986,43.6509608],[-70.2281554,43.6508072],[-70.227821,43.6505682],[-70.2270386,43.6505499],[-70.2265594,43.65029],[-70.2256004,43.650347]]]},"properties":{"objtype":"DEPARE","label":"shallow area","valsou":0.0,"depth_label":"0.0-1.8m","chart":"US5PWMDC"}},{"type":"Feature","geometry":{"type":"Polygon","coordinates":[[[-70.2523556,43.654499],[-70.251025,43.6531915],[-70.2506831,43.6533786],[-70.2504883,43.6531466],[-70.2509594,43.6528742],[-70.2510439,43.6525125],[-70.2514855,43.6525253],[-70.2527271,43.6536821],[-70.2527667,43.6538277],[-70.2525872,43.6539029],[-70.2514449,43.6527275],[-70.2512458,43.6528335],[-70.2526312,43.6543501],[-70.2523556,43.654499]]]},"properties":{"objtype":"DEPARE","label":"shallow area","valsou":0.0,"depth_label":"0.0-3.6m","chart":"US5PWMDC"}},{"type":"Feature","geometry":{"type":"Polygon","coordinates":[[[-70.2446394,43.6818077],[-70.2435031,43.6787439],[-70.2425194,43.6781333],[-70.2426641,43.6775344],[-70.2441501,43.6772962],[-70.2455185,43.6775663],[-70.2471506,43.6773721],[-70.2495541,43.6764943],[-70.2504902,43.6768555],[-70.2508705,43.6775259],[-70.2509294,43.6780057],[-70.251835,43.6780419],[-70.2505932,43.6761385],[-70.2505424,43.675784],[-70.2516968,43.6758255],[-70.2532948,43.6753066],[-70.2538266,43.6754446],[-70.2538787,43.6757979],[-70.254566,43.6764159],[-70.254499,43.6770496],[-70.2542879,43.6771429],[-70.2541835,43.6767173],[-70.2537152,43.6764791],[-70.2537804,43.6762893],[-70.2538981,43.6763358],[-70.2534635,43.6756647],[-70.2532,43.6757106],[-70.2529307,43.6761925],[-70.2526675,43.676303],[-70.2513672,43.6760775],[-70.2516888,43.676816],[-70.2517316,43.6773249],[-70.2526962,43.6787541],[-70.2522331,43.6786957],[-70.2512884,43.6790985],[-70.2508672,43.6788924],[-70.2504139,43.6790359],[-70.2501248,43.6795484],[-70.2504217,43.6795767],[-70.2506369,43.679934],[-70.2504088,43.6814483],[-70.2495031,43.6835146],[-70.2489871,43.6841677],[-70.2485668,43.6843609],[-70.2484617,43.6842215],[-70.2481796,43.6842824],[-70.247352,43.6848457],[-70.2473085,43.6843497],[-70.2468518,43.6841122],[-70.2459952,43.6844207],[-70.2461439,43.6846821],[-70.2455079,43.6844471],[-70.2448024,43.6845103],[-70.2447773,43.6849204],[-70.2450781,43.6851345],[-70.2451033,43.6852887],[-70.2440425,43.6842735],[-70.2432441,43.6825919],[-70.2432138,43.6818315],[-70.2428612,43.6806086],[-70.2430314,43.6802786],[-70.2434552,43.6804339],[-70.2438128,43.6808763],[-70.2442009,43.6827667],[-70.2442239,43.683738],[-70.2446268,43.6842242],[-70.245055,43.6843498],[-70.245261,43.6842477],[-70.2448359,43.683844],[-70.2446394,43.6818077]],[[-70.2455365,43.6835437],[-70.2449517,43.6835464],[-70.2451884,43.6833913],[-70.2454628,43.6834613],[-70.2458319,43.6830505],[-70.246178,43.6830397],[-70.2458442,43.683155],[-70.2455365,43.6835437]],[[-70.2449761,43.6830693],[-70.2452083,43.6830014],[-70.2448826,43.6833169],[-70.2449761,43.6830693]],[[-70.2464354,43.6829814],[-70.2465464,43.6829768],[-70.2467553,43.682871],[-70.2467189,43.6828565],[-70.2464354,43.6829814]],[[-70.2460617,43.6819569],[-70.2469572,43.6812314],[-70.2467077,43.6804327],[-70.2466926,43.6811337],[-70.2458591,43.6819621],[-70.2459406,43.6823033],[-70.2461057,43.6822363],[-70.2460617,43.6819569]],[[-70.2449617,43.6819548],[-70.2448634,43.6820066],[-70.2449099,43.6820751],[-70.2449617,43.6819548]],[[-70.2456343,43.6816114],[-70.2457858,43.6816454],[-70.2459094,43.6812837],[-70.245776,43.6815796],[-70.2456343,43.6816114]],[[-70.2472356,43.6811136],[-70.2473898,43.6814358],[-70.2476543,43.6813656],[-70.2474208,43.6811281],[-70.2472356,43.6811136]],[[-70.2479926,43.6813514],[-70.248679,43.6815087],[-70.2486814,43.6815737],[-70.248376,43.6817647],[-70.248447,43.6816523],[-70.2480993,43.6814222],[-70.2475769,43.6815713],[-70.2479926,43.6813514]],[[-70.2462895,43.6801977],[-70.2464662,43.6803511],[-70.2465439,43.6800328],[-70.2464844,43.6801568],[-70.2462895,43.6801977]],[[-70.2542455,43.6764645],[-70.2540592,43.6762392],[-70.2541196,43.6762544],[-70.2543547,43.6764773],[-70.2544488,43.6766186],[-70.2541197,43.6764623],[-70.2542455,43.6764645]],[[-70.2439422,43.6839389],[-70.2440699,43.684213],[-70.2442134,43.6840862],[-70.2439422,43.6839389]],[[-70.2435211,43.6822858],[-70.2435333,43.6820736],[-70.2436436,43.6820374],[-70.2435677,43.6821337],[-70.2437603,43.6821621],[-70.2435211,43.6822858]],[[-70.2437696,43.6818079],[-70.2435037,43.6817741],[-70.2433945,43.6817377],[-70.2435501,43.681701],[-70.2437696,43.6818079]]]},"properties":{"objtype":"DEPARE","label":"shallow area","valsou":0.0,"depth_label":"0.0-1.8m","chart":"US5PWMDC"}},{"type":"Feature","geometry":{"type":"Polygon","coordinates":[[[-70.2603221,43.6710852],[-70.2599393,43.6711944],[-70.2596547,43.6715432],[-70.2591759,43.6732171],[-70.2582344,43.6753773],[-70.2588762,43.6754093],[-70.2605386,43.6750179],[-70.2611628,43.6745199],[-70.2617132,43.6738052],[-70.2620544,43.6726346],[-70.2618373,43.6716329],[-70.2627223,43.6727654],[-70.2625545,43.6740162],[-70.2628917,43.6741541],[-70.2623684,43.6745761],[-70.2620195,43.6752711],[-70.2613062,43.6758226],[-70.25974,43.6765232],[-70.2573094,43.6768018],[-70.2566969,43.676602],[-70.2562666,43.6768018],[-70.255278,43.6767877],[-70.2552233,43.6770176],[-70.2553981,43.6768495],[-70.2559227,43.677018],[-70.256869,43.676689],[-70.2571013,43.6769115],[-70.2575325,43.6769128],[-70.2614777,43.6765388],[-70.2620581,43.6762206],[-70.2622717,43.6757621],[-70.2625532,43.6757782],[-70.2626466,43.6756061],[-70.2626556,43.6760773],[-70.2628548,43.6761658],[-70.2631044,43.676855],[-70.2632754,43.6769686],[-70.2632938,43.6768062],[-70.263491,43.6769437],[-70.2637921,43.6768567],[-70.2646965,43.6773132],[-70.2648281,43.6772424],[-70.2631532,43.676444],[-70.2630558,43.6757512],[-70.2636066,43.675007],[-70.2640059,43.674838],[-70.2641356,43.6749179],[-70.2641815,43.6747382],[-70.2644034,43.6749463],[-70.2652111,43.6751871],[-70.2652227,43.6748773],[-70.2653849,43.6751376],[-70.2656201,43.6750345],[-70.2656514,43.6752011],[-70.2659013,43.6752751],[-70.2676018,43.6754709],[-70.2670892,43.6753595],[-70.2671656,43.6752025],[-70.2659899,43.6750704],[-70.2658895,43.6748285],[-70.2656271,43.6747878],[-70.2655961,43.6745163],[-70.265274,43.6746411],[-70.2650744,43.6744174],[-70.2649643,43.6744733],[-70.2649561,43.6742845],[-70.2643387,43.6743348],[-70.2638095,43.6739389],[-70.2633666,43.6740261],[-70.2631254,43.673729],[-70.2634498,43.6739412],[-70.2637598,43.6739097],[-70.2637118,43.6731874],[-70.2638821,43.6731896],[-70.2637659,43.6729707],[-70.2646705,43.6728312],[-70.2653235,43.6730837],[-70.2659612,43.6728028],[-70.2650886,43.6729373],[-70.2649776,43.6728421],[-70.2650681,43.6727389],[-70.265501,43.6725825],[-70.2646571,43.6726382],[-70.2644459,43.6724411],[-70.2643394,43.6727238],[-70.2636051,43.6727137],[-70.2632121,43.6725423],[-70.2631289,43.6721052],[-70.2620514,43.6710547],[-70.2617916,43.6710751],[-70.2617529,43.6712411],[-70.2613291,43.6711711],[-70.2614188,43.6708738],[-70.2610211,43.6706507],[-70.2606303,43.6706646],[-70.2606463,43.6710587],[-70.260483,43.6710738],[-70.2616516,43.6726856],[-70.2616839,43.6729471],[-70.2613812,43.6733378],[-70.261126,43.6733777],[-70.2611383,43.673815],[-70.2609148,43.6740491],[-70.2607261,43.6739955],[-70.2606292,43.6737461],[-70.2600461,43.6734493],[-70.2599009,43.6728259],[-70.2599795,43.671748],[-70.2603221,43.6710852]],[[-70.2631159,43.673049],[-70.2629545,43.6731273],[-70.263087,43.6731443],[-70.2631159,43.673049]],[[-70.261697,43.6758687],[-70.2617364,43.6759528],[-70.2617722,43.6759236],[-70.261697,43.6758687]]]},"properties":{"objtype":"DEPARE","label":"shallow area","valsou":0.0,"depth_label":"0.0-1.8m","chart":"US5PWMDC"}},{"type":"Feature","geometry":{"type":"Polygon","coordinates":[[[-70.237944,43.6737681],[-70.2376289,43.673508],[-70.2377659,43.6734298],[-70.2375874,43.6731404],[-70.2370163,43.6729357],[-70.2365642,43.6723504],[-70.2359218,43.671884],[-70.2358456,43.6715318],[-70.236293,43.6712006],[-70.2362787,43.670996],[-70.2360122,43.6707057],[-70.2353222,43.6704106],[-70.2352032,43.6697777],[-70.2354221,43.6695873],[-70.2365738,43.6694113],[-70.2368593,43.6691067],[-70.2371639,43.6690924],[-70.2377159,43.6684642],[-70.2375588,43.6677028],[-70.236726,43.6674363],[-70.2365928,43.667246],[-70.2374599,43.6665597],[-70.2375075,43.6656365],[-70.2376597,43.6654128],[-70.2391563,43.6643079],[-70.2416085,43.6631042],[-70.2417386,43.6631858],[-70.2399532,43.6643978],[-70.2397268,43.6643051],[-70.2391375,43.664721],[-70.2383016,43.6655792],[-70.237893,43.6665113],[-70.2385448,43.6668252],[-70.2390562,43.6672906],[-70.2405209,43.669158],[-70.2406468,43.6694625],[-70.2405649,43.6697071],[-70.2410254,43.6703386],[-70.2412755,43.6708858],[-70.2412058,43.6711769],[-70.2414125,43.6713486],[-70.2417128,43.6709541],[-70.2423869,43.6705417],[-70.2436192,43.6706378],[-70.2445209,43.6710376],[-70.2446099,43.6713575],[-70.2448842,43.6714937],[-70.2454848,43.6714155],[-70.2464283,43.6717897],[-70.2479444,43.672872],[-70.2484691,43.6734873],[-70.2489765,43.6736565],[-70.2536681,43.6740799],[-70.2552692,43.6744177],[-70.2556664,43.6748553],[-70.2556347,43.6756154],[-70.256112,43.6758588],[-70.2569568,43.67569],[-70.2571946,43.6748193],[-70.2579635,43.6736144],[-70.2582091,43.673523],[-70.258409,43.6731923],[-70.2590725,43.6711473],[-70.259131,43.6714002],[-70.2581859,43.6743002],[-70.2575065,43.675348],[-70.256708,43.6759293],[-70.2558106,43.6758387],[-70.2556584,43.6756847],[-70.2555339,43.6754739],[-70.2555206,43.6748697],[-70.2542275,43.6743582],[-70.2534363,43.6743944],[-70.2527715,43.6741651],[-70.2504703,43.6738672],[-70.2463543,43.6747429],[-70.2432911,43.6751418],[-70.240814,43.6748107],[-70.237944,43.6737681]],[[-70.2356984,43.6699497],[-70.235477,43.6701635],[-70.2353641,43.6697729],[-70.2367576,43.6696946],[-70.236844,43.669849],[-70.2362381,43.6703481],[-70.2359592,43.6703506],[-70.2356984,43.6699497]]]},"properties":{"objtype":"DEPARE","label":"shallow area","valsou":0.0,"depth_label":"0.0-1.8m","chart":"US5PWMDC"}},{"type":"Feature","geometry":{"type":"Polygon","coordinates":[[[-70.2463525,43.6766144],[-70.2469498,43.6767619],[-70.2485513,43.6763881],[-70.2488263,43.6762369],[-70.2488477,43.6759433],[-70.2486288,43.6757149],[-70.2476104,43.6757301],[-70.2449025,43.6764796],[-70.2451166,43.6767041],[-70.2463525,43.6766144]]]},"properties":{"objtype":"DEPARE","label":"shallow area","valsou":0.0,"depth_label":"0.0-1.8m","chart":"US5PWMDC"}},{"type":"Feature","geometry":{"type":"Polygon","coordinates":[[[-70.2244903,43.651144],[-70.2238939,43.6510834],[-70.2238582,43.6515189],[-70.2241199,43.6516872],[-70.2244903,43.651144]]]},"properties":{"objtype":"DEPARE","label":"shallow area","valsou":0.0,"depth_label":"0.0-1.8m","chart":"US5PWMDC"}},{"type":"Feature","geometry":{"type":"Polygon","coordinates":[[[-70.2413444,43.6632207],[-70.2414832,43.6630357],[-70.241187,43.6632192],[-70.2413444,43.6632207]]]},"properties":{"objtype":"DEPARE","label":"shallow area","valsou":0.0,"depth_label":"0.0-1.8m","chart":"US5PWMDC"}},{"type":"Feature","geometry":{"type":"Polygon","coordinates":[[[-70.2560656,43.65],[-70.2557334,43.65],[-70.2567173,43.6505469],[-70.2567887,43.6504597],[-70.2560656,43.65]]]},"properties":{"objtype":"DEPARE","label":"shallow area","valsou":0.0,"depth_label":"0.0-5.4m","chart":"US5PWMDC"}},{"type":"Feature","geometry":{"type":"Polygon","coordinates":[[[-70.2206262,43.6618115],[-70.2196546,43.6628985],[-70.2178969,43.6642781],[-70.217481,43.6657453],[-70.2171241,43.6657833],[-70.2167957,43.6655573],[-70.2164959,43.6657167],[-70.2163365,43.666195],[-70.2164935,43.6663877],[-70.2169361,43.6660141],[-70.217086,43.6660879],[-70.2169242,43.6667894],[-70.2173192,43.6675008],[-70.2178026,43.6673892],[-70.2191388,43.6662421],[-70.2196998,43.6665943],[-70.2199402,43.6665348],[-70.2207421,43.6656758],[-70.2215739,43.6651214],[-70.2234482,43.6648834],[-70.225022,43.6636337],[-70.2252128,43.6633101],[-70.2251843,43.6629532],[-70.2250058,43.6627895],[-70.2240493,43.6628133],[-70.2230539,43.6621399],[-70.2230444,43.6615926],[-70.2226716,43.6613713],[-70.2221647,43.6613737],[-70.2206262,43.6618115]],[[-70.2182433,43.6666056],[-70.2184435,43.6664938],[-70.2184419,43.6663774],[-70.2182433,43.6666056]],[[-70.2177377,43.6661207],[-70.2180387,43.6661703],[-70.218153,43.66615],[-70.2178854,43.666023],[-70.2177377,43.6661207]],[[-70.2199115,43.6647533],[-70.2198388,43.6650017],[-70.2199034,43.6652327],[-70.2201168,43.6649727],[-70.2199115,43.6647533]],[[-70.2185821,43.6650058],[-70.2185047,43.6649823],[-70.2185497,43.6650438],[-70.2185821,43.6650058]],[[-70.2226544,43.6625611],[-70.2222425,43.6634906],[-70.2225714,43.6636495],[-70.2231929,43.6633435],[-70.2235794,43.6635478],[-70.224512,43.6630151],[-70.2250544,43.6630738],[-70.2246147,43.6636824],[-70.2238387,43.6640687],[-70.2234027,43.6646435],[-70.223291,43.6644407],[-70.2234456,43.6642642],[-70.2232545,43.6642096],[-70.2221056,43.6647591],[-70.2223615,43.6639573],[-70.2218957,43.6637283],[-70.2210446,43.664222],[-70.2208538,43.6641627],[-70.220437,43.6644822],[-70.2204528,43.6646587],[-70.2202886,43.6646155],[-70.2203516,43.664342],[-70.2196071,43.6645466],[-70.2193439,43.6644463],[-70.2197419,43.6643847],[-70.2201952,43.6640463],[-70.2203574,43.6636305],[-70.2201654,43.6635549],[-70.2200222,43.6637141],[-70.2200023,43.663278],[-70.2203398,43.6630311],[-70.2203411,43.662854],[-70.2206084,43.662833],[-70.2213053,43.6621745],[-70.2216923,43.6622097],[-70.2219541,43.6620074],[-70.2219241,43.6622707],[-70.2216406,43.6625487],[-70.2220579,43.6625108],[-70.2220149,43.6627085],[-70.2226544,43.6625611]],[[-70.2195047,43.663353],[-70.2195181,43.6636567],[-70.2198362,43.6633381],[-70.2198024,43.6632457],[-70.2195047,43.663353]],[[-70.2222033,43.6622015],[-70.2223187,43.6621626],[-70.2223222,43.6620505],[-70.2222212,43.6620825],[-70.2222033,43.6622015]],[[-70.2229947,43.6645054],[-70.2228966,43.6645799],[-70.2228098,43.6647898],[-70.2230101,43.6646445],[-70.2229947,43.6645054]]]},"properties":{"objtype":"DEPARE","label":"shallow area","valsou":0.0,"depth_label":"0.0-1.8m","chart":"US5PWMDC"}},{"type":"Feature","geometry":{"type":"Polygon","coordinates":[[[-70.2163867,43.6667536],[-70.2166559,43.6667011],[-70.2166845,43.6669581],[-70.2164084,43.6669581],[-70.2163867,43.6667536]]]},"properties":{"objtype":"DEPARE","label":"shallow area","valsou":0.0,"depth_label":"0.0-1.8m","chart":"US5PWMDC"}},{"type":"Feature","geometry":{"type":"Polygon","coordinates":[[[-70.2394032,43.6775487],[-70.2395574,43.6773073],[-70.2392004,43.677053],[-70.2377921,43.6769426],[-70.2375211,43.677077],[-70.2375541,43.6774033],[-70.2384863,43.6778208],[-70.2394032,43.6775487]]]},"properties":{"objtype":"DEPARE","label":"shallow area","valsou":0.0,"depth_label":"0.0-1.8m","chart":"US5PWMDC"}},{"type":"Feature","geometry":{"type":"Polygon","coordinates":[[[-70.2426442,43.650618],[-70.2419742,43.65094],[-70.2412581,43.6515726],[-70.2408004,43.6516103],[-70.240332,43.6524562],[-70.2407913,43.6524464],[-70.2409753,43.651712],[-70.2413762,43.6515965],[-70.2414175,43.6514859],[-70.2420183,43.6513339],[-70.2426282,43.6516688],[-70.2431653,43.6512886],[-70.2426442,43.650618]]]},"properties":{"objtype":"DEPARE","label":"shallow area","valsou":0.0,"depth_label":"0.0-1.8m","chart":"US5PWMDC"}},{"type":"Feature","geometry":{"type":"Polygon","coordinates":[[[-70.242623,43.6822713],[-70.2425397,43.6820851],[-70.2424163,43.6820193],[-70.2419898,43.6821898],[-70.2408261,43.6837691],[-70.2405893,43.6860447],[-70.2408689,43.686456],[-70.2413626,43.6864633],[-70.2421938,43.6858857],[-70.2427655,43.685734],[-70.2427755,43.6853481],[-70.2425438,43.6854166],[-70.2421134,43.6850172],[-70.2422631,43.6845068],[-70.2427451,43.6844007],[-70.2422761,43.6838573],[-70.2418966,43.6837078],[-70.242133,43.6836508],[-70.2427689,43.6839723],[-70.2432,43.6839595],[-70.2431452,43.6847036],[-70.2432768,43.6840633],[-70.2425894,43.6822737],[-70.2424515,43.6822262],[-70.2424155,43.682477],[-70.2421796,43.6825175],[-70.2424245,43.682215],[-70.242623,43.6822713]],[[-70.241888,43.6828306],[-70.2421854,43.6826745],[-70.2422192,43.682703],[-70.2421386,43.6828121],[-70.241888,43.6828306]]]},"properties":{"objtype":"DEPARE","label":"shallow area","valsou":0.0,"depth_label":"0.0-1.8m","chart":"US5PWMDC"}},{"type":"Feature","geometry":{"type":"Polygon","coordinates":[[[-70.2538132,43.6500325],[-70.2535863,43.65],[-70.2535901,43.6501145],[-70.2538132,43.6500325]]]},"properties":{"objtype":"DEPARE","label":"shallow area","valsou":0.0,"depth_label":"0.0-1.8m","chart":"US5PWMDC"}},{"type":"Feature","geometry":{"type":"Polygon","coordinates":[[[-70.2551417,43.6500584],[-70.2548093,43.65],[-70.2547892,43.6501442],[-70.2549305,43.6502299],[-70.2551417,43.6500584]]]},"properties":{"objtype":"DEPARE","label":"shallow area","valsou":0.0,"depth_label":"0.0-5.4m","chart":"US5PWMDC"}},{"type":"Feature","geometry":{"type":"Polygon","coordinates":[[[-70.257003,43.6501059],[-70.2567655,43.65],[-70.2570673,43.65],[-70.257003,43.6501059]]]},"properties":{"objtype":"DEPARE","label":"shallow area","valsou":0.0,"depth_label":"0.0-5.4m","chart":"US5PWMDC"}},{"type":"Feature","geometry":{"type":"Polygon","coordinates":[[[-70.2112108,43.65],[-70.2105158,43.6506712],[-70.2095117,43.650714],[-70.2080631,43.6517629],[-70.2067639,43.6521626],[-70.2064879,43.6524244],[-70.2056646,43.6539567],[-70.2055361,43.6549942],[-70.2061452,43.6558413],[-70.2070685,43.6560602],[-70.20838,43.6557699],[-70.209308,43.6550284],[-70.2095311,43.6546314],[-70.2100173,43.6544342],[-70.2118801,43.6529603],[-70.2125416,43.6527224],[-70.2130746,43.6522465],[-70.2131903,43.6520259],[-70.2130592,43.6519757],[-70.2127921,43.6523127],[-70.2123016,43.6524501],[-70.2124535,43.6527111],[-70.2120867,43.6525535],[-70.2112537,43.6528707],[-70.2111657,43.6533033],[-70.2109717,43.6534362],[-70.2107989,43.6534925],[-70.2107076,43.6532368],[-70.2103246,43.65316],[-70.2098047,43.6533594],[-70.2090511,43.6541475],[-70.2089688,43.6544023],[-70.2092609,43.6544713],[-70.2089636,43.6546276],[-70.2087507,43.655168],[-70.2076827,43.6559031],[-70.206893,43.6558132],[-70.2066456,43.6552625],[-70.2066743,43.6548195],[-70.20645,43.6545534],[-70.2066289,43.6537601],[-70.2063387,43.6535255],[-70.2063615,43.6530585],[-70.2073595,43.6521415],[-70.2077422,43.6520501],[-70.2079718,43.6522433],[-70.208498,43.6519425],[-70.2085651,43.6517329],[-70.2090872,43.651594],[-70.2091134,43.6518528],[-70.2101108,43.6514924],[-70.2101321,43.6513808],[-70.2099531,43.6514092],[-70.2102213,43.651274],[-70.209955,43.651136],[-70.2105839,43.6508502],[-70.2114041,43.6500794],[-70.2112108,43.65]],[[-70.2095492,43.6509709],[-70.2097906,43.6509113],[-70.2097747,43.6508787],[-70.2095492,43.6509709]]]},"properties":{"objtype":"DEPARE","label":"shallow area","valsou":0.0,"depth_label":"0.0-1.8m","chart":"US5PWMDC"}},{"type":"Feature","geometry":{"type":"Polygon","coordinates":[[[-70.2454432,43.691049],[-70.244012,43.6905411],[-70.2430436,43.6904538],[-70.2428634,43.6900263],[-70.2425647,43.6897784],[-70.2416769,43.6893168],[-70.2414533,43.6893821],[-70.2414709,43.6895485],[-70.2416743,43.6899002],[-70.242695,43.6909996],[-70.2441407,43.6911641],[-70.2447708,43.6915165],[-70.2449398,43.6910649],[-70.2454432,43.691049]],[[-70.2421957,43.6896363],[-70.2417731,43.6897385],[-70.2416544,43.6898573],[-70.2419511,43.6899855],[-70.2421957,43.6896363]]]},"properties":{"objtype":"DEPARE","label":"shallow area","valsou":0.0,"depth_label":"0.0-1.8m","chart":"US5PWMDC"}},{"type":"Feature","geometry":{"type":"Polygon","coordinates":[[[-70.245476,43.691065],[-70.2470538,43.6914539],[-70.2473066,43.6916587],[-70.2472158,43.6917709],[-70.2456436,43.6914935],[-70.245476,43.691065]]]},"properties":{"objtype":"DEPARE","label":"shallow area","valsou":0.0,"depth_label":"0.0-1.8m","chart":"US5PWMDC"}},{"type":"Feature","geometry":{"type":"Polygon","coordinates":[[[-70.2,43.6886907],[-70.2,43.6889361],[-70.2001977,43.6889087],[-70.2001977,43.688767],[-70.2,43.6886907]]]},"properties":{"objtype":"DEPARE","label":"shallow area","valsou":0.0,"depth_label":"0.0-1.8m","chart":"US5PWMDC"}},{"type":"Feature","geometry":{"type":"Polygon","coordinates":[[[-70.2083294,43.6643651],[-70.2078738,43.6642407],[-70.206156,43.6654566],[-70.204335,43.6659832],[-70.2036701,43.6668699],[-70.2039145,43.6669686],[-70.2043426,43.666786],[-70.2047255,43.6663833],[-70.2074332,43.6652043],[-70.2083294,43.6643651]]]},"properties":{"objtype":"DEPARE","label":"shallow area","valsou":0.0,"depth_label":"0.0-1.8m","chart":"US5PWMDC"}},{"type":"Feature","geometry":{"type":"Polygon","coordinates":[[[-70.2146942,43.6993776],[-70.2146534,43.6995708],[-70.214541,43.6996135],[-70.2146164,43.6995048],[-70.2146942,43.6993776]]]},"properties":{"objtype":"DEPARE","label":"shallow area","valsou":0.0,"depth_label":"0.0-1.8m","chart":"US5PWMDC"}},{"type":"Feature","geometry":{"type":"Polygon","coordinates":[[[-70.2348365,43.6555084],[-70.2346946,43.6550694],[-70.2341898,43.654527],[-70.2321597,43.6528645],[-70.2319858,43.6524723],[-70.2318271,43.6525712],[-70.2319984,43.6529405],[-70.2340078,43.6546466],[-70.2345866,43.656111],[-70.2349178,43.6561909],[-70.2351691,43.6557264],[-70.2358559,43.6558045],[-70.235989,43.6557197],[-70.2357529,43.6551112],[-70.2355908,43.6552839],[-70.2359311,43.6556191],[-70.2358809,43.655733],[-70.2348365,43.6555084]]]},"properties":{"objtype":"DEPARE","label":"shallow area","valsou":0.0,"depth_label":"0.0-1.8m","chart":"US5PWMDC"}},{"type":"Feature","geometry":{"type":"Polygon","coordinates":[[[-70.2378358,43.6543111],[-70.2376276,43.6544539],[-70.2373029,43.6541287],[-70.2388474,43.6530112],[-70.2392988,43.6528052],[-70.2397863,43.6528752],[-70.2385038,43.6536577],[-70.2384137,43.6544495],[-70.2378358,43.6543111]]]},"properties":{"objtype":"DEPARE","label":"shallow area","valsou":0.0,"depth_label":"0.0-1.8m","chart":"US5PWMDC"}},{"type":"Feature","geometry":{"type":"Polygon","coordinates":[[[-70.2548093,43.65],[-70.2545488,43.65],[-70.2547892,43.6501442],[-70.2548093,43.65]]]},"properties":{"objtype":"DEPARE","label":"shallow area","valsou":0.0,"depth_label":"0.0-1.8m","chart":"US5PWMDC"}},{"type":"Feature","geometry":{"type":"Polygon","coordinates":[[[-70.2003099,43.6704524],[-70.2,43.6705355],[-70.2,43.6701705],[-70.201232,43.6700659],[-70.2016501,43.6695192],[-70.20231,43.669309],[-70.2026698,43.6689134],[-70.2029335,43.6692701],[-70.2034695,43.6692687],[-70.2030019,43.6687934],[-70.2026978,43.6688771],[-70.203461,43.6678042],[-70.2039754,43.6677456],[-70.204192,43.6679596],[-70.2042103,43.6684863],[-70.2037858,43.6694005],[-70.2041629,43.6697694],[-70.2041842,43.6700639],[-70.2040096,43.6702604],[-70.202501,43.670654],[-70.2025403,43.6707728],[-70.2021612,43.6708817],[-70.2021205,43.6710571],[-70.2015904,43.6710719],[-70.2018099,43.6708458],[-70.2005117,43.6706961],[-70.2003099,43.6704524]]]},"properties":{"objtype":"DEPARE","label":"shallow area","valsou":0.0,"depth_label":"0.0-1.8m","chart":"US5PWMDC"}},{"type":"Feature","geometry":{"type":"Polygon","coordinates":[[[-70.2,43.6629761],[-70.2,43.6652974],[-70.2007242,43.6646543],[-70.2017814,43.6640761],[-70.2020455,43.6625699],[-70.2015387,43.661432],[-70.2007463,43.6607039],[-70.2,43.6584187],[-70.2000575,43.6606473],[-70.2002251,43.6607378],[-70.2001986,43.6612051],[-70.2005303,43.6617984],[-70.2003188,43.6620556],[-70.2007528,43.6628846],[-70.2,43.6629761]]]},"properties":{"objtype":"DEPARE","label":"shallow area","valsou":0.0,"depth_label":"0.0-1.8m","chart":"US5PWMDC"}},{"type":"Feature","geometry":{"type":"Polygon","coordinates":[[[-70.2002371,43.6881009],[-70.2008091,43.6876447],[-70.2007449,43.6872284],[-70.2005141,43.6872675],[-70.200471,43.6876898],[-70.2001565,43.6880169],[-70.2002371,43.6881009]]]},"properties":{"objtype":"DEPARE","label":"shallow area","valsou":0.0,"depth_label":"0.0-1.8m","chart":"US5PWMDC"}},{"type":"Feature","geometry":{"type":"Polygon","coordinates":[[[-70.2188905,43.7008504],[-70.2190942,43.7002139],[-70.2188972,43.7000749],[-70.2181783,43.7002376],[-70.2175588,43.6999995],[-70.2173183,43.6996473],[-70.2177152,43.6989265],[-70.2180854,43.6988071],[-70.2183423,43.6984688],[-70.2182979,43.698195],[-70.2178536,43.6981693],[-70.2179194,43.698313],[-70.2174316,43.6985437],[-70.217233,43.698393],[-70.2169661,43.6985571],[-70.2165823,43.6983477],[-70.2166322,43.6982465],[-70.2160025,43.6982149],[-70.215213,43.6987151],[-70.2147304,43.6993],[-70.2149867,43.6985144],[-70.2157194,43.6981489],[-70.2191071,43.6975334],[-70.2203037,43.6974636],[-70.2236334,43.6963525],[-70.2240465,43.6961168],[-70.224192,43.6958135],[-70.2239363,43.6957616],[-70.2225428,43.6961661],[-70.2222708,43.6960674],[-70.2232407,43.6955431],[-70.2246056,43.6953182],[-70.2247139,43.6949417],[-70.2242379,43.6946457],[-70.2243311,43.6944848],[-70.2249087,43.6945153],[-70.2262054,43.6950237],[-70.2269992,43.6948812],[-70.2269501,43.6947045],[-70.2249582,43.6932823],[-70.225671,43.6928218],[-70.2256811,43.6924252],[-70.2261636,43.6918044],[-70.2260236,43.6907933],[-70.2255073,43.6899487],[-70.2257113,43.6892012],[-70.2268078,43.6877997],[-70.2267818,43.6873826],[-70.2275374,43.6872602],[-70.2286255,43.6862019],[-70.2289026,43.6856013],[-70.2269977,43.6820662],[-70.2262478,43.6817419],[-70.2263234,43.6815043],[-70.2272377,43.6806342],[-70.2310585,43.6779416],[-70.2323758,43.6773749],[-70.2332304,43.6772075],[-70.2339306,43.6772277],[-70.2346006,43.6774543],[-70.2380658,43.6790225],[-70.240554,43.6805137],[-70.2405943,43.6809414],[-70.2401592,43.6823763],[-70.2391864,43.6836722],[-70.2388288,43.6846355],[-70.2392821,43.6868343],[-70.239874,43.6877354],[-70.2404167,43.6897569],[-70.2392343,43.6903983],[-70.2411423,43.690389],[-70.2420112,43.6913073],[-70.2428784,43.6916371],[-70.2418497,43.6913996],[-70.2406792,43.6906347],[-70.2402953,43.6906782],[-70.2383924,43.6915791],[-70.2380586,43.6920955],[-70.2369367,43.6922694],[-70.236877,43.6924928],[-70.236127,43.6929067],[-70.2356458,43.6934646],[-70.2354637,43.6945249],[-70.2350018,43.694741],[-70.2353341,43.6944552],[-70.2353551,43.6936343],[-70.2358254,43.6929203],[-70.2356183,43.6927977],[-70.235728,43.6925321],[-70.2361871,43.6922867],[-70.2368684,43.6921969],[-70.2370812,43.6919598],[-70.2369471,43.6916632],[-70.2372582,43.6914945],[-70.2370529,43.6905784],[-70.2372138,43.6904043],[-70.2366584,43.6894423],[-70.2368299,43.6883612],[-70.2370639,43.68831],[-70.2367357,43.6881614],[-70.2356077,43.6868442],[-70.2354697,43.6863302],[-70.2355727,43.6862756],[-70.2344783,43.6859902],[-70.2345558,43.6856675],[-70.2347896,43.6856005],[-70.2346177,43.6853656],[-70.233992,43.6858373],[-70.2323661,43.685786],[-70.2307867,43.6862817],[-70.2287185,43.6870669],[-70.227713,43.6878503],[-70.2274448,43.6879044],[-70.2266573,43.6886093],[-70.2260684,43.6902641],[-70.2261899,43.6903989],[-70.2267207,43.690368],[-70.227407,43.6913611],[-70.2282255,43.691558],[-70.2284865,43.6919688],[-70.2292469,43.6917796],[-70.2315395,43.6929308],[-70.2323806,43.6928047],[-70.2331069,43.6931257],[-70.2331503,43.6933099],[-70.2327732,43.6934721],[-70.2328456,43.6940635],[-70.2325419,43.6938381],[-70.2321813,43.6941732],[-70.2322415,43.6944254],[-70.2327181,43.6945462],[-70.233102,43.6951143],[-70.233047,43.6952716],[-70.2328512,43.6952671],[-70.2325545,43.6948261],[-70.2320749,43.6948593],[-70.23246,43.6953391],[-70.2324273,43.6955568],[-70.233336,43.6954285],[-70.2334281,43.6951923],[-70.2337231,43.6951143],[-70.2347274,43.6953194],[-70.2344086,43.6955782],[-70.2327777,43.6958301],[-70.2333401,43.6960369],[-70.2338639,43.6965145],[-70.2335138,43.6970799],[-70.2328729,43.6972078],[-70.2323796,43.6970931],[-70.2322318,43.6972355],[-70.232662,43.6973604],[-70.2330855,43.6971801],[-70.2333046,43.6972529],[-70.233509,43.6977877],[-70.2326923,43.6983545],[-70.2321581,43.6991405],[-70.2313283,43.6998801],[-70.2291716,43.7011713],[-70.2272806,43.7016064],[-70.2243878,43.7017812],[-70.2232683,43.7017655],[-70.2225221,43.7015457],[-70.2217405,43.701641],[-70.2188905,43.7008504]],[[-70.2322912,43.6977336],[-70.2321967,43.6977116],[-70.2322006,43.6977779],[-70.2322912,43.6977336]],[[-70.2317846,43.6964618],[-70.2318751,43.6968167],[-70.232162,43.6967593],[-70.2320068,43.6965741],[-70.2317846,43.6964618]],[[-70.2322538,43.6964745],[-70.2324342,43.6963794],[-70.2324663,43.69626],[-70.2323026,43.6962578],[-70.2322538,43.6964745]],[[-70.2273603,43.6875175],[-70.2272089,43.6876422],[-70.2273921,43.6875671],[-70.2273603,43.6875175]],[[-70.2354723,43.6848383],[-70.2354986,43.6843855],[-70.2353264,43.6845044],[-70.2353376,43.6847589],[-70.2350212,43.6852034],[-70.2354723,43.6848383]],[[-70.2357027,43.6839801],[-70.2358814,43.6841962],[-70.2360467,43.6840731],[-70.2358762,43.6844576],[-70.2359241,43.6842789],[-70.2357141,43.6841767],[-70.2357027,43.6839801]],[[-70.2361591,43.6835386],[-70.2359739,43.6837583],[-70.2357857,43.6838349],[-70.2362932,43.683672],[-70.2361591,43.6835386]],[[-70.2368146,43.6830959],[-70.2375785,43.682116],[-70.2380564,43.6817696],[-70.2393334,43.6815631],[-70.2391562,43.6820184],[-70.2382803,43.6819926],[-70.2369567,43.6832426],[-70.2368146,43.6830959]],[[-70.2268276,43.6817784],[-70.2265176,43.6816339],[-70.2270617,43.6810718],[-70.2275217,43.6807997],[-70.2276659,43.6808654],[-70.2277695,43.6811977],[-70.2273573,43.6812765],[-70.2268276,43.6817784]],[[-70.2405042,43.6807126],[-70.2401126,43.6807154],[-70.2397684,43.6806194],[-70.2405042,43.6807126]]]},"properties":{"objtype":"DEPARE","label":"shallow area","valsou":0.0,"depth_label":"0.0-1.8m","chart":"US5PWMDC"}},{"type":"Feature","geometry":{"type":"Polygon","coordinates":[[[-70.245787,43.7068285],[-70.2473718,43.7048458],[-70.2478227,43.7045057],[-70.248029,43.7045159],[-70.2481375,43.7047133],[-70.2479918,43.7049374],[-70.2470045,43.7056208],[-70.2463773,43.7067609],[-70.2456534,43.707346],[-70.2458004,43.7087795],[-70.2459215,43.7091618],[-70.2477421,43.7104098],[-70.2500336,43.7124426],[-70.2508298,43.7135202],[-70.2491429,43.7109213],[-70.2486272,43.7095243],[-70.2482933,43.707608],[-70.2483383,43.7060643],[-70.2487258,43.7044816],[-70.2489529,43.7022316],[-70.2490546,43.6976547],[-70.2494419,43.697056],[-70.2507667,43.6972694],[-70.2514385,43.697771],[-70.2522297,43.6978216],[-70.2523863,43.6979772],[-70.2521988,43.6982484],[-70.2527356,43.6983925],[-70.2538768,43.6969669],[-70.2542523,43.6957555],[-70.2540678,43.6950488],[-70.2537547,43.6955411],[-70.2527673,43.6962593],[-70.2523039,43.6963324],[-70.2523302,43.6957401],[-70.2518807,43.695786],[-70.2508531,43.6966193],[-70.2492839,43.6970616],[-70.2484377,43.6977231],[-70.2471884,43.6991394],[-70.2469743,43.6999361],[-70.2470935,43.7000855],[-70.2476191,43.6999353],[-70.2484578,43.7030681],[-70.2475687,43.7017379],[-70.247284,43.7008383],[-70.2464328,43.6999343],[-70.2463245,43.6994482],[-70.2468282,43.69854],[-70.2477179,43.6975854],[-70.2492187,43.6965581],[-70.2518278,43.695521],[-70.2528841,43.6953256],[-70.2532484,43.6942783],[-70.2531186,43.6936321],[-70.2504447,43.6927118],[-70.2471349,43.6919059],[-70.245352,43.6917784],[-70.2469138,43.6919207],[-70.2477466,43.6924191],[-70.2478035,43.6926299],[-70.2475221,43.6928433],[-70.2465418,43.6927721],[-70.2461564,43.6932531],[-70.2467266,43.6932832],[-70.2468829,43.6935836],[-70.2460642,43.6975405],[-70.2462521,43.6984849],[-70.2459882,43.6997018],[-70.2460907,43.7009735],[-70.2465091,43.702415],[-70.2463617,43.7043901],[-70.245787,43.7068285]]]},"properties":{"objtype":"DEPARE","label":"shallow area","valsou":0.0,"depth_label":"0.0-1.8m","chart":"US5PWMDC"}},{"type":"Feature","geometry":{"type":"Polygon","coordinates":[[[-70.2463082,43.6558266],[-70.2464884,43.6557108],[-70.2468626,43.6560051],[-70.2467162,43.6561132],[-70.2463082,43.6558266]]]},"properties":{"objtype":"DEPARE","label":"shallow area","valsou":0.0,"depth_label":"0.0-5.4m","chart":"US5PWMDC"}},{"type":"Feature","geometry":{"type":"Polygon","coordinates":[[[-70.2008516,43.6668736],[-70.2006149,43.6667767],[-70.2006149,43.6665902],[-70.2010607,43.6659448],[-70.2014007,43.6658588],[-70.2015191,43.6660801],[-70.2013932,43.6664421],[-70.2008516,43.6668736]]]},"properties":{"objtype":"DEPARE","label":"shallow area","valsou":0.0,"depth_label":"0.0-1.8m","chart":"US5PWMDC"}},{"type":"Feature","geometry":{"type":"Polygon","coordinates":[[[-70.2071509,43.7201469],[-70.2072114,43.7199423],[-70.2075989,43.7198755],[-70.2079515,43.7199888],[-70.2081051,43.7202628],[-70.2076657,43.7204423],[-70.2071509,43.7201469]]]},"properties":{"objtype":"DEPARE","label":"shallow area","valsou":0.0,"depth_label":"0.0-1.8m","chart":"US5PWMDC"}},{"type":"Feature","geometry":{"type":"Polygon","coordinates":[[[-70.2282763,43.6512448],[-70.2284212,43.6512375],[-70.228285,43.6511364],[-70.228222,43.6505257],[-70.228513,43.6502947],[-70.2293802,43.6502834],[-70.2295219,43.65],[-70.2324272,43.65],[-70.2306613,43.6528993],[-70.2291795,43.6523014],[-70.229007,43.6515579],[-70.2282763,43.6512448]]]},"properties":{"objtype":"DEPARE","label":"shallow area","valsou":0.0,"depth_label":"0.0-3.6m","chart":"US5PWMDC"}},{"type":"Feature","geometry":{"type":"Polygon","coordinates":[[[-70.2029098,43.6837576],[-70.2007269,43.6852563],[-70.2005723,43.6858526],[-70.2,43.6863365],[-70.2,43.6869422],[-70.200761,43.6860959],[-70.2024158,43.6853118],[-70.2036247,43.684332],[-70.2053551,43.6832335],[-70.2055465,43.6830014],[-70.2055893,43.6825663],[-70.2063097,43.6827089],[-70.2064381,43.6822483],[-70.2071081,43.6819832],[-70.2088863,43.6803052],[-70.2091181,43.6797074],[-70.2090786,43.6793454],[-70.2081912,43.6775376],[-70.2076471,43.6759453],[-70.2076018,43.6747899],[-70.2077454,43.6739344],[-70.2081282,43.6728027],[-70.2096016,43.6712067],[-70.2101029,43.6702176],[-70.2109668,43.6690658],[-70.2120772,43.6682194],[-70.2128985,43.6680037],[-70.2133839,43.6661278],[-70.2138386,43.665122],[-70.2138529,43.6637443],[-70.2133282,43.6630425],[-70.2131855,43.6625357],[-70.21136,43.6621472],[-70.2103213,43.6623257],[-70.209783,43.6627523],[-70.2099624,43.6629611],[-70.2103844,43.662676],[-70.2105198,43.662922],[-70.2111013,43.6631004],[-70.2119535,43.6630687],[-70.2120477,43.6628813],[-70.2125134,43.662721],[-70.212745,43.6629189],[-70.2127225,43.6631145],[-70.2122106,43.6634346],[-70.2119816,43.6637911],[-70.2121344,43.6644549],[-70.2130256,43.6649995],[-70.2131226,43.6652632],[-70.2124134,43.6664323],[-70.2124379,43.667078],[-70.2128174,43.6671111],[-70.2128513,43.6673429],[-70.2124607,43.6676073],[-70.2120265,43.6672937],[-70.2117301,43.6673694],[-70.2114368,43.6675814],[-70.2113929,43.6678963],[-70.2111671,43.6677217],[-70.2108765,43.6677412],[-70.2106803,43.6680965],[-70.2108989,43.6683209],[-70.2102127,43.6692029],[-70.2074819,43.6701961],[-70.206787,43.6707196],[-70.2069459,43.6709656],[-70.2067563,43.6711458],[-70.2064077,43.6712001],[-70.2057916,43.6717314],[-70.2053517,43.6718496],[-70.2054718,43.6719761],[-70.2053301,43.6725895],[-70.2055576,43.6727898],[-70.2057456,43.6726049],[-70.2056423,43.6729415],[-70.205847,43.673335],[-70.2056775,43.6737173],[-70.2058735,43.6740746],[-70.2057219,43.6748688],[-70.2060066,43.6751926],[-70.2052146,43.6756867],[-70.2053376,43.6760665],[-70.2056208,43.6762114],[-70.205162,43.6763531],[-70.2050166,43.6767784],[-70.2051929,43.6777715],[-70.2053607,43.6779723],[-70.2055941,43.6779623],[-70.205387,43.6782829],[-70.2056632,43.6787534],[-70.2053488,43.6798287],[-70.2056199,43.679939],[-70.20533,43.6801545],[-70.2057032,43.6803718],[-70.2049121,43.6811361],[-70.2051414,43.6812719],[-70.2049337,43.6815214],[-70.2051464,43.6817618],[-70.2049494,43.6818105],[-70.2049495,43.6821475],[-70.2052626,43.6822611],[-70.2038922,43.6828103],[-70.2034862,43.6832863],[-70.2029218,43.6834658],[-70.2029098,43.6837576]],[[-70.2107908,43.6625072],[-70.2105371,43.6625062],[-70.2104968,43.6625328],[-70.2107908,43.6625072]]]},"properties":{"objtype":"DEPARE","label":"shallow area","valsou":0.0,"depth_label":"0.0-1.8m","chart":"US5PWMDC"}},{"type":"Feature","geometry":{"type":"Polygon","coordinates":[[[-70.2516792,43.7142974],[-70.2518307,43.7143446],[-70.2514788,43.7141349],[-70.2516792,43.7142974]]]},"properties":{"objtype":"DEPARE","label":"shallow area","valsou":0.0,"depth_label":"0.0-1.8m","chart":"US5PWMDC"}},{"type":"Feature","geometry":{"type":"Polygon","coordinates":[[[-70.248063,43.6583271],[-70.2468912,43.6582778],[-70.2466323,43.6587362],[-70.246836,43.659233],[-70.2465329,43.6596159],[-70.2469478,43.6592976],[-70.2474227,43.658545],[-70.248063,43.6583271]]]},"properties":{"objtype":"DEPARE","label":"shallow area","valsou":0.0,"depth_label":"0.0-1.8m","chart":"US5PWMDC"}},{"type":"Feature","geometry":{"type":"Polygon","coordinates":[[[-70.2644669,43.7170985],[-70.262298,43.7167541],[-70.2541154,43.7161738],[-70.2527132,43.715715],[-70.2519081,43.7152517],[-70.251895,43.715073],[-70.2499546,43.7143548],[-70.2488897,43.7137132],[-70.2483766,43.7138353],[-70.2484867,43.7135911],[-70.2467915,43.7113791],[-70.2460911,43.7097467],[-70.2468615,43.7100819],[-70.2494204,43.712215],[-70.251314,43.7147523],[-70.2527799,43.7149971],[-70.253367,43.7145444],[-70.2537347,43.7145079],[-70.2543941,43.7148813],[-70.2571865,43.7156791],[-70.2601567,43.7161333],[-70.2615023,43.7160098],[-70.2638937,43.7165739],[-70.2630855,43.7162628],[-70.2632463,43.7162268],[-70.2645934,43.716797],[-70.2659545,43.7167271],[-70.2660885,43.7169663],[-70.2664857,43.7170315],[-70.2662839,43.7176045],[-70.2644669,43.7170985]],[[-70.2531026,43.7149119],[-70.2539155,43.7149885],[-70.2540132,43.7147748],[-70.253507,43.7147245],[-70.2531026,43.7149119]]]},"properties":{"objtype":"DEPARE","label":"shallow area","valsou":0.0,"depth_label":"0.0-1.8m","chart":"US5PWMDC"}},{"type":"Feature","geometry":{"type":"Polygon","coordinates":[[[-70.2449823,43.6931347],[-70.2440334,43.6928092],[-70.2438692,43.6930138],[-70.2439297,43.6928263],[-70.2430062,43.6923829],[-70.2428934,43.6920531],[-70.2430425,43.6916682],[-70.2444919,43.6917383],[-70.243448,43.6918382],[-70.2430025,43.6922012],[-70.243371,43.6924396],[-70.2438325,43.6924085],[-70.2439218,43.6926318],[-70.2447584,43.6927288],[-70.2449823,43.6931347]]]},"properties":{"objtype":"DEPARE","label":"shallow area","valsou":0.0,"depth_label":"0.0-1.8m","chart":"US5PWMDC"}},{"type":"Feature","geometry":{"type":"Polygon","coordinates":[[[-70.2541129,43.6936712],[-70.2537471,43.6930964],[-70.2529648,43.6924532],[-70.2479836,43.6894243],[-70.2473778,43.6894861],[-70.2461403,43.6899761],[-70.2446519,43.6893927],[-70.2441077,43.6887966],[-70.2443425,43.6887677],[-70.2444522,43.6885153],[-70.2432973,43.6886403],[-70.2443766,43.6884682],[-70.2447504,43.6878785],[-70.2464672,43.6867537],[-70.2453227,43.686711],[-70.2452091,43.6865756],[-70.244773,43.6870924],[-70.2445735,43.6867514],[-70.2440825,43.6867456],[-70.2440254,43.6866045],[-70.2433249,43.6868134],[-70.242877,43.6865522],[-70.2431919,43.6862373],[-70.2438616,43.6860363],[-70.2440312,43.6856294],[-70.2441512,43.6857144],[-70.2443159,43.6855716],[-70.2442646,43.6853375],[-70.2446498,43.6851762],[-70.2441666,43.6851649],[-70.2434884,43.6858491],[-70.241884,43.6865656],[-70.241821,43.6871871],[-70.241355,43.6875892],[-70.2413727,43.6878195],[-70.2432166,43.689156],[-70.244849,43.6899249],[-70.2491802,43.6912289],[-70.2505645,43.6920144],[-70.2523572,43.692519],[-70.2541129,43.6936712]]]},"properties":{"objtype":"DEPARE","label":"shallow area","valsou":0.0,"depth_label":"0.0-1.8m","chart":"US5PWMDC"}},{"type":"Feature","geometry":{"type":"Polygon","coordinates":[[[-70.2146365,43.6501306],[-70.2142532,43.6501347],[-70.2142468,43.6501127],[-70.2145959,43.65],[-70.2146365,43.6501306]]]},"properties":{"objtype":"DEPARE","label":"shallow area","valsou":0.0,"depth_label":"0.0-1.8m","chart":"US5PWMDC"}},{"type":"Feature","geometry":{"type":"Polygon","coordinates":[[[-70.2167933,43.6996841],[-70.21519,43.7006196],[-70.214624,43.7005214],[-70.214487,43.7009935],[-70.2140975,43.7008696],[-70.2139187,43.7009325],[-70.2139472,43.7010755],[-70.2134939,43.7009977],[-70.2134526,43.7011556],[-70.2133312,43.7009512],[-70.2140557,43.7002921],[-70.2145187,43.700335],[-70.2144121,43.7000781],[-70.2145253,43.6996334],[-70.2130321,43.7009704],[-70.2128634,43.7013596],[-70.2131329,43.701493],[-70.2143753,43.7012176],[-70.2154479,43.7012854],[-70.2159171,43.7025879],[-70.2160512,43.7024069],[-70.2158636,43.7022699],[-70.2163361,43.7015437],[-70.2160746,43.7013315],[-70.2162409,43.7009681],[-70.2161842,43.7006305],[-70.2168164,43.7002972],[-70.2170078,43.6998647],[-70.2167933,43.6996841]]]},"properties":{"objtype":"DEPARE","label":"shallow area","valsou":0.0,"depth_label":"0.0-1.8m","chart":"US5PWMDC"}},{"type":"Feature","geometry":{"type":"Polygon","coordinates":[[[-70.2159611,43.7026802],[-70.216677,43.7031372],[-70.217051,43.7037877],[-70.2169613,43.70491],[-70.2151982,43.7092513],[-70.2135132,43.7118365],[-70.2134497,43.7128552],[-70.2121833,43.7141823],[-70.211939,43.7148619],[-70.212143,43.7152657],[-70.2127695,43.7150542],[-70.2137956,43.7158466],[-70.2144325,43.716508],[-70.2148695,43.7173015],[-70.2152335,43.7192646],[-70.2150943,43.7219008],[-70.2118254,43.725],[-70.2126995,43.725],[-70.2146385,43.7230775],[-70.2159917,43.7224606],[-70.2167592,43.7219202],[-70.2170114,43.7216516],[-70.2169267,43.7214514],[-70.2172218,43.7213892],[-70.2175628,43.7208604],[-70.2192441,43.719568],[-70.2189986,43.7194737],[-70.2198195,43.7197012],[-70.2205066,43.7204643],[-70.2206506,43.720918],[-70.2213577,43.7213165],[-70.2216226,43.7216665],[-70.2217104,43.7215824],[-70.2217028,43.7213681],[-70.2208708,43.7208006],[-70.2199182,43.7192947],[-70.2193434,43.7188332],[-70.2193553,43.7185094],[-70.2200531,43.7182228],[-70.2200802,43.7177066],[-70.2197053,43.7173098],[-70.2190957,43.7169665],[-70.2185148,43.7169119],[-70.2175847,43.7170863],[-70.2168638,43.7175465],[-70.2164838,43.7175397],[-70.2168918,43.7169215],[-70.2167813,43.7166874],[-70.2169649,43.7160567],[-70.2166259,43.7159145],[-70.2163964,43.7159926],[-70.216301,43.7157145],[-70.2160468,43.7156903],[-70.2160551,43.715331],[-70.2163602,43.7149291],[-70.2163471,43.7145536],[-70.2166811,43.7138212],[-70.2163749,43.713252],[-70.2156084,43.7129136],[-70.2146415,43.7135163],[-70.2137594,43.7137367],[-70.2135156,43.7136453],[-70.212999,43.7145183],[-70.2127262,43.7145765],[-70.2124424,43.7148909],[-70.2124803,43.7144226],[-70.21293,43.7137209],[-70.2139732,43.7130577],[-70.2141336,43.7126088],[-70.2139534,43.7123693],[-70.214144,43.7120509],[-70.2140305,43.7119219],[-70.2142678,43.7115185],[-70.2142537,43.7112244],[-70.214512,43.7108827],[-70.2149459,43.7107263],[-70.2154167,43.7100323],[-70.2156457,43.7094145],[-70.2155612,43.7092788],[-70.2161669,43.7089099],[-70.2163895,43.7080481],[-70.2170196,43.7076241],[-70.2171624,43.7070691],[-70.2167944,43.70643],[-70.2171618,43.7057135],[-70.2190262,43.7043373],[-70.2189216,43.7041668],[-70.2190927,43.7041284],[-70.2195195,43.703513],[-70.2197049,43.7029556],[-70.2195131,43.7020235],[-70.2190622,43.7014739],[-70.2190834,43.7010734],[-70.217798,43.7013491],[-70.2168477,43.702085],[-70.216506,43.7025697],[-70.2162944,43.7026719],[-70.2161527,43.7025382],[-70.2159611,43.7026802]],[[-70.2161705,43.7159888],[-70.2160458,43.7161235],[-70.2161091,43.716243],[-70.2162667,43.7161099],[-70.2161705,43.7159888]],[[-70.2136386,43.7131311],[-70.2135539,43.7132411],[-70.2136387,43.7132676],[-70.2136386,43.7131311]]]},"properties":{"objtype":"DEPARE","label":"shallow area","valsou":0.0,"depth_label":"0.0-1.8m","chart":"US5PWMDC"}},{"type":"Feature","geometry":{"type":"Polygon","coordinates":[[[-70.2525279,43.7145655],[-70.2519447,43.7144551],[-70.2527347,43.7147281],[-70.2525279,43.7145655]]]},"properties":{"objtype":"DEPARE","label":"shallow area","valsou":0.0,"depth_label":"0.0-1.8m","chart":"US5PWMDC"}},{"type":"Feature","geometry":{"type":"Polygon","coordinates":[[[-70.2482204,43.65],[-70.245354,43.65],[-70.2453325,43.6501511],[-70.2456109,43.6506604],[-70.2458821,43.6508031],[-70.2462462,43.6506389],[-70.2463747,43.6503391],[-70.2469101,43.6504676],[-70.2482204,43.65]]]},"properties":{"objtype":"DEPARE","label":"shallow area","valsou":0.0,"depth_label":"0.0-1.8m","chart":"US5PWMDC"}},{"type":"Feature","geometry":{"type":"Point","coordinates":[-70.1832282,43.6943478]},"properties":{"objtype":"UWTROC","label":"underwater rock","valsou":0.0,"watlev":5,"name":null,"chart":"US5PWMDD"}},{"type":"Feature","geometry":{"type":"Polygon","coordinates":[[[-70.1521394,43.682773],[-70.1512514,43.6833349],[-70.1513967,43.6838294],[-70.1517317,43.684025],[-70.1529996,43.6837374],[-70.1532069,43.6841417],[-70.1529004,43.6845331],[-70.1519811,43.6850906],[-70.1518602,43.6854488],[-70.1520138,43.6854689],[-70.1521574,43.6850577],[-70.1527711,43.684963],[-70.152982,43.6846891],[-70.1538443,43.6846177],[-70.1537974,43.6844144],[-70.1540662,43.6844154],[-70.1535446,43.6840643],[-70.153665,43.683863],[-70.1534189,43.6838049],[-70.1536476,43.6836436],[-70.153375,43.6837442],[-70.1538485,43.6832795],[-70.1536042,43.6827911],[-70.1529376,43.6824797],[-70.1526039,43.6827331],[-70.1521394,43.682773]],[[-70.1522792,43.6831651],[-70.1523309,43.6831711],[-70.1523683,43.6830922],[-70.1522792,43.6831651]]]},"properties":{"objtype":"DEPARE","label":"shallow area","valsou":0.0,"depth_label":"0.0-3.6m","chart":"US5PWMDD"}},{"type":"Feature","geometry":{"type":"Polygon","coordinates":[[[-70.1960196,43.7152836],[-70.19563,43.7154491],[-70.1952772,43.7153311],[-70.1953306,43.7161132],[-70.1949835,43.7163684],[-70.1948945,43.7166586],[-70.194254,43.7169788],[-70.1950989,43.7169957],[-70.1954843,43.7167491],[-70.1956707,43.7164842],[-70.1957336,43.7159142],[-70.1960736,43.7155452],[-70.1960196,43.7152836]]]},"properties":{"objtype":"DEPARE","label":"shallow area","valsou":0.0,"depth_label":"0.0-1.8m","chart":"US5PWMDD"}},{"type":"Feature","geometry":{"type":"Polygon","coordinates":[[[-70.1701889,43.6881704],[-70.168338,43.6892833],[-70.1679493,43.6897814],[-70.1673577,43.6900798],[-70.16844,43.6897898],[-70.1688791,43.6892451],[-70.170345,43.6884208],[-70.1711863,43.6875563],[-70.1732211,43.6833687],[-70.1726597,43.6816487],[-70.1730753,43.6812758],[-70.1742113,43.6808646],[-70.1745336,43.6803381],[-70.1743069,43.6800456],[-70.1740853,43.6799834],[-70.1737881,43.6800152],[-70.1741665,43.6801028],[-70.1742856,43.6803886],[-70.1741437,43.680666],[-70.1743561,43.6806134],[-70.1740882,43.6808987],[-70.1735115,43.6810335],[-70.1724692,43.6810985],[-70.1733067,43.6798936],[-70.1731937,43.6798665],[-70.172637,43.6807603],[-70.1712366,43.680711],[-70.1711535,43.6802741],[-70.1716089,43.6797253],[-70.1715668,43.6795341],[-70.1706712,43.6796871],[-70.1705248,43.6798436],[-70.1708527,43.6798833],[-70.1708559,43.6801078],[-70.1710155,43.6801771],[-70.1700854,43.6804928],[-70.1701779,43.6808227],[-70.1708955,43.6812403],[-70.17131,43.6812631],[-70.1715245,43.681128],[-70.1712962,43.6809893],[-70.1719375,43.6808676],[-70.1718254,43.6811697],[-70.1720327,43.6812302],[-70.1720932,43.6816297],[-70.1724795,43.6820928],[-70.1724971,43.6823807],[-70.1727284,43.6824243],[-70.1725553,43.6824918],[-70.1730979,43.6832603],[-70.1707822,43.6876104],[-70.1701889,43.6881704]]]},"properties":{"objtype":"DEPARE","label":"shallow area","valsou":0.0,"depth_label":"0.0-1.8m","chart":"US5PWMDD"}},{"type":"Feature","geometry":{"type":"Polygon","coordinates":[[[-70.142954,43.6915607],[-70.1433797,43.6912921],[-70.1435992,43.6907802],[-70.1433761,43.6907513],[-70.1428936,43.6910947],[-70.1428054,43.6914419],[-70.142954,43.6915607]]]},"properties":{"objtype":"DEPARE","label":"shallow area","valsou":0.0,"depth_label":"0.0-1.8m","chart":"US5PWMDD"}},{"type":"Feature","geometry":{"type":"Polygon","coordinates":[[[-70.1933275,43.6899336],[-70.1925342,43.6902426],[-70.1928126,43.6899172],[-70.1920966,43.6894839],[-70.1919184,43.6896632],[-70.1917865,43.6895608],[-70.1919068,43.6893602],[-70.1917076,43.6892237],[-70.1913806,43.6892392],[-70.1911735,43.6890189],[-70.1909765,43.6891044],[-70.1909412,43.6888873],[-70.1905581,43.6885771],[-70.1895225,43.6882197],[-70.189285,43.6878646],[-70.1894091,43.6869544],[-70.189237,43.686887],[-70.1889709,43.6870957],[-70.1887921,43.6880479],[-70.1889936,43.6883349],[-70.1896439,43.6885501],[-70.189677,43.6888217],[-70.1880364,43.6897349],[-70.187016,43.689668],[-70.1868632,43.6900597],[-70.1866285,43.6902009],[-70.187204,43.6902659],[-70.1876729,43.6900157],[-70.1881641,43.6900048],[-70.1886802,43.689637],[-70.1887143,43.6894295],[-70.189266,43.6891992],[-70.1891977,43.689514],[-70.190022,43.6898674],[-70.1898269,43.690159],[-70.1898933,43.6902837],[-70.1890631,43.6909985],[-70.1883203,43.6912751],[-70.1882021,43.6915832],[-70.1878364,43.691813],[-70.1879135,43.6920237],[-70.1873199,43.6925319],[-70.186384,43.6931323],[-70.1863124,43.6929534],[-70.1865147,43.692897],[-70.1864065,43.6927097],[-70.185853,43.6927853],[-70.1853497,43.6932035],[-70.1853909,43.6933661],[-70.1863816,43.6937684],[-70.1874823,43.6926865],[-70.1895099,43.6913048],[-70.1901018,43.6904989],[-70.1902882,43.6897714],[-70.1901547,43.6892835],[-70.1902479,43.6890477],[-70.1905087,43.6890264],[-70.1912982,43.689554],[-70.1922926,43.6898753],[-70.1923918,43.6905683],[-70.1935121,43.6900986],[-70.1939666,43.6895942],[-70.1941479,43.6896575],[-70.1944239,43.6888649],[-70.1944181,43.6888559],[-70.1941059,43.6888881],[-70.1937247,43.6886311],[-70.1926356,43.6889654],[-70.1925878,43.6891811],[-70.1927666,43.6894498],[-70.1933509,43.689797],[-70.1933275,43.6899336]],[[-70.1860561,43.6933527],[-70.186209,43.6931946],[-70.1864468,43.6933614],[-70.186286,43.693435],[-70.1860561,43.6933527]]]},"properties":{"objtype":"DEPARE","label":"shallow area","valsou":0.0,"depth_label":"0.0-3.6m","chart":"US5PWMDD"}},{"type":"Feature","geometry":{"type":"Polygon","coordinates":[[[-70.1884239,43.6720186],[-70.1880832,43.6728568],[-70.187692,43.6732331],[-70.1880742,43.6731848],[-70.1885956,43.6726272],[-70.1898474,43.6724261],[-70.1912931,43.6708776],[-70.1933358,43.6700988],[-70.1930487,43.6697075],[-70.1932044,43.6693341],[-70.1934693,43.6695082],[-70.1938821,43.6692657],[-70.1941605,43.6694299],[-70.1957166,43.6682092],[-70.1994107,43.6659178],[-70.2,43.6652974],[-70.2,43.6629761],[-70.19918,43.6631695],[-70.1981537,43.6631288],[-70.1972032,43.6636903],[-70.1963887,43.664816],[-70.1961888,43.6654552],[-70.1956442,43.6663348],[-70.1952325,43.6666034],[-70.1936913,43.668297],[-70.1930567,43.6685293],[-70.1927634,43.6688825],[-70.192799,43.6690398],[-70.1920613,43.6696567],[-70.1903946,43.6702421],[-70.1902799,43.6707381],[-70.1888434,43.671522],[-70.1884239,43.6720186]],[[-70.1908717,43.670411],[-70.1908139,43.670524],[-70.1909909,43.6704253],[-70.1908717,43.670411]],[[-70.1908209,43.6701894],[-70.1908738,43.6702478],[-70.1908802,43.670192],[-70.1908209,43.6701894]]]},"properties":{"objtype":"DEPARE","label":"shallow area","valsou":0.0,"depth_label":"0.0-1.8m","chart":"US5PWMDD"}},{"type":"Feature","geometry":{"type":"Polygon","coordinates":[[[-70.1383256,43.6948133],[-70.1390954,43.6947279],[-70.1393972,43.6944262],[-70.1391618,43.6942585],[-70.138473,43.6941755],[-70.137564,43.6944245],[-70.137521,43.6945171],[-70.138489,43.6943557],[-70.1381954,43.6949586],[-70.1383256,43.6948133]]]},"properties":{"objtype":"DEPARE","label":"shallow area","valsou":0.0,"depth_label":"0.0-1.8m","chart":"US5PWMDD"}},{"type":"Feature","geometry":{"type":"Polygon","coordinates":[[[-70.125,43.6510529],[-70.125,43.6514592],[-70.1251845,43.6512682],[-70.125,43.6510529]]]},"properties":{"objtype":"DEPARE","label":"shallow area","valsou":0.0,"depth_label":"0.0-1.8m","chart":"US5PWMDD"}},{"type":"Feature","geometry":{"type":"Polygon","coordinates":[[[-70.1494083,43.690663],[-70.1495036,43.6905043],[-70.1490834,43.6902387],[-70.149386,43.6897126],[-70.1500442,43.6900712],[-70.1507608,43.6899353],[-70.1504285,43.6907365],[-70.1496402,43.6909071],[-70.1494083,43.690663]]]},"properties":{"objtype":"DEPARE","label":"shallow area","valsou":0.0,"depth_label":"0.0-1.8m","chart":"US5PWMDD"}},{"type":"Feature","geometry":{"type":"Polygon","coordinates":[[[-70.1825236,43.6933551],[-70.1822207,43.6935436],[-70.1821879,43.6938197],[-70.1830041,43.6946438],[-70.1842634,43.6945927],[-70.1848658,43.6940754],[-70.1847532,43.6939257],[-70.1834417,43.6943861],[-70.1835269,43.6941862],[-70.1831832,43.6941617],[-70.1833482,43.693805],[-70.1828964,43.6938599],[-70.1828063,43.6937082],[-70.1825732,43.6937201],[-70.1823577,43.6935351],[-70.1825236,43.6933551]]]},"properties":{"objtype":"DEPARE","label":"shallow area","valsou":0.0,"depth_label":"0.0-1.8m","chart":"US5PWMDD"}},{"type":"Feature","geometry":{"type":"Polygon","coordinates":[[[-70.1960258,43.7146354],[-70.1959728,43.7146896],[-70.1960128,43.7147647],[-70.1960258,43.7146354]]]},"properties":{"objtype":"DEPARE","label":"shallow area","valsou":0.0,"depth_label":"0.0-1.8m","chart":"US5PWMDD"}},{"type":"Feature","geometry":{"type":"Polygon","coordinates":[[[-70.1907331,43.7153912],[-70.1910614,43.7149807],[-70.1914493,43.7137768],[-70.1912758,43.7131181],[-70.1908314,43.7130798],[-70.1895099,43.7136763],[-70.1887341,43.7134132],[-70.1886686,43.713077],[-70.1893452,43.7128157],[-70.1890881,43.7133326],[-70.1902784,43.7128509],[-70.190451,43.7129717],[-70.1907749,43.7127265],[-70.1907016,43.7125017],[-70.1909996,43.7122062],[-70.1901084,43.7124953],[-70.190419,43.7122938],[-70.1901661,43.7122776],[-70.1907282,43.7119412],[-70.1921881,43.7123691],[-70.1932653,43.7121307],[-70.1936557,43.7118109],[-70.1940643,43.7108802],[-70.1934668,43.7103347],[-70.1935499,43.709772],[-70.1939591,43.7095523],[-70.1948697,43.709519],[-70.1953341,43.7090779],[-70.1956275,43.7092087],[-70.1955388,43.7095789],[-70.1951691,43.7097939],[-70.1949125,43.7102561],[-70.1951795,43.7107787],[-70.1960406,43.7110316],[-70.1968958,43.7105631],[-70.1972346,43.7106972],[-70.197305,43.7108951],[-70.1970755,43.7114409],[-70.1969707,43.7112251],[-70.197191,43.7106994],[-70.1970293,43.7106334],[-70.1965933,43.7111924],[-70.196141,43.7112745],[-70.1955019,43.7116643],[-70.1954185,43.7121808],[-70.1960347,43.7123231],[-70.19659,43.7119306],[-70.1961089,43.7129491],[-70.196255,43.7134773],[-70.1960306,43.7145835],[-70.1956716,43.714456],[-70.1959124,43.714045],[-70.1957053,43.7139095],[-70.1961217,43.7137173],[-70.1959592,43.7136636],[-70.196091,43.7134757],[-70.1955092,43.713262],[-70.1951633,43.7135671],[-70.1948215,43.7134833],[-70.1949666,43.712834],[-70.1953199,43.7124961],[-70.1946716,43.7121599],[-70.194358,43.712219],[-70.1944954,43.7123621],[-70.1944196,43.7124946],[-70.1941279,43.7125271],[-70.1938126,43.7128024],[-70.193829,43.7133223],[-70.1943628,43.7134966],[-70.1933203,43.713936],[-70.1929632,43.7145851],[-70.1927129,43.7145723],[-70.1925207,43.7142983],[-70.1921,43.7144183],[-70.1919239,43.7146481],[-70.1918587,43.7142852],[-70.1915072,43.714366],[-70.1914834,43.714898],[-70.1920656,43.7146822],[-70.1923267,43.7148344],[-70.1924685,43.715159],[-70.19236,43.7155145],[-70.1910565,43.7157464],[-70.1907331,43.7153912]],[[-70.1933319,43.712373],[-70.1932604,43.7125465],[-70.1933339,43.7126772],[-70.1935283,43.7124597],[-70.1933319,43.712373]],[[-70.1940479,43.7114386],[-70.1941827,43.7115019],[-70.1947041,43.7114235],[-70.194163,43.7116531],[-70.1940479,43.7114386]],[[-70.1936162,43.710332],[-70.1937917,43.7097932],[-70.194315,43.7096804],[-70.1940905,43.7102055],[-70.1936162,43.710332]]]},"properties":{"objtype":"DEPARE","label":"shallow area","valsou":0.0,"depth_label":"0.0-1.8m","chart":"US5PWMDD"}},{"type":"Feature","geometry":{"type":"Polygon","coordinates":[[[-70.1904287,43.7155921],[-70.1900388,43.7161316],[-70.1899607,43.7164641],[-70.1899582,43.7165555],[-70.1899708,43.7166377],[-70.1899947,43.7167024],[-70.1899888,43.7165541],[-70.1908067,43.7161342],[-70.1909676,43.7158423],[-70.1907907,43.7157429],[-70.1904024,43.7159124],[-70.1904287,43.7155921]]]},"properties":{"objtype":"DEPARE","label":"shallow area","valsou":0.0,"depth_label":"0.0-1.8m","chart":"US5PWMDD"}},{"type":"Feature","geometry":{"type":"Polygon","coordinates":[[[-70.1900388,43.7167783],[-70.1900591,43.7167738],[-70.1900195,43.7167468],[-70.1900388,43.7167783]]]},"properties":{"objtype":"DEPARE","label":"shallow area","valsou":0.0,"depth_label":"0.0-1.8m","chart":"US5PWMDD"}},{"type":"Feature","geometry":{"type":"Polygon","coordinates":[[[-70.154146,43.6752692],[-70.1533227,43.6751845],[-70.1525025,43.6756089],[-70.1523866,43.6758283],[-70.1524935,43.676426],[-70.1538235,43.675556],[-70.1538123,43.6754502],[-70.1536259,43.6755383],[-70.1537945,43.6753869],[-70.154146,43.6752692]]]},"properties":{"objtype":"DEPARE","label":"shallow area","valsou":0.0,"depth_label":"0.0-1.8m","chart":"US5PWMDD"}},{"type":"Feature","geometry":{"type":"Polygon","coordinates":[[[-70.1686012,43.6786349],[-70.168262,43.6774992],[-70.1683938,43.676605],[-70.1688839,43.676296],[-70.1693451,43.6763402],[-70.1684258,43.6772085],[-70.1684232,43.6775394],[-70.1688692,43.6786155],[-70.1686012,43.6786349]]]},"properties":{"objtype":"DEPARE","label":"shallow area","valsou":0.0,"depth_label":"0.0-3.6m","chart":"US5PWMDD"}},{"type":"Feature","geometry":{"type":"Polygon","coordinates":[[[-70.1819503,43.672136],[-70.1816691,43.6728868],[-70.1817145,43.6734718],[-70.1824474,43.6738046],[-70.183196,43.6739066],[-70.1833669,43.6736651],[-70.1826391,43.6737364],[-70.1817763,43.6730733],[-70.1818458,43.6729074],[-70.181714,43.672803],[-70.1820053,43.6724236],[-70.1819503,43.672136]]]},"properties":{"objtype":"DEPARE","label":"shallow area","valsou":0.0,"depth_label":"0.0-5.4m","chart":"US5PWMDD"}},{"type":"Feature","geometry":{"type":"Polygon","coordinates":[[[-70.143381,43.6930007],[-70.1428808,43.6929664],[-70.1424971,43.6921041],[-70.1427445,43.6917678],[-70.1423596,43.6913542],[-70.1424679,43.691038],[-70.1433798,43.6905779],[-70.1440547,43.6905866],[-70.1445004,43.6901293],[-70.1453443,43.6902357],[-70.1458984,43.690084],[-70.1477874,43.6889801],[-70.1484977,43.6888942],[-70.1493742,43.6890861],[-70.1494699,43.6885286],[-70.1500014,43.6884774],[-70.1502368,43.6880653],[-70.1511726,43.6878067],[-70.1519635,43.6870171],[-70.1520109,43.6868316],[-70.1517166,43.6864907],[-70.1514773,43.685734],[-70.1515128,43.6854281],[-70.1530605,43.685591],[-70.1534666,43.6859791],[-70.153695,43.6859766],[-70.1538443,43.6862619],[-70.1541066,43.6862878],[-70.153453,43.686737],[-70.1531782,43.687214],[-70.1525999,43.6871556],[-70.1519183,43.6877866],[-70.1511878,43.6879482],[-70.1504971,43.6885477],[-70.1496235,43.6888388],[-70.1497208,43.6889606],[-70.1502781,43.6889022],[-70.1494573,43.6894214],[-70.1492833,43.6892354],[-70.1486505,43.6891024],[-70.1478162,43.6895994],[-70.1472966,43.6895976],[-70.1469506,43.6898582],[-70.1472325,43.6898989],[-70.1471041,43.6901003],[-70.1464448,43.6901881],[-70.1463141,43.6905768],[-70.1457113,43.6909081],[-70.145703,43.6907993],[-70.1455066,43.6908734],[-70.145607,43.6909851],[-70.1454823,43.6911803],[-70.145235,43.6910322],[-70.145082,43.6911498],[-70.1452454,43.6911935],[-70.1442846,43.691721],[-70.1444826,43.691994],[-70.1440745,43.6922323],[-70.1441686,43.6923629],[-70.1444606,43.6921959],[-70.1445439,43.6923656],[-70.1440487,43.6929905],[-70.1437398,43.6929637],[-70.143988,43.6925728],[-70.1437774,43.6924082],[-70.1433251,43.6927242],[-70.143381,43.6930007]],[[-70.142954,43.6915607],[-70.1433797,43.6912921],[-70.1435992,43.6907802],[-70.1433761,43.6907513],[-70.1428936,43.6910947],[-70.1428054,43.6914419],[-70.142954,43.6915607]],[[-70.1528155,43.6857239],[-70.1528148,43.6857833],[-70.1529245,43.6856789],[-70.1528155,43.6857239]],[[-70.1525059,43.6857621],[-70.1525004,43.6856364],[-70.152592,43.6856744],[-70.1525059,43.6857621]]]},"properties":{"objtype":"DEPARE","label":"shallow area","valsou":0.0,"depth_label":"0.0-5.4m","chart":"US5PWMDD"}},{"type":"Feature","geometry":{"type":"Polygon","coordinates":[[[-70.1686012,43.6786349],[-70.168262,43.6774992],[-70.1683938,43.676605],[-70.1676666,43.6770021],[-70.1676368,43.6772237],[-70.1681334,43.677483],[-70.1679897,43.6781037],[-70.1680926,43.6783788],[-70.1686012,43.6786349]]]},"properties":{"objtype":"DEPARE","label":"shallow area","valsou":0.0,"depth_label":"0.0-1.8m","chart":"US5PWMDD"}},{"type":"Feature","geometry":{"type":"Polygon","coordinates":[[[-70.1691814,43.6746985],[-70.1684447,43.6755057],[-70.1687248,43.6755851],[-70.1687319,43.6757328],[-70.169483,43.6756702],[-70.1692978,43.6758776],[-70.1693919,43.6759464],[-70.1688839,43.676296],[-70.1694861,43.676331],[-70.1696347,43.6755998],[-70.1691914,43.6752634],[-70.169267,43.6747004],[-70.1687708,43.6742324],[-70.1693426,43.673311],[-70.16934,43.672874],[-70.1698665,43.6723676],[-70.1696599,43.6720532],[-70.1688993,43.672055],[-70.1671865,43.6727845],[-70.1670128,43.6727004],[-70.1669731,43.6722607],[-70.1665115,43.6722268],[-70.1662919,43.6727489],[-70.1656451,43.6731629],[-70.1648643,43.6731958],[-70.164829,43.6737095],[-70.1645218,43.6739088],[-70.1645696,43.6742909],[-70.1652377,43.6742382],[-70.1653851,43.6745106],[-70.1652555,43.6747451],[-70.165298,43.6747423],[-70.1657874,43.6743381],[-70.1656478,43.6741514],[-70.1663199,43.6734785],[-70.1671106,43.6731019],[-70.1672675,43.6731853],[-70.1680684,43.672914],[-70.1686911,43.6724437],[-70.1692242,43.6722832],[-70.1693505,43.6723687],[-70.169127,43.6726264],[-70.1692402,43.6726767],[-70.1691529,43.6729935],[-70.1686893,43.673657],[-70.1682112,43.6740232],[-70.1681789,43.67447],[-70.1689723,43.6745285],[-70.1691814,43.6746985]],[[-70.1657808,43.6734773],[-70.1658445,43.6735761],[-70.1659774,43.6734681],[-70.1659463,43.6734533],[-70.1657808,43.6734773]]]},"properties":{"objtype":"DEPARE","label":"shallow area","valsou":0.0,"depth_label":"0.0-5.4m","chart":"US5PWMDD"}},{"type":"Feature","geometry":{"type":"Polygon","coordinates":[[[-70.1755487,43.6598266],[-70.1755613,43.6603094],[-70.1750928,43.6604447],[-70.1751583,43.6609713],[-70.1750097,43.6612127],[-70.1754428,43.661505],[-70.1750953,43.6616696],[-70.1754957,43.6618543],[-70.1756973,43.662169],[-70.1751306,43.6625329],[-70.1753834,43.6628849],[-70.1753119,43.6632917],[-70.1768987,43.6643559],[-70.1773546,43.6644199],[-70.1775611,43.6647015],[-70.1788937,43.6645629],[-70.1791506,43.6648262],[-70.1792487,43.6653926],[-70.1794678,43.665676],[-70.1796766,43.6652443],[-70.1794738,43.66519],[-70.1797674,43.6649317],[-70.1796951,43.664459],[-70.178918,43.6641878],[-70.1783652,43.6644243],[-70.1784362,43.6643011],[-70.1781456,43.6641517],[-70.1778679,43.6643092],[-70.1776205,43.664092],[-70.1773993,43.6642052],[-70.1774272,43.6640541],[-70.1771885,43.6641917],[-70.1770005,43.6637354],[-70.1765128,43.6639183],[-70.1763833,43.6637973],[-70.176316,43.6636987],[-70.1766177,43.6634201],[-70.1763078,43.6634507],[-70.1764567,43.6633139],[-70.1760966,43.6629652],[-70.1756308,43.6630377],[-70.1760878,43.6625828],[-70.1762311,43.6619565],[-70.1759871,43.6616072],[-70.1761916,43.6612566],[-70.1758753,43.6613649],[-70.1762371,43.6609902],[-70.1762197,43.6604159],[-70.1759402,43.6602215],[-70.176161,43.6600075],[-70.1758779,43.6600098],[-70.1759914,43.6597226],[-70.1764456,43.6594242],[-70.1764229,43.6591246],[-70.1769065,43.658373],[-70.1768909,43.658183],[-70.1766635,43.6583751],[-70.1764671,43.658224],[-70.1767135,43.6581736],[-70.1767863,43.6578945],[-70.1770383,43.6577275],[-70.176911,43.6580463],[-70.1770702,43.6580208],[-70.1775448,43.6573386],[-70.1779523,43.657048],[-70.1779311,43.6565513],[-70.1775946,43.6568229],[-70.17743,43.6567505],[-70.1778363,43.6563214],[-70.177721,43.6562112],[-70.1781011,43.6559655],[-70.178234,43.6556871],[-70.1781353,43.6555987],[-70.1784365,43.6553733],[-70.1785605,43.6554803],[-70.178904,43.6553396],[-70.1784151,43.6553048],[-70.1773621,43.6557542],[-70.1775264,43.6562299],[-70.1774503,43.6565735],[-70.1773722,43.6570873],[-70.1758912,43.6578791],[-70.1759088,43.6581699],[-70.1764074,43.6584403],[-70.1764743,43.6589642],[-70.1759605,43.6588947],[-70.1760159,43.6592512],[-70.1755487,43.6598266]],[[-70.1760316,43.6608911],[-70.1757776,43.6610555],[-70.1756539,43.6611714],[-70.1760316,43.6608911]],[[-70.1754918,43.6611388],[-70.1754302,43.6610681],[-70.1755154,43.6610965],[-70.1754918,43.6611388]],[[-70.1756388,43.6608092],[-70.1757659,43.6608678],[-70.1758614,43.6607256],[-70.1757685,43.66071],[-70.1756388,43.6608092]],[[-70.1759706,43.6596701],[-70.1760504,43.6595701],[-70.1760386,43.6595407],[-70.1759562,43.6595652],[-70.1759706,43.6596701]],[[-70.1771123,43.6575524],[-70.1770166,43.6575377],[-70.176976,43.6576311],[-70.1771123,43.6575524]]]},"properties":{"objtype":"DEPARE","label":"shallow area","valsou":0.0,"depth_label":"0.0-1.8m","chart":"US5PWMDD"}},{"type":"Feature","geometry":{"type":"Polygon","coordinates":[[[-70.1910719,43.6829125],[-70.1905672,43.6836684],[-70.1914986,43.6837601],[-70.1917868,43.6842205],[-70.1921483,43.6842533],[-70.1922767,43.6840755],[-70.1920368,43.6839788],[-70.1922875,43.68377],[-70.1924537,43.6832927],[-70.1915775,43.6828546],[-70.1910719,43.6829125]]]},"properties":{"objtype":"DEPARE","label":"shallow area","valsou":0.0,"depth_label":"0.0-1.8m","chart":"US5PWMDD"}},{"type":"Feature","geometry":{"type":"Polygon","coordinates":[[[-70.1629362,43.6921193],[-70.1617821,43.6925302],[-70.161179,43.6930475],[-70.1612148,43.6931964],[-70.1625546,43.6926609],[-70.1629362,43.6921193]]]},"properties":{"objtype":"DEPARE","label":"shallow area","valsou":0.0,"depth_label":"0.0-1.8m","chart":"US5PWMDD"}},{"type":"Feature","geometry":{"type":"Polygon","coordinates":[[[-70.1901414,43.6879424],[-70.1895077,43.6880855],[-70.1895225,43.6882197],[-70.1904804,43.6885365],[-70.1909412,43.6888873],[-70.1910096,43.6883669],[-70.1901414,43.6879424]]]},"properties":{"objtype":"DEPARE","label":"shallow area","valsou":0.0,"depth_label":"0.0-1.8m","chart":"US5PWMDD"}},{"type":"Feature","geometry":{"type":"Polygon","coordinates":[[[-70.1579509,43.7118018],[-70.1576129,43.7119425],[-70.1577212,43.7122293],[-70.1581771,43.7121416],[-70.1581436,43.7119104],[-70.1579509,43.7118018]]]},"properties":{"objtype":"DEPARE","label":"shallow area","valsou":0.0,"depth_label":"0.0-1.8m","chart":"US5PWMDD"}},{"type":"Feature","geometry":{"type":"Polygon","coordinates":[[[-70.1566085,43.7130195],[-70.1569178,43.7129852],[-70.157051,43.7126889],[-70.1566382,43.7126605],[-70.1565022,43.7128724],[-70.1566085,43.7130195]]]},"properties":{"objtype":"DEPARE","label":"shallow area","valsou":0.0,"depth_label":"0.0-1.8m","chart":"US5PWMDD"}},{"type":"Feature","geometry":{"type":"Polygon","coordinates":[[[-70.1974312,43.7173197],[-70.1983203,43.7167327],[-70.1982246,43.7164915],[-70.1978972,43.716497],[-70.1973532,43.7169428],[-70.1972205,43.7172481],[-70.1974312,43.7173197]]]},"properties":{"objtype":"DEPARE","label":"shallow area","valsou":0.0,"depth_label":"0.0-1.8m","chart":"US5PWMDD"}},{"type":"Feature","geometry":{"type":"Polygon","coordinates":[[[-70.1360282,43.6933321],[-70.1361932,43.6930068],[-70.1360203,43.693004],[-70.1361334,43.6925714],[-70.137326,43.6927893],[-70.1372391,43.693063],[-70.1366561,43.6933751],[-70.1368415,43.6931786],[-70.136342,43.6931458],[-70.1360282,43.6933321]]]},"properties":{"objtype":"DEPARE","label":"shallow area","valsou":0.0,"depth_label":"0.0-1.8m","chart":"US5PWMDD"}},{"type":"Feature","geometry":{"type":"Polygon","coordinates":[[[-70.1965673,43.7175146],[-70.1961945,43.7177009],[-70.1959502,43.7174305],[-70.1963381,43.7171821],[-70.1965724,43.7172825],[-70.1965673,43.7175146]]]},"properties":{"objtype":"DEPARE","label":"shallow area","valsou":0.0,"depth_label":"0.0-1.8m","chart":"US5PWMDD"}},{"type":"Feature","geometry":{"type":"Polygon","coordinates":[[[-70.1938384,43.7169805],[-70.1933125,43.7167883],[-70.19276,43.7169282],[-70.1922039,43.7179926],[-70.1918387,43.7183108],[-70.1921117,43.7184974],[-70.1924971,43.7183384],[-70.1932225,43.7175584],[-70.1936784,43.7173848],[-70.1938384,43.7169805]]]},"properties":{"objtype":"DEPARE","label":"shallow area","valsou":0.0,"depth_label":"0.0-1.8m","chart":"US5PWMDD"}},{"type":"Feature","geometry":{"type":"Polygon","coordinates":[[[-70.1257565,43.65],[-70.125,43.65],[-70.125,43.6509199],[-70.1257386,43.6507579],[-70.125784,43.6504928],[-70.1255548,43.6502495],[-70.1257565,43.65]]]},"properties":{"objtype":"DEPARE","label":"shallow area","valsou":0.0,"depth_label":"0.0-1.8m","chart":"US5PWMDD"}},{"type":"Feature","geometry":{"type":"Polygon","coordinates":[[[-70.1408479,43.7222167],[-70.139706,43.7227193],[-70.1396435,43.7224933],[-70.1391505,43.7226848],[-70.1390788,43.7228702],[-70.1391976,43.7229449],[-70.1386311,43.7235083],[-70.1387509,43.7241471],[-70.1389944,43.7244165],[-70.1395937,43.7246718],[-70.1392719,43.725],[-70.1397854,43.725],[-70.140055,43.7236377],[-70.1407854,43.7225344],[-70.1417476,43.7218166],[-70.142012,43.7206493],[-70.1425687,43.719809],[-70.1432386,43.7191495],[-70.1447599,43.7182014],[-70.1474422,43.7173908],[-70.1483672,43.7173486],[-70.1493162,43.717607],[-70.149752,43.7179932],[-70.1501449,43.7178616],[-70.1525164,43.7158417],[-70.1526611,43.7150519],[-70.1531195,43.7144564],[-70.1552032,43.7138166],[-70.1552818,43.7136123],[-70.1558317,43.7137303],[-70.1561525,43.7135528],[-70.1557314,43.7132458],[-70.1555703,43.7127336],[-70.155676,43.7122129],[-70.1564065,43.7111971],[-70.1564258,43.7109357],[-70.1556407,43.7115821],[-70.1537566,43.7125882],[-70.1537153,43.7127836],[-70.1532249,43.7130466],[-70.1531505,43.7133376],[-70.1524054,43.713736],[-70.1521461,43.7137218],[-70.151936,43.7139937],[-70.1492164,43.7151067],[-70.1485379,43.7155049],[-70.1484561,43.7158741],[-70.1482491,43.7159178],[-70.1479012,43.715457],[-70.1475594,43.7153238],[-70.1468716,43.7152824],[-70.1441367,43.7158166],[-70.1418498,43.7167914],[-70.1412961,43.717688],[-70.1409266,43.7196117],[-70.1412209,43.7201685],[-70.141153,43.7205327],[-70.1413856,43.7209726],[-70.1413704,43.7215123],[-70.1408479,43.7222167]]]},"properties":{"objtype":"DEPARE","label":"shallow area","valsou":0.0,"depth_label":"0.0-1.8m","chart":"US5PWMDD"}},{"type":"Feature","geometry":{"type":"Polygon","coordinates":[[[-70.1527711,43.684963],[-70.1521146,43.6850869],[-70.1520239,43.6854872],[-70.1524327,43.6855],[-70.1527711,43.684963]]]},"properties":{"objtype":"DEPARE","label":"shallow area","valsou":0.0,"depth_label":"0.0-1.8m","chart":"US5PWMDD"}},{"type":"Feature","geometry":{"type":"Polygon","coordinates":[[[-70.1828692,43.6928716],[-70.183366,43.69239],[-70.1832011,43.6922098],[-70.1826898,43.692193],[-70.1825023,43.6923817],[-70.1821448,43.6922622],[-70.1824928,43.6920635],[-70.1818656,43.692204],[-70.1819109,43.6924983],[-70.1828692,43.6928716]]]},"properties":{"objtype":"DEPARE","label":"shallow area","valsou":0.0,"depth_label":"0.0-1.8m","chart":"US5PWMDD"}},{"type":"Feature","geometry":{"type":"Polygon","coordinates":[[[-70.1944239,43.6888649],[-70.1949181,43.6885935],[-70.1957075,43.6884605],[-70.1958619,43.6885737],[-70.1955893,43.6891472],[-70.1944239,43.6888649]]]},"properties":{"objtype":"DEPARE","label":"shallow area","valsou":0.0,"depth_label":"0.0-1.8m","chart":"US5PWMDD"}},{"type":"Feature","geometry":{"type":"Polygon","coordinates":[[[-70.1932151,43.6899781],[-70.1924389,43.689778],[-70.1920966,43.6894839],[-70.1922789,43.6893059],[-70.1920913,43.6892255],[-70.192136,43.689078],[-70.1929055,43.6885156],[-70.1937247,43.6886311],[-70.1925953,43.6890093],[-70.1927666,43.6894498],[-70.1933509,43.689797],[-70.1932151,43.6899781]]]},"properties":{"objtype":"DEPARE","label":"shallow area","valsou":0.0,"depth_label":"0.0-1.8m","chart":"US5PWMDD"}},{"type":"Feature","geometry":{"type":"Polygon","coordinates":[[[-70.1919068,43.6893602],[-70.1918883,43.6892325],[-70.1917076,43.6892237],[-70.1919068,43.6893602]]]},"properties":{"objtype":"DEPARE","label":"shallow area","valsou":0.0,"depth_label":"0.0-1.8m","chart":"US5PWMDD"}},{"type":"Feature","geometry":{"type":"Polygon","coordinates":[[[-70.1431285,43.6929574],[-70.1417519,43.6931548],[-70.1404756,43.6939384],[-70.140259,43.6947553],[-70.1403104,43.6957384],[-70.1399628,43.6962401],[-70.140055,43.6966669],[-70.1423059,43.6947952],[-70.1428667,43.6946087],[-70.1435765,43.6940934],[-70.1434777,43.6940125],[-70.1437373,43.6938599],[-70.1436379,43.6933621],[-70.1438178,43.6932293],[-70.143619,43.6930967],[-70.1435579,43.6933102],[-70.1435301,43.6931673],[-70.1431922,43.6931915],[-70.1431285,43.6929574]],[[-70.1405311,43.6947183],[-70.1404736,43.6951726],[-70.140755,43.6948741],[-70.1411874,43.6948184],[-70.1412734,43.6945886],[-70.1409231,43.6944945],[-70.1407759,43.6946525],[-70.1409583,43.6946453],[-70.1407707,43.6947807],[-70.140622,43.694446],[-70.1403629,43.6946408],[-70.1405311,43.6947183]],[[-70.1419285,43.6939365],[-70.1418702,43.6935916],[-70.1423373,43.6933463],[-70.1424964,43.6934115],[-70.1424788,43.6935933],[-70.1419285,43.6939365]],[[-70.1427783,43.6933507],[-70.1429651,43.6933295],[-70.1430225,43.6933884],[-70.1429856,43.6934096],[-70.1427783,43.6933507]]]},"properties":{"objtype":"DEPARE","label":"shallow area","valsou":0.0,"depth_label":"0.0-3.6m","chart":"US5PWMDD"}},{"type":"Feature","geometry":{"type":"Polygon","coordinates":[[[-70.144176,43.7121372],[-70.143959,43.7126989],[-70.1433344,43.7133328],[-70.1406519,43.7153022],[-70.1384002,43.7163271],[-70.136962,43.7173118],[-70.1348952,43.7179526],[-70.1326563,43.718009],[-70.131878,43.7181126],[-70.131799,43.7182307],[-70.1328205,43.7181445],[-70.1330805,43.71828],[-70.1335699,43.718226],[-70.1336623,43.7184125],[-70.1342049,43.7185852],[-70.1350103,43.7184285],[-70.135162,43.7185616],[-70.1354833,43.718444],[-70.1358471,43.7185659],[-70.1382737,43.71771],[-70.1384211,43.7179809],[-70.1385548,43.7174745],[-70.1389048,43.7176023],[-70.1393319,43.717079],[-70.1391278,43.7168602],[-70.1399026,43.7163543],[-70.1399972,43.7157745],[-70.1409306,43.7151306],[-70.1424183,43.7144299],[-70.1436814,43.7134847],[-70.1438044,43.7130899],[-70.1444341,43.7125481],[-70.1444118,43.7121879],[-70.144176,43.7121372]]]},"properties":{"objtype":"DEPARE","label":"shallow area","valsou":0.0,"depth_label":"0.0-1.8m","chart":"US5PWMDD"}},{"type":"Feature","geometry":{"type":"Polygon","coordinates":[[[-70.1567833,43.7105686],[-70.1572981,43.7106636],[-70.1573771,43.7102995],[-70.1571658,43.7099619],[-70.1550388,43.7098894],[-70.1532052,43.7102342],[-70.152243,43.7101319],[-70.1506991,43.7092896],[-70.1495013,43.7077817],[-70.1489788,43.7078773],[-70.1471764,43.7076648],[-70.1456621,43.7077592],[-70.1452511,43.7080125],[-70.1449312,43.7086118],[-70.1449715,43.7107147],[-70.1442487,43.7119025],[-70.1448993,43.7116523],[-70.1454861,43.7104229],[-70.1457463,43.7090991],[-70.145202,43.708547],[-70.146085,43.7079718],[-70.1461723,43.7082158],[-70.1467205,43.7084138],[-70.1475849,43.7081836],[-70.1480207,43.7084102],[-70.1491013,43.7081274],[-70.1493767,43.708752],[-70.1502336,43.7096801],[-70.1510311,43.7099068],[-70.151685,43.710408],[-70.1525354,43.7107015],[-70.1531898,43.7107503],[-70.1545214,43.7101396],[-70.1551586,43.7100469],[-70.1561831,43.7101985],[-70.1565478,43.7104423],[-70.1568314,43.7104206],[-70.1567833,43.7105686]]]},"properties":{"objtype":"DEPARE","label":"shallow area","valsou":0.0,"depth_label":"0.0-1.8m","chart":"US5PWMDD"}},{"type":"Feature","geometry":{"type":"Polygon","coordinates":[[[-70.1879506,43.6796896],[-70.1874571,43.6806762],[-70.1879256,43.6812612],[-70.1881233,43.6813114],[-70.1882073,43.6808542],[-70.1877873,43.680485],[-70.1880384,43.6804223],[-70.1886622,43.6795579],[-70.1883759,43.6794326],[-70.1879506,43.6796896]]]},"properties":{"objtype":"DEPARE","label":"shallow area","valsou":0.0,"depth_label":"0.0-1.8m","chart":"US5PWMDD"}},{"type":"Feature","geometry":{"type":"Polygon","coordinates":[[[-70.1608699,43.6932951],[-70.1607919,43.6930579],[-70.160474,43.6931211],[-70.1605094,43.6932364],[-70.1601191,43.6934874],[-70.1601589,43.6932684],[-70.1589913,43.6934285],[-70.1555283,43.6948093],[-70.1543711,43.6957477],[-70.1542629,43.6960135],[-70.1544673,43.6961602],[-70.1539451,43.6962298],[-70.1540034,43.6963835],[-70.1536941,43.6965702],[-70.153804,43.6967926],[-70.1536169,43.6970023],[-70.1527552,43.6971107],[-70.1523588,43.6975398],[-70.1524931,43.6976786],[-70.1529605,43.6976388],[-70.1530678,43.6978047],[-70.1528203,43.6979497],[-70.1530062,43.6979442],[-70.1541245,43.696877],[-70.1550901,43.695632],[-70.1556005,43.6956069],[-70.155938,43.695256],[-70.1570866,43.6946302],[-70.1580316,43.6946675],[-70.1583799,43.6943734],[-70.1608699,43.6932951]],[[-70.1581156,43.6941504],[-70.1582759,43.6940001],[-70.1585043,43.6939844],[-70.1584189,43.6941001],[-70.1581156,43.6941504]]]},"properties":{"objtype":"DEPARE","label":"shallow area","valsou":0.0,"depth_label":"0.0-1.8m","chart":"US5PWMDD"}},{"type":"Feature","geometry":{"type":"Polygon","coordinates":[[[-70.1931713,43.6742923],[-70.1925072,43.674523],[-70.1925759,43.6749969],[-70.1928435,43.6746323],[-70.1931713,43.6742923]]]},"properties":{"objtype":"DEPARE","label":"shallow area","valsou":0.0,"depth_label":"0.0-1.8m","chart":"US5PWMDD"}},{"type":"Feature","geometry":{"type":"Polygon","coordinates":[[[-70.1362993,43.7034064],[-70.1348385,43.7028623],[-70.1355302,43.703569],[-70.1361081,43.7047421],[-70.1354816,43.706736],[-70.1343753,43.7081148],[-70.1346448,43.7087232],[-70.1352568,43.7088091],[-70.1362661,43.7084254],[-70.1371736,43.7087104],[-70.1379847,43.7081458],[-70.1388574,43.7085554],[-70.1396243,43.7084967],[-70.1411582,43.7076215],[-70.1419297,43.7068334],[-70.1418917,43.7061233],[-70.1416037,43.7067413],[-70.1412938,43.7070278],[-70.1403598,43.7069415],[-70.1396756,43.7073434],[-70.1388136,43.7070426],[-70.1386253,43.7065921],[-70.1387582,43.706325],[-70.1384409,43.7060709],[-70.1378163,43.706635],[-70.1375106,43.7067187],[-70.1381786,43.706005],[-70.1381018,43.7053357],[-70.138257,43.7050927],[-70.1382482,43.7046338],[-70.1378948,43.7040458],[-70.1369441,43.7038705],[-70.136565,43.7039975],[-70.1361765,43.7037274],[-70.1362993,43.7034064]],[[-70.1360592,43.707891],[-70.1349053,43.7086127],[-70.1346733,43.7085492],[-70.1354103,43.7072593],[-70.1361211,43.7072275],[-70.136172,43.7070243],[-70.1364144,43.7070772],[-70.1368022,43.7068094],[-70.1372011,43.70676],[-70.1366729,43.7070367],[-70.1360592,43.707891]]]},"properties":{"objtype":"DEPARE","label":"shallow area","valsou":0.0,"depth_label":"0.0-1.8m","chart":"US5PWMDD"}},{"type":"Feature","geometry":{"type":"Polygon","coordinates":[[[-70.1735841,43.6795117],[-70.1736257,43.6794653],[-70.1736448,43.6795046],[-70.1735841,43.6795117]]]},"properties":{"objtype":"DEPARE","label":"shallow area","valsou":0.0,"depth_label":"0.0-1.8m","chart":"US5PWMDD"}},{"type":"Feature","geometry":{"type":"Polygon","coordinates":[[[-70.187287,43.6875101],[-70.186558,43.6874758],[-70.1865604,43.6874367],[-70.1868564,43.6874337],[-70.1873513,43.687138],[-70.1878835,43.6864343],[-70.1874048,43.6863633],[-70.1871881,43.686004],[-70.1880993,43.6863146],[-70.1881783,43.6865622],[-70.1878501,43.6867977],[-70.1877821,43.6872547],[-70.187287,43.6875101]]]},"properties":{"objtype":"DEPARE","label":"shallow area","valsou":0.0,"depth_label":"0.0-1.8m","chart":"US5PWMDD"}},{"type":"Feature","geometry":{"type":"Polygon","coordinates":[[[-70.1900734,43.7168239],[-70.1902454,43.7176223],[-70.1897618,43.7184444],[-70.1872355,43.7199624],[-70.1864874,43.720863],[-70.1857117,43.7212211],[-70.1856682,43.72242],[-70.185842,43.7226424],[-70.1859992,43.7226431],[-70.1857469,43.7222179],[-70.1859319,43.7221559],[-70.1860114,43.7215997],[-70.1865149,43.7211979],[-70.1872868,43.7208864],[-70.1876893,43.7202268],[-70.1901206,43.7185683],[-70.190828,43.7171718],[-70.1906021,43.7168134],[-70.1900734,43.7168239]]]},"properties":{"objtype":"DEPARE","label":"shallow area","valsou":0.0,"depth_label":"0.0-1.8m","chart":"US5PWMDD"}},{"type":"Feature","geometry":{"type":"Polygon","coordinates":[[[-70.1519268,43.6985507],[-70.1520919,43.698678],[-70.151765,43.6986143],[-70.1513278,43.6990504],[-70.1508675,43.6989941],[-70.149777,43.6995611],[-70.1495166,43.6995438],[-70.1497809,43.6994679],[-70.1497421,43.6992026],[-70.149679,43.6989708],[-70.1493954,43.6988419],[-70.1486482,43.6991801],[-70.148598,43.6989559],[-70.14839,43.6990447],[-70.148359,43.6992783],[-70.1475267,43.6997752],[-70.1475289,43.700279],[-70.1473338,43.7006725],[-70.1466123,43.7007012],[-70.1460084,43.7010116],[-70.1459952,43.7012175],[-70.145598,43.7016269],[-70.1457444,43.7018181],[-70.145219,43.7024111],[-70.1451778,43.7026876],[-70.1455587,43.7029501],[-70.1458565,43.7027641],[-70.1461906,43.7030352],[-70.1465533,43.7028397],[-70.1466817,43.7022495],[-70.1469435,43.7020839],[-70.1482811,43.7021526],[-70.148528,43.7017801],[-70.1484977,43.7014564],[-70.1489006,43.7010593],[-70.1487269,43.7007849],[-70.1481123,43.7010654],[-70.1478227,43.700974],[-70.1479663,43.700678],[-70.1484169,43.7003655],[-70.1483598,43.6999685],[-70.1486644,43.6999322],[-70.1490392,43.7001188],[-70.1506841,43.6995614],[-70.1511076,43.6996288],[-70.1512495,43.6993071],[-70.1521599,43.6986533],[-70.1519268,43.6985507]],[[-70.1462845,43.7022286],[-70.1461592,43.7024317],[-70.1463779,43.7027288],[-70.1464886,43.7025887],[-70.1462845,43.7022286]],[[-70.1483179,43.7020021],[-70.1482831,43.7019876],[-70.148289,43.7019141],[-70.1483179,43.7020021]],[[-70.1482566,43.7011497],[-70.148049,43.7013735],[-70.1481718,43.701521],[-70.1484478,43.701242],[-70.1482566,43.7011497]],[[-70.1471565,43.7008992],[-70.1470522,43.700913],[-70.1471144,43.7009604],[-70.1471565,43.7008992]],[[-70.1481171,43.7002833],[-70.1480792,43.7003613],[-70.1481913,43.7003199],[-70.1481171,43.7002833]],[[-70.1507299,43.6993154],[-70.1508934,43.6992075],[-70.1510594,43.6992444],[-70.1507299,43.6993154]]]},"properties":{"objtype":"DEPARE","label":"shallow area","valsou":0.0,"depth_label":"0.0-1.8m","chart":"US5PWMDD"}},{"type":"Feature","geometry":{"type":"Polygon","coordinates":[[[-70.1982107,43.6500976],[-70.1979707,43.6501819],[-70.1984466,43.6506281],[-70.1983335,43.6510742],[-70.1981016,43.6512467],[-70.197929,43.6510207],[-70.1976468,43.6511339],[-70.1977921,43.6511575],[-70.1977696,43.6513832],[-70.1980544,43.651669],[-70.1984437,43.6519551],[-70.1996953,43.6516603],[-70.2,43.6517397],[-70.2,43.65],[-70.1996475,43.65],[-70.1993354,43.6504856],[-70.1988167,43.6503327],[-70.1982887,43.6503882],[-70.1982107,43.6500976]]]},"properties":{"objtype":"DEPARE","label":"shallow area","valsou":0.0,"depth_label":"0.0-1.8m","chart":"US5PWMDD"}},{"type":"Feature","geometry":{"type":"Polygon","coordinates":[[[-70.2,43.6538149],[-70.1993141,43.6546201],[-70.1994066,43.6554011],[-70.1998943,43.6553449],[-70.2,43.6538149]]]},"properties":{"objtype":"DEPARE","label":"shallow area","valsou":0.0,"depth_label":"0.0-1.8m","chart":"US5PWMDD"}},{"type":"Feature","geometry":{"type":"Polygon","coordinates":[[[-70.165298,43.6747423],[-70.1654633,43.6748832],[-70.165188,43.6750636],[-70.1651689,43.6752641],[-70.1656592,43.6753749],[-70.1656366,43.6755314],[-70.1660437,43.6752938],[-70.1666694,43.6751976],[-70.1673083,43.6747156],[-70.1677398,43.6746528],[-70.1680302,43.6754564],[-70.1667538,43.6761713],[-70.1668166,43.6763149],[-70.1665386,43.6763716],[-70.1666466,43.6764559],[-70.1665326,43.6766923],[-70.1661961,43.6767145],[-70.1660277,43.67686],[-70.1662226,43.6768904],[-70.1658814,43.676944],[-70.1659826,43.6769014],[-70.1657861,43.6762616],[-70.1669149,43.6756176],[-70.1666152,43.6754476],[-70.165368,43.6757936],[-70.1648038,43.675066],[-70.165298,43.6747423]]]},"properties":{"objtype":"DEPARE","label":"shallow area","valsou":0.0,"depth_label":"0.0-1.8m","chart":"US5PWMDD"}},{"type":"Feature","geometry":{"type":"Polygon","coordinates":[[[-70.1623903,43.6785186],[-70.1627209,43.6783309],[-70.1628498,43.677822],[-70.1616781,43.6778465],[-70.1614162,43.6776728],[-70.1614141,43.6773504],[-70.1602777,43.6778063],[-70.159706,43.677777],[-70.1595473,43.6779726],[-70.159674,43.6784132],[-70.1598481,43.6781959],[-70.1600898,43.6782565],[-70.1604343,43.6780922],[-70.161065,43.678242],[-70.1612021,43.6780087],[-70.1615433,43.6779895],[-70.161468,43.6780932],[-70.1616972,43.678052],[-70.1616972,43.678156],[-70.1625187,43.6781713],[-70.1623446,43.678464],[-70.1623903,43.6785186]]]},"properties":{"objtype":"DEPARE","label":"shallow area","valsou":0.0,"depth_label":"0.0-1.8m","chart":"US5PWMDD"}},{"type":"Feature","geometry":{"type":"Polygon","coordinates":[[[-70.1682112,43.6740232],[-70.1681789,43.67447],[-70.1690126,43.6745377],[-70.1691864,43.674726],[-70.168723,43.6750642],[-70.1684447,43.6755057],[-70.1683104,43.6752117],[-70.1684363,43.6751642],[-70.1684564,43.6748148],[-70.1683016,43.6748249],[-70.1683574,43.6749967],[-70.1682399,43.6750264],[-70.168204,43.6745817],[-70.1680249,43.6746443],[-70.1678521,43.6744416],[-70.1682112,43.6740232]]]},"properties":{"objtype":"DEPARE","label":"shallow area","valsou":0.0,"depth_label":"0.0-1.8m","chart":"US5PWMDD"}},{"type":"Feature","geometry":{"type":"Polygon","coordinates":[[[-70.1873549,43.65159],[-70.1863318,43.6513484],[-70.186689,43.6505879],[-70.1882565,43.6501387],[-70.1890982,43.6503469],[-70.1894551,43.6501715],[-70.189592,43.6506503],[-70.1903207,43.6508615],[-70.191091,43.6503707],[-70.1912706,43.6514984],[-70.1911197,43.6518798],[-70.1906096,43.6522158],[-70.1902497,43.6522581],[-70.1898029,43.6520206],[-70.1901792,43.6513875],[-70.1898804,43.6514027],[-70.189719,43.6510948],[-70.1898503,43.6509977],[-70.1897924,43.650826],[-70.1887721,43.6512295],[-70.1886459,43.6511871],[-70.1886863,43.6509661],[-70.188154,43.6509308],[-70.1877801,43.6512366],[-70.1881417,43.6515688],[-70.1875941,43.6513611],[-70.1873549,43.65159]],[[-70.1904196,43.6510951],[-70.1905863,43.6510194],[-70.1906966,43.6512021],[-70.190523,43.6513534],[-70.1905823,43.6511609],[-70.1904196,43.6510951]],[[-70.1909257,43.6509369],[-70.1907473,43.6508762],[-70.1909179,43.65107],[-70.1909257,43.6509369]],[[-70.188648,43.6508558],[-70.1887657,43.6508955],[-70.1890572,43.650801],[-70.1888339,43.6507155],[-70.188648,43.6508558]],[[-70.1881227,43.6506374],[-70.1871317,43.6509485],[-70.1871377,43.651119],[-70.1866577,43.6511093],[-70.187758,43.6504967],[-70.1879933,43.6504395],[-70.1879787,43.6506047],[-70.1881227,43.6506374]],[[-70.1871195,43.6506499],[-70.1867246,43.6507387],[-70.1866415,43.6508142],[-70.1871195,43.6506499]]]},"properties":{"objtype":"DEPARE","label":"shallow area","valsou":0.0,"depth_label":"0.0-1.8m","chart":"US5PWMDD"}},{"type":"Feature","geometry":{"type":"Polygon","coordinates":[[[-70.1932818,43.65],[-70.1930746,43.6503369],[-70.1925421,43.6505124],[-70.1925689,43.6507593],[-70.1930436,43.6507177],[-70.1932552,43.6508805],[-70.1934093,43.6508786],[-70.1927632,43.6505475],[-70.1931246,43.650598],[-70.1930055,43.650474],[-70.1932417,43.650345],[-70.1944701,43.65],[-70.1932818,43.65]]]},"properties":{"objtype":"DEPARE","label":"shallow area","valsou":0.0,"depth_label":"0.0-1.8m","chart":"US5PWMDD"}},{"type":"Feature","geometry":{"type":"Polygon","coordinates":[[[-70.2,43.6584187],[-70.199585,43.6571885],[-70.1994723,43.6572255],[-70.1994114,43.6575138],[-70.2,43.6599856],[-70.2,43.6584187]]]},"properties":{"objtype":"DEPARE","label":"shallow area","valsou":0.0,"depth_label":"0.0-1.8m","chart":"US5PWMDD"}},{"type":"Feature","geometry":{"type":"Polygon","coordinates":[[[-70.1547038,43.6800054],[-70.1544847,43.6801937],[-70.1548197,43.6807018],[-70.1547592,43.6810071],[-70.1533652,43.681244],[-70.1537799,43.6818182],[-70.1544593,43.6818217],[-70.1551009,43.6815506],[-70.1555644,43.6810859],[-70.1555926,43.6804581],[-70.1569999,43.6806266],[-70.157631,43.6804478],[-70.1576274,43.6801659],[-70.1560758,43.6796829],[-70.1553309,43.6791059],[-70.1548772,43.6790899],[-70.1553633,43.678475],[-70.1545664,43.6790303],[-70.15475,43.6792861],[-70.1545894,43.6794685],[-70.1547355,43.679787],[-70.1542615,43.6796283],[-70.1541882,43.6796702],[-70.1547038,43.6800054]]]},"properties":{"objtype":"DEPARE","label":"shallow area","valsou":0.0,"depth_label":"0.0-1.8m","chart":"US5PWMDD"}},{"type":"Feature","geometry":{"type":"Polygon","coordinates":[[[-70.1261759,43.7160362],[-70.1257408,43.716552],[-70.1259424,43.7166224],[-70.1257764,43.71704],[-70.1251042,43.7176963],[-70.1251969,43.7180032],[-70.1254642,43.7182153],[-70.1255066,43.7184921],[-70.1263705,43.7192075],[-70.1268782,43.7195025],[-70.128365,43.7198796],[-70.1288975,43.7194935],[-70.1287762,43.719261],[-70.1272045,43.7189767],[-70.1264791,43.7190034],[-70.1262676,43.7188499],[-70.1262424,43.7184462],[-70.1265522,43.7178773],[-70.1261719,43.7169957],[-70.1264653,43.7161299],[-70.1261759,43.7160362]]]},"properties":{"objtype":"DEPARE","label":"shallow area","valsou":0.0,"depth_label":"0.0-1.8m","chart":"US5PWMDD"}},{"type":"Feature","geometry":{"type":"Polygon","coordinates":[[[-70.126146,43.7142237],[-70.125775,43.7141287],[-70.1259088,43.7137147],[-70.1263485,43.7136648],[-70.1272446,43.7141079],[-70.1273078,43.7143358],[-70.127071,43.7151086],[-70.1266968,43.7149343],[-70.1268869,43.7147705],[-70.1267082,43.7145623],[-70.1268894,43.7141431],[-70.1266621,43.7141258],[-70.1267103,43.7139947],[-70.126146,43.7142237]]]},"properties":{"objtype":"DEPARE","label":"shallow area","valsou":0.0,"depth_label":"0.0-1.8m","chart":"US5PWMDD"}},{"type":"Feature","geometry":{"type":"Polygon","coordinates":[[[-70.1441751,43.7045321],[-70.142675,43.705304],[-70.1432034,43.7053174],[-70.144367,43.7046542],[-70.1452687,43.7036857],[-70.1455781,43.7029842],[-70.1451492,43.7032234],[-70.1450119,43.7036725],[-70.1451379,43.7037849],[-70.1441751,43.7045321]]]},"properties":{"objtype":"DEPARE","label":"shallow area","valsou":0.0,"depth_label":"0.0-1.8m","chart":"US5PWMDD"}},{"type":"Feature","geometry":{"type":"Polygon","coordinates":[[[-70.1900937,43.7212453],[-70.1901802,43.7215164],[-70.1898885,43.7217471],[-70.1900835,43.7219284],[-70.1896813,43.7220671],[-70.1893148,43.7224527],[-70.189163,43.7221776],[-70.1886766,43.7220905],[-70.1882822,43.7223951],[-70.1880037,43.7223301],[-70.1871106,43.7230563],[-70.1872103,43.7231519],[-70.1878152,43.7229153],[-70.1891793,43.7231227],[-70.1895166,43.7233727],[-70.189525,43.7239885],[-70.1898018,43.7242216],[-70.1898594,43.7238426],[-70.1903016,43.7235734],[-70.1906941,43.7235431],[-70.1902025,43.7230824],[-70.1900338,43.7225892],[-70.191014,43.7214267],[-70.1904347,43.7214652],[-70.1900937,43.7212453]],[[-70.1905289,43.721769],[-70.1903022,43.7217882],[-70.1904067,43.7218764],[-70.1905289,43.721769]],[[-70.1888215,43.7222392],[-70.188719,43.7223],[-70.1887568,43.7223372],[-70.1888215,43.7222392]]]},"properties":{"objtype":"DEPARE","label":"shallow area","valsou":0.0,"depth_label":"0.0-1.8m","chart":"US5PWMDD"}},{"type":"Feature","geometry":{"type":"Polygon","coordinates":[[[-70.1998781,43.6555185],[-70.1994808,43.6555745],[-70.1993472,43.6566146],[-70.1996179,43.6568595],[-70.1998781,43.6555185]]]},"properties":{"objtype":"DEPARE","label":"shallow area","valsou":0.0,"depth_label":"0.0-1.8m","chart":"US5PWMDD"}},{"type":"Feature","geometry":{"type":"Polygon","coordinates":[[[-70.1796399,43.666073],[-70.1795337,43.6655883],[-70.1802492,43.6654554],[-70.180421,43.6655153],[-70.1804138,43.6656978],[-70.1809484,43.6655391],[-70.1810951,43.6656404],[-70.1810177,43.6657885],[-70.181431,43.6658023],[-70.181414,43.6661358],[-70.1823006,43.6658122],[-70.1825573,43.665914],[-70.1821794,43.6662384],[-70.1823094,43.6662915],[-70.1821758,43.6665703],[-70.1822968,43.6667151],[-70.182123,43.6669665],[-70.1825547,43.6672486],[-70.1824759,43.6674067],[-70.1826282,43.6677627],[-70.1829077,43.6676828],[-70.1830605,43.668081],[-70.1824221,43.6685697],[-70.1827026,43.6685886],[-70.1826169,43.6689377],[-70.1810243,43.6700366],[-70.181415,43.6706789],[-70.1819842,43.6707699],[-70.1822963,43.6711436],[-70.1824891,43.6710087],[-70.1826665,43.6711869],[-70.1819586,43.6721107],[-70.1819081,43.6716433],[-70.181314,43.6709507],[-70.180916,43.6700878],[-70.1815382,43.6690201],[-70.1822333,43.6685667],[-70.1822736,43.6682595],[-70.1811452,43.6669285],[-70.1808105,43.6663179],[-70.1800045,43.6659566],[-70.1796399,43.666073]]]},"properties":{"objtype":"DEPARE","label":"shallow area","valsou":0.0,"depth_label":"0.0-5.4m","chart":"US5PWMDD"}},{"type":"Feature","geometry":{"type":"Polygon","coordinates":[[[-70.1846614,43.6744609],[-70.1832005,43.6737516],[-70.1835615,43.6736993],[-70.1842798,43.6739998],[-70.1855938,43.6740251],[-70.1860303,43.6742899],[-70.1864499,43.6741005],[-70.1866412,43.6741879],[-70.1876576,43.6733879],[-70.1878445,43.6738948],[-70.1877367,43.6740276],[-70.1873186,43.6739764],[-70.1875403,43.6742525],[-70.1873589,43.6744389],[-70.1865051,43.6743987],[-70.1857293,43.6745815],[-70.1846614,43.6744609]]]},"properties":{"objtype":"DEPARE","label":"shallow area","valsou":0.0,"depth_label":"0.0-3.6m","chart":"US5PWMDD"}},{"type":"Feature","geometry":{"type":"Polygon","coordinates":[[[-70.1853183,43.6514297],[-70.1847328,43.6509195],[-70.1834193,43.6509802],[-70.1822094,43.6517654],[-70.1818667,43.6517154],[-70.1812314,43.6523722],[-70.1814325,43.6527031],[-70.1817051,43.6523061],[-70.1822196,43.652083],[-70.1824208,43.6521442],[-70.1826712,43.6517516],[-70.1837248,43.6513308],[-70.183614,43.6514681],[-70.1840714,43.6513276],[-70.1853183,43.6514297]],[[-70.1827277,43.6516502],[-70.1830083,43.6513388],[-70.1824979,43.6517156],[-70.1827277,43.6516502]]]},"properties":{"objtype":"DEPARE","label":"shallow area","valsou":0.0,"depth_label":"0.0-1.8m","chart":"US5PWMDD"}},{"type":"Feature","geometry":{"type":"Polygon","coordinates":[[[-70.1937702,43.6510331],[-70.1942018,43.6516382],[-70.1940511,43.6517986],[-70.1934921,43.6519219],[-70.1932704,43.6515653],[-70.1918195,43.6516468],[-70.1923997,43.6519017],[-70.1932132,43.651696],[-70.1932153,43.6518132],[-70.1926907,43.6519833],[-70.1934819,43.6523793],[-70.1942569,43.6522144],[-70.1946026,43.6518578],[-70.1945912,43.6516224],[-70.1941289,43.6513333],[-70.194018,43.6510657],[-70.1937702,43.6510331]]]},"properties":{"objtype":"DEPARE","label":"shallow area","valsou":0.0,"depth_label":"0.0-1.8m","chart":"US5PWMDD"}},{"type":"Feature","geometry":{"type":"Polygon","coordinates":[[[-70.1955628,43.6513252],[-70.1954957,43.65],[-70.1959388,43.6503821],[-70.1962482,43.6509621],[-70.1971107,43.6510067],[-70.1973998,43.6512642],[-70.1969459,43.6514049],[-70.1968412,43.6510129],[-70.1962976,43.6514782],[-70.1959947,43.6514667],[-70.1955628,43.6513252]]]},"properties":{"objtype":"DEPARE","label":"shallow area","valsou":0.0,"depth_label":"0.0-1.8m","chart":"US5PWMDD"}},{"type":"Feature","geometry":{"type":"Polygon","coordinates":[[[-70.150989,43.6816667],[-70.1508542,43.6817184],[-70.1508898,43.6818364],[-70.1510603,43.6818105],[-70.150989,43.6816667]]]},"properties":{"objtype":"DEPARE","label":"shallow area","valsou":0.0,"depth_label":"0.0-1.8m","chart":"US5PWMDD"}},{"type":"Feature","geometry":{"type":"Polygon","coordinates":[[[-70.1996211,43.7126185],[-70.1998996,43.7124464],[-70.1999217,43.7122497],[-70.1996358,43.7120787],[-70.1993603,43.712129],[-70.1992556,43.7124539],[-70.1996211,43.7126185]]]},"properties":{"objtype":"DEPARE","label":"shallow area","valsou":0.0,"depth_label":"0.0-1.8m","chart":"US5PWMDD"}},{"type":"Feature","geometry":{"type":"Polygon","coordinates":[[[-70.1279549,43.7080437],[-70.1282789,43.7079557],[-70.1286217,43.7080796],[-70.1285406,43.7084387],[-70.1287561,43.7086859],[-70.1288083,43.7093076],[-70.1286285,43.7099466],[-70.127879,43.7107741],[-70.1276347,43.7113431],[-70.1277379,43.7115217],[-70.1274279,43.7117542],[-70.1279333,43.7116652],[-70.1283808,43.7112131],[-70.1292925,43.7113176],[-70.1296905,43.7108116],[-70.1294045,43.7104183],[-70.1289424,43.7105101],[-70.1287158,43.710342],[-70.1292246,43.7095432],[-70.1290196,43.7081179],[-70.1288019,43.7076197],[-70.1283412,43.707662],[-70.1279549,43.7080437]]]},"properties":{"objtype":"DEPARE","label":"shallow area","valsou":0.0,"depth_label":"0.0-3.6m","chart":"US5PWMDD"}},{"type":"Feature","geometry":{"type":"Polygon","coordinates":[[[-70.173859,43.6605481],[-70.1739669,43.6602435],[-70.1743422,43.660388],[-70.1742314,43.6605654],[-70.173859,43.6605481]]]},"properties":{"objtype":"DEPARE","label":"shallow area","valsou":0.0,"depth_label":"0.0-1.8m","chart":"US5PWMDD"}},{"type":"Feature","geometry":{"type":"Polygon","coordinates":[[[-70.140055,43.6966669],[-70.1397653,43.6966449],[-70.139511,43.697237],[-70.1390614,43.6973445],[-70.138937,43.6980439],[-70.1380526,43.6983591],[-70.1380022,43.6986387],[-70.1382667,43.6992024],[-70.1381962,43.6994445],[-70.1378159,43.6998193],[-70.1368965,43.7003875],[-70.136873,43.700481],[-70.1381927,43.700191],[-70.1382588,43.7000842],[-70.1381125,43.7001291],[-70.1385834,43.6995826],[-70.1396701,43.6987697],[-70.1394114,43.6981241],[-70.140074,43.6977705],[-70.1402107,43.6971706],[-70.1399915,43.6970666],[-70.1398805,43.6967541],[-70.140055,43.6966669]]]},"properties":{"objtype":"DEPARE","label":"shallow area","valsou":0.0,"depth_label":"0.0-1.8m","chart":"US5PWMDD"}},{"type":"Feature","geometry":{"type":"Polygon","coordinates":[[[-70.1273744,43.7116947],[-70.1262027,43.712045],[-70.1260936,43.7121335],[-70.1262063,43.7123226],[-70.1257307,43.7124052],[-70.1258777,43.7130455],[-70.1262651,43.7130169],[-70.1275471,43.7123262],[-70.1275924,43.7120503],[-70.1273744,43.7116947]],[[-70.1261948,43.7128221],[-70.1265542,43.7126625],[-70.1265672,43.712609],[-70.1261948,43.7128221]],[[-70.1271982,43.7122643],[-70.1272798,43.712288],[-70.1272469,43.7123205],[-70.1271982,43.7122643]]]},"properties":{"objtype":"DEPARE","label":"shallow area","valsou":0.0,"depth_label":"0.0-1.8m","chart":"US5PWMDD"}},{"type":"Feature","geometry":{"type":"Polygon","coordinates":[[[-70.1658587,43.6909594],[-70.1656426,43.6910057],[-70.1651199,43.6912292],[-70.1653126,43.6911769],[-70.1658587,43.6909594]]]},"properties":{"objtype":"DEPARE","label":"shallow area","valsou":0.0,"depth_label":"0.0-1.8m","chart":"US5PWMDD"}},{"type":"Feature","geometry":{"type":"Polygon","coordinates":[[[-70.1672084,43.6902528],[-70.1670785,43.6902774],[-70.1663866,43.690674],[-70.1667281,43.6905701],[-70.1672084,43.6902528]]]},"properties":{"objtype":"DEPARE","label":"shallow area","valsou":0.0,"depth_label":"0.0-1.8m","chart":"US5PWMDD"}},{"type":"Feature","geometry":{"type":"Polygon","coordinates":[[[-70.2,43.6863365],[-70.1993673,43.686894],[-70.1991646,43.6875307],[-70.1990195,43.6874253],[-70.1991114,43.6872222],[-70.1989902,43.6872177],[-70.1975654,43.6883357],[-70.1976108,43.6879315],[-70.1974039,43.6878994],[-70.1970285,43.6883098],[-70.195663,43.689151],[-70.1983682,43.6881381],[-70.1986149,43.6881629],[-70.1987313,43.6883991],[-70.1983271,43.6888491],[-70.1984093,43.6889759],[-70.2,43.6889361],[-70.2,43.6886907],[-70.1991817,43.6878834],[-70.2,43.6869422],[-70.2,43.6863365]]]},"properties":{"objtype":"DEPARE","label":"shallow area","valsou":0.0,"depth_label":"0.0-1.8m","chart":"US5PWMDD"}},{"type":"Feature","geometry":{"type":"Polygon","coordinates":[[[-70.1959204,43.6729019],[-70.1954616,43.6725852],[-70.1994059,43.6706235],[-70.2,43.6701705],[-70.2,43.6705355],[-70.1995154,43.6706117],[-70.1989942,43.6715354],[-70.1992662,43.671875],[-70.1990732,43.6722255],[-70.1984246,43.6725595],[-70.1973838,43.672604],[-70.1969942,43.6729288],[-70.1965667,43.6730163],[-70.1959204,43.6729019]]]},"properties":{"objtype":"DEPARE","label":"shallow area","valsou":0.0,"depth_label":"0.0-1.8m","chart":"US5PWMDD"}},{"type":"Feature","geometry":{"type":"Polygon","coordinates":[[[-70.1999257,43.5618976],[-70.1997648,43.5616879],[-70.1990966,43.5620686],[-70.198814,43.562649],[-70.1967109,43.5643306],[-70.1958519,43.5645174],[-70.1956782,43.5651071],[-70.1943608,43.5662281],[-70.1945775,43.566609],[-70.1956127,43.5665669],[-70.1963381,43.5664295],[-70.1971671,43.565915],[-70.1978581,43.5658939],[-70.1977813,43.5662592],[-70.196862,43.5677921],[-70.1968016,43.5681639],[-70.1964066,43.5686294],[-70.1958671,43.5700868],[-70.1963809,43.5701454],[-70.1981133,43.5698228],[-70.198212,43.5704],[-70.198994,43.5704397],[-70.1987312,43.5713463],[-70.198008,43.5719237],[-70.1976755,43.5728411],[-70.1983035,43.5733882],[-70.1983077,43.5737403],[-70.1984412,43.5738044],[-70.1991188,43.5736377],[-70.1993807,43.5731653],[-70.2,43.5728431],[-70.2,43.5726197],[-70.1986075,43.573374],[-70.1983074,43.5732428],[-70.1981425,43.572653],[-70.1982401,43.5724779],[-70.1990569,43.5721812],[-70.1989182,43.5721765],[-70.199064,43.5720185],[-70.1987309,43.5716306],[-70.1996121,43.570707],[-70.1996578,43.5700667],[-70.2,43.5698192],[-70.2,43.5690672],[-70.1992536,43.5693041],[-70.199013,43.5696876],[-70.198348,43.569792],[-70.1974539,43.5696931],[-70.1969879,43.5699385],[-70.1963809,43.5699788],[-70.1963154,43.5694788],[-70.1973532,43.5686016],[-70.1970534,43.5679093],[-70.1979048,43.5664057],[-70.1980416,43.565481],[-70.1978854,43.5654187],[-70.196626,43.5660856],[-70.1963223,43.5658946],[-70.1959356,43.5660546],[-70.1957775,43.5658427],[-70.1954452,43.5659764],[-70.195987,43.5652991],[-70.1958998,43.5646438],[-70.1966177,43.5644844],[-70.1987964,43.5628468],[-70.1991709,43.5620686],[-70.1999257,43.5618976]],[[-70.1984887,43.5698905],[-70.1982519,43.5701725],[-70.1985286,43.5703381],[-70.1987532,43.5700425],[-70.1984887,43.5698905]]]},"properties":{"objtype":"DEPARE","label":"shallow area","valsou":1.8,"depth_label":"1.8-3.6m","chart":"US5PWMBD"}},{"type":"Feature","geometry":{"type":"Polygon","coordinates":[[[-70.1558717,43.5543471],[-70.1560697,43.5542751],[-70.1563172,43.5540591],[-70.1564905,43.5536721],[-70.1561192,43.5535821],[-70.1555995,43.5538251],[-70.1550921,43.5534111],[-70.1545229,43.5534921],[-70.1541393,43.5539061],[-70.1543001,43.5542571],[-70.1558717,43.5543471]],[[-70.1558139,43.5543111],[-70.1560444,43.5542444],[-70.155925,43.5539472],[-70.1556806,43.5540111],[-70.1558139,43.5543111]]]},"properties":{"objtype":"DEPARE","label":"shallow area","valsou":1.8,"depth_label":"1.8-3.6m","chart":"US5PWMBD"}},{"type":"Feature","geometry":{"type":"Polygon","coordinates":[[[-70.2,43.5731267],[-70.2,43.5736442],[-70.1999777,43.5733172],[-70.2,43.5731267]]]},"properties":{"objtype":"DEPARE","label":"shallow area","valsou":1.8,"depth_label":"1.8-3.6m","chart":"US5PWMBD"}},{"type":"Feature","geometry":{"type":"Polygon","coordinates":[[[-70.2846364,43.641052],[-70.2845718,43.6403392],[-70.2840269,43.639678],[-70.2827965,43.63886],[-70.2828963,43.6394878],[-70.2833205,43.6398864],[-70.2836783,43.6399245],[-70.2842869,43.6405582],[-70.2843312,43.6406681],[-70.2840583,43.6406872],[-70.2840619,43.6408276],[-70.2846364,43.641052]]]},"properties":{"objtype":"DEPARE","label":"shallow area","valsou":1.8,"depth_label":"1.8-5.4m","chart":"US5PWMCB"}},{"type":"Feature","geometry":{"type":"Polygon","coordinates":[[[-70.2846364,43.641052],[-70.2845077,43.6405041],[-70.2853351,43.6415791],[-70.2853474,43.6417027],[-70.2849379,43.6420958],[-70.2856439,43.6424413],[-70.2857851,43.6434329],[-70.2870369,43.645571],[-70.2887378,43.6455531],[-70.2889763,43.6456662],[-70.2891427,43.6454703],[-70.2896908,43.6455383],[-70.2907226,43.6453775],[-70.2908362,43.6451184],[-70.29284,43.6454631],[-70.293402,43.6458245],[-70.2935833,43.646525],[-70.293442,43.6471769],[-70.2930667,43.6477274],[-70.2928249,43.6488083],[-70.2930667,43.6493808],[-70.2938148,43.6499112],[-70.2929508,43.6496807],[-70.2924924,43.6488028],[-70.2926662,43.6478244],[-70.2932028,43.6468534],[-70.2931552,43.6460589],[-70.292994,43.64579],[-70.2918153,43.645662],[-70.2911686,43.6454069],[-70.2903314,43.6459478],[-70.2900986,43.6457791],[-70.2898402,43.6461088],[-70.289593,43.645842],[-70.2893189,43.6461106],[-70.2888194,43.6460573],[-70.2884575,43.6462496],[-70.2876011,43.6463136],[-70.2860596,43.6457887],[-70.2853922,43.6453863],[-70.2849816,43.6449236],[-70.2848805,43.6435617],[-70.2844392,43.643119],[-70.2844103,43.6422797],[-70.2827648,43.6415094],[-70.2813772,43.6403676],[-70.2811174,43.6404513],[-70.2810804,43.6407216],[-70.2804961,43.6406748],[-70.2804367,43.64051],[-70.2814362,43.6403247],[-70.2830105,43.6415818],[-70.2841719,43.6420765],[-70.2853012,43.6416945],[-70.2846364,43.641052]]]},"properties":{"objtype":"DEPARE","label":"shallow area","valsou":1.8,"depth_label":"1.8-3.6m","chart":"US5PWMCB"}},{"type":"Feature","geometry":{"type":"Polygon","coordinates":[[[-70.2757814,43.6367438],[-70.2763632,43.6385734],[-70.2780327,43.6378873],[-70.2791654,43.6377588],[-70.2797983,43.6377635],[-70.2807849,43.6381367],[-70.2800396,43.6377347],[-70.2792877,43.6376443],[-70.2778653,43.6378265],[-70.2766447,43.6382223],[-70.2767031,43.6383193],[-70.2766284,43.6383526],[-70.2765435,43.6380785],[-70.2762064,43.637911],[-70.2757814,43.6367438]]]},"properties":{"objtype":"DEPARE","label":"shallow area","valsou":1.8,"depth_label":"1.8-5.4m","chart":"US5PWMCB"}},{"type":"Feature","geometry":{"type":"Polygon","coordinates":[[[-70.275055,43.6416854],[-70.2765187,43.6412094],[-70.2773105,43.6412839],[-70.2782737,43.6410919],[-70.2783434,43.6412832],[-70.2773982,43.6415293],[-70.2764564,43.6413749],[-70.275055,43.6416854]]]},"properties":{"objtype":"DEPARE","label":"shallow area","valsou":1.8,"depth_label":"1.8-5.4m","chart":"US5PWMCB"}},{"type":"Feature","geometry":{"type":"Polygon","coordinates":[[[-70.275,43.639849],[-70.2753745,43.63934],[-70.2754187,43.6388782],[-70.2755293,43.6393565],[-70.275,43.639849]]]},"properties":{"objtype":"DEPARE","label":"shallow area","valsou":1.8,"depth_label":"1.8-3.6m","chart":"US5PWMCB"}},{"type":"Feature","geometry":{"type":"Polygon","coordinates":[[[-70.275,43.6364849],[-70.2755489,43.6383739],[-70.2755053,43.6386576],[-70.2757193,43.6385368],[-70.2757153,43.6381319],[-70.2752846,43.6367252],[-70.2755314,43.6367522],[-70.275,43.6364849]]]},"properties":{"objtype":"DEPARE","label":"shallow area","valsou":1.8,"depth_label":"1.8-3.6m","chart":"US5PWMCB"}},{"type":"Feature","geometry":{"type":"Polygon","coordinates":[[[-70.275,43.6419428],[-70.275,43.6420129],[-70.2750316,43.6420185],[-70.275,43.6419428]]]},"properties":{"objtype":"DEPARE","label":"shallow area","valsou":1.8,"depth_label":"1.8-5.4m","chart":"US5PWMCB"}},{"type":"Feature","geometry":{"type":"Polygon","coordinates":[[[-70.2479237,43.6467771],[-70.2472247,43.6460494],[-70.2474489,43.645905],[-70.2480602,43.6464395],[-70.2483026,43.6462877],[-70.2478483,43.6458923],[-70.2481099,43.6457398],[-70.2486259,43.6461694],[-70.2488254,43.6460528],[-70.2481442,43.645478],[-70.2485283,43.6453351],[-70.2486505,43.6450813],[-70.2504891,43.646521],[-70.2505534,43.6467661],[-70.2502488,43.6474419],[-70.2511435,43.6481628],[-70.2532224,43.6469019],[-70.2530542,43.6463378],[-70.2517145,43.6442786],[-70.251736,43.643629],[-70.2519311,43.6435029],[-70.2520072,43.6436076],[-70.2519311,43.6441035],[-70.2520762,43.6445603],[-70.2531751,43.6464006],[-70.2535385,43.6466702],[-70.254944,43.6455467],[-70.255539,43.6453165],[-70.2560526,43.6453924],[-70.2565708,43.6451342],[-70.2573045,43.6443922],[-70.2572905,43.6441166],[-70.2578526,43.6439194],[-70.2582581,43.6432902],[-70.2587381,43.6433654],[-70.2605845,43.6421532],[-70.2611026,43.6413154],[-70.260622,43.6422571],[-70.2584413,43.6437433],[-70.2568283,43.6450975],[-70.2561228,43.6454259],[-70.2555172,43.6455443],[-70.2485485,43.65],[-70.2482204,43.65],[-70.2491599,43.6495027],[-70.2503555,43.6485048],[-70.248866,43.6471126],[-70.2479237,43.6467771]]]},"properties":{"objtype":"DEPARE","label":"shallow area","valsou":1.8,"depth_label":"1.8-5.4m","chart":"US5PWMCC"}},{"type":"Feature","geometry":{"type":"Polygon","coordinates":[[[-70.2670563,43.6399829],[-70.2668181,43.6400947],[-70.2669632,43.6403702],[-70.2668205,43.6406164],[-70.2659567,43.6409912],[-70.2657655,43.6414238],[-70.2690407,43.6413092],[-70.2724312,43.6409448],[-70.2729274,43.6407913],[-70.2747514,43.6400362],[-70.275,43.639849],[-70.275,43.6397014],[-70.2747622,43.6399799],[-70.2721941,43.6409435],[-70.2666457,43.641184],[-70.2665981,43.6409603],[-70.2671858,43.6405988],[-70.2670563,43.6399829]]]},"properties":{"objtype":"DEPARE","label":"shallow area","valsou":1.8,"depth_label":"1.8-3.6m","chart":"US5PWMCC"}},{"type":"Feature","geometry":{"type":"Polygon","coordinates":[[[-70.2129207,43.628365],[-70.2119047,43.6283293],[-70.2117833,43.627989],[-70.2110076,43.6281461],[-70.2109172,43.6278796],[-70.2112646,43.6276916],[-70.2112384,43.6273966],[-70.2114906,43.6271277],[-70.2114872,43.6272943],[-70.2118964,43.627124],[-70.2119509,43.6272375],[-70.2115765,43.6275695],[-70.2119848,43.6274653],[-70.2121164,43.6275845],[-70.2123377,43.6279153],[-70.2121207,43.6282415],[-70.2132086,43.6283936],[-70.2136774,43.62871],[-70.2146452,43.6284815],[-70.2149181,43.6287119],[-70.2148724,43.6288309],[-70.2151799,43.6288937],[-70.2153272,43.6293437],[-70.2156454,43.6292366],[-70.2156715,43.6289491],[-70.2159649,43.6289306],[-70.216069,43.628413],[-70.2162512,43.6282883],[-70.2170326,43.6283363],[-70.2179287,43.6287665],[-70.2181878,43.6291728],[-70.2178199,43.6292766],[-70.2178372,43.6294291],[-70.2182319,43.6294429],[-70.2183739,43.6296091],[-70.2181265,43.6297097],[-70.2182898,43.6296888],[-70.2182773,43.6299063],[-70.2187783,43.6299385],[-70.2193735,43.6302858],[-70.2192259,43.6304488],[-70.2192801,43.6306686],[-70.2190311,43.6308531],[-70.2192548,43.6307708],[-70.2194112,43.6309492],[-70.2191536,43.6312328],[-70.2193301,43.631411],[-70.2189616,43.6318793],[-70.2192381,43.6320004],[-70.2191713,43.6321943],[-70.2195847,43.6324906],[-70.2203795,43.6326887],[-70.220349,43.632971],[-70.2206951,43.6328234],[-70.220845,43.6329119],[-70.2207369,43.6331598],[-70.2214987,43.633684],[-70.2213589,43.6346031],[-70.2211566,43.6348649],[-70.2205112,43.6348768],[-70.2204785,43.6353675],[-70.2202316,43.6356352],[-70.2206391,43.6359029],[-70.2219245,43.6361497],[-70.2217731,43.6366803],[-70.2225488,43.6367702],[-70.2226633,43.6369729],[-70.2219813,43.6374575],[-70.2215102,43.63735],[-70.221164,43.6375677],[-70.2211925,43.6378318],[-70.221653,43.6379353],[-70.2218029,43.6386385],[-70.2221741,43.6390668],[-70.2218314,43.6398734],[-70.2229412,43.6406738],[-70.2236479,43.6420872],[-70.223573,43.6427654],[-70.2233267,43.6429724],[-70.2233231,43.6431937],[-70.224269,43.6433007],[-70.224733,43.6430759],[-70.2251613,43.6432329],[-70.2257609,43.6436719],[-70.2264498,43.6447106],[-70.2264212,43.6451817],[-70.2259501,43.64556],[-70.2248972,43.6471626],[-70.2249186,43.6473232],[-70.225404,43.6474196],[-70.2254218,43.6475552],[-70.225197,43.6483726],[-70.2246866,43.6489722],[-70.2249915,43.6496302],[-70.2247531,43.649866],[-70.2249246,43.65],[-70.2241402,43.65],[-70.2244384,43.6486906],[-70.2249024,43.6477983],[-70.2248191,43.6470488],[-70.2254913,43.6458769],[-70.2255508,43.6450025],[-70.2246169,43.6437592],[-70.2232546,43.6432],[-70.2229691,43.6419092],[-70.2215819,43.6398245],[-70.2212988,43.6382231],[-70.2210442,43.6376378],[-70.2215082,43.6369929],[-70.2215391,43.6361958],[-70.2211441,43.6360721],[-70.2200591,43.6363076],[-70.2196546,43.636191],[-70.2197997,43.6355177],[-70.2208419,43.634554],[-70.2207896,43.633607],[-70.2188456,43.632303],[-70.2188313,43.6307278],[-70.2175035,43.629519],[-70.2165827,43.6290503],[-70.2153097,43.6294167],[-70.2146506,43.6288909],[-70.2136464,43.628741],[-70.2129207,43.628365]]]},"properties":{"objtype":"DEPARE","label":"shallow area","valsou":1.8,"depth_label":"1.8-3.6m","chart":"US5PWMCC"}},{"type":"Feature","geometry":{"type":"Polygon","coordinates":[[[-70.2144435,43.592947],[-70.2140278,43.5927078],[-70.2132462,43.5926868],[-70.2137491,43.5927686],[-70.2142013,43.5930979],[-70.2144435,43.592947]]]},"properties":{"objtype":"DEPARE","label":"shallow area","valsou":1.8,"depth_label":"1.8-3.6m","chart":"US5PWMCC"}},{"type":"Feature","geometry":{"type":"Polygon","coordinates":[[[-70.275,43.6364849],[-70.275,43.6368189],[-70.2748524,43.6367096],[-70.275,43.6364849]]]},"properties":{"objtype":"DEPARE","label":"shallow area","valsou":1.8,"depth_label":"1.8-3.6m","chart":"US5PWMCC"}},{"type":"Feature","geometry":{"type":"Polygon","coordinates":[[[-70.2133658,43.6084197],[-70.211599,43.6092464],[-70.2112967,43.6096289],[-70.2113054,43.6109617],[-70.2115673,43.6106897],[-70.2116545,43.61029],[-70.2115057,43.6102305],[-70.2117083,43.610105],[-70.2119746,43.6092878],[-70.2128486,43.6087256],[-70.2129991,43.6088538],[-70.2136341,43.6085199],[-70.2145005,43.6085949],[-70.2148258,43.6078403],[-70.2142159,43.607645],[-70.2136492,43.6079708],[-70.2133658,43.6084197]]]},"properties":{"objtype":"DEPARE","label":"shallow area","valsou":1.8,"depth_label":"1.8-3.6m","chart":"US5PWMCC"}},{"type":"Feature","geometry":{"type":"Polygon","coordinates":[[[-70.2084607,43.5918594],[-70.2079519,43.5924196],[-70.207756,43.5923917],[-70.2076345,43.5920058],[-70.2073625,43.5920479],[-70.2073373,43.5919033],[-70.2080048,43.5911381],[-70.2081383,43.5912919],[-70.2079922,43.5918429],[-70.2081987,43.5919656],[-70.2084607,43.5918594]]]},"properties":{"objtype":"DEPARE","label":"shallow area","valsou":1.8,"depth_label":"1.8-3.6m","chart":"US5PWMCC"}},{"type":"Feature","geometry":{"type":"Polygon","coordinates":[[[-70.2113359,43.6111934],[-70.2098082,43.6120081],[-70.2095336,43.6125607],[-70.2086294,43.6133513],[-70.2089216,43.614087],[-70.2099278,43.6148454],[-70.2100273,43.615518],[-70.2102912,43.6153961],[-70.2105185,43.6149983],[-70.2102767,43.6147567],[-70.2104623,43.6144281],[-70.2100367,43.6141993],[-70.2093196,43.6141034],[-70.2092852,43.6137615],[-70.2090202,43.6136951],[-70.2093005,43.6134044],[-70.2091303,43.613382],[-70.2093572,43.6130981],[-70.2097076,43.6133775],[-70.2101128,43.6132562],[-70.210006,43.6130652],[-70.2093223,43.6129614],[-70.2096221,43.6128964],[-70.2095668,43.6127329],[-70.2097761,43.6125904],[-70.209907,43.6126718],[-70.210046,43.6123266],[-70.2102387,43.612338],[-70.2101549,43.6120223],[-70.2106767,43.6119503],[-70.2105693,43.6118541],[-70.2108976,43.6116641],[-70.210729,43.6115648],[-70.2112072,43.611364],[-70.2113359,43.6111934]]]},"properties":{"objtype":"DEPARE","label":"shallow area","valsou":1.8,"depth_label":"1.8-3.6m","chart":"US5PWMCC"}},{"type":"Feature","geometry":{"type":"Polygon","coordinates":[[[-70.2096163,43.6415771],[-70.2088895,43.6422714],[-70.2094415,43.6426949],[-70.2095747,43.6432898],[-70.2089942,43.6434325],[-70.208128,43.6443272],[-70.2082708,43.6450696],[-70.2081613,43.645536],[-70.2072952,43.6464402],[-70.2054726,43.6474075],[-70.2027219,43.6474443],[-70.2054004,43.6478704],[-70.2072611,43.647128],[-70.2084366,43.6456052],[-70.2088506,43.644839],[-70.2091599,43.643754],[-70.2096977,43.6432352],[-70.2099261,43.6423263],[-70.2094648,43.6422682],[-70.2094216,43.6420788],[-70.2099356,43.6415791],[-70.2103877,43.6409605],[-70.210559,43.6403799],[-70.2104448,43.6397993],[-70.2102116,43.6393757],[-70.2100213,43.6392615],[-70.2093598,43.6392568],[-70.2082176,43.6387952],[-70.2075371,43.6387761],[-70.2071421,43.6385715],[-70.2069375,43.6370915],[-70.2075799,43.636035],[-70.2080749,43.6355924],[-70.2087031,43.6344312],[-70.2086364,43.634198],[-70.2077322,43.6336317],[-70.2071452,43.6336568],[-70.2071988,43.6341641],[-70.2076182,43.6341746],[-70.2080227,43.6344313],[-70.208219,43.6347822],[-70.2080257,43.6356053],[-70.207068,43.6363548],[-70.2065921,43.6373423],[-70.2064493,43.637961],[-70.2067111,43.6383952],[-70.206598,43.6389901],[-70.2072226,43.639347],[-70.2082577,43.6391209],[-70.2089597,43.6395255],[-70.2100185,43.6393351],[-70.2101672,43.6394243],[-70.2102267,43.640971],[-70.2098817,43.6415498],[-70.2096163,43.6415771]]]},"properties":{"objtype":"DEPARE","label":"shallow area","valsou":1.8,"depth_label":"1.8-3.6m","chart":"US5PWMCC"}},{"type":"Feature","geometry":{"type":"Polygon","coordinates":[[[-70.2,43.6479386],[-70.2,43.6484747],[-70.2005964,43.6485972],[-70.2008534,43.6488613],[-70.2007749,43.6494895],[-70.200425,43.65],[-70.2008818,43.65],[-70.201189,43.6490993],[-70.2011283,43.648564],[-70.2002824,43.6479929],[-70.2,43.6479386]]]},"properties":{"objtype":"DEPARE","label":"shallow area","valsou":1.8,"depth_label":"1.8-3.6m","chart":"US5PWMCC"}},{"type":"Feature","geometry":{"type":"Polygon","coordinates":[[[-70.2067605,43.590598],[-70.2063827,43.5914969],[-70.2057455,43.5920919],[-70.2050176,43.5917916],[-70.2059823,43.5914731],[-70.205965,43.5911911],[-70.2056422,43.5910557],[-70.2056858,43.5908083],[-70.2067605,43.590598]]]},"properties":{"objtype":"DEPARE","label":"shallow area","valsou":1.8,"depth_label":"1.8-3.6m","chart":"US5PWMCC"}},{"type":"Feature","geometry":{"type":"Polygon","coordinates":[[[-70.211191,43.5943208],[-70.2110951,43.5942671],[-70.2111682,43.5942486],[-70.211191,43.5943208]]]},"properties":{"objtype":"DEPARE","label":"shallow area","valsou":1.8,"depth_label":"1.8-3.6m","chart":"US5PWMCC"}},{"type":"Feature","geometry":{"type":"Polygon","coordinates":[[[-70.2,43.5881027],[-70.2,43.5882553],[-70.200659,43.5880527],[-70.2009008,43.5881516],[-70.2004839,43.5885183],[-70.2004713,43.5888808],[-70.2000532,43.5895856],[-70.2001313,43.5897229],[-70.2009214,43.589684],[-70.2018155,43.5890263],[-70.2021614,43.5883096],[-70.2012169,43.5887764],[-70.2007534,43.5892103],[-70.2005746,43.5889211],[-70.2019221,43.5876981],[-70.2020453,43.5873996],[-70.2015443,43.5874473],[-70.2008441,43.587927],[-70.2,43.5881027]]]},"properties":{"objtype":"DEPARE","label":"shallow area","valsou":1.8,"depth_label":"1.8-3.6m","chart":"US5PWMCC"}},{"type":"Feature","geometry":{"type":"Polygon","coordinates":[[[-70.2165612,43.5980826],[-70.2164646,43.5975084],[-70.2160351,43.5972479],[-70.2150987,43.5977607],[-70.2144124,43.5977703],[-70.2149917,43.5979442],[-70.2148809,43.598702],[-70.214362,43.5992054],[-70.2144016,43.6001695],[-70.2149104,43.6002738],[-70.2152121,43.6005107],[-70.2151925,43.6002237],[-70.2147675,43.5997692],[-70.2146161,43.5991966],[-70.2165612,43.5980826]]]},"properties":{"objtype":"DEPARE","label":"shallow area","valsou":1.8,"depth_label":"1.8-3.6m","chart":"US5PWMCC"}},{"type":"Feature","geometry":{"type":"Polygon","coordinates":[[[-70.2,43.587211],[-70.2003147,43.586522],[-70.2006401,43.5864568],[-70.2014645,43.5857461],[-70.2014259,43.5854132],[-70.2016759,43.585031],[-70.201703,43.5846278],[-70.202451,43.5841645],[-70.2031386,43.5831997],[-70.2030454,43.5826266],[-70.2032095,43.5822543],[-70.2030127,43.582015],[-70.2034031,43.5815957],[-70.2039471,43.5813705],[-70.204126,43.5809183],[-70.2049622,43.5798416],[-70.2048805,43.5794875],[-70.2045909,43.5793538],[-70.2038825,43.5793517],[-70.2031084,43.5796072],[-70.2040655,43.5790781],[-70.2043841,43.5786609],[-70.2043678,43.5778769],[-70.20467,43.5775052],[-70.204602,43.5772177],[-70.2048665,43.5767324],[-70.2047629,43.5763066],[-70.2044732,43.5761748],[-70.2036726,43.5763039],[-70.2038418,43.5757331],[-70.2036352,43.5755555],[-70.2027759,43.5760219],[-70.2020506,43.5760897],[-70.2022873,43.5758498],[-70.2035265,43.5753645],[-70.203859,43.5755696],[-70.204058,43.5760732],[-70.2049115,43.5757548],[-70.205113,43.5759965],[-70.2052795,43.5767837],[-70.205657,43.5770651],[-70.2051914,43.5775619],[-70.205496,43.5781252],[-70.2052109,43.5786434],[-70.2057482,43.5784797],[-70.2060656,43.5785749],[-70.2061006,43.5795084],[-70.2055887,43.5797347],[-70.2055781,43.5799456],[-70.2040954,43.5814129],[-70.2034081,43.5817569],[-70.2037465,43.582196],[-70.2032016,43.5824911],[-70.2031764,43.5827291],[-70.2038654,43.5829101],[-70.2039703,43.5830018],[-70.2038038,43.5832099],[-70.2040252,43.583173],[-70.2030908,43.5842067],[-70.2028389,43.5848402],[-70.2019851,43.5853894],[-70.2016778,43.5858343],[-70.2,43.587211]]]},"properties":{"objtype":"DEPARE","label":"shallow area","valsou":1.8,"depth_label":"1.8-3.6m","chart":"US5PWMCC"}},{"type":"Feature","geometry":{"type":"Polygon","coordinates":[[[-70.2143192,43.6074218],[-70.2149067,43.6070735],[-70.2149596,43.6068667],[-70.2135027,43.6073337],[-70.2131681,43.6072973],[-70.2133427,43.6075151],[-70.2140137,43.6072375],[-70.2143192,43.6074218]]]},"properties":{"objtype":"DEPARE","label":"shallow area","valsou":1.8,"depth_label":"1.8-3.6m","chart":"US5PWMCC"}},{"type":"Feature","geometry":{"type":"Polygon","coordinates":[[[-70.2014431,43.575],[-70.2010834,43.5751924],[-70.2008416,43.5753792],[-70.2006527,43.5757509],[-70.2012849,43.5757894],[-70.2012024,43.5751634],[-70.2014431,43.575]]]},"properties":{"objtype":"DEPARE","label":"shallow area","valsou":1.8,"depth_label":"1.8-3.6m","chart":"US5PWMCC"}},{"type":"Feature","geometry":{"type":"Polygon","coordinates":[[[-70.2115209,43.595495],[-70.2108786,43.5957348],[-70.2107779,43.5960222],[-70.2115965,43.5958501],[-70.2117048,43.5955792],[-70.2115209,43.595495]]]},"properties":{"objtype":"DEPARE","label":"shallow area","valsou":1.8,"depth_label":"1.8-3.6m","chart":"US5PWMCC"}},{"type":"Feature","geometry":{"type":"Polygon","coordinates":[[[-70.2183164,43.6317095],[-70.2181964,43.6317637],[-70.2177777,43.6321568],[-70.2178176,43.6324157],[-70.2180261,43.6324262],[-70.2185115,43.6320274],[-70.2185286,43.6317847],[-70.2183164,43.6317095]],[[-70.2183363,43.6317314],[-70.2184924,43.6319845],[-70.2182107,43.6320683],[-70.2181508,43.631897],[-70.2183363,43.6317314]]]},"properties":{"objtype":"DEPARE","label":"shallow area","valsou":1.8,"depth_label":"1.8-3.6m","chart":"US5PWMCC"}},{"type":"Feature","geometry":{"type":"Polygon","coordinates":[[[-70.2137193,43.6066692],[-70.213692,43.6064572],[-70.2140679,43.6061396],[-70.2140501,43.6059741],[-70.2136948,43.605657],[-70.2128017,43.6058036],[-70.2134633,43.6060976],[-70.2134658,43.6062459],[-70.2131228,43.6064408],[-70.2132588,43.6068928],[-70.2137193,43.6066692]]]},"properties":{"objtype":"DEPARE","label":"shallow area","valsou":1.8,"depth_label":"1.8-3.6m","chart":"US5PWMCC"}},{"type":"Feature","geometry":{"type":"Polygon","coordinates":[[[-70.2253277,43.6499434],[-70.22524,43.65],[-70.225281,43.65],[-70.2253277,43.6499434]]]},"properties":{"objtype":"DEPARE","label":"shallow area","valsou":1.8,"depth_label":"1.8-3.6m","chart":"US5PWMCC"}},{"type":"Feature","geometry":{"type":"Polygon","coordinates":[[[-70.2039188,43.5886832],[-70.2036776,43.588403],[-70.2036307,43.5878726],[-70.2034594,43.5877573],[-70.2030706,43.5877933],[-70.2024812,43.5881393],[-70.2029962,43.5880149],[-70.2034442,43.5884738],[-70.2034594,43.5887374],[-70.2039188,43.5886832]]]},"properties":{"objtype":"DEPARE","label":"shallow area","valsou":1.8,"depth_label":"1.8-3.6m","chart":"US5PWMCC"}},{"type":"Feature","geometry":{"type":"Polygon","coordinates":[[[-70.209108,43.5913431],[-70.2089871,43.5912168],[-70.209521,43.5907994],[-70.2105185,43.5903051],[-70.2108883,43.5904254],[-70.2110042,43.5907092],[-70.21078,43.5912639],[-70.210327,43.5917294],[-70.2102615,43.5920443],[-70.2104379,43.592209],[-70.2112245,43.5920262],[-70.2118189,43.592266],[-70.2124226,43.5916122],[-70.2134327,43.5911505],[-70.2138634,43.591156],[-70.2140396,43.5913889],[-70.213451,43.5920844],[-70.2136114,43.5921816],[-70.2122223,43.5929398],[-70.2123596,43.5926209],[-70.2130523,43.5922456],[-70.2128432,43.5918978],[-70.212337,43.5918685],[-70.2120297,43.5922896],[-70.2114852,43.5923091],[-70.2110595,43.5925782],[-70.210037,43.592765],[-70.2098329,43.592527],[-70.21011,43.59217],[-70.2100269,43.5919814],[-70.2095437,43.5924342],[-70.2090324,43.592555],[-70.2088665,43.5924599],[-70.2093489,43.5919526],[-70.2101507,43.5916818],[-70.2104661,43.5910091],[-70.2099422,43.5908901],[-70.209108,43.5913431]]]},"properties":{"objtype":"DEPARE","label":"shallow area","valsou":1.8,"depth_label":"1.8-3.6m","chart":"US5PWMCC"}},{"type":"Feature","geometry":{"type":"Polygon","coordinates":[[[-70.2016702,43.5920406],[-70.2019977,43.5919765],[-70.2021538,43.5917056],[-70.2016123,43.5916543],[-70.2015191,43.5918942],[-70.2016702,43.5920406]]]},"properties":{"objtype":"DEPARE","label":"shallow area","valsou":1.8,"depth_label":"1.8-3.6m","chart":"US5PWMCC"}},{"type":"Feature","geometry":{"type":"Polygon","coordinates":[[[-70.2145862,43.6021652],[-70.2140799,43.6020169],[-70.2141227,43.6026393],[-70.2136265,43.6032762],[-70.2135938,43.6035123],[-70.2137899,43.6036695],[-70.21442,43.6033492],[-70.2141504,43.6030529],[-70.2145837,43.60261],[-70.2145862,43.6021652]]]},"properties":{"objtype":"DEPARE","label":"shallow area","valsou":1.8,"depth_label":"1.8-3.6m","chart":"US5PWMCC"}},{"type":"Feature","geometry":{"type":"Polygon","coordinates":[[[-70.258385,43.6460989],[-70.2583844,43.6462901],[-70.2579556,43.6466835],[-70.2580727,43.6467625],[-70.2587243,43.6461578],[-70.258385,43.6460989]]]},"properties":{"objtype":"DEPARE","label":"shallow area","valsou":1.8,"depth_label":"1.8-5.4m","chart":"US5PWMCC"}},{"type":"Feature","geometry":{"type":"Polygon","coordinates":[[[-70.2436153,43.6498983],[-70.2429455,43.6499232],[-70.2442554,43.65],[-70.2439042,43.649614],[-70.2442829,43.6494241],[-70.2448015,43.65],[-70.245354,43.65],[-70.2454105,43.6496017],[-70.2446693,43.6489779],[-70.2440332,43.6491956],[-70.2436153,43.6498983]]]},"properties":{"objtype":"DEPARE","label":"shallow area","valsou":1.8,"depth_label":"1.8-5.4m","chart":"US5PWMCC"}},{"type":"Feature","geometry":{"type":"Polygon","coordinates":[[[-70.214247,43.5931839],[-70.2136165,43.5940818],[-70.2124352,43.5944863],[-70.2119897,43.5950268],[-70.2122366,43.5951476],[-70.212007,43.5955005],[-70.2121607,43.5957677],[-70.2129553,43.5961268],[-70.2129843,43.595592],[-70.2136054,43.5955378],[-70.2139061,43.5938804],[-70.2145282,43.5932653],[-70.214247,43.5931839]],[[-70.2130967,43.594575],[-70.212473,43.5956597],[-70.2121506,43.5956488],[-70.2124553,43.5946035],[-70.2130967,43.594575]]]},"properties":{"objtype":"DEPARE","label":"shallow area","valsou":1.8,"depth_label":"1.8-3.6m","chart":"US5PWMCC"}},{"type":"Feature","geometry":{"type":"Polygon","coordinates":[[[-70.2587964,43.64609],[-70.2584693,43.6459322],[-70.2586692,43.6457324],[-70.2586805,43.6454094],[-70.2589736,43.6451374],[-70.2595133,43.6450479],[-70.2603002,43.6442664],[-70.2612639,43.6438381],[-70.2739078,43.6420898],[-70.275,43.6416431],[-70.275,43.6420129],[-70.2747885,43.6418407],[-70.2737698,43.6421684],[-70.2697438,43.6428322],[-70.2653213,43.6432796],[-70.2643603,43.6434264],[-70.2644144,43.6435946],[-70.2639594,43.643681],[-70.2637261,43.6435403],[-70.2630314,43.643734],[-70.2629888,43.6436031],[-70.2612781,43.6439375],[-70.2602774,43.6443725],[-70.2599546,43.6449972],[-70.2590459,43.645705],[-70.2591889,43.6459034],[-70.2587964,43.64609]]]},"properties":{"objtype":"DEPARE","label":"shallow area","valsou":1.8,"depth_label":"1.8-5.4m","chart":"US5PWMCC"}},{"type":"Feature","geometry":{"type":"Polygon","coordinates":[[[-70.198751,43.5762618],[-70.1987611,43.5765383],[-70.1990986,43.57678],[-70.1992497,43.5767306],[-70.1991591,43.5764449],[-70.198751,43.5762618]]]},"properties":{"objtype":"DEPARE","label":"shallow area","valsou":1.8,"depth_label":"1.8-3.6m","chart":"US5PWMCD"}},{"type":"Feature","geometry":{"type":"Polygon","coordinates":[[[-70.1876566,43.6319418],[-70.1887538,43.6313086],[-70.1887753,43.6311623],[-70.187858,43.6303664],[-70.1875974,43.6303485],[-70.1847135,43.6320475],[-70.1840354,43.6328398],[-70.1834429,43.6338606],[-70.183989,43.6352205],[-70.1837106,43.6356773],[-70.1836927,43.6361734],[-70.183914,43.6374976],[-70.1819331,43.6384613],[-70.1805982,43.6388932],[-70.1802771,43.6391684],[-70.1822543,43.6385577],[-70.1830753,43.6386112],[-70.1835428,43.6390145],[-70.1833346,43.6399084],[-70.1834917,43.640351],[-70.1832918,43.640646],[-70.1835012,43.6408983],[-70.1846481,43.6401844],[-70.1857331,43.6400131],[-70.1868848,43.639442],[-70.1881364,43.6382999],[-70.1888121,43.6381],[-70.1895117,43.6375527],[-70.189683,43.6363345],[-70.1894213,43.636106],[-70.1885504,43.6359109],[-70.1884695,43.6357253],[-70.1888835,43.6352732],[-70.188855,43.6341358],[-70.1898496,43.6336504],[-70.189959,43.6334648],[-70.1893975,43.6332983],[-70.188311,43.6333866],[-70.1878828,43.6337324],[-70.1876259,43.633672],[-70.1873413,43.6333811],[-70.1874042,43.633061],[-70.1878095,43.6326832],[-70.1883387,43.632503],[-70.1886162,43.6320953],[-70.1876566,43.6319418]],[[-70.1884669,43.6377707],[-70.188646,43.6378465],[-70.1885981,43.6380587],[-70.1880868,43.6380624],[-70.1867318,43.6394603],[-70.1855212,43.639951],[-70.183871,43.6403719],[-70.1836318,43.6402796],[-70.1836834,43.6401007],[-70.1848729,43.6396355],[-70.1851651,43.6392386],[-70.1851099,43.6389527],[-70.1848278,43.6388082],[-70.1841249,43.6395331],[-70.1837823,43.6395313],[-70.1835682,43.6393356],[-70.1843188,43.638688],[-70.1844599,43.6370362],[-70.1840972,43.6366813],[-70.1844325,43.6360475],[-70.184213,43.6357941],[-70.1843645,43.6356192],[-70.1840921,43.6351831],[-70.1842016,43.6348881],[-70.1838377,43.634316],[-70.1841047,43.6328982],[-70.185213,43.6324609],[-70.1854765,43.6320566],[-70.1858779,43.6320548],[-70.1864421,43.6317164],[-70.1869297,43.6311889],[-70.1872143,43.6311011],[-70.187165,43.6309004],[-70.1874312,43.6307235],[-70.1885437,43.6310733],[-70.1886495,43.6312909],[-70.1876057,43.6317493],[-70.1875503,43.632042],[-70.1873001,43.6322513],[-70.1873521,43.6324733],[-70.1870249,43.6326217],[-70.1872405,43.632836],[-70.1869307,43.633222],[-70.1867016,43.6331333],[-70.1862607,43.6333848],[-70.1861737,43.6336584],[-70.1863212,43.633855],[-70.1865303,43.6336263],[-70.1873992,43.6341989],[-70.1884029,43.6335505],[-70.1890334,43.6336623],[-70.1884552,43.6343785],[-70.1884243,43.634764],[-70.188824,43.6351495],[-70.1883577,43.63578],[-70.1886004,43.6360323],[-70.1892262,43.6361084],[-70.1895498,43.6363083],[-70.1896045,43.6365201],[-70.1890321,43.637092],[-70.1895432,43.6372593],[-70.1893975,43.637521],[-70.1887337,43.6372806],[-70.1884669,43.6377707]]]},"properties":{"objtype":"DEPARE","label":"shallow area","valsou":1.8,"depth_label":"1.8-3.6m","chart":"US5PWMCD"}},{"type":"Feature","geometry":{"type":"Polygon","coordinates":[[[-70.1260339,43.6484788],[-70.125,43.6478889],[-70.125,43.6476458],[-70.1253525,43.6474031],[-70.1259804,43.6473031],[-70.1263826,43.6475559],[-70.1260913,43.6488321],[-70.1267836,43.6490293],[-70.1269653,43.6492893],[-70.126467,43.65],[-70.1257565,43.65],[-70.1256026,43.6497228],[-70.1260339,43.6484788]]]},"properties":{"objtype":"DEPARE","label":"shallow area","valsou":1.8,"depth_label":"1.8-5.4m","chart":"US5PWMCD"}},{"type":"Feature","geometry":{"type":"Polygon","coordinates":[[[-70.2,43.5881027],[-70.1995167,43.5883773],[-70.1994462,43.5884103],[-70.2,43.5882553],[-70.2,43.5881027]]]},"properties":{"objtype":"DEPARE","label":"shallow area","valsou":1.8,"depth_label":"1.8-3.6m","chart":"US5PWMCD"}},{"type":"Feature","geometry":{"type":"Polygon","coordinates":[[[-70.2,43.6479386],[-70.199251,43.6478608],[-70.1977212,43.6483605],[-70.197375,43.6488495],[-70.1971961,43.65],[-70.198301,43.65],[-70.1983197,43.6498077],[-70.1974106,43.649506],[-70.1974841,43.6492111],[-70.1980337,43.6490898],[-70.1987514,43.6492715],[-70.1993758,43.6490112],[-70.2,43.6484747],[-70.2,43.6479386]]]},"properties":{"objtype":"DEPARE","label":"shallow area","valsou":1.8,"depth_label":"1.8-3.6m","chart":"US5PWMCD"}},{"type":"Feature","geometry":{"type":"Polygon","coordinates":[[[-70.1962012,43.65],[-70.1952956,43.6493292],[-70.1934089,43.6496933],[-70.1929766,43.65],[-70.1940751,43.649635],[-70.1945897,43.6497896],[-70.1952232,43.6493911],[-70.1954284,43.6494327],[-70.195692,43.6497872],[-70.1955855,43.65],[-70.1962012,43.65]]]},"properties":{"objtype":"DEPARE","label":"shallow area","valsou":1.8,"depth_label":"1.8-3.6m","chart":"US5PWMCD"}},{"type":"Feature","geometry":{"type":"Polygon","coordinates":[[[-70.193124,43.648897],[-70.1931685,43.6490999],[-70.1923268,43.6494559],[-70.1925648,43.6495996],[-70.1934422,43.6492605],[-70.1939282,43.6492397],[-70.1942881,43.6493914],[-70.1943922,43.6491296],[-70.1952116,43.6491653],[-70.1956934,43.6486894],[-70.1938999,43.6483028],[-70.1934202,43.6485615],[-70.1941162,43.6486746],[-70.1941489,43.6489214],[-70.193124,43.648897]]]},"properties":{"objtype":"DEPARE","label":"shallow area","valsou":1.8,"depth_label":"1.8-3.6m","chart":"US5PWMCD"}},{"type":"Feature","geometry":{"type":"Polygon","coordinates":[[[-70.1890463,43.65],[-70.188396,43.6493792],[-70.1880426,43.6495362],[-70.1877178,43.65],[-70.1890463,43.65]]]},"properties":{"objtype":"DEPARE","label":"shallow area","valsou":1.8,"depth_label":"1.8-3.6m","chart":"US5PWMCD"}},{"type":"Feature","geometry":{"type":"Polygon","coordinates":[[[-70.125,43.6476458],[-70.1245926,43.6478628],[-70.1242954,43.6476012],[-70.1243533,43.6471074],[-70.1248269,43.6461545],[-70.1247211,43.6455582],[-70.122963,43.6458619],[-70.120802,43.6466721],[-70.1201018,43.6472153],[-70.1199129,43.6475939],[-70.1198171,43.6489492],[-70.1202151,43.6492125],[-70.1211753,43.6492947],[-70.1211661,43.6495365],[-70.1207611,43.65],[-70.1218499,43.65],[-70.12155,43.6498545],[-70.1216457,43.6493972],[-70.122487,43.6491613],[-70.1227447,43.6487435],[-70.1220429,43.6486869],[-70.1213107,43.6489839],[-70.1200741,43.6490498],[-70.1198826,43.6487516],[-70.1202952,43.6482986],[-70.1200489,43.647828],[-70.1215454,43.6465163],[-70.1226885,43.6461636],[-70.123031,43.6461527],[-70.1232955,43.6465404],[-70.1239428,43.6468587],[-70.123303,43.648095],[-70.1248344,43.6479414],[-70.125,43.6478889],[-70.125,43.6476458]]]},"properties":{"objtype":"DEPARE","label":"shallow area","valsou":1.8,"depth_label":"1.8-5.4m","chart":"US5PWMCE"}},{"type":"Feature","geometry":{"type":"Polygon","coordinates":[[[-70.2418462,43.6514858],[-70.2415307,43.6516663],[-70.2413607,43.6515838],[-70.241903,43.6513207],[-70.2426282,43.6516688],[-70.2431653,43.6512886],[-70.2426474,43.6506166],[-70.2430373,43.6504215],[-70.2430216,43.65],[-70.2442554,43.65],[-70.2457605,43.6516541],[-70.2448649,43.652282],[-70.2437288,43.6525361],[-70.2425486,43.6516698],[-70.2418462,43.6514858]]]},"properties":{"objtype":"DEPARE","label":"shallow area","valsou":1.8,"depth_label":"1.8-5.4m","chart":"US5PWMDC"}},{"type":"Feature","geometry":{"type":"Polygon","coordinates":[[[-70.2547786,43.6766168],[-70.2547322,43.6759977],[-70.2541288,43.6754972],[-70.2528322,43.6751809],[-70.2523344,43.6753847],[-70.251673,43.6753168],[-70.2506922,43.6750055],[-70.2499207,43.6752256],[-70.25016,43.6753663],[-70.2500428,43.675565],[-70.249445,43.6755031],[-70.2490238,43.6757423],[-70.2485759,43.6756075],[-70.2476865,43.6756682],[-70.2442934,43.6764225],[-70.2441744,43.6765986],[-70.2443882,43.6767708],[-70.2453241,43.6769004],[-70.245201,43.6770926],[-70.2446468,43.677249],[-70.242584,43.6773697],[-70.2417157,43.6769925],[-70.2406152,43.6770861],[-70.2383133,43.6763709],[-70.2373247,43.6764189],[-70.2362254,43.6759002],[-70.233894,43.675824],[-70.2331135,43.6753434],[-70.2319904,43.6743345],[-70.2284969,43.6732161],[-70.2241235,43.6708605],[-70.2234382,43.670751],[-70.2216917,43.6715505],[-70.221863,43.6723214],[-70.2210467,43.6735596],[-70.2210618,43.6761117],[-70.2206815,43.676757],[-70.2205329,43.6775632],[-70.220616,43.6814732],[-70.220145,43.6830854],[-70.2203364,43.6834985],[-70.2216595,43.684222],[-70.2219156,43.6875325],[-70.2224192,43.6887157],[-70.2220139,43.6906469],[-70.2223902,43.6910544],[-70.2217494,43.6922936],[-70.2219081,43.6935382],[-70.2213514,43.69443],[-70.2204623,43.6952524],[-70.219409,43.6955015],[-70.2177195,43.6962173],[-70.2154904,43.6974454],[-70.2137701,43.6986862],[-70.2131732,43.6995505],[-70.2125637,43.7014437],[-70.2140536,43.7022891],[-70.2144376,43.7027575],[-70.2144779,43.7033824],[-70.2148636,43.7044412],[-70.214566,43.7059149],[-70.214613,43.7066148],[-70.2129692,43.7100168],[-70.2125259,43.7114985],[-70.2118584,43.7122951],[-70.2119768,43.7132579],[-70.2118584,43.7137786],[-70.2113899,43.7141056],[-70.2108585,43.714893],[-70.2093221,43.715167],[-70.2090979,43.7155817],[-70.209181,43.7160184],[-70.2094153,43.7161444],[-70.2109241,43.7158081],[-70.211546,43.715958],[-70.2124544,43.71651],[-70.213839,43.7181567],[-70.2139699,43.7197963],[-70.2134767,43.7219981],[-70.2129112,43.7230386],[-70.2111329,43.725],[-70.2118254,43.725],[-70.2150943,43.7219008],[-70.2152335,43.7192646],[-70.2148695,43.7173015],[-70.2144325,43.716508],[-70.2137956,43.7158466],[-70.2127695,43.7150542],[-70.212143,43.7152657],[-70.2119466,43.7147322],[-70.212279,43.7140581],[-70.2134497,43.7128552],[-70.2135132,43.7118365],[-70.215231,43.7091837],[-70.2164903,43.706231],[-70.2170873,43.7043728],[-70.217051,43.7037877],[-70.2167381,43.7032063],[-70.2159117,43.7026589],[-70.215513,43.7013215],[-70.2143753,43.7012176],[-70.2131329,43.701493],[-70.2128986,43.7014144],[-70.2128735,43.7011787],[-70.2144124,43.6997735],[-70.2149867,43.6985144],[-70.2152857,43.6982647],[-70.2191071,43.6975334],[-70.2203037,43.6974636],[-70.2236334,43.6963525],[-70.2240465,43.6961168],[-70.224192,43.6958135],[-70.2239363,43.6957616],[-70.2225428,43.6961661],[-70.2222708,43.6960674],[-70.2232407,43.6955431],[-70.2246056,43.6953182],[-70.2247139,43.6949417],[-70.2242379,43.6946457],[-70.2243311,43.6944848],[-70.2249087,43.6945153],[-70.2262054,43.6950237],[-70.2269992,43.6948812],[-70.2266903,43.6945012],[-70.2249658,43.6933444],[-70.2250363,43.6931471],[-70.225671,43.6928218],[-70.2256811,43.6924252],[-70.2261636,43.6918044],[-70.2260236,43.6907933],[-70.2255577,43.6901096],[-70.2255224,43.6897587],[-70.2258322,43.689002],[-70.2268078,43.6877997],[-70.2267667,43.6874009],[-70.2275374,43.6872602],[-70.2286255,43.6862019],[-70.2289026,43.6856013],[-70.227038,43.6821265],[-70.2267735,43.6818761],[-70.2262982,43.6818059],[-70.2263234,43.6815043],[-70.2277867,43.6801553],[-70.230852,43.6780695],[-70.2329181,43.677224],[-70.2339306,43.6772277],[-70.2344318,43.677383],[-70.2380658,43.6790225],[-70.2397556,43.6799762],[-70.240554,43.6805137],[-70.2405943,43.6809414],[-70.2400912,43.6825372],[-70.2389774,43.6840871],[-70.2388212,43.6849974],[-70.2392821,43.6868343],[-70.239874,43.6877354],[-70.2404167,43.6897569],[-70.2392343,43.6903983],[-70.2409044,43.6903389],[-70.240403,43.6901698],[-70.2406372,43.6899688],[-70.2403197,43.689334],[-70.2404144,43.6888832],[-70.2393073,43.6862202],[-70.2391159,43.6846592],[-70.2394156,43.6836466],[-70.2404231,43.682389],[-70.2410125,43.680742],[-70.2401293,43.6800552],[-70.238278,43.6790589],[-70.2356433,43.6773409],[-70.2349756,43.676885],[-70.2349161,43.6766835],[-70.2356433,43.6765683],[-70.2367607,43.6772209],[-70.2382087,43.67772],[-70.2409042,43.6799547],[-70.2413853,43.6800077],[-70.2415153,43.6798603],[-70.2411863,43.6791011],[-70.2415827,43.6787424],[-70.2421812,43.6790517],[-70.2427719,43.6791082],[-70.2432668,43.6797061],[-70.2438571,43.6801132],[-70.2440979,43.6805428],[-70.2439972,43.6807073],[-70.2433841,43.6802608],[-70.2427126,43.6801205],[-70.2427664,43.6816676],[-70.2416289,43.682268],[-70.2406851,43.6835662],[-70.2403727,43.6843832],[-70.2403778,43.6863894],[-70.2406172,43.6867264],[-70.2412288,43.6869906],[-70.2409722,43.6876751],[-70.2411863,43.6882179],[-70.2427433,43.6891506],[-70.2436597,43.6899177],[-70.2455051,43.6903268],[-70.2451457,43.6908169],[-70.2433473,43.6902978],[-70.2420685,43.689283],[-70.2414019,43.6892038],[-70.2412706,43.6893473],[-70.2413553,43.689655],[-70.2424531,43.6909554],[-70.2429947,43.6911879],[-70.2442435,43.691304],[-70.2444239,43.6915122],[-70.2424613,43.6915421],[-70.2442868,43.6917416],[-70.2447708,43.6915165],[-70.2441407,43.6911641],[-70.2426245,43.6909594],[-70.2415565,43.6897258],[-70.2414432,43.6894443],[-70.2415623,43.68929],[-70.2425647,43.6897784],[-70.2428634,43.6900263],[-70.2430436,43.6904538],[-70.244012,43.6905411],[-70.2470538,43.6914539],[-70.2473066,43.6916587],[-70.2472158,43.6917709],[-70.2456436,43.6914935],[-70.2453695,43.6916164],[-70.245352,43.6917784],[-70.2471349,43.6919059],[-70.2504447,43.6927118],[-70.2531186,43.6936321],[-70.2532604,43.6938971],[-70.2531854,43.6946018],[-70.2528841,43.6953256],[-70.2518278,43.695521],[-70.2492187,43.6965581],[-70.2477179,43.6975854],[-70.2468282,43.69854],[-70.2464,43.6992472],[-70.2463925,43.6998594],[-70.247284,43.7008383],[-70.2475687,43.7017379],[-70.2484326,43.7030736],[-70.2484816,43.7028103],[-70.2477979,43.7009302],[-70.2476191,43.6999353],[-70.2470935,43.7000855],[-70.2469743,43.6999361],[-70.2471884,43.6991394],[-70.2484377,43.6977231],[-70.2493847,43.6970049],[-70.2508531,43.6966193],[-70.2518807,43.695786],[-70.2523302,43.6957401],[-70.2522862,43.6962813],[-70.2523996,43.6963653],[-70.2531527,43.6960346],[-70.2533265,43.6957312],[-70.2538434,43.6954465],[-70.2540678,43.6950488],[-70.2542142,43.6939884],[-70.2541129,43.6936712],[-70.2523572,43.692519],[-70.2505645,43.6920144],[-70.2491802,43.6912289],[-70.2445813,43.6898247],[-70.2424003,43.6886639],[-70.241413,43.6878798],[-70.2413273,43.6876312],[-70.241821,43.6871871],[-70.2419898,43.686456],[-70.2434884,43.6858491],[-70.2443269,43.6850969],[-70.2450923,43.6852627],[-70.2442944,43.6846336],[-70.2434254,43.6831293],[-70.2428713,43.6806854],[-70.2429936,43.6802914],[-70.2434552,43.6804339],[-70.2438128,43.6808763],[-70.2442009,43.6827667],[-70.2442239,43.683738],[-70.2446268,43.6842242],[-70.245055,43.6843498],[-70.245261,43.6842477],[-70.2448359,43.683844],[-70.2446394,43.6818077],[-70.2435944,43.6788433],[-70.2425194,43.6781333],[-70.2425443,43.677729],[-70.2427897,43.6774764],[-70.2437624,43.6773243],[-70.2445571,43.6773215],[-70.2456852,43.6775691],[-70.2471506,43.6773721],[-70.2495541,43.6764943],[-70.2504902,43.6768555],[-70.2508705,43.6775259],[-70.2509294,43.6780057],[-70.2519214,43.6780331],[-70.2504853,43.6758393],[-70.2516968,43.6758255],[-70.2531425,43.6753019],[-70.2538266,43.6754446],[-70.2538787,43.6757979],[-70.2545102,43.6762971],[-70.2545012,43.6770539],[-70.2547786,43.6766168]],[[-70.2394032,43.6775487],[-70.2384863,43.6778208],[-70.2375541,43.6774033],[-70.2375211,43.677077],[-70.2377921,43.6769426],[-70.2392004,43.677053],[-70.2395574,43.6773073],[-70.2394032,43.6775487]],[[-70.2427755,43.6853481],[-70.2427126,43.6858034],[-70.2422618,43.685851],[-70.2414785,43.6864176],[-70.2410503,43.6865163],[-70.2406372,43.6862695],[-70.240607,43.6849151],[-70.2408261,43.6837691],[-70.2414079,43.6828606],[-70.2419898,43.6821898],[-70.2423382,43.6820156],[-70.2425397,43.6820851],[-70.242732,43.6824427],[-70.2432844,43.6841017],[-70.2431452,43.6847036],[-70.2433381,43.6848478],[-70.2427755,43.6853481]],[[-70.2463525,43.6766144],[-70.2469498,43.6767619],[-70.2485513,43.6763881],[-70.2488263,43.6762369],[-70.2488477,43.6759433],[-70.2486288,43.6757149],[-70.2476104,43.6757301],[-70.2449025,43.6764796],[-70.2451166,43.6767041],[-70.2463525,43.6766144]]]},"properties":{"objtype":"DEPARE","label":"shallow area","valsou":1.8,"depth_label":"1.8-3.6m","chart":"US5PWMDC"}},{"type":"Feature","geometry":{"type":"Polygon","coordinates":[[[-70.2566513,43.6762795],[-70.2571535,43.6756282],[-70.2586962,43.6754965],[-70.2606788,43.6750546],[-70.2619549,43.673863],[-70.2621107,43.6730866],[-70.2623205,43.672949],[-70.2622765,43.6738531],[-70.262616,43.6741833],[-70.2619042,43.6745411],[-70.2619042,43.6750865],[-70.2609936,43.6758604],[-70.2598698,43.6763715],[-70.2576458,43.6766737],[-70.2558011,43.6763275],[-70.2555607,43.6765827],[-70.2550427,43.6766565],[-70.2551244,43.6771645],[-70.255278,43.6767877],[-70.2562666,43.6768018],[-70.2566969,43.676602],[-70.2573094,43.6768018],[-70.25974,43.6765232],[-70.261124,43.6759211],[-70.2618954,43.6753921],[-70.2623684,43.6745761],[-70.2628879,43.6741822],[-70.2625545,43.6740162],[-70.2627223,43.6727654],[-70.2618373,43.6716329],[-70.2620544,43.6726346],[-70.2617132,43.6738052],[-70.2611628,43.6745199],[-70.2605386,43.6750179],[-70.2588762,43.6754093],[-70.2582344,43.6753773],[-70.2591759,43.6732171],[-70.2596547,43.6715432],[-70.2599393,43.6711944],[-70.2603221,43.6710852],[-70.26041,43.6699079],[-70.2617667,43.6692984],[-70.2629256,43.6690002],[-70.2637649,43.6691079],[-70.2654612,43.6698294],[-70.2664183,43.66974],[-70.2653796,43.6696656],[-70.2646313,43.6692118],[-70.2644688,43.6689173],[-70.2658558,43.6691828],[-70.2673467,43.6697596],[-70.2659552,43.668967],[-70.2639703,43.6683549],[-70.264375,43.6683624],[-70.2639454,43.6678385],[-70.2643011,43.6676021],[-70.2643266,43.6668445],[-70.2647827,43.6663209],[-70.2642844,43.6667235],[-70.2626925,43.6672986],[-70.2617989,43.6678935],[-70.2607744,43.668034],[-70.260019,43.6684446],[-70.2594447,43.6696876],[-70.259399,43.6704289],[-70.2590725,43.6711473],[-70.2591079,43.671504],[-70.2583285,43.6740111],[-70.2575065,43.675348],[-70.2571304,43.6755126],[-70.256808,43.675895],[-70.2564196,43.6759393],[-70.2556584,43.6756847],[-70.2555206,43.6748697],[-70.2542275,43.6743582],[-70.2534363,43.6743944],[-70.2527715,43.6741651],[-70.2504703,43.6738672],[-70.2463543,43.6747429],[-70.2432911,43.6751418],[-70.240814,43.6748107],[-70.2378133,43.6737596],[-70.2375874,43.6731404],[-70.2370163,43.6729357],[-70.2365642,43.6723504],[-70.2359218,43.671884],[-70.2358456,43.6715318],[-70.236293,43.6712006],[-70.2362787,43.670996],[-70.2360122,43.6707057],[-70.2353222,43.6704106],[-70.2352032,43.6697777],[-70.2354221,43.6695873],[-70.2365738,43.6694113],[-70.2368593,43.6691067],[-70.2371639,43.6690924],[-70.2377159,43.6684642],[-70.2375588,43.6677028],[-70.236726,43.6674363],[-70.2365975,43.6671698],[-70.2374599,43.6665597],[-70.2375075,43.6656365],[-70.2376597,43.6654128],[-70.2394289,43.6641547],[-70.239076,43.6641877],[-70.2380568,43.6647268],[-70.2377606,43.664339],[-70.2373704,43.6642486],[-70.2362768,43.665148],[-70.2361031,43.6677802],[-70.2350609,43.6699769],[-70.2357973,43.6721046],[-70.2372359,43.6735956],[-70.2398464,43.6746906],[-70.2411743,43.6750614],[-70.2428285,43.6752531],[-70.2473966,43.6746545],[-70.2500544,43.674062],[-70.2522012,43.6742669],[-70.2524994,43.6744616],[-70.2542018,43.6744639],[-70.2553387,43.6751017],[-70.2557028,43.6759194],[-70.2565693,43.6759779],[-70.2566513,43.6762795]]]},"properties":{"objtype":"DEPARE","label":"shallow area","valsou":1.8,"depth_label":"1.8-3.6m","chart":"US5PWMDC"}},{"type":"Feature","geometry":{"type":"Polygon","coordinates":[[[-70.2421614,43.6611554],[-70.2415755,43.6612181],[-70.2399922,43.6623644],[-70.2405155,43.6625851],[-70.2418292,43.6619476],[-70.2414871,43.6616694],[-70.2408735,43.6619712],[-70.2421614,43.6611554]]]},"properties":{"objtype":"DEPARE","label":"shallow area","valsou":1.8,"depth_label":"1.8-3.6m","chart":"US5PWMDC"}},{"type":"Feature","geometry":{"type":"Polygon","coordinates":[[[-70.2460911,43.7097467],[-70.2459215,43.7091618],[-70.2486328,43.7111308],[-70.2500336,43.7124426],[-70.2512818,43.7140098],[-70.2518956,43.7144535],[-70.252999,43.7148656],[-70.2526036,43.714999],[-70.2511982,43.714692],[-70.2507365,43.7138523],[-70.2494204,43.712215],[-70.2468615,43.7100819],[-70.2460911,43.7097467]]]},"properties":{"objtype":"DEPARE","label":"shallow area","valsou":1.8,"depth_label":"1.8-3.6m","chart":"US5PWMDC"}},{"type":"Feature","geometry":{"type":"Polygon","coordinates":[[[-70.2005942,43.6505947],[-70.2002895,43.6505745],[-70.2001467,43.6503818],[-70.200425,43.65],[-70.2008818,43.65],[-70.2011212,43.6512466],[-70.2010313,43.6530718],[-70.2008457,43.6534609],[-70.2002996,43.6540891],[-70.2,43.6552171],[-70.2002252,43.6539396],[-70.2009034,43.6532443],[-70.201039,43.6512241],[-70.2005942,43.6505947]]]},"properties":{"objtype":"DEPARE","label":"shallow area","valsou":1.8,"depth_label":"1.8-3.6m","chart":"US5PWMDC"}},{"type":"Feature","geometry":{"type":"Polygon","coordinates":[[[-70.2481487,43.6582795],[-70.2474792,43.6581954],[-70.2466074,43.6576814],[-70.2461391,43.6577081],[-70.2458973,43.6580773],[-70.2459735,43.6583882],[-70.2467045,43.6590145],[-70.2465329,43.6596159],[-70.246836,43.659233],[-70.2466323,43.6587362],[-70.2468912,43.6582778],[-70.2481487,43.6582795]]]},"properties":{"objtype":"DEPARE","label":"shallow area","valsou":1.8,"depth_label":"1.8-5.4m","chart":"US5PWMDC"}},{"type":"Feature","geometry":{"type":"Polygon","coordinates":[[[-70.2004515,43.7152007],[-70.2001414,43.7155379],[-70.2005821,43.7156493],[-70.2007774,43.7154186],[-70.2004515,43.7152007]]]},"properties":{"objtype":"DEPARE","label":"shallow area","valsou":1.8,"depth_label":"1.8-3.6m","chart":"US5PWMDC"}},{"type":"Feature","geometry":{"type":"Polygon","coordinates":[[[-70.225281,43.65],[-70.2241402,43.65],[-70.2238138,43.6506358],[-70.2238197,43.6513437],[-70.2235104,43.6521527],[-70.2236948,43.652355],[-70.2247358,43.6522241],[-70.2271094,43.6524145],[-70.2275079,43.6515103],[-70.2282286,43.6514022],[-70.2281554,43.6508072],[-70.2280986,43.6509608],[-70.2270358,43.6514412],[-70.2262553,43.6516886],[-70.2240742,43.6519359],[-70.2240444,43.6521314],[-70.2237805,43.6521965],[-70.2237329,43.6520834],[-70.2241199,43.6516872],[-70.2238582,43.6515189],[-70.2238939,43.6510834],[-70.2244903,43.651144],[-70.225281,43.65]]]},"properties":{"objtype":"DEPARE","label":"shallow area","valsou":1.8,"depth_label":"1.8-3.6m","chart":"US5PWMDC"}},{"type":"Feature","geometry":{"type":"Polygon","coordinates":[[[-70.2,43.6900591],[-70.2,43.6905293],[-70.200091,43.6903654],[-70.2,43.6900591]]]},"properties":{"objtype":"DEPARE","label":"shallow area","valsou":1.8,"depth_label":"1.8-3.6m","chart":"US5PWMDC"}},{"type":"Feature","geometry":{"type":"Polygon","coordinates":[[[-70.2112108,43.65],[-70.2087855,43.6509129],[-70.2067144,43.6520256],[-70.2062908,43.6524063],[-70.205834,43.6532867],[-70.2054247,43.6547981],[-70.2056008,43.6554263],[-70.2061148,43.6559593],[-70.2078261,43.6563923],[-70.2083255,43.6563677],[-70.2093204,43.6550979],[-70.210512,43.6543746],[-70.2133079,43.6522645],[-70.2144405,43.6508796],[-70.2148593,43.650042],[-70.2145959,43.65],[-70.2146365,43.6501306],[-70.2140172,43.6505467],[-70.2141157,43.6505929],[-70.2137933,43.6512053],[-70.2131337,43.6518775],[-70.2132594,43.6519279],[-70.2128319,43.6524797],[-70.2118801,43.6529603],[-70.2101933,43.6543128],[-70.2095311,43.6546314],[-70.209308,43.6550284],[-70.20838,43.6557699],[-70.2070685,43.6560602],[-70.2061452,43.6558413],[-70.2055361,43.6549942],[-70.2056646,43.6539567],[-70.2064879,43.6524244],[-70.2067639,43.6521626],[-70.2080631,43.6517629],[-70.2095117,43.650714],[-70.2105158,43.6506712],[-70.2112108,43.65]]]},"properties":{"objtype":"DEPARE","label":"shallow area","valsou":1.8,"depth_label":"1.8-3.6m","chart":"US5PWMDC"}},{"type":"Feature","geometry":{"type":"Polygon","coordinates":[[[-70.2365184,43.6550478],[-70.2366981,43.6549125],[-70.2362593,43.6548569],[-70.2362064,43.6546555],[-70.236336,43.6545595],[-70.236514,43.6546517],[-70.2370413,43.6542732],[-70.2372911,43.6543516],[-70.2371558,43.6542191],[-70.2373029,43.6541287],[-70.2376276,43.6544539],[-70.237897,43.654315],[-70.2382985,43.6545202],[-70.2386525,43.6535387],[-70.2398851,43.6528289],[-70.2401875,43.6531066],[-70.2386614,43.6538272],[-70.2387209,43.6540205],[-70.2395031,43.6544399],[-70.2393634,43.6546124],[-70.2389767,43.6546213],[-70.2389261,43.6550601],[-70.2383313,43.6546734],[-70.2380279,43.6548905],[-70.2382985,43.6552415],[-70.2381201,43.6553664],[-70.2375193,43.6549887],[-70.2369571,43.6548965],[-70.2365184,43.6550478]]]},"properties":{"objtype":"DEPARE","label":"shallow area","valsou":1.8,"depth_label":"1.8-3.6m","chart":"US5PWMDC"}},{"type":"Feature","geometry":{"type":"Polygon","coordinates":[[[-70.245787,43.7068285],[-70.2473718,43.7048458],[-70.2478227,43.7045057],[-70.248029,43.7045159],[-70.2481375,43.7047133],[-70.2479918,43.7049374],[-70.2470045,43.7056208],[-70.2463773,43.7067609],[-70.2456534,43.707346],[-70.245787,43.7068285]]]},"properties":{"objtype":"DEPARE","label":"shallow area","valsou":1.8,"depth_label":"1.8-3.6m","chart":"US5PWMDC"}},{"type":"Feature","geometry":{"type":"Polygon","coordinates":[[[-70.2001594,43.6699697],[-70.2,43.6701705],[-70.2004461,43.6700439],[-70.2001594,43.6699697]]]},"properties":{"objtype":"DEPARE","label":"shallow area","valsou":1.8,"depth_label":"1.8-5.4m","chart":"US5PWMDC"}},{"type":"Feature","geometry":{"type":"Polygon","coordinates":[[[-70.246147,43.6514393],[-70.2448015,43.65],[-70.245354,43.65],[-70.2455228,43.6505319],[-70.2458821,43.6508031],[-70.2462462,43.6506389],[-70.2463747,43.6503391],[-70.2469101,43.6504676],[-70.2485485,43.65],[-70.246147,43.6514393]]]},"properties":{"objtype":"DEPARE","label":"shallow area","valsou":1.8,"depth_label":"1.8-5.4m","chart":"US5PWMDC"}},{"type":"Feature","geometry":{"type":"Polygon","coordinates":[[[-70.2,43.7115305],[-70.2,43.7125769],[-70.2004967,43.7118098],[-70.2004478,43.7116657],[-70.2,43.7115305]]]},"properties":{"objtype":"DEPARE","label":"shallow area","valsou":1.8,"depth_label":"1.8-3.6m","chart":"US5PWMDC"}},{"type":"Feature","geometry":{"type":"Polygon","coordinates":[[[-70.2,43.6652974],[-70.2,43.6690337],[-70.2015115,43.6674367],[-70.2024964,43.6651695],[-70.2030127,43.6634709],[-70.2025064,43.6624415],[-70.2024625,43.6618807],[-70.2015846,43.6611743],[-70.2008724,43.6602446],[-70.2,43.6580496],[-70.2001681,43.6590792],[-70.2007463,43.6607039],[-70.2015387,43.661432],[-70.2020455,43.6625699],[-70.2018742,43.6639619],[-70.2007242,43.6646543],[-70.2,43.6652974]],[[-70.2008516,43.6668736],[-70.2006149,43.6667767],[-70.2006149,43.6665902],[-70.2010607,43.6659448],[-70.2014007,43.6658588],[-70.2015191,43.6660801],[-70.2013932,43.6664421],[-70.2008516,43.6668736]]]},"properties":{"objtype":"DEPARE","label":"shallow area","valsou":1.8,"depth_label":"1.8-3.6m","chart":"US5PWMDC"}},{"type":"Feature","geometry":{"type":"Polygon","coordinates":[[[-70.2034207,43.6678371],[-70.2031991,43.6677896],[-70.2019775,43.6692943],[-70.2004184,43.6700768],[-70.201232,43.6700659],[-70.2016501,43.6695192],[-70.20231,43.669309],[-70.2034207,43.6678371]]]},"properties":{"objtype":"DEPARE","label":"shallow area","valsou":1.8,"depth_label":"1.8-3.6m","chart":"US5PWMDC"}},{"type":"Feature","geometry":{"type":"Polygon","coordinates":[[[-70.2061661,43.7206219],[-70.2061963,43.7203132],[-70.2085109,43.7185805],[-70.2089832,43.7185941],[-70.2093122,43.7188291],[-70.2092355,43.7191518],[-70.2080602,43.7204484],[-70.2065112,43.7207479],[-70.2061661,43.7206219]],[[-70.2071509,43.7201469],[-70.2072114,43.7199423],[-70.2075989,43.7198755],[-70.2079515,43.7199888],[-70.2081051,43.7202628],[-70.2076657,43.7204423],[-70.2071509,43.7201469]]]},"properties":{"objtype":"DEPARE","label":"shallow area","valsou":1.8,"depth_label":"1.8-3.6m","chart":"US5PWMDC"}},{"type":"Feature","geometry":{"type":"Polygon","coordinates":[[[-70.2206262,43.6618115],[-70.2178189,43.6639606],[-70.21718,43.6650337],[-70.216133,43.6659498],[-70.2159843,43.6662234],[-70.2160021,43.6669682],[-70.2154073,43.6677356],[-70.2154927,43.6691581],[-70.2158951,43.6692049],[-70.2162877,43.6685029],[-70.2169242,43.6681044],[-70.2172454,43.6681103],[-70.2176571,43.6685053],[-70.2179247,43.6690693],[-70.21861,43.6692656],[-70.2190904,43.6697238],[-70.2193617,43.6697917],[-70.2195116,43.6697346],[-70.2196722,43.6695347],[-70.2196258,43.6689136],[-70.2201291,43.668753],[-70.220072,43.6679714],[-70.2225162,43.6655764],[-70.2240138,43.6646228],[-70.2250845,43.6636805],[-70.2253201,43.6632772],[-70.2252023,43.6627875],[-70.2239388,43.6621058],[-70.2235534,43.661706],[-70.2236711,43.6610671],[-70.2235355,43.6608994],[-70.2221961,43.6613689],[-70.2226716,43.6613713],[-70.2230444,43.6615926],[-70.2230539,43.6621399],[-70.2235734,43.6623779],[-70.2238446,43.6627395],[-70.225101,43.6628556],[-70.2252319,43.6631174],[-70.2251338,43.6635029],[-70.2234482,43.6648834],[-70.2215739,43.6651214],[-70.2207421,43.6656758],[-70.2199402,43.6665348],[-70.2196998,43.6665943],[-70.2191388,43.6662421],[-70.2178026,43.6673892],[-70.2173192,43.6675008],[-70.2169242,43.6667894],[-70.217086,43.6660879],[-70.2169361,43.6660141],[-70.2164935,43.6663877],[-70.2163365,43.666195],[-70.2164959,43.6657167],[-70.2167957,43.6655573],[-70.2171241,43.6657833],[-70.217481,43.6657453],[-70.2178969,43.6642781],[-70.2196546,43.6628985],[-70.2206262,43.6618115]],[[-70.2194745,43.6696259],[-70.2192273,43.6689012],[-70.2187847,43.6688512],[-70.2187241,43.6690796],[-70.2191774,43.6697185],[-70.2194745,43.6696259]],[[-70.2163867,43.6667536],[-70.2166559,43.6667011],[-70.2166845,43.6669581],[-70.2164084,43.6669581],[-70.2163867,43.6667536]]]},"properties":{"objtype":"DEPARE","label":"shallow area","valsou":1.8,"depth_label":"1.8-3.6m","chart":"US5PWMDC"}},{"type":"Feature","geometry":{"type":"Polygon","coordinates":[[[-70.2170229,43.6687102],[-70.2174156,43.6687923],[-70.2174441,43.6690136],[-70.2168052,43.6690671],[-70.2163769,43.6688815],[-70.2170229,43.6687102]]]},"properties":{"objtype":"DEPARE","label":"shallow area","valsou":1.8,"depth_label":"1.8-3.6m","chart":"US5PWMDC"}},{"type":"Feature","geometry":{"type":"Polygon","coordinates":[[[-70.2193241,43.6856323],[-70.2195866,43.6853686],[-70.2198543,43.6853881],[-70.219951,43.6855603],[-70.2197067,43.6858254],[-70.2193241,43.6856323]]]},"properties":{"objtype":"DEPARE","label":"shallow area","valsou":1.8,"depth_label":"1.8-3.6m","chart":"US5PWMDC"}},{"type":"Feature","geometry":{"type":"Polygon","coordinates":[[[-70.2320879,43.6521241],[-70.231829,43.652752],[-70.2340078,43.6546466],[-70.2342398,43.6550273],[-70.2344361,43.6559731],[-70.2348017,43.6562233],[-70.2351691,43.6557264],[-70.2359473,43.6557816],[-70.2357529,43.6551112],[-70.2359678,43.6548991],[-70.2363574,43.6551031],[-70.2361731,43.655179],[-70.236069,43.6557308],[-70.2362897,43.6559845],[-70.2356853,43.6558527],[-70.2352035,43.6560104],[-70.2350815,43.6561472],[-70.2355782,43.6565755],[-70.2354714,43.6566704],[-70.2343787,43.6562442],[-70.2331354,43.6560389],[-70.2319368,43.655102],[-70.2313004,43.6548606],[-70.23122,43.6545548],[-70.2320974,43.6544328],[-70.2320438,43.6541294],[-70.2314877,43.6534067],[-70.2314639,43.6531003],[-70.2315799,43.6526155],[-70.2320879,43.6521241]]]},"properties":{"objtype":"DEPARE","label":"shallow area","valsou":1.8,"depth_label":"1.8-3.6m","chart":"US5PWMDC"}},{"type":"Feature","geometry":{"type":"Polygon","coordinates":[[[-70.240015,43.6626234],[-70.2394953,43.6626462],[-70.2395144,43.6628975],[-70.2400455,43.6628784],[-70.240015,43.6626234]]]},"properties":{"objtype":"DEPARE","label":"shallow area","valsou":1.8,"depth_label":"1.8-3.6m","chart":"US5PWMDC"}},{"type":"Feature","geometry":{"type":"Polygon","coordinates":[[[-70.2422232,43.6611966],[-70.2415781,43.6616046],[-70.2418715,43.6619212],[-70.2421644,43.6616607],[-70.2422232,43.6611966]]]},"properties":{"objtype":"DEPARE","label":"shallow area","valsou":1.8,"depth_label":"1.8-3.6m","chart":"US5PWMDC"}},{"type":"Feature","geometry":{"type":"Polygon","coordinates":[[[-70.2,43.6889361],[-70.2,43.6895822],[-70.2006577,43.6898098],[-70.201174,43.6896673],[-70.2014738,43.6891117],[-70.2011388,43.6876915],[-70.2017105,43.6873113],[-70.2021689,43.6865583],[-70.2032469,43.6863719],[-70.2040126,43.6859826],[-70.2042796,43.6857011],[-70.2043728,43.685299],[-70.2049823,43.6848877],[-70.2056045,43.6840304],[-70.2096697,43.6806507],[-70.2106419,43.6801608],[-70.2108257,43.6799268],[-70.2109089,43.679521],[-70.2103069,43.6787697],[-70.2106607,43.6781402],[-70.2105814,43.6763932],[-70.2108736,43.6742708],[-70.2113043,43.6729362],[-70.2116544,43.6710019],[-70.2126228,43.6694531],[-70.2127918,43.6687488],[-70.2132028,43.6683227],[-70.2130458,43.6678872],[-70.2139845,43.6651832],[-70.2140273,43.6636442],[-70.2134098,43.6629724],[-70.2133063,43.6625191],[-70.212514,43.6622086],[-70.2114841,43.6620706],[-70.2101135,43.6623086],[-70.209176,43.6629385],[-70.206997,43.6621771],[-70.2060422,43.662192],[-70.2053693,43.6625701],[-70.2051561,43.6637214],[-70.2052177,43.6642772],[-70.2049597,43.6653048],[-70.204335,43.6659832],[-70.206156,43.6654566],[-70.2078738,43.6642407],[-70.2083294,43.6643651],[-70.2088778,43.6638039],[-70.2097243,43.6632773],[-70.2099624,43.6629611],[-70.209783,43.6627523],[-70.2100608,43.6624649],[-70.21136,43.6621472],[-70.2120988,43.6622043],[-70.2132533,43.6625928],[-70.2133282,43.6630425],[-70.2138529,43.6637443],[-70.2137958,43.6653504],[-70.2133839,43.6661278],[-70.21287,43.6680608],[-70.2122299,43.6681394],[-70.2110625,43.6689561],[-70.2101029,43.6702176],[-70.2096948,43.6710824],[-70.2079796,43.6730971],[-70.2076345,43.6744408],[-70.2076219,43.6757899],[-70.2081912,43.6775376],[-70.2090786,43.6793454],[-70.2090954,43.6798098],[-70.2088309,43.6804021],[-70.2069923,43.6820746],[-70.2064381,43.6822483],[-70.2063097,43.6827089],[-70.2056145,43.6825499],[-70.2055188,43.6830598],[-70.205141,43.6833925],[-70.2036247,43.684332],[-70.2024158,43.6853118],[-70.2008793,43.6860191],[-70.2004159,43.6863883],[-70.2,43.6869422],[-70.2,43.6886907],[-70.200232,43.6888093],[-70.2,43.6889361]],[[-70.2002371,43.6881009],[-70.2008091,43.6876447],[-70.2007449,43.6872284],[-70.2005141,43.6872675],[-70.200471,43.6876898],[-70.2001565,43.6880169],[-70.2002371,43.6881009]]]},"properties":{"objtype":"DEPARE","label":"shallow area","valsou":1.8,"depth_label":"1.8-3.6m","chart":"US5PWMDC"}},{"type":"Feature","geometry":{"type":"Polygon","coordinates":[[[-70.1880893,43.703894],[-70.1870315,43.7041791],[-70.1869055,43.703958],[-70.1882754,43.7027511],[-70.1887729,43.7026338],[-70.1890186,43.7027782],[-70.1890186,43.7031233],[-70.1888538,43.703279],[-70.1880893,43.703894]],[[-70.1889306,43.7030882],[-70.187704,43.7039781],[-70.1873942,43.7039854],[-70.1872128,43.7038155],[-70.1881246,43.7029329],[-70.1888072,43.7027429],[-70.1889306,43.7030882]]]},"properties":{"objtype":"DEPARE","label":"shallow area","valsou":1.8,"depth_label":"1.8-3.6m","chart":"US5PWMDD"}},{"type":"Feature","geometry":{"type":"Polygon","coordinates":[[[-70.1909707,43.7193669],[-70.1907818,43.71917],[-70.191433,43.7185293],[-70.1917101,43.718326],[-70.1921117,43.7184974],[-70.1924971,43.7183384],[-70.1932225,43.7175584],[-70.1936784,43.7173848],[-70.1938384,43.7169805],[-70.1940515,43.7171102],[-70.1953709,43.7168405],[-70.1956555,43.7165281],[-70.1957336,43.7159142],[-70.196051,43.7156018],[-70.1960196,43.7152836],[-70.1962504,43.7150448],[-70.1961627,43.7147309],[-70.1960128,43.7147647],[-70.196255,43.7134773],[-70.196124,43.7128779],[-70.19659,43.7119306],[-70.196875,43.7119806],[-70.1970873,43.7118209],[-70.197305,43.7108951],[-70.1972346,43.7106972],[-70.1968958,43.7105631],[-70.1961366,43.7110272],[-70.195585,43.7109961],[-70.1951342,43.710733],[-70.1949201,43.7102178],[-70.1951691,43.7097939],[-70.1955205,43.7096232],[-70.1955327,43.7090979],[-70.1952547,43.7091112],[-70.1948697,43.709519],[-70.1937807,43.7095869],[-70.194888,43.7090048],[-70.1953249,43.7085371],[-70.1954838,43.7089228],[-70.1959911,43.7094414],[-70.1966083,43.709805],[-70.1968436,43.7103303],[-70.1970881,43.7103835],[-70.1974364,43.7100599],[-70.1978153,43.7103214],[-70.1974035,43.7107878],[-70.1972977,43.711641],[-70.1966432,43.7134141],[-70.1964716,43.7156274],[-70.1958772,43.7168752],[-70.1960218,43.7170479],[-70.1965969,43.7171911],[-70.1966378,43.7174835],[-70.1964666,43.7172186],[-70.1960862,43.7172497],[-70.1959653,43.7175602],[-70.1964439,43.7176589],[-70.1963633,43.7177685],[-70.1948935,43.7180403],[-70.1944182,43.7184866],[-70.1941922,43.7191568],[-70.1934536,43.7199888],[-70.1932142,43.720059],[-70.1927024,43.7198521],[-70.1922074,43.7202894],[-70.1912554,43.7214037],[-70.1907944,43.7223171],[-70.1907264,43.7230496],[-70.1910339,43.7234304],[-70.1909734,43.723721],[-70.1902328,43.7231172],[-70.1900338,43.7226861],[-70.191014,43.7214267],[-70.1904347,43.7214652],[-70.1900343,43.7211517],[-70.1904571,43.7206305],[-70.1905444,43.7199773],[-70.1910257,43.7198948],[-70.1913945,43.7193905],[-70.1913461,43.7192872],[-70.1909707,43.7193669]]]},"properties":{"objtype":"DEPARE","label":"shallow area","valsou":1.8,"depth_label":"1.8-3.6m","chart":"US5PWMDD"}},{"type":"Feature","geometry":{"type":"Polygon","coordinates":[[[-70.1521394,43.682773],[-70.1518321,43.6827695],[-70.1516513,43.6829351],[-70.1516944,43.6826368],[-70.1509888,43.6828402],[-70.151001,43.6826195],[-70.1508452,43.682952],[-70.1512514,43.6833349],[-70.1521394,43.682773]]]},"properties":{"objtype":"DEPARE","label":"shallow area","valsou":1.8,"depth_label":"1.8-3.6m","chart":"US5PWMDD"}},{"type":"Feature","geometry":{"type":"Polygon","coordinates":[[[-70.1827428,43.691954],[-70.1819714,43.6920469],[-70.1818026,43.6921821],[-70.1818001,43.6924709],[-70.1828061,43.6929481],[-70.1819109,43.6924983],[-70.1818606,43.6922479],[-70.1827428,43.691954]]]},"properties":{"objtype":"DEPARE","label":"shallow area","valsou":1.8,"depth_label":"1.8-3.6m","chart":"US5PWMDD"}},{"type":"Feature","geometry":{"type":"Polygon","coordinates":[[[-70.1482399,43.6830274],[-70.1479955,43.6835403],[-70.1474958,43.6838017],[-70.1476691,43.6841237],[-70.1490216,43.6834327],[-70.1492836,43.6828862],[-70.1496689,43.682623],[-70.1504527,43.6823427],[-70.1510925,43.6824879],[-70.1514689,43.6820877],[-70.1516643,43.6815627],[-70.1514577,43.6814944],[-70.1514793,43.6816733],[-70.1510937,43.6818159],[-70.1514465,43.681428],[-70.1518005,43.6813062],[-70.151833,43.6811377],[-70.151601,43.6812301],[-70.1520541,43.6808525],[-70.1523561,43.6809019],[-70.1521584,43.6812822],[-70.1524245,43.6811418],[-70.1526167,43.6813008],[-70.1530421,43.6810932],[-70.1533652,43.681244],[-70.1536452,43.6811113],[-70.1543285,43.6811479],[-70.154797,43.6809669],[-70.1547769,43.6805574],[-70.1544797,43.6801736],[-70.1547038,43.6800054],[-70.1543537,43.67968],[-70.1538789,43.6797545],[-70.1536246,43.6794604],[-70.1539559,43.6792596],[-70.1535668,43.6791235],[-70.152645,43.6792413],[-70.1531019,43.6787836],[-70.152925,43.6788355],[-70.1530123,43.6785834],[-70.1528387,43.6785942],[-70.1529666,43.6784116],[-70.1526883,43.6785374],[-70.152593,43.6784786],[-70.1528891,43.6783574],[-70.152829,43.6782321],[-70.1523863,43.6781876],[-70.1525691,43.6780865],[-70.1525843,43.6776554],[-70.152516,43.6775169],[-70.1522894,43.6775381],[-70.1523588,43.677346],[-70.1521373,43.6772088],[-70.1524344,43.6770164],[-70.152249,43.6768779],[-70.1525127,43.6765664],[-70.152251,43.6766219],[-70.1524935,43.676426],[-70.1524244,43.6756821],[-70.1532777,43.675198],[-70.154146,43.6752692],[-70.1547993,43.6747336],[-70.155385,43.6746977],[-70.1555812,43.6744719],[-70.1563348,43.6748334],[-70.1564373,43.6750866],[-70.1562586,43.6752367],[-70.1565651,43.6753525],[-70.1563929,43.6754969],[-70.1565942,43.6758206],[-70.1568954,43.6758531],[-70.1567075,43.6761448],[-70.1569686,43.6765207],[-70.1555561,43.6771696],[-70.1549878,43.6771607],[-70.1548769,43.6774191],[-70.1550452,43.6777412],[-70.1556703,43.6775972],[-70.155692,43.6777727],[-70.1559572,43.677742],[-70.1548772,43.6790899],[-70.1553309,43.6791059],[-70.1560758,43.6796829],[-70.1576274,43.6801659],[-70.1578198,43.6798959],[-70.1590091,43.6791269],[-70.159674,43.6784132],[-70.1595473,43.6779726],[-70.1596405,43.6778154],[-70.1604288,43.6777679],[-70.1613536,43.6773523],[-70.1614896,43.6774089],[-70.1614313,43.6776966],[-70.1616781,43.6778465],[-70.1628724,43.6778531],[-70.1627209,43.6783309],[-70.162406,43.6784699],[-70.1622308,43.6789228],[-70.1623463,43.6790809],[-70.1630245,43.6787195],[-70.1631296,43.6789265],[-70.1632911,43.6789133],[-70.1641382,43.6782477],[-70.1638989,43.6783081],[-70.1639989,43.6780301],[-70.1642235,43.6780794],[-70.1642222,43.6778945],[-70.1659826,43.6769014],[-70.1657861,43.6762616],[-70.1662597,43.6758868],[-70.1668267,43.6757821],[-70.1668947,43.6755664],[-70.1666152,43.6754476],[-70.165368,43.6757936],[-70.1648038,43.6750239],[-70.1653851,43.6745106],[-70.1652377,43.6742382],[-70.1648323,43.6741895],[-70.1646401,43.6752214],[-70.1651162,43.6760184],[-70.1655502,43.6763675],[-70.165543,43.6767384],[-70.1647396,43.6767293],[-70.1644462,43.6768685],[-70.1643127,43.6771774],[-70.1635768,43.6771039],[-70.1636201,43.6775609],[-70.1633632,43.677698],[-70.16226,43.6774315],[-70.1619714,43.6768745],[-70.1599478,43.6774699],[-70.1593735,43.6778008],[-70.1586632,43.6786344],[-70.1584391,43.6791535],[-70.1578753,43.6792368],[-70.156215,43.6789963],[-70.1558977,43.6784589],[-70.1559984,43.6779635],[-70.1566558,43.6770769],[-70.1575911,43.6768515],[-70.1570437,43.6763987],[-70.1574517,43.6759983],[-70.1575058,43.675722],[-70.156885,43.6754261],[-70.1571596,43.6753841],[-70.1566533,43.675013],[-70.1563071,43.6742744],[-70.1558512,43.6741958],[-70.1549557,43.6746547],[-70.154763,43.6743639],[-70.1545741,43.6743712],[-70.1532747,43.6748517],[-70.1521675,43.6756016],[-70.1517443,43.6762214],[-70.1519243,43.6766814],[-70.1518098,43.6780458],[-70.1520088,43.6788665],[-70.1526259,43.6795849],[-70.153185,43.6799122],[-70.1525226,43.6800292],[-70.1523866,43.6802759],[-70.1516285,43.6805684],[-70.150898,43.6811954],[-70.1510315,43.6814019],[-70.1506562,43.6815866],[-70.1501391,43.6821886],[-70.1493868,43.6823159],[-70.1482399,43.6830274]],[[-70.150989,43.6816667],[-70.1508542,43.6817184],[-70.1508898,43.6818364],[-70.1510603,43.6818105],[-70.150989,43.6816667]]]},"properties":{"objtype":"DEPARE","label":"shallow area","valsou":1.8,"depth_label":"1.8-3.6m","chart":"US5PWMDD"}},{"type":"Feature","geometry":{"type":"Polygon","coordinates":[[[-70.1996585,43.6571383],[-70.1995542,43.6573303],[-70.2,43.6584187],[-70.2,43.6580496],[-70.1996585,43.6571383]]]},"properties":{"objtype":"DEPARE","label":"shallow area","valsou":1.8,"depth_label":"1.8-3.6m","chart":"US5PWMDD"}},{"type":"Feature","geometry":{"type":"Polygon","coordinates":[[[-70.1930554,43.6697294],[-70.1933106,43.6699233],[-70.1933081,43.6701225],[-70.1912931,43.6708776],[-70.1898474,43.6724261],[-70.1885956,43.6726272],[-70.1880742,43.6731848],[-70.187692,43.6732331],[-70.1877924,43.6736047],[-70.190064,43.6728777],[-70.1927439,43.6713402],[-70.1951745,43.6710275],[-70.1969678,43.6705028],[-70.2,43.6690337],[-70.2,43.6652974],[-70.1994107,43.6659178],[-70.1957166,43.6682092],[-70.1941605,43.6694299],[-70.1938821,43.6692657],[-70.1934693,43.6695082],[-70.1932044,43.6693341],[-70.1930554,43.6697294]]]},"properties":{"objtype":"DEPARE","label":"shallow area","valsou":1.8,"depth_label":"1.8-3.6m","chart":"US5PWMDD"}},{"type":"Feature","geometry":{"type":"Polygon","coordinates":[[[-70.1843881,43.650341],[-70.1841918,43.6503851],[-70.1841965,43.6505279],[-70.1844725,43.6504898],[-70.1843881,43.650341]]]},"properties":{"objtype":"DEPARE","label":"shallow area","valsou":1.8,"depth_label":"1.8-3.6m","chart":"US5PWMDD"}},{"type":"Feature","geometry":{"type":"Polygon","coordinates":[[[-70.1495858,43.689755],[-70.1494573,43.6894214],[-70.1503497,43.6889838],[-70.1510946,43.6890945],[-70.1509704,43.689229],[-70.1511725,43.6894174],[-70.1511003,43.6895408],[-70.1506038,43.6897198],[-70.1506469,43.6898694],[-70.1504825,43.6899889],[-70.1499787,43.6900602],[-70.1495858,43.689755]]]},"properties":{"objtype":"DEPARE","label":"shallow area","valsou":1.8,"depth_label":"1.8-3.6m","chart":"US5PWMDD"}},{"type":"Feature","geometry":{"type":"Polygon","coordinates":[[[-70.1348385,43.7028623],[-70.1346076,43.7029254],[-70.1340404,43.7025379],[-70.1339194,43.702604],[-70.1339975,43.7029493],[-70.1348969,43.7039074],[-70.1354455,43.7048224],[-70.1353374,43.7065654],[-70.1342141,43.7081842],[-70.1343123,43.7092823],[-70.1347556,43.7093298],[-70.1358558,43.7087763],[-70.1372141,43.7089486],[-70.1388574,43.7085554],[-70.1379847,43.7081458],[-70.1371157,43.7087196],[-70.1362661,43.7084254],[-70.1351737,43.7088237],[-70.1345063,43.7086008],[-70.1343753,43.7081148],[-70.1354816,43.706736],[-70.1361081,43.7047421],[-70.1355302,43.703569],[-70.1348385,43.7028623]]]},"properties":{"objtype":"DEPARE","label":"shallow area","valsou":1.8,"depth_label":"1.8-3.6m","chart":"US5PWMDD"}},{"type":"Feature","geometry":{"type":"Polygon","coordinates":[[[-70.1306141,43.7064429],[-70.1307185,43.7068186],[-70.1302556,43.7070081],[-70.1300453,43.706942],[-70.1300353,43.7064773],[-70.1306141,43.7064429]]]},"properties":{"objtype":"DEPARE","label":"shallow area","valsou":1.8,"depth_label":"1.8-3.6m","chart":"US5PWMDD"}},{"type":"Feature","geometry":{"type":"Polygon","coordinates":[[[-70.1458908,43.6587039],[-70.1457347,43.6590056],[-70.1460571,43.6591281],[-70.1462132,43.6588812],[-70.1458908,43.6587039]]]},"properties":{"objtype":"DEPARE","label":"shallow area","valsou":1.8,"depth_label":"1.8-3.6m","chart":"US5PWMDD"}},{"type":"Feature","geometry":{"type":"Polygon","coordinates":[[[-70.1882128,43.7186764],[-70.1878173,43.7190253],[-70.1869207,43.7190088],[-70.1865428,43.7191459],[-70.1864673,43.7205287],[-70.1858804,43.7210183],[-70.1864874,43.720863],[-70.1872355,43.7199624],[-70.1893285,43.718797],[-70.189996,43.7181722],[-70.1902605,43.7174104],[-70.1899884,43.7162851],[-70.1904791,43.7154373],[-70.1907331,43.7153912],[-70.1910614,43.7149807],[-70.1914493,43.7137768],[-70.1912758,43.7131181],[-70.1908314,43.7130798],[-70.1896006,43.713669],[-70.1889205,43.7135137],[-70.1886233,43.7132871],[-70.1885175,43.7134041],[-70.1885946,43.7138195],[-70.1881137,43.7142723],[-70.1887027,43.7141287],[-70.1889975,43.7143361],[-70.1895915,43.7142244],[-70.1898995,43.7144383],[-70.1900711,43.7148436],[-70.1896333,43.7163235],[-70.1898877,43.7173246],[-70.1898449,43.7179292],[-70.18919,43.7184773],[-70.1882128,43.7186764]]]},"properties":{"objtype":"DEPARE","label":"shallow area","valsou":1.8,"depth_label":"1.8-3.6m","chart":"US5PWMDD"}},{"type":"Feature","geometry":{"type":"Polygon","coordinates":[[[-70.1905672,43.6836684],[-70.1901263,43.6842023],[-70.1902109,43.6843471],[-70.1899497,43.6842592],[-70.1893227,43.6845113],[-70.1886405,43.6842787],[-70.1878896,43.6845448],[-70.187757,43.6844563],[-70.1878382,43.684308],[-70.1875478,43.6845002],[-70.1875025,43.684842],[-70.1896335,43.6849073],[-70.1905166,43.6844793],[-70.1906389,43.6842265],[-70.1911692,43.6839118],[-70.1914726,43.6839556],[-70.191533,43.6841572],[-70.191953,43.684301],[-70.1914986,43.6837601],[-70.1905672,43.6836684]]]},"properties":{"objtype":"DEPARE","label":"shallow area","valsou":1.8,"depth_label":"1.8-3.6m","chart":"US5PWMDD"}},{"type":"Feature","geometry":{"type":"Polygon","coordinates":[[[-70.1524193,43.6986515],[-70.1520348,43.6984982],[-70.1521762,43.6985115],[-70.1520554,43.6983019],[-70.1522918,43.6980877],[-70.1525243,43.6981447],[-70.1533262,43.6977436],[-70.1550901,43.695632],[-70.1556005,43.6956069],[-70.155938,43.695256],[-70.1570866,43.6946302],[-70.1580316,43.6946675],[-70.1583799,43.6943734],[-70.1608699,43.6932951],[-70.1609461,43.6935062],[-70.1612106,43.6935537],[-70.1612148,43.6931964],[-70.1625546,43.6926609],[-70.1630289,43.6920513],[-70.1661569,43.6909159],[-70.1677166,43.6899261],[-70.1685391,43.6897569],[-70.168655,43.6894443],[-70.1692594,43.688949],[-70.1700327,43.6886182],[-70.1707516,43.6880846],[-70.1712971,43.6873589],[-70.1732211,43.6833687],[-70.1726597,43.6816487],[-70.1731685,43.6812301],[-70.1741165,43.6809564],[-70.1745261,43.6802997],[-70.1742188,43.6800054],[-70.1731307,43.6798665],[-70.172637,43.6807603],[-70.1715036,43.6807951],[-70.1711183,43.6805099],[-70.1711837,43.6801991],[-70.1716089,43.6797253],[-70.1715668,43.6795341],[-70.1699508,43.6798293],[-70.1693673,43.6797016],[-70.1687636,43.6799784],[-70.1683869,43.6796381],[-70.168983,43.6787],[-70.1693249,43.6793564],[-70.1699697,43.679287],[-70.1703526,43.6796051],[-70.1716648,43.6793397],[-70.1726319,43.6796011],[-70.1735463,43.6792925],[-70.17404,43.6794954],[-70.1741281,43.6797641],[-70.1750864,43.6807928],[-70.1751306,43.6810948],[-70.1737352,43.6814385],[-70.1732138,43.6817986],[-70.1731635,43.6821697],[-70.1736308,43.6828995],[-70.1734481,43.68446],[-70.1729292,43.6852789],[-70.172496,43.6855859],[-70.1714558,43.6878121],[-70.1687683,43.6897568],[-70.1687733,43.6901607],[-70.1692359,43.6906697],[-70.1681437,43.690837],[-70.1676272,43.6907482],[-70.1659286,43.6911195],[-70.1637636,43.6920012],[-70.162605,43.6929497],[-70.1614993,43.6935217],[-70.158905,43.694441],[-70.1555954,43.6959468],[-70.153243,43.6980283],[-70.1531751,43.6984904],[-70.1524193,43.6986515]],[[-70.1735841,43.6795117],[-70.1736257,43.6794653],[-70.1736448,43.6795046],[-70.1735841,43.6795117]]]},"properties":{"objtype":"DEPARE","label":"shallow area","valsou":1.8,"depth_label":"1.8-3.6m","chart":"US5PWMDD"}},{"type":"Feature","geometry":{"type":"Polygon","coordinates":[[[-70.1257565,43.65],[-70.1255548,43.6502495],[-70.125784,43.6504928],[-70.1257663,43.6507195],[-70.1250007,43.6509189],[-70.1251845,43.6512682],[-70.125,43.6515931],[-70.1259074,43.6509225],[-70.126467,43.65],[-70.1257565,43.65]]]},"properties":{"objtype":"DEPARE","label":"shallow area","valsou":1.8,"depth_label":"1.8-5.4m","chart":"US5PWMDD"}},{"type":"Feature","geometry":{"type":"Polygon","coordinates":[[[-70.1901973,43.7122233],[-70.1900967,43.7120028],[-70.1904166,43.7118018],[-70.1921142,43.7116575],[-70.1926029,43.7114382],[-70.1931592,43.7107568],[-70.1933106,43.7099547],[-70.1935726,43.7097464],[-70.1934668,43.7103347],[-70.1940643,43.7108802],[-70.1934441,43.7120137],[-70.1922921,43.7123691],[-70.1908301,43.7119442],[-70.1901973,43.7122233]]]},"properties":{"objtype":"DEPARE","label":"shallow area","valsou":1.8,"depth_label":"1.8-3.6m","chart":"US5PWMDD"}},{"type":"Feature","geometry":{"type":"Polygon","coordinates":[[[-70.1962012,43.65],[-70.1955403,43.650052],[-70.1963612,43.6510067],[-70.1970512,43.6509919],[-70.1973998,43.6512642],[-70.197929,43.6510207],[-70.1981016,43.6512467],[-70.1984585,43.6508184],[-70.1984466,43.6506281],[-70.1979707,43.6501819],[-70.198301,43.65],[-70.1971961,43.65],[-70.1967468,43.6502072],[-70.1962012,43.65]]]},"properties":{"objtype":"DEPARE","label":"shallow area","valsou":1.8,"depth_label":"1.8-3.6m","chart":"US5PWMDD"}},{"type":"Feature","geometry":{"type":"Polygon","coordinates":[[[-70.2,43.7115305],[-70.2,43.7125769],[-70.1996124,43.7129784],[-70.1994272,43.7129867],[-70.198975,43.7123262],[-70.1997664,43.7118342],[-70.1997389,43.7115305],[-70.2,43.7115305]],[[-70.1996211,43.7126185],[-70.1998996,43.7124464],[-70.1999217,43.7122497],[-70.1996358,43.7120787],[-70.1993603,43.712129],[-70.1992556,43.7124539],[-70.1996211,43.7126185]]]},"properties":{"objtype":"DEPARE","label":"shallow area","valsou":1.8,"depth_label":"1.8-3.6m","chart":"US5PWMDD"}},{"type":"Feature","geometry":{"type":"Polygon","coordinates":[[[-70.1511575,43.6996072],[-70.1510947,43.6997005],[-70.1503895,43.6998372],[-70.1499612,43.700094],[-70.1498299,43.7008625],[-70.1490997,43.7012225],[-70.1490134,43.7015875],[-70.1485531,43.7020759],[-70.1483869,43.7020156],[-70.1484876,43.7014747],[-70.1488839,43.701118],[-70.1488697,43.7009022],[-70.148627,43.7008038],[-70.1480318,43.7010764],[-70.1478126,43.7009375],[-70.1484169,43.7003655],[-70.1483598,43.6999685],[-70.1486644,43.6999322],[-70.1490392,43.7001188],[-70.1506841,43.6995614],[-70.1511575,43.6996072]]]},"properties":{"objtype":"DEPARE","label":"shallow area","valsou":1.8,"depth_label":"1.8-3.6m","chart":"US5PWMDD"}},{"type":"Feature","geometry":{"type":"Polygon","coordinates":[[[-70.1263734,43.7161927],[-70.1265913,43.7163018],[-70.1267546,43.7161368],[-70.1261759,43.7160362],[-70.1266155,43.715292],[-70.127071,43.7151086],[-70.1273103,43.7143047],[-70.1271979,43.7140673],[-70.1263485,43.7136648],[-70.1270458,43.7130186],[-70.1269509,43.712827],[-70.1266965,43.7129919],[-70.1267555,43.7126709],[-70.1276025,43.7122586],[-70.1274279,43.7117542],[-70.1279333,43.7116652],[-70.1276529,43.7128105],[-70.1272196,43.7136507],[-70.1274539,43.7145824],[-70.1268015,43.7161006],[-70.1268947,43.7172771],[-70.1267537,43.7180827],[-70.1269653,43.7184298],[-70.1274312,43.7185485],[-70.1294512,43.7185175],[-70.1303529,43.7183056],[-70.1313845,43.7177632],[-70.1331756,43.7177609],[-70.1368134,43.7169537],[-70.1379216,43.716455],[-70.1390727,43.7156165],[-70.1398963,43.7153041],[-70.1402741,43.7149277],[-70.1417299,43.7142134],[-70.1429288,43.7131702],[-70.1435736,43.7125308],[-70.1439439,43.7115789],[-70.1445962,43.7107304],[-70.144543,43.7101385],[-70.1437751,43.7097318],[-70.1438154,43.7095125],[-70.1448632,43.708144],[-70.145372,43.7077165],[-70.1460546,43.7073365],[-70.1475274,43.7069633],[-70.1482559,43.7072634],[-70.1495202,43.7073009],[-70.1507343,43.7083688],[-70.1521141,43.7088524],[-70.1530969,43.7095326],[-70.1580432,43.7096918],[-70.1579939,43.7100228],[-70.157406,43.7100258],[-70.1573896,43.7107475],[-70.1566578,43.7111263],[-70.1563939,43.7114857],[-70.1561596,43.7121709],[-70.1562251,43.7128834],[-70.1575097,43.7120503],[-70.1577766,43.7122476],[-70.158157,43.7121763],[-70.1581736,43.7119571],[-70.1579509,43.7118018],[-70.1581668,43.7112019],[-70.1586534,43.7114023],[-70.1584031,43.7117199],[-70.1582426,43.7124175],[-70.1572452,43.712666],[-70.1567339,43.7132415],[-70.1557027,43.7139634],[-70.1561525,43.7135528],[-70.1555728,43.7129418],[-70.155676,43.7122129],[-70.1567462,43.7105907],[-70.1572981,43.7106636],[-70.1573771,43.7102995],[-70.1571658,43.7099619],[-70.1550388,43.7098894],[-70.152568,43.7102324],[-70.1506991,43.7092896],[-70.1495013,43.7077817],[-70.1489788,43.7078773],[-70.1471764,43.7076648],[-70.1456621,43.7077592],[-70.1452511,43.7080125],[-70.1449312,43.7086118],[-70.1449715,43.7107147],[-70.1443167,43.7117068],[-70.1439036,43.7127683],[-70.1431404,43.7134936],[-70.1406519,43.7153022],[-70.1384002,43.7163271],[-70.1368109,43.7173848],[-70.1348952,43.7179526],[-70.131878,43.7181126],[-70.1298762,43.7192479],[-70.1294619,43.7192447],[-70.1288975,43.7194935],[-70.1287762,43.719261],[-70.1263003,43.7188993],[-70.1262122,43.7185558],[-70.1265522,43.7178773],[-70.1261719,43.7169957],[-70.1263812,43.7165894],[-70.1263734,43.7161927]],[[-70.1566085,43.7130195],[-70.1569178,43.7129852],[-70.157051,43.7126889],[-70.1566382,43.7126605],[-70.1565022,43.7128724],[-70.1566085,43.7130195]]]},"properties":{"objtype":"DEPARE","label":"shallow area","valsou":1.8,"depth_label":"1.8-3.6m","chart":"US5PWMDD"}},{"type":"Feature","geometry":{"type":"Polygon","coordinates":[[[-70.1490315,43.6850581],[-70.1494221,43.6839555],[-70.1499214,43.6832292],[-70.1503228,43.6831432],[-70.1506871,43.6833588],[-70.1509329,43.6836732],[-70.150894,43.6839684],[-70.1506576,43.6841358],[-70.1500999,43.6841746],[-70.1500821,43.6842892],[-70.1506245,43.6846588],[-70.1505863,43.6849526],[-70.1497571,43.6854854],[-70.1486614,43.6858016],[-70.1486831,43.6854333],[-70.1490315,43.6850581]],[[-70.1496631,43.6850189],[-70.1494794,43.6849713],[-70.1496802,43.6848569],[-70.1496631,43.6850189]],[[-70.1496299,43.6844114],[-70.1494811,43.684688],[-70.1494747,43.6847965],[-70.1497358,43.6847046],[-70.1497929,43.6844467],[-70.1496299,43.6844114]],[[-70.1499472,43.6838099],[-70.1499724,43.683921],[-70.1500062,43.6839225],[-70.1499472,43.6838099]]]},"properties":{"objtype":"DEPARE","label":"shallow area","valsou":1.8,"depth_label":"1.8-3.6m","chart":"US5PWMDD"}},{"type":"Feature","geometry":{"type":"Polygon","coordinates":[[[-70.1708891,43.6752854],[-70.1711501,43.6751503],[-70.1710996,43.6748835],[-70.1706447,43.6750038],[-70.1706624,43.6751958],[-70.1708891,43.6752854]]]},"properties":{"objtype":"DEPARE","label":"shallow area","valsou":1.8,"depth_label":"1.8-3.6m","chart":"US5PWMDD"}},{"type":"Feature","geometry":{"type":"Polygon","coordinates":[[[-70.1927364,43.6915808],[-70.1935305,43.6912185],[-70.1935543,43.6909193],[-70.193023,43.6908617],[-70.1925248,43.6914529],[-70.1927364,43.6915808]]]},"properties":{"objtype":"DEPARE","label":"shallow area","valsou":1.8,"depth_label":"1.8-3.6m","chart":"US5PWMDD"}},{"type":"Feature","geometry":{"type":"Polygon","coordinates":[[[-70.1725487,43.6616875],[-70.1724787,43.6613376],[-70.1723175,43.6613339],[-70.1719242,43.6616424],[-70.1722315,43.6620465],[-70.1713424,43.6620776],[-70.1711057,43.6623061],[-70.171188,43.6625805],[-70.1715061,43.6626993],[-70.1722466,43.6622824],[-70.1725539,43.6622696],[-70.1724532,43.6624744],[-70.1718613,43.6627377],[-70.1718436,43.6631473],[-70.1720678,43.6633356],[-70.172637,43.6630869],[-70.1729468,43.66203],[-70.1737486,43.6619192],[-70.1727957,43.6618417],[-70.1725487,43.6616875]]]},"properties":{"objtype":"DEPARE","label":"shallow area","valsou":1.8,"depth_label":"1.8-3.6m","chart":"US5PWMDD"}},{"type":"Feature","geometry":{"type":"Polygon","coordinates":[[[-70.1847532,43.6939257],[-70.1848658,43.6940754],[-70.1846731,43.6943672],[-70.1837194,43.6947005],[-70.1830041,43.6946438],[-70.1822963,43.6941467],[-70.1826595,43.6945379],[-70.1833203,43.6948839],[-70.1849165,43.6946996],[-70.186137,43.6942559],[-70.1855882,43.6934176],[-70.1853909,43.6933661],[-70.185152,43.6934032],[-70.1847532,43.6939257]]]},"properties":{"objtype":"DEPARE","label":"shallow area","valsou":1.8,"depth_label":"1.8-5.4m","chart":"US5PWMDD"}},{"type":"Feature","geometry":{"type":"Polygon","coordinates":[[[-70.1805844,43.6529965],[-70.180022,43.6539069],[-70.1814325,43.6527031],[-70.1812314,43.6523722],[-70.1818667,43.6517154],[-70.1822094,43.6517654],[-70.1831838,43.6510694],[-70.1847328,43.6509195],[-70.1853183,43.6514297],[-70.1859937,43.651588],[-70.1863318,43.6513484],[-70.186689,43.6505879],[-70.1876914,43.6503797],[-70.1880899,43.6501417],[-70.1890982,43.6503469],[-70.1894551,43.6501715],[-70.189592,43.6506503],[-70.1903207,43.6508615],[-70.191091,43.6503707],[-70.1912025,43.6515407],[-70.1915804,43.6513182],[-70.1915394,43.6514542],[-70.1918195,43.6516468],[-70.1932704,43.6515653],[-70.1934921,43.6519219],[-70.1940133,43.6518187],[-70.1942087,43.651562],[-70.1937702,43.6510331],[-70.1935246,43.6510127],[-70.1935532,43.6508934],[-70.1925303,43.6507027],[-70.1925421,43.6505124],[-70.1930746,43.6503369],[-70.1932818,43.65],[-70.1928057,43.650143],[-70.1925237,43.6504571],[-70.1924309,43.6508747],[-70.1921793,43.6510281],[-70.1915047,43.6507747],[-70.1913762,43.6501001],[-70.1905161,43.6504571],[-70.1890463,43.65],[-70.1877178,43.65],[-70.1872324,43.6502144],[-70.1859892,43.6501538],[-70.185806,43.6502276],[-70.1859214,43.6507308],[-70.1856874,43.6509753],[-70.183951,43.6507255],[-70.1821528,43.6514536],[-70.1818816,43.6516071],[-70.1805844,43.6529965]]]},"properties":{"objtype":"DEPARE","label":"shallow area","valsou":1.8,"depth_label":"1.8-3.6m","chart":"US5PWMDD"}},{"type":"Feature","geometry":{"type":"Polygon","coordinates":[[[-70.2,43.6548354],[-70.1998943,43.6553449],[-70.2,43.6552171],[-70.2,43.6548354]]]},"properties":{"objtype":"DEPARE","label":"shallow area","valsou":1.8,"depth_label":"1.8-3.6m","chart":"US5PWMDD"}},{"type":"Feature","geometry":{"type":"Polygon","coordinates":[[[-70.187959,43.6816312],[-70.1878309,43.6816312],[-70.1879371,43.6816086],[-70.187959,43.6816312]]]},"properties":{"objtype":"DEPARE","label":"shallow area","valsou":1.8,"depth_label":"1.8-3.6m","chart":"US5PWMDD"}},{"type":"Feature","geometry":{"type":"Polygon","coordinates":[[[-70.2,43.6869422],[-70.2,43.688683],[-70.2,43.6886907],[-70.1991817,43.6878834],[-70.2,43.6869422]]]},"properties":{"objtype":"DEPARE","label":"shallow area","valsou":1.8,"depth_label":"1.8-3.6m","chart":"US5PWMDD"}},{"type":"Feature","geometry":{"type":"Polygon","coordinates":[[[-70.1944239,43.6888649],[-70.1941479,43.6896575],[-70.1944743,43.6898592],[-70.1949813,43.6894535],[-70.1953457,43.6895521],[-70.1966504,43.6893036],[-70.197125,43.6893622],[-70.1973607,43.6896399],[-70.1979159,43.6896479],[-70.1978317,43.6898592],[-70.1967739,43.6901626],[-70.1968217,43.6903618],[-70.1975949,43.6908132],[-70.1981768,43.6908827],[-70.1990354,43.6905583],[-70.1996855,43.6906542],[-70.2,43.6905293],[-70.199887,43.689744],[-70.2,43.6889361],[-70.1984093,43.6889759],[-70.1983271,43.6888491],[-70.1987313,43.6883991],[-70.1986149,43.6881629],[-70.19782,43.6882748],[-70.19592,43.6891299],[-70.1944239,43.6888649]]]},"properties":{"objtype":"DEPARE","label":"shallow area","valsou":1.8,"depth_label":"1.8-3.6m","chart":"US5PWMDD"}},{"type":"Feature","geometry":{"type":"Polygon","coordinates":[[[-70.142675,43.705304],[-70.1420383,43.7056681],[-70.1419086,43.7060459],[-70.1421531,43.706178],[-70.1441328,43.7051347],[-70.1453292,43.7043636],[-70.146581,43.7030681],[-70.1478636,43.7023638],[-70.1486287,43.7021435],[-70.1506185,43.700223],[-70.1522632,43.6990151],[-70.1528461,43.6987854],[-70.1527856,43.6986073],[-70.1523639,43.6987428],[-70.1521599,43.6986533],[-70.1512495,43.6993071],[-70.1511726,43.6996748],[-70.1505294,43.6997812],[-70.1499612,43.700094],[-70.1498299,43.7008625],[-70.1490997,43.7012225],[-70.1490134,43.7015875],[-70.1485531,43.7020759],[-70.1483869,43.7020156],[-70.1481224,43.7021983],[-70.1473793,43.7020183],[-70.1468366,43.7021316],[-70.1464198,43.7029475],[-70.1461679,43.7030316],[-70.1458079,43.7027537],[-70.1456239,43.7028598],[-70.1452687,43.7036857],[-70.144367,43.7046542],[-70.1432034,43.7053174],[-70.142675,43.705304]]]},"properties":{"objtype":"DEPARE","label":"shallow area","valsou":1.8,"depth_label":"1.8-5.4m","chart":"US5PWMDD"}},{"type":"Feature","geometry":{"type":"Polygon","coordinates":[[[-70.1755487,43.6598266],[-70.1750011,43.6597395],[-70.1744178,43.6589526],[-70.1747099,43.6587313],[-70.1750273,43.6580785],[-70.1753932,43.6579181],[-70.1751928,43.6576595],[-70.1759189,43.6573415],[-70.1764307,43.6568369],[-70.1765965,43.6556847],[-70.177813,43.6551727],[-70.1783621,43.6544723],[-70.1800546,43.6533878],[-70.1803076,43.6528911],[-70.1805844,43.6529965],[-70.1797552,43.6542998],[-70.1791643,43.6548388],[-70.179363,43.6549337],[-70.1790463,43.6552434],[-70.1780785,43.6553973],[-70.1773621,43.6557542],[-70.1775264,43.6562299],[-70.1773294,43.6571678],[-70.175856,43.6579431],[-70.1759088,43.6581699],[-70.1763872,43.6584037],[-70.1764743,43.6589642],[-70.1759605,43.6588947],[-70.1759982,43.6592842],[-70.1755487,43.6598266]],[[-70.1788512,43.6550742],[-70.1787113,43.6550812],[-70.1786535,43.6551488],[-70.1788512,43.6550742]]]},"properties":{"objtype":"DEPARE","label":"shallow area","valsou":1.8,"depth_label":"1.8-5.4m","chart":"US5PWMDD"}},{"type":"Feature","geometry":{"type":"Polygon","coordinates":[[[-70.1399628,43.6962401],[-70.1393699,43.6965408],[-70.1388762,43.6971913],[-70.1381685,43.6976025],[-70.1376395,43.699006],[-70.1371207,43.6996401],[-70.135743,43.7006981],[-70.134616,43.7011329],[-70.134561,43.7017172],[-70.1349232,43.7012585],[-70.1360755,43.7009142],[-70.1380778,43.6995999],[-70.1382719,43.6992776],[-70.1380123,43.6984212],[-70.138937,43.6980439],[-70.1390614,43.6973445],[-70.139511,43.697237],[-70.1397653,43.6966449],[-70.140055,43.6966669],[-70.1399628,43.6962401]]]},"properties":{"objtype":"DEPARE","label":"shallow area","valsou":1.8,"depth_label":"1.8-3.6m","chart":"US5PWMDD"}},{"type":"Feature","geometry":{"type":"Polygon","coordinates":[[[-70.1871106,43.7230563],[-70.1867418,43.7234149],[-70.1883224,43.7234984],[-70.1892519,43.7242833],[-70.1896434,43.724162],[-70.1895166,43.7233727],[-70.1891793,43.7231227],[-70.1878152,43.7229153],[-70.1872103,43.7231519],[-70.1871106,43.7230563]]]},"properties":{"objtype":"DEPARE","label":"shallow area","valsou":1.8,"depth_label":"1.8-3.6m","chart":"US5PWMDD"}},{"type":"Feature","geometry":{"type":"Polygon","coordinates":[[[-70.1998781,43.6555185],[-70.1996185,43.6568306],[-70.1996908,43.6569503],[-70.1998356,43.656459],[-70.1998781,43.6555185]]]},"properties":{"objtype":"DEPARE","label":"shallow area","valsou":1.8,"depth_label":"1.8-3.6m","chart":"US5PWMDD"}},{"type":"Feature","geometry":{"type":"Polygon","coordinates":[[[-70.1819842,43.6707699],[-70.1819108,43.6706076],[-70.1816752,43.670644],[-70.181739,43.6703393],[-70.1818796,43.6703185],[-70.1818001,43.6698859],[-70.1820501,43.6697574],[-70.181917,43.6696821],[-70.1820765,43.669439],[-70.1810243,43.6700366],[-70.181415,43.6706789],[-70.1819842,43.6707699]]]},"properties":{"objtype":"DEPARE","label":"shallow area","valsou":1.8,"depth_label":"1.8-3.6m","chart":"US5PWMDD"}},{"type":"Feature","geometry":{"type":"Polygon","coordinates":[[[-70.1752792,43.6597974],[-70.1747276,43.6602472],[-70.1737982,43.6601503],[-70.1735564,43.6605379],[-70.1737226,43.6607446],[-70.1744278,43.6606129],[-70.1748283,43.6607117],[-70.1748963,43.6618655],[-70.1746293,43.6623866],[-70.1748686,43.6627011],[-70.1756922,43.6622092],[-70.1754957,43.6618543],[-70.1750877,43.6616586],[-70.1754303,43.6614684],[-70.1750097,43.6612127],[-70.1751583,43.6609713],[-70.1750928,43.6604447],[-70.1754504,43.6603971],[-70.175589,43.6602271],[-70.1755487,43.6598266],[-70.1752792,43.6597974]],[[-70.173859,43.6605481],[-70.1739669,43.6602435],[-70.1743422,43.660388],[-70.1742314,43.6605654],[-70.173859,43.6605481]]]},"properties":{"objtype":"DEPARE","label":"shallow area","valsou":1.8,"depth_label":"1.8-3.6m","chart":"US5PWMDD"}},{"type":"Feature","geometry":{"type":"Polygon","coordinates":[[[-70.1738511,43.6610353],[-70.1743221,43.6609878],[-70.1743523,43.6612694],[-70.1741004,43.6613773],[-70.1738511,43.6612822],[-70.1738511,43.6610353]]]},"properties":{"objtype":"DEPARE","label":"shallow area","valsou":1.8,"depth_label":"1.8-3.6m","chart":"US5PWMDD"}},{"type":"Feature","geometry":{"type":"Polygon","coordinates":[[[-70.1867872,43.7055678],[-70.1866109,43.7058181],[-70.1867519,43.7059825],[-70.1870693,43.7059515],[-70.1873,43.7057141],[-70.18712,43.7055274],[-70.1867872,43.7055678]]]},"properties":{"objtype":"DEPARE","label":"shallow area","valsou":1.8,"depth_label":"1.8-3.6m","chart":"US5PWMDD"}},{"type":"Feature","geometry":{"type":"Polygon","coordinates":[[[-70.1552032,43.7138166],[-70.1531195,43.7144564],[-70.1526611,43.7150519],[-70.1525683,43.7157665],[-70.1523866,43.7159855],[-70.1508023,43.7174049],[-70.1499535,43.7179603],[-70.1497017,43.7179767],[-70.1493162,43.717607],[-70.1485694,43.7173908],[-70.1475998,43.717366],[-70.145367,43.7179658],[-70.1435686,43.7188901],[-70.1426467,43.7197158],[-70.1421984,43.7203388],[-70.1419062,43.720863],[-70.1417476,43.7218166],[-70.1408761,43.7224431],[-70.140327,43.7231829],[-70.1399165,43.724014],[-70.1397854,43.725],[-70.1404242,43.725],[-70.1408031,43.7239647],[-70.1416216,43.7229254],[-70.1448607,43.7197633],[-70.1458556,43.7190162],[-70.1482644,43.7182407],[-70.1505272,43.7181131],[-70.1514446,43.7182489],[-70.1518098,43.7181192],[-70.1532959,43.7161188],[-70.1540364,43.7148272],[-70.1546585,43.7143778],[-70.1554845,43.7141027],[-70.1552228,43.7140955],[-70.1552032,43.7138166]]]},"properties":{"objtype":"DEPARE","label":"shallow area","valsou":1.8,"depth_label":"1.8-3.6m","chart":"US5PWMDD"}},{"type":"Feature","geometry":{"type":"Polygon","coordinates":[[[-70.1366561,43.6933751],[-70.1372391,43.693063],[-70.137326,43.6927893],[-70.1362026,43.6925542],[-70.136035,43.692112],[-70.1361841,43.6920113],[-70.1367239,43.6920113],[-70.1380964,43.6924474],[-70.1386286,43.6930312],[-70.1380954,43.693487],[-70.1370656,43.6934651],[-70.1367461,43.693692],[-70.1366561,43.6933751]]]},"properties":{"objtype":"DEPARE","label":"shallow area","valsou":1.8,"depth_label":"1.8-3.6m","chart":"US5PWMDD"}},{"type":"Feature","geometry":{"type":"Polygon","coordinates":[[[-70.1363918,43.6945197],[-70.1360907,43.6943467],[-70.1366597,43.6937675],[-70.1391757,43.694192],[-70.1396576,43.6943824],[-70.1382163,43.6956307],[-70.1375597,43.6956662],[-70.1368033,43.6959816],[-70.1363928,43.6957769],[-70.1370048,43.6950331],[-70.1371341,43.6946383],[-70.1370067,43.6944961],[-70.1363918,43.6945197]],[[-70.138284,43.6949199],[-70.137852,43.6953675],[-70.1372227,43.6951006],[-70.1372559,43.6948313],[-70.1371335,43.6948069],[-70.137564,43.6944245],[-70.1383067,43.6941974],[-70.1390301,43.6942256],[-70.1393972,43.6944262],[-70.1392011,43.6946822],[-70.138284,43.6949199]]]},"properties":{"objtype":"DEPARE","label":"shallow area","valsou":1.8,"depth_label":"1.8-3.6m","chart":"US5PWMDD"}},{"type":"Feature","geometry":{"type":"Polygon","coordinates":[[[-70.1923242,43.6735513],[-70.1916298,43.6756448],[-70.1918735,43.6760678],[-70.1925759,43.6749969],[-70.1925248,43.6745048],[-70.1931713,43.6742923],[-70.1957513,43.6723567],[-70.1965925,43.6720788],[-70.1994059,43.6706235],[-70.2,43.6700947],[-70.1983077,43.6709416],[-70.1960963,43.6717021],[-70.1950737,43.6723292],[-70.1941468,43.6726016],[-70.1927187,43.6734974],[-70.1923242,43.6735513]]]},"properties":{"objtype":"DEPARE","label":"shallow area","valsou":1.8,"depth_label":"1.8-5.4m","chart":"US5PWMDD"}},{"type":"Feature","geometry":{"type":"Polygon","coordinates":[[[-70.1928845,43.5565161],[-70.1931196,43.5566961],[-70.1925256,43.5569481],[-70.1926618,43.5573171],[-70.1923153,43.557722],[-70.1913253,43.5571731],[-70.1907561,43.557911],[-70.1901992,43.557947],[-70.1900383,43.557794],[-70.1917832,43.5566151],[-70.1928845,43.5565161]]]},"properties":{"objtype":"DEPARE","label":"shallow area","valsou":3.6,"depth_label":"3.6-5.4m","chart":"US5PWMBD"}},{"type":"Feature","geometry":{"type":"Polygon","coordinates":[[[-70.1557727,43.5544911],[-70.1542878,43.5547431],[-70.1536566,43.5544821],[-70.1536319,43.5541401],[-70.1540526,43.5535461],[-70.1549931,43.5532131],[-70.1549312,43.5529791],[-70.1543125,43.5526011],[-70.1543125,43.5523131],[-70.1546961,43.5522501],[-70.1556242,43.5528711],[-70.155946,43.5533571],[-70.1565647,43.5535911],[-70.1565771,43.5538881],[-70.1564781,43.5540411],[-70.1557727,43.5544911]],[[-70.1558717,43.5543471],[-70.1563172,43.5540591],[-70.1564905,43.5536721],[-70.1561192,43.5535821],[-70.1555995,43.5538251],[-70.1550921,43.5534111],[-70.1545229,43.5534921],[-70.1541393,43.5539061],[-70.1543001,43.5542571],[-70.1558717,43.5543471]]]},"properties":{"objtype":"DEPARE","label":"shallow area","valsou":3.6,"depth_label":"3.6-5.4m","chart":"US5PWMBD"}},{"type":"Feature","geometry":{"type":"Polygon","coordinates":[[[-70.1994307,43.5614477],[-70.1993565,43.5618256],[-70.1984009,43.562649],[-70.1964565,43.5641601],[-70.1956227,43.5646071],[-70.1941392,43.5664588],[-70.1943004,43.5667391],[-70.1958411,43.5666771],[-70.1965245,43.5670834],[-70.1972945,43.5663111],[-70.197518,43.5662639],[-70.1969376,43.5673233],[-70.1962248,43.568032],[-70.1961148,43.5688632],[-70.195381,43.5700923],[-70.1955573,43.570292],[-70.1960762,43.5703377],[-70.1980067,43.5699704],[-70.1980181,43.5705135],[-70.1986002,43.5709972],[-70.1986175,43.5712223],[-70.1971265,43.5719749],[-70.1972166,43.5725118],[-70.1969678,43.5730096],[-70.1978362,43.5735522],[-70.1978292,43.5738941],[-70.1980256,43.5740003],[-70.1991666,43.5737641],[-70.1998606,43.5731198],[-70.1996578,43.5737915],[-70.1997949,43.5741314],[-70.1990007,43.574659],[-70.198882,43.575],[-70.1996198,43.575],[-70.2,43.5746441],[-70.2,43.5728431],[-70.1993807,43.5731653],[-70.1991188,43.5736377],[-70.1985017,43.5738044],[-70.1983077,43.5737403],[-70.198282,43.5733635],[-70.197673,43.5728741],[-70.198008,43.5719237],[-70.1987312,43.5713463],[-70.1990116,43.5704654],[-70.198212,43.5704],[-70.1981133,43.5698228],[-70.1963809,43.5701454],[-70.1958671,43.5700868],[-70.1964066,43.5686294],[-70.1968016,43.5681639],[-70.196862,43.5677921],[-70.1977813,43.5662592],[-70.1978581,43.5658939],[-70.1971671,43.565915],[-70.1963381,43.5664295],[-70.1956127,43.5665669],[-70.1945775,43.566609],[-70.1943608,43.5662281],[-70.1956782,43.5651071],[-70.1958091,43.5645522],[-70.1967109,43.5643306],[-70.198814,43.562649],[-70.1990966,43.5620686],[-70.2,43.5615453],[-70.2,43.5609258],[-70.1994307,43.5614477]]]},"properties":{"objtype":"DEPARE","label":"shallow area","valsou":3.6,"depth_label":"3.6-5.4m","chart":"US5PWMBD"}},{"type":"Feature","geometry":{"type":"Polygon","coordinates":[[[-70.19731,43.5712002],[-70.1971891,43.570928],[-70.1973188,43.570724],[-70.1978326,43.5708138],[-70.1978301,43.5711251],[-70.1975518,43.5712741],[-70.19731,43.5712002]]]},"properties":{"objtype":"DEPARE","label":"shallow area","valsou":3.6,"depth_label":"3.6-5.4m","chart":"US5PWMBD"}},{"type":"Feature","geometry":{"type":"Polygon","coordinates":[[[-70.1600668,43.55054],[-70.1595099,43.55054],[-70.1595841,43.550189],[-70.1602029,43.550216],[-70.1600668,43.55054]]]},"properties":{"objtype":"DEPARE","label":"shallow area","valsou":3.6,"depth_label":"3.6-5.4m","chart":"US5PWMBD"}},{"type":"Feature","geometry":{"type":"Polygon","coordinates":[[[-70.2806922,43.6405375],[-70.2812452,43.6402218],[-70.2816742,43.6403603],[-70.2842205,43.642005],[-70.2852212,43.6416992],[-70.2850819,43.6414048],[-70.2845573,43.6410594],[-70.2850854,43.6413648],[-70.2853012,43.6416945],[-70.2841719,43.6420765],[-70.2830105,43.6415818],[-70.2814362,43.6403247],[-70.2806922,43.6405375]]]},"properties":{"objtype":"DEPARE","label":"shallow area","valsou":3.6,"depth_label":"3.6-5.4m","chart":"US5PWMCB"}},{"type":"Feature","geometry":{"type":"Polygon","coordinates":[[[-70.2,43.5866033],[-70.2012748,43.5857593],[-70.2013403,43.5855249],[-70.2011111,43.5853455],[-70.2013291,43.5850193],[-70.2009877,43.5848585],[-70.2026752,43.5826504],[-70.2026147,43.5821871],[-70.2027382,43.5819308],[-70.2047625,43.5798702],[-70.2045484,43.5794894],[-70.2040018,43.5794125],[-70.2033955,43.5795706],[-70.202735,43.580203],[-70.202252,43.5802225],[-70.2022898,43.5800504],[-70.2038909,43.5787684],[-70.2035467,43.5784537],[-70.2037784,43.5779996],[-70.2027684,43.5774777],[-70.203733,43.5775418],[-70.2040113,43.5771616],[-70.204054,43.5767669],[-70.2038903,43.5764666],[-70.203393,43.5762984],[-70.2032066,43.5758059],[-70.202645,43.5761886],[-70.2006174,43.5762527],[-70.2004889,43.5760421],[-70.200557,43.5752272],[-70.2008191,43.575],[-70.2014247,43.575],[-70.2007786,43.5754396],[-70.2006527,43.5757509],[-70.2012849,43.5757894],[-70.2019448,43.5761373],[-70.2027759,43.5760219],[-70.2036352,43.5755555],[-70.2038418,43.5757331],[-70.2036726,43.5763039],[-70.2044732,43.5761748],[-70.2047629,43.5763066],[-70.2048665,43.5767324],[-70.204602,43.5772177],[-70.20467,43.5775052],[-70.2043678,43.5778769],[-70.2043841,43.5786609],[-70.2040655,43.5790781],[-70.2031084,43.5796072],[-70.2038825,43.5793517],[-70.2045909,43.5793538],[-70.2048805,43.5794875],[-70.2049622,43.5798416],[-70.204126,43.5809183],[-70.2039471,43.5813705],[-70.2034031,43.5815957],[-70.2030127,43.582015],[-70.2032095,43.5822543],[-70.2030454,43.5826266],[-70.2031386,43.5831997],[-70.202451,43.5841645],[-70.201703,43.5846278],[-70.2016759,43.585031],[-70.2014259,43.5854132],[-70.2014645,43.5857461],[-70.2006401,43.5864568],[-70.2003147,43.586522],[-70.2,43.5870309],[-70.2,43.5866033]]]},"properties":{"objtype":"DEPARE","label":"shallow area","valsou":3.6,"depth_label":"3.6-5.4m","chart":"US5PWMCC"}},{"type":"Feature","geometry":{"type":"Polygon","coordinates":[[[-70.212935,43.6052064],[-70.2125252,43.6052738],[-70.2123916,43.6055078],[-70.2130271,43.6054835],[-70.2132135,43.6053408],[-70.2135489,43.6042443],[-70.2133412,43.6040758],[-70.2137899,43.6036695],[-70.2135938,43.6035123],[-70.2136265,43.6032762],[-70.2141227,43.6026393],[-70.2140799,43.6020169],[-70.215168,43.6006808],[-70.2150867,43.6003837],[-70.2143739,43.6001128],[-70.214362,43.5992054],[-70.2148809,43.598702],[-70.2149917,43.5979442],[-70.2138406,43.5977154],[-70.2134931,43.5974592],[-70.2132059,43.5969686],[-70.2127349,43.5966446],[-70.2129553,43.5961268],[-70.2123873,43.5959307],[-70.2120372,43.595614],[-70.2122366,43.5951476],[-70.2119897,43.5950268],[-70.2124352,43.5944863],[-70.2136165,43.5940818],[-70.2142125,43.5933837],[-70.2142013,43.5930979],[-70.2137491,43.5927686],[-70.2132462,43.5926868],[-70.2120473,43.5938804],[-70.2114957,43.5941111],[-70.2115411,43.5938511],[-70.212264,43.5930941],[-70.2123118,43.5926722],[-70.2129868,43.5923299],[-70.2130649,43.592112],[-70.2127828,43.5918685],[-70.2124125,43.5918502],[-70.2120297,43.5922896],[-70.2114852,43.5923091],[-70.2110595,43.5925782],[-70.2101226,43.5927704],[-70.2098405,43.5926277],[-70.2101201,43.5921389],[-70.2099891,43.5919741],[-70.2096142,43.5924013],[-70.208904,43.5925221],[-70.2093489,43.5919526],[-70.2098611,43.5918795],[-70.2102565,43.591572],[-70.2104756,43.5910996],[-70.2102142,43.5908663],[-70.2096979,43.5909762],[-70.209108,43.5913431],[-70.2089871,43.5912168],[-70.2079519,43.5924196],[-70.207756,43.5923917],[-70.2076345,43.5920058],[-70.2073625,43.5920479],[-70.2073373,43.5919033],[-70.2069771,43.5921267],[-70.2064331,43.5920955],[-70.2057178,43.5924232],[-70.2056246,43.5922914],[-70.2057455,43.5920919],[-70.2050176,43.5917916],[-70.2059823,43.5914731],[-70.2060186,43.5912642],[-70.2056422,43.5910557],[-70.2056472,43.5908438],[-70.2067605,43.590598],[-70.2066071,43.5902018],[-70.2056358,43.5899235],[-70.2045063,43.590177],[-70.2039245,43.5905358],[-70.2034751,43.5903673],[-70.2032756,43.5900961],[-70.2040983,43.5892469],[-70.2041411,43.5890126],[-70.2039188,43.5886832],[-70.2034594,43.5887374],[-70.2034442,43.5884738],[-70.202908,43.5880021],[-70.2021614,43.5883096],[-70.2018155,43.5890263],[-70.2009214,43.589684],[-70.2000885,43.5897174],[-70.2001363,43.5893421],[-70.2004764,43.5888661],[-70.2004839,43.5885183],[-70.2009008,43.5881516],[-70.200659,43.5880527],[-70.2,43.5882553],[-70.2,43.5886039],[-70.2002709,43.5888551],[-70.2,43.5893551],[-70.2,43.5899505],[-70.2008919,43.5897669],[-70.2020631,43.588954],[-70.2022747,43.5884158],[-70.2026146,43.5882038],[-70.2029798,43.5882862],[-70.2029548,43.5889156],[-70.2033855,43.5888442],[-70.2036498,43.5890521],[-70.2036394,43.5892935],[-70.2025266,43.5902026],[-70.2021765,43.5907024],[-70.2021664,43.5909788],[-70.2016274,43.5911125],[-70.2014032,43.5918887],[-70.20164,43.5921248],[-70.2020354,43.5920589],[-70.2024258,43.5915811],[-70.2027508,43.5914969],[-70.2027457,43.5910777],[-70.2031714,43.5906969],[-70.2040529,43.5906658],[-70.2044472,43.5903033],[-70.2053719,43.5903073],[-70.2056406,43.5904666],[-70.2055378,43.5908449],[-70.2046409,43.5919618],[-70.2055376,43.592046],[-70.2053702,43.5924836],[-70.2056372,43.5928168],[-70.2062376,43.5925887],[-70.2069041,43.5926539],[-70.207385,43.5922029],[-70.2077151,43.5926575],[-70.2078965,43.5926594],[-70.2089921,43.5915225],[-70.2094372,43.5915619],[-70.2082743,43.5927491],[-70.2082807,43.5930551],[-70.2076211,43.5933933],[-70.2077017,43.5935507],[-70.2084632,43.5938218],[-70.2088813,43.5937925],[-70.2091281,43.5935784],[-70.2090757,43.5932509],[-70.2086097,43.5928353],[-70.2088263,43.5926486],[-70.2097793,43.5925928],[-70.2092667,43.5931134],[-70.2098407,43.5936016],[-70.2098961,43.5931512],[-70.2104983,43.5930035],[-70.2106545,43.5926978],[-70.2113144,43.5928571],[-70.2115279,43.5927447],[-70.2115939,43.5924452],[-70.2119806,43.5925105],[-70.2121494,43.5930158],[-70.2109089,43.5940873],[-70.2106494,43.5947188],[-70.2116926,43.5943185],[-70.2127223,43.5934136],[-70.2138133,43.5934583],[-70.2135136,43.5939947],[-70.2125561,43.5942026],[-70.2117879,43.5948927],[-70.2120855,43.5952857],[-70.2112237,43.5954675],[-70.2107124,43.5957732],[-70.2106318,43.5959563],[-70.2108434,43.5960881],[-70.211868,43.5959128],[-70.2122584,43.5960043],[-70.2123793,43.5962789],[-70.2121405,43.5967452],[-70.2129314,43.597056],[-70.2133394,43.5975397],[-70.2138683,43.5978289],[-70.2142235,43.5986508],[-70.2140975,43.5994086],[-70.2141933,43.6002213],[-70.21463,43.6004972],[-70.2137197,43.6017918],[-70.2134628,43.6035929],[-70.2128986,43.604336],[-70.2130279,43.6045678],[-70.212881,43.6048356],[-70.212935,43.6052064]],[[-70.2115209,43.595495],[-70.2108786,43.5957348],[-70.2107779,43.5960222],[-70.2115965,43.5958501],[-70.2117048,43.5955792],[-70.2115209,43.595495]],[[-70.2016702,43.5920406],[-70.2019977,43.5919765],[-70.2021538,43.5917056],[-70.2016123,43.5916543],[-70.2015191,43.5918942],[-70.2016702,43.5920406]],[[-70.211191,43.5943208],[-70.2110951,43.5942671],[-70.2111682,43.5942486],[-70.211191,43.5943208]]]},"properties":{"objtype":"DEPARE","label":"shallow area","valsou":3.6,"depth_label":"3.6-5.4m","chart":"US5PWMCC"}},{"type":"Feature","geometry":{"type":"Polygon","coordinates":[[[-70.2074579,43.6237736],[-70.2068878,43.6236331],[-70.2069242,43.6232823],[-70.2074472,43.6236344],[-70.2078648,43.6246302],[-70.2085929,43.6250049],[-70.2086107,43.6252334],[-70.2082574,43.625319],[-70.2081182,43.6250014],[-70.2075507,43.6246587],[-70.2074579,43.6237736]]]},"properties":{"objtype":"DEPARE","label":"shallow area","valsou":3.6,"depth_label":"3.6-5.4m","chart":"US5PWMCC"}},{"type":"Feature","geometry":{"type":"Polygon","coordinates":[[[-70.2448015,43.65],[-70.2442829,43.6494241],[-70.2439042,43.649614],[-70.2442554,43.65],[-70.2448015,43.65]]]},"properties":{"objtype":"DEPARE","label":"shallow area","valsou":3.6,"depth_label":"3.6-5.4m","chart":"US5PWMCC"}},{"type":"Feature","geometry":{"type":"Polygon","coordinates":[[[-70.2137349,43.5999797],[-70.2134452,43.6000712],[-70.2133923,43.6003257],[-70.2136794,43.6004172],[-70.2139716,43.6002982],[-70.2139615,43.6001042],[-70.2137349,43.5999797]]]},"properties":{"objtype":"DEPARE","label":"shallow area","valsou":3.6,"depth_label":"3.6-5.4m","chart":"US5PWMCC"}},{"type":"Feature","geometry":{"type":"Polygon","coordinates":[[[-70.2149646,43.65],[-70.2144638,43.649254],[-70.2144353,43.6486401],[-70.214007,43.6485021],[-70.2124622,43.6487828],[-70.210527,43.65],[-70.2109119,43.65],[-70.2120763,43.6490427],[-70.2136677,43.6486048],[-70.2140912,43.6486857],[-70.2141911,43.6492806],[-70.2149646,43.65]]]},"properties":{"objtype":"DEPARE","label":"shallow area","valsou":3.6,"depth_label":"3.6-5.4m","chart":"US5PWMCC"}},{"type":"Feature","geometry":{"type":"Polygon","coordinates":[[[-70.2132319,43.6074693],[-70.2131228,43.6064408],[-70.2134734,43.6061342],[-70.2130498,43.6058807],[-70.2128634,43.6064188],[-70.2131163,43.6067766],[-70.2130447,43.6076762],[-70.21274,43.6081868],[-70.2122035,43.6086095],[-70.212211,43.6089536],[-70.2133658,43.6084197],[-70.2136492,43.6079708],[-70.2142159,43.607645],[-70.2143192,43.6074218],[-70.2141421,43.6072412],[-70.2132319,43.6074693]]]},"properties":{"objtype":"DEPARE","label":"shallow area","valsou":3.6,"depth_label":"3.6-5.4m","chart":"US5PWMCC"}},{"type":"Feature","geometry":{"type":"Polygon","coordinates":[[[-70.2131077,43.599264],[-70.2134805,43.5993665],[-70.21376,43.5991285],[-70.2136758,43.5988674],[-70.2133193,43.5988503],[-70.2136291,43.5987917],[-70.2138331,43.5989382],[-70.2138381,43.5991487],[-70.2134956,43.5995258],[-70.2131228,43.5994965],[-70.2130044,43.599372],[-70.2131077,43.599264]]]},"properties":{"objtype":"DEPARE","label":"shallow area","valsou":3.6,"depth_label":"3.6-5.4m","chart":"US5PWMCC"}},{"type":"Feature","geometry":{"type":"Polygon","coordinates":[[[-70.2241402,43.65],[-70.2244384,43.6486906],[-70.2249024,43.6477983],[-70.2248191,43.6470488],[-70.2254913,43.6458769],[-70.2255924,43.6451988],[-70.2246169,43.6437592],[-70.2232546,43.6432],[-70.2229691,43.6419092],[-70.2215819,43.6398245],[-70.2212988,43.6382231],[-70.2210442,43.6376378],[-70.2215082,43.6369929],[-70.2215391,43.6361958],[-70.2211441,43.6360721],[-70.2200591,43.6363076],[-70.2196546,43.636191],[-70.2197997,43.6355177],[-70.2208419,43.634554],[-70.2207896,43.633607],[-70.2188456,43.632303],[-70.2188313,43.6307278],[-70.2175035,43.629519],[-70.2165827,43.6290503],[-70.2153097,43.6294167],[-70.2146506,43.6288909],[-70.2136464,43.628741],[-70.2129207,43.628365],[-70.2126543,43.6284121],[-70.2144727,43.6291863],[-70.2155137,43.6295075],[-70.2162305,43.6296384],[-70.2164833,43.6298793],[-70.2162424,43.6302451],[-70.2164179,43.6305098],[-70.2174322,43.6304474],[-70.2173518,43.6311136],[-70.2181549,43.6310571],[-70.2183007,43.6311939],[-70.2181995,43.6316728],[-70.2175838,43.6320803],[-70.2176374,43.6323569],[-70.217908,43.6325383],[-70.2183137,43.6322016],[-70.2186374,43.6322254],[-70.2189229,43.6326871],[-70.2201554,43.6336674],[-70.2203696,43.6340243],[-70.2204886,43.6346001],[-70.2195368,43.6356614],[-70.2194797,43.6360183],[-70.2195415,43.6361896],[-70.2198889,43.63638],[-70.2205933,43.6362134],[-70.2209264,43.6363181],[-70.220736,43.6379552],[-70.2213666,43.6402656],[-70.222823,43.6427319],[-70.2241496,43.6446117],[-70.2246731,43.6459798],[-70.2246612,43.6464141],[-70.2242686,43.6471874],[-70.2241496,43.6491326],[-70.2235012,43.6499952],[-70.2241402,43.65]],[[-70.2183164,43.6317095],[-70.2177777,43.6321568],[-70.2178176,43.6324157],[-70.2180261,43.6324262],[-70.2185115,43.6320274],[-70.2185286,43.6317847],[-70.2183164,43.6317095]]]},"properties":{"objtype":"DEPARE","label":"shallow area","valsou":3.6,"depth_label":"3.6-5.4m","chart":"US5PWMCC"}},{"type":"Feature","geometry":{"type":"Polygon","coordinates":[[[-70.2088284,43.6139241],[-70.2087453,43.6142077],[-70.2092039,43.6145324],[-70.2091987,43.6150001],[-70.2097684,43.6153813],[-70.2098716,43.6156156],[-70.208438,43.6176334],[-70.2087974,43.6184322],[-70.2082964,43.6187228],[-70.2082235,43.6194576],[-70.2077428,43.619703],[-70.2075489,43.6204843],[-70.207819,43.6209957],[-70.2078033,43.6199591],[-70.2086219,43.6194944],[-70.2086244,43.6188027],[-70.2089846,43.6184019],[-70.2088259,43.6180762],[-70.2090937,43.617726],[-70.2089844,43.617507],[-70.2097844,43.616621],[-70.2096776,43.6162053],[-70.2102817,43.6157413],[-70.2100273,43.6155729],[-70.2099278,43.6148454],[-70.2095009,43.6146396],[-70.2088284,43.6139241]]]},"properties":{"objtype":"DEPARE","label":"shallow area","valsou":3.6,"depth_label":"3.6-5.4m","chart":"US5PWMCC"}},{"type":"Feature","geometry":{"type":"Polygon","coordinates":[[[-70.2,43.6358917],[-70.2013781,43.6359003],[-70.2033436,43.6351532],[-70.2051805,43.633892],[-70.2072126,43.6331544],[-70.2081168,43.633854],[-70.2087782,43.634011],[-70.2088687,43.634425],[-70.2086735,43.6349818],[-70.2083452,43.6355434],[-70.2075742,43.6362049],[-70.2074838,43.6365428],[-70.2083785,43.6384225],[-70.2090067,43.638946],[-70.2101583,43.639203],[-70.2103534,43.6393648],[-70.210658,43.6403927],[-70.2100679,43.6416776],[-70.2106723,43.6421202],[-70.2101155,43.6426485],[-70.2099632,43.6433623],[-70.2094302,43.6437525],[-70.2090114,43.6443759],[-70.209059,43.6447852],[-70.2086307,43.645737],[-70.2088377,43.6467963],[-70.2075029,43.6481598],[-70.2064464,43.6484739],[-70.2051329,43.648531],[-70.2041575,43.6479202],[-70.2023275,43.6475744],[-70.2021134,43.6474174],[-70.2019206,43.6468891],[-70.2014352,43.6465608],[-70.2010426,43.6464394],[-70.2,43.646501],[-70.2,43.6463373],[-70.2013386,43.6463678],[-70.20234,43.6468738],[-70.2021937,43.6471873],[-70.2023364,43.6473872],[-70.2054004,43.6478704],[-70.2072611,43.647128],[-70.2081272,43.646043],[-70.2088506,43.644839],[-70.2091599,43.643754],[-70.2096977,43.6432352],[-70.2099261,43.6423263],[-70.2094648,43.6422682],[-70.2094216,43.6420788],[-70.2103877,43.6409605],[-70.210559,43.6403799],[-70.2104448,43.6397993],[-70.2100213,43.6392615],[-70.2093598,43.6392568],[-70.2082176,43.6387952],[-70.2075371,43.6387761],[-70.2071421,43.6385715],[-70.2070517,43.6383478],[-70.2069375,43.6370915],[-70.2075799,43.636035],[-70.2081891,43.6354163],[-70.2086888,43.6342789],[-70.2077322,43.6336317],[-70.2064521,43.6335746],[-70.205211,43.6339154],[-70.2051692,43.6343351],[-70.2048686,43.6342656],[-70.204674,43.6345364],[-70.2038442,43.634933],[-70.2036836,43.6353365],[-70.2027235,43.6354577],[-70.2011637,43.6363214],[-70.200507,43.6363928],[-70.2,43.6361346],[-70.2,43.6358917]]]},"properties":{"objtype":"DEPARE","label":"shallow area","valsou":3.6,"depth_label":"3.6-5.4m","chart":"US5PWMCC"}},{"type":"Feature","geometry":{"type":"Polygon","coordinates":[[[-70.2087751,43.6385441],[-70.2093319,43.6385763],[-70.2093033,43.638305],[-70.2088108,43.6382943],[-70.2087751,43.6385441]]]},"properties":{"objtype":"DEPARE","label":"shallow area","valsou":3.6,"depth_label":"3.6-5.4m","chart":"US5PWMCC"}},{"type":"Feature","geometry":{"type":"Polygon","coordinates":[[[-70.2096521,43.6261463],[-70.2086678,43.6257759],[-70.2090997,43.6262791],[-70.2094638,43.6264219],[-70.2105988,43.6260935],[-70.2110663,43.6262327],[-70.2114982,43.6269038],[-70.2110122,43.6277614],[-70.2112646,43.6276916],[-70.2112384,43.6273966],[-70.2116527,43.6270627],[-70.2120227,43.6264526],[-70.211868,43.6261671],[-70.2114605,43.6260243],[-70.2096521,43.6261463]]]},"properties":{"objtype":"DEPARE","label":"shallow area","valsou":3.6,"depth_label":"3.6-5.4m","chart":"US5PWMCC"}},{"type":"Feature","geometry":{"type":"Polygon","coordinates":[[[-70.25679,43.6479273],[-70.2569376,43.6480108],[-70.2570794,43.6477964],[-70.2569592,43.6477476],[-70.25679,43.6479273]]]},"properties":{"objtype":"DEPARE","label":"shallow area","valsou":3.6,"depth_label":"3.6-5.4m","chart":"US5PWMCC"}},{"type":"Feature","geometry":{"type":"Polygon","coordinates":[[[-70.2090708,43.65],[-70.2091136,43.6494329],[-70.2088566,43.6493282],[-70.2071799,43.65],[-70.2090708,43.65]]]},"properties":{"objtype":"DEPARE","label":"shallow area","valsou":3.6,"depth_label":"3.6-5.4m","chart":"US5PWMCC"}},{"type":"Feature","geometry":{"type":"Polygon","coordinates":[[[-70.2,43.6476316],[-70.2,43.6479386],[-70.2006822,43.6481464],[-70.2011283,43.648564],[-70.201189,43.6490993],[-70.2008785,43.6499738],[-70.2012061,43.65],[-70.2014563,43.6485959],[-70.2009614,43.648001],[-70.2,43.6476316]]]},"properties":{"objtype":"DEPARE","label":"shallow area","valsou":3.6,"depth_label":"3.6-5.4m","chart":"US5PWMCC"}},{"type":"Feature","geometry":{"type":"Polygon","coordinates":[[[-70.2570651,43.6476582],[-70.2571728,43.6477194],[-70.2573105,43.6475946],[-70.2571959,43.6475289],[-70.2570651,43.6476582]]]},"properties":{"objtype":"DEPARE","label":"shallow area","valsou":3.6,"depth_label":"3.6-5.4m","chart":"US5PWMCC"}},{"type":"Feature","geometry":{"type":"Polygon","coordinates":[[[-70.1999348,43.586649],[-70.1984829,43.5876886],[-70.1977788,43.587883],[-70.1973985,43.5885018],[-70.1963432,43.5893824],[-70.1962978,43.5904662],[-70.1966252,43.5905156],[-70.1971542,43.5902868],[-70.1976604,43.5898657],[-70.1979022,43.5894282],[-70.1985193,43.5892982],[-70.1991818,43.5887047],[-70.2,43.5886039],[-70.2,43.5882553],[-70.1983758,43.5887911],[-70.1973582,43.589679],[-70.1972045,43.5901916],[-70.1969073,43.5903252],[-70.1966252,43.5902264],[-70.1966278,43.5897632],[-70.197731,43.5885293],[-70.1979501,43.5879398],[-70.1986503,43.5878867],[-70.1990755,43.5876428],[-70.2,43.5870309],[-70.1999348,43.586649]]]},"properties":{"objtype":"DEPARE","label":"shallow area","valsou":3.6,"depth_label":"3.6-5.4m","chart":"US5PWMCD"}},{"type":"Feature","geometry":{"type":"Polygon","coordinates":[[[-70.1956304,43.5810483],[-70.1955372,43.5811966],[-70.1943005,43.5815829],[-70.1938881,43.5813562],[-70.193397,43.5814459],[-70.1920135,43.5830587],[-70.1914291,43.5834413],[-70.1910525,43.5833546],[-70.1908963,43.5829664],[-70.1913158,43.5821359],[-70.1922251,43.5812893],[-70.1928346,43.5811068],[-70.1936179,43.5796786],[-70.1939176,43.5798526],[-70.1937161,43.5807315],[-70.1938219,43.5810794],[-70.1944164,43.5807051],[-70.1948269,43.5809109],[-70.1955235,43.5809069],[-70.1956304,43.5810483]],[[-70.1930487,43.5817514],[-70.1919354,43.5829818],[-70.1915903,43.582969],[-70.1917138,43.5822695],[-70.1921586,43.5818962],[-70.1921078,43.5815041],[-70.1926406,43.5814694],[-70.1931595,43.5808542],[-70.1935254,43.5808197],[-70.193628,43.5811892],[-70.1931545,43.5814419],[-70.1930487,43.5817514]]]},"properties":{"objtype":"DEPARE","label":"shallow area","valsou":3.6,"depth_label":"3.6-5.4m","chart":"US5PWMCD"}},{"type":"Feature","geometry":{"type":"Polygon","coordinates":[[[-70.1964237,43.5781424],[-70.1970257,43.5779483],[-70.1970581,43.5777687],[-70.1968894,43.5776277],[-70.1965846,43.5776387],[-70.1962903,43.5779062],[-70.1964237,43.5781424]]]},"properties":{"objtype":"DEPARE","label":"shallow area","valsou":3.6,"depth_label":"3.6-5.4m","chart":"US5PWMCD"}},{"type":"Feature","geometry":{"type":"Polygon","coordinates":[[[-70.198031,43.5814437],[-70.1974262,43.5815554],[-70.1971466,43.581376],[-70.1971114,43.5811691],[-70.1973758,43.5809201],[-70.1977511,43.5809109],[-70.1980685,43.5811746],[-70.198031,43.5814437]]]},"properties":{"objtype":"DEPARE","label":"shallow area","valsou":3.6,"depth_label":"3.6-5.4m","chart":"US5PWMCD"}},{"type":"Feature","geometry":{"type":"Polygon","coordinates":[[[-70.1990634,43.5803726],[-70.1995646,43.5800174],[-70.1997887,43.5801291],[-70.1998794,43.5804056],[-70.1993757,43.5806821],[-70.199149,43.5805997],[-70.1990634,43.5803726]]]},"properties":{"objtype":"DEPARE","label":"shallow area","valsou":3.6,"depth_label":"3.6-5.4m","chart":"US5PWMCD"}},{"type":"Feature","geometry":{"type":"Polygon","coordinates":[[[-70.1919568,43.65],[-70.1918633,43.6497571],[-70.1913779,43.6496238],[-70.190718,43.65],[-70.1919568,43.65]]]},"properties":{"objtype":"DEPARE","label":"shallow area","valsou":3.6,"depth_label":"3.6-5.4m","chart":"US5PWMCD"}},{"type":"Feature","geometry":{"type":"Polygon","coordinates":[[[-70.1852334,43.65],[-70.1851651,43.6498532],[-70.1847138,43.65],[-70.1852334,43.65]]]},"properties":{"objtype":"DEPARE","label":"shallow area","valsou":3.6,"depth_label":"3.6-5.4m","chart":"US5PWMCD"}},{"type":"Feature","geometry":{"type":"Polygon","coordinates":[[[-70.1898403,43.65],[-70.1892368,43.6497523],[-70.1889561,43.6493097],[-70.188542,43.6492003],[-70.1880281,43.649443],[-70.1874336,43.65],[-70.1877178,43.65],[-70.1880426,43.6495362],[-70.188396,43.6493792],[-70.1890463,43.65],[-70.1898403,43.65]]]},"properties":{"objtype":"DEPARE","label":"shallow area","valsou":3.6,"depth_label":"3.6-5.4m","chart":"US5PWMCD"}},{"type":"Feature","geometry":{"type":"Polygon","coordinates":[[[-70.2,43.6476316],[-70.1981413,43.6477821],[-70.1958256,43.6483103],[-70.1952022,43.6483008],[-70.1945502,43.648001],[-70.1941314,43.6480486],[-70.1935765,43.6482009],[-70.1921631,43.6489956],[-70.1920108,43.6493383],[-70.1927246,43.65],[-70.1937087,43.6496147],[-70.1952956,43.6493292],[-70.1962012,43.65],[-70.1971961,43.65],[-70.1972786,43.6491993],[-70.1975891,43.6484605],[-70.199251,43.6478608],[-70.2,43.6479386],[-70.2,43.6476316]],[[-70.19288,43.6487816],[-70.1941489,43.6489214],[-70.1941162,43.6486746],[-70.1934202,43.6485615],[-70.1938999,43.6483028],[-70.1956934,43.6486894],[-70.1952116,43.6491653],[-70.1943922,43.6491296],[-70.1942881,43.6493914],[-70.1940263,43.6492486],[-70.1934422,43.6492605],[-70.1925648,43.6495996],[-70.1921008,43.6493824],[-70.1921483,43.6491058],[-70.19288,43.6487816]],[[-70.1956777,43.6491918],[-70.1966711,43.6493613],[-70.1970697,43.6490996],[-70.1966324,43.6487873],[-70.1961179,43.648701],[-70.1954844,43.6490312],[-70.1956777,43.6491918]]]},"properties":{"objtype":"DEPARE","label":"shallow area","valsou":3.6,"depth_label":"3.6-5.4m","chart":"US5PWMCD"}},{"type":"Feature","geometry":{"type":"Polygon","coordinates":[[[-70.1900175,43.6344598],[-70.1905136,43.6344955],[-70.190585,43.6341957],[-70.190071,43.6341564],[-70.1900175,43.6344598]]]},"properties":{"objtype":"DEPARE","label":"shallow area","valsou":3.6,"depth_label":"3.6-5.4m","chart":"US5PWMCD"}},{"type":"Feature","geometry":{"type":"Polygon","coordinates":[[[-70.1891144,43.5967379],[-70.1888046,43.5966409],[-70.1892807,43.5960881],[-70.1897089,43.5958995],[-70.1901572,43.5959709],[-70.1899733,43.5964542],[-70.1891144,43.5967379]]]},"properties":{"objtype":"DEPARE","label":"shallow area","valsou":3.6,"depth_label":"3.6-5.4m","chart":"US5PWMCD"}},{"type":"Feature","geometry":{"type":"Polygon","coordinates":[[[-70.1907063,43.5772653],[-70.1901522,43.5775363],[-70.1902831,43.5777871],[-70.1906987,43.5777121],[-70.1908372,43.5775106],[-70.1907063,43.5772653]]]},"properties":{"objtype":"DEPARE","label":"shallow area","valsou":3.6,"depth_label":"3.6-5.4m","chart":"US5PWMCD"}},{"type":"Feature","geometry":{"type":"Polygon","coordinates":[[[-70.1928776,43.5928335],[-70.1925147,43.5929962],[-70.1925903,43.593258],[-70.193089,43.5931353],[-70.1931112,43.5929151],[-70.1928776,43.5928335]]]},"properties":{"objtype":"DEPARE","label":"shallow area","valsou":3.6,"depth_label":"3.6-5.4m","chart":"US5PWMCD"}},{"type":"Feature","geometry":{"type":"Polygon","coordinates":[[[-70.1824528,43.636317],[-70.1819774,43.6363213],[-70.1819645,43.6359872],[-70.1823896,43.6358757],[-70.1824528,43.636317]],[[-70.1822148,43.6362921],[-70.1823675,43.6360722],[-70.1821248,43.6360037],[-70.1820677,43.6361736],[-70.1822148,43.6362921]]]},"properties":{"objtype":"DEPARE","label":"shallow area","valsou":3.6,"depth_label":"3.6-5.4m","chart":"US5PWMCD"}},{"type":"Feature","geometry":{"type":"Polygon","coordinates":[[[-70.1872833,43.5846461],[-70.1878475,43.5845069],[-70.1878324,43.584084],[-70.1875629,43.5836318],[-70.1873262,43.5837709],[-70.1870743,43.5843605],[-70.1870642,43.5845216],[-70.1872833,43.5846461]]]},"properties":{"objtype":"DEPARE","label":"shallow area","valsou":3.6,"depth_label":"3.6-5.4m","chart":"US5PWMCD"}},{"type":"Feature","geometry":{"type":"Polygon","coordinates":[[[-70.1996198,43.575],[-70.198882,43.575],[-70.198882,43.5750221],[-70.1989752,43.5752254],[-70.1992875,43.5753041],[-70.1996198,43.575]]]},"properties":{"objtype":"DEPARE","label":"shallow area","valsou":3.6,"depth_label":"3.6-5.4m","chart":"US5PWMCD"}},{"type":"Feature","geometry":{"type":"Polygon","coordinates":[[[-70.2,43.6358917],[-70.2,43.6361346],[-70.1992899,43.6363886],[-70.1983533,43.637765],[-70.1974468,43.6380933],[-70.1967109,43.6391311],[-70.194111,43.6412044],[-70.1927842,43.6424934],[-70.1925644,43.6424724],[-70.1925049,43.6427936],[-70.1920574,43.6434119],[-70.1906489,43.6442689],[-70.1900659,43.6451721],[-70.1899588,43.6456242],[-70.1906251,43.6465641],[-70.1926357,43.6471649],[-70.1927309,43.647266],[-70.1925882,43.6475456],[-70.1927309,43.6477122],[-70.1937303,43.6469567],[-70.1944858,43.645993],[-70.1975874,43.6449912],[-70.1979185,43.6444941],[-70.1983544,43.6453408],[-70.1980589,43.6454707],[-70.1981966,43.6458452],[-70.1985671,43.645816],[-70.2,43.6463373],[-70.2,43.646501],[-70.1992152,43.6463966],[-70.1974877,43.6455757],[-70.1968381,43.6455328],[-70.1945824,43.6462395],[-70.1941041,43.6468534],[-70.1930048,43.6477814],[-70.192655,43.6478671],[-70.1923838,43.6477315],[-70.1921982,43.6471533],[-70.1906848,43.6466607],[-70.1897782,43.646004],[-70.1896141,43.6458112],[-70.1896426,43.6455257],[-70.1901066,43.6450189],[-70.1904921,43.6438767],[-70.1918555,43.6433128],[-70.1920483,43.6428702],[-70.1932261,43.641828],[-70.19384,43.6410238],[-70.1952915,43.6400482],[-70.197314,43.6381084],[-70.1983134,43.6375564],[-70.1993984,43.6360431],[-70.2,43.6358917]]]},"properties":{"objtype":"DEPARE","label":"shallow area","valsou":3.6,"depth_label":"3.6-5.4m","chart":"US5PWMCD"}},{"type":"Feature","geometry":{"type":"Polygon","coordinates":[[[-70.2,43.5893551],[-70.2,43.5899505],[-70.1994185,43.5900561],[-70.1994386,43.5898767],[-70.2,43.5893551]]]},"properties":{"objtype":"DEPARE","label":"shallow area","valsou":3.6,"depth_label":"3.6-5.4m","chart":"US5PWMCD"}},{"type":"Feature","geometry":{"type":"Polygon","coordinates":[[[-70.1964011,43.592674],[-70.1970282,43.5925166],[-70.1971615,43.5920228],[-70.1967359,43.5918855],[-70.1963658,43.5921047],[-70.1961971,43.592447],[-70.1964011,43.592674]]]},"properties":{"objtype":"DEPARE","label":"shallow area","valsou":3.6,"depth_label":"3.6-5.4m","chart":"US5PWMCD"}},{"type":"Feature","geometry":{"type":"Polygon","coordinates":[[[-70.1995119,43.5766558],[-70.1992658,43.5763664],[-70.1987687,43.5761977],[-70.198003,43.5768075],[-70.1984181,43.5769672],[-70.1984884,43.5771546],[-70.198212,43.577637],[-70.1983632,43.5778567],[-70.1982473,43.5781753],[-70.1987586,43.5782065],[-70.1985546,43.5776571],[-70.199217,43.5774759],[-70.1995119,43.5766558]],[[-70.198751,43.5762618],[-70.1987611,43.5765383],[-70.1990986,43.57678],[-70.1992497,43.5767306],[-70.1991591,43.5764449],[-70.198751,43.5762618]]]},"properties":{"objtype":"DEPARE","label":"shallow area","valsou":3.6,"depth_label":"3.6-5.4m","chart":"US5PWMCD"}},{"type":"Feature","geometry":{"type":"Polygon","coordinates":[[[-70.1927187,43.5938255],[-70.1924769,43.593604],[-70.192079,43.5937449],[-70.1915853,43.5941989],[-70.1916961,43.5945632],[-70.1913662,43.5947261],[-70.1913536,43.5949422],[-70.1916961,43.5949916],[-70.1919606,43.594836],[-70.1926935,43.5940763],[-70.1927187,43.5938255]]]},"properties":{"objtype":"DEPARE","label":"shallow area","valsou":3.6,"depth_label":"3.6-5.4m","chart":"US5PWMCD"}},{"type":"Feature","geometry":{"type":"Polygon","coordinates":[[[-70.1893409,43.6386833],[-70.1878526,43.6387893],[-70.1867962,43.6396935],[-70.1845452,43.6404644],[-70.1840978,43.6408356],[-70.1833697,43.6410831],[-70.1829509,43.6409403],[-70.1830312,43.6404299],[-70.1828983,43.6402063],[-70.1832139,43.6396994],[-70.1830318,43.639374],[-70.1833428,43.6389903],[-70.1832899,43.638855],[-70.1826753,43.6388367],[-70.1812737,43.6399922],[-70.1802503,43.6399309],[-70.1801949,43.6397388],[-70.1807288,43.6396675],[-70.1808038,43.6395122],[-70.1799715,43.6394252],[-70.1801201,43.6391856],[-70.180648,43.6387409],[-70.1819776,43.6380412],[-70.1824751,43.6380642],[-70.1830141,43.6375831],[-70.1838126,43.6373289],[-70.1837182,43.6370107],[-70.1831695,43.6370677],[-70.1835908,43.6367446],[-70.1835787,43.6365886],[-70.1832962,43.6364929],[-70.1836024,43.6362057],[-70.183108,43.6359748],[-70.1830292,43.6357502],[-70.1836795,43.6351673],[-70.1827975,43.6337836],[-70.183297,43.633444],[-70.1836345,43.6334007],[-70.1836917,43.6326695],[-70.1839738,43.6322268],[-70.1858175,43.6313377],[-70.1858135,43.6308933],[-70.1867418,43.6308711],[-70.1866889,43.6304742],[-70.1870449,43.6303184],[-70.1880415,43.6302763],[-70.1888859,43.6306808],[-70.1890698,43.6309132],[-70.1890767,43.631237],[-70.1887744,43.6317694],[-70.188782,43.6323475],[-70.1881976,43.6327591],[-70.1882505,43.6330354],[-70.1888568,43.6332832],[-70.1898847,43.632793],[-70.1899608,43.6331975],[-70.1902511,43.6334593],[-70.1901179,43.6336925],[-70.1895183,43.6339256],[-70.1897181,43.6344824],[-70.1890947,43.6346633],[-70.1889377,43.63532],[-70.1887045,43.6355675],[-70.1897277,43.6361623],[-70.1902416,43.6368714],[-70.1893707,43.6381468],[-70.1893409,43.6386833]],[[-70.189959,43.6334648],[-70.188855,43.6341358],[-70.1888835,43.6352732],[-70.1884695,43.6357253],[-70.1885504,43.6359109],[-70.1894213,43.636106],[-70.189683,43.6363345],[-70.1895117,43.6375527],[-70.1888121,43.6381],[-70.1881364,43.6382999],[-70.1868848,43.639442],[-70.1857331,43.6400131],[-70.1846481,43.6401844],[-70.1835012,43.6408983],[-70.1832918,43.640646],[-70.1834917,43.640351],[-70.1833346,43.6399084],[-70.1835428,43.6390145],[-70.1830753,43.6386112],[-70.1822543,43.6385577],[-70.1802771,43.6391684],[-70.1805982,43.6388932],[-70.1819331,43.6384613],[-70.183914,43.6374976],[-70.1836927,43.6361734],[-70.1837106,43.6356773],[-70.183989,43.6352205],[-70.1834429,43.6338606],[-70.1840354,43.6328398],[-70.1847956,43.6319689],[-70.1867979,43.6309196],[-70.1873476,43.6304342],[-70.187858,43.6303664],[-70.1887753,43.6311623],[-70.1887538,43.6313086],[-70.1876566,43.6319418],[-70.1886162,43.6320953],[-70.1883387,43.632503],[-70.1874823,43.6329659],[-70.1873614,43.6334196],[-70.1878349,43.6337397],[-70.1882782,43.6333903],[-70.1897925,43.6333411],[-70.189959,43.6334648]],[[-70.1822522,43.6386204],[-70.1823829,43.6389118],[-70.1817397,43.6391508],[-70.1816739,43.6395342],[-70.1811952,43.6394769],[-70.1812888,43.6391581],[-70.1822522,43.6386204]]]},"properties":{"objtype":"DEPARE","label":"shallow area","valsou":3.6,"depth_label":"3.6-5.4m","chart":"US5PWMCD"}},{"type":"Feature","geometry":{"type":"Polygon","coordinates":[[[-70.0708099,43.6000183],[-70.0693779,43.6006073],[-70.0695259,43.6009583],[-70.0711439,43.6010693],[-70.0715199,43.6019293],[-70.0719999,43.6021873],[-70.0726299,43.6021573],[-70.0731249,43.6019203],[-70.0736199,43.6010683],[-70.0734889,43.6006003],[-70.0730809,43.6002393],[-70.0708099,43.6000183]]]},"properties":{"objtype":"DEPARE","label":"shallow area","valsou":3.6,"depth_label":"3.6-5.4m","chart":"US5PWMCE"}},{"type":"Feature","geometry":{"type":"Polygon","coordinates":[[[-70.231189,43.6574192],[-70.2299077,43.6567374],[-70.2297221,43.6562485],[-70.231032,43.6546102],[-70.2317744,43.6541498],[-70.2312925,43.6533074],[-70.2308562,43.6531296],[-70.2322864,43.6507735],[-70.2324272,43.6513637],[-70.2320879,43.6521241],[-70.2315799,43.6526155],[-70.2314639,43.6531003],[-70.2314877,43.6534067],[-70.2320438,43.6541294],[-70.2320974,43.6544328],[-70.23122,43.6545548],[-70.2312021,43.6547421],[-70.2319368,43.655102],[-70.2331354,43.6560389],[-70.2343787,43.6562442],[-70.2354714,43.6566704],[-70.2355782,43.6565755],[-70.2350815,43.6561472],[-70.2355128,43.6558616],[-70.2362897,43.6559845],[-70.236069,43.6557308],[-70.2361731,43.655179],[-70.2369571,43.6548965],[-70.2378286,43.6551106],[-70.2381201,43.6553664],[-70.2382985,43.6552415],[-70.2380279,43.6548905],[-70.2382153,43.6546764],[-70.2389588,43.6550392],[-70.2389767,43.6546213],[-70.2393634,43.6546124],[-70.2395031,43.6544399],[-70.2387209,43.6540205],[-70.2386614,43.6538272],[-70.2401875,43.6531066],[-70.2398851,43.6528289],[-70.239975,43.6527118],[-70.240332,43.6524562],[-70.2407913,43.6524464],[-70.2408246,43.6519848],[-70.2409981,43.6516839],[-70.2415307,43.6516663],[-70.2408966,43.652029],[-70.2411672,43.6525368],[-70.2421952,43.653422],[-70.2421619,43.6536837],[-70.2417574,43.653836],[-70.2414766,43.6537456],[-70.2411863,43.6527938],[-70.2406295,43.6525749],[-70.2404772,43.6527034],[-70.2404461,43.6532504],[-70.2405594,43.6533034],[-70.2404349,43.6533336],[-70.2405343,43.6534542],[-70.2404468,43.6539981],[-70.2403077,43.6539673],[-70.2402586,43.654174],[-70.2402408,43.6547064],[-70.2397768,43.6551912],[-70.2382938,43.656027],[-70.2370922,43.6550217],[-70.2366728,43.6551139],[-70.2373084,43.6558228],[-70.2369137,43.6559717],[-70.2370664,43.6568266],[-70.2357121,43.6559479],[-70.2353641,43.6561501],[-70.2362445,43.657099],[-70.2361523,43.6573131],[-70.2346172,43.6574605],[-70.231189,43.6574192]]]},"properties":{"objtype":"DEPARE","label":"shallow area","valsou":3.6,"depth_label":"3.6-5.4m","chart":"US5PWMDC"}},{"type":"Feature","geometry":{"type":"Polygon","coordinates":[[[-70.2,43.6895822],[-70.2,43.6909142],[-70.2001968,43.6909082],[-70.2012798,43.6896417],[-70.202849,43.6890349],[-70.2048683,43.6875353],[-70.2076522,43.6862001],[-70.2085236,43.6863737],[-70.209108,43.6862549],[-70.209966,43.6852752],[-70.2100651,43.6826248],[-70.2109718,43.6805483],[-70.2113575,43.6790014],[-70.2111884,43.6758905],[-70.211337,43.6740495],[-70.2121254,43.6712634],[-70.2126594,43.6703419],[-70.2128058,43.6691867],[-70.2130496,43.6686811],[-70.2133828,43.668455],[-70.2132281,43.6676817],[-70.213936,43.6657484],[-70.214281,43.6636568],[-70.21361,43.663131],[-70.2135311,43.6625292],[-70.2123963,43.6621024],[-70.2111888,43.6620084],[-70.2094423,43.6623035],[-70.2089545,43.6622083],[-70.2077886,43.661523],[-70.2077457,43.6612327],[-70.2082597,43.6607711],[-70.2081693,43.6604094],[-70.2078552,43.6601429],[-70.2044497,43.6598917],[-70.2033432,43.6595062],[-70.2007054,43.6571838],[-70.2002095,43.6573447],[-70.2,43.6572458],[-70.2,43.6580496],[-70.2008724,43.6602446],[-70.2015846,43.6611743],[-70.2024625,43.6618807],[-70.2025064,43.6624415],[-70.2030127,43.6634709],[-70.2024964,43.6651695],[-70.2015115,43.6674367],[-70.2,43.6690337],[-70.2,43.6695924],[-70.2004436,43.6696088],[-70.2001594,43.6699697],[-70.2009146,43.6699233],[-70.2019775,43.6692943],[-70.2031991,43.6677896],[-70.2039754,43.6677456],[-70.2037546,43.6672742],[-70.2035051,43.6672868],[-70.2039145,43.6669686],[-70.2036701,43.6668699],[-70.2040957,43.6661496],[-70.2049244,43.6654127],[-70.2052177,43.6642772],[-70.2051561,43.6637214],[-70.2053693,43.6625701],[-70.2055437,43.6623585],[-70.2062058,43.6621712],[-70.2072231,43.6622128],[-70.2085782,43.6628285],[-70.209176,43.6629385],[-70.2101135,43.6623086],[-70.2119885,43.6620897],[-70.2133063,43.6625191],[-70.2134098,43.6629724],[-70.2140273,43.6636442],[-70.2140487,43.6638869],[-70.2139845,43.6651832],[-70.2130458,43.6678872],[-70.2132028,43.6683227],[-70.2127918,43.6687488],[-70.2126228,43.6694531],[-70.2116544,43.6710019],[-70.2113043,43.6729362],[-70.2108736,43.6742708],[-70.2105814,43.6763932],[-70.2106607,43.6781402],[-70.2103069,43.6787697],[-70.2109089,43.679521],[-70.2108257,43.6799268],[-70.2106419,43.6801608],[-70.2096697,43.6806507],[-70.2056045,43.6840304],[-70.2049823,43.6848877],[-70.2043728,43.685299],[-70.2042796,43.6857011],[-70.2040126,43.6859826],[-70.2032469,43.6863719],[-70.2021689,43.6865583],[-70.2017105,43.6873113],[-70.2011388,43.6876915],[-70.2014738,43.6891117],[-70.201174,43.6896673],[-70.2006577,43.6898098],[-70.2,43.6895822]],[[-70.204068,43.6661624],[-70.2027457,43.6682851],[-70.2023553,43.6683034],[-70.2023881,43.6672119],[-70.2030606,43.6660728],[-70.2032621,43.6653743],[-70.2039119,43.6646082],[-70.2040325,43.6641304],[-70.2046798,43.6638232],[-70.2048082,43.6641706],[-70.2044836,43.6654401],[-70.2041234,43.6657674],[-70.204068,43.6661624]]]},"properties":{"objtype":"DEPARE","label":"shallow area","valsou":3.6,"depth_label":"3.6-5.4m","chart":"US5PWMDC"}},{"type":"Feature","geometry":{"type":"Polygon","coordinates":[[[-70.2514855,43.6525253],[-70.251012,43.6525444],[-70.2509594,43.6528742],[-70.250495,43.6531262],[-70.2506831,43.6533786],[-70.2502218,43.6529701],[-70.2510042,43.6524991],[-70.2520359,43.6511407],[-70.2526506,43.6509135],[-70.2541027,43.6518961],[-70.2536052,43.6518385],[-70.2539212,43.652044],[-70.2537756,43.6521587],[-70.2534621,43.6519583],[-70.2533558,43.6520455],[-70.2536666,43.6522467],[-70.2535223,43.6523646],[-70.2532091,43.6521656],[-70.2531108,43.6522515],[-70.2534132,43.6524513],[-70.2530122,43.6527901],[-70.2542587,43.6542061],[-70.2540504,43.6543394],[-70.2520254,43.6521977],[-70.2514855,43.6525253]]]},"properties":{"objtype":"DEPARE","label":"shallow area","valsou":3.6,"depth_label":"3.6-5.4m","chart":"US5PWMDC"}},{"type":"Feature","geometry":{"type":"Polygon","coordinates":[[[-70.2405413,43.6633201],[-70.2401701,43.66338],[-70.2393801,43.6638558],[-70.238219,43.6635418],[-70.2364829,43.6647315],[-70.2353217,43.6658641],[-70.2354264,43.6685196],[-70.2353122,43.6693476],[-70.2350076,43.6698416],[-70.2350076,43.6704841],[-70.2359547,43.6735184],[-70.2356822,43.6738377],[-70.2363497,43.6746948],[-70.2360441,43.675119],[-70.2355102,43.6752894],[-70.2310219,43.6738949],[-70.2305448,43.6733988],[-70.2287858,43.67321],[-70.2223303,43.6698645],[-70.2216947,43.6697215],[-70.2210097,43.6692839],[-70.2203102,43.6692458],[-70.2204672,43.6688746],[-70.2224898,43.6676373],[-70.2225326,43.6674564],[-70.2222756,43.6670853],[-70.223314,43.665333],[-70.2254141,43.6634247],[-70.2254712,43.6631058],[-70.2253047,43.6626844],[-70.2236105,43.6615287],[-70.2240911,43.6609529],[-70.2241197,43.6607112],[-70.2217023,43.661285],[-70.2205838,43.6613136],[-70.2203954,43.6618295],[-70.2200684,43.6621157],[-70.2177365,43.6637338],[-70.2171636,43.6647213],[-70.2160441,43.6658503],[-70.2156479,43.6664642],[-70.2150453,43.669475],[-70.2158835,43.6699127],[-70.2160548,43.670452],[-70.2158203,43.6718374],[-70.2146894,43.6742324],[-70.214556,43.6768265],[-70.2147071,43.680371],[-70.2141026,43.6817694],[-70.2126065,43.682506],[-70.2122236,43.6830087],[-70.2118487,43.6837982],[-70.2118929,43.6849591],[-70.2113924,43.6858784],[-70.2112967,43.686434],[-70.211499,43.6871047],[-70.2120595,43.6878396],[-70.2123571,43.6887498],[-70.2136972,43.6904578],[-70.2153981,43.6933553],[-70.215695,43.6940376],[-70.2157901,43.6950057],[-70.2151907,43.6959742],[-70.2143696,43.6966851],[-70.212944,43.6983609],[-70.2120952,43.6999142],[-70.2121544,43.7012723],[-70.2115133,43.7021088],[-70.2114479,43.7029804],[-70.2116267,43.7046834],[-70.2119343,43.7053715],[-70.2120725,43.706242],[-70.2126392,43.7071904],[-70.2120538,43.7084099],[-70.2121093,43.7096627],[-70.2110575,43.7117488],[-70.2110902,43.7127701],[-70.2107048,43.7142956],[-70.2089896,43.7150702],[-70.2086496,43.715684],[-70.2086748,43.7162723],[-70.2092364,43.7168386],[-70.2098661,43.7169245],[-70.2103371,43.7164586],[-70.2106676,43.7163739],[-70.2114286,43.7167226],[-70.2122268,43.7178844],[-70.2125838,43.718976],[-70.212337,43.7205653],[-70.2123981,43.7212784],[-70.2116947,43.7232615],[-70.2099202,43.725],[-70.2111329,43.725],[-70.2129112,43.7230386],[-70.2134767,43.7219981],[-70.2139699,43.7197963],[-70.213839,43.7181567],[-70.2124544,43.71651],[-70.2111083,43.7158215],[-70.2093044,43.7161243],[-70.2090979,43.7156694],[-70.2093221,43.715167],[-70.2108585,43.714893],[-70.2113899,43.7141056],[-70.2118584,43.7137786],[-70.2119768,43.7132579],[-70.2118584,43.7122951],[-70.2125259,43.7114985],[-70.2129692,43.7100168],[-70.214613,43.7066148],[-70.214566,43.7059149],[-70.2148636,43.7044412],[-70.2144779,43.7033824],[-70.2144376,43.7027575],[-70.2140536,43.7022891],[-70.2125637,43.7014437],[-70.213211,43.6994427],[-70.2141127,43.6983865],[-70.2166414,43.6967765],[-70.2191929,43.6955777],[-70.2204623,43.6952524],[-70.2213514,43.69443],[-70.2219081,43.6935382],[-70.2217494,43.6922936],[-70.2223902,43.6910544],[-70.2220139,43.6906469],[-70.2224192,43.6887157],[-70.2219156,43.6875325],[-70.2216595,43.684222],[-70.2203364,43.6834985],[-70.220145,43.6830854],[-70.220616,43.6814732],[-70.2205329,43.6775632],[-70.2206815,43.676757],[-70.2210618,43.6761117],[-70.2210467,43.6735596],[-70.221863,43.6723214],[-70.2216917,43.6715505],[-70.2218249,43.6714125],[-70.2234382,43.670751],[-70.2241235,43.6708605],[-70.2284969,43.6732161],[-70.2319904,43.6743345],[-70.2331135,43.6753434],[-70.233894,43.675824],[-70.2362254,43.6759002],[-70.2373247,43.6764189],[-70.2383133,43.6763709],[-70.2400451,43.6768204],[-70.2403558,43.6770385],[-70.2417157,43.6769925],[-70.242584,43.6773697],[-70.2450778,43.6771328],[-70.2453241,43.6769809],[-70.245281,43.6768602],[-70.2443882,43.6767708],[-70.2441744,43.6765177],[-70.2476865,43.6756682],[-70.2485759,43.6756075],[-70.2490238,43.6757423],[-70.249445,43.6755031],[-70.2500428,43.675565],[-70.25016,43.6753663],[-70.2499207,43.6752256],[-70.2506922,43.6750055],[-70.2510041,43.6752059],[-70.2522463,43.6753931],[-70.2530086,43.6751962],[-70.2543677,43.6756081],[-70.2547882,43.6761699],[-70.2546926,43.676267],[-70.2548219,43.6765424],[-70.2545012,43.6770539],[-70.2547557,43.6770334],[-70.2550195,43.6772361],[-70.2551375,43.6771011],[-70.2550427,43.6766565],[-70.2555607,43.6765827],[-70.2558011,43.6763275],[-70.2573107,43.6766859],[-70.2594568,43.6764575],[-70.2602286,43.6762462],[-70.2615487,43.6754747],[-70.261938,43.6750153],[-70.2619042,43.6745411],[-70.262616,43.6741833],[-70.2622934,43.6739146],[-70.2623374,43.6729981],[-70.2622291,43.6729318],[-70.2620057,43.6737966],[-70.2606788,43.6750546],[-70.2586962,43.6754965],[-70.2571535,43.6756282],[-70.2566763,43.6762984],[-70.2565693,43.6759779],[-70.2557028,43.6759194],[-70.2553387,43.6751017],[-70.2542018,43.6744639],[-70.2524994,43.6744616],[-70.2522012,43.6742669],[-70.2500544,43.674062],[-70.2473966,43.6746545],[-70.2428285,43.6752531],[-70.2409668,43.6750128],[-70.2375809,43.6737788],[-70.2368229,43.6732924],[-70.2357973,43.6721046],[-70.2350609,43.6699769],[-70.2361031,43.6677802],[-70.2362768,43.665148],[-70.2372776,43.6642795],[-70.2377606,43.664339],[-70.237989,43.6646888],[-70.2381877,43.6647173],[-70.2410355,43.6633115],[-70.2409052,43.6632074],[-70.2404063,43.6634083],[-70.2405413,43.6633201]],[[-70.2193241,43.6856323],[-70.2195866,43.6853686],[-70.2198543,43.6853881],[-70.219951,43.6855603],[-70.2197067,43.6858254],[-70.2193241,43.6856323]],[[-70.2375321,43.6753498],[-70.2372704,43.6751845],[-70.2374971,43.6747965],[-70.2373465,43.6745967],[-70.2375083,43.674542],[-70.2421427,43.6754278],[-70.2490979,43.6744451],[-70.2486886,43.6747163],[-70.2501211,43.6748513],[-70.2503964,43.6750144],[-70.2498569,43.675176],[-70.2496003,43.6753985],[-70.246429,43.6758154],[-70.244238,43.6763313],[-70.2432949,43.6768158],[-70.2423677,43.6768971],[-70.2396038,43.676473],[-70.2376336,43.675783],[-70.2373957,43.6756307],[-70.2375321,43.6753498]],[[-70.2504687,43.6744356],[-70.2519348,43.6744704],[-70.2523057,43.6748781],[-70.250778,43.6747734],[-70.2504687,43.6744356]],[[-70.2568585,43.676322],[-70.2571909,43.6757068],[-70.2587948,43.6755983],[-70.2604983,43.6752545],[-70.2617946,43.6742472],[-70.2619276,43.6743075],[-70.2613791,43.6753027],[-70.2601825,43.6761773],[-70.2589776,43.6764668],[-70.2570164,43.6764969],[-70.2568585,43.676322]],[[-70.2207095,43.6617116],[-70.2235355,43.6608994],[-70.2236711,43.6610671],[-70.2235534,43.661706],[-70.2239388,43.6621058],[-70.2252023,43.6627875],[-70.2253415,43.6631166],[-70.2252023,43.6635413],[-70.2237354,43.664844],[-70.2225162,43.6655764],[-70.220072,43.6679714],[-70.2201291,43.668753],[-70.2196258,43.6689136],[-70.2196722,43.6695347],[-70.2195116,43.6697346],[-70.2190904,43.6697238],[-70.21861,43.6692656],[-70.2179247,43.6690693],[-70.2176571,43.6685053],[-70.2172454,43.6681103],[-70.2169242,43.6681044],[-70.2162877,43.6685029],[-70.2158951,43.6692049],[-70.2154927,43.6691581],[-70.2154073,43.6677356],[-70.2160021,43.6669682],[-70.2159843,43.6662234],[-70.2163412,43.6657059],[-70.21718,43.6650337],[-70.2178189,43.6639606],[-70.2207095,43.6617116]],[[-70.2170229,43.6687102],[-70.2174156,43.6687923],[-70.2174441,43.6690136],[-70.2168052,43.6690671],[-70.2163769,43.6688815],[-70.2170229,43.6687102]]]},"properties":{"objtype":"DEPARE","label":"shallow area","valsou":3.6,"depth_label":"3.6-5.4m","chart":"US5PWMDC"}},{"type":"Feature","geometry":{"type":"Polygon","coordinates":[[[-70.2241402,43.65],[-70.2235018,43.65],[-70.2236499,43.6508161],[-70.2232989,43.6525174],[-70.2235428,43.6527732],[-70.2259282,43.6528089],[-70.2274035,43.653612],[-70.2289886,43.6525569],[-70.2298365,43.6526364],[-70.2306028,43.6529956],[-70.2306613,43.6528993],[-70.2291795,43.6523014],[-70.229007,43.6515579],[-70.2282763,43.6512448],[-70.2282286,43.6514022],[-70.2275079,43.6515103],[-70.2271094,43.6524145],[-70.2247358,43.6522241],[-70.2236948,43.652355],[-70.2235104,43.6521527],[-70.2238197,43.6513437],[-70.2238138,43.6506358],[-70.2241402,43.65]]]},"properties":{"objtype":"DEPARE","label":"shallow area","valsou":3.6,"depth_label":"3.6-5.4m","chart":"US5PWMDC"}},{"type":"Feature","geometry":{"type":"Polygon","coordinates":[[[-70.2,43.6562552],[-70.2005093,43.6539221],[-70.2011565,43.6531911],[-70.2012061,43.65],[-70.2008818,43.65],[-70.2011212,43.6512466],[-70.2010313,43.6530718],[-70.2002353,43.6542568],[-70.2,43.6552171],[-70.2,43.6562552]]]},"properties":{"objtype":"DEPARE","label":"shallow area","valsou":3.6,"depth_label":"3.6-5.4m","chart":"US5PWMDC"}},{"type":"Feature","geometry":{"type":"Polygon","coordinates":[[[-70.2477727,43.6581011],[-70.247746,43.6579137],[-70.2482457,43.6579434],[-70.2482129,43.6580802],[-70.2477727,43.6581011]]]},"properties":{"objtype":"DEPARE","label":"shallow area","valsou":3.6,"depth_label":"3.6-5.4m","chart":"US5PWMDC"}},{"type":"Feature","geometry":{"type":"Polygon","coordinates":[[[-70.2403825,43.6628144],[-70.2403469,43.6627507],[-70.240235,43.662825],[-70.2403825,43.6628144]]]},"properties":{"objtype":"DEPARE","label":"shallow area","valsou":3.6,"depth_label":"3.6-5.4m","chart":"US5PWMDC"}},{"type":"Feature","geometry":{"type":"Polygon","coordinates":[[[-70.2041765,43.725],[-70.2040995,43.724986],[-70.2038694,43.725],[-70.2041765,43.725]]]},"properties":{"objtype":"DEPARE","label":"shallow area","valsou":3.6,"depth_label":"3.6-5.4m","chart":"US5PWMDC"}},{"type":"Feature","geometry":{"type":"Polygon","coordinates":[[[-70.2405256,43.662809],[-70.2401552,43.6625002],[-70.2407153,43.6625387],[-70.2418292,43.6619476],[-70.2419751,43.6620684],[-70.2410821,43.662743],[-70.2405256,43.662809]]]},"properties":{"objtype":"DEPARE","label":"shallow area","valsou":3.6,"depth_label":"3.6-5.4m","chart":"US5PWMDC"}},{"type":"Feature","geometry":{"type":"Polygon","coordinates":[[[-70.2421456,43.6624438],[-70.2409779,43.6631769],[-70.2410839,43.6632624],[-70.2415672,43.6630817],[-70.2424114,43.6624329],[-70.2421456,43.6624438]]]},"properties":{"objtype":"DEPARE","label":"shallow area","valsou":3.6,"depth_label":"3.6-5.4m","chart":"US5PWMDC"}},{"type":"Feature","geometry":{"type":"Polygon","coordinates":[[[-70.2,43.7154746],[-70.2,43.7160025],[-70.2007156,43.715748],[-70.2009266,43.7153327],[-70.2004876,43.7150907],[-70.2,43.7154746]],[[-70.2004515,43.7152007],[-70.2001414,43.7155379],[-70.2005821,43.7156493],[-70.2007774,43.7154186],[-70.2004515,43.7152007]]]},"properties":{"objtype":"DEPARE","label":"shallow area","valsou":3.6,"depth_label":"3.6-5.4m","chart":"US5PWMDC"}},{"type":"Feature","geometry":{"type":"Polygon","coordinates":[[[-70.2109119,43.65],[-70.210527,43.65],[-70.2087807,43.6506321],[-70.2072612,43.6514792],[-70.2062333,43.6523168],[-70.2057193,43.653221],[-70.2052958,43.654444],[-70.2052767,43.654958],[-70.2058064,43.6557813],[-70.2063346,43.6561525],[-70.2069676,43.6563714],[-70.2077528,43.6565618],[-70.2082287,43.6564999],[-70.2094991,43.655186],[-70.210611,43.6545383],[-70.211834,43.653439],[-70.213217,43.6525376],[-70.2143211,43.6512242],[-70.2149683,43.6501724],[-70.2149646,43.65],[-70.2148371,43.65],[-70.2144405,43.6508796],[-70.2133079,43.6522645],[-70.210512,43.6543746],[-70.2093204,43.6550979],[-70.2083255,43.6563677],[-70.2078261,43.6563923],[-70.2061148,43.6559593],[-70.2056008,43.6554263],[-70.2054247,43.6547981],[-70.205834,43.6532867],[-70.2062908,43.6524063],[-70.2081573,43.6512365],[-70.2103583,43.6503799],[-70.2109119,43.65]]]},"properties":{"objtype":"DEPARE","label":"shallow area","valsou":3.6,"depth_label":"3.6-5.4m","chart":"US5PWMDC"}},{"type":"Feature","geometry":{"type":"Polygon","coordinates":[[[-70.2444239,43.6915122],[-70.2422517,43.6914754],[-70.2413033,43.6904723],[-70.2404231,43.6901973],[-70.2406372,43.6899688],[-70.2403197,43.689334],[-70.2404144,43.6888832],[-70.2392645,43.6860794],[-70.2391159,43.6846592],[-70.2392771,43.6839573],[-70.2403324,43.6825718],[-70.2410125,43.680742],[-70.2401293,43.6800552],[-70.238278,43.6790589],[-70.2356433,43.6773409],[-70.2349756,43.676885],[-70.2349161,43.6766835],[-70.2356433,43.6765683],[-70.2367607,43.6772209],[-70.2382087,43.67772],[-70.2409042,43.6799547],[-70.2413853,43.6800077],[-70.2415153,43.6798603],[-70.2411863,43.6791011],[-70.2415827,43.6787424],[-70.2421812,43.6790517],[-70.2427719,43.6791082],[-70.2440233,43.6803033],[-70.244108,43.680594],[-70.2439493,43.6807091],[-70.2433841,43.6802608],[-70.2427126,43.6801205],[-70.2427866,43.6816292],[-70.241702,43.6822095],[-70.2412392,43.6827253],[-70.2404533,43.6840506],[-70.2403375,43.6848585],[-70.2403778,43.6863894],[-70.2406172,43.6867264],[-70.2412616,43.687099],[-70.2409722,43.6876751],[-70.2411863,43.6882179],[-70.2427433,43.6891506],[-70.2436597,43.6899177],[-70.2455051,43.6903268],[-70.2451457,43.6908169],[-70.2433473,43.6902978],[-70.2424401,43.6894945],[-70.2418571,43.6891951],[-70.2412877,43.6892694],[-70.2413998,43.6897291],[-70.2424531,43.6909554],[-70.2429947,43.6911879],[-70.2442435,43.691304],[-70.2444239,43.6915122]]]},"properties":{"objtype":"DEPARE","label":"shallow area","valsou":3.6,"depth_label":"3.6-5.4m","chart":"US5PWMDC"}},{"type":"Feature","geometry":{"type":"Polygon","coordinates":[[[-70.2428106,43.6618722],[-70.2422903,43.6626705],[-70.2416085,43.6631042],[-70.2417386,43.6631858],[-70.243971,43.6616328],[-70.2439042,43.6614995],[-70.2429762,43.6612747],[-70.2422374,43.6607643],[-70.2399151,43.6623001],[-70.2415755,43.6612181],[-70.2419538,43.6611146],[-70.2422894,43.6611548],[-70.2421644,43.6616607],[-70.2418715,43.6619212],[-70.2420103,43.6620382],[-70.2423502,43.6616866],[-70.2426786,43.6616402],[-70.2428106,43.6618722]]]},"properties":{"objtype":"DEPARE","label":"shallow area","valsou":3.6,"depth_label":"3.6-5.4m","chart":"US5PWMDC"}},{"type":"Feature","geometry":{"type":"Polygon","coordinates":[[[-70.2456962,43.6515835],[-70.2456118,43.6514907],[-70.2442554,43.65],[-70.2448015,43.65],[-70.246147,43.6514393],[-70.2456962,43.6515835]]]},"properties":{"objtype":"DEPARE","label":"shallow area","valsou":3.6,"depth_label":"3.6-5.4m","chart":"US5PWMDC"}},{"type":"Feature","geometry":{"type":"Polygon","coordinates":[[[-70.2090708,43.65],[-70.2071799,43.65],[-70.2069531,43.6502134],[-70.2066247,43.650675],[-70.2067103,43.6509939],[-70.2069911,43.6511081],[-70.2078001,43.6510462],[-70.2081856,43.650656],[-70.2085949,43.650537],[-70.2090708,43.65]]]},"properties":{"objtype":"DEPARE","label":"shallow area","valsou":3.6,"depth_label":"3.6-5.4m","chart":"US5PWMDC"}},{"type":"Feature","geometry":{"type":"Polygon","coordinates":[[[-70.2398552,43.662342],[-70.2385872,43.6632784],[-70.2386015,43.6633534],[-70.2396615,43.6631571],[-70.2403109,43.6627213],[-70.2398552,43.662342]],[[-70.240015,43.6626234],[-70.2394953,43.6626462],[-70.2395144,43.6628975],[-70.2400455,43.6628784],[-70.240015,43.6626234]]]},"properties":{"objtype":"DEPARE","label":"shallow area","valsou":3.6,"depth_label":"3.6-5.4m","chart":"US5PWMDC"}},{"type":"Feature","geometry":{"type":"Polygon","coordinates":[[[-70.2065287,43.720809],[-70.2079695,43.7207863],[-70.2086395,43.7204063],[-70.2093246,43.7191678],[-70.2101003,43.7183168],[-70.2100696,43.718029],[-70.2089403,43.7175942],[-70.2078385,43.7180498],[-70.207098,43.7188043],[-70.2069545,43.7194857],[-70.2059193,43.720304],[-70.2058891,43.7207224],[-70.2065287,43.720809]],[[-70.2061661,43.7206219],[-70.2061963,43.7203132],[-70.2085109,43.7185805],[-70.2089832,43.7185941],[-70.2093122,43.7188291],[-70.2092355,43.7191518],[-70.2080602,43.7204484],[-70.2065112,43.7207479],[-70.2061661,43.7206219]]]},"properties":{"objtype":"DEPARE","label":"shallow area","valsou":3.6,"depth_label":"3.6-5.4m","chart":"US5PWMDC"}},{"type":"Feature","geometry":{"type":"Polygon","coordinates":[[[-70.2546559,43.6516488],[-70.2530203,43.6505506],[-70.2534477,43.6503046],[-70.2545155,43.6510422],[-70.2548791,43.6508971],[-70.2554305,43.6512041],[-70.2552118,43.6512126],[-70.2546559,43.6516488]]]},"properties":{"objtype":"DEPARE","label":"shallow area","valsou":3.6,"depth_label":"3.6-5.4m","chart":"US5PWMDC"}},{"type":"Feature","geometry":{"type":"Polygon","coordinates":[[[-70.1582657,43.7111778],[-70.1580739,43.7111751],[-70.157147,43.7120832],[-70.1564392,43.7122549],[-70.1563762,43.7120174],[-70.1568722,43.7112474],[-70.1573686,43.7109778],[-70.1577363,43.7102287],[-70.1585373,43.7098907],[-70.1585448,43.709492],[-70.1577267,43.7093101],[-70.1568798,43.7095486],[-70.1541119,43.7093609],[-70.1511726,43.707965],[-70.1498694,43.7071584],[-70.1485332,43.7066633],[-70.1475958,43.7067229],[-70.1458034,43.707299],[-70.1452939,43.7076891],[-70.1460546,43.7073365],[-70.1476588,43.7069716],[-70.1482559,43.7072634],[-70.1495202,43.7073009],[-70.1507343,43.7083688],[-70.1521141,43.7088524],[-70.1530969,43.7095326],[-70.1580432,43.7096918],[-70.1579939,43.7100228],[-70.157406,43.7100258],[-70.1573896,43.7107475],[-70.1566578,43.7111263],[-70.1563939,43.7114857],[-70.1561496,43.7122695],[-70.1562579,43.7128962],[-70.1579509,43.7118018],[-70.1581016,43.7112464],[-70.1582657,43.7111778]]]},"properties":{"objtype":"DEPARE","label":"shallow area","valsou":3.6,"depth_label":"3.6-5.4m","chart":"US5PWMDD"}},{"type":"Feature","geometry":{"type":"Polygon","coordinates":[[[-70.1502507,43.7050196],[-70.1496286,43.7049721],[-70.1494246,43.7051621],[-70.1494095,43.7053339],[-70.1495656,43.7055568],[-70.1499963,43.7055568],[-70.1503112,43.7053522],[-70.1502507,43.7050196]],[[-70.1501953,43.7051274],[-70.1494976,43.7051292],[-70.1495228,43.7054252],[-70.1501878,43.7053631],[-70.1501953,43.7051274]]]},"properties":{"objtype":"DEPARE","label":"shallow area","valsou":3.6,"depth_label":"3.6-5.4m","chart":"US5PWMDD"}},{"type":"Feature","geometry":{"type":"Polygon","coordinates":[[[-70.1363918,43.6945197],[-70.135829,43.6948636],[-70.1364825,43.6952618],[-70.136355,43.6959669],[-70.1377865,43.6962706],[-70.138029,43.6964826],[-70.13804,43.696782],[-70.1369872,43.6982915],[-70.1366623,43.6996236],[-70.1344886,43.7011111],[-70.1336902,43.7023902],[-70.1336978,43.7029172],[-70.1342127,43.7036914],[-70.1340957,43.7040841],[-70.1349285,43.7052597],[-70.1350831,43.7058747],[-70.1348413,43.706876],[-70.133995,43.7079412],[-70.1341411,43.7086502],[-70.1340428,43.7092586],[-70.1343476,43.7094395],[-70.1371912,43.7093152],[-70.1396596,43.7087726],[-70.1418534,43.7075046],[-70.1423702,43.7065025],[-70.1423269,43.7062877],[-70.1419491,43.7061525],[-70.1418752,43.7068992],[-70.1411582,43.7076215],[-70.1397376,43.7084601],[-70.1386976,43.7085507],[-70.1372141,43.7089486],[-70.1358558,43.7087763],[-70.1347556,43.7093298],[-70.1342947,43.7092531],[-70.1342141,43.7081842],[-70.1353374,43.7065654],[-70.1354455,43.7048224],[-70.1348969,43.7039074],[-70.1339446,43.7028379],[-70.1341622,43.7021236],[-70.134561,43.7017172],[-70.134616,43.7011329],[-70.135743,43.7006981],[-70.1371207,43.6996401],[-70.1376395,43.699006],[-70.1381685,43.6976025],[-70.1388309,43.6972279],[-70.1393321,43.69657],[-70.1401532,43.6960455],[-70.1403104,43.6957384],[-70.140259,43.6947553],[-70.1405839,43.6938196],[-70.1417519,43.6931548],[-70.1428808,43.6929664],[-70.1424971,43.6921041],[-70.1412769,43.6923868],[-70.1402414,43.6931891],[-70.1399291,43.6936898],[-70.1391911,43.6939987],[-70.1372356,43.6937985],[-70.1370678,43.6936771],[-70.1375281,43.6935199],[-70.1370656,43.6934651],[-70.1367001,43.6938233],[-70.1396576,43.6943824],[-70.1382843,43.6955905],[-70.1375597,43.6956662],[-70.1369973,43.695956],[-70.1365817,43.6959651],[-70.1363928,43.6957769],[-70.1370048,43.6950331],[-70.1371162,43.6945774],[-70.1363918,43.6945197]]]},"properties":{"objtype":"DEPARE","label":"shallow area","valsou":3.6,"depth_label":"3.6-5.4m","chart":"US5PWMDD"}},{"type":"Feature","geometry":{"type":"Polygon","coordinates":[[[-70.1287549,43.7075934],[-70.1292246,43.7095432],[-70.1287158,43.710342],[-70.1289424,43.7105101],[-70.1294045,43.7104183],[-70.1296905,43.7108116],[-70.1292069,43.7113524],[-70.128495,43.7112062],[-70.1281541,43.7113597],[-70.1272448,43.7135594],[-70.127464,43.7145349],[-70.1267915,43.7162394],[-70.1268947,43.7172771],[-70.1267537,43.7180827],[-70.1269653,43.7184298],[-70.1274312,43.7185485],[-70.1294512,43.7185175],[-70.1303529,43.7183056],[-70.1313845,43.7177632],[-70.1331756,43.7177609],[-70.136282,43.7171437],[-70.1379216,43.716455],[-70.1390727,43.7156165],[-70.1398963,43.7153041],[-70.1401759,43.7149862],[-70.1416972,43.7142298],[-70.1410952,43.71427],[-70.1409524,43.7137561],[-70.1402502,43.7136959],[-70.1397376,43.7141622],[-70.1394555,43.7148912],[-70.1387579,43.7156804],[-70.1376748,43.7164331],[-70.1364255,43.7169574],[-70.1341862,43.7170933],[-70.1317638,43.7174767],[-70.1304209,43.7181594],[-70.129421,43.7183348],[-70.1288593,43.7183129],[-70.1281642,43.7180498],[-70.1277058,43.7176662],[-70.1273002,43.716919],[-70.1273531,43.7154666],[-70.1278191,43.713267],[-70.1284765,43.7129016],[-70.129353,43.7127884],[-70.1295395,43.7125903],[-70.1295022,43.7122926],[-70.1290109,43.7119272],[-70.129667,43.7112505],[-70.1298287,43.7108557],[-70.1296048,43.7102963],[-70.1290759,43.7101776],[-70.129353,43.709613],[-70.1292648,43.7084272],[-70.1295464,43.7075499],[-70.1293454,43.7074161],[-70.128123,43.7074881],[-70.1269048,43.7082445],[-70.125,43.7090175],[-70.125,43.7094231],[-70.125803,43.7088768],[-70.1273992,43.7082794],[-70.1274978,43.7080897],[-70.1279549,43.7080437],[-70.1283412,43.707662],[-70.1287549,43.7075934]]]},"properties":{"objtype":"DEPARE","label":"shallow area","valsou":3.6,"depth_label":"3.6-5.4m","chart":"US5PWMDD"}},{"type":"Feature","geometry":{"type":"Polygon","coordinates":[[[-70.1971961,43.65],[-70.1962012,43.65],[-70.1967468,43.6502072],[-70.1971961,43.65]]]},"properties":{"objtype":"DEPARE","label":"shallow area","valsou":3.6,"depth_label":"3.6-5.4m","chart":"US5PWMDD"}},{"type":"Feature","geometry":{"type":"Polygon","coordinates":[[[-70.1898403,43.65],[-70.1890463,43.65],[-70.1905161,43.6504571],[-70.1913762,43.6501001],[-70.1915047,43.6507747],[-70.1921793,43.6510281],[-70.1924309,43.6508747],[-70.1925237,43.6504571],[-70.1929766,43.65],[-70.1927246,43.65],[-70.1922821,43.6504423],[-70.1919918,43.6504947],[-70.1918776,43.6503472],[-70.1919568,43.65],[-70.190718,43.65],[-70.1903695,43.6502377],[-70.1898403,43.65]]]},"properties":{"objtype":"DEPARE","label":"shallow area","valsou":3.6,"depth_label":"3.6-5.4m","chart":"US5PWMDD"}},{"type":"Feature","geometry":{"type":"Polygon","coordinates":[[[-70.2,43.6553417],[-70.1999641,43.6552812],[-70.1999561,43.655343],[-70.2,43.6553417]]]},"properties":{"objtype":"DEPARE","label":"shallow area","valsou":3.6,"depth_label":"3.6-5.4m","chart":"US5PWMDD"}},{"type":"Feature","geometry":{"type":"Polygon","coordinates":[[[-70.1999332,43.6555202],[-70.1996585,43.6571383],[-70.2,43.6580496],[-70.2,43.6572458],[-70.1997812,43.6569259],[-70.2,43.6563413],[-70.1999332,43.6555202]]]},"properties":{"objtype":"DEPARE","label":"shallow area","valsou":3.6,"depth_label":"3.6-5.4m","chart":"US5PWMDD"}},{"type":"Feature","geometry":{"type":"Polygon","coordinates":[[[-70.1842735,43.6745505],[-70.1834297,43.6750258],[-70.1832459,43.6753914],[-70.1834426,43.6746904],[-70.1826125,43.6743565],[-70.1817623,43.6743512],[-70.182324,43.6742506],[-70.1830569,43.6744463],[-70.1833256,43.6741402],[-70.1832005,43.6737516],[-70.1847294,43.674481],[-70.1857293,43.6745815],[-70.1865051,43.6743987],[-70.1873589,43.6744389],[-70.1875403,43.6742525],[-70.187306,43.6739965],[-70.1878047,43.6739965],[-70.1878047,43.6735943],[-70.190064,43.6728777],[-70.1925374,43.6714206],[-70.1936683,43.6711317],[-70.1951745,43.6710275],[-70.1969678,43.6705028],[-70.2,43.6690337],[-70.2,43.6695924],[-70.1944189,43.6720806],[-70.19255,43.6731757],[-70.1922855,43.6734152],[-70.1916298,43.6756448],[-70.1913259,43.6752799],[-70.1912687,43.6747559],[-70.189996,43.6743128],[-70.1881095,43.674364],[-70.1855706,43.6747808],[-70.1842735,43.6745505]]]},"properties":{"objtype":"DEPARE","label":"shallow area","valsou":3.6,"depth_label":"3.6-5.4m","chart":"US5PWMDD"}},{"type":"Feature","geometry":{"type":"Polygon","coordinates":[[[-70.185553,43.6876239],[-70.1859434,43.6876275],[-70.1860945,43.6878487],[-70.186626,43.6880114],[-70.187432,43.6875393],[-70.1879674,43.6875845],[-70.1886347,43.6879996],[-70.18851,43.6888083],[-70.1879886,43.6893036],[-70.1867846,43.6896362],[-70.18649,43.6900895],[-70.1849561,43.6903179],[-70.1836614,43.6909594],[-70.1833793,43.6911751],[-70.18315,43.6917254],[-70.1843098,43.6908949],[-70.1855767,43.6904659],[-70.1849624,43.690944],[-70.1851364,43.6910043],[-70.1866579,43.6903042],[-70.187016,43.689668],[-70.187981,43.6897513],[-70.1894872,43.6890111],[-70.1896897,43.6885945],[-70.1889936,43.6883349],[-70.1887921,43.6880479],[-70.1890011,43.6870171],[-70.1906462,43.6860475],[-70.1923202,43.6844867],[-70.1921483,43.6842533],[-70.1918573,43.684343],[-70.1914726,43.6839556],[-70.1911692,43.6839118],[-70.1906389,43.6842265],[-70.1905166,43.6844793],[-70.1896335,43.6849073],[-70.1884632,43.6848075],[-70.1876083,43.6849261],[-70.1875226,43.6845605],[-70.1878949,43.6840776],[-70.1874395,43.684557],[-70.187556,43.6849547],[-70.190051,43.6851214],[-70.1903184,43.6853672],[-70.1895804,43.6863481],[-70.1890036,43.6868361],[-70.1882808,43.6865802],[-70.1885229,43.686143],[-70.1884465,43.6860506],[-70.1873091,43.6856795],[-70.1859787,43.6859625],[-70.185558,43.6867923],[-70.185553,43.6876239]],[[-70.1861611,43.6873345],[-70.187287,43.6875101],[-70.1877821,43.6872547],[-70.1878501,43.6867977],[-70.1881783,43.6865622],[-70.1880993,43.6863146],[-70.1871773,43.6859632],[-70.1870012,43.6861362],[-70.1862038,43.686232],[-70.1860134,43.686574],[-70.1862634,43.6866265],[-70.1861611,43.6873345]]]},"properties":{"objtype":"DEPARE","label":"shallow area","valsou":3.6,"depth_label":"3.6-5.4m","chart":"US5PWMDD"}},{"type":"Feature","geometry":{"type":"Polygon","coordinates":[[[-70.1847138,43.65],[-70.1838663,43.6505706],[-70.1817605,43.6515819],[-70.1803076,43.6528911],[-70.1805844,43.6529965],[-70.1818816,43.6516071],[-70.1830694,43.6510217],[-70.1841205,43.6507219],[-70.1856874,43.6509753],[-70.1859214,43.6507308],[-70.1858334,43.6501919],[-70.1874144,43.6502001],[-70.1877178,43.65],[-70.1858456,43.6501521],[-70.1857076,43.6505851],[-70.1852603,43.6507621],[-70.1848034,43.650529],[-70.1852334,43.65],[-70.1847138,43.65]],[[-70.1843881,43.650341],[-70.1841918,43.6503851],[-70.1841965,43.6505279],[-70.1844725,43.6504898],[-70.1843881,43.650341]]]},"properties":{"objtype":"DEPARE","label":"shallow area","valsou":3.6,"depth_label":"3.6-5.4m","chart":"US5PWMDD"}},{"type":"Feature","geometry":{"type":"Polygon","coordinates":[[[-70.2,43.7153709],[-70.2,43.7160025],[-70.1993983,43.7161024],[-70.1994336,43.7159654],[-70.2,43.7153709]]]},"properties":{"objtype":"DEPARE","label":"shallow area","valsou":3.6,"depth_label":"3.6-5.4m","chart":"US5PWMDD"}},{"type":"Feature","geometry":{"type":"Polygon","coordinates":[[[-70.1379879,43.6916426],[-70.1378285,43.692014],[-70.1373323,43.6921017],[-70.1368008,43.6917837],[-70.1367253,43.6914967],[-70.1369549,43.6913132],[-70.1375001,43.6912812],[-70.1378125,43.6913827],[-70.1379879,43.6916426]],[[-70.1374532,43.691961],[-70.1369829,43.6918245],[-70.1369519,43.6915132],[-70.1372491,43.6913743],[-70.1377553,43.6914503],[-70.1378436,43.6917398],[-70.1374532,43.691961]]]},"properties":{"objtype":"DEPARE","label":"shallow area","valsou":3.6,"depth_label":"3.6-5.4m","chart":"US5PWMDD"}},{"type":"Feature","geometry":{"type":"Polygon","coordinates":[[[-70.1528461,43.6987854],[-70.1527856,43.6986073],[-70.1532077,43.6984402],[-70.153243,43.6980283],[-70.1555954,43.6959468],[-70.158905,43.694441],[-70.1614993,43.6935217],[-70.162605,43.6929497],[-70.1634513,43.6921547],[-70.163003,43.6931215],[-70.1603936,43.6941522],[-70.1594113,43.6949655],[-70.1578539,43.6950395],[-70.1568901,43.6956179],[-70.1561974,43.6962977],[-70.1554141,43.6964768],[-70.1537568,43.697703],[-70.1532077,43.6985637],[-70.1528461,43.6987854]]]},"properties":{"objtype":"DEPARE","label":"shallow area","valsou":3.6,"depth_label":"3.6-5.4m","chart":"US5PWMDD"}},{"type":"Feature","geometry":{"type":"Polygon","coordinates":[[[-70.1964439,43.7176589],[-70.1946898,43.7181696],[-70.1943227,43.7186298],[-70.1941922,43.7191568],[-70.1934536,43.7199888],[-70.1932142,43.720059],[-70.192626,43.7198724],[-70.1915803,43.7209982],[-70.1907441,43.7224997],[-70.1907264,43.7230496],[-70.1910339,43.7234304],[-70.1910153,43.7238659],[-70.1912125,43.7237145],[-70.1912673,43.723395],[-70.191011,43.7221983],[-70.1917733,43.7214009],[-70.1920362,43.7208046],[-70.1927766,43.7204229],[-70.1936909,43.7204739],[-70.1940382,43.7195825],[-70.1946279,43.7189065],[-70.1954927,43.7187802],[-70.1958722,43.7180571],[-70.1969073,43.7174488],[-70.1976151,43.7173666],[-70.1986538,43.7165337],[-70.1985672,43.7163601],[-70.1982423,43.716318],[-70.1970484,43.7167838],[-70.1967663,43.7167144],[-70.1965094,43.7163947],[-70.1968175,43.7155095],[-70.1968041,43.714365],[-70.197369,43.7118026],[-70.1977505,43.7111756],[-70.197888,43.7102299],[-70.1977963,43.7100599],[-70.1969993,43.7097477],[-70.1970935,43.7095002],[-70.1974245,43.7092934],[-70.1968414,43.7091474],[-70.1963882,43.709358],[-70.1961513,43.7087688],[-70.1956573,43.7087706],[-70.1955555,43.7083993],[-70.1953925,43.7083254],[-70.1946541,43.7089461],[-70.1933106,43.7097226],[-70.193089,43.7100643],[-70.1930215,43.7106229],[-70.1924404,43.7106345],[-70.1924618,43.7109758],[-70.1922427,43.7112519],[-70.1916206,43.7114528],[-70.1905073,43.7114748],[-70.1895074,43.7125911],[-70.188603,43.71302],[-70.1883299,43.7138319],[-70.1874535,43.7147077],[-70.187039,43.7153735],[-70.187165,43.7156786],[-70.1877669,43.7156512],[-70.1878756,43.7150176],[-70.1884477,43.7146585],[-70.189258,43.7149989],[-70.1895056,43.7156756],[-70.1891799,43.7162686],[-70.1886208,43.7165938],[-70.1893679,43.7169605],[-70.1894535,43.7172442],[-70.1882631,43.7186271],[-70.1891396,43.7184974],[-70.1896132,43.7181996],[-70.18986,43.7178964],[-70.1899028,43.717542],[-70.1896409,43.7162522],[-70.1900623,43.7147096],[-70.1895915,43.7142244],[-70.1889975,43.7143361],[-70.1887027,43.7141287],[-70.1881137,43.7142723],[-70.1885946,43.7138195],[-70.1886258,43.7131264],[-70.1896224,43.7126499],[-70.1901318,43.7122474],[-70.1900967,43.7120028],[-70.1903486,43.7118292],[-70.1925072,43.711504],[-70.1931592,43.7107568],[-70.1933811,43.709814],[-70.1938399,43.7094481],[-70.194888,43.7090048],[-70.1953249,43.7085371],[-70.1954838,43.7089228],[-70.1959911,43.7094414],[-70.1966083,43.709805],[-70.1968436,43.7103303],[-70.1970881,43.7103835],[-70.1974364,43.7100599],[-70.1978153,43.7103214],[-70.1974035,43.7107878],[-70.1972977,43.711641],[-70.1966432,43.7134141],[-70.1964716,43.7156274],[-70.1958772,43.7168752],[-70.1960218,43.7170479],[-70.1965969,43.7171911],[-70.1966378,43.7174835],[-70.1964439,43.7176589]],[[-70.1974312,43.7173197],[-70.1983203,43.7167327],[-70.1982246,43.7164915],[-70.1978972,43.716497],[-70.1973532,43.7169428],[-70.1972205,43.7172481],[-70.1974312,43.7173197]]]},"properties":{"objtype":"DEPARE","label":"shallow area","valsou":3.6,"depth_label":"3.6-5.4m","chart":"US5PWMDD"}},{"type":"Feature","geometry":{"type":"Polygon","coordinates":[[[-70.1675266,43.6912646],[-70.1665065,43.6913652],[-70.166313,43.6910887],[-70.1676272,43.6907482],[-70.1681437,43.690837],[-70.1692359,43.6906697],[-70.1687733,43.6901607],[-70.1687683,43.6897568],[-70.1714558,43.6878121],[-70.172496,43.6855859],[-70.1729292,43.6852789],[-70.1734481,43.68446],[-70.1736308,43.6828995],[-70.1731635,43.6821697],[-70.1732138,43.6817986],[-70.1737352,43.6814385],[-70.1750449,43.6811881],[-70.1751569,43.6810305],[-70.17404,43.6794954],[-70.17371,43.6793053],[-70.1728234,43.6795996],[-70.1716648,43.6793397],[-70.1705012,43.6796252],[-70.1701863,43.6795466],[-70.1699697,43.679287],[-70.1695138,43.6793967],[-70.1692317,43.6792943],[-70.168398,43.677331],[-70.168592,43.6769343],[-70.1694861,43.676331],[-70.1686121,43.6770934],[-70.1685592,43.67732],[-70.168927,43.6783328],[-70.1696876,43.6790036],[-70.1705163,43.6793766],[-70.1718084,43.6792321],[-70.1727479,43.6794442],[-70.1735354,43.6792513],[-70.1738578,43.6793007],[-70.175314,43.6803981],[-70.1753673,43.6809376],[-70.1752338,43.6811351],[-70.1743548,43.6814312],[-70.1740752,43.6816725],[-70.1737302,43.6825426],[-70.1738321,43.6831048],[-70.1734556,43.6845934],[-70.1729997,43.6853172],[-70.1730073,43.6863518],[-70.1722718,43.6870719],[-70.1719469,43.6879364],[-70.1703531,43.6887259],[-70.1699277,43.6894272],[-70.1691478,43.6897034],[-70.1692519,43.690179],[-70.1698438,43.6907821],[-70.1696095,43.6914127],[-70.1692695,43.6915772],[-70.1685315,43.6915223],[-70.1677104,43.6912811],[-70.1676047,43.6909923],[-70.1675266,43.6912646]]]},"properties":{"objtype":"DEPARE","label":"shallow area","valsou":3.6,"depth_label":"3.6-5.4m","chart":"US5PWMDD"}},{"type":"Feature","geometry":{"type":"Polygon","coordinates":[[[-70.146928,43.683476],[-70.1461639,43.6839782],[-70.1461621,43.6842162],[-70.1464422,43.6842454],[-70.1474958,43.6838017],[-70.1476464,43.684109],[-70.1479386,43.6840962],[-70.1490216,43.6834327],[-70.1494296,43.6827509],[-70.1502878,43.6823591],[-70.1507787,43.6823569],[-70.1510607,43.6824647],[-70.1508502,43.6829776],[-70.1512514,43.6833349],[-70.1515,43.6839372],[-70.1517821,43.6840213],[-70.1528856,43.6837186],[-70.1531085,43.683807],[-70.1532069,43.6841417],[-70.1529004,43.6845331],[-70.1519811,43.6850906],[-70.1518602,43.6854488],[-70.1515128,43.6854281],[-70.1517997,43.6848054],[-70.151742,43.68452],[-70.1512108,43.6843821],[-70.1509786,43.6846007],[-70.1507671,43.6853245],[-70.1504875,43.6855567],[-70.1495656,43.6859405],[-70.1486614,43.685988],[-70.1485028,43.6856682],[-70.1489763,43.6847963],[-70.1489809,43.6840781],[-70.1478058,43.6843324],[-70.1476721,43.684625],[-70.1474147,43.6847378],[-70.146991,43.6844741],[-70.1459186,43.6845185],[-70.1455256,43.6843119],[-70.1455911,43.6838751],[-70.1464173,43.6836594],[-70.1467472,43.6833852],[-70.146928,43.683476]],[[-70.1490315,43.6850581],[-70.1494221,43.6839555],[-70.1499214,43.6832292],[-70.1503228,43.6831432],[-70.1506871,43.6833588],[-70.1509329,43.6836732],[-70.150894,43.6839684],[-70.1506576,43.6841358],[-70.1500999,43.6841746],[-70.1500821,43.6842892],[-70.1506245,43.6846588],[-70.1505863,43.6849526],[-70.1497571,43.6854854],[-70.1486614,43.6858016],[-70.1486831,43.6854333],[-70.1490315,43.6850581]]]},"properties":{"objtype":"DEPARE","label":"shallow area","valsou":3.6,"depth_label":"3.6-5.4m","chart":"US5PWMDD"}},{"type":"Feature","geometry":{"type":"Polygon","coordinates":[[[-70.1482399,43.6830274],[-70.1479699,43.6830242],[-70.1479763,43.6828752],[-70.1482786,43.6823762],[-70.1492558,43.6823141],[-70.150898,43.6811954],[-70.1510315,43.6814019],[-70.1506562,43.6815866],[-70.1501391,43.6821886],[-70.1493868,43.6823159],[-70.1482399,43.6830274]]]},"properties":{"objtype":"DEPARE","label":"shallow area","valsou":3.6,"depth_label":"3.6-5.4m","chart":"US5PWMDD"}},{"type":"Feature","geometry":{"type":"Polygon","coordinates":[[[-70.1578753,43.6792368],[-70.156215,43.6789963],[-70.1558977,43.6784589],[-70.1559984,43.6779635],[-70.1566558,43.6770769],[-70.1575836,43.6768807],[-70.1570437,43.6763987],[-70.1574517,43.6759983],[-70.1575058,43.675722],[-70.1568724,43.6753859],[-70.1577691,43.6756163],[-70.1575525,43.6764535],[-70.1579252,43.6770751],[-70.1571973,43.6778392],[-70.1576482,43.6784059],[-70.158099,43.6785393],[-70.1591972,43.6776143],[-70.1604643,43.6770295],[-70.1620747,43.6766913],[-70.163013,43.6772268],[-70.1634236,43.6768392],[-70.1639648,43.676911],[-70.1644991,43.6766491],[-70.1652975,43.6765669],[-70.1653277,43.6763365],[-70.164688,43.6761172],[-70.1642976,43.6757168],[-70.1645696,43.6742909],[-70.1647283,43.674311],[-70.1646401,43.6752214],[-70.1651162,43.6760184],[-70.1655502,43.6763675],[-70.165543,43.6767384],[-70.1647396,43.6767293],[-70.1644462,43.6768685],[-70.1643127,43.6771774],[-70.1635768,43.6771039],[-70.1636201,43.6775609],[-70.1633632,43.677698],[-70.16226,43.6774315],[-70.1619714,43.6768745],[-70.1599478,43.6774699],[-70.1593735,43.6778008],[-70.1586632,43.6786344],[-70.1584391,43.6791535],[-70.1578753,43.6792368]]]},"properties":{"objtype":"DEPARE","label":"shallow area","valsou":3.6,"depth_label":"3.6-5.4m","chart":"US5PWMDD"}},{"type":"Feature","geometry":{"type":"Polygon","coordinates":[[[-70.2,43.6895822],[-70.2,43.6900591],[-70.199887,43.689744],[-70.2,43.6895822]]]},"properties":{"objtype":"DEPARE","label":"shallow area","valsou":3.6,"depth_label":"3.6-5.4m","chart":"US5PWMDD"}},{"type":"Feature","geometry":{"type":"Polygon","coordinates":[[[-70.186137,43.6942559],[-70.1855882,43.6934176],[-70.1863816,43.6937684],[-70.1874823,43.6926865],[-70.1897341,43.691102],[-70.1901018,43.6904989],[-70.190294,43.6897063],[-70.1901622,43.6891665],[-70.1903773,43.6890081],[-70.1912982,43.689554],[-70.1922926,43.6898753],[-70.1923918,43.6905683],[-70.1935121,43.6900986],[-70.1939666,43.6895942],[-70.1945246,43.6898628],[-70.1949813,43.6894535],[-70.1953457,43.6895521],[-70.1967336,43.6892999],[-70.197125,43.6893622],[-70.1973607,43.6896399],[-70.1979496,43.6896824],[-70.1977839,43.6898793],[-70.1967739,43.6901626],[-70.1968217,43.6903618],[-70.1974766,43.6907693],[-70.1981289,43.6908881],[-70.1990354,43.6905583],[-70.1996855,43.6906542],[-70.2,43.6905293],[-70.2,43.6909142],[-70.1986435,43.6909806],[-70.1977133,43.6912719],[-70.1969703,43.6911184],[-70.1961039,43.6913487],[-70.1955976,43.691144],[-70.1947155,43.6903202],[-70.1942319,43.6901546],[-70.1933811,43.6902284],[-70.1923837,43.6906414],[-70.1916029,43.6906944],[-70.1914795,43.6905299],[-70.191744,43.6901699],[-70.1916955,43.6899653],[-70.1911023,43.6896387],[-70.1906364,43.6896712],[-70.1904544,43.6897751],[-70.1901849,43.6908077],[-70.1891724,43.6919993],[-70.187636,43.6928894],[-70.186898,43.6939092],[-70.186137,43.6942559]]]},"properties":{"objtype":"DEPARE","label":"shallow area","valsou":3.6,"depth_label":"3.6-5.4m","chart":"US5PWMDD"}},{"type":"Feature","geometry":{"type":"Polygon","coordinates":[[[-70.1430812,43.7067513],[-70.1427525,43.7068797],[-70.1427525,43.7071154],[-70.1434326,43.7071282],[-70.1434127,43.7068391],[-70.1430812,43.7067513]]]},"properties":{"objtype":"DEPARE","label":"shallow area","valsou":3.6,"depth_label":"3.6-5.4m","chart":"US5PWMDD"}},{"type":"Feature","geometry":{"type":"Polygon","coordinates":[[[-70.1865882,43.7068285],[-70.186223,43.7065965],[-70.1861373,43.7062365],[-70.1862658,43.7059094],[-70.1867403,43.7054948],[-70.1873558,43.7054948],[-70.1874042,43.7058382],[-70.1868854,43.7067024],[-70.1865882,43.7068285]],[[-70.1867872,43.7055678],[-70.1866109,43.7058181],[-70.1867519,43.7059825],[-70.1870693,43.7059515],[-70.1873,43.7057141],[-70.18712,43.7055274],[-70.1867872,43.7055678]]]},"properties":{"objtype":"DEPARE","label":"shallow area","valsou":3.6,"depth_label":"3.6-5.4m","chart":"US5PWMDD"}},{"type":"Feature","geometry":{"type":"Polygon","coordinates":[[[-70.1884294,43.7235261],[-70.1860879,43.7232568],[-70.1859799,43.7228814],[-70.1855966,43.7230724],[-70.1863015,43.7236659],[-70.1880123,43.7236317],[-70.1893931,43.7244855],[-70.1910835,43.7243898],[-70.1907998,43.724077],[-70.1906486,43.7242364],[-70.1904819,43.7241261],[-70.1898895,43.724382],[-70.1896434,43.724162],[-70.1893814,43.724341],[-70.1884294,43.7235261]]]},"properties":{"objtype":"DEPARE","label":"shallow area","valsou":3.6,"depth_label":"3.6-5.4m","chart":"US5PWMDD"}},{"type":"Feature","geometry":{"type":"Polygon","coordinates":[[[-70.187175,43.7046377],[-70.1867771,43.7048076],[-70.1864648,43.7045683],[-70.186903,43.7037625],[-70.1881951,43.7027246],[-70.1886237,43.7025819],[-70.1890621,43.7026992],[-70.1891422,43.7029713],[-70.188918,43.7033093],[-70.1881042,43.7039856],[-70.1873984,43.7042699],[-70.187175,43.7046377]],[[-70.1880893,43.703894],[-70.1870315,43.7041791],[-70.1869055,43.703958],[-70.1882754,43.7027511],[-70.1887729,43.7026338],[-70.1890186,43.7027782],[-70.1890186,43.7031233],[-70.1888538,43.703279],[-70.1880893,43.703894]]]},"properties":{"objtype":"DEPARE","label":"shallow area","valsou":3.6,"depth_label":"3.6-5.4m","chart":"US5PWMDD"}},{"type":"Feature","geometry":{"type":"Polygon","coordinates":[[[-70.179163,43.666038],[-70.1788888,43.6651009],[-70.1786819,43.6648496],[-70.1764982,43.6646923],[-70.1763197,43.6641163],[-70.1747704,43.6635459],[-70.1748711,43.6630339],[-70.1741986,43.6623976],[-70.1747798,43.6618801],[-70.1747118,43.6616881],[-70.1730199,43.6626042],[-70.172972,43.6630065],[-70.1724053,43.6634215],[-70.1719242,43.6634416],[-70.1712536,43.6629506],[-70.1702569,43.662851],[-70.1701057,43.6625311],[-70.1712898,43.6618166],[-70.1717079,43.6619958],[-70.17166,43.661557],[-70.1710326,43.6617521],[-70.170884,43.6616497],[-70.1716647,43.6611655],[-70.1722718,43.6612438],[-70.173007,43.660974],[-70.173075,43.6610929],[-70.1727353,43.6616241],[-70.1737856,43.6616735],[-70.1738717,43.6615138],[-70.1736345,43.6612877],[-70.173716,43.6609276],[-70.1732289,43.6606568],[-70.1733445,43.6595887],[-70.1738989,43.659812],[-70.1745267,43.6596088],[-70.1745745,43.659766],[-70.1742616,43.6599565],[-70.1743472,43.6601521],[-70.1750261,43.6597055],[-70.1752792,43.6597974],[-70.174992,43.6601393],[-70.1744631,43.6602728],[-70.1738536,43.660132],[-70.1735564,43.6605379],[-70.1737226,43.6607446],[-70.1744278,43.6606129],[-70.1748283,43.6607117],[-70.1748963,43.6618655],[-70.1746822,43.6625],[-70.1748686,43.6627011],[-70.175128,43.6625822],[-70.1753204,43.6627898],[-70.1754247,43.6634221],[-70.1765242,43.6639905],[-70.1768987,43.6643559],[-70.1773546,43.6644199],[-70.177541,43.6646923],[-70.1785763,43.6645227],[-70.1789567,43.6645995],[-70.1796399,43.666073],[-70.179163,43.666038]],[[-70.1725487,43.6616875],[-70.1724787,43.6613376],[-70.1723175,43.6613339],[-70.1719242,43.6616424],[-70.1722315,43.6620465],[-70.1713424,43.6620776],[-70.1711057,43.6623061],[-70.171188,43.6625805],[-70.1715061,43.6626993],[-70.1722466,43.6622824],[-70.1725539,43.6622696],[-70.1724532,43.6624744],[-70.1718613,43.6627377],[-70.1718436,43.6631473],[-70.1720678,43.6633356],[-70.172637,43.6630869],[-70.1729468,43.66203],[-70.1737486,43.6619192],[-70.1727957,43.6618417],[-70.1725487,43.6616875]],[[-70.1738511,43.6610353],[-70.1743221,43.6609878],[-70.1743523,43.6612694],[-70.1741004,43.6613773],[-70.1738511,43.6612822],[-70.1738511,43.6610353]]]},"properties":{"objtype":"DEPARE","label":"shallow area","valsou":3.6,"depth_label":"3.6-5.4m","chart":"US5PWMDD"}},{"type":"Feature","geometry":{"type":"Polygon","coordinates":[[[-70.1554845,43.7141027],[-70.1546585,43.7143778],[-70.1540364,43.7148272],[-70.1532253,43.7162211],[-70.1526838,43.7167765],[-70.1522304,43.7176863],[-70.1516839,43.7181978],[-70.1482644,43.7182407],[-70.1466943,43.7186508],[-70.1456213,43.719166],[-70.1414403,43.7231281],[-70.1408031,43.7239647],[-70.1404242,43.725],[-70.1413684,43.725],[-70.1416544,43.7242332],[-70.1424452,43.7232505],[-70.1443318,43.7212229],[-70.1457473,43.7199551],[-70.1486111,43.7188317],[-70.1496806,43.7187886],[-70.1502891,43.7189377],[-70.1510265,43.719387],[-70.151699,43.7192957],[-70.1534696,43.7167418],[-70.1541447,43.7151415],[-70.1551647,43.7144089],[-70.1568346,43.7138809],[-70.1569833,43.7132835],[-70.1581494,43.7127518],[-70.1591922,43.7117927],[-70.1592925,43.7114892],[-70.1585838,43.711307],[-70.1582426,43.7124175],[-70.1572452,43.712666],[-70.1567339,43.7132415],[-70.1554845,43.7141027]]]},"properties":{"objtype":"DEPARE","label":"shallow area","valsou":3.6,"depth_label":"3.6-5.4m","chart":"US5PWMDD"}},{"type":"Feature","geometry":{"type":"Point","coordinates":[-70.199139,43.5723005]},"properties":{"objtype":"UWTROC","label":"underwater rock","valsou":null,"watlev":4,"name":null,"chart":"US5PWMBD"}},{"type":"Feature","geometry":{"type":"Point","coordinates":[-70.2236334,43.641708]},"properties":{"objtype":"UWTROC","label":"underwater rock","valsou":null,"watlev":4,"name":null,"chart":"US5PWMCC"}},{"type":"Feature","geometry":{"type":"Point","coordinates":[-70.2210391,43.6352453]},"properties":{"objtype":"UWTROC","label":"underwater rock","valsou":null,"watlev":4,"name":null,"chart":"US5PWMCC"}},{"type":"Feature","geometry":{"type":"Point","coordinates":[-70.2081106,43.6238949]},"properties":{"objtype":"UWTROC","label":"underwater rock","valsou":null,"watlev":4,"name":null,"chart":"US5PWMCC"}},{"type":"Feature","geometry":{"type":"Point","coordinates":[-70.2125125,43.6280764]},"properties":{"objtype":"UWTROC","label":"underwater rock","valsou":null,"watlev":4,"name":null,"chart":"US5PWMCC"}},{"type":"Feature","geometry":{"type":"Point","coordinates":[-70.2080098,43.6428896]},"properties":{"objtype":"UWTROC","label":"underwater rock","valsou":null,"watlev":4,"name":null,"chart":"US5PWMCC"}},{"type":"Feature","geometry":{"type":"Point","coordinates":[-70.2080199,43.6235491]},"properties":{"objtype":"UWTROC","label":"underwater rock","valsou":null,"watlev":4,"name":null,"chart":"US5PWMCC"}},{"type":"Feature","geometry":{"type":"Point","coordinates":[-70.2460776,43.6461636]},"properties":{"objtype":"UWTROC","label":"underwater rock","valsou":null,"watlev":4,"name":null,"chart":"US5PWMCC"}},{"type":"Feature","geometry":{"type":"Point","coordinates":[-70.2455739,43.6486547]},"properties":{"objtype":"UWTROC","label":"underwater rock","valsou":null,"watlev":4,"name":null,"chart":"US5PWMCC"}},{"type":"Feature","geometry":{"type":"Point","coordinates":[-70.2119189,43.5937761]},"properties":{"objtype":"UWTROC","label":"underwater rock","valsou":null,"watlev":4,"name":"Pulpit Rock","chart":"US5PWMCC"}},{"type":"Feature","geometry":{"type":"Point","coordinates":[-70.2475121,43.6469564]},"properties":{"objtype":"UWTROC","label":"underwater rock","valsou":null,"watlev":4,"name":null,"chart":"US5PWMCC"}},{"type":"Feature","geometry":{"type":"Point","coordinates":[-70.2084027,43.6241456]},"properties":{"objtype":"UWTROC","label":"underwater rock","valsou":null,"watlev":4,"name":null,"chart":"US5PWMCC"}},{"type":"Feature","geometry":{"type":"Point","coordinates":[-70.2042388,43.5757509]},"properties":{"objtype":"UWTROC","label":"underwater rock","valsou":null,"watlev":4,"name":null,"chart":"US5PWMCC"}},{"type":"Feature","geometry":{"type":"Point","coordinates":[-70.2192181,43.6308711]},"properties":{"objtype":"UWTROC","label":"underwater rock","valsou":null,"watlev":4,"name":null,"chart":"US5PWMCC"}},{"type":"Feature","geometry":{"type":"Point","coordinates":[-70.2135185,43.605431]},"properties":{"objtype":"UWTROC","label":"underwater rock","valsou":null,"watlev":4,"name":null,"chart":"US5PWMCC"}},{"type":"Feature","geometry":{"type":"Point","coordinates":[-70.2451583,43.6480749]},"properties":{"objtype":"UWTROC","label":"underwater rock","valsou":null,"watlev":4,"name":null,"chart":"US5PWMCC"}},{"type":"Feature","geometry":{"type":"Point","coordinates":[-70.2467539,43.6406212]},"properties":{"objtype":"UWTROC","label":"underwater rock","valsou":null,"watlev":4,"name":null,"chart":"US5PWMCC"}},{"type":"Feature","geometry":{"type":"Point","coordinates":[-70.2223009,43.6368441]},"properties":{"objtype":"UWTROC","label":"underwater rock","valsou":null,"watlev":4,"name":null,"chart":"US5PWMCC"}},{"type":"Feature","geometry":{"type":"Point","coordinates":[-70.2086496,43.6395477]},"properties":{"objtype":"UWTROC","label":"underwater rock","valsou":null,"watlev":4,"name":null,"chart":"US5PWMCC"}},{"type":"Feature","geometry":{"type":"Point","coordinates":[-70.245113,43.6472848]},"properties":{"objtype":"UWTROC","label":"underwater rock","valsou":null,"watlev":4,"name":null,"chart":"US5PWMCC"}},{"type":"Feature","geometry":{"type":"Point","coordinates":[-70.2087151,43.6243761]},"properties":{"objtype":"UWTROC","label":"underwater rock","valsou":null,"watlev":4,"name":null,"chart":"US5PWMCC"}},{"type":"Feature","geometry":{"type":"Point","coordinates":[-70.254871,43.6442679]},"properties":{"objtype":"UWTROC","label":"underwater rock","valsou":null,"watlev":4,"name":null,"chart":"US5PWMCC"}},{"type":"Feature","geometry":{"type":"Point","coordinates":[-70.2200367,43.6328049]},"properties":{"objtype":"UWTROC","label":"underwater rock","valsou":null,"watlev":4,"name":null,"chart":"US5PWMCC"}},{"type":"Feature","geometry":{"type":"Point","coordinates":[-70.2450626,43.6476122]},"properties":{"objtype":"UWTROC","label":"underwater rock","valsou":null,"watlev":4,"name":null,"chart":"US5PWMCC"}},{"type":"Feature","geometry":{"type":"Point","coordinates":[-70.246191,43.6466611]},"properties":{"objtype":"UWTROC","label":"underwater rock","valsou":null,"watlev":4,"name":null,"chart":"US5PWMCC"}},{"type":"Feature","geometry":{"type":"Point","coordinates":[-70.2465978,43.6405]},"properties":{"objtype":"UWTROC","label":"underwater rock","valsou":null,"watlev":4,"name":null,"chart":"US5PWMCC"}},{"type":"Feature","geometry":{"type":"Point","coordinates":[-70.2063374,43.638677]},"properties":{"objtype":"UWTROC","label":"underwater rock","valsou":null,"watlev":4,"name":null,"chart":"US5PWMCC"}},{"type":"Feature","geometry":{"type":"Point","coordinates":[-70.2467098,43.6465898]},"properties":{"objtype":"UWTROC","label":"underwater rock","valsou":null,"watlev":4,"name":null,"chart":"US5PWMCC"}},{"type":"Feature","geometry":{"type":"Point","coordinates":[-70.2086546,43.6247402]},"properties":{"objtype":"UWTROC","label":"underwater rock","valsou":null,"watlev":4,"name":null,"chart":"US5PWMCC"}},{"type":"Feature","geometry":{"type":"Point","coordinates":[-70.2470195,43.6462129]},"properties":{"objtype":"UWTROC","label":"underwater rock","valsou":null,"watlev":4,"name":null,"chart":"US5PWMCC"}},{"type":"Feature","geometry":{"type":"Point","coordinates":[-70.2027508,43.635699]},"properties":{"objtype":"UWTROC","label":"underwater rock","valsou":null,"watlev":4,"name":null,"chart":"US5PWMCC"}},{"type":"Feature","geometry":{"type":"Point","coordinates":[-70.2213514,43.6358233]},"properties":{"objtype":"UWTROC","label":"underwater rock","valsou":null,"watlev":4,"name":null,"chart":"US5PWMCC"}},{"type":"Feature","geometry":{"type":"Point","coordinates":[-70.2080953,43.6390824]},"properties":{"objtype":"UWTROC","label":"underwater rock","valsou":null,"watlev":4,"name":null,"chart":"US5PWMCC"}},{"type":"Feature","geometry":{"type":"Point","coordinates":[-70.2466116,43.6469428]},"properties":{"objtype":"UWTROC","label":"underwater rock","valsou":null,"watlev":4,"name":null,"chart":"US5PWMCC"}},{"type":"Feature","geometry":{"type":"Point","coordinates":[-70.208909,43.625355]},"properties":{"objtype":"UWTROC","label":"underwater rock","valsou":null,"watlev":4,"name":null,"chart":"US5PWMCC"}},{"type":"Feature","geometry":{"type":"Point","coordinates":[-70.2197319,43.6327097]},"properties":{"objtype":"UWTROC","label":"underwater rock","valsou":null,"watlev":4,"name":null,"chart":"US5PWMCC"}},{"type":"Feature","geometry":{"type":"Point","coordinates":[-70.2454908,43.6482999]},"properties":{"objtype":"UWTROC","label":"underwater rock","valsou":null,"watlev":4,"name":null,"chart":"US5PWMCC"}},{"type":"Feature","geometry":{"type":"Point","coordinates":[-70.2079191,43.6350733]},"properties":{"objtype":"UWTROC","label":"underwater rock","valsou":null,"watlev":4,"name":"Catfish Rock","chart":"US5PWMCC"}},{"type":"Feature","geometry":{"type":"Point","coordinates":[-70.2098258,43.6397855]},"properties":{"objtype":"UWTROC","label":"underwater rock","valsou":null,"watlev":4,"name":null,"chart":"US5PWMCC"}},{"type":"Feature","geometry":{"type":"Point","coordinates":[-70.2479792,43.6471092]},"properties":{"objtype":"UWTROC","label":"underwater rock","valsou":null,"watlev":4,"name":null,"chart":"US5PWMCC"}},{"type":"Feature","geometry":{"type":"Point","coordinates":[-70.2170323,43.6298407]},"properties":{"objtype":"UWTROC","label":"underwater rock","valsou":null,"watlev":4,"name":null,"chart":"US5PWMCC"}},{"type":"Feature","geometry":{"type":"Point","coordinates":[-70.2453195,43.6477951]},"properties":{"objtype":"UWTROC","label":"underwater rock","valsou":null,"watlev":4,"name":null,"chart":"US5PWMCC"}},{"type":"Feature","geometry":{"type":"Point","coordinates":[-70.2464857,43.6459533]},"properties":{"objtype":"UWTROC","label":"underwater rock","valsou":null,"watlev":4,"name":null,"chart":"US5PWMCC"}},{"type":"Feature","geometry":{"type":"Point","coordinates":[-70.26517335,43.6434421]},"properties":{"objtype":"OBSTRN","label":"obstruction","valsou":null,"watlev":4,"name":null,"chart":"US5PWMCC"}},{"type":"Feature","geometry":{"type":"Point","coordinates":[-70.24770823636824,43.644254840995785]},"properties":{"objtype":"WRECKS","label":"wreck","valsou":null,"watlev":4,"name":null,"chart":"US5PWMCC"}},{"type":"Feature","geometry":{"type":"Point","coordinates":[-70.2602999,43.6406364]},"properties":{"objtype":"WRECKS","label":"wreck","valsou":null,"watlev":4,"name":null,"chart":"US5PWMCC"}},{"type":"Feature","geometry":{"type":"Point","coordinates":[-70.2535626,43.6453581]},"properties":{"objtype":"WRECKS","label":"wreck","valsou":null,"watlev":4,"name":null,"chart":"US5PWMCC"}},{"type":"Feature","geometry":{"type":"Point","coordinates":[-70.2478393,43.643484]},"properties":{"objtype":"WRECKS","label":"wreck","valsou":null,"watlev":4,"name":null,"chart":"US5PWMCC"}},{"type":"Feature","geometry":{"type":"Point","coordinates":[-70.254009,43.6451961]},"properties":{"objtype":"WRECKS","label":"wreck","valsou":null,"watlev":4,"name":null,"chart":"US5PWMCC"}},{"type":"Feature","geometry":{"type":"Point","coordinates":[-70.2478819,43.6444748]},"properties":{"objtype":"WRECKS","label":"wreck","valsou":null,"watlev":4,"name":null,"chart":"US5PWMCC"}},{"type":"Feature","geometry":{"type":"Point","coordinates":[-70.25624047111903,43.640112933124335]},"properties":{"objtype":"CBLOHD","label":"overhead cable","valsou":null,"watlev":null,"name":null,"chart":"US5PWMCC"}},{"type":"Feature","geometry":{"type":"Point","coordinates":[-70.1959444,43.6400553]},"properties":{"objtype":"UWTROC","label":"underwater rock","valsou":null,"watlev":4,"name":null,"chart":"US5PWMCD"}},{"type":"Feature","geometry":{"type":"Point","coordinates":[-70.1976697,43.6388262]},"properties":{"objtype":"UWTROC","label":"underwater rock","valsou":null,"watlev":4,"name":null,"chart":"US5PWMCD"}},{"type":"Feature","geometry":{"type":"Point","coordinates":[-70.197682,43.6383755]},"properties":{"objtype":"UWTROC","label":"underwater rock","valsou":null,"watlev":4,"name":null,"chart":"US5PWMCD"}},{"type":"Feature","geometry":{"type":"Point","coordinates":[-70.1837846,43.6392811]},"properties":{"objtype":"UWTROC","label":"underwater rock","valsou":null,"watlev":4,"name":null,"chart":"US5PWMCD"}},{"type":"Feature","geometry":{"type":"Point","coordinates":[-70.1878146,43.6318564]},"properties":{"objtype":"UWTROC","label":"underwater rock","valsou":null,"watlev":4,"name":null,"chart":"US5PWMCD"}},{"type":"Feature","geometry":{"type":"Point","coordinates":[-70.1970207,43.6390081]},"properties":{"objtype":"UWTROC","label":"underwater rock","valsou":null,"watlev":4,"name":null,"chart":"US5PWMCD"}},{"type":"Feature","geometry":{"type":"Point","coordinates":[-70.1986251,43.6381484]},"properties":{"objtype":"UWTROC","label":"underwater rock","valsou":null,"watlev":4,"name":null,"chart":"US5PWMCD"}},{"type":"Feature","geometry":{"type":"Point","coordinates":[-70.1994286,43.6368697]},"properties":{"objtype":"UWTROC","label":"underwater rock","valsou":null,"watlev":4,"name":null,"chart":"US5PWMCD"}},{"type":"Feature","geometry":{"type":"Point","coordinates":[-70.1977486,43.6493021]},"properties":{"objtype":"UWTROC","label":"underwater rock","valsou":null,"watlev":4,"name":null,"chart":"US5PWMCD"}},{"type":"Feature","geometry":{"type":"Point","coordinates":[-70.181445,43.639341]},"properties":{"objtype":"UWTROC","label":"underwater rock","valsou":null,"watlev":4,"name":null,"chart":"US5PWMCD"}},{"type":"Feature","geometry":{"type":"Point","coordinates":[-70.1838655,43.6401953]},"properties":{"objtype":"UWTROC","label":"underwater rock","valsou":null,"watlev":4,"name":null,"chart":"US5PWMCD"}},{"type":"Feature","geometry":{"type":"Point","coordinates":[-70.1845834,43.6380676]},"properties":{"objtype":"UWTROC","label":"underwater rock","valsou":null,"watlev":4,"name":null,"chart":"US5PWMCD"}},{"type":"Feature","geometry":{"type":"Point","coordinates":[-70.184213,43.6342519]},"properties":{"objtype":"UWTROC","label":"underwater rock","valsou":null,"watlev":4,"name":null,"chart":"US5PWMCD"}},{"type":"Feature","geometry":{"type":"Point","coordinates":[-70.1886635,43.6337468]},"properties":{"objtype":"UWTROC","label":"underwater rock","valsou":null,"watlev":4,"name":null,"chart":"US5PWMCD"}},{"type":"Feature","geometry":{"type":"Point","coordinates":[-70.1914317,43.6440291]},"properties":{"objtype":"UWTROC","label":"underwater rock","valsou":null,"watlev":4,"name":null,"chart":"US5PWMCD"}},{"type":"Feature","geometry":{"type":"Point","coordinates":[-70.1912302,43.6442066]},"properties":{"objtype":"UWTROC","label":"underwater rock","valsou":null,"watlev":4,"name":null,"chart":"US5PWMCD"}},{"type":"Feature","geometry":{"type":"Point","coordinates":[-70.1906635,43.644673]},"properties":{"objtype":"UWTROC","label":"underwater rock","valsou":null,"watlev":4,"name":null,"chart":"US5PWMCD"}},{"type":"Feature","geometry":{"type":"Point","coordinates":[-70.192875,43.6493123]},"properties":{"objtype":"UWTROC","label":"underwater rock","valsou":null,"watlev":4,"name":"Trotts Rock","chart":"US5PWMCD"}},{"type":"Feature","geometry":{"type":"Point","coordinates":[-70.1236632,43.6468788]},"properties":{"objtype":"UWTROC","label":"underwater rock","valsou":null,"watlev":4,"name":null,"chart":"US5PWMCE"}},{"type":"Feature","geometry":{"type":"Point","coordinates":[-70.1212377,43.6487169]},"properties":{"objtype":"UWTROC","label":"underwater rock","valsou":null,"watlev":4,"name":null,"chart":"US5PWMCE"}},{"type":"Feature","geometry":{"type":"Point","coordinates":[-70.1204846,43.6477073]},"properties":{"objtype":"UWTROC","label":"underwater rock","valsou":null,"watlev":4,"name":null,"chart":"US5PWMCE"}},{"type":"Feature","geometry":{"type":"Point","coordinates":[-70.3101113,43.65648525]},"properties":{"objtype":"CBLOHD","label":"overhead cable","valsou":null,"watlev":null,"name":null,"chart":"US5PWMDB"}},{"type":"Feature","geometry":{"type":"Point","coordinates":[-70.30833813636815,43.661766313123636]},"properties":{"objtype":"CBLOHD","label":"overhead cable","valsou":null,"watlev":null,"name":null,"chart":"US5PWMDB"}},{"type":"Feature","geometry":{"type":"Point","coordinates":[-70.2194195,43.6637277]},"properties":{"objtype":"UWTROC","label":"underwater rock","valsou":null,"watlev":4,"name":null,"chart":"US5PWMDC"}},{"type":"Feature","geometry":{"type":"Point","coordinates":[-70.2011161,43.6629096]},"properties":{"objtype":"UWTROC","label":"underwater rock","valsou":null,"watlev":4,"name":null,"chart":"US5PWMDC"}},{"type":"Feature","geometry":{"type":"Point","coordinates":[-70.2057545,43.6761727]},"properties":{"objtype":"UWTROC","label":"underwater rock","valsou":null,"watlev":4,"name":null,"chart":"US5PWMDC"}},{"type":"Feature","geometry":{"type":"Point","coordinates":[-70.2192584,43.6645003]},"properties":{"objtype":"UWTROC","label":"underwater rock","valsou":null,"watlev":4,"name":null,"chart":"US5PWMDC"}},{"type":"Feature","geometry":{"type":"Point","coordinates":[-70.2204085,43.7156211]},"properties":{"objtype":"UWTROC","label":"underwater rock","valsou":null,"watlev":4,"name":null,"chart":"US5PWMDC"}},{"type":"Feature","geometry":{"type":"Point","coordinates":[-70.2222177,43.7184168]},"properties":{"objtype":"UWTROC","label":"underwater rock","valsou":null,"watlev":4,"name":null,"chart":"US5PWMDC"}},{"type":"Feature","geometry":{"type":"Point","coordinates":[-70.2223902,43.6624709]},"properties":{"objtype":"UWTROC","label":"underwater rock","valsou":null,"watlev":4,"name":null,"chart":"US5PWMDC"}},{"type":"Feature","geometry":{"type":"Point","coordinates":[-70.2241346,43.6640761]},"properties":{"objtype":"UWTROC","label":"underwater rock","valsou":null,"watlev":4,"name":null,"chart":"US5PWMDC"}},{"type":"Feature","geometry":{"type":"Point","coordinates":[-70.2306228,43.6862604]},"properties":{"objtype":"UWTROC","label":"underwater rock","valsou":null,"watlev":4,"name":null,"chart":"US5PWMDC"}},{"type":"Feature","geometry":{"type":"Point","coordinates":[-70.2320207,43.6855347]},"properties":{"objtype":"UWTROC","label":"underwater rock","valsou":null,"watlev":4,"name":null,"chart":"US5PWMDC"}},{"type":"Feature","geometry":{"type":"Point","coordinates":[-70.2323753,43.6857947]},"properties":{"objtype":"UWTROC","label":"underwater rock","valsou":null,"watlev":4,"name":null,"chart":"US5PWMDC"}},{"type":"Feature","geometry":{"type":"Point","coordinates":[-70.2010506,43.6632222]},"properties":{"objtype":"UWTROC","label":"underwater rock","valsou":null,"watlev":4,"name":null,"chart":"US5PWMDC"}},{"type":"Feature","geometry":{"type":"Point","coordinates":[-70.2062589,43.6816543]},"properties":{"objtype":"UWTROC","label":"underwater rock","valsou":null,"watlev":4,"name":null,"chart":"US5PWMDC"}},{"type":"Feature","geometry":{"type":"Point","coordinates":[-70.2076371,43.6706619]},"properties":{"objtype":"UWTROC","label":"underwater rock","valsou":null,"watlev":4,"name":null,"chart":"US5PWMDC"}},{"type":"Feature","geometry":{"type":"Point","coordinates":[-70.2100097,43.6535176]},"properties":{"objtype":"UWTROC","label":"underwater rock","valsou":null,"watlev":4,"name":null,"chart":"US5PWMDC"}},{"type":"Feature","geometry":{"type":"Point","coordinates":[-70.2273762,43.650661]},"properties":{"objtype":"UWTROC","label":"underwater rock","valsou":null,"watlev":4,"name":null,"chart":"US5PWMDC"}},{"type":"Feature","geometry":{"type":"Point","coordinates":[-70.2087931,43.670011]},"properties":{"objtype":"UWTROC","label":"underwater rock","valsou":null,"watlev":4,"name":null,"chart":"US5PWMDC"}},{"type":"Feature","geometry":{"type":"Point","coordinates":[-70.2124327,43.6626206]},"properties":{"objtype":"UWTROC","label":"underwater rock","valsou":null,"watlev":4,"name":null,"chart":"US5PWMDC"}},{"type":"Feature","geometry":{"type":"Point","coordinates":[-70.2125511,43.666678]},"properties":{"objtype":"UWTROC","label":"underwater rock","valsou":null,"watlev":4,"name":null,"chart":"US5PWMDC"}},{"type":"Feature","geometry":{"type":"Point","coordinates":[-70.2127026,43.666958]},"properties":{"objtype":"UWTROC","label":"underwater rock","valsou":null,"watlev":4,"name":null,"chart":"US5PWMDC"}},{"type":"Feature","geometry":{"type":"Point","coordinates":[-70.2186514,43.6662465]},"properties":{"objtype":"UWTROC","label":"underwater rock","valsou":null,"watlev":4,"name":null,"chart":"US5PWMDC"}},{"type":"Feature","geometry":{"type":"Point","coordinates":[-70.2422391,43.6707789]},"properties":{"objtype":"UWTROC","label":"underwater rock","valsou":null,"watlev":4,"name":null,"chart":"US5PWMDC"}},{"type":"Feature","geometry":{"type":"Point","coordinates":[-70.2425791,43.6706783]},"properties":{"objtype":"UWTROC","label":"underwater rock","valsou":null,"watlev":4,"name":null,"chart":"US5PWMDC"}},{"type":"Feature","geometry":{"type":"Point","coordinates":[-70.2543591,43.6772039]},"properties":{"objtype":"UWTROC","label":"underwater rock","valsou":null,"watlev":4,"name":null,"chart":"US5PWMDC"}},{"type":"Feature","geometry":{"type":"Point","coordinates":[-70.2195485,43.6647842]},"properties":{"objtype":"UWTROC","label":"underwater rock","valsou":null,"watlev":4,"name":null,"chart":"US5PWMDC"}},{"type":"Feature","geometry":{"type":"Point","coordinates":[-70.2245728,43.6502366]},"properties":{"objtype":"UWTROC","label":"underwater rock","valsou":null,"watlev":4,"name":null,"chart":"US5PWMDC"}},{"type":"Feature","geometry":{"type":"Point","coordinates":[-70.2257527,43.6504624]},"properties":{"objtype":"UWTROC","label":"underwater rock","valsou":null,"watlev":4,"name":null,"chart":"US5PWMDC"}},{"type":"Feature","geometry":{"type":"Point","coordinates":[-70.2278724,43.650661]},"properties":{"objtype":"UWTROC","label":"underwater rock","valsou":null,"watlev":4,"name":null,"chart":"US5PWMDC"}},{"type":"Feature","geometry":{"type":"Point","coordinates":[-70.2411756,43.6708611]},"properties":{"objtype":"UWTROC","label":"underwater rock","valsou":null,"watlev":4,"name":null,"chart":"US5PWMDC"}},{"type":"Feature","geometry":{"type":"Point","coordinates":[-70.2558362,43.6782004]},"properties":{"objtype":"UWTROC","label":"underwater rock","valsou":null,"watlev":4,"name":null,"chart":"US5PWMDC"}},{"type":"Feature","geometry":{"type":"Point","coordinates":[-70.200271,43.6518112]},"properties":{"objtype":"UWTROC","label":"underwater rock","valsou":null,"watlev":4,"name":null,"chart":"US5PWMDC"}},{"type":"Feature","geometry":{"type":"Point","coordinates":[-70.200631,43.6625535]},"properties":{"objtype":"UWTROC","label":"underwater rock","valsou":null,"watlev":4,"name":null,"chart":"US5PWMDC"}},{"type":"Feature","geometry":{"type":"Point","coordinates":[-70.2066472,43.6712762]},"properties":{"objtype":"UWTROC","label":"underwater rock","valsou":null,"watlev":4,"name":null,"chart":"US5PWMDC"}},{"type":"Feature","geometry":{"type":"Point","coordinates":[-70.2075942,43.6703529]},"properties":{"objtype":"UWTROC","label":"underwater rock","valsou":null,"watlev":4,"name":null,"chart":"US5PWMDC"}},{"type":"Feature","geometry":{"type":"Point","coordinates":[-70.2084079,43.6800549]},"properties":{"objtype":"UWTROC","label":"underwater rock","valsou":null,"watlev":4,"name":null,"chart":"US5PWMDC"}},{"type":"Feature","geometry":{"type":"Point","coordinates":[-70.2094455,43.6539858]},"properties":{"objtype":"UWTROC","label":"underwater rock","valsou":null,"watlev":4,"name":null,"chart":"US5PWMDC"}},{"type":"Feature","geometry":{"type":"Point","coordinates":[-70.2108081,43.6628346]},"properties":{"objtype":"UWTROC","label":"underwater rock","valsou":null,"watlev":4,"name":null,"chart":"US5PWMDC"}},{"type":"Feature","geometry":{"type":"Point","coordinates":[-70.2115461,43.6530476]},"properties":{"objtype":"UWTROC","label":"underwater rock","valsou":null,"watlev":4,"name":null,"chart":"US5PWMDC"}},{"type":"Feature","geometry":{"type":"Point","coordinates":[-70.2116947,43.6676123]},"properties":{"objtype":"UWTROC","label":"underwater rock","valsou":null,"watlev":4,"name":null,"chart":"US5PWMDC"}},{"type":"Feature","geometry":{"type":"Point","coordinates":[-70.2155785,43.7009612]},"properties":{"objtype":"UWTROC","label":"underwater rock","valsou":null,"watlev":4,"name":null,"chart":"US5PWMDC"}},{"type":"Feature","geometry":{"type":"Point","coordinates":[-70.2247117,43.6505008]},"properties":{"objtype":"UWTROC","label":"underwater rock","valsou":null,"watlev":4,"name":null,"chart":"US5PWMDC"}},{"type":"Feature","geometry":{"type":"Point","coordinates":[-70.2267793,43.6504726]},"properties":{"objtype":"UWTROC","label":"underwater rock","valsou":null,"watlev":4,"name":null,"chart":"US5PWMDC"}},{"type":"Feature","geometry":{"type":"Point","coordinates":[-70.2410704,43.670629]},"properties":{"objtype":"UWTROC","label":"underwater rock","valsou":null,"watlev":4,"name":null,"chart":"US5PWMDC"}},{"type":"Feature","geometry":{"type":"Point","coordinates":[-70.2081735,43.6702907]},"properties":{"objtype":"UWTROC","label":"underwater rock","valsou":null,"watlev":4,"name":null,"chart":"US5PWMDC"}},{"type":"Feature","geometry":{"type":"Point","coordinates":[-70.2176061,43.6663927]},"properties":{"objtype":"UWTROC","label":"underwater rock","valsou":null,"watlev":4,"name":null,"chart":"US5PWMDC"}},{"type":"Feature","geometry":{"type":"Point","coordinates":[-70.2187395,43.6653928]},"properties":{"objtype":"UWTROC","label":"underwater rock","valsou":null,"watlev":4,"name":null,"chart":"US5PWMDC"}},{"type":"Feature","geometry":{"type":"Point","coordinates":[-70.2075403,43.6807849]},"properties":{"objtype":"UWTROC","label":"underwater rock","valsou":null,"watlev":4,"name":null,"chart":"US5PWMDC"}},{"type":"Feature","geometry":{"type":"Point","coordinates":[-70.2542724,43.6769331]},"properties":{"objtype":"UWTROC","label":"underwater rock","valsou":null,"watlev":4,"name":null,"chart":"US5PWMDC"}},{"type":"Feature","geometry":{"type":"Point","coordinates":[-70.2469793,43.6722841]},"properties":{"objtype":"UWTROC","label":"underwater rock","valsou":null,"watlev":4,"name":null,"chart":"US5PWMDC"}},{"type":"Feature","geometry":{"type":"Point","coordinates":[-70.2413259,43.6713173]},"properties":{"objtype":"UWTROC","label":"underwater rock","valsou":null,"watlev":4,"name":null,"chart":"US5PWMDC"}},{"type":"Feature","geometry":{"type":"Point","coordinates":[-70.2122639,43.663544]},"properties":{"objtype":"UWTROC","label":"underwater rock","valsou":null,"watlev":4,"name":null,"chart":"US5PWMDC"}},{"type":"Feature","geometry":{"type":"Point","coordinates":[-70.2108761,43.6680072]},"properties":{"objtype":"UWTROC","label":"underwater rock","valsou":null,"watlev":4,"name":null,"chart":"US5PWMDC"}},{"type":"Feature","geometry":{"type":"Point","coordinates":[-70.2071132,43.6707716]},"properties":{"objtype":"UWTROC","label":"underwater rock","valsou":null,"watlev":4,"name":null,"chart":"US5PWMDC"}},{"type":"Feature","geometry":{"type":"Point","coordinates":[-70.2059923,43.6752506]},"properties":{"objtype":"UWTROC","label":"underwater rock","valsou":null,"watlev":4,"name":null,"chart":"US5PWMDC"}},{"type":"Feature","geometry":{"type":"Point","coordinates":[-70.2056637,43.6810354]},"properties":{"objtype":"UWTROC","label":"underwater rock","valsou":null,"watlev":4,"name":null,"chart":"US5PWMDC"}},{"type":"Feature","geometry":{"type":"Point","coordinates":[-70.2009524,43.6853666]},"properties":{"objtype":"UWTROC","label":"underwater rock","valsou":null,"watlev":4,"name":null,"chart":"US5PWMDC"}},{"type":"Feature","geometry":{"type":"Point","coordinates":[-70.2557242,43.6776949]},"properties":{"objtype":"UWTROC","label":"underwater rock","valsou":null,"watlev":4,"name":null,"chart":"US5PWMDC"}},{"type":"Feature","geometry":{"type":"Point","coordinates":[-70.2508459,43.6795343]},"properties":{"objtype":"UWTROC","label":"underwater rock","valsou":null,"watlev":4,"name":null,"chart":"US5PWMDC"}},{"type":"Feature","geometry":{"type":"Point","coordinates":[-70.2490836,43.6734329]},"properties":{"objtype":"UWTROC","label":"underwater rock","valsou":null,"watlev":4,"name":null,"chart":"US5PWMDC"}},{"type":"Feature","geometry":{"type":"Point","coordinates":[-70.2482786,43.6733259]},"properties":{"objtype":"UWTROC","label":"underwater rock","valsou":null,"watlev":4,"name":null,"chart":"US5PWMDC"}},{"type":"Feature","geometry":{"type":"Point","coordinates":[-70.2366308,43.6549222]},"properties":{"objtype":"UWTROC","label":"underwater rock","valsou":null,"watlev":4,"name":null,"chart":"US5PWMDC"}},{"type":"Feature","geometry":{"type":"Point","coordinates":[-70.2330583,43.6858752]},"properties":{"objtype":"UWTROC","label":"underwater rock","valsou":null,"watlev":4,"name":null,"chart":"US5PWMDC"}},{"type":"Feature","geometry":{"type":"Point","coordinates":[-70.24420493705051,43.661394616596816]},"properties":{"objtype":"OBSTRN","label":"obstruction","valsou":null,"watlev":4,"name":null,"chart":"US5PWMDC"}},{"type":"Feature","geometry":{"type":"Point","coordinates":[-70.2500226,43.6736872]},"properties":{"objtype":"OBSTRN","label":"obstruction","valsou":null,"watlev":4,"name":null,"chart":"US5PWMDC"}},{"type":"Feature","geometry":{"type":"Point","coordinates":[-70.2372294,43.6915242]},"properties":{"objtype":"OBSTRN","label":"obstruction","valsou":null,"watlev":4,"name":null,"chart":"US5PWMDC"}},{"type":"Feature","geometry":{"type":"Point","coordinates":[-70.2357484,43.6913688]},"properties":{"objtype":"OBSTRN","label":"obstruction","valsou":null,"watlev":4,"name":null,"chart":"US5PWMDC"}},{"type":"Feature","geometry":{"type":"Point","coordinates":[-70.2361564,43.6920432]},"properties":{"objtype":"OBSTRN","label":"obstruction","valsou":null,"watlev":4,"name":null,"chart":"US5PWMDC"}},{"type":"Feature","geometry":{"type":"Point","coordinates":[-70.2371639,43.6931343]},"properties":{"objtype":"OBSTRN","label":"obstruction","valsou":null,"watlev":4,"name":null,"chart":"US5PWMDC"}},{"type":"Feature","geometry":{"type":"Point","coordinates":[-70.2366476,43.692639]},"properties":{"objtype":"OBSTRN","label":"obstruction","valsou":null,"watlev":4,"name":null,"chart":"US5PWMDC"}},{"type":"Feature","geometry":{"type":"Point","coordinates":[-70.20011,43.66564]},"properties":{"objtype":"WRECKS","label":"wreck","valsou":null,"watlev":4,"name":null,"chart":"US5PWMDC"}},{"type":"Feature","geometry":{"type":"Point","coordinates":[-70.2524829,43.71508325]},"properties":{"objtype":"CBLOHD","label":"overhead cable","valsou":null,"watlev":null,"name":null,"chart":"US5PWMDC"}},{"type":"Feature","geometry":{"type":"Point","coordinates":[-70.1761636,43.6579639]},"properties":{"objtype":"UWTROC","label":"underwater rock","valsou":null,"watlev":4,"name":null,"chart":"US5PWMDD"}},{"type":"Feature","geometry":{"type":"Point","coordinates":[-70.1908091,43.6515119]},"properties":{"objtype":"UWTROC","label":"underwater rock","valsou":null,"watlev":4,"name":null,"chart":"US5PWMDD"}},{"type":"Feature","geometry":{"type":"Point","coordinates":[-70.1886712,43.6506788]},"properties":{"objtype":"UWTROC","label":"underwater rock","valsou":null,"watlev":4,"name":null,"chart":"US5PWMDD"}},{"type":"Feature","geometry":{"type":"Point","coordinates":[-70.1786073,43.6552413]},"properties":{"objtype":"UWTROC","label":"underwater rock","valsou":null,"watlev":4,"name":null,"chart":"US5PWMDD"}},{"type":"Feature","geometry":{"type":"Point","coordinates":[-70.1946874,43.6675524]},"properties":{"objtype":"UWTROC","label":"underwater rock","valsou":null,"watlev":4,"name":null,"chart":"US5PWMDD"}},{"type":"Feature","geometry":{"type":"Point","coordinates":[-70.1610713,43.6778993]},"properties":{"objtype":"UWTROC","label":"underwater rock","valsou":null,"watlev":4,"name":null,"chart":"US5PWMDD"}},{"type":"Feature","geometry":{"type":"Point","coordinates":[-70.1890817,43.6892012]},"properties":{"objtype":"UWTROC","label":"underwater rock","valsou":null,"watlev":4,"name":null,"chart":"US5PWMDD"}},{"type":"Feature","geometry":{"type":"Point","coordinates":[-70.1901925,43.6844307]},"properties":{"objtype":"UWTROC","label":"underwater rock","valsou":null,"watlev":4,"name":null,"chart":"US5PWMDD"}},{"type":"Feature","geometry":{"type":"Point","coordinates":[-70.1887568,43.6845934]},"properties":{"objtype":"UWTROC","label":"underwater rock","valsou":null,"watlev":4,"name":null,"chart":"US5PWMDD"}},{"type":"Feature","geometry":{"type":"Point","coordinates":[-70.1880113,43.6845751]},"properties":{"objtype":"UWTROC","label":"underwater rock","valsou":null,"watlev":4,"name":null,"chart":"US5PWMDD"}},{"type":"Feature","geometry":{"type":"Point","coordinates":[-70.1877392,43.684332]},"properties":{"objtype":"UWTROC","label":"underwater rock","valsou":null,"watlev":4,"name":null,"chart":"US5PWMDD"}},{"type":"Feature","geometry":{"type":"Point","coordinates":[-70.1866209,43.693328]},"properties":{"objtype":"UWTROC","label":"underwater rock","valsou":null,"watlev":4,"name":null,"chart":"US5PWMDD"}},{"type":"Feature","geometry":{"type":"Point","coordinates":[-70.1496639,43.6887406]},"properties":{"objtype":"UWTROC","label":"underwater rock","valsou":null,"watlev":4,"name":null,"chart":"US5PWMDD"}},{"type":"Feature","geometry":{"type":"Point","coordinates":[-70.14275,43.6931763]},"properties":{"objtype":"UWTROC","label":"underwater rock","valsou":null,"watlev":4,"name":null,"chart":"US5PWMDD"}},{"type":"Feature","geometry":{"type":"Point","coordinates":[-70.1393346,43.6975239]},"properties":{"objtype":"UWTROC","label":"underwater rock","valsou":null,"watlev":4,"name":null,"chart":"US5PWMDD"}},{"type":"Feature","geometry":{"type":"Point","coordinates":[-70.1555048,43.6954625]},"properties":{"objtype":"UWTROC","label":"underwater rock","valsou":null,"watlev":4,"name":null,"chart":"US5PWMDD"}},{"type":"Feature","geometry":{"type":"Point","coordinates":[-70.1292648,43.7107951]},"properties":{"objtype":"UWTROC","label":"underwater rock","valsou":null,"watlev":4,"name":null,"chart":"US5PWMDD"}},{"type":"Feature","geometry":{"type":"Point","coordinates":[-70.1837337,43.6508288]},"properties":{"objtype":"UWTROC","label":"underwater rock","valsou":null,"watlev":4,"name":null,"chart":"US5PWMDD"}},{"type":"Feature","geometry":{"type":"Point","coordinates":[-70.1816288,43.652296]},"properties":{"objtype":"UWTROC","label":"underwater rock","valsou":null,"watlev":4,"name":null,"chart":"US5PWMDD"}},{"type":"Feature","geometry":{"type":"Point","coordinates":[-70.183669,43.6512444]},"properties":{"objtype":"UWTROC","label":"underwater rock","valsou":null,"watlev":4,"name":null,"chart":"US5PWMDD"}},{"type":"Feature","geometry":{"type":"Point","coordinates":[-70.1532304,43.6807018]},"properties":{"objtype":"UWTROC","label":"underwater rock","valsou":null,"watlev":4,"name":null,"chart":"US5PWMDD"}},{"type":"Feature","geometry":{"type":"Point","coordinates":[-70.1557793,43.6787404]},"properties":{"objtype":"UWTROC","label":"underwater rock","valsou":null,"watlev":4,"name":null,"chart":"US5PWMDD"}},{"type":"Feature","geometry":{"type":"Point","coordinates":[-70.1664032,43.6760422]},"properties":{"objtype":"UWTROC","label":"underwater rock","valsou":null,"watlev":4,"name":null,"chart":"US5PWMDD"}},{"type":"Feature","geometry":{"type":"Point","coordinates":[-70.1691411,43.6722067]},"properties":{"objtype":"UWTROC","label":"underwater rock","valsou":null,"watlev":4,"name":null,"chart":"US5PWMDD"}},{"type":"Feature","geometry":{"type":"Point","coordinates":[-70.1653202,43.6738192]},"properties":{"objtype":"UWTROC","label":"underwater rock","valsou":null,"watlev":4,"name":null,"chart":"US5PWMDD"}},{"type":"Feature","geometry":{"type":"Point","coordinates":[-70.1955413,43.716345]},"properties":{"objtype":"UWTROC","label":"underwater rock","valsou":null,"watlev":4,"name":null,"chart":"US5PWMDD"}},{"type":"Feature","geometry":{"type":"Point","coordinates":[-70.188029,43.703598]},"properties":{"objtype":"UWTROC","label":"underwater rock","valsou":null,"watlev":4,"name":null,"chart":"US5PWMDD"}},{"type":"Feature","geometry":{"type":"Point","coordinates":[-70.1947053,43.7098675]},"properties":{"objtype":"UWTROC","label":"underwater rock","valsou":null,"watlev":4,"name":null,"chart":"US5PWMDD"}},{"type":"Feature","geometry":{"type":"Point","coordinates":[-70.1993055,43.6884233]},"properties":{"objtype":"UWTROC","label":"underwater rock","valsou":null,"watlev":4,"name":null,"chart":"US5PWMDD"}},{"type":"Feature","geometry":{"type":"Point","coordinates":[-70.1358128,43.6926072]},"properties":{"objtype":"UWTROC","label":"underwater rock","valsou":null,"watlev":4,"name":null,"chart":"US5PWMDD"}},{"type":"Feature","geometry":{"type":"Point","coordinates":[-70.1473198,43.7009298]},"properties":{"objtype":"UWTROC","label":"underwater rock","valsou":null,"watlev":4,"name":null,"chart":"US5PWMDD"}},{"type":"Feature","geometry":{"type":"Point","coordinates":[-70.1664091,43.6730313]},"properties":{"objtype":"UWTROC","label":"underwater rock","valsou":null,"watlev":4,"name":null,"chart":"US5PWMDD"}},{"type":"Feature","geometry":{"type":"Point","coordinates":[-70.1659549,43.6731263]},"properties":{"objtype":"UWTROC","label":"underwater rock","valsou":null,"watlev":4,"name":null,"chart":"US5PWMDD"}},{"type":"Feature","geometry":{"type":"Point","coordinates":[-70.1999172,43.6546167]},"properties":{"objtype":"UWTROC","label":"underwater rock","valsou":null,"watlev":4,"name":null,"chart":"US5PWMDD"}},{"type":"Feature","geometry":{"type":"Point","coordinates":[-70.171015,43.6796672]},"properties":{"objtype":"UWTROC","label":"underwater rock","valsou":null,"watlev":4,"name":null,"chart":"US5PWMDD"}},{"type":"Feature","geometry":{"type":"Point","coordinates":[-70.1714482,43.6796672]},"properties":{"objtype":"UWTROC","label":"underwater rock","valsou":null,"watlev":4,"name":null,"chart":"US5PWMDD"}},{"type":"Feature","geometry":{"type":"Point","coordinates":[-70.1567087,43.6754517]},"properties":{"objtype":"UWTROC","label":"underwater rock","valsou":null,"watlev":4,"name":null,"chart":"US5PWMDD"}},{"type":"Feature","geometry":{"type":"Point","coordinates":[-70.1724204,43.6812612]},"properties":{"objtype":"UWTROC","label":"underwater rock","valsou":null,"watlev":4,"name":null,"chart":"US5PWMDD"}},{"type":"Feature","geometry":{"type":"Point","coordinates":[-70.1817346,43.6699306]},"properties":{"objtype":"UWTROC","label":"underwater rock","valsou":null,"watlev":4,"name":null,"chart":"US5PWMDD"}},{"type":"Feature","geometry":{"type":"Point","coordinates":[-70.1815709,43.6708538]},"properties":{"objtype":"UWTROC","label":"underwater rock","valsou":null,"watlev":4,"name":null,"chart":"US5PWMDD"}},{"type":"Feature","geometry":{"type":"Point","coordinates":[-70.1910841,43.6704224]},"properties":{"objtype":"UWTROC","label":"underwater rock","valsou":null,"watlev":4,"name":null,"chart":"US5PWMDD"}},{"type":"Feature","geometry":{"type":"Point","coordinates":[-70.1758131,43.661796]},"properties":{"objtype":"UWTROC","label":"underwater rock","valsou":null,"watlev":4,"name":null,"chart":"US5PWMDD"}},{"type":"Feature","geometry":{"type":"Point","coordinates":[-70.1768408,43.6576414]},"properties":{"objtype":"UWTROC","label":"underwater rock","valsou":null,"watlev":4,"name":null,"chart":"US5PWMDD"}},{"type":"Feature","geometry":{"type":"Point","coordinates":[-70.1790698,43.6548325]},"properties":{"objtype":"UWTROC","label":"underwater rock","valsou":null,"watlev":4,"name":null,"chart":"US5PWMDD"}},{"type":"Feature","geometry":{"type":"Point","coordinates":[-70.1795005,43.6543388]},"properties":{"objtype":"UWTROC","label":"underwater rock","valsou":null,"watlev":4,"name":null,"chart":"US5PWMDD"}},{"type":"Feature","geometry":{"type":"Point","coordinates":[-70.188316,43.6506043]},"properties":{"objtype":"UWTROC","label":"underwater rock","valsou":null,"watlev":4,"name":null,"chart":"US5PWMDD"}},{"type":"Feature","geometry":{"type":"Point","coordinates":[-70.1374152,43.7067008]},"properties":{"objtype":"WRECKS","label":"wreck","valsou":null,"watlev":2,"name":null,"chart":"US5PWMDD"}},{"type":"Feature","geometry":{"type":"Point","coordinates":[-70.1383448,43.7067089]},"properties":{"objtype":"WRECKS","label":"wreck","valsou":null,"watlev":2,"name":null,"chart":"US5PWMDD"}}]}