{"type":"FeatureCollection","features":[{"type":"Feature","geometry":{"type":"Point","coordinates":[-70.199854,43.561295]},"properties":{"objtype":"SOUNDG","valsou":4.2,"chart":"US5PWMBD"}},{"type":"Feature","geometry":{"type":"Point","coordinates":[-70.199973,43.570045]},"properties":{"objtype":"SOUNDG","valsou":0.9,"chart":"US5PWMBD"}},{"type":"Feature","geometry":{"type":"Point","coordinates":[-70.199295,43.562231]},"properties":{"objtype":"SOUNDG","valsou":0.9,"chart":"US5PWMBD"}},{"type":"Feature","geometry":{"type":"Point","coordinates":[-70.201,43.575548]},"properties":{"objtype":"SOUNDG","valsou":2.1,"chart":"US5PWMCC"}},{"type":"Feature","geometry":{"type":"Point","coordinates":[-70.199036,43.571651]},"properties":{"objtype":"SOUNDG","valsou":1.2,"chart":"US5PWMBD"}},{"type":"Feature","geometry":{"type":"Point","coordinates":[-70.198604,43.556725]},"properties":{"objtype":"SOUNDG","valsou":13.4,"chart":"US5PWMBD"}},{"type":"Feature","geometry":{"type":"Point","coordinates":[-70.196613,43.569803]},"properties":{"objtype":"SOUNDG","valsou":0.9,"chart":"US5PWMBD"}},{"type":"Feature","geometry":{"type":"Point","coordinates":[-70.198416,43.572707]},"properties":{"objtype":"SOUNDG","valsou":1.2,"chart":"US5PWMBD"}},{"type":"Feature","geometry":{"type":"Point","coordinates":[-70.198057,43.555472]},"properties":{"objtype":"SOUNDG","valsou":17.3,"chart":"US5PWMBD"}},{"type":"Feature","geometry":{"type":"Point","coordinates":[-70.197247,43.574286]},"properties":{"objtype":"SOUNDG","valsou":5.7,"chart":"US5PWMBD"}},{"type":"Feature","geometry":{"type":"Point","coordinates":[-70.196111,43.563822]},"properties":{"objtype":"SOUNDG","valsou":6.7,"chart":"US5PWMBD"}},{"type":"Feature","geometry":{"type":"Point","coordinates":[-70.196324,43.560498]},"properties":{"objtype":"SOUNDG","valsou":14.0,"chart":"US5PWMBD"}},{"type":"Feature","geometry":{"type":"Point","coordinates":[-70.196192,43.557683]},"properties":{"objtype":"SOUNDG","valsou":12.1,"chart":"US5PWMBD"}},{"type":"Feature","geometry":{"type":"Point","coordinates":[-70.196177,43.564763]},"properties":{"objtype":"SOUNDG","valsou":1.5,"chart":"US5PWMBD"}},{"type":"Feature","geometry":{"type":"Point","coordinates":[-70.195404,43.574821]},"properties":{"objtype":"SOUNDG","valsou":8.2,"chart":"US5PWMBD"}},{"type":"Feature","geometry":{"type":"Point","coordinates":[-70.195454,43.572301]},"properties":{"objtype":"SOUNDG","valsou":7.9,"chart":"US5PWMBD"}},{"type":"Feature","geometry":{"type":"Point","coordinates":[-70.195091,43.558133]},"properties":{"objtype":"SOUNDG","valsou":6.4,"chart":"US5PWMBD"}},{"type":"Feature","geometry":{"type":"Point","coordinates":[-70.194741,43.566345]},"properties":{"objtype":"SOUNDG","valsou":3.6,"chart":"US5PWMBD"}},{"type":"Feature","geometry":{"type":"Point","coordinates":[-70.192872,43.567691]},"properties":{"objtype":"SOUNDG","valsou":7.0,"chart":"US5PWMBD"}},{"type":"Feature","geometry":{"type":"Point","coordinates":[-70.194328,43.563413]},"properties":{"objtype":"SOUNDG","valsou":11.5,"chart":"US5PWMBD"}},{"type":"Feature","geometry":{"type":"Point","coordinates":[-70.193581,43.559582]},"properties":{"objtype":"SOUNDG","valsou":5.7,"chart":"US5PWMBD"}},{"type":"Feature","geometry":{"type":"Point","coordinates":[-70.192406,43.563166]},"properties":{"objtype":"SOUNDG","valsou":15.2,"chart":"US5PWMBD"}},{"type":"Feature","geometry":{"type":"Point","coordinates":[-70.192308,43.568554]},"properties":{"objtype":"SOUNDG","valsou":6.7,"chart":"US5PWMBD"}},{"type":"Feature","geometry":{"type":"Point","coordinates":[-70.191648,43.573907]},"properties":{"objtype":"SOUNDG","valsou":6.7,"chart":"US5PWMBD"}},{"type":"Feature","geometry":{"type":"Point","coordinates":[-70.192009,43.557062]},"properties":{"objtype":"SOUNDG","valsou":3.9,"chart":"US5PWMBD"}},{"type":"Feature","geometry":{"type":"Point","coordinates":[-70.190116,43.559654]},"properties":{"objtype":"SOUNDG","valsou":10.3,"chart":"US5PWMBD"}},{"type":"Feature","geometry":{"type":"Point","coordinates":[-70.19093,43.572698]},"properties":{"objtype":"SOUNDG","valsou":10.9,"chart":"US5PWMBD"}},{"type":"Feature","geometry":{"type":"Point","coordinates":[-70.190134,43.566477]},"properties":{"objtype":"SOUNDG","valsou":14.3,"chart":"US5PWMBD"}},{"type":"Feature","geometry":{"type":"Point","coordinates":[-70.189031,43.569336]},"properties":{"objtype":"SOUNDG","valsou":13.7,"chart":"US5PWMBD"}},{"type":"Feature","geometry":{"type":"Point","coordinates":[-70.189288,43.570664]},"properties":{"objtype":"SOUNDG","valsou":9.7,"chart":"US5PWMBD"}},{"type":"Feature","geometry":{"type":"Point","coordinates":[-70.188928,43.558178]},"properties":{"objtype":"SOUNDG","valsou":6.0,"chart":"US5PWMBD"}},{"type":"Feature","geometry":{"type":"Point","coordinates":[-70.188718,43.560509]},"properties":{"objtype":"SOUNDG","valsou":10.0,"chart":"US5PWMBD"}},{"type":"Feature","geometry":{"type":"Point","coordinates":[-70.1867,43.562045]},"properties":{"objtype":"SOUNDG","valsou":14.6,"chart":"US5PWMBD"}},{"type":"Feature","geometry":{"type":"Point","coordinates":[-70.187667,43.567127]},"properties":{"objtype":"SOUNDG","valsou":15.5,"chart":"US5PWMBD"}},{"type":"Feature","geometry":{"type":"Point","coordinates":[-70.189054,43.575387]},"properties":{"objtype":"SOUNDG","valsou":6.4,"chart":"US5PWMCD"}},{"type":"Feature","geometry":{"type":"Point","coordinates":[-70.183757,43.565206]},"properties":{"objtype":"SOUNDG","valsou":14.6,"chart":"US5PWMBD"}},{"type":"Feature","geometry":{"type":"Point","coordinates":[-70.183702,43.563637]},"properties":{"objtype":"SOUNDG","valsou":13.1,"chart":"US5PWMBD"}},{"type":"Feature","geometry":{"type":"Point","coordinates":[-70.186004,43.559459]},"properties":{"objtype":"SOUNDG","valsou":7.6,"chart":"US5PWMBD"}},{"type":"Feature","geometry":{"type":"Point","coordinates":[-70.184999,43.574647]},"properties":{"objtype":"SOUNDG","valsou":11.5,"chart":"US5PWMBD"}},{"type":"Feature","geometry":{"type":"Point","coordinates":[-70.183699,43.568367]},"properties":{"objtype":"SOUNDG","valsou":16.7,"chart":"US5PWMBD"}},{"type":"Feature","geometry":{"type":"Point","coordinates":[-70.184883,43.572916]},"properties":{"objtype":"SOUNDG","valsou":14.6,"chart":"US5PWMBD"}},{"type":"Feature","geometry":{"type":"Point","coordinates":[-70.182422,43.575883]},"properties":{"objtype":"SOUNDG","valsou":10.9,"chart":"US5PWMCD"}},{"type":"Feature","geometry":{"type":"Point","coordinates":[-70.180531,43.569889]},"properties":{"objtype":"SOUNDG","valsou":16.7,"chart":"US5PWMBD"}},{"type":"Feature","geometry":{"type":"Point","coordinates":[-70.181805,43.573239]},"properties":{"objtype":"SOUNDG","valsou":15.2,"chart":"US5PWMBD"}},{"type":"Feature","geometry":{"type":"Point","coordinates":[-70.182092,43.564713]},"properties":{"objtype":"SOUNDG","valsou":13.7,"chart":"US5PWMBD"}},{"type":"Feature","geometry":{"type":"Point","coordinates":[-70.18275,43.562869]},"properties":{"objtype":"SOUNDG","valsou":13.4,"chart":"US5PWMBD"}},{"type":"Feature","geometry":{"type":"Point","coordinates":[-70.18042,43.57123]},"properties":{"objtype":"SOUNDG","valsou":19.2,"chart":"US5PWMBD"}},{"type":"Feature","geometry":{"type":"Point","coordinates":[-70.179931,43.566016]},"properties":{"objtype":"SOUNDG","valsou":12.8,"chart":"US5PWMBD"}},{"type":"Feature","geometry":{"type":"Point","coordinates":[-70.179772,43.568702]},"properties":{"objtype":"SOUNDG","valsou":13.7,"chart":"US5PWMBD"}},{"type":"Feature","geometry":{"type":"Point","coordinates":[-70.179304,43.576361]},"properties":{"objtype":"SOUNDG","valsou":11.2,"chart":"US5PWMCD"}},{"type":"Feature","geometry":{"type":"Point","coordinates":[-70.178589,43.564334]},"properties":{"objtype":"SOUNDG","valsou":16.4,"chart":"US5PWMBD"}},{"type":"Feature","geometry":{"type":"Point","coordinates":[-70.177404,43.571784]},"properties":{"objtype":"SOUNDG","valsou":15.5,"chart":"US5PWMBD"}},{"type":"Feature","geometry":{"type":"Point","coordinates":[-70.177027,43.565902]},"properties":{"objtype":"SOUNDG","valsou":13.7,"chart":"US5PWMBD"}},{"type":"Feature","geometry":{"type":"Point","coordinates":[-70.174655,43.567851]},"properties":{"objtype":"SOUNDG","valsou":12.1,"chart":"US5PWMBD"}},{"type":"Feature","geometry":{"type":"Point","coordinates":[-70.177125,43.575546]},"properties":{"objtype":"SOUNDG","valsou":16.4,"chart":"US5PWMCD"}},{"type":"Feature","geometry":{"type":"Point","coordinates":[-70.174319,43.566114]},"properties":{"objtype":"SOUNDG","valsou":16.7,"chart":"US5PWMBD"}},{"type":"Feature","geometry":{"type":"Point","coordinates":[-70.173841,43.571078]},"properties":{"objtype":"SOUNDG","valsou":16.4,"chart":"US5PWMBD"}},{"type":"Feature","geometry":{"type":"Point","coordinates":[-70.171864,43.569918]},"properties":{"objtype":"SOUNDG","valsou":12.1,"chart":"US5PWMBD"}},{"type":"Feature","geometry":{"type":"Point","coordinates":[-70.171647,43.57435]},"properties":{"objtype":"SOUNDG","valsou":23.4,"chart":"US5PWMBD"}},{"type":"Feature","geometry":{"type":"Point","coordinates":[-70.171056,43.56696]},"properties":{"objtype":"SOUNDG","valsou":19.2,"chart":"US5PWMBD"}},{"type":"Feature","geometry":{"type":"Point","coordinates":[-70.169001,43.545445]},"properties":{"objtype":"SOUNDG","valsou":15.5,"chart":"US5PWMBD"}},{"type":"Feature","geometry":{"type":"Point","coordinates":[-70.170504,43.556762]},"properties":{"objtype":"SOUNDG","valsou":25.9,"chart":"US5PWMBD"}},{"type":"Feature","geometry":{"type":"Point","coordinates":[-70.170065,43.563871]},"properties":{"objtype":"SOUNDG","valsou":20.7,"chart":"US5PWMBD"}},{"type":"Feature","geometry":{"type":"Point","coordinates":[-70.169482,43.559655]},"properties":{"objtype":"SOUNDG","valsou":21.3,"chart":"US5PWMBD"}},{"type":"Feature","geometry":{"type":"Point","coordinates":[-70.168798,43.572599]},"properties":{"objtype":"SOUNDG","valsou":12.1,"chart":"US5PWMBD"}},{"type":"Feature","geometry":{"type":"Point","coordinates":[-70.168704,43.547156]},"properties":{"objtype":"SOUNDG","valsou":27.7,"chart":"US5PWMBD"}},{"type":"Feature","geometry":{"type":"Point","coordinates":[-70.16867,43.569605]},"properties":{"objtype":"SOUNDG","valsou":17.9,"chart":"US5PWMBD"}},{"type":"Feature","geometry":{"type":"Point","coordinates":[-70.166063,43.550942]},"properties":{"objtype":"SOUNDG","valsou":24.0,"chart":"US5PWMBD"}},{"type":"Feature","geometry":{"type":"Point","coordinates":[-70.168416,43.567739]},"properties":{"objtype":"SOUNDG","valsou":20.7,"chart":"US5PWMBD"}},{"type":"Feature","geometry":{"type":"Point","coordinates":[-70.168375,43.574363]},"properties":{"objtype":"SOUNDG","valsou":15.2,"chart":"US5PWMBD"}},{"type":"Feature","geometry":{"type":"Point","coordinates":[-70.168308,43.561502]},"properties":{"objtype":"SOUNDG","valsou":23.4,"chart":"US5PWMBD"}},{"type":"Feature","geometry":{"type":"Point","coordinates":[-70.166781,43.552823]},"properties":{"objtype":"SOUNDG","valsou":33.2,"chart":"US5PWMBD"}},{"type":"Feature","geometry":{"type":"Point","coordinates":[-70.166836,43.547282]},"properties":{"objtype":"SOUNDG","valsou":14.0,"chart":"US5PWMBD"}},{"type":"Feature","geometry":{"type":"Point","coordinates":[-70.1676,43.565113]},"properties":{"objtype":"SOUNDG","valsou":21.3,"chart":"US5PWMBD"}},{"type":"Feature","geometry":{"type":"Point","coordinates":[-70.167552,43.573215]},"properties":{"objtype":"SOUNDG","valsou":13.4,"chart":"US5PWMBD"}},{"type":"Feature","geometry":{"type":"Point","coordinates":[-70.167379,43.557725]},"properties":{"objtype":"SOUNDG","valsou":30.1,"chart":"US5PWMBD"}},{"type":"Feature","geometry":{"type":"Point","coordinates":[-70.166737,43.545418]},"properties":{"objtype":"SOUNDG","valsou":24.3,"chart":"US5PWMBD"}},{"type":"Feature","geometry":{"type":"Point","coordinates":[-70.166047,43.561275]},"properties":{"objtype":"SOUNDG","valsou":30.7,"chart":"US5PWMBD"}},{"type":"Feature","geometry":{"type":"Point","coordinates":[-70.163594,43.544671]},"properties":{"objtype":"SOUNDG","valsou":14.6,"chart":"US5PWMBD"}},{"type":"Feature","geometry":{"type":"Point","coordinates":[-70.164847,43.574423]},"properties":{"objtype":"SOUNDG","valsou":14.6,"chart":"US5PWMBD"}},{"type":"Feature","geometry":{"type":"Point","coordinates":[-70.164778,43.563209]},"properties":{"objtype":"SOUNDG","valsou":32.6,"chart":"US5PWMBD"}},{"type":"Feature","geometry":{"type":"Point","coordinates":[-70.164628,43.556396]},"properties":{"objtype":"SOUNDG","valsou":24.0,"chart":"US5PWMBD"}},{"type":"Feature","geometry":{"type":"Point","coordinates":[-70.163155,43.550951]},"properties":{"objtype":"SOUNDG","valsou":17.3,"chart":"US5PWMBD"}},{"type":"Feature","geometry":{"type":"Point","coordinates":[-70.163616,43.567408]},"properties":{"objtype":"SOUNDG","valsou":23.1,"chart":"US5PWMBD"}},{"type":"Feature","geometry":{"type":"Point","coordinates":[-70.163598,43.568292]},"properties":{"objtype":"SOUNDG","valsou":34.1,"chart":"US5PWMBD"}},{"type":"Feature","geometry":{"type":"Point","coordinates":[-70.162826,43.548443]},"properties":{"objtype":"SOUNDG","valsou":7.6,"chart":"US5PWMBD"}},{"type":"Feature","geometry":{"type":"Point","coordinates":[-70.163403,43.570814]},"properties":{"objtype":"SOUNDG","valsou":21.9,"chart":"US5PWMBD"}},{"type":"Feature","geometry":{"type":"Point","coordinates":[-70.162697,43.555496]},"properties":{"objtype":"SOUNDG","valsou":24.6,"chart":"US5PWMBD"}},{"type":"Feature","geometry":{"type":"Point","coordinates":[-70.163253,43.560067]},"properties":{"objtype":"SOUNDG","valsou":30.4,"chart":"US5PWMBD"}},{"type":"Feature","geometry":{"type":"Point","coordinates":[-70.160223,43.569164]},"properties":{"objtype":"SOUNDG","valsou":21.6,"chart":"US5PWMBD"}},{"type":"Feature","geometry":{"type":"Point","coordinates":[-70.162197,43.572446]},"properties":{"objtype":"SOUNDG","valsou":21.3,"chart":"US5PWMBD"}},{"type":"Feature","geometry":{"type":"Point","coordinates":[-70.162158,43.561268]},"properties":{"objtype":"SOUNDG","valsou":27.7,"chart":"US5PWMBD"}},{"type":"Feature","geometry":{"type":"Point","coordinates":[-70.161941,43.562823]},"properties":{"objtype":"SOUNDG","valsou":31.3,"chart":"US5PWMBD"}},{"type":"Feature","geometry":{"type":"Point","coordinates":[-70.161733,43.574002]},"properties":{"objtype":"SOUNDG","valsou":20.1,"chart":"US5PWMBD"}},{"type":"Feature","geometry":{"type":"Point","coordinates":[-70.161057,43.549298]},"properties":{"objtype":"SOUNDG","valsou":7.6,"chart":"US5PWMBD"}},{"type":"Feature","geometry":{"type":"Point","coordinates":[-70.160754,43.567431]},"properties":{"objtype":"SOUNDG","valsou":27.1,"chart":"US5PWMBD"}},{"type":"Feature","geometry":{"type":"Point","coordinates":[-70.160611,43.545085]},"properties":{"objtype":"SOUNDG","valsou":24.3,"chart":"US5PWMBD"}},{"type":"Feature","geometry":{"type":"Point","coordinates":[-70.160532,43.55582]},"properties":{"objtype":"SOUNDG","valsou":27.7,"chart":"US5PWMBD"}},{"type":"Feature","geometry":{"type":"Point","coordinates":[-70.159901,43.554695]},"properties":{"objtype":"SOUNDG","valsou":25.6,"chart":"US5PWMBD"}},{"type":"Feature","geometry":{"type":"Point","coordinates":[-70.159823,43.550359]},"properties":{"objtype":"SOUNDG","valsou":5.1,"chart":"US5PWMBD"}},{"type":"Feature","geometry":{"type":"Point","coordinates":[-70.159006,43.570622]},"properties":{"objtype":"SOUNDG","valsou":26.2,"chart":"US5PWMBD"}},{"type":"Feature","geometry":{"type":"Point","coordinates":[-70.159258,43.566107]},"properties":{"objtype":"SOUNDG","valsou":34.1,"chart":"US5PWMBD"}},{"type":"Feature","geometry":{"type":"Point","coordinates":[-70.157301,43.569781]},"properties":{"objtype":"SOUNDG","valsou":23.7,"chart":"US5PWMBD"}},{"type":"Feature","geometry":{"type":"Point","coordinates":[-70.158545,43.549406]},"properties":{"objtype":"SOUNDG","valsou":11.8,"chart":"US5PWMBD"}},{"type":"Feature","geometry":{"type":"Point","coordinates":[-70.158477,43.574125]},"properties":{"objtype":"SOUNDG","valsou":27.7,"chart":"US5PWMBD"}},{"type":"Feature","geometry":{"type":"Point","coordinates":[-70.158218,43.555748]},"properties":{"objtype":"SOUNDG","valsou":24.9,"chart":"US5PWMBD"}},{"type":"Feature","geometry":{"type":"Point","coordinates":[-70.156577,43.55954]},"properties":{"objtype":"SOUNDG","valsou":39.3,"chart":"US5PWMBD"}},{"type":"Feature","geometry":{"type":"Point","coordinates":[-70.15821,43.545212]},"properties":{"objtype":"SOUNDG","valsou":31.3,"chart":"US5PWMBD"}},{"type":"Feature","geometry":{"type":"Point","coordinates":[-70.156584,43.551461]},"properties":{"objtype":"SOUNDG","valsou":7.9,"chart":"US5PWMBD"}},{"type":"Feature","geometry":{"type":"Point","coordinates":[-70.157338,43.563648]},"properties":{"objtype":"SOUNDG","valsou":41.1,"chart":"US5PWMBD"}},{"type":"Feature","geometry":{"type":"Point","coordinates":[-70.154724,43.564461]},"properties":{"objtype":"SOUNDG","valsou":39.3,"chart":"US5PWMBD"}},{"type":"Feature","geometry":{"type":"Point","coordinates":[-70.156308,43.566763]},"properties":{"objtype":"SOUNDG","valsou":30.1,"chart":"US5PWMBD"}},{"type":"Feature","geometry":{"type":"Point","coordinates":[-70.153627,43.557482]},"properties":{"objtype":"SOUNDG","valsou":24.3,"chart":"US5PWMBD"}},{"type":"Feature","geometry":{"type":"Point","coordinates":[-70.155838,43.554137]},"properties":{"objtype":"SOUNDG","valsou":1.8,"chart":"US5PWMBD"}},{"type":"Feature","geometry":{"type":"Point","coordinates":[-70.153558,43.547597]},"properties":{"objtype":"SOUNDG","valsou":20.7,"chart":"US5PWMBD"}},{"type":"Feature","geometry":{"type":"Point","coordinates":[-70.153785,43.575564]},"properties":{"objtype":"SOUNDG","valsou":24.0,"chart":"US5PWMCD"}},{"type":"Feature","geometry":{"type":"Point","coordinates":[-70.155104,43.546004]},"properties":{"objtype":"SOUNDG","valsou":22.8,"chart":"US5PWMBD"}},{"type":"Feature","geometry":{"type":"Point","coordinates":[-70.154869,43.558586]},"properties":{"objtype":"SOUNDG","valsou":27.4,"chart":"US5PWMBD"}},{"type":"Feature","geometry":{"type":"Point","coordinates":[-70.154706,43.570984]},"properties":{"objtype":"SOUNDG","valsou":21.0,"chart":"US5PWMBD"}},{"type":"Feature","geometry":{"type":"Point","coordinates":[-70.153875,43.569876]},"properties":{"objtype":"SOUNDG","valsou":22.5,"chart":"US5PWMBD"}},{"type":"Feature","geometry":{"type":"Point","coordinates":[-70.153488,43.548923]},"properties":{"objtype":"SOUNDG","valsou":29.5,"chart":"US5PWMBD"}},{"type":"Feature","geometry":{"type":"Point","coordinates":[-70.152246,43.571244]},"properties":{"objtype":"SOUNDG","valsou":18.8,"chart":"US5PWMBD"}},{"type":"Feature","geometry":{"type":"Point","coordinates":[-70.152976,43.544742]},"properties":{"objtype":"SOUNDG","valsou":41.4,"chart":"US5PWMBD"}},{"type":"Feature","geometry":{"type":"Point","coordinates":[-70.152518,43.559747]},"properties":{"objtype":"SOUNDG","valsou":26.5,"chart":"US5PWMBD"}},{"type":"Feature","geometry":{"type":"Point","coordinates":[-70.15221,43.574149]},"properties":{"objtype":"SOUNDG","valsou":25.6,"chart":"US5PWMBD"}},{"type":"Feature","geometry":{"type":"Point","coordinates":[-70.152055,43.554305]},"properties":{"objtype":"SOUNDG","valsou":8.2,"chart":"US5PWMBD"}},{"type":"Feature","geometry":{"type":"Point","coordinates":[-70.151424,43.549598]},"properties":{"objtype":"SOUNDG","valsou":22.5,"chart":"US5PWMBD"}},{"type":"Feature","geometry":{"type":"Point","coordinates":[-70.15177,43.556915]},"properties":{"objtype":"SOUNDG","valsou":18.8,"chart":"US5PWMBD"}},{"type":"Feature","geometry":{"type":"Point","coordinates":[-70.151543,43.570001]},"properties":{"objtype":"SOUNDG","valsou":24.0,"chart":"US5PWMBD"}},{"type":"Feature","geometry":{"type":"Point","coordinates":[-70.151529,43.564807]},"properties":{"objtype":"SOUNDG","valsou":52.7,"chart":"US5PWMBD"}},{"type":"Feature","geometry":{"type":"Point","coordinates":[-70.150445,43.562827]},"properties":{"objtype":"SOUNDG","valsou":41.4,"chart":"US5PWMBD"}},{"type":"Feature","geometry":{"type":"Point","coordinates":[-70.150422,43.555016]},"properties":{"objtype":"SOUNDG","valsou":8.2,"chart":"US5PWMBD"}},{"type":"Feature","geometry":{"type":"Point","coordinates":[-70.148261,43.555994]},"properties":{"objtype":"SOUNDG","valsou":7.9,"chart":"US5PWMBD"}},{"type":"Feature","geometry":{"type":"Point","coordinates":[-70.150111,43.558846]},"properties":{"objtype":"SOUNDG","valsou":24.6,"chart":"US5PWMBD"}},{"type":"Feature","geometry":{"type":"Point","coordinates":[-70.148714,43.550741]},"properties":{"objtype":"SOUNDG","valsou":20.1,"chart":"US5PWMBD"}},{"type":"Feature","geometry":{"type":"Point","coordinates":[-70.149511,43.548152]},"properties":{"objtype":"SOUNDG","valsou":42.3,"chart":"US5PWMBD"}},{"type":"Feature","geometry":{"type":"Point","coordinates":[-70.14949,43.570847]},"properties":{"objtype":"SOUNDG","valsou":26.8,"chart":"US5PWMBD"}},{"type":"Feature","geometry":{"type":"Point","coordinates":[-70.147568,43.575548]},"properties":{"objtype":"SOUNDG","valsou":26.8,"chart":"US5PWMCD"}},{"type":"Feature","geometry":{"type":"Point","coordinates":[-70.14883,43.569378]},"properties":{"objtype":"SOUNDG","valsou":23.7,"chart":"US5PWMBD"}},{"type":"Feature","geometry":{"type":"Point","coordinates":[-70.147679,43.565142]},"properties":{"objtype":"SOUNDG","valsou":41.4,"chart":"US5PWMBD"}},{"type":"Feature","geometry":{"type":"Point","coordinates":[-70.148861,43.543547]},"properties":{"objtype":"SOUNDG","valsou":18.8,"chart":"US5PWMBD"}},{"type":"Feature","geometry":{"type":"Point","coordinates":[-70.144961,43.560873]},"properties":{"objtype":"SOUNDG","valsou":30.4,"chart":"US5PWMBD"}},{"type":"Feature","geometry":{"type":"Point","coordinates":[-70.147058,43.56253]},"properties":{"objtype":"SOUNDG","valsou":25.6,"chart":"US5PWMBD"}},{"type":"Feature","geometry":{"type":"Point","coordinates":[-70.145093,43.548335]},"properties":{"objtype":"SOUNDG","valsou":20.4,"chart":"US5PWMBD"}},{"type":"Feature","geometry":{"type":"Point","coordinates":[-70.14715,43.570717]},"properties":{"objtype":"SOUNDG","valsou":24.0,"chart":"US5PWMBD"}},{"type":"Feature","geometry":{"type":"Point","coordinates":[-70.144915,43.553405]},"properties":{"objtype":"SOUNDG","valsou":21.3,"chart":"US5PWMBD"}},{"type":"Feature","geometry":{"type":"Point","coordinates":[-70.146777,43.57355]},"properties":{"objtype":"SOUNDG","valsou":24.9,"chart":"US5PWMBD"}},{"type":"Feature","geometry":{"type":"Point","coordinates":[-70.146623,43.544956]},"properties":{"objtype":"SOUNDG","valsou":38.1,"chart":"US5PWMBD"}},{"type":"Feature","geometry":{"type":"Point","coordinates":[-70.145901,43.569733]},"properties":{"objtype":"SOUNDG","valsou":31.3,"chart":"US5PWMBD"}},{"type":"Feature","geometry":{"type":"Point","coordinates":[-70.14529,43.550741]},"properties":{"objtype":"SOUNDG","valsou":43.8,"chart":"US5PWMBD"}},{"type":"Feature","geometry":{"type":"Point","coordinates":[-70.144911,43.566259]},"properties":{"objtype":"SOUNDG","valsou":46.9,"chart":"US5PWMBD"}},{"type":"Feature","geometry":{"type":"Point","coordinates":[-70.144392,43.564486]},"properties":{"objtype":"SOUNDG","valsou":31.6,"chart":"US5PWMBD"}},{"type":"Feature","geometry":{"type":"Point","coordinates":[-70.14379,43.568466]},"properties":{"objtype":"SOUNDG","valsou":42.3,"chart":"US5PWMBD"}},{"type":"Feature","geometry":{"type":"Point","coordinates":[-70.144333,43.544281]},"properties":{"objtype":"SOUNDG","valsou":25.6,"chart":"US5PWMBD"}},{"type":"Feature","geometry":{"type":"Point","coordinates":[-70.143417,43.551974]},"properties":{"objtype":"SOUNDG","valsou":45.7,"chart":"US5PWMBD"}},{"type":"Feature","geometry":{"type":"Point","coordinates":[-70.143272,43.547956]},"properties":{"objtype":"SOUNDG","valsou":30.7,"chart":"US5PWMBD"}},{"type":"Feature","geometry":{"type":"Point","coordinates":[-70.143046,43.554674]},"properties":{"objtype":"SOUNDG","valsou":22.2,"chart":"US5PWMBD"}},{"type":"Feature","geometry":{"type":"Point","coordinates":[-70.142944,43.572946]},"properties":{"objtype":"SOUNDG","valsou":26.2,"chart":"US5PWMBD"}},{"type":"Feature","geometry":{"type":"Point","coordinates":[-70.142984,43.556474]},"properties":{"objtype":"SOUNDG","valsou":38.7,"chart":"US5PWMBD"}},{"type":"Feature","geometry":{"type":"Point","coordinates":[-70.142618,43.559504]},"properties":{"objtype":"SOUNDG","valsou":19.8,"chart":"US5PWMBD"}},{"type":"Feature","geometry":{"type":"Point","coordinates":[-70.142357,43.565975]},"properties":{"objtype":"SOUNDG","valsou":34.7,"chart":"US5PWMBD"}},{"type":"Feature","geometry":{"type":"Point","coordinates":[-70.140317,43.566968]},"properties":{"objtype":"SOUNDG","valsou":39.9,"chart":"US5PWMBD"}},{"type":"Feature","geometry":{"type":"Point","coordinates":[-70.141418,43.548488]},"properties":{"objtype":"SOUNDG","valsou":23.1,"chart":"US5PWMBD"}},{"type":"Feature","geometry":{"type":"Point","coordinates":[-70.141242,43.562936]},"properties":{"objtype":"SOUNDG","valsou":31.3,"chart":"US5PWMBD"}},{"type":"Feature","geometry":{"type":"Point","coordinates":[-70.138757,43.549718]},"properties":{"objtype":"SOUNDG","valsou":21.3,"chart":"US5PWMBD"}},{"type":"Feature","geometry":{"type":"Point","coordinates":[-70.140579,43.56086]},"properties":{"objtype":"SOUNDG","valsou":37.4,"chart":"US5PWMBD"}},{"type":"Feature","geometry":{"type":"Point","coordinates":[-70.140259,43.56981]},"properties":{"objtype":"SOUNDG","valsou":48.7,"chart":"US5PWMBD"}},{"type":"Feature","geometry":{"type":"Point","coordinates":[-70.139992,43.571629]},"properties":{"objtype":"SOUNDG","valsou":50.5,"chart":"US5PWMBD"}},{"type":"Feature","geometry":{"type":"Point","coordinates":[-70.139842,43.544959]},"properties":{"objtype":"SOUNDG","valsou":32.3,"chart":"US5PWMBD"}},{"type":"Feature","geometry":{"type":"Point","coordinates":[-70.138876,43.552856]},"properties":{"objtype":"SOUNDG","valsou":25.6,"chart":"US5PWMBD"}},{"type":"Feature","geometry":{"type":"Point","coordinates":[-70.135618,43.562357]},"properties":{"objtype":"SOUNDG","valsou":24.0,"chart":"US5PWMBD"}},{"type":"Feature","geometry":{"type":"Point","coordinates":[-70.136184,43.560584]},"properties":{"objtype":"SOUNDG","valsou":23.1,"chart":"US5PWMBD"}},{"type":"Feature","geometry":{"type":"Point","coordinates":[-70.135844,43.56779]},"properties":{"objtype":"SOUNDG","valsou":20.7,"chart":"US5PWMBD"}},{"type":"Feature","geometry":{"type":"Point","coordinates":[-70.137347,43.548065]},"properties":{"objtype":"SOUNDG","valsou":26.2,"chart":"US5PWMBD"}},{"type":"Feature","geometry":{"type":"Point","coordinates":[-70.13726,43.545634]},"properties":{"objtype":"SOUNDG","valsou":40.8,"chart":"US5PWMBD"}},{"type":"Feature","geometry":{"type":"Point","coordinates":[-70.137197,43.550915]},"properties":{"objtype":"SOUNDG","valsou":19.5,"chart":"US5PWMBD"}},{"type":"Feature","geometry":{"type":"Point","coordinates":[-70.136413,43.565215]},"properties":{"objtype":"SOUNDG","valsou":24.0,"chart":"US5PWMBD"}},{"type":"Feature","geometry":{"type":"Point","coordinates":[-70.138315,43.575284]},"properties":{"objtype":"SOUNDG","valsou":30.1,"chart":"US5PWMCD"}},{"type":"Feature","geometry":{"type":"Point","coordinates":[-70.136245,43.556891]},"properties":{"objtype":"SOUNDG","valsou":46.9,"chart":"US5PWMBD"}},{"type":"Feature","geometry":{"type":"Point","coordinates":[-70.136154,43.571753]},"properties":{"objtype":"SOUNDG","valsou":43.2,"chart":"US5PWMBD"}},{"type":"Feature","geometry":{"type":"Point","coordinates":[-70.134228,43.561943]},"properties":{"objtype":"SOUNDG","valsou":19.8,"chart":"US5PWMBD"}},{"type":"Feature","geometry":{"type":"Point","coordinates":[-70.134766,43.566677]},"properties":{"objtype":"SOUNDG","valsou":14.9,"chart":"US5PWMBD"}},{"type":"Feature","geometry":{"type":"Point","coordinates":[-70.134563,43.546409]},"properties":{"objtype":"SOUNDG","valsou":38.7,"chart":"US5PWMBD"}},{"type":"Feature","geometry":{"type":"Point","coordinates":[-70.132729,43.567758]},"properties":{"objtype":"SOUNDG","valsou":18.5,"chart":"US5PWMBD"}},{"type":"Feature","geometry":{"type":"Point","coordinates":[-70.134129,43.553417]},"properties":{"objtype":"SOUNDG","valsou":21.3,"chart":"US5PWMBD"}},{"type":"Feature","geometry":{"type":"Point","coordinates":[-70.133668,43.576236]},"properties":{"objtype":"SOUNDG","valsou":39.3,"chart":"US5PWMCD"}},{"type":"Feature","geometry":{"type":"Point","coordinates":[-70.133066,43.571568]},"properties":{"objtype":"SOUNDG","valsou":28.3,"chart":"US5PWMBD"}},{"type":"Feature","geometry":{"type":"Point","coordinates":[-70.132756,43.547471]},"properties":{"objtype":"SOUNDG","valsou":38.1,"chart":"US5PWMBD"}},{"type":"Feature","geometry":{"type":"Point","coordinates":[-70.131503,43.564256]},"properties":{"objtype":"SOUNDG","valsou":16.1,"chart":"US5PWMBD"}},{"type":"Feature","geometry":{"type":"Point","coordinates":[-70.132402,43.558168]},"properties":{"objtype":"SOUNDG","valsou":33.2,"chart":"US5PWMBD"}},{"type":"Feature","geometry":{"type":"Point","coordinates":[-70.129897,43.546454]},"properties":{"objtype":"SOUNDG","valsou":40.8,"chart":"US5PWMBD"}},{"type":"Feature","geometry":{"type":"Point","coordinates":[-70.131579,43.554965]},"properties":{"objtype":"SOUNDG","valsou":39.0,"chart":"US5PWMBD"}},{"type":"Feature","geometry":{"type":"Point","coordinates":[-70.131343,43.566035]},"properties":{"objtype":"SOUNDG","valsou":17.3,"chart":"US5PWMBD"}},{"type":"Feature","geometry":{"type":"Point","coordinates":[-70.130063,43.570202]},"properties":{"objtype":"SOUNDG","valsou":13.1,"chart":"US5PWMBD"}},{"type":"Feature","geometry":{"type":"Point","coordinates":[-70.130515,43.549655]},"properties":{"objtype":"SOUNDG","valsou":39.0,"chart":"US5PWMBD"}},{"type":"Feature","geometry":{"type":"Point","coordinates":[-70.130065,43.56034]},"properties":{"objtype":"SOUNDG","valsou":28.3,"chart":"US5PWMBD"}},{"type":"Feature","geometry":{"type":"Point","coordinates":[-70.130318,43.547687]},"properties":{"objtype":"SOUNDG","valsou":39.0,"chart":"US5PWMBD"}},{"type":"Feature","geometry":{"type":"Point","coordinates":[-70.13028,43.573742]},"properties":{"objtype":"SOUNDG","valsou":24.0,"chart":"US5PWMBD"}},{"type":"Feature","geometry":{"type":"Point","coordinates":[-70.128984,43.562734]},"properties":{"objtype":"SOUNDG","valsou":37.7,"chart":"US5PWMBD"}},{"type":"Feature","geometry":{"type":"Point","coordinates":[-70.128864,43.566632]},"properties":{"objtype":"SOUNDG","valsou":15.5,"chart":"US5PWMBD"}},{"type":"Feature","geometry":{"type":"Point","coordinates":[-70.128834,43.571625]},"properties":{"objtype":"SOUNDG","valsou":9.7,"chart":"US5PWMBD"}},{"type":"Feature","geometry":{"type":"Point","coordinates":[-70.12753,43.55545]},"properties":{"objtype":"SOUNDG","valsou":34.4,"chart":"US5PWMBD"}},{"type":"Feature","geometry":{"type":"Point","coordinates":[-70.128096,43.568356]},"properties":{"objtype":"SOUNDG","valsou":12.8,"chart":"US5PWMBD"}},{"type":"Feature","geometry":{"type":"Point","coordinates":[-70.128093,43.559494]},"properties":{"objtype":"SOUNDG","valsou":34.1,"chart":"US5PWMBD"}},{"type":"Feature","geometry":{"type":"Point","coordinates":[-70.12778,43.557323]},"properties":{"objtype":"SOUNDG","valsou":25.2,"chart":"US5PWMBD"}},{"type":"Feature","geometry":{"type":"Point","coordinates":[-70.127303,43.574388]},"properties":{"objtype":"SOUNDG","valsou":14.0,"chart":"US5PWMBD"}},{"type":"Feature","geometry":{"type":"Point","coordinates":[-70.127211,43.550375]},"properties":{"objtype":"SOUNDG","valsou":39.3,"chart":"US5PWMBD"}},{"type":"Feature","geometry":{"type":"Point","coordinates":[-70.126754,43.548524]},"properties":{"objtype":"SOUNDG","valsou":39.3,"chart":"US5PWMBD"}},{"type":"Feature","geometry":{"type":"Point","coordinates":[-70.126732,43.546226]},"properties":{"objtype":"SOUNDG","valsou":41.7,"chart":"US5PWMBD"}},{"type":"Feature","geometry":{"type":"Point","coordinates":[-70.126482,43.558586]},"properties":{"objtype":"SOUNDG","valsou":23.4,"chart":"US5PWMBD"}},{"type":"Feature","geometry":{"type":"Point","coordinates":[-70.126303,43.544791]},"properties":{"objtype":"SOUNDG","valsou":42.0,"chart":"US5PWMBD"}},{"type":"Feature","geometry":{"type":"Point","coordinates":[-70.126262,43.563719]},"properties":{"objtype":"SOUNDG","valsou":23.4,"chart":"US5PWMBD"}},{"type":"Feature","geometry":{"type":"Point","coordinates":[-70.126169,43.5686]},"properties":{"objtype":"SOUNDG","valsou":17.9,"chart":"US5PWMBD"}},{"type":"Feature","geometry":{"type":"Point","coordinates":[-70.125708,43.565667]},"properties":{"objtype":"SOUNDG","valsou":39.6,"chart":"US5PWMBD"}},{"type":"Feature","geometry":{"type":"Point","coordinates":[-70.125138,43.556792]},"properties":{"objtype":"SOUNDG","valsou":33.5,"chart":"US5PWMBD"}},{"type":"Feature","geometry":{"type":"Point","coordinates":[-70.125083,43.551104]},"properties":{"objtype":"SOUNDG","valsou":40.5,"chart":"US5PWMBD"}},{"type":"Feature","geometry":{"type":"Point","coordinates":[-70.199866,43.551713]},"properties":{"objtype":"SOUNDG","valsou":21.5,"chart":"US5PWMBD"}},{"type":"Feature","geometry":{"type":"Point","coordinates":[-70.199591,43.532843]},"properties":{"objtype":"SOUNDG","valsou":39.8,"chart":"US5PWMBD"}},{"type":"Feature","geometry":{"type":"Point","coordinates":[-70.199441,43.535223]},"properties":{"objtype":"SOUNDG","valsou":36.2,"chart":"US5PWMBD"}},{"type":"Feature","geometry":{"type":"Point","coordinates":[-70.199386,43.522473]},"properties":{"objtype":"SOUNDG","valsou":50.8,"chart":"US5PWMBD"}},{"type":"Feature","geometry":{"type":"Point","coordinates":[-70.198741,43.529753]},"properties":{"objtype":"SOUNDG","valsou":58.2,"chart":"US5PWMBD"}},{"type":"Feature","geometry":{"type":"Point","coordinates":[-70.198696,43.547473]},"properties":{"objtype":"SOUNDG","valsou":23.9,"chart":"US5PWMBD"}},{"type":"Feature","geometry":{"type":"Point","coordinates":[-70.196301,43.551608]},"properties":{"objtype":"SOUNDG","valsou":20.5,"chart":"US5PWMBD"}},{"type":"Feature","geometry":{"type":"Point","coordinates":[-70.198371,43.541138]},"properties":{"objtype":"SOUNDG","valsou":29.6,"chart":"US5PWMBD"}},{"type":"Feature","geometry":{"type":"Point","coordinates":[-70.198356,43.510308]},"properties":{"objtype":"SOUNDG","valsou":60.6,"chart":"US5PWMBD"}},{"type":"Feature","geometry":{"type":"Point","coordinates":[-70.197956,43.545108]},"properties":{"objtype":"SOUNDG","valsou":27.1,"chart":"US5PWMBD"}},{"type":"Feature","geometry":{"type":"Point","coordinates":[-70.197361,43.525233]},"properties":{"objtype":"SOUNDG","valsou":38.1,"chart":"US5PWMBD"}},{"type":"Feature","geometry":{"type":"Point","coordinates":[-70.195806,43.536558]},"properties":{"objtype":"SOUNDG","valsou":45.8,"chart":"US5PWMBD"}},{"type":"Feature","geometry":{"type":"Point","coordinates":[-70.195426,43.547508]},"properties":{"objtype":"SOUNDG","valsou":23.1,"chart":"US5PWMBD"}},{"type":"Feature","geometry":{"type":"Point","coordinates":[-70.194421,43.516618]},"properties":{"objtype":"SOUNDG","valsou":58.8,"chart":"US5PWMBD"}},{"type":"Feature","geometry":{"type":"Point","coordinates":[-70.194131,43.532038]},"properties":{"objtype":"SOUNDG","valsou":57.5,"chart":"US5PWMBD"}},{"type":"Feature","geometry":{"type":"Point","coordinates":[-70.192521,43.540623]},"properties":{"objtype":"SOUNDG","valsou":31.7,"chart":"US5PWMBD"}},{"type":"Feature","geometry":{"type":"Point","coordinates":[-70.193226,43.551278]},"properties":{"objtype":"SOUNDG","valsou":30.9,"chart":"US5PWMBD"}},{"type":"Feature","geometry":{"type":"Point","coordinates":[-70.192996,43.544723]},"properties":{"objtype":"SOUNDG","valsou":35.4,"chart":"US5PWMBD"}},{"type":"Feature","geometry":{"type":"Point","coordinates":[-70.192726,43.520883]},"properties":{"objtype":"SOUNDG","valsou":59.6,"chart":"US5PWMBD"}},{"type":"Feature","geometry":{"type":"Point","coordinates":[-70.192276,43.553378]},"properties":{"objtype":"SOUNDG","valsou":22.4,"chart":"US5PWMBD"}},{"type":"Feature","geometry":{"type":"Point","coordinates":[-70.192046,43.546823]},"properties":{"objtype":"SOUNDG","valsou":26.0,"chart":"US5PWMBD"}},{"type":"Feature","geometry":{"type":"Point","coordinates":[-70.191291,43.543733]},"properties":{"objtype":"SOUNDG","valsou":37.9,"chart":"US5PWMBD"}},{"type":"Feature","geometry":{"type":"Point","coordinates":[-70.191171,43.527528]},"properties":{"objtype":"SOUNDG","valsou":60.5,"chart":"US5PWMBD"}},{"type":"Feature","geometry":{"type":"Point","coordinates":[-70.191131,43.550578]},"properties":{"objtype":"SOUNDG","valsou":26.5,"chart":"US5PWMBD"}},{"type":"Feature","geometry":{"type":"Point","coordinates":[-70.190361,43.531713]},"properties":{"objtype":"SOUNDG","valsou":46.6,"chart":"US5PWMBD"}},{"type":"Feature","geometry":{"type":"Point","coordinates":[-70.190466,43.536973]},"properties":{"objtype":"SOUNDG","valsou":46.3,"chart":"US5PWMBD"}},{"type":"Feature","geometry":{"type":"Point","coordinates":[-70.189631,43.504638]},"properties":{"objtype":"SOUNDG","valsou":46.2,"chart":"US5PWMBD"}},{"type":"Feature","geometry":{"type":"Point","coordinates":[-70.187456,43.524903]},"properties":{"objtype":"SOUNDG","valsou":47.8,"chart":"US5PWMBD"}},{"type":"Feature","geometry":{"type":"Point","coordinates":[-70.188826,43.549163]},"properties":{"objtype":"SOUNDG","valsou":30.2,"chart":"US5PWMBD"}},{"type":"Feature","geometry":{"type":"Point","coordinates":[-70.187911,43.552988]},"properties":{"objtype":"SOUNDG","valsou":22.5,"chart":"US5PWMBD"}},{"type":"Feature","geometry":{"type":"Point","coordinates":[-70.187676,43.551193]},"properties":{"objtype":"SOUNDG","valsou":25.6,"chart":"US5PWMBD"}},{"type":"Feature","geometry":{"type":"Point","coordinates":[-70.187671,43.546003]},"properties":{"objtype":"SOUNDG","valsou":40.0,"chart":"US5PWMBD"}},{"type":"Feature","geometry":{"type":"Point","coordinates":[-70.187556,43.540028]},"properties":{"objtype":"SOUNDG","valsou":44.4,"chart":"US5PWMBD"}},{"type":"Feature","geometry":{"type":"Point","coordinates":[-70.186821,43.543063]},"properties":{"objtype":"SOUNDG","valsou":34.1,"chart":"US5PWMBD"}},{"type":"Feature","geometry":{"type":"Point","coordinates":[-70.186386,43.536008]},"properties":{"objtype":"SOUNDG","valsou":26.1,"chart":"US5PWMBD"}},{"type":"Feature","geometry":{"type":"Point","coordinates":[-70.186221,43.512238]},"properties":{"objtype":"SOUNDG","valsou":45.3,"chart":"US5PWMBD"}},{"type":"Feature","geometry":{"type":"Point","coordinates":[-70.185466,43.554528]},"properties":{"objtype":"SOUNDG","valsou":21.6,"chart":"US5PWMBD"}},{"type":"Feature","geometry":{"type":"Point","coordinates":[-70.185351,43.528523]},"properties":{"objtype":"SOUNDG","valsou":60.9,"chart":"US5PWMBD"}},{"type":"Feature","geometry":{"type":"Point","coordinates":[-70.185226,43.532273]},"properties":{"objtype":"SOUNDG","valsou":40.1,"chart":"US5PWMBD"}},{"type":"Feature","geometry":{"type":"Point","coordinates":[-70.185201,43.520818]},"properties":{"objtype":"SOUNDG","valsou":62.5,"chart":"US5PWMBD"}},{"type":"Feature","geometry":{"type":"Point","coordinates":[-70.184921,43.557273]},"properties":{"objtype":"SOUNDG","valsou":20.4,"chart":"US5PWMBD"}},{"type":"Feature","geometry":{"type":"Point","coordinates":[-70.184656,43.543588]},"properties":{"objtype":"SOUNDG","valsou":28.0,"chart":"US5PWMBD"}},{"type":"Feature","geometry":{"type":"Point","coordinates":[-70.184341,43.547843]},"properties":{"objtype":"SOUNDG","valsou":43.7,"chart":"US5PWMBD"}},{"type":"Feature","geometry":{"type":"Point","coordinates":[-70.183861,43.502898]},"properties":{"objtype":"SOUNDG","valsou":41.6,"chart":"US5PWMBD"}},{"type":"Feature","geometry":{"type":"Point","coordinates":[-70.182666,43.558448]},"properties":{"objtype":"SOUNDG","valsou":23.6,"chart":"US5PWMBD"}},{"type":"Feature","geometry":{"type":"Point","coordinates":[-70.183041,43.542018]},"properties":{"objtype":"SOUNDG","valsou":33.9,"chart":"US5PWMBD"}},{"type":"Feature","geometry":{"type":"Point","coordinates":[-70.182961,43.537913]},"properties":{"objtype":"SOUNDG","valsou":23.8,"chart":"US5PWMBD"}},{"type":"Feature","geometry":{"type":"Point","coordinates":[-70.182911,43.525238]},"properties":{"objtype":"SOUNDG","valsou":63.6,"chart":"US5PWMBD"}},{"type":"Feature","geometry":{"type":"Point","coordinates":[-70.182911,43.550738]},"properties":{"objtype":"SOUNDG","valsou":28.7,"chart":"US5PWMBD"}},{"type":"Feature","geometry":{"type":"Point","coordinates":[-70.182596,43.559818]},"properties":{"objtype":"SOUNDG","valsou":17.4,"chart":"US5PWMBD"}},{"type":"Feature","geometry":{"type":"Point","coordinates":[-70.182201,43.544623]},"properties":{"objtype":"SOUNDG","valsou":29.0,"chart":"US5PWMBD"}},{"type":"Feature","geometry":{"type":"Point","coordinates":[-70.181481,43.553563]},"properties":{"objtype":"SOUNDG","valsou":22.3,"chart":"US5PWMBD"}},{"type":"Feature","geometry":{"type":"Point","coordinates":[-70.180561,43.546873]},"properties":{"objtype":"SOUNDG","valsou":34.4,"chart":"US5PWMBD"}},{"type":"Feature","geometry":{"type":"Point","coordinates":[-70.179521,43.554588]},"properties":{"objtype":"SOUNDG","valsou":28.2,"chart":"US5PWMBD"}},{"type":"Feature","geometry":{"type":"Point","coordinates":[-70.179781,43.517203]},"properties":{"objtype":"SOUNDG","valsou":36.0,"chart":"US5PWMBD"}},{"type":"Feature","geometry":{"type":"Point","coordinates":[-70.179396,43.527723]},"properties":{"objtype":"SOUNDG","valsou":56.4,"chart":"US5PWMBD"}},{"type":"Feature","geometry":{"type":"Point","coordinates":[-70.179336,43.545153]},"properties":{"objtype":"SOUNDG","valsou":42.1,"chart":"US5PWMBD"}},{"type":"Feature","geometry":{"type":"Point","coordinates":[-70.179266,43.556608]},"properties":{"objtype":"SOUNDG","valsou":22.7,"chart":"US5PWMBD"}},{"type":"Feature","geometry":{"type":"Point","coordinates":[-70.178466,43.561443]},"properties":{"objtype":"SOUNDG","valsou":20.4,"chart":"US5PWMBD"}},{"type":"Feature","geometry":{"type":"Point","coordinates":[-70.179086,43.521963]},"properties":{"objtype":"SOUNDG","valsou":58.0,"chart":"US5PWMBD"}},{"type":"Feature","geometry":{"type":"Point","coordinates":[-70.178866,43.536228]},"properties":{"objtype":"SOUNDG","valsou":29.0,"chart":"US5PWMBD"}},{"type":"Feature","geometry":{"type":"Point","coordinates":[-70.178686,43.542208]},"properties":{"objtype":"SOUNDG","valsou":18.9,"chart":"US5PWMBD"}},{"type":"Feature","geometry":{"type":"Point","coordinates":[-70.177696,43.547333]},"properties":{"objtype":"SOUNDG","valsou":39.6,"chart":"US5PWMBD"}},{"type":"Feature","geometry":{"type":"Point","coordinates":[-70.178186,43.531768]},"properties":{"objtype":"SOUNDG","valsou":44.1,"chart":"US5PWMBD"}},{"type":"Feature","geometry":{"type":"Point","coordinates":[-70.177311,43.558143]},"properties":{"objtype":"SOUNDG","valsou":21.2,"chart":"US5PWMBD"}},{"type":"Feature","geometry":{"type":"Point","coordinates":[-70.177276,43.551153]},"properties":{"objtype":"SOUNDG","valsou":37.6,"chart":"US5PWMBD"}},{"type":"Feature","geometry":{"type":"Point","coordinates":[-70.177066,43.525008]},"properties":{"objtype":"SOUNDG","valsou":59.3,"chart":"US5PWMBD"}},{"type":"Feature","geometry":{"type":"Point","coordinates":[-70.177036,43.554183]},"properties":{"objtype":"SOUNDG","valsou":29.0,"chart":"US5PWMBD"}},{"type":"Feature","geometry":{"type":"Point","coordinates":[-70.176921,43.563478]},"properties":{"objtype":"SOUNDG","valsou":20.6,"chart":"US5PWMBD"}},{"type":"Feature","geometry":{"type":"Point","coordinates":[-70.176476,43.561033]},"properties":{"objtype":"SOUNDG","valsou":29.6,"chart":"US5PWMBD"}},{"type":"Feature","geometry":{"type":"Point","coordinates":[-70.176376,43.545548]},"properties":{"objtype":"SOUNDG","valsou":47.4,"chart":"US5PWMBD"}},{"type":"Feature","geometry":{"type":"Point","coordinates":[-70.175051,43.548803]},"properties":{"objtype":"SOUNDG","valsou":41.9,"chart":"US5PWMBD"}},{"type":"Feature","geometry":{"type":"Point","coordinates":[-70.174496,43.535553]},"properties":{"objtype":"SOUNDG","valsou":40.9,"chart":"US5PWMBD"}},{"type":"Feature","geometry":{"type":"Point","coordinates":[-70.174436,43.532458]},"properties":{"objtype":"SOUNDG","valsou":34.3,"chart":"US5PWMBD"}},{"type":"Feature","geometry":{"type":"Point","coordinates":[-70.173926,43.552128]},"properties":{"objtype":"SOUNDG","valsou":43.8,"chart":"US5PWMBD"}},{"type":"Feature","geometry":{"type":"Point","coordinates":[-70.173801,43.560843]},"properties":{"objtype":"SOUNDG","valsou":22.0,"chart":"US5PWMBD"}},{"type":"Feature","geometry":{"type":"Point","coordinates":[-70.173791,43.555223]},"properties":{"objtype":"SOUNDG","valsou":34.0,"chart":"US5PWMBD"}},{"type":"Feature","geometry":{"type":"Point","coordinates":[-70.173651,43.522593]},"properties":{"objtype":"SOUNDG","valsou":44.8,"chart":"US5PWMBD"}},{"type":"Feature","geometry":{"type":"Point","coordinates":[-70.172041,43.562158]},"properties":{"objtype":"SOUNDG","valsou":21.1,"chart":"US5PWMBD"}},{"type":"Feature","geometry":{"type":"Point","coordinates":[-70.173291,43.544713]},"properties":{"objtype":"SOUNDG","valsou":41.9,"chart":"US5PWMBD"}},{"type":"Feature","geometry":{"type":"Point","coordinates":[-70.173096,43.539818]},"properties":{"objtype":"SOUNDG","valsou":44.8,"chart":"US5PWMBD"}},{"type":"Feature","geometry":{"type":"Point","coordinates":[-70.173051,43.542553]},"properties":{"objtype":"SOUNDG","valsou":22.7,"chart":"US5PWMBD"}},{"type":"Feature","geometry":{"type":"Point","coordinates":[-70.172721,43.556243]},"properties":{"objtype":"SOUNDG","valsou":29.0,"chart":"US5PWMBD"}},{"type":"Feature","geometry":{"type":"Point","coordinates":[-70.172131,43.510508]},"properties":{"objtype":"SOUNDG","valsou":32.2,"chart":"US5PWMBD"}},{"type":"Feature","geometry":{"type":"Point","coordinates":[-70.171951,43.547103]},"properties":{"objtype":"SOUNDG","valsou":41.9,"chart":"US5PWMBD"}},{"type":"Feature","geometry":{"type":"Point","coordinates":[-70.171826,43.504967]},"properties":{"objtype":"SOUNDG","valsou":40.6,"chart":"US5PWMBD"}},{"type":"Feature","geometry":{"type":"Point","coordinates":[-70.170811,43.549783]},"properties":{"objtype":"SOUNDG","valsou":39.7,"chart":"US5PWMBD"}},{"type":"Feature","geometry":{"type":"Point","coordinates":[-70.170526,43.524718]},"properties":{"objtype":"SOUNDG","valsou":24.4,"chart":"US5PWMBD"}},{"type":"Feature","geometry":{"type":"Point","coordinates":[-70.170071,43.521623]},"properties":{"objtype":"SOUNDG","valsou":34.7,"chart":"US5PWMBD"}},{"type":"Feature","geometry":{"type":"Point","coordinates":[-70.169881,43.552818]},"properties":{"objtype":"SOUNDG","valsou":40.9,"chart":"US5PWMBD"}},{"type":"Feature","geometry":{"type":"Point","coordinates":[-70.166066,43.514173]},"properties":{"objtype":"SOUNDG","valsou":22.4,"chart":"US5PWMBD"}},{"type":"Feature","geometry":{"type":"Point","coordinates":[-70.164206,43.520458]},"properties":{"objtype":"SOUNDG","valsou":22.7,"chart":"US5PWMBD"}},{"type":"Feature","geometry":{"type":"Point","coordinates":[-70.162746,43.516583]},"properties":{"objtype":"SOUNDG","valsou":21.5,"chart":"US5PWMBD"}},{"type":"Feature","geometry":{"type":"Point","coordinates":[-70.161856,43.501108]},"properties":{"objtype":"SOUNDG","valsou":38.1,"chart":"US5PWMBD"}},{"type":"Feature","geometry":{"type":"Point","coordinates":[-70.161481,43.522863]},"properties":{"objtype":"SOUNDG","valsou":19.0,"chart":"US5PWMBD"}},{"type":"Feature","geometry":{"type":"Point","coordinates":[-70.160136,43.509553]},"properties":{"objtype":"SOUNDG","valsou":39.1,"chart":"US5PWMBD"}},{"type":"Feature","geometry":{"type":"Point","coordinates":[-70.157076,43.515128]},"properties":{"objtype":"SOUNDG","valsou":28.8,"chart":"US5PWMBD"}},{"type":"Feature","geometry":{"type":"Point","coordinates":[-70.154221,43.521208]},"properties":{"objtype":"SOUNDG","valsou":31.9,"chart":"US5PWMBD"}},{"type":"Feature","geometry":{"type":"Point","coordinates":[-70.151451,43.510718]},"properties":{"objtype":"SOUNDG","valsou":23.7,"chart":"US5PWMBD"}},{"type":"Feature","geometry":{"type":"Point","coordinates":[-70.147531,43.502473]},"properties":{"objtype":"SOUNDG","valsou":32.1,"chart":"US5PWMBD"}},{"type":"Feature","geometry":{"type":"Point","coordinates":[-70.147321,43.522718]},"properties":{"objtype":"SOUNDG","valsou":25.0,"chart":"US5PWMBD"}},{"type":"Feature","geometry":{"type":"Point","coordinates":[-70.145891,43.520358]},"properties":{"objtype":"SOUNDG","valsou":21.0,"chart":"US5PWMBD"}},{"type":"Feature","geometry":{"type":"Point","coordinates":[-70.142111,43.508868]},"properties":{"objtype":"SOUNDG","valsou":21.9,"chart":"US5PWMBD"}},{"type":"Feature","geometry":{"type":"Point","coordinates":[-70.141776,43.522628]},"properties":{"objtype":"SOUNDG","valsou":25.5,"chart":"US5PWMBD"}},{"type":"Feature","geometry":{"type":"Point","coordinates":[-70.139591,43.511628]},"properties":{"objtype":"SOUNDG","valsou":25.1,"chart":"US5PWMBD"}},{"type":"Feature","geometry":{"type":"Point","coordinates":[-70.139571,43.505218]},"properties":{"objtype":"SOUNDG","valsou":21.5,"chart":"US5PWMBD"}},{"type":"Feature","geometry":{"type":"Point","coordinates":[-70.138881,43.500327]},"properties":{"objtype":"SOUNDG","valsou":38.7,"chart":"US5PWMBD"}},{"type":"Feature","geometry":{"type":"Point","coordinates":[-70.135671,43.513758]},"properties":{"objtype":"SOUNDG","valsou":19.1,"chart":"US5PWMBD"}},{"type":"Feature","geometry":{"type":"Point","coordinates":[-70.135221,43.521473]},"properties":{"objtype":"SOUNDG","valsou":29.4,"chart":"US5PWMBD"}},{"type":"Feature","geometry":{"type":"Point","coordinates":[-70.133066,43.517458]},"properties":{"objtype":"SOUNDG","valsou":22.2,"chart":"US5PWMBD"}},{"type":"Feature","geometry":{"type":"Point","coordinates":[-70.131851,43.510483]},"properties":{"objtype":"SOUNDG","valsou":26.2,"chart":"US5PWMBD"}},{"type":"Feature","geometry":{"type":"Point","coordinates":[-70.131231,43.503932]},"properties":{"objtype":"SOUNDG","valsou":20.8,"chart":"US5PWMBD"}},{"type":"Feature","geometry":{"type":"Point","coordinates":[-70.129831,43.524333]},"properties":{"objtype":"SOUNDG","valsou":26.1,"chart":"US5PWMBD"}},{"type":"Feature","geometry":{"type":"Point","coordinates":[-70.127626,43.522913]},"properties":{"objtype":"SOUNDG","valsou":38.2,"chart":"US5PWMBD"}},{"type":"Feature","geometry":{"type":"Point","coordinates":[-70.126386,43.509313]},"properties":{"objtype":"SOUNDG","valsou":28.2,"chart":"US5PWMBD"}},{"type":"Feature","geometry":{"type":"Point","coordinates":[-70.125001,43.503993]},"properties":{"objtype":"SOUNDG","valsou":30.7,"chart":"US5PWMBD"}},{"type":"Feature","geometry":{"type":"Point","coordinates":[-70.171358,43.537689]},"properties":{"objtype":"SOUNDG","valsou":25.2,"chart":"US5PWMBD"}},{"type":"Feature","geometry":{"type":"Point","coordinates":[-70.169485,43.534131]},"properties":{"objtype":"SOUNDG","valsou":50.2,"chart":"US5PWMBD"}},{"type":"Feature","geometry":{"type":"Point","coordinates":[-70.167542,43.539519]},"properties":{"objtype":"SOUNDG","valsou":21.3,"chart":"US5PWMBD"}},{"type":"Feature","geometry":{"type":"Point","coordinates":[-70.167522,43.524751]},"properties":{"objtype":"SOUNDG","valsou":15.5,"chart":"US5PWMBD"}},{"type":"Feature","geometry":{"type":"Point","coordinates":[-70.166748,43.530513]},"properties":{"objtype":"SOUNDG","valsou":27.7,"chart":"US5PWMBD"}},{"type":"Feature","geometry":{"type":"Point","coordinates":[-70.166586,43.542262]},"properties":{"objtype":"SOUNDG","valsou":19.5,"chart":"US5PWMBD"}},{"type":"Feature","geometry":{"type":"Point","coordinates":[-70.165796,43.52677]},"properties":{"objtype":"SOUNDG","valsou":9.7,"chart":"US5PWMBD"}},{"type":"Feature","geometry":{"type":"Point","coordinates":[-70.165223,43.536251]},"properties":{"objtype":"SOUNDG","valsou":45.4,"chart":"US5PWMBD"}},{"type":"Feature","geometry":{"type":"Point","coordinates":[-70.164573,43.529027]},"properties":{"objtype":"SOUNDG","valsou":7.6,"chart":"US5PWMBD"}},{"type":"Feature","geometry":{"type":"Point","coordinates":[-70.16444,43.531798]},"properties":{"objtype":"SOUNDG","valsou":20.4,"chart":"US5PWMBD"}},{"type":"Feature","geometry":{"type":"Point","coordinates":[-70.163618,43.541151]},"properties":{"objtype":"SOUNDG","valsou":24.9,"chart":"US5PWMBD"}},{"type":"Feature","geometry":{"type":"Point","coordinates":[-70.161974,43.533851]},"properties":{"objtype":"SOUNDG","valsou":18.8,"chart":"US5PWMBD"}},{"type":"Feature","geometry":{"type":"Point","coordinates":[-70.160734,43.543457]},"properties":{"objtype":"SOUNDG","valsou":25.9,"chart":"US5PWMBD"}},{"type":"Feature","geometry":{"type":"Point","coordinates":[-70.159443,43.527405]},"properties":{"objtype":"SOUNDG","valsou":21.6,"chart":"US5PWMBD"}},{"type":"Feature","geometry":{"type":"Point","coordinates":[-70.158783,43.531169]},"properties":{"objtype":"SOUNDG","valsou":18.2,"chart":"US5PWMBD"}},{"type":"Feature","geometry":{"type":"Point","coordinates":[-70.158665,43.537889]},"properties":{"objtype":"SOUNDG","valsou":21.9,"chart":"US5PWMBD"}},{"type":"Feature","geometry":{"type":"Point","coordinates":[-70.156227,43.525266]},"properties":{"objtype":"SOUNDG","valsou":25.2,"chart":"US5PWMBD"}},{"type":"Feature","geometry":{"type":"Point","coordinates":[-70.156013,43.54214]},"properties":{"objtype":"SOUNDG","valsou":39.6,"chart":"US5PWMBD"}},{"type":"Feature","geometry":{"type":"Point","coordinates":[-70.155654,43.530018]},"properties":{"objtype":"SOUNDG","valsou":28.3,"chart":"US5PWMBD"}},{"type":"Feature","geometry":{"type":"Point","coordinates":[-70.155087,43.535229]},"properties":{"objtype":"SOUNDG","valsou":17.9,"chart":"US5PWMBD"}},{"type":"Feature","geometry":{"type":"Point","coordinates":[-70.154921,43.539355]},"properties":{"objtype":"SOUNDG","valsou":22.5,"chart":"US5PWMBD"}},{"type":"Feature","geometry":{"type":"Point","coordinates":[-70.154763,43.532891]},"properties":{"objtype":"SOUNDG","valsou":24.9,"chart":"US5PWMBD"}},{"type":"Feature","geometry":{"type":"Point","coordinates":[-70.151185,43.530873]},"properties":{"objtype":"SOUNDG","valsou":9.7,"chart":"US5PWMBD"}},{"type":"Feature","geometry":{"type":"Point","coordinates":[-70.153323,43.526987]},"properties":{"objtype":"SOUNDG","valsou":20.4,"chart":"US5PWMBD"}},{"type":"Feature","geometry":{"type":"Point","coordinates":[-70.152307,43.541835]},"properties":{"objtype":"SOUNDG","valsou":20.4,"chart":"US5PWMBD"}},{"type":"Feature","geometry":{"type":"Point","coordinates":[-70.15106,43.535092]},"properties":{"objtype":"SOUNDG","valsou":20.7,"chart":"US5PWMBD"}},{"type":"Feature","geometry":{"type":"Point","coordinates":[-70.149627,43.532494]},"properties":{"objtype":"SOUNDG","valsou":6.0,"chart":"US5PWMBD"}},{"type":"Feature","geometry":{"type":"Point","coordinates":[-70.148817,43.524807]},"properties":{"objtype":"SOUNDG","valsou":21.3,"chart":"US5PWMBD"}},{"type":"Feature","geometry":{"type":"Point","coordinates":[-70.148684,43.53957]},"properties":{"objtype":"SOUNDG","valsou":24.9,"chart":"US5PWMBD"}},{"type":"Feature","geometry":{"type":"Point","coordinates":[-70.147482,43.531361]},"properties":{"objtype":"SOUNDG","valsou":6.7,"chart":"US5PWMBD"}},{"type":"Feature","geometry":{"type":"Point","coordinates":[-70.147244,43.52771]},"properties":{"objtype":"SOUNDG","valsou":17.0,"chart":"US5PWMBD"}},{"type":"Feature","geometry":{"type":"Point","coordinates":[-70.146078,43.536653]},"properties":{"objtype":"SOUNDG","valsou":19.8,"chart":"US5PWMBD"}},{"type":"Feature","geometry":{"type":"Point","coordinates":[-70.1457,43.54303]},"properties":{"objtype":"SOUNDG","valsou":37.7,"chart":"US5PWMBD"}},{"type":"Feature","geometry":{"type":"Point","coordinates":[-70.144114,43.535214]},"properties":{"objtype":"SOUNDG","valsou":22.8,"chart":"US5PWMBD"}},{"type":"Feature","geometry":{"type":"Point","coordinates":[-70.144065,43.526312]},"properties":{"objtype":"SOUNDG","valsou":27.7,"chart":"US5PWMBD"}},{"type":"Feature","geometry":{"type":"Point","coordinates":[-70.143863,43.539138]},"properties":{"objtype":"SOUNDG","valsou":30.4,"chart":"US5PWMBD"}},{"type":"Feature","geometry":{"type":"Point","coordinates":[-70.14345,43.529307]},"properties":{"objtype":"SOUNDG","valsou":21.3,"chart":"US5PWMBD"}},{"type":"Feature","geometry":{"type":"Point","coordinates":[-70.14324,43.541541]},"properties":{"objtype":"SOUNDG","valsou":22.8,"chart":"US5PWMBD"}},{"type":"Feature","geometry":{"type":"Point","coordinates":[-70.141431,43.531406]},"properties":{"objtype":"SOUNDG","valsou":29.8,"chart":"US5PWMBD"}},{"type":"Feature","geometry":{"type":"Point","coordinates":[-70.139947,43.540588]},"properties":{"objtype":"SOUNDG","valsou":26.8,"chart":"US5PWMBD"}},{"type":"Feature","geometry":{"type":"Point","coordinates":[-70.139566,43.525163]},"properties":{"objtype":"SOUNDG","valsou":22.2,"chart":"US5PWMBD"}},{"type":"Feature","geometry":{"type":"Point","coordinates":[-70.13865,43.538111]},"properties":{"objtype":"SOUNDG","valsou":33.5,"chart":"US5PWMBD"}},{"type":"Feature","geometry":{"type":"Point","coordinates":[-70.138021,43.530918]},"properties":{"objtype":"SOUNDG","valsou":40.5,"chart":"US5PWMBD"}},{"type":"Feature","geometry":{"type":"Point","coordinates":[-70.13662,43.534309]},"properties":{"objtype":"SOUNDG","valsou":37.7,"chart":"US5PWMBD"}},{"type":"Feature","geometry":{"type":"Point","coordinates":[-70.136452,43.541621]},"properties":{"objtype":"SOUNDG","valsou":35.0,"chart":"US5PWMBD"}},{"type":"Feature","geometry":{"type":"Point","coordinates":[-70.133773,43.5271]},"properties":{"objtype":"SOUNDG","valsou":25.9,"chart":"US5PWMBD"}},{"type":"Feature","geometry":{"type":"Point","coordinates":[-70.133368,43.53041]},"properties":{"objtype":"SOUNDG","valsou":27.1,"chart":"US5PWMBD"}},{"type":"Feature","geometry":{"type":"Point","coordinates":[-70.132236,43.540425]},"properties":{"objtype":"SOUNDG","valsou":46.3,"chart":"US5PWMBD"}},{"type":"Feature","geometry":{"type":"Point","coordinates":[-70.131761,43.536297]},"properties":{"objtype":"SOUNDG","valsou":23.7,"chart":"US5PWMBD"}},{"type":"Feature","geometry":{"type":"Point","coordinates":[-70.130754,43.529083]},"properties":{"objtype":"SOUNDG","valsou":25.2,"chart":"US5PWMBD"}},{"type":"Feature","geometry":{"type":"Point","coordinates":[-70.130615,43.52646]},"properties":{"objtype":"SOUNDG","valsou":21.6,"chart":"US5PWMBD"}},{"type":"Feature","geometry":{"type":"Point","coordinates":[-70.129644,43.534177]},"properties":{"objtype":"SOUNDG","valsou":24.3,"chart":"US5PWMBD"}},{"type":"Feature","geometry":{"type":"Point","coordinates":[-70.129316,43.542164]},"properties":{"objtype":"SOUNDG","valsou":30.4,"chart":"US5PWMBD"}},{"type":"Feature","geometry":{"type":"Point","coordinates":[-70.126814,43.539385]},"properties":{"objtype":"SOUNDG","valsou":33.8,"chart":"US5PWMBD"}},{"type":"Feature","geometry":{"type":"Point","coordinates":[-70.125654,43.529419]},"properties":{"objtype":"SOUNDG","valsou":25.6,"chart":"US5PWMBD"}},{"type":"Feature","geometry":{"type":"Point","coordinates":[-70.160765,43.539458]},"properties":{"objtype":"SOUNDG","valsou":56.3,"chart":"US5PWMBD"}},{"type":"Feature","geometry":{"type":"Point","coordinates":[-70.146456,43.518838]},"properties":{"objtype":"SOUNDG","valsou":18.5,"chart":"US5PWMBD"}},{"type":"Feature","geometry":{"type":"Point","coordinates":[-70.293306,43.647788]},"properties":{"objtype":"SOUNDG","valsou":0.3,"chart":"US5PWMCB"}},{"type":"Feature","geometry":{"type":"Point","coordinates":[-70.286858,43.645745]},"properties":{"objtype":"SOUNDG","valsou":5.1,"chart":"US5PWMCB"}},{"type":"Feature","geometry":{"type":"Point","coordinates":[-70.284032,43.642987]},"properties":{"objtype":"SOUNDG","valsou":0.1,"chart":"US5PWMCB"}},{"type":"Feature","geometry":{"type":"Point","coordinates":[-70.285391,43.641845]},"properties":{"objtype":"SOUNDG","valsou":0.3,"chart":"US5PWMCB"}},{"type":"Feature","geometry":{"type":"Point","coordinates":[-70.279926,43.639041]},"properties":{"objtype":"SOUNDG","valsou":11.2,"chart":"US5PWMCB"}},{"type":"Feature","geometry":{"type":"Point","coordinates":[-70.278379,43.639772]},"properties":{"objtype":"SOUNDG","valsou":11.5,"chart":"US5PWMCB"}},{"type":"Feature","geometry":{"type":"Point","coordinates":[-70.293404,43.649626]},"properties":{"objtype":"SOUNDG","valsou":2.1,"chart":"US5PWMCB"}},{"type":"Feature","geometry":{"type":"Point","coordinates":[-70.289034,43.645829]},"properties":{"objtype":"SOUNDG","valsou":2.4,"chart":"US5PWMCB"}},{"type":"Feature","geometry":{"type":"Point","coordinates":[-70.288138,43.645317]},"properties":{"objtype":"SOUNDG","valsou":0.3,"chart":"US5PWMCB"}},{"type":"Feature","geometry":{"type":"Point","coordinates":[-70.275098,43.636663]},"properties":{"objtype":"SOUNDG","valsou":2.4,"chart":"US5PWMCB"}},{"type":"Feature","geometry":{"type":"Point","coordinates":[-70.278045,43.637704]},"properties":{"objtype":"SOUNDG","valsou":0.3,"chart":"US5PWMCB"}},{"type":"Feature","geometry":{"type":"Point","coordinates":[-70.282472,43.639872]},"properties":{"objtype":"SOUNDG","valsou":10.3,"chart":"US5PWMCB"}},{"type":"Feature","geometry":{"type":"Point","coordinates":[-70.273741,43.642328]},"properties":{"objtype":"SOUNDG","valsou":0.3,"chart":"US5PWMCC"}},{"type":"Feature","geometry":{"type":"Point","coordinates":[-70.225412,43.65119]},"properties":{"objtype":"SOUNDG","valsou":0.3,"chart":"US5PWMDC"}},{"type":"Feature","geometry":{"type":"Point","coordinates":[-70.224752,43.647532]},"properties":{"objtype":"SOUNDG","valsou":4.2,"chart":"US5PWMCC"}},{"type":"Feature","geometry":{"type":"Point","coordinates":[-70.222603,43.640973]},"properties":{"objtype":"SOUNDG","valsou":3.6,"chart":"US5PWMCC"}},{"type":"Feature","geometry":{"type":"Point","coordinates":[-70.222432,43.648696]},"properties":{"objtype":"SOUNDG","valsou":9.4,"chart":"US5PWMCC"}},{"type":"Feature","geometry":{"type":"Point","coordinates":[-70.222274,43.646012]},"properties":{"objtype":"SOUNDG","valsou":7.6,"chart":"US5PWMCC"}},{"type":"Feature","geometry":{"type":"Point","coordinates":[-70.221746,43.639745]},"properties":{"objtype":"SOUNDG","valsou":2.7,"chart":"US5PWMCC"}},{"type":"Feature","geometry":{"type":"Point","coordinates":[-70.221253,43.637648]},"properties":{"objtype":"SOUNDG","valsou":1.2,"chart":"US5PWMCC"}},{"type":"Feature","geometry":{"type":"Point","coordinates":[-70.220611,43.635031]},"properties":{"objtype":"SOUNDG","valsou":1.8,"chart":"US5PWMCC"}},{"type":"Feature","geometry":{"type":"Point","coordinates":[-70.221001,43.644619]},"properties":{"objtype":"SOUNDG","valsou":12.1,"chart":"US5PWMCC"}},{"type":"Feature","geometry":{"type":"Point","coordinates":[-70.220028,43.63327]},"properties":{"objtype":"SOUNDG","valsou":4.8,"chart":"US5PWMCC"}},{"type":"Feature","geometry":{"type":"Point","coordinates":[-70.218374,43.633592]},"properties":{"objtype":"SOUNDG","valsou":7.9,"chart":"US5PWMCC"}},{"type":"Feature","geometry":{"type":"Point","coordinates":[-70.218885,43.639076]},"properties":{"objtype":"SOUNDG","valsou":16.4,"chart":"US5PWMCC"}},{"type":"Feature","geometry":{"type":"Point","coordinates":[-70.218491,43.640887]},"properties":{"objtype":"SOUNDG","valsou":17.0,"chart":"US5PWMCC"}},{"type":"Feature","geometry":{"type":"Point","coordinates":[-70.216515,43.628694]},"properties":{"objtype":"SOUNDG","valsou":2.4,"chart":"US5PWMCC"}},{"type":"Feature","geometry":{"type":"Point","coordinates":[-70.218343,43.631894]},"properties":{"objtype":"SOUNDG","valsou":0.9,"chart":"US5PWMCC"}},{"type":"Feature","geometry":{"type":"Point","coordinates":[-70.214602,43.637006]},"properties":{"objtype":"SOUNDG","valsou":14.9,"chart":"US5PWMCC"}},{"type":"Feature","geometry":{"type":"Point","coordinates":[-70.214034,43.642392]},"properties":{"objtype":"SOUNDG","valsou":13.1,"chart":"US5PWMCC"}},{"type":"Feature","geometry":{"type":"Point","coordinates":[-70.214137,43.647126]},"properties":{"objtype":"SOUNDG","valsou":14.3,"chart":"US5PWMCC"}},{"type":"Feature","geometry":{"type":"Point","coordinates":[-70.216078,43.634436]},"properties":{"objtype":"SOUNDG","valsou":12.1,"chart":"US5PWMCC"}},{"type":"Feature","geometry":{"type":"Point","coordinates":[-70.215737,43.631073]},"properties":{"objtype":"SOUNDG","valsou":10.0,"chart":"US5PWMCC"}},{"type":"Feature","geometry":{"type":"Point","coordinates":[-70.213843,43.648714]},"properties":{"objtype":"SOUNDG","valsou":2.4,"chart":"US5PWMCC"}},{"type":"Feature","geometry":{"type":"Point","coordinates":[-70.215402,43.629203]},"properties":{"objtype":"SOUNDG","valsou":0.6,"chart":"US5PWMCC"}},{"type":"Feature","geometry":{"type":"Point","coordinates":[-70.214314,43.644327]},"properties":{"objtype":"SOUNDG","valsou":12.8,"chart":"US5PWMCC"}},{"type":"Feature","geometry":{"type":"Point","coordinates":[-70.213053,43.62821]},"properties":{"objtype":"SOUNDG","valsou":1.5,"chart":"US5PWMCC"}},{"type":"Feature","geometry":{"type":"Point","coordinates":[-70.210799,43.644361]},"properties":{"objtype":"SOUNDG","valsou":9.1,"chart":"US5PWMCC"}},{"type":"Feature","geometry":{"type":"Point","coordinates":[-70.211783,43.637066]},"properties":{"objtype":"SOUNDG","valsou":10.9,"chart":"US5PWMCC"}},{"type":"Feature","geometry":{"type":"Point","coordinates":[-70.21114,43.641622]},"properties":{"objtype":"SOUNDG","valsou":7.6,"chart":"US5PWMCC"}},{"type":"Feature","geometry":{"type":"Point","coordinates":[-70.212427,43.648272]},"properties":{"objtype":"SOUNDG","valsou":10.3,"chart":"US5PWMCC"}},{"type":"Feature","geometry":{"type":"Point","coordinates":[-70.210986,43.63628]},"properties":{"objtype":"SOUNDG","valsou":10.9,"chart":"US5PWMCC"}},{"type":"Feature","geometry":{"type":"Point","coordinates":[-70.21095,43.633401]},"properties":{"objtype":"SOUNDG","valsou":19.5,"chart":"US5PWMCC"}},{"type":"Feature","geometry":{"type":"Point","coordinates":[-70.212304,43.626052]},"properties":{"objtype":"SOUNDG","valsou":0.9,"chart":"US5PWMCC"}},{"type":"Feature","geometry":{"type":"Point","coordinates":[-70.210521,43.650564]},"properties":{"objtype":"SOUNDG","valsou":2.4,"chart":"US5PWMDC"}},{"type":"Feature","geometry":{"type":"Point","coordinates":[-70.208881,43.641875]},"properties":{"objtype":"SOUNDG","valsou":0.6,"chart":"US5PWMCC"}},{"type":"Feature","geometry":{"type":"Point","coordinates":[-70.207926,43.646941]},"properties":{"objtype":"SOUNDG","valsou":4.5,"chart":"US5PWMCC"}},{"type":"Feature","geometry":{"type":"Point","coordinates":[-70.209146,43.643138]},"properties":{"objtype":"SOUNDG","valsou":0.6,"chart":"US5PWMCC"}},{"type":"Feature","geometry":{"type":"Point","coordinates":[-70.209123,43.651365]},"properties":{"objtype":"SOUNDG","valsou":0.6,"chart":"US5PWMDC"}},{"type":"Feature","geometry":{"type":"Point","coordinates":[-70.209848,43.627803]},"properties":{"objtype":"SOUNDG","valsou":14.0,"chart":"US5PWMCC"}},{"type":"Feature","geometry":{"type":"Point","coordinates":[-70.208485,43.634299]},"properties":{"objtype":"SOUNDG","valsou":2.1,"chart":"US5PWMCC"}},{"type":"Feature","geometry":{"type":"Point","coordinates":[-70.208255,43.625486]},"properties":{"objtype":"SOUNDG","valsou":2.4,"chart":"US5PWMCC"}},{"type":"Feature","geometry":{"type":"Point","coordinates":[-70.20817,43.63212]},"properties":{"objtype":"SOUNDG","valsou":12.1,"chart":"US5PWMCC"}},{"type":"Feature","geometry":{"type":"Point","coordinates":[-70.207631,43.638362]},"properties":{"objtype":"SOUNDG","valsou":4.5,"chart":"US5PWMCC"}},{"type":"Feature","geometry":{"type":"Point","coordinates":[-70.207414,43.633079]},"properties":{"objtype":"SOUNDG","valsou":7.0,"chart":"US5PWMCC"}},{"type":"Feature","geometry":{"type":"Point","coordinates":[-70.207028,43.625134]},"properties":{"objtype":"SOUNDG","valsou":8.5,"chart":"US5PWMCC"}},{"type":"Feature","geometry":{"type":"Point","coordinates":[-70.206166,43.638304]},"properties":{"objtype":"SOUNDG","valsou":1.5,"chart":"US5PWMCC"}},{"type":"Feature","geometry":{"type":"Point","coordinates":[-70.207132,43.627971]},"properties":{"objtype":"SOUNDG","valsou":16.1,"chart":"US5PWMCC"}},{"type":"Feature","geometry":{"type":"Point","coordinates":[-70.205466,43.64661]},"properties":{"objtype":"SOUNDG","valsou":0.9,"chart":"US5PWMCC"}},{"type":"Feature","geometry":{"type":"Point","coordinates":[-70.207262,43.635659]},"properties":{"objtype":"SOUNDG","valsou":0.3,"chart":"US5PWMCC"}},{"type":"Feature","geometry":{"type":"Point","coordinates":[-70.206738,43.651156]},"properties":{"objtype":"SOUNDG","valsou":6.0,"chart":"US5PWMDC"}},{"type":"Feature","geometry":{"type":"Point","coordinates":[-70.204401,43.633472]},"properties":{"objtype":"SOUNDG","valsou":16.4,"chart":"US5PWMCC"}},{"type":"Feature","geometry":{"type":"Point","coordinates":[-70.202766,43.625778]},"properties":{"objtype":"SOUNDG","valsou":14.9,"chart":"US5PWMCC"}},{"type":"Feature","geometry":{"type":"Point","coordinates":[-70.204031,43.63507]},"properties":{"objtype":"SOUNDG","valsou":1.5,"chart":"US5PWMCC"}},{"type":"Feature","geometry":{"type":"Point","coordinates":[-70.201593,43.629969]},"properties":{"objtype":"SOUNDG","valsou":17.9,"chart":"US5PWMCC"}},{"type":"Feature","geometry":{"type":"Point","coordinates":[-70.201569,43.649671]},"properties":{"objtype":"SOUNDG","valsou":7.0,"chart":"US5PWMCC"}},{"type":"Feature","geometry":{"type":"Point","coordinates":[-70.202786,43.64609]},"properties":{"objtype":"SOUNDG","valsou":0.6,"chart":"US5PWMCC"}},{"type":"Feature","geometry":{"type":"Point","coordinates":[-70.200518,43.635991]},"properties":{"objtype":"SOUNDG","valsou":4.8,"chart":"US5PWMCC"}},{"type":"Feature","geometry":{"type":"Point","coordinates":[-70.199314,43.647987]},"properties":{"objtype":"SOUNDG","valsou":2.7,"chart":"US5PWMCD"}},{"type":"Feature","geometry":{"type":"Point","coordinates":[-70.198956,43.629979]},"properties":{"objtype":"SOUNDG","valsou":16.7,"chart":"US5PWMCD"}},{"type":"Feature","geometry":{"type":"Point","coordinates":[-70.200584,43.649358]},"properties":{"objtype":"SOUNDG","valsou":0.3,"chart":"US5PWMCC"}},{"type":"Feature","geometry":{"type":"Point","coordinates":[-70.199528,43.633453]},"properties":{"objtype":"SOUNDG","valsou":15.2,"chart":"US5PWMCD"}},{"type":"Feature","geometry":{"type":"Point","coordinates":[-70.271061,43.640839]},"properties":{"objtype":"SOUNDG","valsou":0.3,"chart":"US5PWMCC"}},{"type":"Feature","geometry":{"type":"Point","coordinates":[-70.269663,43.640826]},"properties":{"objtype":"SOUNDG","valsou":0.3,"chart":"US5PWMCC"}},{"type":"Feature","geometry":{"type":"Point","coordinates":[-70.266378,43.641163]},"properties":{"objtype":"SOUNDG","valsou":2.7,"chart":"US5PWMCC"}},{"type":"Feature","geometry":{"type":"Point","coordinates":[-70.264093,43.641528]},"properties":{"objtype":"SOUNDG","valsou":10.0,"chart":"US5PWMCC"}},{"type":"Feature","geometry":{"type":"Point","coordinates":[-70.259371,43.642696]},"properties":{"objtype":"SOUNDG","valsou":0.3,"chart":"US5PWMCC"}},{"type":"Feature","geometry":{"type":"Point","coordinates":[-70.256684,43.644781]},"properties":{"objtype":"SOUNDG","valsou":0.1,"chart":"US5PWMCC"}},{"type":"Feature","geometry":{"type":"Point","coordinates":[-70.254644,43.645509]},"properties":{"objtype":"SOUNDG","valsou":0.6,"chart":"US5PWMCC"}},{"type":"Feature","geometry":{"type":"Point","coordinates":[-70.25208,43.645571]},"properties":{"objtype":"SOUNDG","valsou":0.1,"chart":"US5PWMCC"}},{"type":"Feature","geometry":{"type":"Point","coordinates":[-70.249662,43.648887]},"properties":{"objtype":"SOUNDG","valsou":1.5,"chart":"US5PWMCC"}},{"type":"Feature","geometry":{"type":"Point","coordinates":[-70.249404,43.64552]},"properties":{"objtype":"SOUNDG","valsou":0.3,"chart":"US5PWMCC"}},{"type":"Feature","geometry":{"type":"Point","coordinates":[-70.246564,43.6487]},"properties":{"objtype":"SOUNDG","valsou":1.2,"chart":"US5PWMCC"}},{"type":"Feature","geometry":{"type":"Point","coordinates":[-70.245575,43.64969]},"properties":{"objtype":"SOUNDG","valsou":1.2,"chart":"US5PWMCC"}},{"type":"Feature","geometry":{"type":"Point","coordinates":[-70.226492,43.644283]},"properties":{"objtype":"SOUNDG","valsou":1.2,"chart":"US5PWMCC"}},{"type":"Feature","geometry":{"type":"Point","coordinates":[-70.225767,43.647453]},"properties":{"objtype":"SOUNDG","valsou":0.9,"chart":"US5PWMCC"}},{"type":"Feature","geometry":{"type":"Point","coordinates":[-70.224784,43.642838]},"properties":{"objtype":"SOUNDG","valsou":0.3,"chart":"US5PWMCC"}},{"type":"Feature","geometry":{"type":"Point","coordinates":[-70.215037,43.5997]},"properties":{"objtype":"SOUNDG","valsou":1.5,"chart":"US5PWMCC"}},{"type":"Feature","geometry":{"type":"Point","coordinates":[-70.214836,43.608544]},"properties":{"objtype":"SOUNDG","valsou":1.2,"chart":"US5PWMCC"}},{"type":"Feature","geometry":{"type":"Point","coordinates":[-70.214589,43.592601]},"properties":{"objtype":"SOUNDG","valsou":1.2,"chart":"US5PWMCC"}},{"type":"Feature","geometry":{"type":"Point","coordinates":[-70.214324,43.60235]},"properties":{"objtype":"SOUNDG","valsou":3.0,"chart":"US5PWMCC"}},{"type":"Feature","geometry":{"type":"Point","coordinates":[-70.21407,43.595015]},"properties":{"objtype":"SOUNDG","valsou":0.9,"chart":"US5PWMCC"}},{"type":"Feature","geometry":{"type":"Point","coordinates":[-70.21404,43.590961]},"properties":{"objtype":"SOUNDG","valsou":1.2,"chart":"US5PWMCC"}},{"type":"Feature","geometry":{"type":"Point","coordinates":[-70.213775,43.606121]},"properties":{"objtype":"SOUNDG","valsou":3.3,"chart":"US5PWMCC"}},{"type":"Feature","geometry":{"type":"Point","coordinates":[-70.210851,43.591544]},"properties":{"objtype":"SOUNDG","valsou":0.6,"chart":"US5PWMCC"}},{"type":"Feature","geometry":{"type":"Point","coordinates":[-70.213415,43.607081]},"properties":{"objtype":"SOUNDG","valsou":1.5,"chart":"US5PWMCC"}},{"type":"Feature","geometry":{"type":"Point","coordinates":[-70.211732,43.598065]},"properties":{"objtype":"SOUNDG","valsou":1.8,"chart":"US5PWMCC"}},{"type":"Feature","geometry":{"type":"Point","coordinates":[-70.213098,43.603044]},"properties":{"objtype":"SOUNDG","valsou":6.0,"chart":"US5PWMCC"}},{"type":"Feature","geometry":{"type":"Point","coordinates":[-70.212329,43.595504]},"properties":{"objtype":"SOUNDG","valsou":0.9,"chart":"US5PWMCC"}},{"type":"Feature","geometry":{"type":"Point","coordinates":[-70.212355,43.605806]},"properties":{"objtype":"SOUNDG","valsou":1.8,"chart":"US5PWMCC"}},{"type":"Feature","geometry":{"type":"Point","coordinates":[-70.210647,43.614275]},"properties":{"objtype":"SOUNDG","valsou":1.2,"chart":"US5PWMCC"}},{"type":"Feature","geometry":{"type":"Point","coordinates":[-70.210629,43.590536]},"properties":{"objtype":"SOUNDG","valsou":2.1,"chart":"US5PWMCC"}},{"type":"Feature","geometry":{"type":"Point","coordinates":[-70.210239,43.615123]},"properties":{"objtype":"SOUNDG","valsou":2.4,"chart":"US5PWMCC"}},{"type":"Feature","geometry":{"type":"Point","coordinates":[-70.208234,43.591764]},"properties":{"objtype":"SOUNDG","valsou":0.6,"chart":"US5PWMCC"}},{"type":"Feature","geometry":{"type":"Point","coordinates":[-70.210048,43.61214]},"properties":{"objtype":"SOUNDG","valsou":2.4,"chart":"US5PWMCC"}},{"type":"Feature","geometry":{"type":"Point","coordinates":[-70.208415,43.598676]},"properties":{"objtype":"SOUNDG","valsou":7.3,"chart":"US5PWMCC"}},{"type":"Feature","geometry":{"type":"Point","coordinates":[-70.209808,43.616307]},"properties":{"objtype":"SOUNDG","valsou":0.3,"chart":"US5PWMCC"}},{"type":"Feature","geometry":{"type":"Point","coordinates":[-70.208808,43.590093]},"properties":{"objtype":"SOUNDG","valsou":0.9,"chart":"US5PWMCC"}},{"type":"Feature","geometry":{"type":"Point","coordinates":[-70.209571,43.608308]},"properties":{"objtype":"SOUNDG","valsou":13.7,"chart":"US5PWMCC"}},{"type":"Feature","geometry":{"type":"Point","coordinates":[-70.209335,43.605427]},"properties":{"objtype":"SOUNDG","valsou":15.5,"chart":"US5PWMCC"}},{"type":"Feature","geometry":{"type":"Point","coordinates":[-70.20805,43.620135]},"properties":{"objtype":"SOUNDG","valsou":0.6,"chart":"US5PWMCC"}},{"type":"Feature","geometry":{"type":"Point","coordinates":[-70.208786,43.595903]},"properties":{"objtype":"SOUNDG","valsou":10.6,"chart":"US5PWMCC"}},{"type":"Feature","geometry":{"type":"Point","coordinates":[-70.208521,43.60058]},"properties":{"objtype":"SOUNDG","valsou":14.9,"chart":"US5PWMCC"}},{"type":"Feature","geometry":{"type":"Point","coordinates":[-70.207476,43.622287]},"properties":{"objtype":"SOUNDG","valsou":1.8,"chart":"US5PWMCC"}},{"type":"Feature","geometry":{"type":"Point","coordinates":[-70.207448,43.645417]},"properties":{"objtype":"SOUNDG","valsou":1.2,"chart":"US5PWMCC"}},{"type":"Feature","geometry":{"type":"Point","coordinates":[-70.207143,43.595012]},"properties":{"objtype":"SOUNDG","valsou":6.7,"chart":"US5PWMCC"}},{"type":"Feature","geometry":{"type":"Point","coordinates":[-70.205398,43.589434]},"properties":{"objtype":"SOUNDG","valsou":0.6,"chart":"US5PWMCC"}},{"type":"Feature","geometry":{"type":"Point","coordinates":[-70.206796,43.617211]},"properties":{"objtype":"SOUNDG","valsou":14.6,"chart":"US5PWMCC"}},{"type":"Feature","geometry":{"type":"Point","coordinates":[-70.206569,43.609545]},"properties":{"objtype":"SOUNDG","valsou":17.9,"chart":"US5PWMCC"}},{"type":"Feature","geometry":{"type":"Point","coordinates":[-70.206499,43.60076]},"properties":{"objtype":"SOUNDG","valsou":10.3,"chart":"US5PWMCC"}},{"type":"Feature","geometry":{"type":"Point","coordinates":[-70.205358,43.591786]},"properties":{"objtype":"SOUNDG","valsou":2.1,"chart":"US5PWMCC"}},{"type":"Feature","geometry":{"type":"Point","coordinates":[-70.206388,43.620777]},"properties":{"objtype":"SOUNDG","valsou":12.8,"chart":"US5PWMCC"}},{"type":"Feature","geometry":{"type":"Point","coordinates":[-70.206116,43.598378]},"properties":{"objtype":"SOUNDG","valsou":14.3,"chart":"US5PWMCC"}},{"type":"Feature","geometry":{"type":"Point","coordinates":[-70.205521,43.576679]},"properties":{"objtype":"SOUNDG","valsou":0.3,"chart":"US5PWMCC"}},{"type":"Feature","geometry":{"type":"Point","coordinates":[-70.2057,43.579766]},"properties":{"objtype":"SOUNDG","valsou":1.8,"chart":"US5PWMCC"}},{"type":"Feature","geometry":{"type":"Point","coordinates":[-70.205511,43.604409]},"properties":{"objtype":"SOUNDG","valsou":18.2,"chart":"US5PWMCC"}},{"type":"Feature","geometry":{"type":"Point","coordinates":[-70.205277,43.61548]},"properties":{"objtype":"SOUNDG","valsou":16.1,"chart":"US5PWMCC"}},{"type":"Feature","geometry":{"type":"Point","coordinates":[-70.204975,43.575489]},"properties":{"objtype":"SOUNDG","valsou":0.9,"chart":"US5PWMCC"}},{"type":"Feature","geometry":{"type":"Point","coordinates":[-70.204597,43.588438]},"properties":{"objtype":"SOUNDG","valsou":0.3,"chart":"US5PWMCC"}},{"type":"Feature","geometry":{"type":"Point","coordinates":[-70.204446,43.579144]},"properties":{"objtype":"SOUNDG","valsou":2.7,"chart":"US5PWMCC"}},{"type":"Feature","geometry":{"type":"Point","coordinates":[-70.204269,43.611089]},"properties":{"objtype":"SOUNDG","valsou":18.5,"chart":"US5PWMCC"}},{"type":"Feature","geometry":{"type":"Point","coordinates":[-70.204234,43.61836]},"properties":{"objtype":"SOUNDG","valsou":15.2,"chart":"US5PWMCC"}},{"type":"Feature","geometry":{"type":"Point","coordinates":[-70.201889,43.591724]},"properties":{"objtype":"SOUNDG","valsou":3.6,"chart":"US5PWMCC"}},{"type":"Feature","geometry":{"type":"Point","coordinates":[-70.204003,43.587533]},"properties":{"objtype":"SOUNDG","valsou":0.3,"chart":"US5PWMCC"}},{"type":"Feature","geometry":{"type":"Point","coordinates":[-70.203962,43.590139]},"properties":{"objtype":"SOUNDG","valsou":0.3,"chart":"US5PWMCC"}},{"type":"Feature","geometry":{"type":"Point","coordinates":[-70.203731,43.581288]},"properties":{"objtype":"SOUNDG","valsou":4.2,"chart":"US5PWMCC"}},{"type":"Feature","geometry":{"type":"Point","coordinates":[-70.203728,43.623875]},"properties":{"objtype":"SOUNDG","valsou":12.8,"chart":"US5PWMCC"}},{"type":"Feature","geometry":{"type":"Point","coordinates":[-70.203642,43.583998]},"properties":{"objtype":"SOUNDG","valsou":0.9,"chart":"US5PWMCC"}},{"type":"Feature","geometry":{"type":"Point","coordinates":[-70.203587,43.597721]},"properties":{"objtype":"SOUNDG","valsou":15.8,"chart":"US5PWMCC"}},{"type":"Feature","geometry":{"type":"Point","coordinates":[-70.203471,43.601574]},"properties":{"objtype":"SOUNDG","valsou":17.3,"chart":"US5PWMCC"}},{"type":"Feature","geometry":{"type":"Point","coordinates":[-70.203106,43.609288]},"properties":{"objtype":"SOUNDG","valsou":19.5,"chart":"US5PWMCC"}},{"type":"Feature","geometry":{"type":"Point","coordinates":[-70.203013,43.620504]},"properties":{"objtype":"SOUNDG","valsou":14.6,"chart":"US5PWMCC"}},{"type":"Feature","geometry":{"type":"Point","coordinates":[-70.20203,43.594849]},"properties":{"objtype":"SOUNDG","valsou":14.3,"chart":"US5PWMCC"}},{"type":"Feature","geometry":{"type":"Point","coordinates":[-70.202433,43.614429]},"properties":{"objtype":"SOUNDG","valsou":17.3,"chart":"US5PWMCC"}},{"type":"Feature","geometry":{"type":"Point","coordinates":[-70.202315,43.605216]},"properties":{"objtype":"SOUNDG","valsou":14.6,"chart":"US5PWMCC"}},{"type":"Feature","geometry":{"type":"Point","coordinates":[-70.199119,43.595142]},"properties":{"objtype":"SOUNDG","valsou":10.6,"chart":"US5PWMCD"}},{"type":"Feature","geometry":{"type":"Point","coordinates":[-70.201363,43.61718]},"properties":{"objtype":"SOUNDG","valsou":16.1,"chart":"US5PWMCC"}},{"type":"Feature","geometry":{"type":"Point","coordinates":[-70.199308,43.607043]},"properties":{"objtype":"SOUNDG","valsou":10.6,"chart":"US5PWMCD"}},{"type":"Feature","geometry":{"type":"Point","coordinates":[-70.198744,43.577243]},"properties":{"objtype":"SOUNDG","valsou":4.5,"chart":"US5PWMCD"}},{"type":"Feature","geometry":{"type":"Point","coordinates":[-70.201115,43.598972]},"properties":{"objtype":"SOUNDG","valsou":15.5,"chart":"US5PWMCC"}},{"type":"Feature","geometry":{"type":"Point","coordinates":[-70.198764,43.620834]},"properties":{"objtype":"SOUNDG","valsou":10.3,"chart":"US5PWMCD"}},{"type":"Feature","geometry":{"type":"Point","coordinates":[-70.198862,43.637417]},"properties":{"objtype":"SOUNDG","valsou":2.1,"chart":"US5PWMCD"}},{"type":"Feature","geometry":{"type":"Point","coordinates":[-70.200892,43.592489]},"properties":{"objtype":"SOUNDG","valsou":6.4,"chart":"US5PWMCC"}},{"type":"Feature","geometry":{"type":"Point","coordinates":[-70.199544,43.580299]},"properties":{"objtype":"SOUNDG","valsou":5.4,"chart":"US5PWMCD"}},{"type":"Feature","geometry":{"type":"Point","coordinates":[-70.200816,43.589011]},"properties":{"objtype":"SOUNDG","valsou":1.8,"chart":"US5PWMCC"}},{"type":"Feature","geometry":{"type":"Point","coordinates":[-70.199237,43.58818]},"properties":{"objtype":"SOUNDG","valsou":0.3,"chart":"US5PWMCD"}},{"type":"Feature","geometry":{"type":"Point","coordinates":[-70.200552,43.612583]},"properties":{"objtype":"SOUNDG","valsou":18.2,"chart":"US5PWMCC"}},{"type":"Feature","geometry":{"type":"Point","coordinates":[-70.200544,43.583952]},"properties":{"objtype":"SOUNDG","valsou":11.5,"chart":"US5PWMCC"}},{"type":"Feature","geometry":{"type":"Point","coordinates":[-70.200212,43.600516]},"properties":{"objtype":"SOUNDG","valsou":11.8,"chart":"US5PWMCC"}},{"type":"Feature","geometry":{"type":"Point","coordinates":[-70.200207,43.610626]},"properties":{"objtype":"SOUNDG","valsou":18.8,"chart":"US5PWMCC"}},{"type":"Feature","geometry":{"type":"Point","coordinates":[-70.261595,43.643299]},"properties":{"objtype":"SOUNDG","valsou":10.9,"chart":"US5PWMCC"}},{"type":"Feature","geometry":{"type":"Point","coordinates":[-70.261316,43.6415]},"properties":{"objtype":"SOUNDG","valsou":9.4,"chart":"US5PWMCC"}},{"type":"Feature","geometry":{"type":"Point","coordinates":[-70.256783,43.646791]},"properties":{"objtype":"SOUNDG","valsou":10.8,"chart":"US5PWMCC"}},{"type":"Feature","geometry":{"type":"Point","coordinates":[-70.253129,43.649344]},"properties":{"objtype":"SOUNDG","valsou":10.6,"chart":"US5PWMCC"}},{"type":"Feature","geometry":{"type":"Point","coordinates":[-70.252029,43.645011]},"properties":{"objtype":"SOUNDG","valsou":0.3,"chart":"US5PWMCC"}},{"type":"Feature","geometry":{"type":"Point","coordinates":[-70.218306,43.644867]},"properties":{"objtype":"SOUNDG","valsou":14.9,"chart":"US5PWMCC"}},{"type":"Feature","geometry":{"type":"Point","coordinates":[-70.267386,43.642566]},"properties":{"objtype":"SOUNDG","valsou":10.2,"chart":"US5PWMCC"}},{"type":"Feature","geometry":{"type":"Point","coordinates":[-70.217697,43.646384]},"properties":{"objtype":"SOUNDG","valsou":14.9,"chart":"US5PWMCC"}},{"type":"Feature","geometry":{"type":"Point","coordinates":[-70.2168,43.649713]},"properties":{"objtype":"SOUNDG","valsou":15.1,"chart":"US5PWMCC"}},{"type":"Feature","geometry":{"type":"Point","coordinates":[-70.19997,43.624133]},"properties":{"objtype":"SOUNDG","valsou":16.1,"chart":"US5PWMCD"}},{"type":"Feature","geometry":{"type":"Point","coordinates":[-70.19934,43.60444]},"properties":{"objtype":"SOUNDG","valsou":13.1,"chart":"US5PWMCD"}},{"type":"Feature","geometry":{"type":"Point","coordinates":[-70.198217,43.588037]},"properties":{"objtype":"SOUNDG","valsou":3.3,"chart":"US5PWMCD"}},{"type":"Feature","geometry":{"type":"Point","coordinates":[-70.19757,43.581133]},"properties":{"objtype":"SOUNDG","valsou":4.8,"chart":"US5PWMCD"}},{"type":"Feature","geometry":{"type":"Point","coordinates":[-70.197995,43.588826]},"properties":{"objtype":"SOUNDG","valsou":0.6,"chart":"US5PWMCD"}},{"type":"Feature","geometry":{"type":"Point","coordinates":[-70.198255,43.609501]},"properties":{"objtype":"SOUNDG","valsou":19.2,"chart":"US5PWMCD"}},{"type":"Feature","geometry":{"type":"Point","coordinates":[-70.198137,43.644843]},"properties":{"objtype":"SOUNDG","valsou":0.9,"chart":"US5PWMCD"}},{"type":"Feature","geometry":{"type":"Point","coordinates":[-70.198058,43.606563]},"properties":{"objtype":"SOUNDG","valsou":13.1,"chart":"US5PWMCD"}},{"type":"Feature","geometry":{"type":"Point","coordinates":[-70.198024,43.617062]},"properties":{"objtype":"SOUNDG","valsou":15.5,"chart":"US5PWMCD"}},{"type":"Feature","geometry":{"type":"Point","coordinates":[-70.196555,43.600174]},"properties":{"objtype":"SOUNDG","valsou":11.2,"chart":"US5PWMCD"}},{"type":"Feature","geometry":{"type":"Point","coordinates":[-70.195517,43.600613]},"properties":{"objtype":"SOUNDG","valsou":11.2,"chart":"US5PWMCD"}},{"type":"Feature","geometry":{"type":"Point","coordinates":[-70.197723,43.625496]},"properties":{"objtype":"SOUNDG","valsou":17.3,"chart":"US5PWMCD"}},{"type":"Feature","geometry":{"type":"Point","coordinates":[-70.196318,43.619738]},"properties":{"objtype":"SOUNDG","valsou":14.3,"chart":"US5PWMCD"}},{"type":"Feature","geometry":{"type":"Point","coordinates":[-70.197562,43.583225]},"properties":{"objtype":"SOUNDG","valsou":13.4,"chart":"US5PWMCD"}},{"type":"Feature","geometry":{"type":"Point","coordinates":[-70.196643,43.577884]},"properties":{"objtype":"SOUNDG","valsou":5.1,"chart":"US5PWMCD"}},{"type":"Feature","geometry":{"type":"Point","coordinates":[-70.1969,43.614995]},"properties":{"objtype":"SOUNDG","valsou":17.0,"chart":"US5PWMCD"}},{"type":"Feature","geometry":{"type":"Point","coordinates":[-70.195661,43.597373]},"properties":{"objtype":"SOUNDG","valsou":7.6,"chart":"US5PWMCD"}},{"type":"Feature","geometry":{"type":"Point","coordinates":[-70.197069,43.622415]},"properties":{"objtype":"SOUNDG","valsou":15.8,"chart":"US5PWMCD"}},{"type":"Feature","geometry":{"type":"Point","coordinates":[-70.196779,43.592334]},"properties":{"objtype":"SOUNDG","valsou":5.4,"chart":"US5PWMCD"}},{"type":"Feature","geometry":{"type":"Point","coordinates":[-70.196081,43.605105]},"properties":{"objtype":"SOUNDG","valsou":11.5,"chart":"US5PWMCD"}},{"type":"Feature","geometry":{"type":"Point","coordinates":[-70.195467,43.58428]},"properties":{"objtype":"SOUNDG","valsou":11.8,"chart":"US5PWMCD"}},{"type":"Feature","geometry":{"type":"Point","coordinates":[-70.195457,43.610667]},"properties":{"objtype":"SOUNDG","valsou":19.2,"chart":"US5PWMCD"}},{"type":"Feature","geometry":{"type":"Point","coordinates":[-70.193908,43.622806]},"properties":{"objtype":"SOUNDG","valsou":15.2,"chart":"US5PWMCD"}},{"type":"Feature","geometry":{"type":"Point","coordinates":[-70.195225,43.626255]},"properties":{"objtype":"SOUNDG","valsou":16.1,"chart":"US5PWMCD"}},{"type":"Feature","geometry":{"type":"Point","coordinates":[-70.195189,43.628619]},"properties":{"objtype":"SOUNDG","valsou":15.8,"chart":"US5PWMCD"}},{"type":"Feature","geometry":{"type":"Point","coordinates":[-70.195187,43.586102]},"properties":{"objtype":"SOUNDG","valsou":14.3,"chart":"US5PWMCD"}},{"type":"Feature","geometry":{"type":"Point","coordinates":[-70.19385,43.59135]},"properties":{"objtype":"SOUNDG","valsou":10.9,"chart":"US5PWMCD"}},{"type":"Feature","geometry":{"type":"Point","coordinates":[-70.193036,43.606992]},"properties":{"objtype":"SOUNDG","valsou":10.9,"chart":"US5PWMCD"}},{"type":"Feature","geometry":{"type":"Point","coordinates":[-70.192837,43.593038]},"properties":{"objtype":"SOUNDG","valsou":5.1,"chart":"US5PWMCD"}},{"type":"Feature","geometry":{"type":"Point","coordinates":[-70.194643,43.578968]},"properties":{"objtype":"SOUNDG","valsou":7.9,"chart":"US5PWMCD"}},{"type":"Feature","geometry":{"type":"Point","coordinates":[-70.192867,43.581585]},"properties":{"objtype":"SOUNDG","valsou":2.1,"chart":"US5PWMCD"}},{"type":"Feature","geometry":{"type":"Point","coordinates":[-70.194311,43.605483]},"properties":{"objtype":"SOUNDG","valsou":11.8,"chart":"US5PWMCD"}},{"type":"Feature","geometry":{"type":"Point","coordinates":[-70.194633,43.5987]},"properties":{"objtype":"SOUNDG","valsou":7.0,"chart":"US5PWMCD"}},{"type":"Feature","geometry":{"type":"Point","coordinates":[-70.194545,43.618418]},"properties":{"objtype":"SOUNDG","valsou":15.2,"chart":"US5PWMCD"}},{"type":"Feature","geometry":{"type":"Point","coordinates":[-70.193661,43.612729]},"properties":{"objtype":"SOUNDG","valsou":15.8,"chart":"US5PWMCD"}},{"type":"Feature","geometry":{"type":"Point","coordinates":[-70.192582,43.650578]},"properties":{"objtype":"SOUNDG","valsou":0.3,"chart":"US5PWMDD"}},{"type":"Feature","geometry":{"type":"Point","coordinates":[-70.193986,43.620795]},"properties":{"objtype":"SOUNDG","valsou":15.2,"chart":"US5PWMCD"}},{"type":"Feature","geometry":{"type":"Point","coordinates":[-70.193978,43.602169]},"properties":{"objtype":"SOUNDG","valsou":13.1,"chart":"US5PWMCD"}},{"type":"Feature","geometry":{"type":"Point","coordinates":[-70.193779,43.594891]},"properties":{"objtype":"SOUNDG","valsou":7.0,"chart":"US5PWMCD"}},{"type":"Feature","geometry":{"type":"Point","coordinates":[-70.192439,43.593992]},"properties":{"objtype":"SOUNDG","valsou":4.2,"chart":"US5PWMCD"}},{"type":"Feature","geometry":{"type":"Point","coordinates":[-70.192399,43.582074]},"properties":{"objtype":"SOUNDG","valsou":1.2,"chart":"US5PWMCD"}},{"type":"Feature","geometry":{"type":"Point","coordinates":[-70.189754,43.596258]},"properties":{"objtype":"SOUNDG","valsou":4.8,"chart":"US5PWMCD"}},{"type":"Feature","geometry":{"type":"Point","coordinates":[-70.192343,43.619851]},"properties":{"objtype":"SOUNDG","valsou":16.4,"chart":"US5PWMCD"}},{"type":"Feature","geometry":{"type":"Point","coordinates":[-70.191354,43.602037]},"properties":{"objtype":"SOUNDG","valsou":10.3,"chart":"US5PWMCD"}},{"type":"Feature","geometry":{"type":"Point","coordinates":[-70.191761,43.629493]},"properties":{"objtype":"SOUNDG","valsou":16.7,"chart":"US5PWMCD"}},{"type":"Feature","geometry":{"type":"Point","coordinates":[-70.192003,43.625933]},"properties":{"objtype":"SOUNDG","valsou":17.3,"chart":"US5PWMCD"}},{"type":"Feature","geometry":{"type":"Point","coordinates":[-70.190502,43.598173]},"properties":{"objtype":"SOUNDG","valsou":8.5,"chart":"US5PWMCD"}},{"type":"Feature","geometry":{"type":"Point","coordinates":[-70.191777,43.623981]},"properties":{"objtype":"SOUNDG","valsou":15.5,"chart":"US5PWMCD"}},{"type":"Feature","geometry":{"type":"Point","coordinates":[-70.191767,43.604074]},"properties":{"objtype":"SOUNDG","valsou":17.3,"chart":"US5PWMCD"}},{"type":"Feature","geometry":{"type":"Point","coordinates":[-70.189999,43.618082]},"properties":{"objtype":"SOUNDG","valsou":16.1,"chart":"US5PWMCD"}},{"type":"Feature","geometry":{"type":"Point","coordinates":[-70.190505,43.577503]},"properties":{"objtype":"SOUNDG","valsou":5.4,"chart":"US5PWMCD"}},{"type":"Feature","geometry":{"type":"Point","coordinates":[-70.191469,43.607951]},"properties":{"objtype":"SOUNDG","valsou":10.3,"chart":"US5PWMCD"}},{"type":"Feature","geometry":{"type":"Point","coordinates":[-70.189795,43.585708]},"properties":{"objtype":"SOUNDG","valsou":13.4,"chart":"US5PWMCD"}},{"type":"Feature","geometry":{"type":"Point","coordinates":[-70.191316,43.583238]},"properties":{"objtype":"SOUNDG","valsou":4.2,"chart":"US5PWMCD"}},{"type":"Feature","geometry":{"type":"Point","coordinates":[-70.19118,43.614294]},"properties":{"objtype":"SOUNDG","valsou":14.3,"chart":"US5PWMCD"}},{"type":"Feature","geometry":{"type":"Point","coordinates":[-70.190701,43.611146]},"properties":{"objtype":"SOUNDG","valsou":19.8,"chart":"US5PWMCD"}},{"type":"Feature","geometry":{"type":"Point","coordinates":[-70.190049,43.589249]},"properties":{"objtype":"SOUNDG","valsou":18.2,"chart":"US5PWMCD"}},{"type":"Feature","geometry":{"type":"Point","coordinates":[-70.189349,43.594327]},"properties":{"objtype":"SOUNDG","valsou":12.1,"chart":"US5PWMCD"}},{"type":"Feature","geometry":{"type":"Point","coordinates":[-70.189303,43.609519]},"properties":{"objtype":"SOUNDG","valsou":13.1,"chart":"US5PWMCD"}},{"type":"Feature","geometry":{"type":"Point","coordinates":[-70.188261,43.61954]},"properties":{"objtype":"SOUNDG","valsou":12.1,"chart":"US5PWMCD"}},{"type":"Feature","geometry":{"type":"Point","coordinates":[-70.187883,43.624735]},"properties":{"objtype":"SOUNDG","valsou":18.5,"chart":"US5PWMCD"}},{"type":"Feature","geometry":{"type":"Point","coordinates":[-70.188225,43.580241]},"properties":{"objtype":"SOUNDG","valsou":9.1,"chart":"US5PWMCD"}},{"type":"Feature","geometry":{"type":"Point","coordinates":[-70.187052,43.585756]},"properties":{"objtype":"SOUNDG","valsou":11.8,"chart":"US5PWMCD"}},{"type":"Feature","geometry":{"type":"Point","coordinates":[-70.187621,43.630017]},"properties":{"objtype":"SOUNDG","valsou":5.7,"chart":"US5PWMCD"}},{"type":"Feature","geometry":{"type":"Point","coordinates":[-70.188072,43.582876]},"properties":{"objtype":"SOUNDG","valsou":7.0,"chart":"US5PWMCD"}},{"type":"Feature","geometry":{"type":"Point","coordinates":[-70.187261,43.576569]},"properties":{"objtype":"SOUNDG","valsou":8.8,"chart":"US5PWMCD"}},{"type":"Feature","geometry":{"type":"Point","coordinates":[-70.188684,43.60118]},"properties":{"objtype":"SOUNDG","valsou":9.1,"chart":"US5PWMCD"}},{"type":"Feature","geometry":{"type":"Point","coordinates":[-70.188467,43.632203]},"properties":{"objtype":"SOUNDG","valsou":3.6,"chart":"US5PWMCD"}},{"type":"Feature","geometry":{"type":"Point","coordinates":[-70.188641,43.623099]},"properties":{"objtype":"SOUNDG","valsou":18.8,"chart":"US5PWMCD"}},{"type":"Feature","geometry":{"type":"Point","coordinates":[-70.18855,43.596888]},"properties":{"objtype":"SOUNDG","valsou":7.0,"chart":"US5PWMCD"}},{"type":"Feature","geometry":{"type":"Point","coordinates":[-70.188505,43.59806]},"properties":{"objtype":"SOUNDG","valsou":8.2,"chart":"US5PWMCD"}},{"type":"Feature","geometry":{"type":"Point","coordinates":[-70.188271,43.60716]},"properties":{"objtype":"SOUNDG","valsou":16.1,"chart":"US5PWMCD"}},{"type":"Feature","geometry":{"type":"Point","coordinates":[-70.188079,43.614162]},"properties":{"objtype":"SOUNDG","valsou":19.2,"chart":"US5PWMCD"}},{"type":"Feature","geometry":{"type":"Point","coordinates":[-70.188029,43.63417]},"properties":{"objtype":"SOUNDG","valsou":0.3,"chart":"US5PWMCD"}},{"type":"Feature","geometry":{"type":"Point","coordinates":[-70.187994,43.590873]},"properties":{"objtype":"SOUNDG","valsou":15.2,"chart":"US5PWMCD"}},{"type":"Feature","geometry":{"type":"Point","coordinates":[-70.187709,43.605873]},"properties":{"objtype":"SOUNDG","valsou":20.7,"chart":"US5PWMCD"}},{"type":"Feature","geometry":{"type":"Point","coordinates":[-70.187135,43.616592]},"properties":{"objtype":"SOUNDG","valsou":6.4,"chart":"US5PWMCD"}},{"type":"Feature","geometry":{"type":"Point","coordinates":[-70.186492,43.582498]},"properties":{"objtype":"SOUNDG","valsou":9.7,"chart":"US5PWMCD"}},{"type":"Feature","geometry":{"type":"Point","coordinates":[-70.183679,43.608776]},"properties":{"objtype":"SOUNDG","valsou":14.0,"chart":"US5PWMCD"}},{"type":"Feature","geometry":{"type":"Point","coordinates":[-70.186372,43.631253]},"properties":{"objtype":"SOUNDG","valsou":3.0,"chart":"US5PWMCD"}},{"type":"Feature","geometry":{"type":"Point","coordinates":[-70.186218,43.602116]},"properties":{"objtype":"SOUNDG","valsou":13.4,"chart":"US5PWMCD"}},{"type":"Feature","geometry":{"type":"Point","coordinates":[-70.1862,43.585104]},"properties":{"objtype":"SOUNDG","valsou":7.6,"chart":"US5PWMCD"}},{"type":"Feature","geometry":{"type":"Point","coordinates":[-70.186046,43.57723]},"properties":{"objtype":"SOUNDG","valsou":9.4,"chart":"US5PWMCD"}},{"type":"Feature","geometry":{"type":"Point","coordinates":[-70.185979,43.628844]},"properties":{"objtype":"SOUNDG","valsou":11.2,"chart":"US5PWMCD"}},{"type":"Feature","geometry":{"type":"Point","coordinates":[-70.183747,43.588764]},"properties":{"objtype":"SOUNDG","valsou":14.3,"chart":"US5PWMCD"}},{"type":"Feature","geometry":{"type":"Point","coordinates":[-70.185885,43.600355]},"properties":{"objtype":"SOUNDG","valsou":11.5,"chart":"US5PWMCD"}},{"type":"Feature","geometry":{"type":"Point","coordinates":[-70.185785,43.592203]},"properties":{"objtype":"SOUNDG","valsou":21.3,"chart":"US5PWMCD"}},{"type":"Feature","geometry":{"type":"Point","coordinates":[-70.185694,43.604592]},"properties":{"objtype":"SOUNDG","valsou":11.5,"chart":"US5PWMCD"}},{"type":"Feature","geometry":{"type":"Point","coordinates":[-70.185606,43.594889]},"properties":{"objtype":"SOUNDG","valsou":17.9,"chart":"US5PWMCD"}},{"type":"Feature","geometry":{"type":"Point","coordinates":[-70.185558,43.620683]},"properties":{"objtype":"SOUNDG","valsou":12.8,"chart":"US5PWMCD"}},{"type":"Feature","geometry":{"type":"Point","coordinates":[-70.185485,43.634517]},"properties":{"objtype":"SOUNDG","valsou":0.3,"chart":"US5PWMCD"}},{"type":"Feature","geometry":{"type":"Point","coordinates":[-70.184702,43.613282]},"properties":{"objtype":"SOUNDG","valsou":20.4,"chart":"US5PWMCD"}},{"type":"Feature","geometry":{"type":"Point","coordinates":[-70.184665,43.586964]},"properties":{"objtype":"SOUNDG","valsou":7.9,"chart":"US5PWMCD"}},{"type":"Feature","geometry":{"type":"Point","coordinates":[-70.185349,43.625331]},"properties":{"objtype":"SOUNDG","valsou":19.5,"chart":"US5PWMCD"}},{"type":"Feature","geometry":{"type":"Point","coordinates":[-70.184284,43.622104]},"properties":{"objtype":"SOUNDG","valsou":17.0,"chart":"US5PWMCD"}},{"type":"Feature","geometry":{"type":"Point","coordinates":[-70.184908,43.618221]},"properties":{"objtype":"SOUNDG","valsou":17.6,"chart":"US5PWMCD"}},{"type":"Feature","geometry":{"type":"Point","coordinates":[-70.184863,43.610914]},"properties":{"objtype":"SOUNDG","valsou":22.5,"chart":"US5PWMCD"}},{"type":"Feature","geometry":{"type":"Point","coordinates":[-70.184455,43.636559]},"properties":{"objtype":"SOUNDG","valsou":0.3,"chart":"US5PWMCD"}},{"type":"Feature","geometry":{"type":"Point","coordinates":[-70.185706,43.639746]},"properties":{"objtype":"SOUNDG","valsou":1.2,"chart":"US5PWMCD"}},{"type":"Feature","geometry":{"type":"Point","coordinates":[-70.1835,43.640706]},"properties":{"objtype":"SOUNDG","valsou":2.4,"chart":"US5PWMCD"}},{"type":"Feature","geometry":{"type":"Point","coordinates":[-70.181808,43.617601]},"properties":{"objtype":"SOUNDG","valsou":14.3,"chart":"US5PWMCD"}},{"type":"Feature","geometry":{"type":"Point","coordinates":[-70.183306,43.626892]},"properties":{"objtype":"SOUNDG","valsou":10.0,"chart":"US5PWMCD"}},{"type":"Feature","geometry":{"type":"Point","coordinates":[-70.183282,43.580133]},"properties":{"objtype":"SOUNDG","valsou":9.4,"chart":"US5PWMCD"}},{"type":"Feature","geometry":{"type":"Point","coordinates":[-70.182959,43.588099]},"properties":{"objtype":"SOUNDG","valsou":11.8,"chart":"US5PWMCD"}},{"type":"Feature","geometry":{"type":"Point","coordinates":[-70.183125,43.629307]},"properties":{"objtype":"SOUNDG","valsou":16.4,"chart":"US5PWMCD"}},{"type":"Feature","geometry":{"type":"Point","coordinates":[-70.180934,43.605895]},"properties":{"objtype":"SOUNDG","valsou":11.5,"chart":"US5PWMCD"}},{"type":"Feature","geometry":{"type":"Point","coordinates":[-70.182304,43.601246]},"properties":{"objtype":"SOUNDG","valsou":14.3,"chart":"US5PWMCD"}},{"type":"Feature","geometry":{"type":"Point","coordinates":[-70.183027,43.591911]},"properties":{"objtype":"SOUNDG","valsou":22.8,"chart":"US5PWMCD"}},{"type":"Feature","geometry":{"type":"Point","coordinates":[-70.182213,43.636145]},"properties":{"objtype":"SOUNDG","valsou":2.0,"chart":"US5PWMCD"}},{"type":"Feature","geometry":{"type":"Point","coordinates":[-70.180629,43.577859]},"properties":{"objtype":"SOUNDG","valsou":8.5,"chart":"US5PWMCD"}},{"type":"Feature","geometry":{"type":"Point","coordinates":[-70.182944,43.599304]},"properties":{"objtype":"SOUNDG","valsou":14.3,"chart":"US5PWMCD"}},{"type":"Feature","geometry":{"type":"Point","coordinates":[-70.18215,43.6388]},"properties":{"objtype":"SOUNDG","valsou":0.9,"chart":"US5PWMCD"}},{"type":"Feature","geometry":{"type":"Point","coordinates":[-70.180569,43.615249]},"properties":{"objtype":"SOUNDG","valsou":14.6,"chart":"US5PWMCD"}},{"type":"Feature","geometry":{"type":"Point","coordinates":[-70.182218,43.621063]},"properties":{"objtype":"SOUNDG","valsou":21.0,"chart":"US5PWMCD"}},{"type":"Feature","geometry":{"type":"Point","coordinates":[-70.182332,43.607445]},"properties":{"objtype":"SOUNDG","valsou":12.1,"chart":"US5PWMCD"}},{"type":"Feature","geometry":{"type":"Point","coordinates":[-70.182231,43.623632]},"properties":{"objtype":"SOUNDG","valsou":19.5,"chart":"US5PWMCD"}},{"type":"Feature","geometry":{"type":"Point","coordinates":[-70.182216,43.632404]},"properties":{"objtype":"SOUNDG","valsou":9.7,"chart":"US5PWMCD"}},{"type":"Feature","geometry":{"type":"Point","coordinates":[-70.180637,43.611796]},"properties":{"objtype":"SOUNDG","valsou":8.8,"chart":"US5PWMCD"}},{"type":"Feature","geometry":{"type":"Point","coordinates":[-70.181949,43.589194]},"properties":{"objtype":"SOUNDG","valsou":10.3,"chart":"US5PWMCD"}},{"type":"Feature","geometry":{"type":"Point","coordinates":[-70.181845,43.595447]},"properties":{"objtype":"SOUNDG","valsou":19.5,"chart":"US5PWMCD"}},{"type":"Feature","geometry":{"type":"Point","coordinates":[-70.181546,43.584159]},"properties":{"objtype":"SOUNDG","valsou":12.1,"chart":"US5PWMCD"}},{"type":"Feature","geometry":{"type":"Point","coordinates":[-70.180488,43.640331]},"properties":{"objtype":"SOUNDG","valsou":7.0,"chart":"US5PWMCD"}},{"type":"Feature","geometry":{"type":"Point","coordinates":[-70.180274,43.585675]},"properties":{"objtype":"SOUNDG","valsou":12.8,"chart":"US5PWMCD"}},{"type":"Feature","geometry":{"type":"Point","coordinates":[-70.177853,43.629554]},"properties":{"objtype":"SOUNDG","valsou":11.5,"chart":"US5PWMCD"}},{"type":"Feature","geometry":{"type":"Point","coordinates":[-70.180349,43.591598]},"properties":{"objtype":"SOUNDG","valsou":19.2,"chart":"US5PWMCD"}},{"type":"Feature","geometry":{"type":"Point","coordinates":[-70.179002,43.605903]},"properties":{"objtype":"SOUNDG","valsou":11.5,"chart":"US5PWMCD"}},{"type":"Feature","geometry":{"type":"Point","coordinates":[-70.180374,43.602429]},"properties":{"objtype":"SOUNDG","valsou":17.0,"chart":"US5PWMCD"}},{"type":"Feature","geometry":{"type":"Point","coordinates":[-70.180362,43.613461]},"properties":{"objtype":"SOUNDG","valsou":14.3,"chart":"US5PWMCD"}},{"type":"Feature","geometry":{"type":"Point","coordinates":[-70.180208,43.596408]},"properties":{"objtype":"SOUNDG","valsou":15.8,"chart":"US5PWMCD"}},{"type":"Feature","geometry":{"type":"Point","coordinates":[-70.180201,43.582817]},"properties":{"objtype":"SOUNDG","valsou":11.8,"chart":"US5PWMCD"}},{"type":"Feature","geometry":{"type":"Point","coordinates":[-70.180173,43.579583]},"properties":{"objtype":"SOUNDG","valsou":9.1,"chart":"US5PWMCD"}},{"type":"Feature","geometry":{"type":"Point","coordinates":[-70.179692,43.611982]},"properties":{"objtype":"SOUNDG","valsou":7.0,"chart":"US5PWMCD"}},{"type":"Feature","geometry":{"type":"Point","coordinates":[-70.180113,43.618638]},"properties":{"objtype":"SOUNDG","valsou":16.4,"chart":"US5PWMCD"}},{"type":"Feature","geometry":{"type":"Point","coordinates":[-70.180007,43.637064]},"properties":{"objtype":"SOUNDG","valsou":11.8,"chart":"US5PWMCD"}},{"type":"Feature","geometry":{"type":"Point","coordinates":[-70.177994,43.644373]},"properties":{"objtype":"SOUNDG","valsou":17.3,"chart":"US5PWMCD"}},{"type":"Feature","geometry":{"type":"Point","coordinates":[-70.179236,43.599075]},"properties":{"objtype":"SOUNDG","valsou":13.1,"chart":"US5PWMCD"}},{"type":"Feature","geometry":{"type":"Point","coordinates":[-70.177783,43.625734]},"properties":{"objtype":"SOUNDG","valsou":15.5,"chart":"US5PWMCD"}},{"type":"Feature","geometry":{"type":"Point","coordinates":[-70.17976,43.632776]},"properties":{"objtype":"SOUNDG","valsou":18.2,"chart":"US5PWMCD"}},{"type":"Feature","geometry":{"type":"Point","coordinates":[-70.179433,43.591001]},"properties":{"objtype":"SOUNDG","valsou":10.0,"chart":"US5PWMCD"}},{"type":"Feature","geometry":{"type":"Point","coordinates":[-70.179012,43.607067]},"properties":{"objtype":"SOUNDG","valsou":11.2,"chart":"US5PWMCD"}},{"type":"Feature","geometry":{"type":"Point","coordinates":[-70.178906,43.617846]},"properties":{"objtype":"SOUNDG","valsou":21.3,"chart":"US5PWMCD"}},{"type":"Feature","geometry":{"type":"Point","coordinates":[-70.178274,43.650815]},"properties":{"objtype":"SOUNDG","valsou":17.6,"chart":"US5PWMDD"}},{"type":"Feature","geometry":{"type":"Point","coordinates":[-70.17846,43.579067]},"properties":{"objtype":"SOUNDG","valsou":10.9,"chart":"US5PWMCD"}},{"type":"Feature","geometry":{"type":"Point","coordinates":[-70.178445,43.63503]},"properties":{"objtype":"SOUNDG","valsou":18.5,"chart":"US5PWMCD"}},{"type":"Feature","geometry":{"type":"Point","coordinates":[-70.177914,43.62444]},"properties":{"objtype":"SOUNDG","valsou":15.2,"chart":"US5PWMCD"}},{"type":"Feature","geometry":{"type":"Point","coordinates":[-70.177498,43.592703]},"properties":{"objtype":"SOUNDG","valsou":10.6,"chart":"US5PWMCD"}},{"type":"Feature","geometry":{"type":"Point","coordinates":[-70.175408,43.607189]},"properties":{"objtype":"SOUNDG","valsou":11.8,"chart":"US5PWMCD"}},{"type":"Feature","geometry":{"type":"Point","coordinates":[-70.175458,43.620433]},"properties":{"objtype":"SOUNDG","valsou":21.9,"chart":"US5PWMCD"}},{"type":"Feature","geometry":{"type":"Point","coordinates":[-70.175471,43.582993]},"properties":{"objtype":"SOUNDG","valsou":15.2,"chart":"US5PWMCD"}},{"type":"Feature","geometry":{"type":"Point","coordinates":[-70.177211,43.613071]},"properties":{"objtype":"SOUNDG","valsou":13.4,"chart":"US5PWMCD"}},{"type":"Feature","geometry":{"type":"Point","coordinates":[-70.177118,43.57782]},"properties":{"objtype":"SOUNDG","valsou":12.1,"chart":"US5PWMCD"}},{"type":"Feature","geometry":{"type":"Point","coordinates":[-70.177103,43.579873]},"properties":{"objtype":"SOUNDG","valsou":11.8,"chart":"US5PWMCD"}},{"type":"Feature","geometry":{"type":"Point","coordinates":[-70.176967,43.587217]},"properties":{"objtype":"SOUNDG","valsou":11.5,"chart":"US5PWMCD"}},{"type":"Feature","geometry":{"type":"Point","coordinates":[-70.176954,43.611086]},"properties":{"objtype":"SOUNDG","valsou":11.8,"chart":"US5PWMCD"}},{"type":"Feature","geometry":{"type":"Point","coordinates":[-70.176176,43.615818]},"properties":{"objtype":"SOUNDG","valsou":16.4,"chart":"US5PWMCD"}},{"type":"Feature","geometry":{"type":"Point","coordinates":[-70.176783,43.637439]},"properties":{"objtype":"SOUNDG","valsou":22.5,"chart":"US5PWMCD"}},{"type":"Feature","geometry":{"type":"Point","coordinates":[-70.176717,43.629058]},"properties":{"objtype":"SOUNDG","valsou":12.8,"chart":"US5PWMCD"}},{"type":"Feature","geometry":{"type":"Point","coordinates":[-70.174984,43.603298]},"properties":{"objtype":"SOUNDG","valsou":14.9,"chart":"US5PWMCD"}},{"type":"Feature","geometry":{"type":"Point","coordinates":[-70.175317,43.59574]},"properties":{"objtype":"SOUNDG","valsou":12.8,"chart":"US5PWMCD"}},{"type":"Feature","geometry":{"type":"Point","coordinates":[-70.176604,43.622601]},"properties":{"objtype":"SOUNDG","valsou":14.3,"chart":"US5PWMCD"}},{"type":"Feature","geometry":{"type":"Point","coordinates":[-70.174866,43.642319]},"properties":{"objtype":"SOUNDG","valsou":10.3,"chart":"US5PWMCD"}},{"type":"Feature","geometry":{"type":"Point","coordinates":[-70.176493,43.635028]},"properties":{"objtype":"SOUNDG","valsou":16.7,"chart":"US5PWMCD"}},{"type":"Feature","geometry":{"type":"Point","coordinates":[-70.175367,43.645258]},"properties":{"objtype":"SOUNDG","valsou":14.6,"chart":"US5PWMCD"}},{"type":"Feature","geometry":{"type":"Point","coordinates":[-70.176158,43.606095]},"properties":{"objtype":"SOUNDG","valsou":14.6,"chart":"US5PWMCD"}},{"type":"Feature","geometry":{"type":"Point","coordinates":[-70.17606,43.591325]},"properties":{"objtype":"SOUNDG","valsou":14.3,"chart":"US5PWMCD"}},{"type":"Feature","geometry":{"type":"Point","coordinates":[-70.17578,43.630809]},"properties":{"objtype":"SOUNDG","valsou":15.8,"chart":"US5PWMCD"}},{"type":"Feature","geometry":{"type":"Point","coordinates":[-70.17571,43.599526]},"properties":{"objtype":"SOUNDG","valsou":22.2,"chart":"US5PWMCD"}},{"type":"Feature","geometry":{"type":"Point","coordinates":[-70.175554,43.646599]},"properties":{"objtype":"SOUNDG","valsou":13.7,"chart":"US5PWMCD"}},{"type":"Feature","geometry":{"type":"Point","coordinates":[-70.175521,43.64922]},"properties":{"objtype":"SOUNDG","valsou":20.7,"chart":"US5PWMCD"}},{"type":"Feature","geometry":{"type":"Point","coordinates":[-70.174501,43.624599]},"properties":{"objtype":"SOUNDG","valsou":10.0,"chart":"US5PWMCD"}},{"type":"Feature","geometry":{"type":"Point","coordinates":[-70.174458,43.587649]},"properties":{"objtype":"SOUNDG","valsou":15.2,"chart":"US5PWMCD"}},{"type":"Feature","geometry":{"type":"Point","coordinates":[-70.174398,43.632924]},"properties":{"objtype":"SOUNDG","valsou":16.4,"chart":"US5PWMCD"}},{"type":"Feature","geometry":{"type":"Point","coordinates":[-70.174385,43.597812]},"properties":{"objtype":"SOUNDG","valsou":16.4,"chart":"US5PWMCD"}},{"type":"Feature","geometry":{"type":"Point","coordinates":[-70.172073,43.634898]},"properties":{"objtype":"SOUNDG","valsou":20.7,"chart":"US5PWMCD"}},{"type":"Feature","geometry":{"type":"Point","coordinates":[-70.174287,43.585076]},"properties":{"objtype":"SOUNDG","valsou":14.6,"chart":"US5PWMCD"}},{"type":"Feature","geometry":{"type":"Point","coordinates":[-70.174282,43.62309]},"properties":{"objtype":"SOUNDG","valsou":13.1,"chart":"US5PWMCD"}},{"type":"Feature","geometry":{"type":"Point","coordinates":[-70.174199,43.57951]},"properties":{"objtype":"SOUNDG","valsou":14.0,"chart":"US5PWMCD"}},{"type":"Feature","geometry":{"type":"Point","coordinates":[-70.174158,43.605518]},"properties":{"objtype":"SOUNDG","valsou":14.3,"chart":"US5PWMCD"}},{"type":"Feature","geometry":{"type":"Point","coordinates":[-70.174138,43.638582]},"properties":{"objtype":"SOUNDG","valsou":20.7,"chart":"US5PWMCD"}},{"type":"Feature","geometry":{"type":"Point","coordinates":[-70.174131,43.577205]},"properties":{"objtype":"SOUNDG","valsou":15.8,"chart":"US5PWMCD"}},{"type":"Feature","geometry":{"type":"Point","coordinates":[-70.173791,43.59125]},"properties":{"objtype":"SOUNDG","valsou":13.4,"chart":"US5PWMCD"}},{"type":"Feature","geometry":{"type":"Point","coordinates":[-70.17403,43.593494]},"properties":{"objtype":"SOUNDG","valsou":13.7,"chart":"US5PWMCD"}},{"type":"Feature","geometry":{"type":"Point","coordinates":[-70.171675,43.619114]},"properties":{"objtype":"SOUNDG","valsou":17.6,"chart":"US5PWMCD"}},{"type":"Feature","geometry":{"type":"Point","coordinates":[-70.173854,43.642994]},"properties":{"objtype":"SOUNDG","valsou":12.1,"chart":"US5PWMCD"}},{"type":"Feature","geometry":{"type":"Point","coordinates":[-70.171821,43.628366]},"properties":{"objtype":"SOUNDG","valsou":18.5,"chart":"US5PWMCD"}},{"type":"Feature","geometry":{"type":"Point","coordinates":[-70.17343,43.613373]},"properties":{"objtype":"SOUNDG","valsou":10.3,"chart":"US5PWMCD"}},{"type":"Feature","geometry":{"type":"Point","coordinates":[-70.17267,43.615868]},"properties":{"objtype":"SOUNDG","valsou":14.0,"chart":"US5PWMCD"}},{"type":"Feature","geometry":{"type":"Point","coordinates":[-70.173143,43.646184]},"properties":{"objtype":"SOUNDG","valsou":14.0,"chart":"US5PWMCD"}},{"type":"Feature","geometry":{"type":"Point","coordinates":[-70.17275,43.595486]},"properties":{"objtype":"SOUNDG","valsou":13.7,"chart":"US5PWMCD"}},{"type":"Feature","geometry":{"type":"Point","coordinates":[-70.172733,43.649507]},"properties":{"objtype":"SOUNDG","valsou":21.9,"chart":"US5PWMCD"}},{"type":"Feature","geometry":{"type":"Point","coordinates":[-70.172428,43.602692]},"properties":{"objtype":"SOUNDG","valsou":20.4,"chart":"US5PWMCD"}},{"type":"Feature","geometry":{"type":"Point","coordinates":[-70.172524,43.610862]},"properties":{"objtype":"SOUNDG","valsou":13.1,"chart":"US5PWMCD"}},{"type":"Feature","geometry":{"type":"Point","coordinates":[-70.17207,43.606516]},"properties":{"objtype":"SOUNDG","valsou":15.5,"chart":"US5PWMCD"}},{"type":"Feature","geometry":{"type":"Point","coordinates":[-70.17199,43.62605]},"properties":{"objtype":"SOUNDG","valsou":16.4,"chart":"US5PWMCD"}},{"type":"Feature","geometry":{"type":"Point","coordinates":[-70.171929,43.642156]},"properties":{"objtype":"SOUNDG","valsou":21.0,"chart":"US5PWMCD"}},{"type":"Feature","geometry":{"type":"Point","coordinates":[-70.171436,43.633378]},"properties":{"objtype":"SOUNDG","valsou":23.7,"chart":"US5PWMCD"}},{"type":"Feature","geometry":{"type":"Point","coordinates":[-70.171388,43.637731]},"properties":{"objtype":"SOUNDG","valsou":23.4,"chart":"US5PWMCD"}},{"type":"Feature","geometry":{"type":"Point","coordinates":[-70.170635,43.622874]},"properties":{"objtype":"SOUNDG","valsou":17.3,"chart":"US5PWMCD"}},{"type":"Feature","geometry":{"type":"Point","coordinates":[-70.171332,43.647519]},"properties":{"objtype":"SOUNDG","valsou":16.7,"chart":"US5PWMCD"}},{"type":"Feature","geometry":{"type":"Point","coordinates":[-70.169894,43.589018]},"properties":{"objtype":"SOUNDG","valsou":14.6,"chart":"US5PWMCD"}},{"type":"Feature","geometry":{"type":"Point","coordinates":[-70.171136,43.59931]},"properties":{"objtype":"SOUNDG","valsou":16.1,"chart":"US5PWMCD"}},{"type":"Feature","geometry":{"type":"Point","coordinates":[-70.171055,43.620706]},"properties":{"objtype":"SOUNDG","valsou":20.4,"chart":"US5PWMCD"}},{"type":"Feature","geometry":{"type":"Point","coordinates":[-70.17098,43.596342]},"properties":{"objtype":"SOUNDG","valsou":14.0,"chart":"US5PWMCD"}},{"type":"Feature","geometry":{"type":"Point","coordinates":[-70.170954,43.639835]},"properties":{"objtype":"SOUNDG","valsou":21.3,"chart":"US5PWMCD"}},{"type":"Feature","geometry":{"type":"Point","coordinates":[-70.17079,43.605896]},"properties":{"objtype":"SOUNDG","valsou":18.5,"chart":"US5PWMCD"}},{"type":"Feature","geometry":{"type":"Point","coordinates":[-70.170788,43.578612]},"properties":{"objtype":"SOUNDG","valsou":20.1,"chart":"US5PWMCD"}},{"type":"Feature","geometry":{"type":"Point","coordinates":[-70.170622,43.610456]},"properties":{"objtype":"SOUNDG","valsou":14.0,"chart":"US5PWMCD"}},{"type":"Feature","geometry":{"type":"Point","coordinates":[-70.170504,43.575892]},"properties":{"objtype":"SOUNDG","valsou":24.3,"chart":"US5PWMCD"}},{"type":"Feature","geometry":{"type":"Point","coordinates":[-70.170438,43.600692]},"properties":{"objtype":"SOUNDG","valsou":15.8,"chart":"US5PWMCD"}},{"type":"Feature","geometry":{"type":"Point","coordinates":[-70.170423,43.648642]},"properties":{"objtype":"SOUNDG","valsou":19.2,"chart":"US5PWMCD"}},{"type":"Feature","geometry":{"type":"Point","coordinates":[-70.170395,43.608791]},"properties":{"objtype":"SOUNDG","valsou":21.0,"chart":"US5PWMCD"}},{"type":"Feature","geometry":{"type":"Point","coordinates":[-70.170383,43.592301]},"properties":{"objtype":"SOUNDG","valsou":14.3,"chart":"US5PWMCD"}},{"type":"Feature","geometry":{"type":"Point","coordinates":[-70.170338,43.645443]},"properties":{"objtype":"SOUNDG","valsou":19.8,"chart":"US5PWMCD"}},{"type":"Feature","geometry":{"type":"Point","coordinates":[-70.170229,43.585659]},"properties":{"objtype":"SOUNDG","valsou":14.0,"chart":"US5PWMCD"}},{"type":"Feature","geometry":{"type":"Point","coordinates":[-70.169746,43.616217]},"properties":{"objtype":"SOUNDG","valsou":13.7,"chart":"US5PWMCD"}},{"type":"Feature","geometry":{"type":"Point","coordinates":[-70.170012,43.615031]},"properties":{"objtype":"SOUNDG","valsou":12.1,"chart":"US5PWMCD"}},{"type":"Feature","geometry":{"type":"Point","coordinates":[-70.169242,43.627364]},"properties":{"objtype":"SOUNDG","valsou":18.8,"chart":"US5PWMCD"}},{"type":"Feature","geometry":{"type":"Point","coordinates":[-70.16966,43.629869]},"properties":{"objtype":"SOUNDG","valsou":22.8,"chart":"US5PWMCD"}},{"type":"Feature","geometry":{"type":"Point","coordinates":[-70.169111,43.583947]},"properties":{"objtype":"SOUNDG","valsou":14.0,"chart":"US5PWMCD"}},{"type":"Feature","geometry":{"type":"Point","coordinates":[-70.168537,43.581338]},"properties":{"objtype":"SOUNDG","valsou":21.0,"chart":"US5PWMCD"}},{"type":"Feature","geometry":{"type":"Point","coordinates":[-70.168491,43.582574]},"properties":{"objtype":"SOUNDG","valsou":17.6,"chart":"US5PWMCD"}},{"type":"Feature","geometry":{"type":"Point","coordinates":[-70.168033,43.609876]},"properties":{"objtype":"SOUNDG","valsou":25.9,"chart":"US5PWMCD"}},{"type":"Feature","geometry":{"type":"Point","coordinates":[-70.168023,43.602839]},"properties":{"objtype":"SOUNDG","valsou":18.5,"chart":"US5PWMCD"}},{"type":"Feature","geometry":{"type":"Point","coordinates":[-70.16798,43.647409]},"properties":{"objtype":"SOUNDG","valsou":23.1,"chart":"US5PWMCD"}},{"type":"Feature","geometry":{"type":"Point","coordinates":[-70.167664,43.6336]},"properties":{"objtype":"SOUNDG","valsou":24.6,"chart":"US5PWMCD"}},{"type":"Feature","geometry":{"type":"Point","coordinates":[-70.167856,43.625124]},"properties":{"objtype":"SOUNDG","valsou":19.2,"chart":"US5PWMCD"}},{"type":"Feature","geometry":{"type":"Point","coordinates":[-70.165716,43.616276]},"properties":{"objtype":"SOUNDG","valsou":13.4,"chart":"US5PWMCD"}},{"type":"Feature","geometry":{"type":"Point","coordinates":[-70.167564,43.588004]},"properties":{"objtype":"SOUNDG","valsou":13.4,"chart":"US5PWMCD"}},{"type":"Feature","geometry":{"type":"Point","coordinates":[-70.1663,43.592156]},"properties":{"objtype":"SOUNDG","valsou":16.7,"chart":"US5PWMCD"}},{"type":"Feature","geometry":{"type":"Point","coordinates":[-70.166836,43.590367]},"properties":{"objtype":"SOUNDG","valsou":16.1,"chart":"US5PWMCD"}},{"type":"Feature","geometry":{"type":"Point","coordinates":[-70.167572,43.630419]},"properties":{"objtype":"SOUNDG","valsou":23.1,"chart":"US5PWMCD"}},{"type":"Feature","geometry":{"type":"Point","coordinates":[-70.167315,43.639317]},"properties":{"objtype":"SOUNDG","valsou":27.1,"chart":"US5PWMCD"}},{"type":"Feature","geometry":{"type":"Point","coordinates":[-70.167174,43.645416]},"properties":{"objtype":"SOUNDG","valsou":25.2,"chart":"US5PWMCD"}},{"type":"Feature","geometry":{"type":"Point","coordinates":[-70.167247,43.620697]},"properties":{"objtype":"SOUNDG","valsou":19.2,"chart":"US5PWMCD"}},{"type":"Feature","geometry":{"type":"Point","coordinates":[-70.167224,43.598197]},"properties":{"objtype":"SOUNDG","valsou":17.0,"chart":"US5PWMCD"}},{"type":"Feature","geometry":{"type":"Point","coordinates":[-70.166104,43.604145]},"properties":{"objtype":"SOUNDG","valsou":15.5,"chart":"US5PWMCD"}},{"type":"Feature","geometry":{"type":"Point","coordinates":[-70.16669,43.594561]},"properties":{"objtype":"SOUNDG","valsou":15.5,"chart":"US5PWMCD"}},{"type":"Feature","geometry":{"type":"Point","coordinates":[-70.166438,43.57982]},"properties":{"objtype":"SOUNDG","valsou":23.1,"chart":"US5PWMCD"}},{"type":"Feature","geometry":{"type":"Point","coordinates":[-70.166675,43.651356]},"properties":{"objtype":"SOUNDG","valsou":21.0,"chart":"US5PWMDD"}},{"type":"Feature","geometry":{"type":"Point","coordinates":[-70.165738,43.613986]},"properties":{"objtype":"SOUNDG","valsou":21.9,"chart":"US5PWMCD"}},{"type":"Feature","geometry":{"type":"Point","coordinates":[-70.165731,43.608452]},"properties":{"objtype":"SOUNDG","valsou":28.0,"chart":"US5PWMCD"}},{"type":"Feature","geometry":{"type":"Point","coordinates":[-70.165655,43.621793]},"properties":{"objtype":"SOUNDG","valsou":21.6,"chart":"US5PWMCD"}},{"type":"Feature","geometry":{"type":"Point","coordinates":[-70.165522,43.631555]},"properties":{"objtype":"SOUNDG","valsou":21.3,"chart":"US5PWMCD"}},{"type":"Feature","geometry":{"type":"Point","coordinates":[-70.165451,43.577782]},"properties":{"objtype":"SOUNDG","valsou":25.2,"chart":"US5PWMCD"}},{"type":"Feature","geometry":{"type":"Point","coordinates":[-70.165393,43.640949]},"properties":{"objtype":"SOUNDG","valsou":27.7,"chart":"US5PWMCD"}},{"type":"Feature","geometry":{"type":"Point","coordinates":[-70.165275,43.630178]},"properties":{"objtype":"SOUNDG","valsou":19.5,"chart":"US5PWMCD"}},{"type":"Feature","geometry":{"type":"Point","coordinates":[-70.165136,43.62382]},"properties":{"objtype":"SOUNDG","valsou":20.7,"chart":"US5PWMCD"}},{"type":"Feature","geometry":{"type":"Point","coordinates":[-70.163436,43.588266]},"properties":{"objtype":"SOUNDG","valsou":13.1,"chart":"US5PWMCD"}},{"type":"Feature","geometry":{"type":"Point","coordinates":[-70.165068,43.596996]},"properties":{"objtype":"SOUNDG","valsou":15.5,"chart":"US5PWMCD"}},{"type":"Feature","geometry":{"type":"Point","coordinates":[-70.1646,43.6271]},"properties":{"objtype":"SOUNDG","valsou":22.5,"chart":"US5PWMCD"}},{"type":"Feature","geometry":{"type":"Point","coordinates":[-70.165008,43.604797]},"properties":{"objtype":"SOUNDG","valsou":16.1,"chart":"US5PWMCD"}},{"type":"Feature","geometry":{"type":"Point","coordinates":[-70.164945,43.633793]},"properties":{"objtype":"SOUNDG","valsou":24.3,"chart":"US5PWMCD"}},{"type":"Feature","geometry":{"type":"Point","coordinates":[-70.164937,43.590635]},"properties":{"objtype":"SOUNDG","valsou":16.4,"chart":"US5PWMCD"}},{"type":"Feature","geometry":{"type":"Point","coordinates":[-70.163159,43.601351]},"properties":{"objtype":"SOUNDG","valsou":18.8,"chart":"US5PWMCD"}},{"type":"Feature","geometry":{"type":"Point","coordinates":[-70.16372,43.585197]},"properties":{"objtype":"SOUNDG","valsou":15.5,"chart":"US5PWMCD"}},{"type":"Feature","geometry":{"type":"Point","coordinates":[-70.16458,43.594395]},"properties":{"objtype":"SOUNDG","valsou":16.4,"chart":"US5PWMCD"}},{"type":"Feature","geometry":{"type":"Point","coordinates":[-70.162683,43.619515]},"properties":{"objtype":"SOUNDG","valsou":16.1,"chart":"US5PWMCD"}},{"type":"Feature","geometry":{"type":"Point","coordinates":[-70.164562,43.647171]},"properties":{"objtype":"SOUNDG","valsou":26.5,"chart":"US5PWMCD"}},{"type":"Feature","geometry":{"type":"Point","coordinates":[-70.16431,43.598092]},"properties":{"objtype":"SOUNDG","valsou":16.1,"chart":"US5PWMCD"}},{"type":"Feature","geometry":{"type":"Point","coordinates":[-70.163645,43.615269]},"properties":{"objtype":"SOUNDG","valsou":23.1,"chart":"US5PWMCD"}},{"type":"Feature","geometry":{"type":"Point","coordinates":[-70.163759,43.638816]},"properties":{"objtype":"SOUNDG","valsou":27.4,"chart":"US5PWMCD"}},{"type":"Feature","geometry":{"type":"Point","coordinates":[-70.163434,43.617352]},"properties":{"objtype":"SOUNDG","valsou":14.3,"chart":"US5PWMCD"}},{"type":"Feature","geometry":{"type":"Point","coordinates":[-70.163228,43.610179]},"properties":{"objtype":"SOUNDG","valsou":24.6,"chart":"US5PWMCD"}},{"type":"Feature","geometry":{"type":"Point","coordinates":[-70.162937,43.644945]},"properties":{"objtype":"SOUNDG","valsou":26.2,"chart":"US5PWMCD"}},{"type":"Feature","geometry":{"type":"Point","coordinates":[-70.163766,43.650529]},"properties":{"objtype":"SOUNDG","valsou":26.5,"chart":"US5PWMDD"}},{"type":"Feature","geometry":{"type":"Point","coordinates":[-70.162739,43.632402]},"properties":{"objtype":"SOUNDG","valsou":22.8,"chart":"US5PWMCD"}},{"type":"Feature","geometry":{"type":"Point","coordinates":[-70.162572,43.580265]},"properties":{"objtype":"SOUNDG","valsou":30.4,"chart":"US5PWMCD"}},{"type":"Feature","geometry":{"type":"Point","coordinates":[-70.162401,43.605813]},"properties":{"objtype":"SOUNDG","valsou":20.7,"chart":"US5PWMCD"}},{"type":"Feature","geometry":{"type":"Point","coordinates":[-70.16228,43.607074]},"properties":{"objtype":"SOUNDG","valsou":21.9,"chart":"US5PWMCD"}},{"type":"Feature","geometry":{"type":"Point","coordinates":[-70.162159,43.631043]},"properties":{"objtype":"SOUNDG","valsou":20.4,"chart":"US5PWMCD"}},{"type":"Feature","geometry":{"type":"Point","coordinates":[-70.162094,43.642198]},"properties":{"objtype":"SOUNDG","valsou":24.6,"chart":"US5PWMCD"}},{"type":"Feature","geometry":{"type":"Point","coordinates":[-70.160139,43.625126]},"properties":{"objtype":"SOUNDG","valsou":19.8,"chart":"US5PWMCD"}},{"type":"Feature","geometry":{"type":"Point","coordinates":[-70.161596,43.616842]},"properties":{"objtype":"SOUNDG","valsou":21.6,"chart":"US5PWMCD"}},{"type":"Feature","geometry":{"type":"Point","coordinates":[-70.161421,43.612539]},"properties":{"objtype":"SOUNDG","valsou":23.7,"chart":"US5PWMCD"}},{"type":"Feature","geometry":{"type":"Point","coordinates":[-70.161464,43.582302]},"properties":{"objtype":"SOUNDG","valsou":21.0,"chart":"US5PWMCD"}},{"type":"Feature","geometry":{"type":"Point","coordinates":[-70.161431,43.62107]},"properties":{"objtype":"SOUNDG","valsou":19.8,"chart":"US5PWMCD"}},{"type":"Feature","geometry":{"type":"Point","coordinates":[-70.161285,43.599317]},"properties":{"objtype":"SOUNDG","valsou":17.6,"chart":"US5PWMCD"}},{"type":"Feature","geometry":{"type":"Point","coordinates":[-70.161217,43.635223]},"properties":{"objtype":"SOUNDG","valsou":27.4,"chart":"US5PWMCD"}},{"type":"Feature","geometry":{"type":"Point","coordinates":[-70.160925,43.587539]},"properties":{"objtype":"SOUNDG","valsou":16.4,"chart":"US5PWMCD"}},{"type":"Feature","geometry":{"type":"Point","coordinates":[-70.16086,43.64691]},"properties":{"objtype":"SOUNDG","valsou":28.0,"chart":"US5PWMCD"}},{"type":"Feature","geometry":{"type":"Point","coordinates":[-70.160812,43.590078]},"properties":{"objtype":"SOUNDG","valsou":15.2,"chart":"US5PWMCD"}},{"type":"Feature","geometry":{"type":"Point","coordinates":[-70.160192,43.62792]},"properties":{"objtype":"SOUNDG","valsou":17.3,"chart":"US5PWMCD"}},{"type":"Feature","geometry":{"type":"Point","coordinates":[-70.160731,43.611333]},"properties":{"objtype":"SOUNDG","valsou":29.8,"chart":"US5PWMCD"}},{"type":"Feature","geometry":{"type":"Point","coordinates":[-70.160583,43.578682]},"properties":{"objtype":"SOUNDG","valsou":21.9,"chart":"US5PWMCD"}},{"type":"Feature","geometry":{"type":"Point","coordinates":[-70.16023,43.644602]},"properties":{"objtype":"SOUNDG","valsou":28.3,"chart":"US5PWMCD"}},{"type":"Feature","geometry":{"type":"Point","coordinates":[-70.160192,43.59657]},"properties":{"objtype":"SOUNDG","valsou":21.3,"chart":"US5PWMCD"}},{"type":"Feature","geometry":{"type":"Point","coordinates":[-70.159719,43.602632]},"properties":{"objtype":"SOUNDG","valsou":15.8,"chart":"US5PWMCD"}},{"type":"Feature","geometry":{"type":"Point","coordinates":[-70.160139,43.593203]},"properties":{"objtype":"SOUNDG","valsou":26.8,"chart":"US5PWMCD"}},{"type":"Feature","geometry":{"type":"Point","coordinates":[-70.15996,43.584025]},"properties":{"objtype":"SOUNDG","valsou":19.5,"chart":"US5PWMCD"}},{"type":"Feature","geometry":{"type":"Point","coordinates":[-70.159945,43.648556]},"properties":{"objtype":"SOUNDG","valsou":28.9,"chart":"US5PWMCD"}},{"type":"Feature","geometry":{"type":"Point","coordinates":[-70.157668,43.639394]},"properties":{"objtype":"SOUNDG","valsou":23.4,"chart":"US5PWMCD"}},{"type":"Feature","geometry":{"type":"Point","coordinates":[-70.15922,43.591651]},"properties":{"objtype":"SOUNDG","valsou":19.2,"chart":"US5PWMCD"}},{"type":"Feature","geometry":{"type":"Point","coordinates":[-70.159163,43.61645]},"properties":{"objtype":"SOUNDG","valsou":28.6,"chart":"US5PWMCD"}},{"type":"Feature","geometry":{"type":"Point","coordinates":[-70.157784,43.603838]},"properties":{"objtype":"SOUNDG","valsou":19.2,"chart":"US5PWMCD"}},{"type":"Feature","geometry":{"type":"Point","coordinates":[-70.15891,43.642674]},"properties":{"objtype":"SOUNDG","valsou":29.2,"chart":"US5PWMCD"}},{"type":"Feature","geometry":{"type":"Point","coordinates":[-70.15653,43.619765]},"properties":{"objtype":"SOUNDG","valsou":21.9,"chart":"US5PWMCD"}},{"type":"Feature","geometry":{"type":"Point","coordinates":[-70.158862,43.632477]},"properties":{"objtype":"SOUNDG","valsou":28.0,"chart":"US5PWMCD"}},{"type":"Feature","geometry":{"type":"Point","coordinates":[-70.158807,43.589013]},"properties":{"objtype":"SOUNDG","valsou":21.3,"chart":"US5PWMCD"}},{"type":"Feature","geometry":{"type":"Point","coordinates":[-70.158784,43.6344]},"properties":{"objtype":"SOUNDG","valsou":29.5,"chart":"US5PWMCD"}},{"type":"Feature","geometry":{"type":"Point","coordinates":[-70.158731,43.622905]},"properties":{"objtype":"SOUNDG","valsou":18.2,"chart":"US5PWMCD"}},{"type":"Feature","geometry":{"type":"Point","coordinates":[-70.158656,43.585228]},"properties":{"objtype":"SOUNDG","valsou":20.1,"chart":"US5PWMCD"}},{"type":"Feature","geometry":{"type":"Point","coordinates":[-70.158377,43.6134]},"properties":{"objtype":"SOUNDG","valsou":32.9,"chart":"US5PWMCD"}},{"type":"Feature","geometry":{"type":"Point","coordinates":[-70.158298,43.60776]},"properties":{"objtype":"SOUNDG","valsou":23.4,"chart":"US5PWMCD"}},{"type":"Feature","geometry":{"type":"Point","coordinates":[-70.158262,43.580961]},"properties":{"objtype":"SOUNDG","valsou":27.7,"chart":"US5PWMCD"}},{"type":"Feature","geometry":{"type":"Point","coordinates":[-70.157893,43.577053]},"properties":{"objtype":"SOUNDG","valsou":31.3,"chart":"US5PWMCD"}},{"type":"Feature","geometry":{"type":"Point","coordinates":[-70.157411,43.599703]},"properties":{"objtype":"SOUNDG","valsou":23.7,"chart":"US5PWMCD"}},{"type":"Feature","geometry":{"type":"Point","coordinates":[-70.156988,43.624674]},"properties":{"objtype":"SOUNDG","valsou":21.0,"chart":"US5PWMCD"}},{"type":"Feature","geometry":{"type":"Point","coordinates":[-70.157202,43.645981]},"properties":{"objtype":"SOUNDG","valsou":28.9,"chart":"US5PWMCD"}},{"type":"Feature","geometry":{"type":"Point","coordinates":[-70.157157,43.610765]},"properties":{"objtype":"SOUNDG","valsou":23.1,"chart":"US5PWMCD"}},{"type":"Feature","geometry":{"type":"Point","coordinates":[-70.157099,43.601272]},"properties":{"objtype":"SOUNDG","valsou":21.0,"chart":"US5PWMCD"}},{"type":"Feature","geometry":{"type":"Point","coordinates":[-70.157044,43.597214]},"properties":{"objtype":"SOUNDG","valsou":30.1,"chart":"US5PWMCD"}},{"type":"Feature","geometry":{"type":"Point","coordinates":[-70.156784,43.628903]},"properties":{"objtype":"SOUNDG","valsou":27.4,"chart":"US5PWMCD"}},{"type":"Feature","geometry":{"type":"Point","coordinates":[-70.156668,43.649942]},"properties":{"objtype":"SOUNDG","valsou":28.3,"chart":"US5PWMCD"}},{"type":"Feature","geometry":{"type":"Point","coordinates":[-70.15548,43.612502]},"properties":{"objtype":"SOUNDG","valsou":23.1,"chart":"US5PWMCD"}},{"type":"Feature","geometry":{"type":"Point","coordinates":[-70.154452,43.638756]},"properties":{"objtype":"SOUNDG","valsou":21.3,"chart":"US5PWMCD"}},{"type":"Feature","geometry":{"type":"Point","coordinates":[-70.156323,43.641287]},"properties":{"objtype":"SOUNDG","valsou":30.7,"chart":"US5PWMCD"}},{"type":"Feature","geometry":{"type":"Point","coordinates":[-70.156107,43.580193]},"properties":{"objtype":"SOUNDG","valsou":20.4,"chart":"US5PWMCD"}},{"type":"Feature","geometry":{"type":"Point","coordinates":[-70.156006,43.605923]},"properties":{"objtype":"SOUNDG","valsou":22.8,"chart":"US5PWMCD"}},{"type":"Feature","geometry":{"type":"Point","coordinates":[-70.153717,43.634215]},"properties":{"objtype":"SOUNDG","valsou":28.3,"chart":"US5PWMCD"}},{"type":"Feature","geometry":{"type":"Point","coordinates":[-70.155948,43.609448]},"properties":{"objtype":"SOUNDG","valsou":31.6,"chart":"US5PWMCD"}},{"type":"Feature","geometry":{"type":"Point","coordinates":[-70.155943,43.643405]},"properties":{"objtype":"SOUNDG","valsou":31.3,"chart":"US5PWMCD"}},{"type":"Feature","geometry":{"type":"Point","coordinates":[-70.155935,43.57908]},"properties":{"objtype":"SOUNDG","valsou":21.3,"chart":"US5PWMCD"}},{"type":"Feature","geometry":{"type":"Point","coordinates":[-70.155757,43.589954]},"properties":{"objtype":"SOUNDG","valsou":25.6,"chart":"US5PWMCD"}},{"type":"Feature","geometry":{"type":"Point","coordinates":[-70.155585,43.587656]},"properties":{"objtype":"SOUNDG","valsou":22.2,"chart":"US5PWMCD"}},{"type":"Feature","geometry":{"type":"Point","coordinates":[-70.153812,43.617483]},"properties":{"objtype":"SOUNDG","valsou":24.3,"chart":"US5PWMCD"}},{"type":"Feature","geometry":{"type":"Point","coordinates":[-70.155545,43.595398]},"properties":{"objtype":"SOUNDG","valsou":20.1,"chart":"US5PWMCD"}},{"type":"Feature","geometry":{"type":"Point","coordinates":[-70.155208,43.592041]},"properties":{"objtype":"SOUNDG","valsou":20.7,"chart":"US5PWMCD"}},{"type":"Feature","geometry":{"type":"Point","coordinates":[-70.15352,43.601839]},"properties":{"objtype":"SOUNDG","valsou":24.9,"chart":"US5PWMCD"}},{"type":"Feature","geometry":{"type":"Point","coordinates":[-70.154792,43.622177]},"properties":{"objtype":"SOUNDG","valsou":23.7,"chart":"US5PWMCD"}},{"type":"Feature","geometry":{"type":"Point","coordinates":[-70.154533,43.649176]},"properties":{"objtype":"SOUNDG","valsou":26.8,"chart":"US5PWMCD"}},{"type":"Feature","geometry":{"type":"Point","coordinates":[-70.154467,43.598041]},"properties":{"objtype":"SOUNDG","valsou":24.3,"chart":"US5PWMCD"}},{"type":"Feature","geometry":{"type":"Point","coordinates":[-70.154281,43.627637]},"properties":{"objtype":"SOUNDG","valsou":32.0,"chart":"US5PWMCD"}},{"type":"Feature","geometry":{"type":"Point","coordinates":[-70.15414,43.585419]},"properties":{"objtype":"SOUNDG","valsou":30.1,"chart":"US5PWMCD"}},{"type":"Feature","geometry":{"type":"Point","coordinates":[-70.15388,43.625485]},"properties":{"objtype":"SOUNDG","valsou":18.2,"chart":"US5PWMCD"}},{"type":"Feature","geometry":{"type":"Point","coordinates":[-70.153752,43.62016]},"properties":{"objtype":"SOUNDG","valsou":32.3,"chart":"US5PWMCD"}},{"type":"Feature","geometry":{"type":"Point","coordinates":[-70.153457,43.647556]},"properties":{"objtype":"SOUNDG","valsou":28.9,"chart":"US5PWMCD"}},{"type":"Feature","geometry":{"type":"Point","coordinates":[-70.15342,43.614537]},"properties":{"objtype":"SOUNDG","valsou":34.4,"chart":"US5PWMCD"}},{"type":"Feature","geometry":{"type":"Point","coordinates":[-70.151135,43.642811]},"properties":{"objtype":"SOUNDG","valsou":20.7,"chart":"US5PWMCD"}},{"type":"Feature","geometry":{"type":"Point","coordinates":[-70.153384,43.609325]},"properties":{"objtype":"SOUNDG","valsou":22.8,"chart":"US5PWMCD"}},{"type":"Feature","geometry":{"type":"Point","coordinates":[-70.15315,43.635456]},"properties":{"objtype":"SOUNDG","valsou":27.4,"chart":"US5PWMCD"}},{"type":"Feature","geometry":{"type":"Point","coordinates":[-70.15314,43.5952]},"properties":{"objtype":"SOUNDG","valsou":21.9,"chart":"US5PWMCD"}},{"type":"Feature","geometry":{"type":"Point","coordinates":[-70.153115,43.637223]},"properties":{"objtype":"SOUNDG","valsou":30.4,"chart":"US5PWMCD"}},{"type":"Feature","geometry":{"type":"Point","coordinates":[-70.153011,43.642416]},"properties":{"objtype":"SOUNDG","valsou":21.3,"chart":"US5PWMCD"}},{"type":"Feature","geometry":{"type":"Point","coordinates":[-70.153009,43.632016]},"properties":{"objtype":"SOUNDG","valsou":27.1,"chart":"US5PWMCD"}},{"type":"Feature","geometry":{"type":"Point","coordinates":[-70.152951,43.577386]},"properties":{"objtype":"SOUNDG","valsou":24.6,"chart":"US5PWMCD"}},{"type":"Feature","geometry":{"type":"Point","coordinates":[-70.150571,43.598984]},"properties":{"objtype":"SOUNDG","valsou":22.8,"chart":"US5PWMCD"}},{"type":"Feature","geometry":{"type":"Point","coordinates":[-70.152657,43.604698]},"properties":{"objtype":"SOUNDG","valsou":34.7,"chart":"US5PWMCD"}},{"type":"Feature","geometry":{"type":"Point","coordinates":[-70.152052,43.618806]},"properties":{"objtype":"SOUNDG","valsou":24.6,"chart":"US5PWMCD"}},{"type":"Feature","geometry":{"type":"Point","coordinates":[-70.152006,43.627907]},"properties":{"objtype":"SOUNDG","valsou":20.4,"chart":"US5PWMCD"}},{"type":"Feature","geometry":{"type":"Point","coordinates":[-70.151942,43.589263]},"properties":{"objtype":"SOUNDG","valsou":22.2,"chart":"US5PWMCD"}},{"type":"Feature","geometry":{"type":"Point","coordinates":[-70.151669,43.616462]},"properties":{"objtype":"SOUNDG","valsou":25.9,"chart":"US5PWMCD"}},{"type":"Feature","geometry":{"type":"Point","coordinates":[-70.150825,43.623893]},"properties":{"objtype":"SOUNDG","valsou":22.5,"chart":"US5PWMCD"}},{"type":"Feature","geometry":{"type":"Point","coordinates":[-70.151394,43.582729]},"properties":{"objtype":"SOUNDG","valsou":24.0,"chart":"US5PWMCD"}},{"type":"Feature","geometry":{"type":"Point","coordinates":[-70.151379,43.580276]},"properties":{"objtype":"SOUNDG","valsou":28.3,"chart":"US5PWMCD"}},{"type":"Feature","geometry":{"type":"Point","coordinates":[-70.151356,43.611146]},"properties":{"objtype":"SOUNDG","valsou":29.2,"chart":"US5PWMCD"}},{"type":"Feature","geometry":{"type":"Point","coordinates":[-70.151304,43.625747]},"properties":{"objtype":"SOUNDG","valsou":20.7,"chart":"US5PWMCD"}},{"type":"Feature","geometry":{"type":"Point","coordinates":[-70.150873,43.602323]},"properties":{"objtype":"SOUNDG","valsou":26.2,"chart":"US5PWMCD"}},{"type":"Feature","geometry":{"type":"Point","coordinates":[-70.147646,43.631676]},"properties":{"objtype":"SOUNDG","valsou":26.5,"chart":"US5PWMCD"}},{"type":"Feature","geometry":{"type":"Point","coordinates":[-70.150372,43.629272]},"properties":{"objtype":"SOUNDG","valsou":20.1,"chart":"US5PWMCD"}},{"type":"Feature","geometry":{"type":"Point","coordinates":[-70.150369,43.604797]},"properties":{"objtype":"SOUNDG","valsou":25.2,"chart":"US5PWMCD"}},{"type":"Feature","geometry":{"type":"Point","coordinates":[-70.150148,43.609585]},"properties":{"objtype":"SOUNDG","valsou":30.1,"chart":"US5PWMCD"}},{"type":"Feature","geometry":{"type":"Point","coordinates":[-70.150135,43.637945]},"properties":{"objtype":"SOUNDG","valsou":31.3,"chart":"US5PWMCD"}},{"type":"Feature","geometry":{"type":"Point","coordinates":[-70.150098,43.64376]},"properties":{"objtype":"SOUNDG","valsou":18.5,"chart":"US5PWMCD"}},{"type":"Feature","geometry":{"type":"Point","coordinates":[-70.148664,43.578446]},"properties":{"objtype":"SOUNDG","valsou":21.3,"chart":"US5PWMCD"}},{"type":"Feature","geometry":{"type":"Point","coordinates":[-70.149984,43.607537]},"properties":{"objtype":"SOUNDG","valsou":35.9,"chart":"US5PWMCD"}},{"type":"Feature","geometry":{"type":"Point","coordinates":[-70.149891,43.635925]},"properties":{"objtype":"SOUNDG","valsou":32.9,"chart":"US5PWMCD"}},{"type":"Feature","geometry":{"type":"Point","coordinates":[-70.149883,43.593186]},"properties":{"objtype":"SOUNDG","valsou":35.6,"chart":"US5PWMCD"}},{"type":"Feature","geometry":{"type":"Point","coordinates":[-70.148873,43.64091]},"properties":{"objtype":"SOUNDG","valsou":18.5,"chart":"US5PWMCD"}},{"type":"Feature","geometry":{"type":"Point","coordinates":[-70.149654,43.616662]},"properties":{"objtype":"SOUNDG","valsou":25.6,"chart":"US5PWMCD"}},{"type":"Feature","geometry":{"type":"Point","coordinates":[-70.149608,43.620975]},"properties":{"objtype":"SOUNDG","valsou":23.1,"chart":"US5PWMCD"}},{"type":"Feature","geometry":{"type":"Point","coordinates":[-70.149528,43.596348]},"properties":{"objtype":"SOUNDG","valsou":22.2,"chart":"US5PWMCD"}},{"type":"Feature","geometry":{"type":"Point","coordinates":[-70.149085,43.587947]},"properties":{"objtype":"SOUNDG","valsou":22.2,"chart":"US5PWMCD"}},{"type":"Feature","geometry":{"type":"Point","coordinates":[-70.148876,43.621853]},"properties":{"objtype":"SOUNDG","valsou":23.1,"chart":"US5PWMCD"}},{"type":"Feature","geometry":{"type":"Point","coordinates":[-70.148571,43.600786]},"properties":{"objtype":"SOUNDG","valsou":24.6,"chart":"US5PWMCD"}},{"type":"Feature","geometry":{"type":"Point","coordinates":[-70.148503,43.615121]},"properties":{"objtype":"SOUNDG","valsou":30.1,"chart":"US5PWMCD"}},{"type":"Feature","geometry":{"type":"Point","coordinates":[-70.148279,43.625962]},"properties":{"objtype":"SOUNDG","valsou":25.9,"chart":"US5PWMCD"}},{"type":"Feature","geometry":{"type":"Point","coordinates":[-70.148071,43.584773]},"properties":{"objtype":"SOUNDG","valsou":20.4,"chart":"US5PWMCD"}},{"type":"Feature","geometry":{"type":"Point","coordinates":[-70.147911,43.647875]},"properties":{"objtype":"SOUNDG","valsou":32.6,"chart":"US5PWMCD"}},{"type":"Feature","geometry":{"type":"Point","coordinates":[-70.1475,43.611461]},"properties":{"objtype":"SOUNDG","valsou":24.3,"chart":"US5PWMCD"}},{"type":"Feature","geometry":{"type":"Point","coordinates":[-70.147357,43.638842]},"properties":{"objtype":"SOUNDG","valsou":33.2,"chart":"US5PWMCD"}},{"type":"Feature","geometry":{"type":"Point","coordinates":[-70.147355,43.645567]},"properties":{"objtype":"SOUNDG","valsou":33.5,"chart":"US5PWMCD"}},{"type":"Feature","geometry":{"type":"Point","coordinates":[-70.145966,43.615487]},"properties":{"objtype":"SOUNDG","valsou":27.7,"chart":"US5PWMCD"}},{"type":"Feature","geometry":{"type":"Point","coordinates":[-70.144889,43.594363]},"properties":{"objtype":"SOUNDG","valsou":21.6,"chart":"US5PWMCD"}},{"type":"Feature","geometry":{"type":"Point","coordinates":[-70.147248,43.604184]},"properties":{"objtype":"SOUNDG","valsou":38.7,"chart":"US5PWMCD"}},{"type":"Feature","geometry":{"type":"Point","coordinates":[-70.147159,43.580284]},"properties":{"objtype":"SOUNDG","valsou":20.7,"chart":"US5PWMCD"}},{"type":"Feature","geometry":{"type":"Point","coordinates":[-70.147062,43.590078]},"properties":{"objtype":"SOUNDG","valsou":24.3,"chart":"US5PWMCD"}},{"type":"Feature","geometry":{"type":"Point","coordinates":[-70.147052,43.633242]},"properties":{"objtype":"SOUNDG","valsou":32.0,"chart":"US5PWMCD"}},{"type":"Feature","geometry":{"type":"Point","coordinates":[-70.146834,43.585983]},"properties":{"objtype":"SOUNDG","valsou":22.5,"chart":"US5PWMCD"}},{"type":"Feature","geometry":{"type":"Point","coordinates":[-70.146812,43.601649]},"properties":{"objtype":"SOUNDG","valsou":24.9,"chart":"US5PWMCD"}},{"type":"Feature","geometry":{"type":"Point","coordinates":[-70.146674,43.643681]},"properties":{"objtype":"SOUNDG","valsou":34.4,"chart":"US5PWMCD"}},{"type":"Feature","geometry":{"type":"Point","coordinates":[-70.146379,43.577859]},"properties":{"objtype":"SOUNDG","valsou":22.5,"chart":"US5PWMCD"}},{"type":"Feature","geometry":{"type":"Point","coordinates":[-70.146284,43.641843]},"properties":{"objtype":"SOUNDG","valsou":35.0,"chart":"US5PWMCD"}},{"type":"Feature","geometry":{"type":"Point","coordinates":[-70.144856,43.628132]},"properties":{"objtype":"SOUNDG","valsou":20.1,"chart":"US5PWMCD"}},{"type":"Feature","geometry":{"type":"Point","coordinates":[-70.145997,43.598598]},"properties":{"objtype":"SOUNDG","valsou":25.6,"chart":"US5PWMCD"}},{"type":"Feature","geometry":{"type":"Point","coordinates":[-70.145903,43.608496]},"properties":{"objtype":"SOUNDG","valsou":40.8,"chart":"US5PWMCD"}},{"type":"Feature","geometry":{"type":"Point","coordinates":[-70.145871,43.582649]},"properties":{"objtype":"SOUNDG","valsou":20.4,"chart":"US5PWMCD"}},{"type":"Feature","geometry":{"type":"Point","coordinates":[-70.145843,43.63581]},"properties":{"objtype":"SOUNDG","valsou":35.6,"chart":"US5PWMCD"}},{"type":"Feature","geometry":{"type":"Point","coordinates":[-70.145732,43.626612]},"properties":{"objtype":"SOUNDG","valsou":24.9,"chart":"US5PWMCD"}},{"type":"Feature","geometry":{"type":"Point","coordinates":[-70.14543,43.619053]},"properties":{"objtype":"SOUNDG","valsou":25.2,"chart":"US5PWMCD"}},{"type":"Feature","geometry":{"type":"Point","coordinates":[-70.145055,43.616828]},"properties":{"objtype":"SOUNDG","valsou":26.2,"chart":"US5PWMCD"}},{"type":"Feature","geometry":{"type":"Point","coordinates":[-70.145009,43.623231]},"properties":{"objtype":"SOUNDG","valsou":26.8,"chart":"US5PWMCD"}},{"type":"Feature","geometry":{"type":"Point","coordinates":[-70.143668,43.650262]},"properties":{"objtype":"SOUNDG","valsou":34.7,"chart":"US5PWMDD"}},{"type":"Feature","geometry":{"type":"Point","coordinates":[-70.144342,43.596284]},"properties":{"objtype":"SOUNDG","valsou":27.1,"chart":"US5PWMCD"}},{"type":"Feature","geometry":{"type":"Point","coordinates":[-70.142181,43.600572]},"properties":{"objtype":"SOUNDG","valsou":30.7,"chart":"US5PWMCD"}},{"type":"Feature","geometry":{"type":"Point","coordinates":[-70.141672,43.606263]},"properties":{"objtype":"SOUNDG","valsou":30.7,"chart":"US5PWMCD"}},{"type":"Feature","geometry":{"type":"Point","coordinates":[-70.142546,43.59055]},"properties":{"objtype":"SOUNDG","valsou":20.7,"chart":"US5PWMCD"}},{"type":"Feature","geometry":{"type":"Point","coordinates":[-70.144171,43.620173]},"properties":{"objtype":"SOUNDG","valsou":19.5,"chart":"US5PWMCD"}},{"type":"Feature","geometry":{"type":"Point","coordinates":[-70.144149,43.633632]},"properties":{"objtype":"SOUNDG","valsou":25.9,"chart":"US5PWMCD"}},{"type":"Feature","geometry":{"type":"Point","coordinates":[-70.142924,43.609492]},"properties":{"objtype":"SOUNDG","valsou":42.9,"chart":"US5PWMCD"}},{"type":"Feature","geometry":{"type":"Point","coordinates":[-70.143579,43.627407]},"properties":{"objtype":"SOUNDG","valsou":18.5,"chart":"US5PWMCD"}},{"type":"Feature","geometry":{"type":"Point","coordinates":[-70.144033,43.630726]},"properties":{"objtype":"SOUNDG","valsou":32.6,"chart":"US5PWMCD"}},{"type":"Feature","geometry":{"type":"Point","coordinates":[-70.143894,43.584294]},"properties":{"objtype":"SOUNDG","valsou":22.2,"chart":"US5PWMCD"}},{"type":"Feature","geometry":{"type":"Point","coordinates":[-70.143485,43.586283]},"properties":{"objtype":"SOUNDG","valsou":19.8,"chart":"US5PWMCD"}},{"type":"Feature","geometry":{"type":"Point","coordinates":[-70.143435,43.577177]},"properties":{"objtype":"SOUNDG","valsou":31.6,"chart":"US5PWMCD"}},{"type":"Feature","geometry":{"type":"Point","coordinates":[-70.143365,43.642205]},"properties":{"objtype":"SOUNDG","valsou":38.1,"chart":"US5PWMCD"}},{"type":"Feature","geometry":{"type":"Point","coordinates":[-70.142158,43.617439]},"properties":{"objtype":"SOUNDG","valsou":23.4,"chart":"US5PWMCD"}},{"type":"Feature","geometry":{"type":"Point","coordinates":[-70.142541,43.582026]},"properties":{"objtype":"SOUNDG","valsou":21.9,"chart":"US5PWMCD"}},{"type":"Feature","geometry":{"type":"Point","coordinates":[-70.143022,43.597882]},"properties":{"objtype":"SOUNDG","valsou":39.6,"chart":"US5PWMCD"}},{"type":"Feature","geometry":{"type":"Point","coordinates":[-70.142969,43.612037]},"properties":{"objtype":"SOUNDG","valsou":33.2,"chart":"US5PWMCD"}},{"type":"Feature","geometry":{"type":"Point","coordinates":[-70.142682,43.629111]},"properties":{"objtype":"SOUNDG","valsou":20.4,"chart":"US5PWMCD"}},{"type":"Feature","geometry":{"type":"Point","coordinates":[-70.14261,43.644953]},"properties":{"objtype":"SOUNDG","valsou":38.7,"chart":"US5PWMCD"}},{"type":"Feature","geometry":{"type":"Point","coordinates":[-70.142512,43.636699]},"properties":{"objtype":"SOUNDG","valsou":26.2,"chart":"US5PWMCD"}},{"type":"Feature","geometry":{"type":"Point","coordinates":[-70.141711,43.621669]},"properties":{"objtype":"SOUNDG","valsou":23.7,"chart":"US5PWMCD"}},{"type":"Feature","geometry":{"type":"Point","coordinates":[-70.141772,43.647459]},"properties":{"objtype":"SOUNDG","valsou":38.1,"chart":"US5PWMCD"}},{"type":"Feature","geometry":{"type":"Point","coordinates":[-70.141664,43.591969]},"properties":{"objtype":"SOUNDG","valsou":22.5,"chart":"US5PWMCD"}},{"type":"Feature","geometry":{"type":"Point","coordinates":[-70.141435,43.575432]},"properties":{"objtype":"SOUNDG","valsou":33.8,"chart":"US5PWMCD"}},{"type":"Feature","geometry":{"type":"Point","coordinates":[-70.139007,43.592147]},"properties":{"objtype":"SOUNDG","valsou":20.7,"chart":"US5PWMCD"}},{"type":"Feature","geometry":{"type":"Point","coordinates":[-70.138695,43.614912]},"properties":{"objtype":"SOUNDG","valsou":30.1,"chart":"US5PWMCD"}},{"type":"Feature","geometry":{"type":"Point","coordinates":[-70.141384,43.637846]},"properties":{"objtype":"SOUNDG","valsou":29.8,"chart":"US5PWMCD"}},{"type":"Feature","geometry":{"type":"Point","coordinates":[-70.141017,43.630465]},"properties":{"objtype":"SOUNDG","valsou":22.5,"chart":"US5PWMCD"}},{"type":"Feature","geometry":{"type":"Point","coordinates":[-70.140841,43.587976]},"properties":{"objtype":"SOUNDG","valsou":18.8,"chart":"US5PWMCD"}},{"type":"Feature","geometry":{"type":"Point","coordinates":[-70.140482,43.598162]},"properties":{"objtype":"SOUNDG","valsou":32.6,"chart":"US5PWMCD"}},{"type":"Feature","geometry":{"type":"Point","coordinates":[-70.140415,43.607383]},"properties":{"objtype":"SOUNDG","valsou":20.7,"chart":"US5PWMCD"}},{"type":"Feature","geometry":{"type":"Point","coordinates":[-70.140346,43.643334]},"properties":{"objtype":"SOUNDG","valsou":44.1,"chart":"US5PWMCD"}},{"type":"Feature","geometry":{"type":"Point","coordinates":[-70.14034,43.605231]},"properties":{"objtype":"SOUNDG","valsou":28.9,"chart":"US5PWMCD"}},{"type":"Feature","geometry":{"type":"Point","coordinates":[-70.140124,43.620301]},"properties":{"objtype":"SOUNDG","valsou":21.0,"chart":"US5PWMCD"}},{"type":"Feature","geometry":{"type":"Point","coordinates":[-70.138871,43.622324]},"properties":{"objtype":"SOUNDG","valsou":16.1,"chart":"US5PWMCD"}},{"type":"Feature","geometry":{"type":"Point","coordinates":[-70.139952,43.589752]},"properties":{"objtype":"SOUNDG","valsou":20.4,"chart":"US5PWMCD"}},{"type":"Feature","geometry":{"type":"Point","coordinates":[-70.139833,43.583062]},"properties":{"objtype":"SOUNDG","valsou":20.7,"chart":"US5PWMCD"}},{"type":"Feature","geometry":{"type":"Point","coordinates":[-70.139801,43.578523]},"properties":{"objtype":"SOUNDG","valsou":29.8,"chart":"US5PWMCD"}},{"type":"Feature","geometry":{"type":"Point","coordinates":[-70.139733,43.581515]},"properties":{"objtype":"SOUNDG","valsou":21.9,"chart":"US5PWMCD"}},{"type":"Feature","geometry":{"type":"Point","coordinates":[-70.139621,43.634723]},"properties":{"objtype":"SOUNDG","valsou":35.0,"chart":"US5PWMCD"}},{"type":"Feature","geometry":{"type":"Point","coordinates":[-70.139568,43.616678]},"properties":{"objtype":"SOUNDG","valsou":27.7,"chart":"US5PWMCD"}},{"type":"Feature","geometry":{"type":"Point","coordinates":[-70.139491,43.596461]},"properties":{"objtype":"SOUNDG","valsou":24.0,"chart":"US5PWMCD"}},{"type":"Feature","geometry":{"type":"Point","coordinates":[-70.139032,43.647459]},"properties":{"objtype":"SOUNDG","valsou":39.3,"chart":"US5PWMCD"}},{"type":"Feature","geometry":{"type":"Point","coordinates":[-70.139452,43.631179]},"properties":{"objtype":"SOUNDG","valsou":27.1,"chart":"US5PWMCD"}},{"type":"Feature","geometry":{"type":"Point","coordinates":[-70.138587,43.600825]},"properties":{"objtype":"SOUNDG","valsou":24.3,"chart":"US5PWMCD"}},{"type":"Feature","geometry":{"type":"Point","coordinates":[-70.138924,43.641825]},"properties":{"objtype":"SOUNDG","valsou":49.0,"chart":"US5PWMCD"}},{"type":"Feature","geometry":{"type":"Point","coordinates":[-70.13873,43.610282]},"properties":{"objtype":"SOUNDG","valsou":42.3,"chart":"US5PWMCD"}},{"type":"Feature","geometry":{"type":"Point","coordinates":[-70.138469,43.593556]},"properties":{"objtype":"SOUNDG","valsou":21.6,"chart":"US5PWMCD"}},{"type":"Feature","geometry":{"type":"Point","coordinates":[-70.138384,43.613516]},"properties":{"objtype":"SOUNDG","valsou":37.4,"chart":"US5PWMCD"}},{"type":"Feature","geometry":{"type":"Point","coordinates":[-70.137417,43.631727]},"properties":{"objtype":"SOUNDG","valsou":29.2,"chart":"US5PWMCD"}},{"type":"Feature","geometry":{"type":"Point","coordinates":[-70.13794,43.624853]},"properties":{"objtype":"SOUNDG","valsou":23.1,"chart":"US5PWMCD"}},{"type":"Feature","geometry":{"type":"Point","coordinates":[-70.138089,43.612487]},"properties":{"objtype":"SOUNDG","valsou":34.7,"chart":"US5PWMCD"}},{"type":"Feature","geometry":{"type":"Point","coordinates":[-70.138068,43.578825]},"properties":{"objtype":"SOUNDG","valsou":28.6,"chart":"US5PWMCD"}},{"type":"Feature","geometry":{"type":"Point","coordinates":[-70.138059,43.620215]},"properties":{"objtype":"SOUNDG","valsou":21.3,"chart":"US5PWMCD"}},{"type":"Feature","geometry":{"type":"Point","coordinates":[-70.136726,43.588088]},"properties":{"objtype":"SOUNDG","valsou":20.7,"chart":"US5PWMCD"}},{"type":"Feature","geometry":{"type":"Point","coordinates":[-70.137922,43.639438]},"properties":{"objtype":"SOUNDG","valsou":30.7,"chart":"US5PWMCD"}},{"type":"Feature","geometry":{"type":"Point","coordinates":[-70.136873,43.650943]},"properties":{"objtype":"SOUNDG","valsou":36.5,"chart":"US5PWMDD"}},{"type":"Feature","geometry":{"type":"Point","coordinates":[-70.137795,43.608964]},"properties":{"objtype":"SOUNDG","valsou":29.2,"chart":"US5PWMCD"}},{"type":"Feature","geometry":{"type":"Point","coordinates":[-70.137546,43.599738]},"properties":{"objtype":"SOUNDG","valsou":24.9,"chart":"US5PWMCD"}},{"type":"Feature","geometry":{"type":"Point","coordinates":[-70.13664,43.642731]},"properties":{"objtype":"SOUNDG","valsou":32.9,"chart":"US5PWMCD"}},{"type":"Feature","geometry":{"type":"Point","coordinates":[-70.137473,43.580777]},"properties":{"objtype":"SOUNDG","valsou":27.1,"chart":"US5PWMCD"}},{"type":"Feature","geometry":{"type":"Point","coordinates":[-70.137458,43.630419]},"properties":{"objtype":"SOUNDG","valsou":32.6,"chart":"US5PWMCD"}},{"type":"Feature","geometry":{"type":"Point","coordinates":[-70.137426,43.589126]},"properties":{"objtype":"SOUNDG","valsou":17.0,"chart":"US5PWMCD"}},{"type":"Feature","geometry":{"type":"Point","coordinates":[-70.137411,43.617391]},"properties":{"objtype":"SOUNDG","valsou":27.4,"chart":"US5PWMCD"}},{"type":"Feature","geometry":{"type":"Point","coordinates":[-70.137167,43.605688]},"properties":{"objtype":"SOUNDG","valsou":40.8,"chart":"US5PWMCD"}},{"type":"Feature","geometry":{"type":"Point","coordinates":[-70.137058,43.621752]},"properties":{"objtype":"SOUNDG","valsou":23.1,"chart":"US5PWMCD"}},{"type":"Feature","geometry":{"type":"Point","coordinates":[-70.13663,43.601602]},"properties":{"objtype":"SOUNDG","valsou":23.1,"chart":"US5PWMCD"}},{"type":"Feature","geometry":{"type":"Point","coordinates":[-70.136611,43.59672]},"properties":{"objtype":"SOUNDG","valsou":18.8,"chart":"US5PWMCD"}},{"type":"Feature","geometry":{"type":"Point","coordinates":[-70.135542,43.634887]},"properties":{"objtype":"SOUNDG","valsou":35.3,"chart":"US5PWMCD"}},{"type":"Feature","geometry":{"type":"Point","coordinates":[-70.13625,43.639849]},"properties":{"objtype":"SOUNDG","valsou":38.7,"chart":"US5PWMCD"}},{"type":"Feature","geometry":{"type":"Point","coordinates":[-70.13564,43.584946]},"properties":{"objtype":"SOUNDG","valsou":30.7,"chart":"US5PWMCD"}},{"type":"Feature","geometry":{"type":"Point","coordinates":[-70.135475,43.620274]},"properties":{"objtype":"SOUNDG","valsou":32.0,"chart":"US5PWMCD"}},{"type":"Feature","geometry":{"type":"Point","coordinates":[-70.133303,43.60254]},"properties":{"objtype":"SOUNDG","valsou":21.6,"chart":"US5PWMCD"}},{"type":"Feature","geometry":{"type":"Point","coordinates":[-70.132666,43.606983]},"properties":{"objtype":"SOUNDG","valsou":27.7,"chart":"US5PWMCD"}},{"type":"Feature","geometry":{"type":"Point","coordinates":[-70.134537,43.592297]},"properties":{"objtype":"SOUNDG","valsou":19.2,"chart":"US5PWMCD"}},{"type":"Feature","geometry":{"type":"Point","coordinates":[-70.133146,43.615425]},"properties":{"objtype":"SOUNDG","valsou":36.5,"chart":"US5PWMCD"}},{"type":"Feature","geometry":{"type":"Point","coordinates":[-70.135212,43.595685]},"properties":{"objtype":"SOUNDG","valsou":19.8,"chart":"US5PWMCD"}},{"type":"Feature","geometry":{"type":"Point","coordinates":[-70.134338,43.646018]},"properties":{"objtype":"SOUNDG","valsou":28.0,"chart":"US5PWMCD"}},{"type":"Feature","geometry":{"type":"Point","coordinates":[-70.13272,43.626078]},"properties":{"objtype":"SOUNDG","valsou":28.9,"chart":"US5PWMCD"}},{"type":"Feature","geometry":{"type":"Point","coordinates":[-70.134856,43.577584]},"properties":{"objtype":"SOUNDG","valsou":43.5,"chart":"US5PWMCD"}},{"type":"Feature","geometry":{"type":"Point","coordinates":[-70.133282,43.639438]},"properties":{"objtype":"SOUNDG","valsou":31.6,"chart":"US5PWMCD"}},{"type":"Feature","geometry":{"type":"Point","coordinates":[-70.134547,43.603602]},"properties":{"objtype":"SOUNDG","valsou":21.3,"chart":"US5PWMCD"}},{"type":"Feature","geometry":{"type":"Point","coordinates":[-70.134795,43.61692]},"properties":{"objtype":"SOUNDG","valsou":38.4,"chart":"US5PWMCD"}},{"type":"Feature","geometry":{"type":"Point","coordinates":[-70.134682,43.61149]},"properties":{"objtype":"SOUNDG","valsou":31.3,"chart":"US5PWMCD"}},{"type":"Feature","geometry":{"type":"Point","coordinates":[-70.134638,43.582255]},"properties":{"objtype":"SOUNDG","valsou":25.6,"chart":"US5PWMCD"}},{"type":"Feature","geometry":{"type":"Point","coordinates":[-70.133621,43.643906]},"properties":{"objtype":"SOUNDG","valsou":17.0,"chart":"US5PWMCD"}},{"type":"Feature","geometry":{"type":"Point","coordinates":[-70.133582,43.59952]},"properties":{"objtype":"SOUNDG","valsou":17.3,"chart":"US5PWMCD"}},{"type":"Feature","geometry":{"type":"Point","coordinates":[-70.133866,43.630433]},"properties":{"objtype":"SOUNDG","valsou":39.9,"chart":"US5PWMCD"}},{"type":"Feature","geometry":{"type":"Point","coordinates":[-70.134106,43.586716]},"properties":{"objtype":"SOUNDG","valsou":24.0,"chart":"US5PWMCD"}},{"type":"Feature","geometry":{"type":"Point","coordinates":[-70.132764,43.642489]},"properties":{"objtype":"SOUNDG","valsou":18.8,"chart":"US5PWMCD"}},{"type":"Feature","geometry":{"type":"Point","coordinates":[-70.133095,43.622241]},"properties":{"objtype":"SOUNDG","valsou":32.0,"chart":"US5PWMCD"}},{"type":"Feature","geometry":{"type":"Point","coordinates":[-70.132959,43.649447]},"properties":{"objtype":"SOUNDG","valsou":24.9,"chart":"US5PWMCD"}},{"type":"Feature","geometry":{"type":"Point","coordinates":[-70.132919,43.632496]},"properties":{"objtype":"SOUNDG","valsou":40.2,"chart":"US5PWMCD"}},{"type":"Feature","geometry":{"type":"Point","coordinates":[-70.132805,43.589723]},"properties":{"objtype":"SOUNDG","valsou":22.8,"chart":"US5PWMCD"}},{"type":"Feature","geometry":{"type":"Point","coordinates":[-70.132721,43.635162]},"properties":{"objtype":"SOUNDG","valsou":39.9,"chart":"US5PWMCD"}},{"type":"Feature","geometry":{"type":"Point","coordinates":[-70.130246,43.607916]},"properties":{"objtype":"SOUNDG","valsou":29.2,"chart":"US5PWMCD"}},{"type":"Feature","geometry":{"type":"Point","coordinates":[-70.129562,43.582394]},"properties":{"objtype":"SOUNDG","valsou":24.3,"chart":"US5PWMCD"}},{"type":"Feature","geometry":{"type":"Point","coordinates":[-70.129665,43.583928]},"properties":{"objtype":"SOUNDG","valsou":26.5,"chart":"US5PWMCD"}},{"type":"Feature","geometry":{"type":"Point","coordinates":[-70.132118,43.591202]},"properties":{"objtype":"SOUNDG","valsou":27.7,"chart":"US5PWMCD"}},{"type":"Feature","geometry":{"type":"Point","coordinates":[-70.132059,43.625036]},"properties":{"objtype":"SOUNDG","valsou":24.3,"chart":"US5PWMCD"}},{"type":"Feature","geometry":{"type":"Point","coordinates":[-70.131965,43.578296]},"properties":{"objtype":"SOUNDG","valsou":30.7,"chart":"US5PWMCD"}},{"type":"Feature","geometry":{"type":"Point","coordinates":[-70.12962,43.601597]},"properties":{"objtype":"SOUNDG","valsou":18.5,"chart":"US5PWMCD"}},{"type":"Feature","geometry":{"type":"Point","coordinates":[-70.129912,43.646347]},"properties":{"objtype":"SOUNDG","valsou":16.7,"chart":"US5PWMCD"}},{"type":"Feature","geometry":{"type":"Point","coordinates":[-70.131778,43.617691]},"properties":{"objtype":"SOUNDG","valsou":33.5,"chart":"US5PWMCD"}},{"type":"Feature","geometry":{"type":"Point","coordinates":[-70.131625,43.593703]},"properties":{"objtype":"SOUNDG","valsou":21.0,"chart":"US5PWMCD"}},{"type":"Feature","geometry":{"type":"Point","coordinates":[-70.131625,43.598751]},"properties":{"objtype":"SOUNDG","valsou":20.7,"chart":"US5PWMCD"}},{"type":"Feature","geometry":{"type":"Point","coordinates":[-70.131612,43.64542]},"properties":{"objtype":"SOUNDG","valsou":16.1,"chart":"US5PWMCD"}},{"type":"Feature","geometry":{"type":"Point","coordinates":[-70.131454,43.604402]},"properties":{"objtype":"SOUNDG","valsou":21.3,"chart":"US5PWMCD"}},{"type":"Feature","geometry":{"type":"Point","coordinates":[-70.130306,43.619802]},"properties":{"objtype":"SOUNDG","valsou":32.6,"chart":"US5PWMCD"}},{"type":"Feature","geometry":{"type":"Point","coordinates":[-70.132007,43.612424]},"properties":{"objtype":"SOUNDG","valsou":36.8,"chart":"US5PWMCD"}},{"type":"Feature","geometry":{"type":"Point","coordinates":[-70.131248,43.594775]},"properties":{"objtype":"SOUNDG","valsou":19.2,"chart":"US5PWMCD"}},{"type":"Feature","geometry":{"type":"Point","coordinates":[-70.131165,43.634119]},"properties":{"objtype":"SOUNDG","valsou":39.9,"chart":"US5PWMCD"}},{"type":"Feature","geometry":{"type":"Point","coordinates":[-70.130743,43.63851]},"properties":{"objtype":"SOUNDG","valsou":28.9,"chart":"US5PWMCD"}},{"type":"Feature","geometry":{"type":"Point","coordinates":[-70.130847,43.615333]},"properties":{"objtype":"SOUNDG","valsou":32.9,"chart":"US5PWMCD"}},{"type":"Feature","geometry":{"type":"Point","coordinates":[-70.130793,43.623782]},"properties":{"objtype":"SOUNDG","valsou":27.4,"chart":"US5PWMCD"}},{"type":"Feature","geometry":{"type":"Point","coordinates":[-70.130736,43.628352]},"properties":{"objtype":"SOUNDG","valsou":30.1,"chart":"US5PWMCD"}},{"type":"Feature","geometry":{"type":"Point","coordinates":[-70.130653,43.641423]},"properties":{"objtype":"SOUNDG","valsou":22.5,"chart":"US5PWMCD"}},{"type":"Feature","geometry":{"type":"Point","coordinates":[-70.132449,43.65092]},"properties":{"objtype":"SOUNDG","valsou":23.4,"chart":"US5PWMDD"}},{"type":"Feature","geometry":{"type":"Point","coordinates":[-70.130035,43.632775]},"properties":{"objtype":"SOUNDG","valsou":37.1,"chart":"US5PWMCD"}},{"type":"Feature","geometry":{"type":"Point","coordinates":[-70.129279,43.618869]},"properties":{"objtype":"SOUNDG","valsou":38.4,"chart":"US5PWMCD"}},{"type":"Feature","geometry":{"type":"Point","coordinates":[-70.127103,43.589635]},"properties":{"objtype":"SOUNDG","valsou":24.0,"chart":"US5PWMCD"}},{"type":"Feature","geometry":{"type":"Point","coordinates":[-70.129243,43.629367]},"properties":{"objtype":"SOUNDG","valsou":28.6,"chart":"US5PWMCD"}},{"type":"Feature","geometry":{"type":"Point","coordinates":[-70.12921,43.612808]},"properties":{"objtype":"SOUNDG","valsou":38.1,"chart":"US5PWMCD"}},{"type":"Feature","geometry":{"type":"Point","coordinates":[-70.128206,43.585736]},"properties":{"objtype":"SOUNDG","valsou":26.8,"chart":"US5PWMCD"}},{"type":"Feature","geometry":{"type":"Point","coordinates":[-70.127082,43.644239]},"properties":{"objtype":"SOUNDG","valsou":14.0,"chart":"US5PWMCD"}},{"type":"Feature","geometry":{"type":"Point","coordinates":[-70.129007,43.610346]},"properties":{"objtype":"SOUNDG","valsou":37.7,"chart":"US5PWMCD"}},{"type":"Feature","geometry":{"type":"Point","coordinates":[-70.128602,43.617529]},"properties":{"objtype":"SOUNDG","valsou":21.3,"chart":"US5PWMCD"}},{"type":"Feature","geometry":{"type":"Point","coordinates":[-70.128665,43.59568]},"properties":{"objtype":"SOUNDG","valsou":22.8,"chart":"US5PWMCD"}},{"type":"Feature","geometry":{"type":"Point","coordinates":[-70.128489,43.599845]},"properties":{"objtype":"SOUNDG","valsou":18.2,"chart":"US5PWMCD"}},{"type":"Feature","geometry":{"type":"Point","coordinates":[-70.127569,43.649366]},"properties":{"objtype":"SOUNDG","valsou":10.6,"chart":"US5PWMCD"}},{"type":"Feature","geometry":{"type":"Point","coordinates":[-70.128278,43.624926]},"properties":{"objtype":"SOUNDG","valsou":32.3,"chart":"US5PWMCD"}},{"type":"Feature","geometry":{"type":"Point","coordinates":[-70.128391,43.635414]},"properties":{"objtype":"SOUNDG","valsou":38.1,"chart":"US5PWMCD"}},{"type":"Feature","geometry":{"type":"Point","coordinates":[-70.127267,43.609289]},"properties":{"objtype":"SOUNDG","valsou":18.8,"chart":"US5PWMCD"}},{"type":"Feature","geometry":{"type":"Point","coordinates":[-70.126751,43.593676]},"properties":{"objtype":"SOUNDG","valsou":21.9,"chart":"US5PWMCD"}},{"type":"Feature","geometry":{"type":"Point","coordinates":[-70.128156,43.604814]},"properties":{"objtype":"SOUNDG","valsou":19.2,"chart":"US5PWMCD"}},{"type":"Feature","geometry":{"type":"Point","coordinates":[-70.127771,43.621861]},"properties":{"objtype":"SOUNDG","valsou":26.5,"chart":"US5PWMCD"}},{"type":"Feature","geometry":{"type":"Point","coordinates":[-70.12767,43.638189]},"properties":{"objtype":"SOUNDG","valsou":28.0,"chart":"US5PWMCD"}},{"type":"Feature","geometry":{"type":"Point","coordinates":[-70.127599,43.648104]},"properties":{"objtype":"SOUNDG","valsou":10.3,"chart":"US5PWMCD"}},{"type":"Feature","geometry":{"type":"Point","coordinates":[-70.127512,43.641441]},"properties":{"objtype":"SOUNDG","valsou":19.2,"chart":"US5PWMCD"}},{"type":"Feature","geometry":{"type":"Point","coordinates":[-70.127072,43.603144]},"properties":{"objtype":"SOUNDG","valsou":17.9,"chart":"US5PWMCD"}},{"type":"Feature","geometry":{"type":"Point","coordinates":[-70.126953,43.580876]},"properties":{"objtype":"SOUNDG","valsou":42.3,"chart":"US5PWMCD"}},{"type":"Feature","geometry":{"type":"Point","coordinates":[-70.12688,43.579442]},"properties":{"objtype":"SOUNDG","valsou":26.2,"chart":"US5PWMCD"}},{"type":"Feature","geometry":{"type":"Point","coordinates":[-70.126541,43.631975]},"properties":{"objtype":"SOUNDG","valsou":38.7,"chart":"US5PWMCD"}},{"type":"Feature","geometry":{"type":"Point","coordinates":[-70.126455,43.608525]},"properties":{"objtype":"SOUNDG","valsou":19.2,"chart":"US5PWMCD"}},{"type":"Feature","geometry":{"type":"Point","coordinates":[-70.12643,43.588376]},"properties":{"objtype":"SOUNDG","valsou":30.7,"chart":"US5PWMCD"}},{"type":"Feature","geometry":{"type":"Point","coordinates":[-70.126404,43.618801]},"properties":{"objtype":"SOUNDG","valsou":22.2,"chart":"US5PWMCD"}},{"type":"Feature","geometry":{"type":"Point","coordinates":[-70.126339,43.639442]},"properties":{"objtype":"SOUNDG","valsou":21.6,"chart":"US5PWMCD"}},{"type":"Feature","geometry":{"type":"Point","coordinates":[-70.1262,43.610904]},"properties":{"objtype":"SOUNDG","valsou":21.6,"chart":"US5PWMCD"}},{"type":"Feature","geometry":{"type":"Point","coordinates":[-70.126185,43.591374]},"properties":{"objtype":"SOUNDG","valsou":21.9,"chart":"US5PWMCD"}},{"type":"Feature","geometry":{"type":"Point","coordinates":[-70.125797,43.64851]},"properties":{"objtype":"SOUNDG","valsou":1.2,"chart":"US5PWMCD"}},{"type":"Feature","geometry":{"type":"Point","coordinates":[-70.126031,43.585258]},"properties":{"objtype":"SOUNDG","valsou":31.3,"chart":"US5PWMCD"}},{"type":"Feature","geometry":{"type":"Point","coordinates":[-70.126165,43.615095]},"properties":{"objtype":"SOUNDG","valsou":24.3,"chart":"US5PWMCD"}},{"type":"Feature","geometry":{"type":"Point","coordinates":[-70.126083,43.598005]},"properties":{"objtype":"SOUNDG","valsou":23.4,"chart":"US5PWMCD"}},{"type":"Feature","geometry":{"type":"Point","coordinates":[-70.124313,43.648157]},"properties":{"objtype":"SOUNDG","valsou":1.8,"chart":"US5PWMCE"}},{"type":"Feature","geometry":{"type":"Point","coordinates":[-70.125882,43.59628]},"properties":{"objtype":"SOUNDG","valsou":26.2,"chart":"US5PWMCD"}},{"type":"Feature","geometry":{"type":"Point","coordinates":[-70.125882,43.623069]},"properties":{"objtype":"SOUNDG","valsou":26.2,"chart":"US5PWMCD"}},{"type":"Feature","geometry":{"type":"Point","coordinates":[-70.125483,43.624519]},"properties":{"objtype":"SOUNDG","valsou":28.6,"chart":"US5PWMCD"}},{"type":"Feature","geometry":{"type":"Point","coordinates":[-70.12542,43.606215]},"properties":{"objtype":"SOUNDG","valsou":18.5,"chart":"US5PWMCD"}},{"type":"Feature","geometry":{"type":"Point","coordinates":[-70.125291,43.635212]},"properties":{"objtype":"SOUNDG","valsou":37.7,"chart":"US5PWMCD"}},{"type":"Feature","geometry":{"type":"Point","coordinates":[-70.125117,43.645278]},"properties":{"objtype":"SOUNDG","valsou":7.0,"chart":"US5PWMCD"}},{"type":"Feature","geometry":{"type":"Point","coordinates":[-70.125077,43.63052]},"properties":{"objtype":"SOUNDG","valsou":39.9,"chart":"US5PWMCD"}},{"type":"Feature","geometry":{"type":"Point","coordinates":[-70.125064,43.575648]},"properties":{"objtype":"SOUNDG","valsou":9.1,"chart":"US5PWMCD"}},{"type":"Feature","geometry":{"type":"Point","coordinates":[-70.199318,43.626552]},"properties":{"objtype":"SOUNDG","valsou":18.5,"chart":"US5PWMCD"}},{"type":"Feature","geometry":{"type":"Point","coordinates":[-70.198307,43.645681]},"properties":{"objtype":"SOUNDG","valsou":1.5,"chart":"US5PWMCD"}},{"type":"Feature","geometry":{"type":"Point","coordinates":[-70.196149,43.630521]},"properties":{"objtype":"SOUNDG","valsou":16.1,"chart":"US5PWMCD"}},{"type":"Feature","geometry":{"type":"Point","coordinates":[-70.195895,43.651133]},"properties":{"objtype":"SOUNDG","valsou":0.6,"chart":"US5PWMDD"}},{"type":"Feature","geometry":{"type":"Point","coordinates":[-70.197472,43.629103]},"properties":{"objtype":"SOUNDG","valsou":16.1,"chart":"US5PWMCD"}},{"type":"Feature","geometry":{"type":"Point","coordinates":[-70.197362,43.638531]},"properties":{"objtype":"SOUNDG","valsou":2.7,"chart":"US5PWMCD"}},{"type":"Feature","geometry":{"type":"Point","coordinates":[-70.196644,43.635756]},"properties":{"objtype":"SOUNDG","valsou":12.4,"chart":"US5PWMCD"}},{"type":"Feature","geometry":{"type":"Point","coordinates":[-70.195464,43.639488]},"properties":{"objtype":"SOUNDG","valsou":6.7,"chart":"US5PWMCD"}},{"type":"Feature","geometry":{"type":"Point","coordinates":[-70.193529,43.634719]},"properties":{"objtype":"SOUNDG","valsou":10.0,"chart":"US5PWMCD"}},{"type":"Feature","geometry":{"type":"Point","coordinates":[-70.195214,43.640515]},"properties":{"objtype":"SOUNDG","valsou":2.1,"chart":"US5PWMCD"}},{"type":"Feature","geometry":{"type":"Point","coordinates":[-70.194688,43.646281]},"properties":{"objtype":"SOUNDG","valsou":7.0,"chart":"US5PWMCD"}},{"type":"Feature","geometry":{"type":"Point","coordinates":[-70.193601,43.63337]},"properties":{"objtype":"SOUNDG","valsou":12.8,"chart":"US5PWMCD"}},{"type":"Feature","geometry":{"type":"Point","coordinates":[-70.192637,43.64265]},"properties":{"objtype":"SOUNDG","valsou":1.8,"chart":"US5PWMCD"}},{"type":"Feature","geometry":{"type":"Point","coordinates":[-70.189846,43.633477]},"properties":{"objtype":"SOUNDG","valsou":3.6,"chart":"US5PWMCD"}},{"type":"Feature","geometry":{"type":"Point","coordinates":[-70.192366,43.640287]},"properties":{"objtype":"SOUNDG","valsou":7.6,"chart":"US5PWMCD"}},{"type":"Feature","geometry":{"type":"Point","coordinates":[-70.190997,43.650485]},"properties":{"objtype":"SOUNDG","valsou":1.2,"chart":"US5PWMDD"}},{"type":"Feature","geometry":{"type":"Point","coordinates":[-70.191704,43.646702]},"properties":{"objtype":"SOUNDG","valsou":1.8,"chart":"US5PWMCD"}},{"type":"Feature","geometry":{"type":"Point","coordinates":[-70.190046,43.636796]},"properties":{"objtype":"SOUNDG","valsou":5.1,"chart":"US5PWMCD"}},{"type":"Feature","geometry":{"type":"Point","coordinates":[-70.190367,43.634291]},"properties":{"objtype":"SOUNDG","valsou":4.8,"chart":"US5PWMCD"}},{"type":"Feature","geometry":{"type":"Point","coordinates":[-70.190852,43.643942]},"properties":{"objtype":"SOUNDG","valsou":4.8,"chart":"US5PWMCD"}},{"type":"Feature","geometry":{"type":"Point","coordinates":[-70.186883,43.639866]},"properties":{"objtype":"SOUNDG","valsou":5.7,"chart":"US5PWMCD"}},{"type":"Feature","geometry":{"type":"Point","coordinates":[-70.189196,43.643735]},"properties":{"objtype":"SOUNDG","valsou":14.0,"chart":"US5PWMCD"}},{"type":"Feature","geometry":{"type":"Point","coordinates":[-70.187205,43.648032]},"properties":{"objtype":"SOUNDG","valsou":10.0,"chart":"US5PWMCD"}},{"type":"Feature","geometry":{"type":"Point","coordinates":[-70.188853,43.638331]},"properties":{"objtype":"SOUNDG","valsou":4.2,"chart":"US5PWMCD"}},{"type":"Feature","geometry":{"type":"Point","coordinates":[-70.189434,43.650314]},"properties":{"objtype":"SOUNDG","valsou":1.5,"chart":"US5PWMDD"}},{"type":"Feature","geometry":{"type":"Point","coordinates":[-70.185845,43.651266]},"properties":{"objtype":"SOUNDG","valsou":2.7,"chart":"US5PWMDD"}},{"type":"Feature","geometry":{"type":"Point","coordinates":[-70.184663,43.644941]},"properties":{"objtype":"SOUNDG","valsou":16.4,"chart":"US5PWMCD"}},{"type":"Feature","geometry":{"type":"Point","coordinates":[-70.184442,43.647611]},"properties":{"objtype":"SOUNDG","valsou":17.3,"chart":"US5PWMCD"}},{"type":"Feature","geometry":{"type":"Point","coordinates":[-70.182393,43.645912]},"properties":{"objtype":"SOUNDG","valsou":18.8,"chart":"US5PWMCD"}},{"type":"Feature","geometry":{"type":"Point","coordinates":[-70.182343,43.64255]},"properties":{"objtype":"SOUNDG","valsou":7.0,"chart":"US5PWMCD"}},{"type":"Feature","geometry":{"type":"Point","coordinates":[-70.179274,43.645798]},"properties":{"objtype":"SOUNDG","valsou":19.2,"chart":"US5PWMCD"}},{"type":"Feature","geometry":{"type":"Point","coordinates":[-70.124963,43.615754]},"properties":{"objtype":"SOUNDG","valsou":21.0,"chart":"US5PWMCE"}},{"type":"Feature","geometry":{"type":"Point","coordinates":[-70.124487,43.580444]},"properties":{"objtype":"SOUNDG","valsou":25.2,"chart":"US5PWMCE"}},{"type":"Feature","geometry":{"type":"Point","coordinates":[-70.124264,43.5945]},"properties":{"objtype":"SOUNDG","valsou":20.4,"chart":"US5PWMCE"}},{"type":"Feature","geometry":{"type":"Point","coordinates":[-70.123685,43.641454]},"properties":{"objtype":"SOUNDG","valsou":19.2,"chart":"US5PWMCE"}},{"type":"Feature","geometry":{"type":"Point","coordinates":[-70.123577,43.601272]},"properties":{"objtype":"SOUNDG","valsou":20.4,"chart":"US5PWMCE"}},{"type":"Feature","geometry":{"type":"Point","coordinates":[-70.12053,43.625695]},"properties":{"objtype":"SOUNDG","valsou":28.0,"chart":"US5PWMCE"}},{"type":"Feature","geometry":{"type":"Point","coordinates":[-70.123247,43.639772]},"properties":{"objtype":"SOUNDG","valsou":21.6,"chart":"US5PWMCE"}},{"type":"Feature","geometry":{"type":"Point","coordinates":[-70.121682,43.630309]},"properties":{"objtype":"SOUNDG","valsou":25.2,"chart":"US5PWMCE"}},{"type":"Feature","geometry":{"type":"Point","coordinates":[-70.121408,43.616517]},"properties":{"objtype":"SOUNDG","valsou":30.1,"chart":"US5PWMCE"}},{"type":"Feature","geometry":{"type":"Point","coordinates":[-70.12293,43.577086]},"properties":{"objtype":"SOUNDG","valsou":17.3,"chart":"US5PWMCE"}},{"type":"Feature","geometry":{"type":"Point","coordinates":[-70.12155,43.59455]},"properties":{"objtype":"SOUNDG","valsou":21.0,"chart":"US5PWMCE"}},{"type":"Feature","geometry":{"type":"Point","coordinates":[-70.121736,43.646687]},"properties":{"objtype":"SOUNDG","valsou":0.3,"chart":"US5PWMCE"}},{"type":"Feature","geometry":{"type":"Point","coordinates":[-70.122708,43.602842]},"properties":{"objtype":"SOUNDG","valsou":21.9,"chart":"US5PWMCE"}},{"type":"Feature","geometry":{"type":"Point","coordinates":[-70.122655,43.632422]},"properties":{"objtype":"SOUNDG","valsou":32.0,"chart":"US5PWMCE"}},{"type":"Feature","geometry":{"type":"Point","coordinates":[-70.121004,43.611023]},"properties":{"objtype":"SOUNDG","valsou":31.6,"chart":"US5PWMCE"}},{"type":"Feature","geometry":{"type":"Point","coordinates":[-70.122429,43.590348]},"properties":{"objtype":"SOUNDG","valsou":25.6,"chart":"US5PWMCE"}},{"type":"Feature","geometry":{"type":"Point","coordinates":[-70.120755,43.579757]},"properties":{"objtype":"SOUNDG","valsou":13.4,"chart":"US5PWMCE"}},{"type":"Feature","geometry":{"type":"Point","coordinates":[-70.121933,43.6495]},"properties":{"objtype":"SOUNDG","valsou":0.9,"chart":"US5PWMCE"}},{"type":"Feature","geometry":{"type":"Point","coordinates":[-70.122148,43.60588]},"properties":{"objtype":"SOUNDG","valsou":20.1,"chart":"US5PWMCE"}},{"type":"Feature","geometry":{"type":"Point","coordinates":[-70.121603,43.585128]},"properties":{"objtype":"SOUNDG","valsou":25.9,"chart":"US5PWMCE"}},{"type":"Feature","geometry":{"type":"Point","coordinates":[-70.12201,43.623727]},"properties":{"objtype":"SOUNDG","valsou":35.9,"chart":"US5PWMCE"}},{"type":"Feature","geometry":{"type":"Point","coordinates":[-70.121957,43.62112]},"properties":{"objtype":"SOUNDG","valsou":33.2,"chart":"US5PWMCE"}},{"type":"Feature","geometry":{"type":"Point","coordinates":[-70.121839,43.600335]},"properties":{"objtype":"SOUNDG","valsou":21.3,"chart":"US5PWMCE"}},{"type":"Feature","geometry":{"type":"Point","coordinates":[-70.121801,43.634819]},"properties":{"objtype":"SOUNDG","valsou":34.7,"chart":"US5PWMCE"}},{"type":"Feature","geometry":{"type":"Point","coordinates":[-70.121151,43.644464]},"properties":{"objtype":"SOUNDG","valsou":13.1,"chart":"US5PWMCE"}},{"type":"Feature","geometry":{"type":"Point","coordinates":[-70.121657,43.614239]},"properties":{"objtype":"SOUNDG","valsou":28.3,"chart":"US5PWMCE"}},{"type":"Feature","geometry":{"type":"Point","coordinates":[-70.121512,43.593044]},"properties":{"objtype":"SOUNDG","valsou":23.7,"chart":"US5PWMCE"}},{"type":"Feature","geometry":{"type":"Point","coordinates":[-70.121503,43.587323]},"properties":{"objtype":"SOUNDG","valsou":41.4,"chart":"US5PWMCE"}},{"type":"Feature","geometry":{"type":"Point","coordinates":[-70.121172,43.639342]},"properties":{"objtype":"SOUNDG","valsou":25.2,"chart":"US5PWMCE"}},{"type":"Feature","geometry":{"type":"Point","coordinates":[-70.120902,43.607944]},"properties":{"objtype":"SOUNDG","valsou":21.0,"chart":"US5PWMCE"}},{"type":"Feature","geometry":{"type":"Point","coordinates":[-70.117961,43.596797]},"properties":{"objtype":"SOUNDG","valsou":20.7,"chart":"US5PWMCE"}},{"type":"Feature","geometry":{"type":"Point","coordinates":[-70.120373,43.60928]},"properties":{"objtype":"SOUNDG","valsou":19.8,"chart":"US5PWMCE"}},{"type":"Feature","geometry":{"type":"Point","coordinates":[-70.119041,43.581164]},"properties":{"objtype":"SOUNDG","valsou":18.8,"chart":"US5PWMCE"}},{"type":"Feature","geometry":{"type":"Point","coordinates":[-70.119483,43.600975]},"properties":{"objtype":"SOUNDG","valsou":19.5,"chart":"US5PWMCE"}},{"type":"Feature","geometry":{"type":"Point","coordinates":[-70.120278,43.648753]},"properties":{"objtype":"SOUNDG","valsou":0.6,"chart":"US5PWMCE"}},{"type":"Feature","geometry":{"type":"Point","coordinates":[-70.120178,43.586454]},"properties":{"objtype":"SOUNDG","valsou":33.2,"chart":"US5PWMCE"}},{"type":"Feature","geometry":{"type":"Point","coordinates":[-70.119526,43.644112]},"properties":{"objtype":"SOUNDG","valsou":15.5,"chart":"US5PWMCE"}},{"type":"Feature","geometry":{"type":"Point","coordinates":[-70.117501,43.597983]},"properties":{"objtype":"SOUNDG","valsou":20.1,"chart":"US5PWMCE"}},{"type":"Feature","geometry":{"type":"Point","coordinates":[-70.119944,43.640883]},"properties":{"objtype":"SOUNDG","valsou":22.8,"chart":"US5PWMCE"}},{"type":"Feature","geometry":{"type":"Point","coordinates":[-70.119782,43.619857]},"properties":{"objtype":"SOUNDG","valsou":36.2,"chart":"US5PWMCE"}},{"type":"Feature","geometry":{"type":"Point","coordinates":[-70.118345,43.589273]},"properties":{"objtype":"SOUNDG","valsou":27.4,"chart":"US5PWMCE"}},{"type":"Feature","geometry":{"type":"Point","coordinates":[-70.117664,43.614765]},"properties":{"objtype":"SOUNDG","valsou":29.8,"chart":"US5PWMCE"}},{"type":"Feature","geometry":{"type":"Point","coordinates":[-70.119674,43.628151]},"properties":{"objtype":"SOUNDG","valsou":18.8,"chart":"US5PWMCE"}},{"type":"Feature","geometry":{"type":"Point","coordinates":[-70.118629,43.634238]},"properties":{"objtype":"SOUNDG","valsou":24.0,"chart":"US5PWMCE"}},{"type":"Feature","geometry":{"type":"Point","coordinates":[-70.119458,43.645653]},"properties":{"objtype":"SOUNDG","valsou":14.6,"chart":"US5PWMCE"}},{"type":"Feature","geometry":{"type":"Point","coordinates":[-70.11939,43.623778]},"properties":{"objtype":"SOUNDG","valsou":23.1,"chart":"US5PWMCE"}},{"type":"Feature","geometry":{"type":"Point","coordinates":[-70.119371,43.63207]},"properties":{"objtype":"SOUNDG","valsou":21.0,"chart":"US5PWMCE"}},{"type":"Feature","geometry":{"type":"Point","coordinates":[-70.11933,43.615607]},"properties":{"objtype":"SOUNDG","valsou":40.2,"chart":"US5PWMCE"}},{"type":"Feature","geometry":{"type":"Point","coordinates":[-70.118937,43.593923]},"properties":{"objtype":"SOUNDG","valsou":24.0,"chart":"US5PWMCE"}},{"type":"Feature","geometry":{"type":"Point","coordinates":[-70.119039,43.584318]},"properties":{"objtype":"SOUNDG","valsou":25.2,"chart":"US5PWMCE"}},{"type":"Feature","geometry":{"type":"Point","coordinates":[-70.118397,43.576877]},"properties":{"objtype":"SOUNDG","valsou":14.6,"chart":"US5PWMCE"}},{"type":"Feature","geometry":{"type":"Point","coordinates":[-70.118269,43.610923]},"properties":{"objtype":"SOUNDG","valsou":20.1,"chart":"US5PWMCE"}},{"type":"Feature","geometry":{"type":"Point","coordinates":[-70.118144,43.637375]},"properties":{"objtype":"SOUNDG","valsou":21.0,"chart":"US5PWMCE"}},{"type":"Feature","geometry":{"type":"Point","coordinates":[-70.117898,43.57557]},"properties":{"objtype":"SOUNDG","valsou":12.1,"chart":"US5PWMCE"}},{"type":"Feature","geometry":{"type":"Point","coordinates":[-70.117791,43.626531]},"properties":{"objtype":"SOUNDG","valsou":20.1,"chart":"US5PWMCE"}},{"type":"Feature","geometry":{"type":"Point","coordinates":[-70.117728,43.604814]},"properties":{"objtype":"SOUNDG","valsou":21.3,"chart":"US5PWMCE"}},{"type":"Feature","geometry":{"type":"Point","coordinates":[-70.114825,43.591987]},"properties":{"objtype":"SOUNDG","valsou":26.5,"chart":"US5PWMCE"}},{"type":"Feature","geometry":{"type":"Point","coordinates":[-70.114592,43.645378]},"properties":{"objtype":"SOUNDG","valsou":28.3,"chart":"US5PWMCE"}},{"type":"Feature","geometry":{"type":"Point","coordinates":[-70.117288,43.60928]},"properties":{"objtype":"SOUNDG","valsou":21.0,"chart":"US5PWMCE"}},{"type":"Feature","geometry":{"type":"Point","coordinates":[-70.116632,43.589882]},"properties":{"objtype":"SOUNDG","valsou":26.2,"chart":"US5PWMCE"}},{"type":"Feature","geometry":{"type":"Point","coordinates":[-70.117231,43.586092]},"properties":{"objtype":"SOUNDG","valsou":24.9,"chart":"US5PWMCE"}},{"type":"Feature","geometry":{"type":"Point","coordinates":[-70.117142,43.599625]},"properties":{"objtype":"SOUNDG","valsou":22.2,"chart":"US5PWMCE"}},{"type":"Feature","geometry":{"type":"Point","coordinates":[-70.117054,43.647294]},"properties":{"objtype":"SOUNDG","valsou":16.7,"chart":"US5PWMCE"}},{"type":"Feature","geometry":{"type":"Point","coordinates":[-70.116431,43.627574]},"properties":{"objtype":"SOUNDG","valsou":20.7,"chart":"US5PWMCE"}},{"type":"Feature","geometry":{"type":"Point","coordinates":[-70.116897,43.602425]},"properties":{"objtype":"SOUNDG","valsou":20.7,"chart":"US5PWMCE"}},{"type":"Feature","geometry":{"type":"Point","coordinates":[-70.116064,43.610159]},"properties":{"objtype":"SOUNDG","valsou":19.5,"chart":"US5PWMCE"}},{"type":"Feature","geometry":{"type":"Point","coordinates":[-70.116733,43.625324]},"properties":{"objtype":"SOUNDG","valsou":21.9,"chart":"US5PWMCE"}},{"type":"Feature","geometry":{"type":"Point","coordinates":[-70.114996,43.616188]},"properties":{"objtype":"SOUNDG","valsou":26.2,"chart":"US5PWMCE"}},{"type":"Feature","geometry":{"type":"Point","coordinates":[-70.116649,43.585076]},"properties":{"objtype":"SOUNDG","valsou":27.4,"chart":"US5PWMCE"}},{"type":"Feature","geometry":{"type":"Point","coordinates":[-70.11493,43.641473]},"properties":{"objtype":"SOUNDG","valsou":14.9,"chart":"US5PWMCE"}},{"type":"Feature","geometry":{"type":"Point","coordinates":[-70.116513,43.581506]},"properties":{"objtype":"SOUNDG","valsou":35.3,"chart":"US5PWMCE"}},{"type":"Feature","geometry":{"type":"Point","coordinates":[-70.114628,43.639159]},"properties":{"objtype":"SOUNDG","valsou":14.9,"chart":"US5PWMCE"}},{"type":"Feature","geometry":{"type":"Point","coordinates":[-70.116314,43.577007]},"properties":{"objtype":"SOUNDG","valsou":11.5,"chart":"US5PWMCE"}},{"type":"Feature","geometry":{"type":"Point","coordinates":[-70.116217,43.63336]},"properties":{"objtype":"SOUNDG","valsou":21.9,"chart":"US5PWMCE"}},{"type":"Feature","geometry":{"type":"Point","coordinates":[-70.116176,43.620978]},"properties":{"objtype":"SOUNDG","valsou":36.5,"chart":"US5PWMCE"}},{"type":"Feature","geometry":{"type":"Point","coordinates":[-70.115002,43.596115]},"properties":{"objtype":"SOUNDG","valsou":22.8,"chart":"US5PWMCE"}},{"type":"Feature","geometry":{"type":"Point","coordinates":[-70.115953,43.623595]},"properties":{"objtype":"SOUNDG","valsou":24.9,"chart":"US5PWMCE"}},{"type":"Feature","geometry":{"type":"Point","coordinates":[-70.115521,43.613805]},"properties":{"objtype":"SOUNDG","valsou":42.0,"chart":"US5PWMCE"}},{"type":"Feature","geometry":{"type":"Point","coordinates":[-70.115008,43.635062]},"properties":{"objtype":"SOUNDG","valsou":18.8,"chart":"US5PWMCE"}},{"type":"Feature","geometry":{"type":"Point","coordinates":[-70.114845,43.60631]},"properties":{"objtype":"SOUNDG","valsou":23.1,"chart":"US5PWMCE"}},{"type":"Feature","geometry":{"type":"Point","coordinates":[-70.114344,43.576273]},"properties":{"objtype":"SOUNDG","valsou":30.1,"chart":"US5PWMCE"}},{"type":"Feature","geometry":{"type":"Point","coordinates":[-70.114267,43.640394]},"properties":{"objtype":"SOUNDG","valsou":13.4,"chart":"US5PWMCE"}},{"type":"Feature","geometry":{"type":"Point","coordinates":[-70.114195,43.618051]},"properties":{"objtype":"SOUNDG","valsou":23.4,"chart":"US5PWMCE"}},{"type":"Feature","geometry":{"type":"Point","coordinates":[-70.114111,43.604352]},"properties":{"objtype":"SOUNDG","valsou":24.6,"chart":"US5PWMCE"}},{"type":"Feature","geometry":{"type":"Point","coordinates":[-70.113691,43.625377]},"properties":{"objtype":"SOUNDG","valsou":33.8,"chart":"US5PWMCE"}},{"type":"Feature","geometry":{"type":"Point","coordinates":[-70.112426,43.636342]},"properties":{"objtype":"SOUNDG","valsou":21.0,"chart":"US5PWMCE"}},{"type":"Feature","geometry":{"type":"Point","coordinates":[-70.113695,43.593204]},"properties":{"objtype":"SOUNDG","valsou":27.7,"chart":"US5PWMCE"}},{"type":"Feature","geometry":{"type":"Point","coordinates":[-70.11196,43.643348]},"properties":{"objtype":"SOUNDG","valsou":17.6,"chart":"US5PWMCE"}},{"type":"Feature","geometry":{"type":"Point","coordinates":[-70.113745,43.614107]},"properties":{"objtype":"SOUNDG","valsou":31.0,"chart":"US5PWMCE"}},{"type":"Feature","geometry":{"type":"Point","coordinates":[-70.11371,43.610236]},"properties":{"objtype":"SOUNDG","valsou":23.1,"chart":"US5PWMCE"}},{"type":"Feature","geometry":{"type":"Point","coordinates":[-70.113607,43.623261]},"properties":{"objtype":"SOUNDG","valsou":37.1,"chart":"US5PWMCE"}},{"type":"Feature","geometry":{"type":"Point","coordinates":[-70.113534,43.597836]},"properties":{"objtype":"SOUNDG","valsou":25.9,"chart":"US5PWMCE"}},{"type":"Feature","geometry":{"type":"Point","coordinates":[-70.113473,43.584727]},"properties":{"objtype":"SOUNDG","valsou":29.5,"chart":"US5PWMCE"}},{"type":"Feature","geometry":{"type":"Point","coordinates":[-70.113141,43.586815]},"properties":{"objtype":"SOUNDG","valsou":38.4,"chart":"US5PWMCE"}},{"type":"Feature","geometry":{"type":"Point","coordinates":[-70.113129,43.647372]},"properties":{"objtype":"SOUNDG","valsou":16.4,"chart":"US5PWMCE"}},{"type":"Feature","geometry":{"type":"Point","coordinates":[-70.113031,43.637984]},"properties":{"objtype":"SOUNDG","valsou":21.0,"chart":"US5PWMCE"}},{"type":"Feature","geometry":{"type":"Point","coordinates":[-70.112962,43.601415]},"properties":{"objtype":"SOUNDG","valsou":28.9,"chart":"US5PWMCE"}},{"type":"Feature","geometry":{"type":"Point","coordinates":[-70.112874,43.590751]},"properties":{"objtype":"SOUNDG","valsou":20.7,"chart":"US5PWMCE"}},{"type":"Feature","geometry":{"type":"Point","coordinates":[-70.112726,43.607285]},"properties":{"objtype":"SOUNDG","valsou":28.6,"chart":"US5PWMCE"}},{"type":"Feature","geometry":{"type":"Point","coordinates":[-70.111995,43.628219]},"properties":{"objtype":"SOUNDG","valsou":31.3,"chart":"US5PWMCE"}},{"type":"Feature","geometry":{"type":"Point","coordinates":[-70.112527,43.619313]},"properties":{"objtype":"SOUNDG","valsou":29.5,"chart":"US5PWMCE"}},{"type":"Feature","geometry":{"type":"Point","coordinates":[-70.112449,43.57803]},"properties":{"objtype":"SOUNDG","valsou":24.6,"chart":"US5PWMCE"}},{"type":"Feature","geometry":{"type":"Point","coordinates":[-70.112256,43.632464]},"properties":{"objtype":"SOUNDG","valsou":26.8,"chart":"US5PWMCE"}},{"type":"Feature","geometry":{"type":"Point","coordinates":[-70.111866,43.58029]},"properties":{"objtype":"SOUNDG","valsou":12.1,"chart":"US5PWMCE"}},{"type":"Feature","geometry":{"type":"Point","coordinates":[-70.11124,43.623833]},"properties":{"objtype":"SOUNDG","valsou":30.4,"chart":"US5PWMCE"}},{"type":"Feature","geometry":{"type":"Point","coordinates":[-70.108636,43.595593]},"properties":{"objtype":"SOUNDG","valsou":27.1,"chart":"US5PWMCE"}},{"type":"Feature","geometry":{"type":"Point","coordinates":[-70.111475,43.58605]},"properties":{"objtype":"SOUNDG","valsou":19.2,"chart":"US5PWMCE"}},{"type":"Feature","geometry":{"type":"Point","coordinates":[-70.111009,43.584963]},"properties":{"objtype":"SOUNDG","valsou":20.4,"chart":"US5PWMCE"}},{"type":"Feature","geometry":{"type":"Point","coordinates":[-70.109063,43.618105]},"properties":{"objtype":"SOUNDG","valsou":23.1,"chart":"US5PWMCE"}},{"type":"Feature","geometry":{"type":"Point","coordinates":[-70.108824,43.605693]},"properties":{"objtype":"SOUNDG","valsou":23.7,"chart":"US5PWMCE"}},{"type":"Feature","geometry":{"type":"Point","coordinates":[-70.110292,43.61079]},"properties":{"objtype":"SOUNDG","valsou":35.3,"chart":"US5PWMCE"}},{"type":"Feature","geometry":{"type":"Point","coordinates":[-70.110731,43.645868]},"properties":{"objtype":"SOUNDG","valsou":14.9,"chart":"US5PWMCE"}},{"type":"Feature","geometry":{"type":"Point","coordinates":[-70.110892,43.592127]},"properties":{"objtype":"SOUNDG","valsou":21.6,"chart":"US5PWMCE"}},{"type":"Feature","geometry":{"type":"Point","coordinates":[-70.109272,43.619226]},"properties":{"objtype":"SOUNDG","valsou":22.8,"chart":"US5PWMCE"}},{"type":"Feature","geometry":{"type":"Point","coordinates":[-70.109864,43.625282]},"properties":{"objtype":"SOUNDG","valsou":30.7,"chart":"US5PWMCE"}},{"type":"Feature","geometry":{"type":"Point","coordinates":[-70.110991,43.638039]},"properties":{"objtype":"SOUNDG","valsou":26.5,"chart":"US5PWMCE"}},{"type":"Feature","geometry":{"type":"Point","coordinates":[-70.109272,43.598641]},"properties":{"objtype":"SOUNDG","valsou":21.0,"chart":"US5PWMCE"}},{"type":"Feature","geometry":{"type":"Point","coordinates":[-70.109556,43.578238]},"properties":{"objtype":"SOUNDG","valsou":30.4,"chart":"US5PWMCE"}},{"type":"Feature","geometry":{"type":"Point","coordinates":[-70.109952,43.603062]},"properties":{"objtype":"SOUNDG","valsou":35.0,"chart":"US5PWMCE"}},{"type":"Feature","geometry":{"type":"Point","coordinates":[-70.110644,43.61537]},"properties":{"objtype":"SOUNDG","valsou":27.1,"chart":"US5PWMCE"}},{"type":"Feature","geometry":{"type":"Point","coordinates":[-70.109045,43.645456]},"properties":{"objtype":"SOUNDG","valsou":16.1,"chart":"US5PWMCE"}},{"type":"Feature","geometry":{"type":"Point","coordinates":[-70.110283,43.648995]},"properties":{"objtype":"SOUNDG","valsou":25.6,"chart":"US5PWMCE"}},{"type":"Feature","geometry":{"type":"Point","coordinates":[-70.110253,43.590298]},"properties":{"objtype":"SOUNDG","valsou":21.9,"chart":"US5PWMCE"}},{"type":"Feature","geometry":{"type":"Point","coordinates":[-70.109498,43.606626]},"properties":{"objtype":"SOUNDG","valsou":29.2,"chart":"US5PWMCE"}},{"type":"Feature","geometry":{"type":"Point","coordinates":[-70.109936,43.63041]},"properties":{"objtype":"SOUNDG","valsou":33.2,"chart":"US5PWMCE"}},{"type":"Feature","geometry":{"type":"Point","coordinates":[-70.109458,43.631336]},"properties":{"objtype":"SOUNDG","valsou":31.3,"chart":"US5PWMCE"}},{"type":"Feature","geometry":{"type":"Point","coordinates":[-70.109029,43.639586]},"properties":{"objtype":"SOUNDG","valsou":32.6,"chart":"US5PWMCE"}},{"type":"Feature","geometry":{"type":"Point","coordinates":[-70.108919,43.580975]},"properties":{"objtype":"SOUNDG","valsou":19.8,"chart":"US5PWMCE"}},{"type":"Feature","geometry":{"type":"Point","coordinates":[-70.108677,43.634778]},"properties":{"objtype":"SOUNDG","valsou":40.5,"chart":"US5PWMCE"}},{"type":"Feature","geometry":{"type":"Point","coordinates":[-70.108485,43.628068]},"properties":{"objtype":"SOUNDG","valsou":26.2,"chart":"US5PWMCE"}},{"type":"Feature","geometry":{"type":"Point","coordinates":[-70.107377,43.600576]},"properties":{"objtype":"SOUNDG","valsou":19.2,"chart":"US5PWMCE"}},{"type":"Feature","geometry":{"type":"Point","coordinates":[-70.108395,43.583608]},"properties":{"objtype":"SOUNDG","valsou":14.3,"chart":"US5PWMCE"}},{"type":"Feature","geometry":{"type":"Point","coordinates":[-70.108349,43.588014]},"properties":{"objtype":"SOUNDG","valsou":21.6,"chart":"US5PWMCE"}},{"type":"Feature","geometry":{"type":"Point","coordinates":[-70.108302,43.641221]},"properties":{"objtype":"SOUNDG","valsou":28.9,"chart":"US5PWMCE"}},{"type":"Feature","geometry":{"type":"Point","coordinates":[-70.108158,43.57575]},"properties":{"objtype":"SOUNDG","valsou":15.5,"chart":"US5PWMCE"}},{"type":"Feature","geometry":{"type":"Point","coordinates":[-70.108157,43.619533]},"properties":{"objtype":"SOUNDG","valsou":23.1,"chart":"US5PWMCE"}},{"type":"Feature","geometry":{"type":"Point","coordinates":[-70.108145,43.607724]},"properties":{"objtype":"SOUNDG","valsou":21.9,"chart":"US5PWMCE"}},{"type":"Feature","geometry":{"type":"Point","coordinates":[-70.105958,43.613991]},"properties":{"objtype":"SOUNDG","valsou":21.9,"chart":"US5PWMCE"}},{"type":"Feature","geometry":{"type":"Point","coordinates":[-70.10781,43.62664]},"properties":{"objtype":"SOUNDG","valsou":26.2,"chart":"US5PWMCE"}},{"type":"Feature","geometry":{"type":"Point","coordinates":[-70.107304,43.644246]},"properties":{"objtype":"SOUNDG","valsou":17.9,"chart":"US5PWMCE"}},{"type":"Feature","geometry":{"type":"Point","coordinates":[-70.106734,43.63542]},"properties":{"objtype":"SOUNDG","valsou":41.4,"chart":"US5PWMCE"}},{"type":"Feature","geometry":{"type":"Point","coordinates":[-70.106636,43.590289]},"properties":{"objtype":"SOUNDG","valsou":18.5,"chart":"US5PWMCE"}},{"type":"Feature","geometry":{"type":"Point","coordinates":[-70.106273,43.606375]},"properties":{"objtype":"SOUNDG","valsou":20.4,"chart":"US5PWMCE"}},{"type":"Feature","geometry":{"type":"Point","coordinates":[-70.105986,43.595875]},"properties":{"objtype":"SOUNDG","valsou":16.1,"chart":"US5PWMCE"}},{"type":"Feature","geometry":{"type":"Point","coordinates":[-70.105377,43.647679]},"properties":{"objtype":"SOUNDG","valsou":17.3,"chart":"US5PWMCE"}},{"type":"Feature","geometry":{"type":"Point","coordinates":[-70.10518,43.640366]},"properties":{"objtype":"SOUNDG","valsou":17.9,"chart":"US5PWMCE"}},{"type":"Feature","geometry":{"type":"Point","coordinates":[-70.105245,43.620849]},"properties":{"objtype":"SOUNDG","valsou":21.9,"chart":"US5PWMCE"}},{"type":"Feature","geometry":{"type":"Point","coordinates":[-70.105106,43.626742]},"properties":{"objtype":"SOUNDG","valsou":42.9,"chart":"US5PWMCE"}},{"type":"Feature","geometry":{"type":"Point","coordinates":[-70.104589,43.617079]},"properties":{"objtype":"SOUNDG","valsou":27.4,"chart":"US5PWMCE"}},{"type":"Feature","geometry":{"type":"Point","coordinates":[-70.104491,43.610848]},"properties":{"objtype":"SOUNDG","valsou":23.4,"chart":"US5PWMCE"}},{"type":"Feature","geometry":{"type":"Point","coordinates":[-70.104386,43.60378]},"properties":{"objtype":"SOUNDG","valsou":15.5,"chart":"US5PWMCE"}},{"type":"Feature","geometry":{"type":"Point","coordinates":[-70.104337,43.623651]},"properties":{"objtype":"SOUNDG","valsou":37.4,"chart":"US5PWMCE"}},{"type":"Feature","geometry":{"type":"Point","coordinates":[-70.104253,43.631964]},"properties":{"objtype":"SOUNDG","valsou":38.7,"chart":"US5PWMCE"}},{"type":"Feature","geometry":{"type":"Point","coordinates":[-70.104079,43.592884]},"properties":{"objtype":"SOUNDG","valsou":19.5,"chart":"US5PWMCE"}},{"type":"Feature","geometry":{"type":"Point","coordinates":[-70.104072,43.645236]},"properties":{"objtype":"SOUNDG","valsou":18.8,"chart":"US5PWMCE"}},{"type":"Feature","geometry":{"type":"Point","coordinates":[-70.103827,43.597546]},"properties":{"objtype":"SOUNDG","valsou":11.5,"chart":"US5PWMCE"}},{"type":"Feature","geometry":{"type":"Point","coordinates":[-70.103652,43.588181]},"properties":{"objtype":"SOUNDG","valsou":25.9,"chart":"US5PWMCE"}},{"type":"Feature","geometry":{"type":"Point","coordinates":[-70.103253,43.637328]},"properties":{"objtype":"SOUNDG","valsou":21.9,"chart":"US5PWMCE"}},{"type":"Feature","geometry":{"type":"Point","coordinates":[-70.103233,43.595768]},"properties":{"objtype":"SOUNDG","valsou":15.8,"chart":"US5PWMCE"}},{"type":"Feature","geometry":{"type":"Point","coordinates":[-70.102171,43.605908]},"properties":{"objtype":"SOUNDG","valsou":17.6,"chart":"US5PWMCE"}},{"type":"Feature","geometry":{"type":"Point","coordinates":[-70.102059,43.591203]},"properties":{"objtype":"SOUNDG","valsou":17.0,"chart":"US5PWMCE"}},{"type":"Feature","geometry":{"type":"Point","coordinates":[-70.10185,43.627361]},"properties":{"objtype":"SOUNDG","valsou":29.5,"chart":"US5PWMCE"}},{"type":"Feature","geometry":{"type":"Point","coordinates":[-70.101717,43.602262]},"properties":{"objtype":"SOUNDG","valsou":32.0,"chart":"US5PWMCE"}},{"type":"Feature","geometry":{"type":"Point","coordinates":[-70.101647,43.586266]},"properties":{"objtype":"SOUNDG","valsou":13.4,"chart":"US5PWMCE"}},{"type":"Feature","geometry":{"type":"Point","coordinates":[-70.101514,43.643891]},"properties":{"objtype":"SOUNDG","valsou":35.9,"chart":"US5PWMCE"}},{"type":"Feature","geometry":{"type":"Point","coordinates":[-70.101416,43.613672]},"properties":{"objtype":"SOUNDG","valsou":17.3,"chart":"US5PWMCE"}},{"type":"Feature","geometry":{"type":"Point","coordinates":[-70.101373,43.647708]},"properties":{"objtype":"SOUNDG","valsou":24.0,"chart":"US5PWMCE"}},{"type":"Feature","geometry":{"type":"Point","coordinates":[-70.101011,43.634025]},"properties":{"objtype":"SOUNDG","valsou":22.5,"chart":"US5PWMCE"}},{"type":"Feature","geometry":{"type":"Point","coordinates":[-70.100767,43.608208]},"properties":{"objtype":"SOUNDG","valsou":22.2,"chart":"US5PWMCE"}},{"type":"Feature","geometry":{"type":"Point","coordinates":[-70.100368,43.62998]},"properties":{"objtype":"SOUNDG","valsou":22.5,"chart":"US5PWMCE"}},{"type":"Feature","geometry":{"type":"Point","coordinates":[-70.099659,43.64061]},"properties":{"objtype":"SOUNDG","valsou":37.4,"chart":"US5PWMCE"}},{"type":"Feature","geometry":{"type":"Point","coordinates":[-70.099586,43.599257]},"properties":{"objtype":"SOUNDG","valsou":13.4,"chart":"US5PWMCE"}},{"type":"Feature","geometry":{"type":"Point","coordinates":[-70.099188,43.588333]},"properties":{"objtype":"SOUNDG","valsou":10.0,"chart":"US5PWMCE"}},{"type":"Feature","geometry":{"type":"Point","coordinates":[-70.099104,43.619581]},"properties":{"objtype":"SOUNDG","valsou":20.1,"chart":"US5PWMCE"}},{"type":"Feature","geometry":{"type":"Point","coordinates":[-70.098685,43.597023]},"properties":{"objtype":"SOUNDG","valsou":24.9,"chart":"US5PWMCE"}},{"type":"Feature","geometry":{"type":"Point","coordinates":[-70.098349,43.622977]},"properties":{"objtype":"SOUNDG","valsou":24.6,"chart":"US5PWMCE"}},{"type":"Feature","geometry":{"type":"Point","coordinates":[-70.098269,43.646617]},"properties":{"objtype":"SOUNDG","valsou":37.1,"chart":"US5PWMCE"}},{"type":"Feature","geometry":{"type":"Point","coordinates":[-70.09814,43.617013]},"properties":{"objtype":"SOUNDG","valsou":14.6,"chart":"US5PWMCE"}},{"type":"Feature","geometry":{"type":"Point","coordinates":[-70.0978,43.610585]},"properties":{"objtype":"SOUNDG","valsou":20.4,"chart":"US5PWMCE"}},{"type":"Feature","geometry":{"type":"Point","coordinates":[-70.097678,43.635933]},"properties":{"objtype":"SOUNDG","valsou":39.0,"chart":"US5PWMCE"}},{"type":"Feature","geometry":{"type":"Point","coordinates":[-70.097532,43.606918]},"properties":{"objtype":"SOUNDG","valsou":19.2,"chart":"US5PWMCE"}},{"type":"Feature","geometry":{"type":"Point","coordinates":[-70.0973,43.644369]},"properties":{"objtype":"SOUNDG","valsou":31.0,"chart":"US5PWMCE"}},{"type":"Feature","geometry":{"type":"Point","coordinates":[-70.096749,43.604344]},"properties":{"objtype":"SOUNDG","valsou":21.9,"chart":"US5PWMCE"}},{"type":"Feature","geometry":{"type":"Point","coordinates":[-70.096567,43.590538]},"properties":{"objtype":"SOUNDG","valsou":11.8,"chart":"US5PWMCE"}},{"type":"Feature","geometry":{"type":"Point","coordinates":[-70.09654,43.639543]},"properties":{"objtype":"SOUNDG","valsou":20.4,"chart":"US5PWMCE"}},{"type":"Feature","geometry":{"type":"Point","coordinates":[-70.096497,43.62496]},"properties":{"objtype":"SOUNDG","valsou":17.9,"chart":"US5PWMCE"}},{"type":"Feature","geometry":{"type":"Point","coordinates":[-70.094499,43.5926]},"properties":{"objtype":"SOUNDG","valsou":11.2,"chart":"US5PWMCE"}},{"type":"Feature","geometry":{"type":"Point","coordinates":[-70.095372,43.616937]},"properties":{"objtype":"SOUNDG","valsou":14.0,"chart":"US5PWMCE"}},{"type":"Feature","geometry":{"type":"Point","coordinates":[-70.095177,43.598856]},"properties":{"objtype":"SOUNDG","valsou":18.2,"chart":"US5PWMCE"}},{"type":"Feature","geometry":{"type":"Point","coordinates":[-70.095009,43.621595]},"properties":{"objtype":"SOUNDG","valsou":16.4,"chart":"US5PWMCE"}},{"type":"Feature","geometry":{"type":"Point","coordinates":[-70.094883,43.630497]},"properties":{"objtype":"SOUNDG","valsou":19.5,"chart":"US5PWMCE"}},{"type":"Feature","geometry":{"type":"Point","coordinates":[-70.094688,43.596388]},"properties":{"objtype":"SOUNDG","valsou":40.5,"chart":"US5PWMCE"}},{"type":"Feature","geometry":{"type":"Point","coordinates":[-70.094192,43.589212]},"properties":{"objtype":"SOUNDG","valsou":11.2,"chart":"US5PWMCE"}},{"type":"Feature","geometry":{"type":"Point","coordinates":[-70.094041,43.609301]},"properties":{"objtype":"SOUNDG","valsou":21.0,"chart":"US5PWMCE"}},{"type":"Feature","geometry":{"type":"Point","coordinates":[-70.093947,43.632619]},"properties":{"objtype":"SOUNDG","valsou":21.0,"chart":"US5PWMCE"}},{"type":"Feature","geometry":{"type":"Point","coordinates":[-70.093835,43.613824]},"properties":{"objtype":"SOUNDG","valsou":25.9,"chart":"US5PWMCE"}},{"type":"Feature","geometry":{"type":"Point","coordinates":[-70.093453,43.643086]},"properties":{"objtype":"SOUNDG","valsou":23.4,"chart":"US5PWMCE"}},{"type":"Feature","geometry":{"type":"Point","coordinates":[-70.093406,43.649797]},"properties":{"objtype":"SOUNDG","valsou":38.7,"chart":"US5PWMCE"}},{"type":"Feature","geometry":{"type":"Point","coordinates":[-70.093318,43.635953]},"properties":{"objtype":"SOUNDG","valsou":21.9,"chart":"US5PWMCE"}},{"type":"Feature","geometry":{"type":"Point","coordinates":[-70.09331,43.638042]},"properties":{"objtype":"SOUNDG","valsou":29.8,"chart":"US5PWMCE"}},{"type":"Feature","geometry":{"type":"Point","coordinates":[-70.093227,43.586368]},"properties":{"objtype":"SOUNDG","valsou":16.4,"chart":"US5PWMCE"}},{"type":"Feature","geometry":{"type":"Point","coordinates":[-70.09271,43.603934]},"properties":{"objtype":"SOUNDG","valsou":31.0,"chart":"US5PWMCE"}},{"type":"Feature","geometry":{"type":"Point","coordinates":[-70.092572,43.646499]},"properties":{"objtype":"SOUNDG","valsou":38.7,"chart":"US5PWMCE"}},{"type":"Feature","geometry":{"type":"Point","coordinates":[-70.092571,43.626995]},"properties":{"objtype":"SOUNDG","valsou":19.2,"chart":"US5PWMCE"}},{"type":"Feature","geometry":{"type":"Point","coordinates":[-70.091571,43.606619]},"properties":{"objtype":"SOUNDG","valsou":40.2,"chart":"US5PWMCE"}},{"type":"Feature","geometry":{"type":"Point","coordinates":[-70.09074,43.59986]},"properties":{"objtype":"SOUNDG","valsou":33.5,"chart":"US5PWMCE"}},{"type":"Feature","geometry":{"type":"Point","coordinates":[-70.090398,43.589603]},"properties":{"objtype":"SOUNDG","valsou":38.7,"chart":"US5PWMCE"}},{"type":"Feature","geometry":{"type":"Point","coordinates":[-70.090251,43.618479]},"properties":{"objtype":"SOUNDG","valsou":14.0,"chart":"US5PWMCE"}},{"type":"Feature","geometry":{"type":"Point","coordinates":[-70.090146,43.623747]},"properties":{"objtype":"SOUNDG","valsou":13.7,"chart":"US5PWMCE"}},{"type":"Feature","geometry":{"type":"Point","coordinates":[-70.088659,43.642042]},"properties":{"objtype":"SOUNDG","valsou":17.0,"chart":"US5PWMCE"}},{"type":"Feature","geometry":{"type":"Point","coordinates":[-70.089284,43.644568]},"properties":{"objtype":"SOUNDG","valsou":19.5,"chart":"US5PWMCE"}},{"type":"Feature","geometry":{"type":"Point","coordinates":[-70.089252,43.609122]},"properties":{"objtype":"SOUNDG","valsou":28.3,"chart":"US5PWMCE"}},{"type":"Feature","geometry":{"type":"Point","coordinates":[-70.089245,43.611721]},"properties":{"objtype":"SOUNDG","valsou":37.4,"chart":"US5PWMCE"}},{"type":"Feature","geometry":{"type":"Point","coordinates":[-70.089154,43.587197]},"properties":{"objtype":"SOUNDG","valsou":13.1,"chart":"US5PWMCE"}},{"type":"Feature","geometry":{"type":"Point","coordinates":[-70.088665,43.594473]},"properties":{"objtype":"SOUNDG","valsou":7.3,"chart":"US5PWMCE"}},{"type":"Feature","geometry":{"type":"Point","coordinates":[-70.088659,43.64898]},"properties":{"objtype":"SOUNDG","valsou":20.4,"chart":"US5PWMCE"}},{"type":"Feature","geometry":{"type":"Point","coordinates":[-70.088497,43.621072]},"properties":{"objtype":"SOUNDG","valsou":12.4,"chart":"US5PWMCE"}},{"type":"Feature","geometry":{"type":"Point","coordinates":[-70.088322,43.597124]},"properties":{"objtype":"SOUNDG","valsou":12.8,"chart":"US5PWMCE"}},{"type":"Feature","geometry":{"type":"Point","coordinates":[-70.08805,43.630619]},"properties":{"objtype":"SOUNDG","valsou":19.5,"chart":"US5PWMCE"}},{"type":"Feature","geometry":{"type":"Point","coordinates":[-70.084885,43.635633]},"properties":{"objtype":"SOUNDG","valsou":19.2,"chart":"US5PWMCE"}},{"type":"Feature","geometry":{"type":"Point","coordinates":[-70.086911,43.625666]},"properties":{"objtype":"SOUNDG","valsou":10.6,"chart":"US5PWMCE"}},{"type":"Feature","geometry":{"type":"Point","coordinates":[-70.086722,43.603562]},"properties":{"objtype":"SOUNDG","valsou":52.1,"chart":"US5PWMCE"}},{"type":"Feature","geometry":{"type":"Point","coordinates":[-70.086471,43.607162]},"properties":{"objtype":"SOUNDG","valsou":43.2,"chart":"US5PWMCE"}},{"type":"Feature","geometry":{"type":"Point","coordinates":[-70.086296,43.645227]},"properties":{"objtype":"SOUNDG","valsou":19.5,"chart":"US5PWMCE"}},{"type":"Feature","geometry":{"type":"Point","coordinates":[-70.086247,43.587232]},"properties":{"objtype":"SOUNDG","valsou":9.7,"chart":"US5PWMCE"}},{"type":"Feature","geometry":{"type":"Point","coordinates":[-70.085409,43.589151]},"properties":{"objtype":"SOUNDG","valsou":11.8,"chart":"US5PWMCE"}},{"type":"Feature","geometry":{"type":"Point","coordinates":[-70.085821,43.619839]},"properties":{"objtype":"SOUNDG","valsou":24.9,"chart":"US5PWMCE"}},{"type":"Feature","geometry":{"type":"Point","coordinates":[-70.085583,43.628127]},"properties":{"objtype":"SOUNDG","valsou":13.1,"chart":"US5PWMCE"}},{"type":"Feature","geometry":{"type":"Point","coordinates":[-70.085507,43.597642]},"properties":{"objtype":"SOUNDG","valsou":9.7,"chart":"US5PWMCE"}},{"type":"Feature","geometry":{"type":"Point","coordinates":[-70.085486,43.614164]},"properties":{"objtype":"SOUNDG","valsou":42.0,"chart":"US5PWMCE"}},{"type":"Feature","geometry":{"type":"Point","coordinates":[-70.085461,43.610273]},"properties":{"objtype":"SOUNDG","valsou":46.0,"chart":"US5PWMCE"}},{"type":"Feature","geometry":{"type":"Point","coordinates":[-70.084522,43.63795]},"properties":{"objtype":"SOUNDG","valsou":19.2,"chart":"US5PWMCE"}},{"type":"Feature","geometry":{"type":"Point","coordinates":[-70.08433,43.647829]},"properties":{"objtype":"SOUNDG","valsou":14.3,"chart":"US5PWMCE"}},{"type":"Feature","geometry":{"type":"Point","coordinates":[-70.08399,43.601714]},"properties":{"objtype":"SOUNDG","valsou":17.6,"chart":"US5PWMCE"}},{"type":"Feature","geometry":{"type":"Point","coordinates":[-70.083124,43.596521]},"properties":{"objtype":"SOUNDG","valsou":34.1,"chart":"US5PWMCE"}},{"type":"Feature","geometry":{"type":"Point","coordinates":[-70.083117,43.594011]},"properties":{"objtype":"SOUNDG","valsou":14.0,"chart":"US5PWMCE"}},{"type":"Feature","geometry":{"type":"Point","coordinates":[-70.082845,43.649093]},"properties":{"objtype":"SOUNDG","valsou":16.4,"chart":"US5PWMCE"}},{"type":"Feature","geometry":{"type":"Point","coordinates":[-70.082823,43.630386]},"properties":{"objtype":"SOUNDG","valsou":19.5,"chart":"US5PWMCE"}},{"type":"Feature","geometry":{"type":"Point","coordinates":[-70.082691,43.633477]},"properties":{"objtype":"SOUNDG","valsou":39.3,"chart":"US5PWMCE"}},{"type":"Feature","geometry":{"type":"Point","coordinates":[-70.082368,43.64531]},"properties":{"objtype":"SOUNDG","valsou":17.0,"chart":"US5PWMCE"}},{"type":"Feature","geometry":{"type":"Point","coordinates":[-70.081398,43.605486]},"properties":{"objtype":"SOUNDG","valsou":28.3,"chart":"US5PWMCE"}},{"type":"Feature","geometry":{"type":"Point","coordinates":[-70.081146,43.591289]},"properties":{"objtype":"SOUNDG","valsou":15.8,"chart":"US5PWMCE"}},{"type":"Feature","geometry":{"type":"Point","coordinates":[-70.081054,43.642829]},"properties":{"objtype":"SOUNDG","valsou":13.7,"chart":"US5PWMCE"}},{"type":"Feature","geometry":{"type":"Point","coordinates":[-70.080811,43.625874]},"properties":{"objtype":"SOUNDG","valsou":18.8,"chart":"US5PWMCE"}},{"type":"Feature","geometry":{"type":"Point","coordinates":[-70.080748,43.622757]},"properties":{"objtype":"SOUNDG","valsou":20.4,"chart":"US5PWMCE"}},{"type":"Feature","geometry":{"type":"Point","coordinates":[-70.080706,43.598253]},"properties":{"objtype":"SOUNDG","valsou":26.2,"chart":"US5PWMCE"}},{"type":"Feature","geometry":{"type":"Point","coordinates":[-70.079889,43.601612]},"properties":{"objtype":"SOUNDG","valsou":22.2,"chart":"US5PWMCE"}},{"type":"Feature","geometry":{"type":"Point","coordinates":[-70.079882,43.648293]},"properties":{"objtype":"SOUNDG","valsou":22.5,"chart":"US5PWMCE"}},{"type":"Feature","geometry":{"type":"Point","coordinates":[-70.079833,43.58781]},"properties":{"objtype":"SOUNDG","valsou":15.8,"chart":"US5PWMCE"}},{"type":"Feature","geometry":{"type":"Point","coordinates":[-70.079651,43.611325]},"properties":{"objtype":"SOUNDG","valsou":30.7,"chart":"US5PWMCE"}},{"type":"Feature","geometry":{"type":"Point","coordinates":[-70.079644,43.628802]},"properties":{"objtype":"SOUNDG","valsou":19.2,"chart":"US5PWMCE"}},{"type":"Feature","geometry":{"type":"Point","coordinates":[-70.079302,43.617794]},"properties":{"objtype":"SOUNDG","valsou":41.4,"chart":"US5PWMCE"}},{"type":"Feature","geometry":{"type":"Point","coordinates":[-70.079295,43.608736]},"properties":{"objtype":"SOUNDG","valsou":53.3,"chart":"US5PWMCE"}},{"type":"Feature","geometry":{"type":"Point","coordinates":[-70.078945,43.620597]},"properties":{"objtype":"SOUNDG","valsou":35.9,"chart":"US5PWMCE"}},{"type":"Feature","geometry":{"type":"Point","coordinates":[-70.078915,43.637474]},"properties":{"objtype":"SOUNDG","valsou":21.9,"chart":"US5PWMCE"}},{"type":"Feature","geometry":{"type":"Point","coordinates":[-70.07865,43.639827]},"properties":{"objtype":"SOUNDG","valsou":17.0,"chart":"US5PWMCE"}},{"type":"Feature","geometry":{"type":"Point","coordinates":[-70.078086,43.594692]},"properties":{"objtype":"SOUNDG","valsou":10.9,"chart":"US5PWMCE"}},{"type":"Feature","geometry":{"type":"Point","coordinates":[-70.077529,43.64174]},"properties":{"objtype":"SOUNDG","valsou":16.7,"chart":"US5PWMCE"}},{"type":"Feature","geometry":{"type":"Point","coordinates":[-70.077059,43.606361]},"properties":{"objtype":"SOUNDG","valsou":28.6,"chart":"US5PWMCE"}},{"type":"Feature","geometry":{"type":"Point","coordinates":[-70.07687,43.62732]},"properties":{"objtype":"SOUNDG","valsou":12.8,"chart":"US5PWMCE"}},{"type":"Feature","geometry":{"type":"Point","coordinates":[-70.076675,43.613407]},"properties":{"objtype":"SOUNDG","valsou":13.7,"chart":"US5PWMCE"}},{"type":"Feature","geometry":{"type":"Point","coordinates":[-70.076577,43.647596]},"properties":{"objtype":"SOUNDG","valsou":15.5,"chart":"US5PWMCE"}},{"type":"Feature","geometry":{"type":"Point","coordinates":[-70.076486,43.635791]},"properties":{"objtype":"SOUNDG","valsou":47.2,"chart":"US5PWMCE"}},{"type":"Feature","geometry":{"type":"Point","coordinates":[-70.076123,43.632101]},"properties":{"objtype":"SOUNDG","valsou":20.1,"chart":"US5PWMCE"}},{"type":"Feature","geometry":{"type":"Point","coordinates":[-70.075493,43.590616]},"properties":{"objtype":"SOUNDG","valsou":15.5,"chart":"US5PWMCE"}},{"type":"Feature","geometry":{"type":"Point","coordinates":[-70.075487,43.610396]},"properties":{"objtype":"SOUNDG","valsou":23.1,"chart":"US5PWMCE"}},{"type":"Feature","geometry":{"type":"Point","coordinates":[-70.075249,43.599399]},"properties":{"objtype":"SOUNDG","valsou":9.1,"chart":"US5PWMCE"}},{"type":"Feature","geometry":{"type":"Point","coordinates":[-70.075207,43.593488]},"properties":{"objtype":"SOUNDG","valsou":23.4,"chart":"US5PWMCE"}},{"type":"Feature","geometry":{"type":"Point","coordinates":[-70.074662,43.619758]},"properties":{"objtype":"SOUNDG","valsou":42.3,"chart":"US5PWMCE"}},{"type":"Feature","geometry":{"type":"Point","coordinates":[-70.074243,43.606806]},"properties":{"objtype":"SOUNDG","valsou":45.1,"chart":"US5PWMCE"}},{"type":"Feature","geometry":{"type":"Point","coordinates":[-70.072727,43.601506]},"properties":{"objtype":"SOUNDG","valsou":3.9,"chart":"US5PWMCE"}},{"type":"Feature","geometry":{"type":"Point","coordinates":[-70.073894,43.631015]},"properties":{"objtype":"SOUNDG","valsou":20.4,"chart":"US5PWMCE"}},{"type":"Feature","geometry":{"type":"Point","coordinates":[-70.073575,43.641288]},"properties":{"objtype":"SOUNDG","valsou":16.4,"chart":"US5PWMCE"}},{"type":"Feature","geometry":{"type":"Point","coordinates":[-70.073404,43.624341]},"properties":{"objtype":"SOUNDG","valsou":48.4,"chart":"US5PWMCE"}},{"type":"Feature","geometry":{"type":"Point","coordinates":[-70.073363,43.636329]},"properties":{"objtype":"SOUNDG","valsou":22.8,"chart":"US5PWMCE"}},{"type":"Feature","geometry":{"type":"Point","coordinates":[-70.072978,43.586901]},"properties":{"objtype":"SOUNDG","valsou":14.0,"chart":"US5PWMCE"}},{"type":"Feature","geometry":{"type":"Point","coordinates":[-70.07255,43.644843]},"properties":{"objtype":"SOUNDG","valsou":22.2,"chart":"US5PWMCE"}},{"type":"Feature","geometry":{"type":"Point","coordinates":[-70.072398,43.593102]},"properties":{"objtype":"SOUNDG","valsou":15.8,"chart":"US5PWMCE"}},{"type":"Feature","geometry":{"type":"Point","coordinates":[-70.072238,43.598587]},"properties":{"objtype":"SOUNDG","valsou":8.5,"chart":"US5PWMCE"}},{"type":"Feature","geometry":{"type":"Point","coordinates":[-70.072224,43.615058]},"properties":{"objtype":"SOUNDG","valsou":12.8,"chart":"US5PWMCE"}},{"type":"Feature","geometry":{"type":"Point","coordinates":[-70.071972,43.629087]},"properties":{"objtype":"SOUNDG","valsou":40.5,"chart":"US5PWMCE"}},{"type":"Feature","geometry":{"type":"Point","coordinates":[-70.071226,43.649254]},"properties":{"objtype":"SOUNDG","valsou":21.3,"chart":"US5PWMCE"}},{"type":"Feature","geometry":{"type":"Point","coordinates":[-70.071106,43.596358]},"properties":{"objtype":"SOUNDG","valsou":31.6,"chart":"US5PWMCE"}},{"type":"Feature","geometry":{"type":"Point","coordinates":[-70.070905,43.643727]},"properties":{"objtype":"SOUNDG","valsou":42.3,"chart":"US5PWMCE"}},{"type":"Feature","geometry":{"type":"Point","coordinates":[-70.070658,43.600536]},"properties":{"objtype":"SOUNDG","valsou":4.8,"chart":"US5PWMCE"}},{"type":"Feature","geometry":{"type":"Point","coordinates":[-70.070655,43.61714]},"properties":{"objtype":"SOUNDG","valsou":21.6,"chart":"US5PWMCE"}},{"type":"Feature","geometry":{"type":"Point","coordinates":[-70.070072,43.607969]},"properties":{"objtype":"SOUNDG","valsou":19.2,"chart":"US5PWMCE"}},{"type":"Feature","geometry":{"type":"Point","coordinates":[-70.069778,43.588999]},"properties":{"objtype":"SOUNDG","valsou":14.3,"chart":"US5PWMCE"}},{"type":"Feature","geometry":{"type":"Point","coordinates":[-70.069659,43.622823]},"properties":{"objtype":"SOUNDG","valsou":26.2,"chart":"US5PWMCE"}},{"type":"Feature","geometry":{"type":"Point","coordinates":[-70.069582,43.58616]},"properties":{"objtype":"SOUNDG","valsou":21.6,"chart":"US5PWMCE"}},{"type":"Feature","geometry":{"type":"Point","coordinates":[-70.068881,43.646847]},"properties":{"objtype":"SOUNDG","valsou":23.7,"chart":"US5PWMCE"}},{"type":"Feature","geometry":{"type":"Point","coordinates":[-70.068856,43.614012]},"properties":{"objtype":"SOUNDG","valsou":57.6,"chart":"US5PWMCE"}},{"type":"Feature","geometry":{"type":"Point","coordinates":[-70.068828,43.635628]},"properties":{"objtype":"SOUNDG","valsou":52.7,"chart":"US5PWMCE"}},{"type":"Feature","geometry":{"type":"Point","coordinates":[-70.068772,43.605278]},"properties":{"objtype":"SOUNDG","valsou":10.0,"chart":"US5PWMCE"}},{"type":"Feature","geometry":{"type":"Point","coordinates":[-70.068751,43.595068]},"properties":{"objtype":"SOUNDG","valsou":19.2,"chart":"US5PWMCE"}},{"type":"Feature","geometry":{"type":"Point","coordinates":[-70.068384,43.641685]},"properties":{"objtype":"SOUNDG","valsou":32.9,"chart":"US5PWMCE"}},{"type":"Feature","geometry":{"type":"Point","coordinates":[-70.067905,43.601622]},"properties":{"objtype":"SOUNDG","valsou":7.6,"chart":"US5PWMCE"}},{"type":"Feature","geometry":{"type":"Point","coordinates":[-70.067759,43.607619]},"properties":{"objtype":"SOUNDG","valsou":12.1,"chart":"US5PWMCE"}},{"type":"Feature","geometry":{"type":"Point","coordinates":[-70.067277,43.626224]},"properties":{"objtype":"SOUNDG","valsou":28.6,"chart":"US5PWMCE"}},{"type":"Feature","geometry":{"type":"Point","coordinates":[-70.067046,43.591061]},"properties":{"objtype":"SOUNDG","valsou":11.2,"chart":"US5PWMCE"}},{"type":"Feature","geometry":{"type":"Point","coordinates":[-70.067018,43.587973]},"properties":{"objtype":"SOUNDG","valsou":14.0,"chart":"US5PWMCE"}},{"type":"Feature","geometry":{"type":"Point","coordinates":[-70.066981,43.631735]},"properties":{"objtype":"SOUNDG","valsou":36.2,"chart":"US5PWMCE"}},{"type":"Feature","geometry":{"type":"Point","coordinates":[-70.066645,43.63925]},"properties":{"objtype":"SOUNDG","valsou":51.5,"chart":"US5PWMCE"}},{"type":"Feature","geometry":{"type":"Point","coordinates":[-70.066201,43.610015]},"properties":{"objtype":"SOUNDG","valsou":12.4,"chart":"US5PWMCE"}},{"type":"Feature","geometry":{"type":"Point","coordinates":[-70.066111,43.646005]},"properties":{"objtype":"SOUNDG","valsou":20.1,"chart":"US5PWMCE"}},{"type":"Feature","geometry":{"type":"Point","coordinates":[-70.065977,43.617094]},"properties":{"objtype":"SOUNDG","valsou":50.5,"chart":"US5PWMCE"}},{"type":"Feature","geometry":{"type":"Point","coordinates":[-70.065362,43.613814]},"properties":{"objtype":"SOUNDG","valsou":21.3,"chart":"US5PWMCE"}},{"type":"Feature","geometry":{"type":"Point","coordinates":[-70.065215,43.589837]},"properties":{"objtype":"SOUNDG","valsou":12.4,"chart":"US5PWMCE"}},{"type":"Feature","geometry":{"type":"Point","coordinates":[-70.065034,43.595504]},"properties":{"objtype":"SOUNDG","valsou":17.3,"chart":"US5PWMCE"}},{"type":"Feature","geometry":{"type":"Point","coordinates":[-70.06465,43.604994]},"properties":{"objtype":"SOUNDG","valsou":8.2,"chart":"US5PWMCE"}},{"type":"Feature","geometry":{"type":"Point","coordinates":[-70.064216,43.592757]},"properties":{"objtype":"SOUNDG","valsou":15.2,"chart":"US5PWMCE"}},{"type":"Feature","geometry":{"type":"Point","coordinates":[-70.063748,43.598069]},"properties":{"objtype":"SOUNDG","valsou":19.5,"chart":"US5PWMCE"}},{"type":"Feature","geometry":{"type":"Point","coordinates":[-70.063629,43.619824]},"properties":{"objtype":"SOUNDG","valsou":56.0,"chart":"US5PWMCE"}},{"type":"Feature","geometry":{"type":"Point","coordinates":[-70.063511,43.636457]},"properties":{"objtype":"SOUNDG","valsou":53.6,"chart":"US5PWMCE"}},{"type":"Feature","geometry":{"type":"Point","coordinates":[-70.063217,43.629981]},"properties":{"objtype":"SOUNDG","valsou":39.0,"chart":"US5PWMCE"}},{"type":"Feature","geometry":{"type":"Point","coordinates":[-70.063161,43.601044]},"properties":{"objtype":"SOUNDG","valsou":22.8,"chart":"US5PWMCE"}},{"type":"Feature","geometry":{"type":"Point","coordinates":[-70.062952,43.643204]},"properties":{"objtype":"SOUNDG","valsou":52.4,"chart":"US5PWMCE"}},{"type":"Feature","geometry":{"type":"Point","coordinates":[-70.062742,43.587592]},"properties":{"objtype":"SOUNDG","valsou":21.6,"chart":"US5PWMCE"}},{"type":"Feature","geometry":{"type":"Point","coordinates":[-70.06243,43.649565]},"properties":{"objtype":"SOUNDG","valsou":28.0,"chart":"US5PWMCE"}},{"type":"Feature","geometry":{"type":"Point","coordinates":[-70.062176,43.614073]},"properties":{"objtype":"SOUNDG","valsou":42.6,"chart":"US5PWMCE"}},{"type":"Feature","geometry":{"type":"Point","coordinates":[-70.062113,43.61653]},"properties":{"objtype":"SOUNDG","valsou":25.6,"chart":"US5PWMCE"}},{"type":"Feature","geometry":{"type":"Point","coordinates":[-70.06205,43.62396]},"properties":{"objtype":"SOUNDG","valsou":57.3,"chart":"US5PWMCE"}},{"type":"Feature","geometry":{"type":"Point","coordinates":[-70.061624,43.611518]},"properties":{"objtype":"SOUNDG","valsou":24.0,"chart":"US5PWMCE"}},{"type":"Feature","geometry":{"type":"Point","coordinates":[-70.060778,43.594834]},"properties":{"objtype":"SOUNDG","valsou":13.1,"chart":"US5PWMCE"}},{"type":"Feature","geometry":{"type":"Point","coordinates":[-70.060359,43.609391]},"properties":{"objtype":"SOUNDG","valsou":18.5,"chart":"US5PWMCE"}},{"type":"Feature","geometry":{"type":"Point","coordinates":[-70.060157,43.621498]},"properties":{"objtype":"SOUNDG","valsou":32.6,"chart":"US5PWMCE"}},{"type":"Feature","geometry":{"type":"Point","coordinates":[-70.060115,43.591173]},"properties":{"objtype":"SOUNDG","valsou":23.4,"chart":"US5PWMCE"}},{"type":"Feature","geometry":{"type":"Point","coordinates":[-70.060092,43.638902]},"properties":{"objtype":"SOUNDG","valsou":46.3,"chart":"US5PWMCE"}},{"type":"Feature","geometry":{"type":"Point","coordinates":[-70.059751,43.598323]},"properties":{"objtype":"SOUNDG","valsou":28.6,"chart":"US5PWMCE"}},{"type":"Feature","geometry":{"type":"Point","coordinates":[-70.059339,43.585997]},"properties":{"objtype":"SOUNDG","valsou":26.5,"chart":"US5PWMCE"}},{"type":"Feature","geometry":{"type":"Point","coordinates":[-70.059227,43.62929]},"properties":{"objtype":"SOUNDG","valsou":56.0,"chart":"US5PWMCE"}},{"type":"Feature","geometry":{"type":"Point","coordinates":[-70.058724,43.604263]},"properties":{"objtype":"SOUNDG","valsou":44.1,"chart":"US5PWMCE"}},{"type":"Feature","geometry":{"type":"Point","coordinates":[-70.058626,43.634715]},"properties":{"objtype":"SOUNDG","valsou":55.7,"chart":"US5PWMCE"}},{"type":"Feature","geometry":{"type":"Point","coordinates":[-70.058274,43.64478]},"properties":{"objtype":"SOUNDG","valsou":56.9,"chart":"US5PWMCE"}},{"type":"Feature","geometry":{"type":"Point","coordinates":[-70.058032,43.59713]},"properties":{"objtype":"SOUNDG","valsou":17.3,"chart":"US5PWMCE"}},{"type":"Feature","geometry":{"type":"Point","coordinates":[-70.057401,43.649858]},"properties":{"objtype":"SOUNDG","valsou":55.1,"chart":"US5PWMCE"}},{"type":"Feature","geometry":{"type":"Point","coordinates":[-70.057327,43.600322]},"properties":{"objtype":"SOUNDG","valsou":21.6,"chart":"US5PWMCE"}},{"type":"Feature","geometry":{"type":"Point","coordinates":[-70.057222,43.593347]},"properties":{"objtype":"SOUNDG","valsou":27.7,"chart":"US5PWMCE"}},{"type":"Feature","geometry":{"type":"Point","coordinates":[-70.057026,43.613397]},"properties":{"objtype":"SOUNDG","valsou":55.1,"chart":"US5PWMCE"}},{"type":"Feature","geometry":{"type":"Point","coordinates":[-70.056383,43.625427]},"properties":{"objtype":"SOUNDG","valsou":29.5,"chart":"US5PWMCE"}},{"type":"Feature","geometry":{"type":"Point","coordinates":[-70.0563,43.61656]},"properties":{"objtype":"SOUNDG","valsou":56.9,"chart":"US5PWMCE"}},{"type":"Feature","geometry":{"type":"Point","coordinates":[-70.056136,43.642096]},"properties":{"objtype":"SOUNDG","valsou":60.9,"chart":"US5PWMCE"}},{"type":"Feature","geometry":{"type":"Point","coordinates":[-70.055998,43.637999]},"properties":{"objtype":"SOUNDG","valsou":62.1,"chart":"US5PWMCE"}},{"type":"Feature","geometry":{"type":"Point","coordinates":[-70.055393,43.647275]},"properties":{"objtype":"SOUNDG","valsou":56.9,"chart":"US5PWMCE"}},{"type":"Feature","geometry":{"type":"Point","coordinates":[-70.055322,43.588278]},"properties":{"objtype":"SOUNDG","valsou":29.5,"chart":"US5PWMCE"}},{"type":"Feature","geometry":{"type":"Point","coordinates":[-70.054751,43.629327]},"properties":{"objtype":"SOUNDG","valsou":34.7,"chart":"US5PWMCE"}},{"type":"Feature","geometry":{"type":"Point","coordinates":[-70.054623,43.59134]},"properties":{"objtype":"SOUNDG","valsou":39.3,"chart":"US5PWMCE"}},{"type":"Feature","geometry":{"type":"Point","coordinates":[-70.054602,43.610071]},"properties":{"objtype":"SOUNDG","valsou":41.7,"chart":"US5PWMCE"}},{"type":"Feature","geometry":{"type":"Point","coordinates":[-70.054259,43.604994]},"properties":{"objtype":"SOUNDG","valsou":28.9,"chart":"US5PWMCE"}},{"type":"Feature","geometry":{"type":"Point","coordinates":[-70.053931,43.622092]},"properties":{"objtype":"SOUNDG","valsou":57.3,"chart":"US5PWMCE"}},{"type":"Feature","geometry":{"type":"Point","coordinates":[-70.053658,43.596922]},"properties":{"objtype":"SOUNDG","valsou":24.3,"chart":"US5PWMCE"}},{"type":"Feature","geometry":{"type":"Point","coordinates":[-70.053561,43.635811]},"properties":{"objtype":"SOUNDG","valsou":32.3,"chart":"US5PWMCE"}},{"type":"Feature","geometry":{"type":"Point","coordinates":[-70.053498,43.600983]},"properties":{"objtype":"SOUNDG","valsou":19.5,"chart":"US5PWMCE"}},{"type":"Feature","geometry":{"type":"Point","coordinates":[-70.053379,43.6333]},"properties":{"objtype":"SOUNDG","valsou":44.8,"chart":"US5PWMCE"}},{"type":"Feature","geometry":{"type":"Point","coordinates":[-70.052995,43.619271]},"properties":{"objtype":"SOUNDG","valsou":38.1,"chart":"US5PWMCE"}},{"type":"Feature","geometry":{"type":"Point","coordinates":[-70.052513,43.615377]},"properties":{"objtype":"SOUNDG","valsou":46.9,"chart":"US5PWMCE"}},{"type":"Feature","geometry":{"type":"Point","coordinates":[-70.052492,43.627143]},"properties":{"objtype":"SOUNDG","valsou":62.7,"chart":"US5PWMCE"}},{"type":"Feature","geometry":{"type":"Point","coordinates":[-70.051691,43.64501]},"properties":{"objtype":"SOUNDG","valsou":62.1,"chart":"US5PWMCE"}},{"type":"Feature","geometry":{"type":"Point","coordinates":[-70.051367,43.593011]},"properties":{"objtype":"SOUNDG","valsou":21.6,"chart":"US5PWMCE"}},{"type":"Feature","geometry":{"type":"Point","coordinates":[-70.051367,43.624519]},"properties":{"objtype":"SOUNDG","valsou":42.0,"chart":"US5PWMCE"}},{"type":"Feature","geometry":{"type":"Point","coordinates":[-70.051206,43.631397]},"properties":{"objtype":"SOUNDG","valsou":63.0,"chart":"US5PWMCE"}},{"type":"Feature","geometry":{"type":"Point","coordinates":[-70.051136,43.588918]},"properties":{"objtype":"SOUNDG","valsou":41.1,"chart":"US5PWMCE"}},{"type":"Feature","geometry":{"type":"Point","coordinates":[-70.05085,43.586764]},"properties":{"objtype":"SOUNDG","valsou":26.2,"chart":"US5PWMCE"}},{"type":"Feature","geometry":{"type":"Point","coordinates":[-70.050375,43.607177]},"properties":{"objtype":"SOUNDG","valsou":47.8,"chart":"US5PWMCE"}},{"type":"Feature","geometry":{"type":"Point","coordinates":[-70.105634,43.578994]},"properties":{"objtype":"SOUNDG","valsou":17.9,"chart":"US5PWMCE"}},{"type":"Feature","geometry":{"type":"Point","coordinates":[-70.105015,43.584885]},"properties":{"objtype":"SOUNDG","valsou":7.9,"chart":"US5PWMCE"}},{"type":"Feature","geometry":{"type":"Point","coordinates":[-70.104275,43.582401]},"properties":{"objtype":"SOUNDG","valsou":46.0,"chart":"US5PWMCE"}},{"type":"Feature","geometry":{"type":"Point","coordinates":[-70.102858,43.577994]},"properties":{"objtype":"SOUNDG","valsou":32.0,"chart":"US5PWMCE"}},{"type":"Feature","geometry":{"type":"Point","coordinates":[-70.10233,43.579774]},"properties":{"objtype":"SOUNDG","valsou":11.8,"chart":"US5PWMCE"}},{"type":"Feature","geometry":{"type":"Point","coordinates":[-70.102327,43.575958]},"properties":{"objtype":"SOUNDG","valsou":13.4,"chart":"US5PWMCE"}},{"type":"Feature","geometry":{"type":"Point","coordinates":[-70.098096,43.578721]},"properties":{"objtype":"SOUNDG","valsou":17.6,"chart":"US5PWMCE"}},{"type":"Feature","geometry":{"type":"Point","coordinates":[-70.096861,43.58491]},"properties":{"objtype":"SOUNDG","valsou":43.2,"chart":"US5PWMCE"}},{"type":"Feature","geometry":{"type":"Point","coordinates":[-70.096015,43.57558]},"properties":{"objtype":"SOUNDG","valsou":18.2,"chart":"US5PWMCE"}},{"type":"Feature","geometry":{"type":"Point","coordinates":[-70.095995,43.581617]},"properties":{"objtype":"SOUNDG","valsou":17.0,"chart":"US5PWMCE"}},{"type":"Feature","geometry":{"type":"Point","coordinates":[-70.094538,43.58371]},"properties":{"objtype":"SOUNDG","valsou":17.3,"chart":"US5PWMCE"}},{"type":"Feature","geometry":{"type":"Point","coordinates":[-70.092692,43.582207]},"properties":{"objtype":"SOUNDG","valsou":17.9,"chart":"US5PWMCE"}},{"type":"Feature","geometry":{"type":"Point","coordinates":[-70.091578,43.577879]},"properties":{"objtype":"SOUNDG","valsou":29.2,"chart":"US5PWMCE"}},{"type":"Feature","geometry":{"type":"Point","coordinates":[-70.089776,43.584819]},"properties":{"objtype":"SOUNDG","valsou":9.4,"chart":"US5PWMCE"}},{"type":"Feature","geometry":{"type":"Point","coordinates":[-70.088898,43.581944]},"properties":{"objtype":"SOUNDG","valsou":17.3,"chart":"US5PWMCE"}},{"type":"Feature","geometry":{"type":"Point","coordinates":[-70.086083,43.579836]},"properties":{"objtype":"SOUNDG","valsou":15.8,"chart":"US5PWMCE"}},{"type":"Feature","geometry":{"type":"Point","coordinates":[-70.084202,43.576824]},"properties":{"objtype":"SOUNDG","valsou":13.1,"chart":"US5PWMCE"}},{"type":"Feature","geometry":{"type":"Point","coordinates":[-70.083823,43.584494]},"properties":{"objtype":"SOUNDG","valsou":16.1,"chart":"US5PWMCE"}},{"type":"Feature","geometry":{"type":"Point","coordinates":[-70.080748,43.579915]},"properties":{"objtype":"SOUNDG","valsou":21.9,"chart":"US5PWMCE"}},{"type":"Feature","geometry":{"type":"Point","coordinates":[-70.078199,43.576129]},"properties":{"objtype":"SOUNDG","valsou":19.5,"chart":"US5PWMCE"}},{"type":"Feature","geometry":{"type":"Point","coordinates":[-70.077904,43.585647]},"properties":{"objtype":"SOUNDG","valsou":22.2,"chart":"US5PWMCE"}},{"type":"Feature","geometry":{"type":"Point","coordinates":[-70.076941,43.582781]},"properties":{"objtype":"SOUNDG","valsou":23.4,"chart":"US5PWMCE"}},{"type":"Feature","geometry":{"type":"Point","coordinates":[-70.076027,43.578903]},"properties":{"objtype":"SOUNDG","valsou":14.3,"chart":"US5PWMCE"}},{"type":"Feature","geometry":{"type":"Point","coordinates":[-70.074023,43.575024]},"properties":{"objtype":"SOUNDG","valsou":24.0,"chart":"US5PWMCE"}},{"type":"Feature","geometry":{"type":"Point","coordinates":[-70.072859,43.580884]},"properties":{"objtype":"SOUNDG","valsou":22.5,"chart":"US5PWMCE"}},{"type":"Feature","geometry":{"type":"Point","coordinates":[-70.071694,43.583391]},"properties":{"objtype":"SOUNDG","valsou":11.8,"chart":"US5PWMCE"}},{"type":"Feature","geometry":{"type":"Point","coordinates":[-70.069328,43.575928]},"properties":{"objtype":"SOUNDG","valsou":20.7,"chart":"US5PWMCE"}},{"type":"Feature","geometry":{"type":"Point","coordinates":[-70.068171,43.581902]},"properties":{"objtype":"SOUNDG","valsou":22.2,"chart":"US5PWMCE"}},{"type":"Feature","geometry":{"type":"Point","coordinates":[-70.066879,43.584295]},"properties":{"objtype":"SOUNDG","valsou":17.6,"chart":"US5PWMCE"}},{"type":"Feature","geometry":{"type":"Point","coordinates":[-70.066713,43.579037]},"properties":{"objtype":"SOUNDG","valsou":21.0,"chart":"US5PWMCE"}},{"type":"Feature","geometry":{"type":"Point","coordinates":[-70.063755,43.583751]},"properties":{"objtype":"SOUNDG","valsou":18.8,"chart":"US5PWMCE"}},{"type":"Feature","geometry":{"type":"Point","coordinates":[-70.061689,43.580152]},"properties":{"objtype":"SOUNDG","valsou":27.7,"chart":"US5PWMCE"}},{"type":"Feature","geometry":{"type":"Point","coordinates":[-70.057992,43.576592]},"properties":{"objtype":"SOUNDG","valsou":35.0,"chart":"US5PWMCE"}},{"type":"Feature","geometry":{"type":"Point","coordinates":[-70.056793,43.582896]},"properties":{"objtype":"SOUNDG","valsou":26.2,"chart":"US5PWMCE"}},{"type":"Feature","geometry":{"type":"Point","coordinates":[-70.056055,43.579835]},"properties":{"objtype":"SOUNDG","valsou":31.6,"chart":"US5PWMCE"}},{"type":"Feature","geometry":{"type":"Point","coordinates":[-70.051304,43.584275]},"properties":{"objtype":"SOUNDG","valsou":32.6,"chart":"US5PWMCE"}},{"type":"Feature","geometry":{"type":"Point","coordinates":[-70.305753,43.65736]},"properties":{"objtype":"SOUNDG","valsou":0.1,"chart":"US5PWMDB"}},{"type":"Feature","geometry":{"type":"Point","coordinates":[-70.302645,43.655968]},"properties":{"objtype":"SOUNDG","valsou":0.6,"chart":"US5PWMDB"}},{"type":"Feature","geometry":{"type":"Point","coordinates":[-70.301373,43.653916]},"properties":{"objtype":"SOUNDG","valsou":0.9,"chart":"US5PWMDB"}},{"type":"Feature","geometry":{"type":"Point","coordinates":[-70.299759,43.651598]},"properties":{"objtype":"SOUNDG","valsou":0.1,"chart":"US5PWMDB"}},{"type":"Feature","geometry":{"type":"Point","coordinates":[-70.298505,43.650787]},"properties":{"objtype":"SOUNDG","valsou":1.5,"chart":"US5PWMDB"}},{"type":"Feature","geometry":{"type":"Point","coordinates":[-70.297316,43.650714]},"properties":{"objtype":"SOUNDG","valsou":0.1,"chart":"US5PWMDB"}},{"type":"Feature","geometry":{"type":"Point","coordinates":[-70.262719,43.674536]},"properties":{"objtype":"SOUNDG","valsou":0.3,"chart":"US5PWMDC"}},{"type":"Feature","geometry":{"type":"Point","coordinates":[-70.261563,43.716418]},"properties":{"objtype":"SOUNDG","valsou":1.2,"chart":"US5PWMDC"}},{"type":"Feature","geometry":{"type":"Point","coordinates":[-70.260228,43.674825]},"properties":{"objtype":"SOUNDG","valsou":0.3,"chart":"US5PWMDC"}},{"type":"Feature","geometry":{"type":"Point","coordinates":[-70.261389,43.671284]},"properties":{"objtype":"SOUNDG","valsou":0.3,"chart":"US5PWMDC"}},{"type":"Feature","geometry":{"type":"Point","coordinates":[-70.260273,43.675615]},"properties":{"objtype":"SOUNDG","valsou":5.7,"chart":"US5PWMDC"}},{"type":"Feature","geometry":{"type":"Point","coordinates":[-70.258091,43.675084]},"properties":{"objtype":"SOUNDG","valsou":2.7,"chart":"US5PWMDC"}},{"type":"Feature","geometry":{"type":"Point","coordinates":[-70.255802,43.715869]},"properties":{"objtype":"SOUNDG","valsou":1.5,"chart":"US5PWMDC"}},{"type":"Feature","geometry":{"type":"Point","coordinates":[-70.254343,43.675879]},"properties":{"objtype":"SOUNDG","valsou":2.1,"chart":"US5PWMDC"}},{"type":"Feature","geometry":{"type":"Point","coordinates":[-70.254002,43.715523]},"properties":{"objtype":"SOUNDG","valsou":0.9,"chart":"US5PWMDC"}},{"type":"Feature","geometry":{"type":"Point","coordinates":[-70.253868,43.696407]},"properties":{"objtype":"SOUNDG","valsou":0.3,"chart":"US5PWMDC"}},{"type":"Feature","geometry":{"type":"Point","coordinates":[-70.251357,43.693692]},"properties":{"objtype":"SOUNDG","valsou":0.1,"chart":"US5PWMDC"}},{"type":"Feature","geometry":{"type":"Point","coordinates":[-70.252012,43.69651]},"properties":{"objtype":"SOUNDG","valsou":1.5,"chart":"US5PWMDC"}},{"type":"Feature","geometry":{"type":"Point","coordinates":[-70.251879,43.675215]},"properties":{"objtype":"SOUNDG","valsou":4.2,"chart":"US5PWMDC"}},{"type":"Feature","geometry":{"type":"Point","coordinates":[-70.250702,43.691839]},"properties":{"objtype":"SOUNDG","valsou":0.9,"chart":"US5PWMDC"}},{"type":"Feature","geometry":{"type":"Point","coordinates":[-70.249737,43.677119]},"properties":{"objtype":"SOUNDG","valsou":0.3,"chart":"US5PWMDC"}},{"type":"Feature","geometry":{"type":"Point","coordinates":[-70.250143,43.714031]},"properties":{"objtype":"SOUNDG","valsou":0.6,"chart":"US5PWMDC"}},{"type":"Feature","geometry":{"type":"Point","coordinates":[-70.248178,43.69078]},"properties":{"objtype":"SOUNDG","valsou":0.3,"chart":"US5PWMDC"}},{"type":"Feature","geometry":{"type":"Point","coordinates":[-70.247347,43.709788]},"properties":{"objtype":"SOUNDG","valsou":0.6,"chart":"US5PWMDC"}},{"type":"Feature","geometry":{"type":"Point","coordinates":[-70.248473,43.712187]},"properties":{"objtype":"SOUNDG","valsou":0.3,"chart":"US5PWMDC"}},{"type":"Feature","geometry":{"type":"Point","coordinates":[-70.246962,43.702695]},"properties":{"objtype":"SOUNDG","valsou":0.3,"chart":"US5PWMDC"}},{"type":"Feature","geometry":{"type":"Point","coordinates":[-70.248042,43.683886]},"properties":{"objtype":"SOUNDG","valsou":0.6,"chart":"US5PWMDC"}},{"type":"Feature","geometry":{"type":"Point","coordinates":[-70.246939,43.658545]},"properties":{"objtype":"SOUNDG","valsou":0.9,"chart":"US5PWMDC"}},{"type":"Feature","geometry":{"type":"Point","coordinates":[-70.246664,43.701241]},"properties":{"objtype":"SOUNDG","valsou":0.6,"chart":"US5PWMDC"}},{"type":"Feature","geometry":{"type":"Point","coordinates":[-70.247774,43.676066]},"properties":{"objtype":"SOUNDG","valsou":0.3,"chart":"US5PWMDC"}},{"type":"Feature","geometry":{"type":"Point","coordinates":[-70.247654,43.679954]},"properties":{"objtype":"SOUNDG","valsou":0.1,"chart":"US5PWMDC"}},{"type":"Feature","geometry":{"type":"Point","coordinates":[-70.247632,43.699216]},"properties":{"objtype":"SOUNDG","valsou":0.9,"chart":"US5PWMDC"}},{"type":"Feature","geometry":{"type":"Point","coordinates":[-70.247632,43.705624]},"properties":{"objtype":"SOUNDG","valsou":1.2,"chart":"US5PWMDC"}},{"type":"Feature","geometry":{"type":"Point","coordinates":[-70.246191,43.709407]},"properties":{"objtype":"SOUNDG","valsou":2.1,"chart":"US5PWMDC"}},{"type":"Feature","geometry":{"type":"Point","coordinates":[-70.246055,43.70795]},"properties":{"objtype":"SOUNDG","valsou":0.3,"chart":"US5PWMDC"}},{"type":"Feature","geometry":{"type":"Point","coordinates":[-70.246085,43.683736]},"properties":{"objtype":"SOUNDG","valsou":0.1,"chart":"US5PWMDC"}},{"type":"Feature","geometry":{"type":"Point","coordinates":[-70.246468,43.657832]},"properties":{"objtype":"SOUNDG","valsou":4.5,"chart":"US5PWMDC"}},{"type":"Feature","geometry":{"type":"Point","coordinates":[-70.245818,43.679031]},"properties":{"objtype":"SOUNDG","valsou":0.3,"chart":"US5PWMDC"}},{"type":"Feature","geometry":{"type":"Point","coordinates":[-70.245803,43.691685]},"properties":{"objtype":"SOUNDG","valsou":2.4,"chart":"US5PWMDC"}},{"type":"Feature","geometry":{"type":"Point","coordinates":[-70.244289,43.677989]},"properties":{"objtype":"SOUNDG","valsou":0.3,"chart":"US5PWMDC"}},{"type":"Feature","geometry":{"type":"Point","coordinates":[-70.245279,43.651561]},"properties":{"objtype":"SOUNDG","valsou":3.3,"chart":"US5PWMDC"}},{"type":"Feature","geometry":{"type":"Point","coordinates":[-70.245,43.68974]},"properties":{"objtype":"SOUNDG","valsou":0.6,"chart":"US5PWMDC"}},{"type":"Feature","geometry":{"type":"Point","coordinates":[-70.244375,43.672229]},"properties":{"objtype":"SOUNDG","valsou":0.3,"chart":"US5PWMDC"}},{"type":"Feature","geometry":{"type":"Point","coordinates":[-70.241408,43.67787]},"properties":{"objtype":"SOUNDG","valsou":2.1,"chart":"US5PWMDC"}},{"type":"Feature","geometry":{"type":"Point","coordinates":[-70.243428,43.673423]},"properties":{"objtype":"SOUNDG","valsou":0.6,"chart":"US5PWMDC"}},{"type":"Feature","geometry":{"type":"Point","coordinates":[-70.24337,43.681283]},"properties":{"objtype":"SOUNDG","valsou":0.6,"chart":"US5PWMDC"}},{"type":"Feature","geometry":{"type":"Point","coordinates":[-70.242763,43.69057]},"properties":{"objtype":"SOUNDG","valsou":0.3,"chart":"US5PWMDC"}},{"type":"Feature","geometry":{"type":"Point","coordinates":[-70.242237,43.682533]},"properties":{"objtype":"SOUNDG","valsou":0.3,"chart":"US5PWMDC"}},{"type":"Feature","geometry":{"type":"Point","coordinates":[-70.242854,43.688626]},"properties":{"objtype":"SOUNDG","valsou":0.6,"chart":"US5PWMDC"}},{"type":"Feature","geometry":{"type":"Point","coordinates":[-70.24265,43.687068]},"properties":{"objtype":"SOUNDG","valsou":0.1,"chart":"US5PWMDC"}},{"type":"Feature","geometry":{"type":"Point","coordinates":[-70.241423,43.672446]},"properties":{"objtype":"SOUNDG","valsou":0.6,"chart":"US5PWMDC"}},{"type":"Feature","geometry":{"type":"Point","coordinates":[-70.240778,43.662303]},"properties":{"objtype":"SOUNDG","valsou":2.7,"chart":"US5PWMDC"}},{"type":"Feature","geometry":{"type":"Point","coordinates":[-70.240131,43.680963]},"properties":{"objtype":"SOUNDG","valsou":0.6,"chart":"US5PWMDC"}},{"type":"Feature","geometry":{"type":"Point","coordinates":[-70.238811,43.690426]},"properties":{"objtype":"SOUNDG","valsou":0.1,"chart":"US5PWMDC"}},{"type":"Feature","geometry":{"type":"Point","coordinates":[-70.237685,43.684411]},"properties":{"objtype":"SOUNDG","valsou":0.1,"chart":"US5PWMDC"}},{"type":"Feature","geometry":{"type":"Point","coordinates":[-70.239771,43.673881]},"properties":{"objtype":"SOUNDG","valsou":1.2,"chart":"US5PWMDC"}},{"type":"Feature","geometry":{"type":"Point","coordinates":[-70.239735,43.670406]},"properties":{"objtype":"SOUNDG","valsou":0.9,"chart":"US5PWMDC"}},{"type":"Feature","geometry":{"type":"Point","coordinates":[-70.238486,43.685292]},"properties":{"objtype":"SOUNDG","valsou":0.1,"chart":"US5PWMDC"}},{"type":"Feature","geometry":{"type":"Point","coordinates":[-70.2388,43.677211]},"properties":{"objtype":"SOUNDG","valsou":1.8,"chart":"US5PWMDC"}},{"type":"Feature","geometry":{"type":"Point","coordinates":[-70.238267,43.668989]},"properties":{"objtype":"SOUNDG","valsou":0.6,"chart":"US5PWMDC"}},{"type":"Feature","geometry":{"type":"Point","coordinates":[-70.237748,43.666084]},"properties":{"objtype":"SOUNDG","valsou":1.5,"chart":"US5PWMDC"}},{"type":"Feature","geometry":{"type":"Point","coordinates":[-70.237484,43.692045]},"properties":{"objtype":"SOUNDG","valsou":0.1,"chart":"US5PWMDC"}},{"type":"Feature","geometry":{"type":"Point","coordinates":[-70.237469,43.672589]},"properties":{"objtype":"SOUNDG","valsou":1.5,"chart":"US5PWMDC"}},{"type":"Feature","geometry":{"type":"Point","coordinates":[-70.234853,43.656028]},"properties":{"objtype":"SOUNDG","valsou":1.5,"chart":"US5PWMDC"}},{"type":"Feature","geometry":{"type":"Point","coordinates":[-70.237217,43.680482]},"properties":{"objtype":"SOUNDG","valsou":0.3,"chart":"US5PWMDC"}},{"type":"Feature","geometry":{"type":"Point","coordinates":[-70.237197,43.670627]},"properties":{"objtype":"SOUNDG","valsou":1.8,"chart":"US5PWMDC"}},{"type":"Feature","geometry":{"type":"Point","coordinates":[-70.237025,43.667142]},"properties":{"objtype":"SOUNDG","valsou":1.8,"chart":"US5PWMDC"}},{"type":"Feature","geometry":{"type":"Point","coordinates":[-70.236471,43.685964]},"properties":{"objtype":"SOUNDG","valsou":0.1,"chart":"US5PWMDC"}},{"type":"Feature","geometry":{"type":"Point","coordinates":[-70.23566,43.68221]},"properties":{"objtype":"SOUNDG","valsou":0.6,"chart":"US5PWMDC"}},{"type":"Feature","geometry":{"type":"Point","coordinates":[-70.236536,43.676659]},"properties":{"objtype":"SOUNDG","valsou":2.7,"chart":"US5PWMDC"}},{"type":"Feature","geometry":{"type":"Point","coordinates":[-70.233982,43.681037]},"properties":{"objtype":"SOUNDG","valsou":0.1,"chart":"US5PWMDC"}},{"type":"Feature","geometry":{"type":"Point","coordinates":[-70.233356,43.683555]},"properties":{"objtype":"SOUNDG","valsou":0.3,"chart":"US5PWMDC"}},{"type":"Feature","geometry":{"type":"Point","coordinates":[-70.232529,43.677578]},"properties":{"objtype":"SOUNDG","valsou":1.8,"chart":"US5PWMDC"}},{"type":"Feature","geometry":{"type":"Point","coordinates":[-70.232585,43.67549]},"properties":{"objtype":"SOUNDG","valsou":2.7,"chart":"US5PWMDC"}},{"type":"Feature","geometry":{"type":"Point","coordinates":[-70.23144,43.654668]},"properties":{"objtype":"SOUNDG","valsou":3.3,"chart":"US5PWMDC"}},{"type":"Feature","geometry":{"type":"Point","coordinates":[-70.229275,43.686567]},"properties":{"objtype":"SOUNDG","valsou":0.3,"chart":"US5PWMDC"}},{"type":"Feature","geometry":{"type":"Point","coordinates":[-70.231189,43.680503]},"properties":{"objtype":"SOUNDG","valsou":1.2,"chart":"US5PWMDC"}},{"type":"Feature","geometry":{"type":"Point","coordinates":[-70.229316,43.65054]},"properties":{"objtype":"SOUNDG","valsou":0.9,"chart":"US5PWMDC"}},{"type":"Feature","geometry":{"type":"Point","coordinates":[-70.231144,43.676589]},"properties":{"objtype":"SOUNDG","valsou":2.1,"chart":"US5PWMDC"}},{"type":"Feature","geometry":{"type":"Point","coordinates":[-70.23059,43.67488]},"properties":{"objtype":"SOUNDG","valsou":2.4,"chart":"US5PWMDC"}},{"type":"Feature","geometry":{"type":"Point","coordinates":[-70.230222,43.683201]},"properties":{"objtype":"SOUNDG","valsou":0.9,"chart":"US5PWMDC"}},{"type":"Feature","geometry":{"type":"Point","coordinates":[-70.228812,43.69522]},"properties":{"objtype":"SOUNDG","valsou":0.3,"chart":"US5PWMDC"}},{"type":"Feature","geometry":{"type":"Point","coordinates":[-70.228671,43.692844]},"properties":{"objtype":"SOUNDG","valsou":0.3,"chart":"US5PWMDC"}},{"type":"Feature","geometry":{"type":"Point","coordinates":[-70.22851,43.697478]},"properties":{"objtype":"SOUNDG","valsou":0.1,"chart":"US5PWMDC"}},{"type":"Feature","geometry":{"type":"Point","coordinates":[-70.228394,43.678803]},"properties":{"objtype":"SOUNDG","valsou":2.4,"chart":"US5PWMDC"}},{"type":"Feature","geometry":{"type":"Point","coordinates":[-70.228356,43.676205]},"properties":{"objtype":"SOUNDG","valsou":2.7,"chart":"US5PWMDC"}},{"type":"Feature","geometry":{"type":"Point","coordinates":[-70.227965,43.67383]},"properties":{"objtype":"SOUNDG","valsou":2.7,"chart":"US5PWMDC"}},{"type":"Feature","geometry":{"type":"Point","coordinates":[-70.22724,43.699105]},"properties":{"objtype":"SOUNDG","valsou":0.1,"chart":"US5PWMDC"}},{"type":"Feature","geometry":{"type":"Point","coordinates":[-70.226837,43.683915]},"properties":{"objtype":"SOUNDG","valsou":2.4,"chart":"US5PWMDC"}},{"type":"Feature","geometry":{"type":"Point","coordinates":[-70.226817,43.686094]},"properties":{"objtype":"SOUNDG","valsou":2.4,"chart":"US5PWMDC"}},{"type":"Feature","geometry":{"type":"Point","coordinates":[-70.226779,43.696195]},"properties":{"objtype":"SOUNDG","valsou":0.9,"chart":"US5PWMDC"}},{"type":"Feature","geometry":{"type":"Point","coordinates":[-70.226699,43.6914]},"properties":{"objtype":"SOUNDG","valsou":1.2,"chart":"US5PWMDC"}},{"type":"Feature","geometry":{"type":"Point","coordinates":[-70.225956,43.689534]},"properties":{"objtype":"SOUNDG","valsou":0.9,"chart":"US5PWMDC"}},{"type":"Feature","geometry":{"type":"Point","coordinates":[-70.225291,43.69812]},"properties":{"objtype":"SOUNDG","valsou":0.6,"chart":"US5PWMDC"}},{"type":"Feature","geometry":{"type":"Point","coordinates":[-70.225233,43.672061]},"properties":{"objtype":"SOUNDG","valsou":2.7,"chart":"US5PWMDC"}},{"type":"Feature","geometry":{"type":"Point","coordinates":[-70.224588,43.692261]},"properties":{"objtype":"SOUNDG","valsou":2.1,"chart":"US5PWMDC"}},{"type":"Feature","geometry":{"type":"Point","coordinates":[-70.224719,43.68484]},"properties":{"objtype":"SOUNDG","valsou":2.7,"chart":"US5PWMDC"}},{"type":"Feature","geometry":{"type":"Point","coordinates":[-70.224664,43.673136]},"properties":{"objtype":"SOUNDG","valsou":2.7,"chart":"US5PWMDC"}},{"type":"Feature","geometry":{"type":"Point","coordinates":[-70.224628,43.689329]},"properties":{"objtype":"SOUNDG","valsou":2.7,"chart":"US5PWMDC"}},{"type":"Feature","geometry":{"type":"Point","coordinates":[-70.223288,43.663058]},"properties":{"objtype":"SOUNDG","valsou":1.2,"chart":"US5PWMDC"}},{"type":"Feature","geometry":{"type":"Point","coordinates":[-70.224268,43.681738]},"properties":{"objtype":"SOUNDG","valsou":3.0,"chart":"US5PWMDC"}},{"type":"Feature","geometry":{"type":"Point","coordinates":[-70.223772,43.699517]},"properties":{"objtype":"SOUNDG","valsou":0.1,"chart":"US5PWMDC"}},{"type":"Feature","geometry":{"type":"Point","coordinates":[-70.223502,43.695642]},"properties":{"objtype":"SOUNDG","valsou":1.5,"chart":"US5PWMDC"}},{"type":"Feature","geometry":{"type":"Point","coordinates":[-70.223485,43.676454]},"properties":{"objtype":"SOUNDG","valsou":3.0,"chart":"US5PWMDC"}},{"type":"Feature","geometry":{"type":"Point","coordinates":[-70.222956,43.678739]},"properties":{"objtype":"SOUNDG","valsou":3.3,"chart":"US5PWMDC"}},{"type":"Feature","geometry":{"type":"Point","coordinates":[-70.222208,43.686224]},"properties":{"objtype":"SOUNDG","valsou":3.3,"chart":"US5PWMDC"}},{"type":"Feature","geometry":{"type":"Point","coordinates":[-70.221938,43.68057]},"properties":{"objtype":"SOUNDG","valsou":3.3,"chart":"US5PWMDC"}},{"type":"Feature","geometry":{"type":"Point","coordinates":[-70.221903,43.698019]},"properties":{"objtype":"SOUNDG","valsou":1.2,"chart":"US5PWMDC"}},{"type":"Feature","geometry":{"type":"Point","coordinates":[-70.221833,43.674295]},"properties":{"objtype":"SOUNDG","valsou":3.6,"chart":"US5PWMDC"}},{"type":"Feature","geometry":{"type":"Point","coordinates":[-70.221518,43.664574]},"properties":{"objtype":"SOUNDG","valsou":0.9,"chart":"US5PWMDC"}},{"type":"Feature","geometry":{"type":"Point","coordinates":[-70.221487,43.678049]},"properties":{"objtype":"SOUNDG","valsou":3.6,"chart":"US5PWMDC"}},{"type":"Feature","geometry":{"type":"Point","coordinates":[-70.220242,43.66658]},"properties":{"objtype":"SOUNDG","valsou":2.1,"chart":"US5PWMDC"}},{"type":"Feature","geometry":{"type":"Point","coordinates":[-70.221095,43.700133]},"properties":{"objtype":"SOUNDG","valsou":0.3,"chart":"US5PWMDC"}},{"type":"Feature","geometry":{"type":"Point","coordinates":[-70.220913,43.695952]},"properties":{"objtype":"SOUNDG","valsou":2.4,"chart":"US5PWMDC"}},{"type":"Feature","geometry":{"type":"Point","coordinates":[-70.220346,43.662764]},"properties":{"objtype":"SOUNDG","valsou":1.2,"chart":"US5PWMDC"}},{"type":"Feature","geometry":{"type":"Point","coordinates":[-70.220792,43.682226]},"properties":{"objtype":"SOUNDG","valsou":3.6,"chart":"US5PWMDC"}},{"type":"Feature","geometry":{"type":"Point","coordinates":[-70.220724,43.690656]},"properties":{"objtype":"SOUNDG","valsou":3.9,"chart":"US5PWMDC"}},{"type":"Feature","geometry":{"type":"Point","coordinates":[-70.219795,43.688912]},"properties":{"objtype":"SOUNDG","valsou":3.9,"chart":"US5PWMDC"}},{"type":"Feature","geometry":{"type":"Point","coordinates":[-70.219435,43.683018]},"properties":{"objtype":"SOUNDG","valsou":3.9,"chart":"US5PWMDC"}},{"type":"Feature","geometry":{"type":"Point","coordinates":[-70.219072,43.699931]},"properties":{"objtype":"SOUNDG","valsou":0.3,"chart":"US5PWMDC"}},{"type":"Feature","geometry":{"type":"Point","coordinates":[-70.21887,43.698394]},"properties":{"objtype":"SOUNDG","valsou":1.2,"chart":"US5PWMDC"}},{"type":"Feature","geometry":{"type":"Point","coordinates":[-70.218697,43.66455]},"properties":{"objtype":"SOUNDG","valsou":0.6,"chart":"US5PWMDC"}},{"type":"Feature","geometry":{"type":"Point","coordinates":[-70.218558,43.690369]},"properties":{"objtype":"SOUNDG","valsou":4.5,"chart":"US5PWMDC"}},{"type":"Feature","geometry":{"type":"Point","coordinates":[-70.218206,43.703795]},"properties":{"objtype":"SOUNDG","valsou":0.3,"chart":"US5PWMDC"}},{"type":"Feature","geometry":{"type":"Point","coordinates":[-70.218198,43.672618]},"properties":{"objtype":"SOUNDG","valsou":4.5,"chart":"US5PWMDC"}},{"type":"Feature","geometry":{"type":"Point","coordinates":[-70.218158,43.685851]},"properties":{"objtype":"SOUNDG","valsou":3.9,"chart":"US5PWMDC"}},{"type":"Feature","geometry":{"type":"Point","coordinates":[-70.217601,43.6671]},"properties":{"objtype":"SOUNDG","valsou":0.9,"chart":"US5PWMDC"}},{"type":"Feature","geometry":{"type":"Point","coordinates":[-70.217417,43.676236]},"properties":{"objtype":"SOUNDG","valsou":4.5,"chart":"US5PWMDC"}},{"type":"Feature","geometry":{"type":"Point","coordinates":[-70.217417,43.694909]},"properties":{"objtype":"SOUNDG","valsou":5.1,"chart":"US5PWMDC"}},{"type":"Feature","geometry":{"type":"Point","coordinates":[-70.2171,43.69104]},"properties":{"objtype":"SOUNDG","valsou":4.8,"chart":"US5PWMDC"}},{"type":"Feature","geometry":{"type":"Point","coordinates":[-70.217027,43.718001]},"properties":{"objtype":"SOUNDG","valsou":0.1,"chart":"US5PWMDC"}},{"type":"Feature","geometry":{"type":"Point","coordinates":[-70.217007,43.680885]},"properties":{"objtype":"SOUNDG","valsou":4.2,"chart":"US5PWMDC"}},{"type":"Feature","geometry":{"type":"Point","coordinates":[-70.216619,43.707225]},"properties":{"objtype":"SOUNDG","valsou":0.3,"chart":"US5PWMDC"}},{"type":"Feature","geometry":{"type":"Point","coordinates":[-70.216599,43.721457]},"properties":{"objtype":"SOUNDG","valsou":0.6,"chart":"US5PWMDC"}},{"type":"Feature","geometry":{"type":"Point","coordinates":[-70.216244,43.672598]},"properties":{"objtype":"SOUNDG","valsou":5.1,"chart":"US5PWMDC"}},{"type":"Feature","geometry":{"type":"Point","coordinates":[-70.214191,43.723207]},"properties":{"objtype":"SOUNDG","valsou":0.6,"chart":"US5PWMDC"}},{"type":"Feature","geometry":{"type":"Point","coordinates":[-70.215211,43.685858]},"properties":{"objtype":"SOUNDG","valsou":4.5,"chart":"US5PWMDC"}},{"type":"Feature","geometry":{"type":"Point","coordinates":[-70.215793,43.688858]},"properties":{"objtype":"SOUNDG","valsou":4.8,"chart":"US5PWMDC"}},{"type":"Feature","geometry":{"type":"Point","coordinates":[-70.21572,43.708444]},"properties":{"objtype":"SOUNDG","valsou":1.8,"chart":"US5PWMDC"}},{"type":"Feature","geometry":{"type":"Point","coordinates":[-70.21571,43.716703]},"properties":{"objtype":"SOUNDG","valsou":0.9,"chart":"US5PWMDC"}},{"type":"Feature","geometry":{"type":"Point","coordinates":[-70.215669,43.702772]},"properties":{"objtype":"SOUNDG","valsou":2.1,"chart":"US5PWMDC"}},{"type":"Feature","geometry":{"type":"Point","coordinates":[-70.215667,43.670759]},"properties":{"objtype":"SOUNDG","valsou":5.7,"chart":"US5PWMDC"}},{"type":"Feature","geometry":{"type":"Point","coordinates":[-70.215488,43.676896]},"properties":{"objtype":"SOUNDG","valsou":5.1,"chart":"US5PWMDC"}},{"type":"Feature","geometry":{"type":"Point","coordinates":[-70.21542,43.718165]},"properties":{"objtype":"SOUNDG","valsou":1.5,"chart":"US5PWMDC"}},{"type":"Feature","geometry":{"type":"Point","coordinates":[-70.216149,43.668312]},"properties":{"objtype":"SOUNDG","valsou":2.7,"chart":"US5PWMDC"}},{"type":"Feature","geometry":{"type":"Point","coordinates":[-70.215407,43.709531]},"properties":{"objtype":"SOUNDG","valsou":0.6,"chart":"US5PWMDC"}},{"type":"Feature","geometry":{"type":"Point","coordinates":[-70.215365,43.698427]},"properties":{"objtype":"SOUNDG","valsou":1.2,"chart":"US5PWMDC"}},{"type":"Feature","geometry":{"type":"Point","coordinates":[-70.215362,43.714138]},"properties":{"objtype":"SOUNDG","valsou":0.3,"chart":"US5PWMDC"}},{"type":"Feature","geometry":{"type":"Point","coordinates":[-70.215191,43.701668]},"properties":{"objtype":"SOUNDG","valsou":2.7,"chart":"US5PWMDC"}},{"type":"Feature","geometry":{"type":"Point","coordinates":[-70.2151,43.69091]},"properties":{"objtype":"SOUNDG","valsou":5.1,"chart":"US5PWMDC"}},{"type":"Feature","geometry":{"type":"Point","coordinates":[-70.214916,43.684312]},"properties":{"objtype":"SOUNDG","valsou":4.2,"chart":"US5PWMDC"}},{"type":"Feature","geometry":{"type":"Point","coordinates":[-70.213596,43.696064]},"properties":{"objtype":"SOUNDG","valsou":5.7,"chart":"US5PWMDC"}},{"type":"Feature","geometry":{"type":"Point","coordinates":[-70.213428,43.707876]},"properties":{"objtype":"SOUNDG","valsou":3.9,"chart":"US5PWMDC"}},{"type":"Feature","geometry":{"type":"Point","coordinates":[-70.213392,43.714829]},"properties":{"objtype":"SOUNDG","valsou":1.5,"chart":"US5PWMDC"}},{"type":"Feature","geometry":{"type":"Point","coordinates":[-70.211707,43.670428]},"properties":{"objtype":"SOUNDG","valsou":2.4,"chart":"US5PWMDC"}},{"type":"Feature","geometry":{"type":"Point","coordinates":[-70.213284,43.701226]},"properties":{"objtype":"SOUNDG","valsou":0.9,"chart":"US5PWMDC"}},{"type":"Feature","geometry":{"type":"Point","coordinates":[-70.213352,43.718043]},"properties":{"objtype":"SOUNDG","valsou":3.9,"chart":"US5PWMDC"}},{"type":"Feature","geometry":{"type":"Point","coordinates":[-70.213302,43.698684]},"properties":{"objtype":"SOUNDG","valsou":4.5,"chart":"US5PWMDC"}},{"type":"Feature","geometry":{"type":"Point","coordinates":[-70.213294,43.664806]},"properties":{"objtype":"SOUNDG","valsou":0.3,"chart":"US5PWMDC"}},{"type":"Feature","geometry":{"type":"Point","coordinates":[-70.213208,43.710326]},"properties":{"objtype":"SOUNDG","valsou":3.3,"chart":"US5PWMDC"}},{"type":"Feature","geometry":{"type":"Point","coordinates":[-70.213136,43.662714]},"properties":{"objtype":"SOUNDG","valsou":0.6,"chart":"US5PWMDC"}},{"type":"Feature","geometry":{"type":"Point","coordinates":[-70.210655,43.679974]},"properties":{"objtype":"SOUNDG","valsou":2.7,"chart":"US5PWMDC"}},{"type":"Feature","geometry":{"type":"Point","coordinates":[-70.212941,43.686355]},"properties":{"objtype":"SOUNDG","valsou":4.8,"chart":"US5PWMDC"}},{"type":"Feature","geometry":{"type":"Point","coordinates":[-70.210634,43.672805]},"properties":{"objtype":"SOUNDG","valsou":2.4,"chart":"US5PWMDC"}},{"type":"Feature","geometry":{"type":"Point","coordinates":[-70.212811,43.712756]},"properties":{"objtype":"SOUNDG","valsou":2.1,"chart":"US5PWMDC"}},{"type":"Feature","geometry":{"type":"Point","coordinates":[-70.212695,43.722686]},"properties":{"objtype":"SOUNDG","valsou":4.2,"chart":"US5PWMDC"}},{"type":"Feature","geometry":{"type":"Point","coordinates":[-70.212574,43.723844]},"properties":{"objtype":"SOUNDG","valsou":2.4,"chart":"US5PWMDC"}},{"type":"Feature","geometry":{"type":"Point","coordinates":[-70.212554,43.67828]},"properties":{"objtype":"SOUNDG","valsou":7.6,"chart":"US5PWMDC"}},{"type":"Feature","geometry":{"type":"Point","coordinates":[-70.212453,43.683402]},"properties":{"objtype":"SOUNDG","valsou":4.8,"chart":"US5PWMDC"}},{"type":"Feature","geometry":{"type":"Point","coordinates":[-70.212279,43.703227]},"properties":{"objtype":"SOUNDG","valsou":5.1,"chart":"US5PWMDC"}},{"type":"Feature","geometry":{"type":"Point","coordinates":[-70.212751,43.667922]},"properties":{"objtype":"SOUNDG","valsou":1.8,"chart":"US5PWMDC"}},{"type":"Feature","geometry":{"type":"Point","coordinates":[-70.211445,43.688311]},"properties":{"objtype":"SOUNDG","valsou":5.7,"chart":"US5PWMDC"}},{"type":"Feature","geometry":{"type":"Point","coordinates":[-70.21102,43.69081]},"properties":{"objtype":"SOUNDG","valsou":5.7,"chart":"US5PWMDC"}},{"type":"Feature","geometry":{"type":"Point","coordinates":[-70.209722,43.669828]},"properties":{"objtype":"SOUNDG","valsou":0.3,"chart":"US5PWMDC"}},{"type":"Feature","geometry":{"type":"Point","coordinates":[-70.210133,43.703201]},"properties":{"objtype":"SOUNDG","valsou":6.0,"chart":"US5PWMDC"}},{"type":"Feature","geometry":{"type":"Point","coordinates":[-70.20911,43.68461]},"properties":{"objtype":"SOUNDG","valsou":5.4,"chart":"US5PWMDC"}},{"type":"Feature","geometry":{"type":"Point","coordinates":[-70.209503,43.715525]},"properties":{"objtype":"SOUNDG","valsou":3.3,"chart":"US5PWMDC"}},{"type":"Feature","geometry":{"type":"Point","coordinates":[-70.210246,43.695517]},"properties":{"objtype":"SOUNDG","valsou":6.7,"chart":"US5PWMDC"}},{"type":"Feature","geometry":{"type":"Point","coordinates":[-70.20774,43.677329]},"properties":{"objtype":"SOUNDG","valsou":1.5,"chart":"US5PWMDC"}},{"type":"Feature","geometry":{"type":"Point","coordinates":[-70.208524,43.719486]},"properties":{"objtype":"SOUNDG","valsou":2.7,"chart":"US5PWMDC"}},{"type":"Feature","geometry":{"type":"Point","coordinates":[-70.208831,43.679996]},"properties":{"objtype":"SOUNDG","valsou":0.3,"chart":"US5PWMDC"}},{"type":"Feature","geometry":{"type":"Point","coordinates":[-70.210025,43.69346]},"properties":{"objtype":"SOUNDG","valsou":7.0,"chart":"US5PWMDC"}},{"type":"Feature","geometry":{"type":"Point","coordinates":[-70.209803,43.705613]},"properties":{"objtype":"SOUNDG","valsou":6.4,"chart":"US5PWMDC"}},{"type":"Feature","geometry":{"type":"Point","coordinates":[-70.209851,43.700989]},"properties":{"objtype":"SOUNDG","valsou":6.7,"chart":"US5PWMDC"}},{"type":"Feature","geometry":{"type":"Point","coordinates":[-70.209607,43.713097]},"properties":{"objtype":"SOUNDG","valsou":7.6,"chart":"US5PWMDC"}},{"type":"Feature","geometry":{"type":"Point","coordinates":[-70.209597,43.68847]},"properties":{"objtype":"SOUNDG","valsou":7.3,"chart":"US5PWMDC"}},{"type":"Feature","geometry":{"type":"Point","coordinates":[-70.207587,43.673073]},"properties":{"objtype":"SOUNDG","valsou":1.5,"chart":"US5PWMDC"}},{"type":"Feature","geometry":{"type":"Point","coordinates":[-70.209085,43.682184]},"properties":{"objtype":"SOUNDG","valsou":4.5,"chart":"US5PWMDC"}},{"type":"Feature","geometry":{"type":"Point","coordinates":[-70.20904,43.663436]},"properties":{"objtype":"SOUNDG","valsou":2.1,"chart":"US5PWMDC"}},{"type":"Feature","geometry":{"type":"Point","coordinates":[-70.208967,43.721375]},"properties":{"objtype":"SOUNDG","valsou":6.7,"chart":"US5PWMDC"}},{"type":"Feature","geometry":{"type":"Point","coordinates":[-70.208355,43.699391]},"properties":{"objtype":"SOUNDG","valsou":7.0,"chart":"US5PWMDC"}},{"type":"Feature","geometry":{"type":"Point","coordinates":[-70.208322,43.709151]},"properties":{"objtype":"SOUNDG","valsou":7.6,"chart":"US5PWMDC"}},{"type":"Feature","geometry":{"type":"Point","coordinates":[-70.20738,43.706308]},"properties":{"objtype":"SOUNDG","valsou":7.6,"chart":"US5PWMDC"}},{"type":"Feature","geometry":{"type":"Point","coordinates":[-70.205861,43.662869]},"properties":{"objtype":"SOUNDG","valsou":2.4,"chart":"US5PWMDC"}},{"type":"Feature","geometry":{"type":"Point","coordinates":[-70.204897,43.666164]},"properties":{"objtype":"SOUNDG","valsou":0.9,"chart":"US5PWMDC"}},{"type":"Feature","geometry":{"type":"Point","coordinates":[-70.206904,43.687543]},"properties":{"objtype":"SOUNDG","valsou":5.7,"chart":"US5PWMDC"}},{"type":"Feature","geometry":{"type":"Point","coordinates":[-70.206559,43.717273]},"properties":{"objtype":"SOUNDG","valsou":8.2,"chart":"US5PWMDC"}},{"type":"Feature","geometry":{"type":"Point","coordinates":[-70.207227,43.695642]},"properties":{"objtype":"SOUNDG","valsou":7.0,"chart":"US5PWMDC"}},{"type":"Feature","geometry":{"type":"Point","coordinates":[-70.207133,43.71828]},"properties":{"objtype":"SOUNDG","valsou":5.7,"chart":"US5PWMDC"}},{"type":"Feature","geometry":{"type":"Point","coordinates":[-70.207073,43.71284]},"properties":{"objtype":"SOUNDG","valsou":8.8,"chart":"US5PWMDC"}},{"type":"Feature","geometry":{"type":"Point","coordinates":[-70.206866,43.681885]},"properties":{"objtype":"SOUNDG","valsou":0.6,"chart":"US5PWMDC"}},{"type":"Feature","geometry":{"type":"Point","coordinates":[-70.206403,43.720523]},"properties":{"objtype":"SOUNDG","valsou":3.6,"chart":"US5PWMDC"}},{"type":"Feature","geometry":{"type":"Point","coordinates":[-70.204766,43.686123]},"properties":{"objtype":"SOUNDG","valsou":4.8,"chart":"US5PWMDC"}},{"type":"Feature","geometry":{"type":"Point","coordinates":[-70.206695,43.680492]},"properties":{"objtype":"SOUNDG","valsou":0.3,"chart":"US5PWMDC"}},{"type":"Feature","geometry":{"type":"Point","coordinates":[-70.206612,43.708725]},"properties":{"objtype":"SOUNDG","valsou":8.2,"chart":"US5PWMDC"}},{"type":"Feature","geometry":{"type":"Point","coordinates":[-70.205972,43.673766]},"properties":{"objtype":"SOUNDG","valsou":0.3,"chart":"US5PWMDC"}},{"type":"Feature","geometry":{"type":"Point","coordinates":[-70.206476,43.67204]},"properties":{"objtype":"SOUNDG","valsou":0.1,"chart":"US5PWMDC"}},{"type":"Feature","geometry":{"type":"Point","coordinates":[-70.206277,43.691528]},"properties":{"objtype":"SOUNDG","valsou":6.7,"chart":"US5PWMDC"}},{"type":"Feature","geometry":{"type":"Point","coordinates":[-70.205965,43.70476]},"properties":{"objtype":"SOUNDG","valsou":7.6,"chart":"US5PWMDC"}},{"type":"Feature","geometry":{"type":"Point","coordinates":[-70.205859,43.699391]},"properties":{"objtype":"SOUNDG","valsou":7.3,"chart":"US5PWMDC"}},{"type":"Feature","geometry":{"type":"Point","coordinates":[-70.205811,43.676752]},"properties":{"objtype":"SOUNDG","valsou":0.3,"chart":"US5PWMDC"}},{"type":"Feature","geometry":{"type":"Point","coordinates":[-70.205035,43.724116]},"properties":{"objtype":"SOUNDG","valsou":7.6,"chart":"US5PWMDC"}},{"type":"Feature","geometry":{"type":"Point","coordinates":[-70.204897,43.701648]},"properties":{"objtype":"SOUNDG","valsou":7.3,"chart":"US5PWMDC"}},{"type":"Feature","geometry":{"type":"Point","coordinates":[-70.204474,43.683544]},"properties":{"objtype":"SOUNDG","valsou":0.6,"chart":"US5PWMDC"}},{"type":"Feature","geometry":{"type":"Point","coordinates":[-70.204428,43.691038]},"properties":{"objtype":"SOUNDG","valsou":6.4,"chart":"US5PWMDC"}},{"type":"Feature","geometry":{"type":"Point","coordinates":[-70.20434,43.714067]},"properties":{"objtype":"SOUNDG","valsou":11.5,"chart":"US5PWMDC"}},{"type":"Feature","geometry":{"type":"Point","coordinates":[-70.2043,43.715571]},"properties":{"objtype":"SOUNDG","valsou":11.5,"chart":"US5PWMDC"}},{"type":"Feature","geometry":{"type":"Point","coordinates":[-70.201733,43.663561]},"properties":{"objtype":"SOUNDG","valsou":1.5,"chart":"US5PWMDC"}},{"type":"Feature","geometry":{"type":"Point","coordinates":[-70.203479,43.702545]},"properties":{"objtype":"SOUNDG","valsou":7.9,"chart":"US5PWMDC"}},{"type":"Feature","geometry":{"type":"Point","coordinates":[-70.203957,43.708438]},"properties":{"objtype":"SOUNDG","valsou":9.7,"chart":"US5PWMDC"}},{"type":"Feature","geometry":{"type":"Point","coordinates":[-70.203897,43.709611]},"properties":{"objtype":"SOUNDG","valsou":10.3,"chart":"US5PWMDC"}},{"type":"Feature","geometry":{"type":"Point","coordinates":[-70.203869,43.699602]},"properties":{"objtype":"SOUNDG","valsou":7.6,"chart":"US5PWMDC"}},{"type":"Feature","geometry":{"type":"Point","coordinates":[-70.203038,43.698525]},"properties":{"objtype":"SOUNDG","valsou":7.3,"chart":"US5PWMDC"}},{"type":"Feature","geometry":{"type":"Point","coordinates":[-70.202227,43.684603]},"properties":{"objtype":"SOUNDG","valsou":0.9,"chart":"US5PWMDC"}},{"type":"Feature","geometry":{"type":"Point","coordinates":[-70.203476,43.669292]},"properties":{"objtype":"SOUNDG","valsou":0.3,"chart":"US5PWMDC"}},{"type":"Feature","geometry":{"type":"Point","coordinates":[-70.203307,43.722456]},"properties":{"objtype":"SOUNDG","valsou":9.1,"chart":"US5PWMDC"}},{"type":"Feature","geometry":{"type":"Point","coordinates":[-70.20304,43.724418]},"properties":{"objtype":"SOUNDG","valsou":8.8,"chart":"US5PWMDC"}},{"type":"Feature","geometry":{"type":"Point","coordinates":[-70.202232,43.66274]},"properties":{"objtype":"SOUNDG","valsou":2.1,"chart":"US5PWMDC"}},{"type":"Feature","geometry":{"type":"Point","coordinates":[-70.202761,43.719425]},"properties":{"objtype":"SOUNDG","valsou":11.2,"chart":"US5PWMDC"}},{"type":"Feature","geometry":{"type":"Point","coordinates":[-70.202776,43.694651]},"properties":{"objtype":"SOUNDG","valsou":7.6,"chart":"US5PWMDC"}},{"type":"Feature","geometry":{"type":"Point","coordinates":[-70.202131,43.670311]},"properties":{"objtype":"SOUNDG","valsou":0.6,"chart":"US5PWMDC"}},{"type":"Feature","geometry":{"type":"Point","coordinates":[-70.20167,43.688386]},"properties":{"objtype":"SOUNDG","valsou":4.5,"chart":"US5PWMDC"}},{"type":"Feature","geometry":{"type":"Point","coordinates":[-70.200832,43.699574]},"properties":{"objtype":"SOUNDG","valsou":7.6,"chart":"US5PWMDC"}},{"type":"Feature","geometry":{"type":"Point","coordinates":[-70.199731,43.668536]},"properties":{"objtype":"SOUNDG","valsou":2.4,"chart":"US5PWMDD"}},{"type":"Feature","geometry":{"type":"Point","coordinates":[-70.200003,43.663959]},"properties":{"objtype":"SOUNDG","valsou":0.9,"chart":"US5PWMDC"}},{"type":"Feature","geometry":{"type":"Point","coordinates":[-70.201297,43.723068]},"properties":{"objtype":"SOUNDG","valsou":8.8,"chart":"US5PWMDC"}},{"type":"Feature","geometry":{"type":"Point","coordinates":[-70.20127,43.705769]},"properties":{"objtype":"SOUNDG","valsou":10.3,"chart":"US5PWMDC"}},{"type":"Feature","geometry":{"type":"Point","coordinates":[-70.199653,43.718704]},"properties":{"objtype":"SOUNDG","valsou":8.8,"chart":"US5PWMDD"}},{"type":"Feature","geometry":{"type":"Point","coordinates":[-70.198617,43.711097]},"properties":{"objtype":"SOUNDG","valsou":9.7,"chart":"US5PWMDD"}},{"type":"Feature","geometry":{"type":"Point","coordinates":[-70.200723,43.661439]},"properties":{"objtype":"SOUNDG","valsou":0.9,"chart":"US5PWMDC"}},{"type":"Feature","geometry":{"type":"Point","coordinates":[-70.200685,43.68747]},"properties":{"objtype":"SOUNDG","valsou":1.2,"chart":"US5PWMDC"}},{"type":"Feature","geometry":{"type":"Point","coordinates":[-70.200529,43.697133]},"properties":{"objtype":"SOUNDG","valsou":7.9,"chart":"US5PWMDC"}},{"type":"Feature","geometry":{"type":"Point","coordinates":[-70.200527,43.724129]},"properties":{"objtype":"SOUNDG","valsou":9.1,"chart":"US5PWMDC"}},{"type":"Feature","geometry":{"type":"Point","coordinates":[-70.200431,43.715408]},"properties":{"objtype":"SOUNDG","valsou":3.6,"chart":"US5PWMDC"}},{"type":"Feature","geometry":{"type":"Point","coordinates":[-70.200318,43.691965]},"properties":{"objtype":"SOUNDG","valsou":7.6,"chart":"US5PWMDC"}},{"type":"Feature","geometry":{"type":"Point","coordinates":[-70.199575,43.712349]},"properties":{"objtype":"SOUNDG","valsou":1.0,"chart":"US5PWMDD"}},{"type":"Feature","geometry":{"type":"Point","coordinates":[-70.200119,43.704406]},"properties":{"objtype":"SOUNDG","valsou":9.7,"chart":"US5PWMDC"}},{"type":"Feature","geometry":{"type":"Point","coordinates":[-70.200106,43.6596]},"properties":{"objtype":"SOUNDG","valsou":1.5,"chart":"US5PWMDC"}},{"type":"Feature","geometry":{"type":"Point","coordinates":[-70.252557,43.652278]},"properties":{"objtype":"SOUNDG","valsou":5.1,"chart":"US5PWMDC"}},{"type":"Feature","geometry":{"type":"Point","coordinates":[-70.251794,43.652014]},"properties":{"objtype":"SOUNDG","valsou":4.2,"chart":"US5PWMDC"}},{"type":"Feature","geometry":{"type":"Point","coordinates":[-70.247696,43.655169]},"properties":{"objtype":"SOUNDG","valsou":7.3,"chart":"US5PWMDC"}},{"type":"Feature","geometry":{"type":"Point","coordinates":[-70.241321,43.658696]},"properties":{"objtype":"SOUNDG","valsou":10.7,"chart":"US5PWMDC"}},{"type":"Feature","geometry":{"type":"Point","coordinates":[-70.243372,43.651874]},"properties":{"objtype":"SOUNDG","valsou":3.3,"chart":"US5PWMDC"}},{"type":"Feature","geometry":{"type":"Point","coordinates":[-70.239822,43.662731]},"properties":{"objtype":"SOUNDG","valsou":3.0,"chart":"US5PWMDC"}},{"type":"Feature","geometry":{"type":"Point","coordinates":[-70.23983,43.654969]},"properties":{"objtype":"SOUNDG","valsou":3.9,"chart":"US5PWMDC"}},{"type":"Feature","geometry":{"type":"Point","coordinates":[-70.239279,43.65303]},"properties":{"objtype":"SOUNDG","valsou":1.2,"chart":"US5PWMDC"}},{"type":"Feature","geometry":{"type":"Point","coordinates":[-70.236569,43.665153]},"properties":{"objtype":"SOUNDG","valsou":3.3,"chart":"US5PWMDC"}},{"type":"Feature","geometry":{"type":"Point","coordinates":[-70.235747,43.663177]},"properties":{"objtype":"SOUNDG","valsou":7.9,"chart":"US5PWMDC"}},{"type":"Feature","geometry":{"type":"Point","coordinates":[-70.233618,43.654522]},"properties":{"objtype":"SOUNDG","valsou":2.1,"chart":"US5PWMDC"}},{"type":"Feature","geometry":{"type":"Point","coordinates":[-70.234004,43.662681]},"properties":{"objtype":"SOUNDG","valsou":8.8,"chart":"US5PWMDC"}},{"type":"Feature","geometry":{"type":"Point","coordinates":[-70.232826,43.665815]},"properties":{"objtype":"SOUNDG","valsou":8.8,"chart":"US5PWMDC"}},{"type":"Feature","geometry":{"type":"Point","coordinates":[-70.23187,43.653046]},"properties":{"objtype":"SOUNDG","valsou":2.1,"chart":"US5PWMDC"}},{"type":"Feature","geometry":{"type":"Point","coordinates":[-70.231463,43.666058]},"properties":{"objtype":"SOUNDG","valsou":10.0,"chart":"US5PWMDC"}},{"type":"Feature","geometry":{"type":"Point","coordinates":[-70.231261,43.661095]},"properties":{"objtype":"SOUNDG","valsou":8.9,"chart":"US5PWMDC"}},{"type":"Feature","geometry":{"type":"Point","coordinates":[-70.229899,43.652325]},"properties":{"objtype":"SOUNDG","valsou":2.7,"chart":"US5PWMDC"}},{"type":"Feature","geometry":{"type":"Point","coordinates":[-70.228894,43.668874]},"properties":{"objtype":"SOUNDG","valsou":8.8,"chart":"US5PWMDC"}},{"type":"Feature","geometry":{"type":"Point","coordinates":[-70.225853,43.655094]},"properties":{"objtype":"SOUNDG","valsou":13.7,"chart":"US5PWMDC"}},{"type":"Feature","geometry":{"type":"Point","coordinates":[-70.2283,43.666238]},"properties":{"objtype":"SOUNDG","valsou":9.7,"chart":"US5PWMDC"}},{"type":"Feature","geometry":{"type":"Point","coordinates":[-70.22648,43.652082]},"properties":{"objtype":"SOUNDG","valsou":2.4,"chart":"US5PWMDC"}},{"type":"Feature","geometry":{"type":"Point","coordinates":[-70.226337,43.662803]},"properties":{"objtype":"SOUNDG","valsou":13.4,"chart":"US5PWMDC"}},{"type":"Feature","geometry":{"type":"Point","coordinates":[-70.22371,43.652503]},"properties":{"objtype":"SOUNDG","valsou":4.2,"chart":"US5PWMDC"}},{"type":"Feature","geometry":{"type":"Point","coordinates":[-70.222797,43.665665]},"properties":{"objtype":"SOUNDG","valsou":5.1,"chart":"US5PWMDC"}},{"type":"Feature","geometry":{"type":"Point","coordinates":[-70.222512,43.660046]},"properties":{"objtype":"SOUNDG","valsou":10.0,"chart":"US5PWMDC"}},{"type":"Feature","geometry":{"type":"Point","coordinates":[-70.224091,43.65477]},"properties":{"objtype":"SOUNDG","valsou":14.0,"chart":"US5PWMDC"}},{"type":"Feature","geometry":{"type":"Point","coordinates":[-70.252593,43.674715]},"properties":{"objtype":"SOUNDG","valsou":4.2,"chart":"US5PWMDC"}},{"type":"Feature","geometry":{"type":"Point","coordinates":[-70.24874,43.674094]},"properties":{"objtype":"SOUNDG","valsou":1.5,"chart":"US5PWMDC"}},{"type":"Feature","geometry":{"type":"Point","coordinates":[-70.245162,43.674784]},"properties":{"objtype":"SOUNDG","valsou":1.2,"chart":"US5PWMDC"}},{"type":"Feature","geometry":{"type":"Point","coordinates":[-70.249446,43.652475]},"properties":{"objtype":"SOUNDG","valsou":10.3,"chart":"US5PWMDC"}},{"type":"Feature","geometry":{"type":"Point","coordinates":[-70.24559,43.655575]},"properties":{"objtype":"SOUNDG","valsou":10.6,"chart":"US5PWMDC"}},{"type":"Feature","geometry":{"type":"Point","coordinates":[-70.240576,43.655678]},"properties":{"objtype":"SOUNDG","valsou":10.6,"chart":"US5PWMDC"}},{"type":"Feature","geometry":{"type":"Point","coordinates":[-70.238915,43.659944]},"properties":{"objtype":"SOUNDG","valsou":10.6,"chart":"US5PWMDC"}},{"type":"Feature","geometry":{"type":"Point","coordinates":[-70.235088,43.657765]},"properties":{"objtype":"SOUNDG","valsou":10.0,"chart":"US5PWMDC"}},{"type":"Feature","geometry":{"type":"Point","coordinates":[-70.232145,43.657856]},"properties":{"objtype":"SOUNDG","valsou":10.6,"chart":"US5PWMDC"}},{"type":"Feature","geometry":{"type":"Point","coordinates":[-70.228999,43.658032]},"properties":{"objtype":"SOUNDG","valsou":10.3,"chart":"US5PWMDC"}},{"type":"Feature","geometry":{"type":"Point","coordinates":[-70.234373,43.666812]},"properties":{"objtype":"SOUNDG","valsou":8.1,"chart":"US5PWMDC"}},{"type":"Feature","geometry":{"type":"Point","coordinates":[-70.233231,43.672253]},"properties":{"objtype":"SOUNDG","valsou":8.2,"chart":"US5PWMDC"}},{"type":"Feature","geometry":{"type":"Point","coordinates":[-70.231302,43.672433]},"properties":{"objtype":"SOUNDG","valsou":6.7,"chart":"US5PWMDC"}},{"type":"Feature","geometry":{"type":"Point","coordinates":[-70.227073,43.666545]},"properties":{"objtype":"SOUNDG","valsou":8.2,"chart":"US5PWMDC"}},{"type":"Feature","geometry":{"type":"Point","coordinates":[-70.227642,43.671917]},"properties":{"objtype":"SOUNDG","valsou":6.0,"chart":"US5PWMDC"}},{"type":"Feature","geometry":{"type":"Point","coordinates":[-70.223297,43.669464]},"properties":{"objtype":"SOUNDG","valsou":7.9,"chart":"US5PWMDC"}},{"type":"Feature","geometry":{"type":"Point","coordinates":[-70.22206,43.671586]},"properties":{"objtype":"SOUNDG","valsou":3.6,"chart":"US5PWMDC"}},{"type":"Feature","geometry":{"type":"Point","coordinates":[-70.220613,43.660384]},"properties":{"objtype":"SOUNDG","valsou":13.1,"chart":"US5PWMDC"}},{"type":"Feature","geometry":{"type":"Point","coordinates":[-70.221934,43.65226]},"properties":{"objtype":"SOUNDG","valsou":12.1,"chart":"US5PWMDC"}},{"type":"Feature","geometry":{"type":"Point","coordinates":[-70.219909,43.657491]},"properties":{"objtype":"SOUNDG","valsou":15.2,"chart":"US5PWMDC"}},{"type":"Feature","geometry":{"type":"Point","coordinates":[-70.21929,43.66955]},"properties":{"objtype":"SOUNDG","valsou":1.8,"chart":"US5PWMDC"}},{"type":"Feature","geometry":{"type":"Point","coordinates":[-70.219128,43.662659]},"properties":{"objtype":"SOUNDG","valsou":6.7,"chart":"US5PWMDC"}},{"type":"Feature","geometry":{"type":"Point","coordinates":[-70.216568,43.652732]},"properties":{"objtype":"SOUNDG","valsou":14.0,"chart":"US5PWMDC"}},{"type":"Feature","geometry":{"type":"Point","coordinates":[-70.218957,43.654883]},"properties":{"objtype":"SOUNDG","valsou":14.9,"chart":"US5PWMDC"}},{"type":"Feature","geometry":{"type":"Point","coordinates":[-70.217841,43.65932]},"properties":{"objtype":"SOUNDG","valsou":13.4,"chart":"US5PWMDC"}},{"type":"Feature","geometry":{"type":"Point","coordinates":[-70.213637,43.665486]},"properties":{"objtype":"SOUNDG","valsou":1.8,"chart":"US5PWMDC"}},{"type":"Feature","geometry":{"type":"Point","coordinates":[-70.214684,43.663277]},"properties":{"objtype":"SOUNDG","valsou":12.1,"chart":"US5PWMDC"}},{"type":"Feature","geometry":{"type":"Point","coordinates":[-70.214343,43.651784]},"properties":{"objtype":"SOUNDG","valsou":10.0,"chart":"US5PWMDC"}},{"type":"Feature","geometry":{"type":"Point","coordinates":[-70.212214,43.657857]},"properties":{"objtype":"SOUNDG","valsou":13.4,"chart":"US5PWMDC"}},{"type":"Feature","geometry":{"type":"Point","coordinates":[-70.212142,43.653826]},"properties":{"objtype":"SOUNDG","valsou":6.4,"chart":"US5PWMDC"}},{"type":"Feature","geometry":{"type":"Point","coordinates":[-70.212032,43.656401]},"properties":{"objtype":"SOUNDG","valsou":11.2,"chart":"US5PWMDC"}},{"type":"Feature","geometry":{"type":"Point","coordinates":[-70.208859,43.660146]},"properties":{"objtype":"SOUNDG","valsou":5.7,"chart":"US5PWMDC"}},{"type":"Feature","geometry":{"type":"Point","coordinates":[-70.209211,43.654864]},"properties":{"objtype":"SOUNDG","valsou":1.5,"chart":"US5PWMDC"}},{"type":"Feature","geometry":{"type":"Point","coordinates":[-70.209944,43.654264]},"properties":{"objtype":"SOUNDG","valsou":1.8,"chart":"US5PWMDC"}},{"type":"Feature","geometry":{"type":"Point","coordinates":[-70.206336,43.659756]},"properties":{"objtype":"SOUNDG","valsou":6.0,"chart":"US5PWMDC"}},{"type":"Feature","geometry":{"type":"Point","coordinates":[-70.206121,43.655794]},"properties":{"objtype":"SOUNDG","valsou":0.3,"chart":"US5PWMDC"}},{"type":"Feature","geometry":{"type":"Point","coordinates":[-70.206688,43.652456]},"properties":{"objtype":"SOUNDG","valsou":0.6,"chart":"US5PWMDC"}},{"type":"Feature","geometry":{"type":"Point","coordinates":[-70.20232,43.656624]},"properties":{"objtype":"SOUNDG","valsou":12.8,"chart":"US5PWMDC"}},{"type":"Feature","geometry":{"type":"Point","coordinates":[-70.201901,43.659908]},"properties":{"objtype":"SOUNDG","valsou":4.5,"chart":"US5PWMDC"}},{"type":"Feature","geometry":{"type":"Point","coordinates":[-70.203839,43.652027]},"properties":{"objtype":"SOUNDG","valsou":13.4,"chart":"US5PWMDC"}},{"type":"Feature","geometry":{"type":"Point","coordinates":[-70.199731,43.656411]},"properties":{"objtype":"SOUNDG","valsou":0.9,"chart":"US5PWMDD"}},{"type":"Feature","geometry":{"type":"Point","coordinates":[-70.200763,43.653326]},"properties":{"objtype":"SOUNDG","valsou":1.5,"chart":"US5PWMDC"}},{"type":"Feature","geometry":{"type":"Point","coordinates":[-70.216043,43.659503]},"properties":{"objtype":"SOUNDG","valsou":12.8,"chart":"US5PWMDC"}},{"type":"Feature","geometry":{"type":"Point","coordinates":[-70.213744,43.655303]},"properties":{"objtype":"SOUNDG","valsou":11.8,"chart":"US5PWMDC"}},{"type":"Feature","geometry":{"type":"Point","coordinates":[-70.25946,43.716294]},"properties":{"objtype":"SOUNDG","valsou":2.4,"chart":"US5PWMDC"}},{"type":"Feature","geometry":{"type":"Point","coordinates":[-70.252926,43.693334]},"properties":{"objtype":"SOUNDG","valsou":4.8,"chart":"US5PWMDC"}},{"type":"Feature","geometry":{"type":"Point","coordinates":[-70.214045,43.679852]},"properties":{"objtype":"SOUNDG","valsou":7.9,"chart":"US5PWMDC"}},{"type":"Feature","geometry":{"type":"Point","coordinates":[-70.228414,43.659681]},"properties":{"objtype":"SOUNDG","valsou":10.9,"chart":"US5PWMDC"}},{"type":"Feature","geometry":{"type":"Point","coordinates":[-70.256953,43.67613]},"properties":{"objtype":"SOUNDG","valsou":4.8,"chart":"US5PWMDC"}},{"type":"Feature","geometry":{"type":"Point","coordinates":[-70.198937,43.671059]},"properties":{"objtype":"SOUNDG","valsou":0.6,"chart":"US5PWMDD"}},{"type":"Feature","geometry":{"type":"Point","coordinates":[-70.199779,43.69543]},"properties":{"objtype":"SOUNDG","valsou":7.9,"chart":"US5PWMDD"}},{"type":"Feature","geometry":{"type":"Point","coordinates":[-70.198859,43.687894]},"properties":{"objtype":"SOUNDG","valsou":1.2,"chart":"US5PWMDD"}},{"type":"Feature","geometry":{"type":"Point","coordinates":[-70.195849,43.712913]},"properties":{"objtype":"SOUNDG","valsou":1.5,"chart":"US5PWMDD"}},{"type":"Feature","geometry":{"type":"Point","coordinates":[-70.198444,43.699525]},"properties":{"objtype":"SOUNDG","valsou":8.8,"chart":"US5PWMDD"}},{"type":"Feature","geometry":{"type":"Point","coordinates":[-70.196578,43.664923]},"properties":{"objtype":"SOUNDG","valsou":0.1,"chart":"US5PWMDD"}},{"type":"Feature","geometry":{"type":"Point","coordinates":[-70.198366,43.698096]},"properties":{"objtype":"SOUNDG","valsou":8.5,"chart":"US5PWMDD"}},{"type":"Feature","geometry":{"type":"Point","coordinates":[-70.197313,43.667627]},"properties":{"objtype":"SOUNDG","valsou":2.1,"chart":"US5PWMDD"}},{"type":"Feature","geometry":{"type":"Point","coordinates":[-70.19627,43.7214]},"properties":{"objtype":"SOUNDG","valsou":7.9,"chart":"US5PWMDD"}},{"type":"Feature","geometry":{"type":"Point","coordinates":[-70.196169,43.691069]},"properties":{"objtype":"SOUNDG","valsou":5.1,"chart":"US5PWMDD"}},{"type":"Feature","geometry":{"type":"Point","coordinates":[-70.197267,43.720266]},"properties":{"objtype":"SOUNDG","valsou":7.9,"chart":"US5PWMDD"}},{"type":"Feature","geometry":{"type":"Point","coordinates":[-70.19824,43.672353]},"properties":{"objtype":"SOUNDG","valsou":0.3,"chart":"US5PWMDD"}},{"type":"Feature","geometry":{"type":"Point","coordinates":[-70.195718,43.715571]},"properties":{"objtype":"SOUNDG","valsou":1.5,"chart":"US5PWMDD"}},{"type":"Feature","geometry":{"type":"Point","coordinates":[-70.197325,43.694966]},"properties":{"objtype":"SOUNDG","valsou":7.6,"chart":"US5PWMDD"}},{"type":"Feature","geometry":{"type":"Point","coordinates":[-70.197368,43.688249]},"properties":{"objtype":"SOUNDG","valsou":0.3,"chart":"US5PWMDD"}},{"type":"Feature","geometry":{"type":"Point","coordinates":[-70.196079,43.706088]},"properties":{"objtype":"SOUNDG","valsou":6.0,"chart":"US5PWMDD"}},{"type":"Feature","geometry":{"type":"Point","coordinates":[-70.197688,43.724737]},"properties":{"objtype":"SOUNDG","valsou":9.1,"chart":"US5PWMDD"}},{"type":"Feature","geometry":{"type":"Point","coordinates":[-70.197638,43.703479]},"properties":{"objtype":"SOUNDG","valsou":10.0,"chart":"US5PWMDD"}},{"type":"Feature","geometry":{"type":"Point","coordinates":[-70.19589,43.710274]},"properties":{"objtype":"SOUNDG","valsou":2.4,"chart":"US5PWMDD"}},{"type":"Feature","geometry":{"type":"Point","coordinates":[-70.19658,43.672762]},"properties":{"objtype":"SOUNDG","valsou":0.6,"chart":"US5PWMDD"}},{"type":"Feature","geometry":{"type":"Point","coordinates":[-70.192948,43.688593]},"properties":{"objtype":"SOUNDG","valsou":0.6,"chart":"US5PWMDD"}},{"type":"Feature","geometry":{"type":"Point","coordinates":[-70.195434,43.709286]},"properties":{"objtype":"SOUNDG","valsou":1.2,"chart":"US5PWMDD"}},{"type":"Feature","geometry":{"type":"Point","coordinates":[-70.192684,43.717814]},"properties":{"objtype":"SOUNDG","valsou":1.5,"chart":"US5PWMDD"}},{"type":"Feature","geometry":{"type":"Point","coordinates":[-70.193197,43.691038]},"properties":{"objtype":"SOUNDG","valsou":3.6,"chart":"US5PWMDD"}},{"type":"Feature","geometry":{"type":"Point","coordinates":[-70.195177,43.71176]},"properties":{"objtype":"SOUNDG","valsou":0.9,"chart":"US5PWMDD"}},{"type":"Feature","geometry":{"type":"Point","coordinates":[-70.195114,43.698134]},"properties":{"objtype":"SOUNDG","valsou":10.0,"chart":"US5PWMDD"}},{"type":"Feature","geometry":{"type":"Point","coordinates":[-70.195114,43.716724]},"properties":{"objtype":"SOUNDG","valsou":1.5,"chart":"US5PWMDD"}},{"type":"Feature","geometry":{"type":"Point","coordinates":[-70.194973,43.706684]},"properties":{"objtype":"SOUNDG","valsou":7.3,"chart":"US5PWMDD"}},{"type":"Feature","geometry":{"type":"Point","coordinates":[-70.194887,43.703187]},"properties":{"objtype":"SOUNDG","valsou":13.4,"chart":"US5PWMDD"}},{"type":"Feature","geometry":{"type":"Point","coordinates":[-70.192684,43.674614]},"properties":{"objtype":"SOUNDG","valsou":1.8,"chart":"US5PWMDD"}},{"type":"Feature","geometry":{"type":"Point","coordinates":[-70.194474,43.695274]},"properties":{"objtype":"SOUNDG","valsou":8.2,"chart":"US5PWMDD"}},{"type":"Feature","geometry":{"type":"Point","coordinates":[-70.19423,43.668459]},"properties":{"objtype":"SOUNDG","valsou":0.6,"chart":"US5PWMDD"}},{"type":"Feature","geometry":{"type":"Point","coordinates":[-70.193958,43.669788]},"properties":{"objtype":"SOUNDG","valsou":3.0,"chart":"US5PWMDD"}},{"type":"Feature","geometry":{"type":"Point","coordinates":[-70.193814,43.652097]},"properties":{"objtype":"SOUNDG","valsou":0.6,"chart":"US5PWMDD"}},{"type":"Feature","geometry":{"type":"Point","coordinates":[-70.193605,43.721577]},"properties":{"objtype":"SOUNDG","valsou":7.3,"chart":"US5PWMDD"}},{"type":"Feature","geometry":{"type":"Point","coordinates":[-70.193593,43.701001]},"properties":{"objtype":"SOUNDG","valsou":14.0,"chart":"US5PWMDD"}},{"type":"Feature","geometry":{"type":"Point","coordinates":[-70.192852,43.724253]},"properties":{"objtype":"SOUNDG","valsou":10.0,"chart":"US5PWMDD"}},{"type":"Feature","geometry":{"type":"Point","coordinates":[-70.191767,43.7111]},"properties":{"objtype":"SOUNDG","valsou":6.4,"chart":"US5PWMDD"}},{"type":"Feature","geometry":{"type":"Point","coordinates":[-70.192288,43.697941]},"properties":{"objtype":"SOUNDG","valsou":13.1,"chart":"US5PWMDD"}},{"type":"Feature","geometry":{"type":"Point","coordinates":[-70.192273,43.71402]},"properties":{"objtype":"SOUNDG","valsou":0.9,"chart":"US5PWMDD"}},{"type":"Feature","geometry":{"type":"Point","coordinates":[-70.191772,43.675084]},"properties":{"objtype":"SOUNDG","valsou":4.8,"chart":"US5PWMDD"}},{"type":"Feature","geometry":{"type":"Point","coordinates":[-70.192215,43.702315]},"properties":{"objtype":"SOUNDG","valsou":14.3,"chart":"US5PWMDD"}},{"type":"Feature","geometry":{"type":"Point","coordinates":[-70.192212,43.68318]},"properties":{"objtype":"SOUNDG","valsou":0.6,"chart":"US5PWMDD"}},{"type":"Feature","geometry":{"type":"Point","coordinates":[-70.191621,43.67045]},"properties":{"objtype":"SOUNDG","valsou":1.5,"chart":"US5PWMDD"}},{"type":"Feature","geometry":{"type":"Point","coordinates":[-70.190283,43.704112]},"properties":{"objtype":"SOUNDG","valsou":11.8,"chart":"US5PWMDD"}},{"type":"Feature","geometry":{"type":"Point","coordinates":[-70.190366,43.688249]},"properties":{"objtype":"SOUNDG","valsou":0.9,"chart":"US5PWMDD"}},{"type":"Feature","geometry":{"type":"Point","coordinates":[-70.18989,43.718708]},"properties":{"objtype":"SOUNDG","valsou":1.2,"chart":"US5PWMDD"}},{"type":"Feature","geometry":{"type":"Point","coordinates":[-70.190429,43.706587]},"properties":{"objtype":"SOUNDG","valsou":11.8,"chart":"US5PWMDD"}},{"type":"Feature","geometry":{"type":"Point","coordinates":[-70.190077,43.723375]},"properties":{"objtype":"SOUNDG","valsou":0.6,"chart":"US5PWMDD"}},{"type":"Feature","geometry":{"type":"Point","coordinates":[-70.190888,43.675766]},"properties":{"objtype":"SOUNDG","valsou":6.0,"chart":"US5PWMDD"}},{"type":"Feature","geometry":{"type":"Point","coordinates":[-70.190618,43.690881]},"properties":{"objtype":"SOUNDG","valsou":7.6,"chart":"US5PWMDD"}},{"type":"Feature","geometry":{"type":"Point","coordinates":[-70.191195,43.69489]},"properties":{"objtype":"SOUNDG","valsou":10.6,"chart":"US5PWMDD"}},{"type":"Feature","geometry":{"type":"Point","coordinates":[-70.189585,43.684689]},"properties":{"objtype":"SOUNDG","valsou":3.0,"chart":"US5PWMDD"}},{"type":"Feature","geometry":{"type":"Point","coordinates":[-70.190555,43.71712]},"properties":{"objtype":"SOUNDG","valsou":0.3,"chart":"US5PWMDD"}},{"type":"Feature","geometry":{"type":"Point","coordinates":[-70.190525,43.724856]},"properties":{"objtype":"SOUNDG","valsou":10.6,"chart":"US5PWMDD"}},{"type":"Feature","geometry":{"type":"Point","coordinates":[-70.189656,43.678558]},"properties":{"objtype":"SOUNDG","valsou":7.6,"chart":"US5PWMDD"}},{"type":"Feature","geometry":{"type":"Point","coordinates":[-70.187243,43.720348]},"properties":{"objtype":"SOUNDG","valsou":0.1,"chart":"US5PWMDD"}},{"type":"Feature","geometry":{"type":"Point","coordinates":[-70.189442,43.675662]},"properties":{"objtype":"SOUNDG","valsou":6.7,"chart":"US5PWMDD"}},{"type":"Feature","geometry":{"type":"Point","coordinates":[-70.188089,43.696914]},"properties":{"objtype":"SOUNDG","valsou":15.2,"chart":"US5PWMDD"}},{"type":"Feature","geometry":{"type":"Point","coordinates":[-70.187412,43.689973]},"properties":{"objtype":"SOUNDG","valsou":2.1,"chart":"US5PWMDD"}},{"type":"Feature","geometry":{"type":"Point","coordinates":[-70.189379,43.672167]},"properties":{"objtype":"SOUNDG","valsou":0.9,"chart":"US5PWMDD"}},{"type":"Feature","geometry":{"type":"Point","coordinates":[-70.189341,43.716515]},"properties":{"objtype":"SOUNDG","valsou":3.9,"chart":"US5PWMDD"}},{"type":"Feature","geometry":{"type":"Point","coordinates":[-70.189177,43.722602]},"properties":{"objtype":"SOUNDG","valsou":0.6,"chart":"US5PWMDD"}},{"type":"Feature","geometry":{"type":"Point","coordinates":[-70.188316,43.687322]},"properties":{"objtype":"SOUNDG","valsou":4.5,"chart":"US5PWMDD"}},{"type":"Feature","geometry":{"type":"Point","coordinates":[-70.189172,43.691161]},"properties":{"objtype":"SOUNDG","valsou":2.4,"chart":"US5PWMDD"}},{"type":"Feature","geometry":{"type":"Point","coordinates":[-70.187953,43.673287]},"properties":{"objtype":"SOUNDG","valsou":2.4,"chart":"US5PWMDD"}},{"type":"Feature","geometry":{"type":"Point","coordinates":[-70.18914,43.69354]},"properties":{"objtype":"SOUNDG","valsou":11.8,"chart":"US5PWMDD"}},{"type":"Feature","geometry":{"type":"Point","coordinates":[-70.186973,43.705729]},"properties":{"objtype":"SOUNDG","valsou":2.7,"chart":"US5PWMDD"}},{"type":"Feature","geometry":{"type":"Point","coordinates":[-70.188837,43.713194]},"properties":{"objtype":"SOUNDG","valsou":0.9,"chart":"US5PWMDD"}},{"type":"Feature","geometry":{"type":"Point","coordinates":[-70.188981,43.709936]},"properties":{"objtype":"SOUNDG","valsou":14.3,"chart":"US5PWMDD"}},{"type":"Feature","geometry":{"type":"Point","coordinates":[-70.188137,43.702312]},"properties":{"objtype":"SOUNDG","valsou":10.3,"chart":"US5PWMDD"}},{"type":"Feature","geometry":{"type":"Point","coordinates":[-70.187699,43.680596]},"properties":{"objtype":"SOUNDG","valsou":1.5,"chart":"US5PWMDD"}},{"type":"Feature","geometry":{"type":"Point","coordinates":[-70.187495,43.703761]},"properties":{"objtype":"SOUNDG","valsou":1.8,"chart":"US5PWMDD"}},{"type":"Feature","geometry":{"type":"Point","coordinates":[-70.187938,43.724173]},"properties":{"objtype":"SOUNDG","valsou":7.6,"chart":"US5PWMDD"}},{"type":"Feature","geometry":{"type":"Point","coordinates":[-70.187898,43.681645]},"properties":{"objtype":"SOUNDG","valsou":2.7,"chart":"US5PWMDD"}},{"type":"Feature","geometry":{"type":"Point","coordinates":[-70.184611,43.712744]},"properties":{"objtype":"SOUNDG","valsou":12.1,"chart":"US5PWMDD"}},{"type":"Feature","geometry":{"type":"Point","coordinates":[-70.183823,43.710731]},"properties":{"objtype":"SOUNDG","valsou":11.2,"chart":"US5PWMDD"}},{"type":"Feature","geometry":{"type":"Point","coordinates":[-70.185928,43.684283]},"properties":{"objtype":"SOUNDG","valsou":15.2,"chart":"US5PWMDD"}},{"type":"Feature","geometry":{"type":"Point","coordinates":[-70.184049,43.694415]},"properties":{"objtype":"SOUNDG","valsou":0.9,"chart":"US5PWMDD"}},{"type":"Feature","geometry":{"type":"Point","coordinates":[-70.185752,43.675688]},"properties":{"objtype":"SOUNDG","valsou":14.9,"chart":"US5PWMDD"}},{"type":"Feature","geometry":{"type":"Point","coordinates":[-70.185634,43.717127]},"properties":{"objtype":"SOUNDG","valsou":12.8,"chart":"US5PWMDD"}},{"type":"Feature","geometry":{"type":"Point","coordinates":[-70.185611,43.690466]},"properties":{"objtype":"SOUNDG","valsou":4.5,"chart":"US5PWMDD"}},{"type":"Feature","geometry":{"type":"Point","coordinates":[-70.185961,43.721247]},"properties":{"objtype":"SOUNDG","valsou":0.9,"chart":"US5PWMDD"}},{"type":"Feature","geometry":{"type":"Point","coordinates":[-70.185888,43.69326]},"properties":{"objtype":"SOUNDG","valsou":1.5,"chart":"US5PWMDD"}},{"type":"Feature","geometry":{"type":"Point","coordinates":[-70.184933,43.681232]},"properties":{"objtype":"SOUNDG","valsou":21.3,"chart":"US5PWMDD"}},{"type":"Feature","geometry":{"type":"Point","coordinates":[-70.185843,43.724337]},"properties":{"objtype":"SOUNDG","valsou":14.9,"chart":"US5PWMDD"}},{"type":"Feature","geometry":{"type":"Point","coordinates":[-70.185732,43.67432]},"properties":{"objtype":"SOUNDG","valsou":1.5,"chart":"US5PWMDD"}},{"type":"Feature","geometry":{"type":"Point","coordinates":[-70.185492,43.686949]},"properties":{"objtype":"SOUNDG","valsou":10.6,"chart":"US5PWMDD"}},{"type":"Feature","geometry":{"type":"Point","coordinates":[-70.185475,43.719164]},"properties":{"objtype":"SOUNDG","valsou":13.7,"chart":"US5PWMDD"}},{"type":"Feature","geometry":{"type":"Point","coordinates":[-70.185442,43.706843]},"properties":{"objtype":"SOUNDG","valsou":9.1,"chart":"US5PWMDD"}},{"type":"Feature","geometry":{"type":"Point","coordinates":[-70.185402,43.704612]},"properties":{"objtype":"SOUNDG","valsou":10.6,"chart":"US5PWMDD"}},{"type":"Feature","geometry":{"type":"Point","coordinates":[-70.184944,43.70078]},"properties":{"objtype":"SOUNDG","valsou":8.8,"chart":"US5PWMDD"}},{"type":"Feature","geometry":{"type":"Point","coordinates":[-70.184198,43.698054]},"properties":{"objtype":"SOUNDG","valsou":16.4,"chart":"US5PWMDD"}},{"type":"Feature","geometry":{"type":"Point","coordinates":[-70.182329,43.676686]},"properties":{"objtype":"SOUNDG","valsou":21.0,"chart":"US5PWMDD"}},{"type":"Feature","geometry":{"type":"Point","coordinates":[-70.183402,43.682893]},"properties":{"objtype":"SOUNDG","valsou":26.2,"chart":"US5PWMDD"}},{"type":"Feature","geometry":{"type":"Point","coordinates":[-70.183362,43.680276]},"properties":{"objtype":"SOUNDG","valsou":26.5,"chart":"US5PWMDD"}},{"type":"Feature","geometry":{"type":"Point","coordinates":[-70.182427,43.693745]},"properties":{"objtype":"SOUNDG","valsou":1.5,"chart":"US5PWMDD"}},{"type":"Feature","geometry":{"type":"Point","coordinates":[-70.180881,43.72157]},"properties":{"objtype":"SOUNDG","valsou":13.7,"chart":"US5PWMDD"}},{"type":"Feature","geometry":{"type":"Point","coordinates":[-70.182793,43.699481]},"properties":{"objtype":"SOUNDG","valsou":14.3,"chart":"US5PWMDD"}},{"type":"Feature","geometry":{"type":"Point","coordinates":[-70.181649,43.715437]},"properties":{"objtype":"SOUNDG","valsou":11.8,"chart":"US5PWMDD"}},{"type":"Feature","geometry":{"type":"Point","coordinates":[-70.182636,43.674051]},"properties":{"objtype":"SOUNDG","valsou":7.3,"chart":"US5PWMDD"}},{"type":"Feature","geometry":{"type":"Point","coordinates":[-70.181538,43.713576]},"properties":{"objtype":"SOUNDG","valsou":11.8,"chart":"US5PWMDD"}},{"type":"Feature","geometry":{"type":"Point","coordinates":[-70.181236,43.700609]},"properties":{"objtype":"SOUNDG","valsou":16.1,"chart":"US5PWMDD"}},{"type":"Feature","geometry":{"type":"Point","coordinates":[-70.182412,43.724268]},"properties":{"objtype":"SOUNDG","valsou":14.9,"chart":"US5PWMDD"}},{"type":"Feature","geometry":{"type":"Point","coordinates":[-70.181334,43.670018]},"properties":{"objtype":"SOUNDG","valsou":3.0,"chart":"US5PWMDD"}},{"type":"Feature","geometry":{"type":"Point","coordinates":[-70.182034,43.692288]},"properties":{"objtype":"SOUNDG","valsou":0.9,"chart":"US5PWMDD"}},{"type":"Feature","geometry":{"type":"Point","coordinates":[-70.182112,43.66749]},"properties":{"objtype":"SOUNDG","valsou":0.6,"chart":"US5PWMDD"}},{"type":"Feature","geometry":{"type":"Point","coordinates":[-70.181568,43.689653]},"properties":{"objtype":"SOUNDG","valsou":25.6,"chart":"US5PWMDD"}},{"type":"Feature","geometry":{"type":"Point","coordinates":[-70.181966,43.707731]},"properties":{"objtype":"SOUNDG","valsou":15.2,"chart":"US5PWMDD"}},{"type":"Feature","geometry":{"type":"Point","coordinates":[-70.181717,43.717789]},"properties":{"objtype":"SOUNDG","valsou":12.8,"chart":"US5PWMDD"}},{"type":"Feature","geometry":{"type":"Point","coordinates":[-70.181543,43.705124]},"properties":{"objtype":"SOUNDG","valsou":17.9,"chart":"US5PWMDD"}},{"type":"Feature","geometry":{"type":"Point","coordinates":[-70.181505,43.666453]},"properties":{"objtype":"SOUNDG","valsou":3.6,"chart":"US5PWMDD"}},{"type":"Feature","geometry":{"type":"Point","coordinates":[-70.181117,43.685551]},"properties":{"objtype":"SOUNDG","valsou":24.3,"chart":"US5PWMDD"}},{"type":"Feature","geometry":{"type":"Point","coordinates":[-70.180946,43.709682]},"properties":{"objtype":"SOUNDG","valsou":14.0,"chart":"US5PWMDD"}},{"type":"Feature","geometry":{"type":"Point","coordinates":[-70.180312,43.667495]},"properties":{"objtype":"SOUNDG","valsou":11.5,"chart":"US5PWMDD"}},{"type":"Feature","geometry":{"type":"Point","coordinates":[-70.178773,43.714758]},"properties":{"objtype":"SOUNDG","valsou":11.8,"chart":"US5PWMDD"}},{"type":"Feature","geometry":{"type":"Point","coordinates":[-70.180294,43.670647]},"properties":{"objtype":"SOUNDG","valsou":14.9,"chart":"US5PWMDD"}},{"type":"Feature","geometry":{"type":"Point","coordinates":[-70.180128,43.69697]},"properties":{"objtype":"SOUNDG","valsou":15.2,"chart":"US5PWMDD"}},{"type":"Feature","geometry":{"type":"Point","coordinates":[-70.180103,43.69418]},"properties":{"objtype":"SOUNDG","valsou":16.1,"chart":"US5PWMDD"}},{"type":"Feature","geometry":{"type":"Point","coordinates":[-70.177695,43.708003]},"properties":{"objtype":"SOUNDG","valsou":16.1,"chart":"US5PWMDD"}},{"type":"Feature","geometry":{"type":"Point","coordinates":[-70.178105,43.700075]},"properties":{"objtype":"SOUNDG","valsou":14.9,"chart":"US5PWMDD"}},{"type":"Feature","geometry":{"type":"Point","coordinates":[-70.179881,43.724699]},"properties":{"objtype":"SOUNDG","valsou":12.8,"chart":"US5PWMDD"}},{"type":"Feature","geometry":{"type":"Point","coordinates":[-70.179878,43.704376]},"properties":{"objtype":"SOUNDG","valsou":19.2,"chart":"US5PWMDD"}},{"type":"Feature","geometry":{"type":"Point","coordinates":[-70.179697,43.653887]},"properties":{"objtype":"SOUNDG","valsou":4.5,"chart":"US5PWMDD"}},{"type":"Feature","geometry":{"type":"Point","coordinates":[-70.179689,43.720368]},"properties":{"objtype":"SOUNDG","valsou":12.8,"chart":"US5PWMDD"}},{"type":"Feature","geometry":{"type":"Point","coordinates":[-70.178843,43.692732]},"properties":{"objtype":"SOUNDG","valsou":27.7,"chart":"US5PWMDD"}},{"type":"Feature","geometry":{"type":"Point","coordinates":[-70.17915,43.689835]},"properties":{"objtype":"SOUNDG","valsou":23.1,"chart":"US5PWMDD"}},{"type":"Feature","geometry":{"type":"Point","coordinates":[-70.179412,43.664745]},"properties":{"objtype":"SOUNDG","valsou":1.2,"chart":"US5PWMDD"}},{"type":"Feature","geometry":{"type":"Point","coordinates":[-70.179407,43.673775]},"properties":{"objtype":"SOUNDG","valsou":25.9,"chart":"US5PWMDD"}},{"type":"Feature","geometry":{"type":"Point","coordinates":[-70.178685,43.713667]},"properties":{"objtype":"SOUNDG","valsou":12.4,"chart":"US5PWMDD"}},{"type":"Feature","geometry":{"type":"Point","coordinates":[-70.179264,43.684332]},"properties":{"objtype":"SOUNDG","valsou":25.6,"chart":"US5PWMDD"}},{"type":"Feature","geometry":{"type":"Point","coordinates":[-70.17909,43.68083]},"properties":{"objtype":"SOUNDG","valsou":32.3,"chart":"US5PWMDD"}},{"type":"Feature","geometry":{"type":"Point","coordinates":[-70.178881,43.685597]},"properties":{"objtype":"SOUNDG","valsou":25.2,"chart":"US5PWMDD"}},{"type":"Feature","geometry":{"type":"Point","coordinates":[-70.178742,43.678457]},"properties":{"objtype":"SOUNDG","valsou":32.3,"chart":"US5PWMDD"}},{"type":"Feature","geometry":{"type":"Point","coordinates":[-70.177609,43.655868]},"properties":{"objtype":"SOUNDG","valsou":1.2,"chart":"US5PWMDD"}},{"type":"Feature","geometry":{"type":"Point","coordinates":[-70.17533,43.703147]},"properties":{"objtype":"SOUNDG","valsou":12.4,"chart":"US5PWMDD"}},{"type":"Feature","geometry":{"type":"Point","coordinates":[-70.174828,43.680929]},"properties":{"objtype":"SOUNDG","valsou":3.3,"chart":"US5PWMDD"}},{"type":"Feature","geometry":{"type":"Point","coordinates":[-70.175612,43.673004]},"properties":{"objtype":"SOUNDG","valsou":12.4,"chart":"US5PWMDD"}},{"type":"Feature","geometry":{"type":"Point","coordinates":[-70.175796,43.702045]},"properties":{"objtype":"SOUNDG","valsou":11.8,"chart":"US5PWMDD"}},{"type":"Feature","geometry":{"type":"Point","coordinates":[-70.175692,43.707453]},"properties":{"objtype":"SOUNDG","valsou":16.7,"chart":"US5PWMDD"}},{"type":"Feature","geometry":{"type":"Point","coordinates":[-70.174957,43.723214]},"properties":{"objtype":"SOUNDG","valsou":12.1,"chart":"US5PWMDD"}},{"type":"Feature","geometry":{"type":"Point","coordinates":[-70.17678,43.695439]},"properties":{"objtype":"SOUNDG","valsou":21.6,"chart":"US5PWMDD"}},{"type":"Feature","geometry":{"type":"Point","coordinates":[-70.176654,43.712922]},"properties":{"objtype":"SOUNDG","valsou":13.7,"chart":"US5PWMDD"}},{"type":"Feature","geometry":{"type":"Point","coordinates":[-70.176959,43.709942]},"properties":{"objtype":"SOUNDG","valsou":14.9,"chart":"US5PWMDD"}},{"type":"Feature","geometry":{"type":"Point","coordinates":[-70.176916,43.720132]},"properties":{"objtype":"SOUNDG","valsou":12.8,"chart":"US5PWMDD"}},{"type":"Feature","geometry":{"type":"Point","coordinates":[-70.176911,43.656491]},"properties":{"objtype":"SOUNDG","valsou":4.5,"chart":"US5PWMDD"}},{"type":"Feature","geometry":{"type":"Point","coordinates":[-70.175717,43.686478]},"properties":{"objtype":"SOUNDG","valsou":24.0,"chart":"US5PWMDD"}},{"type":"Feature","geometry":{"type":"Point","coordinates":[-70.174612,43.688499]},"properties":{"objtype":"SOUNDG","valsou":22.2,"chart":"US5PWMDD"}},{"type":"Feature","geometry":{"type":"Point","coordinates":[-70.176795,43.724434]},"properties":{"objtype":"SOUNDG","valsou":11.8,"chart":"US5PWMDD"}},{"type":"Feature","geometry":{"type":"Point","coordinates":[-70.17669,43.691981]},"properties":{"objtype":"SOUNDG","valsou":19.5,"chart":"US5PWMDD"}},{"type":"Feature","geometry":{"type":"Point","coordinates":[-70.176675,43.652817]},"properties":{"objtype":"SOUNDG","valsou":20.7,"chart":"US5PWMDD"}},{"type":"Feature","geometry":{"type":"Point","coordinates":[-70.176523,43.677547]},"properties":{"objtype":"SOUNDG","valsou":31.6,"chart":"US5PWMDD"}},{"type":"Feature","geometry":{"type":"Point","coordinates":[-70.176357,43.696548]},"properties":{"objtype":"SOUNDG","valsou":15.5,"chart":"US5PWMDD"}},{"type":"Feature","geometry":{"type":"Point","coordinates":[-70.174655,43.671667]},"properties":{"objtype":"SOUNDG","valsou":27.1,"chart":"US5PWMDD"}},{"type":"Feature","geometry":{"type":"Point","coordinates":[-70.176183,43.716164]},"properties":{"objtype":"SOUNDG","valsou":13.1,"chart":"US5PWMDD"}},{"type":"Feature","geometry":{"type":"Point","coordinates":[-70.175796,43.659971]},"properties":{"objtype":"SOUNDG","valsou":0.9,"chart":"US5PWMDD"}},{"type":"Feature","geometry":{"type":"Point","coordinates":[-70.176108,43.664257]},"properties":{"objtype":"SOUNDG","valsou":5.7,"chart":"US5PWMDD"}},{"type":"Feature","geometry":{"type":"Point","coordinates":[-70.175393,43.66712]},"properties":{"objtype":"SOUNDG","valsou":20.4,"chart":"US5PWMDD"}},{"type":"Feature","geometry":{"type":"Point","coordinates":[-70.175632,43.683266]},"properties":{"objtype":"SOUNDG","valsou":21.3,"chart":"US5PWMDD"}},{"type":"Feature","geometry":{"type":"Point","coordinates":[-70.175591,43.663213]},"properties":{"objtype":"SOUNDG","valsou":0.9,"chart":"US5PWMDD"}},{"type":"Feature","geometry":{"type":"Point","coordinates":[-70.174277,43.677863]},"properties":{"objtype":"SOUNDG","valsou":15.2,"chart":"US5PWMDD"}},{"type":"Feature","geometry":{"type":"Point","coordinates":[-70.172194,43.688194]},"properties":{"objtype":"SOUNDG","valsou":8.8,"chart":"US5PWMDD"}},{"type":"Feature","geometry":{"type":"Point","coordinates":[-70.172194,43.684983]},"properties":{"objtype":"SOUNDG","valsou":0.9,"chart":"US5PWMDD"}},{"type":"Feature","geometry":{"type":"Point","coordinates":[-70.172592,43.661986]},"properties":{"objtype":"SOUNDG","valsou":2.1,"chart":"US5PWMDD"}},{"type":"Feature","geometry":{"type":"Point","coordinates":[-70.172786,43.657263]},"properties":{"objtype":"SOUNDG","valsou":12.8,"chart":"US5PWMDD"}},{"type":"Feature","geometry":{"type":"Point","coordinates":[-70.17407,43.660395]},"properties":{"objtype":"SOUNDG","valsou":1.2,"chart":"US5PWMDD"}},{"type":"Feature","geometry":{"type":"Point","coordinates":[-70.173962,43.670863]},"properties":{"objtype":"SOUNDG","valsou":25.6,"chart":"US5PWMDD"}},{"type":"Feature","geometry":{"type":"Point","coordinates":[-70.173771,43.71931]},"properties":{"objtype":"SOUNDG","valsou":13.1,"chart":"US5PWMDD"}},{"type":"Feature","geometry":{"type":"Point","coordinates":[-70.173753,43.706825]},"properties":{"objtype":"SOUNDG","valsou":17.9,"chart":"US5PWMDD"}},{"type":"Feature","geometry":{"type":"Point","coordinates":[-70.173738,43.697107]},"properties":{"objtype":"SOUNDG","valsou":24.6,"chart":"US5PWMDD"}},{"type":"Feature","geometry":{"type":"Point","coordinates":[-70.17373,43.711827]},"properties":{"objtype":"SOUNDG","valsou":15.8,"chart":"US5PWMDD"}},{"type":"Feature","geometry":{"type":"Point","coordinates":[-70.173403,43.667141]},"properties":{"objtype":"SOUNDG","valsou":28.3,"chart":"US5PWMDD"}},{"type":"Feature","geometry":{"type":"Point","coordinates":[-70.173161,43.702858]},"properties":{"objtype":"SOUNDG","valsou":19.5,"chart":"US5PWMDD"}},{"type":"Feature","geometry":{"type":"Point","coordinates":[-70.172448,43.681671]},"properties":{"objtype":"SOUNDG","valsou":1.5,"chart":"US5PWMDD"}},{"type":"Feature","geometry":{"type":"Point","coordinates":[-70.171708,43.663643]},"properties":{"objtype":"SOUNDG","valsou":7.0,"chart":"US5PWMDD"}},{"type":"Feature","geometry":{"type":"Point","coordinates":[-70.173617,43.679492]},"properties":{"objtype":"SOUNDG","valsou":1.8,"chart":"US5PWMDD"}},{"type":"Feature","geometry":{"type":"Point","coordinates":[-70.171927,43.691153]},"properties":{"objtype":"SOUNDG","valsou":15.5,"chart":"US5PWMDD"}},{"type":"Feature","geometry":{"type":"Point","coordinates":[-70.172027,43.674135]},"properties":{"objtype":"SOUNDG","valsou":17.0,"chart":"US5PWMDD"}},{"type":"Feature","geometry":{"type":"Point","coordinates":[-70.172662,43.701721]},"properties":{"objtype":"SOUNDG","valsou":21.3,"chart":"US5PWMDD"}},{"type":"Feature","geometry":{"type":"Point","coordinates":[-70.173101,43.721307]},"properties":{"objtype":"SOUNDG","valsou":12.4,"chart":"US5PWMDD"}},{"type":"Feature","geometry":{"type":"Point","coordinates":[-70.173095,43.709902]},"properties":{"objtype":"SOUNDG","valsou":17.3,"chart":"US5PWMDD"}},{"type":"Feature","geometry":{"type":"Point","coordinates":[-70.173,43.716499]},"properties":{"objtype":"SOUNDG","valsou":13.7,"chart":"US5PWMDD"}},{"type":"Feature","geometry":{"type":"Point","coordinates":[-70.172899,43.652437]},"properties":{"objtype":"SOUNDG","valsou":22.8,"chart":"US5PWMDD"}},{"type":"Feature","geometry":{"type":"Point","coordinates":[-70.171975,43.724449]},"properties":{"objtype":"SOUNDG","valsou":12.4,"chart":"US5PWMDD"}},{"type":"Feature","geometry":{"type":"Point","coordinates":[-70.171526,43.695629]},"properties":{"objtype":"SOUNDG","valsou":22.2,"chart":"US5PWMDD"}},{"type":"Feature","geometry":{"type":"Point","coordinates":[-70.169532,43.721749]},"properties":{"objtype":"SOUNDG","valsou":12.1,"chart":"US5PWMDD"}},{"type":"Feature","geometry":{"type":"Point","coordinates":[-70.171317,43.662279]},"properties":{"objtype":"SOUNDG","valsou":2.1,"chart":"US5PWMDD"}},{"type":"Feature","geometry":{"type":"Point","coordinates":[-70.169429,43.688693]},"properties":{"objtype":"SOUNDG","valsou":0.6,"chart":"US5PWMDD"}},{"type":"Feature","geometry":{"type":"Point","coordinates":[-70.169486,43.690874]},"properties":{"objtype":"SOUNDG","valsou":3.9,"chart":"US5PWMDD"}},{"type":"Feature","geometry":{"type":"Point","coordinates":[-70.171166,43.656422]},"properties":{"objtype":"SOUNDG","valsou":22.8,"chart":"US5PWMDD"}},{"type":"Feature","geometry":{"type":"Point","coordinates":[-70.171122,43.687151]},"properties":{"objtype":"SOUNDG","valsou":0.6,"chart":"US5PWMDD"}},{"type":"Feature","geometry":{"type":"Point","coordinates":[-70.169955,43.699167]},"properties":{"objtype":"SOUNDG","valsou":24.0,"chart":"US5PWMDD"}},{"type":"Feature","geometry":{"type":"Point","coordinates":[-70.168907,43.674728]},"properties":{"objtype":"SOUNDG","valsou":0.6,"chart":"US5PWMDD"}},{"type":"Feature","geometry":{"type":"Point","coordinates":[-70.17096,43.65962]},"properties":{"objtype":"SOUNDG","valsou":8.8,"chart":"US5PWMDD"}},{"type":"Feature","geometry":{"type":"Point","coordinates":[-70.170871,43.704355]},"properties":{"objtype":"SOUNDG","valsou":19.5,"chart":"US5PWMDD"}},{"type":"Feature","geometry":{"type":"Point","coordinates":[-70.169053,43.718991]},"properties":{"objtype":"SOUNDG","valsou":12.8,"chart":"US5PWMDD"}},{"type":"Feature","geometry":{"type":"Point","coordinates":[-70.170831,43.693894]},"properties":{"objtype":"SOUNDG","valsou":13.1,"chart":"US5PWMDD"}},{"type":"Feature","geometry":{"type":"Point","coordinates":[-70.168851,43.71689]},"properties":{"objtype":"SOUNDG","valsou":14.0,"chart":"US5PWMDD"}},{"type":"Feature","geometry":{"type":"Point","coordinates":[-70.17072,43.713351]},"properties":{"objtype":"SOUNDG","valsou":15.2,"chart":"US5PWMDD"}},{"type":"Feature","geometry":{"type":"Point","coordinates":[-70.170713,43.664477]},"properties":{"objtype":"SOUNDG","valsou":12.1,"chart":"US5PWMDD"}},{"type":"Feature","geometry":{"type":"Point","coordinates":[-70.170677,43.7062]},"properties":{"objtype":"SOUNDG","valsou":18.5,"chart":"US5PWMDD"}},{"type":"Feature","geometry":{"type":"Point","coordinates":[-70.169572,43.67223]},"properties":{"objtype":"SOUNDG","valsou":2.4,"chart":"US5PWMDD"}},{"type":"Feature","geometry":{"type":"Point","coordinates":[-70.170564,43.680695]},"properties":{"objtype":"SOUNDG","valsou":0.6,"chart":"US5PWMDD"}},{"type":"Feature","geometry":{"type":"Point","coordinates":[-70.168894,43.676472]},"properties":{"objtype":"SOUNDG","valsou":3.6,"chart":"US5PWMDD"}},{"type":"Feature","geometry":{"type":"Point","coordinates":[-70.169972,43.667428]},"properties":{"objtype":"SOUNDG","valsou":25.6,"chart":"US5PWMDD"}},{"type":"Feature","geometry":{"type":"Point","coordinates":[-70.169957,43.65251]},"properties":{"objtype":"SOUNDG","valsou":24.0,"chart":"US5PWMDD"}},{"type":"Feature","geometry":{"type":"Point","coordinates":[-70.169814,43.711373]},"properties":{"objtype":"SOUNDG","valsou":16.1,"chart":"US5PWMDD"}},{"type":"Feature","geometry":{"type":"Point","coordinates":[-70.169076,43.701078]},"properties":{"objtype":"SOUNDG","valsou":22.5,"chart":"US5PWMDD"}},{"type":"Feature","geometry":{"type":"Point","coordinates":[-70.168922,43.72496]},"properties":{"objtype":"SOUNDG","valsou":12.1,"chart":"US5PWMDD"}},{"type":"Feature","geometry":{"type":"Point","coordinates":[-70.166673,43.672435]},"properties":{"objtype":"SOUNDG","valsou":3.6,"chart":"US5PWMDD"}},{"type":"Feature","geometry":{"type":"Point","coordinates":[-70.168305,43.698739]},"properties":{"objtype":"SOUNDG","valsou":19.5,"chart":"US5PWMDD"}},{"type":"Feature","geometry":{"type":"Point","coordinates":[-70.167202,43.667504]},"properties":{"objtype":"SOUNDG","valsou":27.7,"chart":"US5PWMDD"}},{"type":"Feature","geometry":{"type":"Point","coordinates":[-70.168106,43.664643]},"properties":{"objtype":"SOUNDG","valsou":16.7,"chart":"US5PWMDD"}},{"type":"Feature","geometry":{"type":"Point","coordinates":[-70.168023,43.677128]},"properties":{"objtype":"SOUNDG","valsou":1.2,"chart":"US5PWMDD"}},{"type":"Feature","geometry":{"type":"Point","coordinates":[-70.167942,43.720452]},"properties":{"objtype":"SOUNDG","valsou":12.8,"chart":"US5PWMDD"}},{"type":"Feature","geometry":{"type":"Point","coordinates":[-70.166121,43.717434]},"properties":{"objtype":"SOUNDG","valsou":14.3,"chart":"US5PWMDD"}},{"type":"Feature","geometry":{"type":"Point","coordinates":[-70.167731,43.660741]},"properties":{"objtype":"SOUNDG","valsou":18.5,"chart":"US5PWMDD"}},{"type":"Feature","geometry":{"type":"Point","coordinates":[-70.1657,43.707011]},"properties":{"objtype":"SOUNDG","valsou":17.9,"chart":"US5PWMDD"}},{"type":"Feature","geometry":{"type":"Point","coordinates":[-70.166114,43.705102]},"properties":{"objtype":"SOUNDG","valsou":19.8,"chart":"US5PWMDD"}},{"type":"Feature","geometry":{"type":"Point","coordinates":[-70.167715,43.713369]},"properties":{"objtype":"SOUNDG","valsou":15.5,"chart":"US5PWMDD"}},{"type":"Feature","geometry":{"type":"Point","coordinates":[-70.16594,43.694454]},"properties":{"objtype":"SOUNDG","valsou":13.4,"chart":"US5PWMDD"}},{"type":"Feature","geometry":{"type":"Point","coordinates":[-70.167461,43.675101]},"properties":{"objtype":"SOUNDG","valsou":0.9,"chart":"US5PWMDD"}},{"type":"Feature","geometry":{"type":"Point","coordinates":[-70.167373,43.655394]},"properties":{"objtype":"SOUNDG","valsou":24.6,"chart":"US5PWMDD"}},{"type":"Feature","geometry":{"type":"Point","coordinates":[-70.166753,43.690545]},"properties":{"objtype":"SOUNDG","valsou":1.2,"chart":"US5PWMDD"}},{"type":"Feature","geometry":{"type":"Point","coordinates":[-70.167194,43.710806]},"properties":{"objtype":"SOUNDG","valsou":16.7,"chart":"US5PWMDD"}},{"type":"Feature","geometry":{"type":"Point","coordinates":[-70.166985,43.658825]},"properties":{"objtype":"SOUNDG","valsou":24.0,"chart":"US5PWMDD"}},{"type":"Feature","geometry":{"type":"Point","coordinates":[-70.166983,43.722757]},"properties":{"objtype":"SOUNDG","valsou":12.1,"chart":"US5PWMDD"}},{"type":"Feature","geometry":{"type":"Point","coordinates":[-70.166854,43.724076]},"properties":{"objtype":"SOUNDG","valsou":11.8,"chart":"US5PWMDD"}},{"type":"Feature","geometry":{"type":"Point","coordinates":[-70.165963,43.653278]},"properties":{"objtype":"SOUNDG","valsou":24.9,"chart":"US5PWMDD"}},{"type":"Feature","geometry":{"type":"Point","coordinates":[-70.1626,43.692354]},"properties":{"objtype":"SOUNDG","valsou":0.3,"chart":"US5PWMDD"}},{"type":"Feature","geometry":{"type":"Point","coordinates":[-70.165396,43.671845]},"properties":{"objtype":"SOUNDG","valsou":15.2,"chart":"US5PWMDD"}},{"type":"Feature","geometry":{"type":"Point","coordinates":[-70.165101,43.674527]},"properties":{"objtype":"SOUNDG","valsou":3.0,"chart":"US5PWMDD"}},{"type":"Feature","geometry":{"type":"Point","coordinates":[-70.163512,43.668395]},"properties":{"objtype":"SOUNDG","valsou":14.0,"chart":"US5PWMDD"}},{"type":"Feature","geometry":{"type":"Point","coordinates":[-70.162759,43.693523]},"properties":{"objtype":"SOUNDG","valsou":7.9,"chart":"US5PWMDD"}},{"type":"Feature","geometry":{"type":"Point","coordinates":[-70.164157,43.701159]},"properties":{"objtype":"SOUNDG","valsou":13.1,"chart":"US5PWMDD"}},{"type":"Feature","geometry":{"type":"Point","coordinates":[-70.165071,43.697524]},"properties":{"objtype":"SOUNDG","valsou":14.9,"chart":"US5PWMDD"}},{"type":"Feature","geometry":{"type":"Point","coordinates":[-70.165058,43.720167]},"properties":{"objtype":"SOUNDG","valsou":13.1,"chart":"US5PWMDD"}},{"type":"Feature","geometry":{"type":"Point","coordinates":[-70.164859,43.706295]},"properties":{"objtype":"SOUNDG","valsou":17.9,"chart":"US5PWMDD"}},{"type":"Feature","geometry":{"type":"Point","coordinates":[-70.164791,43.660267]},"properties":{"objtype":"SOUNDG","valsou":25.9,"chart":"US5PWMDD"}},{"type":"Feature","geometry":{"type":"Point","coordinates":[-70.163683,43.70474]},"properties":{"objtype":"SOUNDG","valsou":12.4,"chart":"US5PWMDD"}},{"type":"Feature","geometry":{"type":"Point","coordinates":[-70.164592,43.654904]},"properties":{"objtype":"SOUNDG","valsou":26.2,"chart":"US5PWMDD"}},{"type":"Feature","geometry":{"type":"Point","coordinates":[-70.163066,43.678294]},"properties":{"objtype":"SOUNDG","valsou":2.4,"chart":"US5PWMDD"}},{"type":"Feature","geometry":{"type":"Point","coordinates":[-70.162877,43.665948]},"properties":{"objtype":"SOUNDG","valsou":17.6,"chart":"US5PWMDD"}},{"type":"Feature","geometry":{"type":"Point","coordinates":[-70.164144,43.713329]},"properties":{"objtype":"SOUNDG","valsou":17.0,"chart":"US5PWMDD"}},{"type":"Feature","geometry":{"type":"Point","coordinates":[-70.164023,43.722335]},"properties":{"objtype":"SOUNDG","valsou":12.4,"chart":"US5PWMDD"}},{"type":"Feature","geometry":{"type":"Point","coordinates":[-70.163985,43.662147]},"properties":{"objtype":"SOUNDG","valsou":29.5,"chart":"US5PWMDD"}},{"type":"Feature","geometry":{"type":"Point","coordinates":[-70.16368,43.711126]},"properties":{"objtype":"SOUNDG","valsou":19.2,"chart":"US5PWMDD"}},{"type":"Feature","geometry":{"type":"Point","coordinates":[-70.163391,43.715901]},"properties":{"objtype":"SOUNDG","valsou":15.5,"chart":"US5PWMDD"}},{"type":"Feature","geometry":{"type":"Point","coordinates":[-70.163111,43.723946]},"properties":{"objtype":"SOUNDG","valsou":11.8,"chart":"US5PWMDD"}},{"type":"Feature","geometry":{"type":"Point","coordinates":[-70.162711,43.652313]},"properties":{"objtype":"SOUNDG","valsou":27.1,"chart":"US5PWMDD"}},{"type":"Feature","geometry":{"type":"Point","coordinates":[-70.161502,43.706903]},"properties":{"objtype":"SOUNDG","valsou":15.8,"chart":"US5PWMDD"}},{"type":"Feature","geometry":{"type":"Point","coordinates":[-70.15959,43.711356]},"properties":{"objtype":"SOUNDG","valsou":7.0,"chart":"US5PWMDD"}},{"type":"Feature","geometry":{"type":"Point","coordinates":[-70.160583,43.703174]},"properties":{"objtype":"SOUNDG","valsou":8.2,"chart":"US5PWMDD"}},{"type":"Feature","geometry":{"type":"Point","coordinates":[-70.161383,43.675086]},"properties":{"objtype":"SOUNDG","valsou":12.8,"chart":"US5PWMDD"}},{"type":"Feature","geometry":{"type":"Point","coordinates":[-70.161688,43.658523]},"properties":{"objtype":"SOUNDG","valsou":30.4,"chart":"US5PWMDD"}},{"type":"Feature","geometry":{"type":"Point","coordinates":[-70.16199,43.719557]},"properties":{"objtype":"SOUNDG","valsou":14.3,"chart":"US5PWMDD"}},{"type":"Feature","geometry":{"type":"Point","coordinates":[-70.161205,43.702224]},"properties":{"objtype":"SOUNDG","valsou":11.8,"chart":"US5PWMDD"}},{"type":"Feature","geometry":{"type":"Point","coordinates":[-70.161066,43.723145]},"properties":{"objtype":"SOUNDG","valsou":12.8,"chart":"US5PWMDD"}},{"type":"Feature","geometry":{"type":"Point","coordinates":[-70.159845,43.677984]},"properties":{"objtype":"SOUNDG","valsou":1.5,"chart":"US5PWMDD"}},{"type":"Feature","geometry":{"type":"Point","coordinates":[-70.161801,43.698116]},"properties":{"objtype":"SOUNDG","valsou":14.6,"chart":"US5PWMDD"}},{"type":"Feature","geometry":{"type":"Point","coordinates":[-70.161616,43.655869]},"properties":{"objtype":"SOUNDG","valsou":27.7,"chart":"US5PWMDD"}},{"type":"Feature","geometry":{"type":"Point","coordinates":[-70.159794,43.69507]},"properties":{"objtype":"SOUNDG","valsou":6.0,"chart":"US5PWMDD"}},{"type":"Feature","geometry":{"type":"Point","coordinates":[-70.161361,43.712576]},"properties":{"objtype":"SOUNDG","valsou":20.4,"chart":"US5PWMDD"}},{"type":"Feature","geometry":{"type":"Point","coordinates":[-70.161101,43.669969]},"properties":{"objtype":"SOUNDG","valsou":18.8,"chart":"US5PWMDD"}},{"type":"Feature","geometry":{"type":"Point","coordinates":[-70.160925,43.653913]},"properties":{"objtype":"SOUNDG","valsou":28.6,"chart":"US5PWMDD"}},{"type":"Feature","geometry":{"type":"Point","coordinates":[-70.160885,43.716957]},"properties":{"objtype":"SOUNDG","valsou":15.2,"chart":"US5PWMDD"}},{"type":"Feature","geometry":{"type":"Point","coordinates":[-70.16088,43.6935]},"properties":{"objtype":"SOUNDG","valsou":3.6,"chart":"US5PWMDD"}},{"type":"Feature","geometry":{"type":"Point","coordinates":[-70.160028,43.666175]},"properties":{"objtype":"SOUNDG","valsou":26.2,"chart":"US5PWMDD"}},{"type":"Feature","geometry":{"type":"Point","coordinates":[-70.16031,43.668781]},"properties":{"objtype":"SOUNDG","valsou":20.4,"chart":"US5PWMDD"}},{"type":"Feature","geometry":{"type":"Point","coordinates":[-70.160232,43.662209]},"properties":{"objtype":"SOUNDG","valsou":31.0,"chart":"US5PWMDD"}},{"type":"Feature","geometry":{"type":"Point","coordinates":[-70.159719,43.72444]},"properties":{"objtype":"SOUNDG","valsou":12.4,"chart":"US5PWMDD"}},{"type":"Feature","geometry":{"type":"Point","coordinates":[-70.157134,43.675854]},"properties":{"objtype":"SOUNDG","valsou":3.3,"chart":"US5PWMDD"}},{"type":"Feature","geometry":{"type":"Point","coordinates":[-70.159353,43.703985]},"properties":{"objtype":"SOUNDG","valsou":6.4,"chart":"US5PWMDD"}},{"type":"Feature","geometry":{"type":"Point","coordinates":[-70.158583,43.696818]},"properties":{"objtype":"SOUNDG","valsou":11.8,"chart":"US5PWMDD"}},{"type":"Feature","geometry":{"type":"Point","coordinates":[-70.159162,43.656638]},"properties":{"objtype":"SOUNDG","valsou":30.4,"chart":"US5PWMDD"}},{"type":"Feature","geometry":{"type":"Point","coordinates":[-70.157024,43.658627]},"properties":{"objtype":"SOUNDG","valsou":24.9,"chart":"US5PWMDD"}},{"type":"Feature","geometry":{"type":"Point","coordinates":[-70.157155,43.710452]},"properties":{"objtype":"SOUNDG","valsou":0.6,"chart":"US5PWMDD"}},{"type":"Feature","geometry":{"type":"Point","coordinates":[-70.157155,43.694306]},"properties":{"objtype":"SOUNDG","valsou":0.3,"chart":"US5PWMDD"}},{"type":"Feature","geometry":{"type":"Point","coordinates":[-70.158185,43.720759]},"properties":{"objtype":"SOUNDG","valsou":13.7,"chart":"US5PWMDD"}},{"type":"Feature","geometry":{"type":"Point","coordinates":[-70.156641,43.715193]},"properties":{"objtype":"SOUNDG","valsou":13.4,"chart":"US5PWMDD"}},{"type":"Feature","geometry":{"type":"Point","coordinates":[-70.157535,43.700883]},"properties":{"objtype":"SOUNDG","valsou":12.4,"chart":"US5PWMDD"}},{"type":"Feature","geometry":{"type":"Point","coordinates":[-70.156799,43.712805]},"properties":{"objtype":"SOUNDG","valsou":1.5,"chart":"US5PWMDD"}},{"type":"Feature","geometry":{"type":"Point","coordinates":[-70.157288,43.674029]},"properties":{"objtype":"SOUNDG","valsou":13.4,"chart":"US5PWMDD"}},{"type":"Feature","geometry":{"type":"Point","coordinates":[-70.158472,43.663623]},"properties":{"objtype":"SOUNDG","valsou":27.1,"chart":"US5PWMDD"}},{"type":"Feature","geometry":{"type":"Point","coordinates":[-70.157185,43.717829]},"properties":{"objtype":"SOUNDG","valsou":14.0,"chart":"US5PWMDD"}},{"type":"Feature","geometry":{"type":"Point","coordinates":[-70.156835,43.705661]},"properties":{"objtype":"SOUNDG","valsou":9.4,"chart":"US5PWMDD"}},{"type":"Feature","geometry":{"type":"Point","coordinates":[-70.15821,43.670227]},"properties":{"objtype":"SOUNDG","valsou":24.3,"chart":"US5PWMDD"}},{"type":"Feature","geometry":{"type":"Point","coordinates":[-70.158023,43.668415]},"properties":{"objtype":"SOUNDG","valsou":25.6,"chart":"US5PWMDD"}},{"type":"Feature","geometry":{"type":"Point","coordinates":[-70.157986,43.67951]},"properties":{"objtype":"SOUNDG","valsou":2.7,"chart":"US5PWMDD"}},{"type":"Feature","geometry":{"type":"Point","coordinates":[-70.157464,43.652836]},"properties":{"objtype":"SOUNDG","valsou":31.0,"chart":"US5PWMDD"}},{"type":"Feature","geometry":{"type":"Point","coordinates":[-70.157182,43.663008]},"properties":{"objtype":"SOUNDG","valsou":23.4,"chart":"US5PWMDD"}},{"type":"Feature","geometry":{"type":"Point","coordinates":[-70.156792,43.72442]},"properties":{"objtype":"SOUNDG","valsou":14.9,"chart":"US5PWMDD"}},{"type":"Feature","geometry":{"type":"Point","coordinates":[-70.155074,43.680664]},"properties":{"objtype":"SOUNDG","valsou":0.6,"chart":"US5PWMDD"}},{"type":"Feature","geometry":{"type":"Point","coordinates":[-70.156258,43.665043]},"properties":{"objtype":"SOUNDG","valsou":26.8,"chart":"US5PWMDD"}},{"type":"Feature","geometry":{"type":"Point","coordinates":[-70.156235,43.704515]},"properties":{"objtype":"SOUNDG","valsou":9.7,"chart":"US5PWMDD"}},{"type":"Feature","geometry":{"type":"Point","coordinates":[-70.156107,43.720076]},"properties":{"objtype":"SOUNDG","valsou":13.1,"chart":"US5PWMDD"}},{"type":"Feature","geometry":{"type":"Point","coordinates":[-70.153785,43.706576]},"properties":{"objtype":"SOUNDG","valsou":10.0,"chart":"US5PWMDD"}},{"type":"Feature","geometry":{"type":"Point","coordinates":[-70.154454,43.713265]},"properties":{"objtype":"SOUNDG","valsou":0.1,"chart":"US5PWMDD"}},{"type":"Feature","geometry":{"type":"Point","coordinates":[-70.156049,43.677293]},"properties":{"objtype":"SOUNDG","valsou":2.4,"chart":"US5PWMDD"}},{"type":"Feature","geometry":{"type":"Point","coordinates":[-70.154862,43.655772]},"properties":{"objtype":"SOUNDG","valsou":28.0,"chart":"US5PWMDD"}},{"type":"Feature","geometry":{"type":"Point","coordinates":[-70.15351,43.675413]},"properties":{"objtype":"SOUNDG","valsou":0.6,"chart":"US5PWMDD"}},{"type":"Feature","geometry":{"type":"Point","coordinates":[-70.155986,43.696554]},"properties":{"objtype":"SOUNDG","valsou":7.0,"chart":"US5PWMDD"}},{"type":"Feature","geometry":{"type":"Point","coordinates":[-70.154721,43.658503]},"properties":{"objtype":"SOUNDG","valsou":28.6,"chart":"US5PWMDD"}},{"type":"Feature","geometry":{"type":"Point","coordinates":[-70.155865,43.710015]},"properties":{"objtype":"SOUNDG","valsou":0.3,"chart":"US5PWMDD"}},{"type":"Feature","geometry":{"type":"Point","coordinates":[-70.154004,43.72052]},"properties":{"objtype":"SOUNDG","valsou":11.8,"chart":"US5PWMDD"}},{"type":"Feature","geometry":{"type":"Point","coordinates":[-70.155666,43.662266]},"properties":{"objtype":"SOUNDG","valsou":28.0,"chart":"US5PWMDD"}},{"type":"Feature","geometry":{"type":"Point","coordinates":[-70.155605,43.70129]},"properties":{"objtype":"SOUNDG","valsou":9.4,"chart":"US5PWMDD"}},{"type":"Feature","geometry":{"type":"Point","coordinates":[-70.153842,43.714767]},"properties":{"objtype":"SOUNDG","valsou":3.3,"chart":"US5PWMDD"}},{"type":"Feature","geometry":{"type":"Point","coordinates":[-70.155215,43.69579]},"properties":{"objtype":"SOUNDG","valsou":2.7,"chart":"US5PWMDD"}},{"type":"Feature","geometry":{"type":"Point","coordinates":[-70.153759,43.653077]},"properties":{"objtype":"SOUNDG","valsou":26.8,"chart":"US5PWMDD"}},{"type":"Feature","geometry":{"type":"Point","coordinates":[-70.15392,43.672477]},"properties":{"objtype":"SOUNDG","valsou":21.6,"chart":"US5PWMDD"}},{"type":"Feature","geometry":{"type":"Point","coordinates":[-70.15389,43.669375]},"properties":{"objtype":"SOUNDG","valsou":25.9,"chart":"US5PWMDD"}},{"type":"Feature","geometry":{"type":"Point","coordinates":[-70.153925,43.723707]},"properties":{"objtype":"SOUNDG","valsou":11.8,"chart":"US5PWMDD"}},{"type":"Feature","geometry":{"type":"Point","coordinates":[-70.151278,43.70453]},"properties":{"objtype":"SOUNDG","valsou":6.0,"chart":"US5PWMDD"}},{"type":"Feature","geometry":{"type":"Point","coordinates":[-70.153278,43.674166]},"properties":{"objtype":"SOUNDG","valsou":10.3,"chart":"US5PWMDD"}},{"type":"Feature","geometry":{"type":"Point","coordinates":[-70.153238,43.68278]},"properties":{"objtype":"SOUNDG","valsou":0.3,"chart":"US5PWMDD"}},{"type":"Feature","geometry":{"type":"Point","coordinates":[-70.151032,43.699357]},"properties":{"objtype":"SOUNDG","valsou":0.3,"chart":"US5PWMDD"}},{"type":"Feature","geometry":{"type":"Point","coordinates":[-70.150603,43.661776]},"properties":{"objtype":"SOUNDG","valsou":24.0,"chart":"US5PWMDD"}},{"type":"Feature","geometry":{"type":"Point","coordinates":[-70.153001,43.651338]},"properties":{"objtype":"SOUNDG","valsou":21.3,"chart":"US5PWMDD"}},{"type":"Feature","geometry":{"type":"Point","coordinates":[-70.152742,43.721789]},"properties":{"objtype":"SOUNDG","valsou":7.0,"chart":"US5PWMDD"}},{"type":"Feature","geometry":{"type":"Point","coordinates":[-70.152807,43.658042]},"properties":{"objtype":"SOUNDG","valsou":23.4,"chart":"US5PWMDD"}},{"type":"Feature","geometry":{"type":"Point","coordinates":[-70.151596,43.71573]},"properties":{"objtype":"SOUNDG","valsou":0.9,"chart":"US5PWMDD"}},{"type":"Feature","geometry":{"type":"Point","coordinates":[-70.152787,43.655897]},"properties":{"objtype":"SOUNDG","valsou":20.7,"chart":"US5PWMDD"}},{"type":"Feature","geometry":{"type":"Point","coordinates":[-70.15145,43.717779]},"properties":{"objtype":"SOUNDG","valsou":3.3,"chart":"US5PWMDD"}},{"type":"Feature","geometry":{"type":"Point","coordinates":[-70.152659,43.675779]},"properties":{"objtype":"SOUNDG","valsou":1.2,"chart":"US5PWMDD"}},{"type":"Feature","geometry":{"type":"Point","coordinates":[-70.151749,43.700437]},"properties":{"objtype":"SOUNDG","valsou":7.3,"chart":"US5PWMDD"}},{"type":"Feature","geometry":{"type":"Point","coordinates":[-70.152593,43.710472]},"properties":{"objtype":"SOUNDG","valsou":0.3,"chart":"US5PWMDD"}},{"type":"Feature","geometry":{"type":"Point","coordinates":[-70.152268,43.685253]},"properties":{"objtype":"SOUNDG","valsou":0.9,"chart":"US5PWMDD"}},{"type":"Feature","geometry":{"type":"Point","coordinates":[-70.152402,43.665497]},"properties":{"objtype":"SOUNDG","valsou":26.8,"chart":"US5PWMDD"}},{"type":"Feature","geometry":{"type":"Point","coordinates":[-70.151034,43.708212]},"properties":{"objtype":"SOUNDG","valsou":3.9,"chart":"US5PWMDD"}},{"type":"Feature","geometry":{"type":"Point","coordinates":[-70.152304,43.714453]},"properties":{"objtype":"SOUNDG","valsou":0.3,"chart":"US5PWMDD"}},{"type":"Feature","geometry":{"type":"Point","coordinates":[-70.152069,43.679415]},"properties":{"objtype":"SOUNDG","valsou":5.7,"chart":"US5PWMDD"}},{"type":"Feature","geometry":{"type":"Point","coordinates":[-70.151853,43.72486]},"properties":{"objtype":"SOUNDG","valsou":11.8,"chart":"US5PWMDD"}},{"type":"Feature","geometry":{"type":"Point","coordinates":[-70.151493,43.669457]},"properties":{"objtype":"SOUNDG","valsou":22.2,"chart":"US5PWMDD"}},{"type":"Feature","geometry":{"type":"Point","coordinates":[-70.151334,43.671196]},"properties":{"objtype":"SOUNDG","valsou":24.3,"chart":"US5PWMDD"}},{"type":"Feature","geometry":{"type":"Point","coordinates":[-70.151246,43.652845]},"properties":{"objtype":"SOUNDG","valsou":12.8,"chart":"US5PWMDD"}},{"type":"Feature","geometry":{"type":"Point","coordinates":[-70.150452,43.709396]},"properties":{"objtype":"SOUNDG","valsou":0.6,"chart":"US5PWMDD"}},{"type":"Feature","geometry":{"type":"Point","coordinates":[-70.149848,43.654117]},"properties":{"objtype":"SOUNDG","valsou":15.5,"chart":"US5PWMDD"}},{"type":"Feature","geometry":{"type":"Point","coordinates":[-70.148898,43.685573]},"properties":{"objtype":"SOUNDG","valsou":2.7,"chart":"US5PWMDD"}},{"type":"Feature","geometry":{"type":"Point","coordinates":[-70.150137,43.690451]},"properties":{"objtype":"SOUNDG","valsou":0.1,"chart":"US5PWMDD"}},{"type":"Feature","geometry":{"type":"Point","coordinates":[-70.149903,43.67588]},"properties":{"objtype":"SOUNDG","valsou":18.5,"chart":"US5PWMDD"}},{"type":"Feature","geometry":{"type":"Point","coordinates":[-70.147886,43.71775]},"properties":{"objtype":"SOUNDG","valsou":2.4,"chart":"US5PWMDD"}},{"type":"Feature","geometry":{"type":"Point","coordinates":[-70.149878,43.715695]},"properties":{"objtype":"SOUNDG","valsou":0.3,"chart":"US5PWMDD"}},{"type":"Feature","geometry":{"type":"Point","coordinates":[-70.149014,43.699582]},"properties":{"objtype":"SOUNDG","valsou":0.1,"chart":"US5PWMDD"}},{"type":"Feature","geometry":{"type":"Point","coordinates":[-70.149561,43.659077]},"properties":{"objtype":"SOUNDG","valsou":15.8,"chart":"US5PWMDD"}},{"type":"Feature","geometry":{"type":"Point","coordinates":[-70.149551,43.682499]},"properties":{"objtype":"SOUNDG","valsou":3.6,"chart":"US5PWMDD"}},{"type":"Feature","geometry":{"type":"Point","coordinates":[-70.147966,43.720664]},"properties":{"objtype":"SOUNDG","valsou":8.8,"chart":"US5PWMDD"}},{"type":"Feature","geometry":{"type":"Point","coordinates":[-70.149354,43.708082]},"properties":{"objtype":"SOUNDG","valsou":0.3,"chart":"US5PWMDD"}},{"type":"Feature","geometry":{"type":"Point","coordinates":[-70.149231,43.674113]},"properties":{"objtype":"SOUNDG","valsou":23.7,"chart":"US5PWMDD"}},{"type":"Feature","geometry":{"type":"Point","coordinates":[-70.148991,43.650014]},"properties":{"objtype":"SOUNDG","valsou":24.3,"chart":"US5PWMDD"}},{"type":"Feature","geometry":{"type":"Point","coordinates":[-70.148969,43.665082]},"properties":{"objtype":"SOUNDG","valsou":25.6,"chart":"US5PWMDD"}},{"type":"Feature","geometry":{"type":"Point","coordinates":[-70.148329,43.681219]},"properties":{"objtype":"SOUNDG","valsou":12.8,"chart":"US5PWMDD"}},{"type":"Feature","geometry":{"type":"Point","coordinates":[-70.148941,43.724208]},"properties":{"objtype":"SOUNDG","valsou":9.7,"chart":"US5PWMDD"}},{"type":"Feature","geometry":{"type":"Point","coordinates":[-70.147775,43.702896]},"properties":{"objtype":"SOUNDG","valsou":7.9,"chart":"US5PWMDD"}},{"type":"Feature","geometry":{"type":"Point","coordinates":[-70.147593,43.65653]},"properties":{"objtype":"SOUNDG","valsou":9.1,"chart":"US5PWMDD"}},{"type":"Feature","geometry":{"type":"Point","coordinates":[-70.148092,43.671256]},"properties":{"objtype":"SOUNDG","valsou":24.6,"chart":"US5PWMDD"}},{"type":"Feature","geometry":{"type":"Point","coordinates":[-70.147911,43.669377]},"properties":{"objtype":"SOUNDG","valsou":24.6,"chart":"US5PWMDD"}},{"type":"Feature","geometry":{"type":"Point","coordinates":[-70.147581,43.661697]},"properties":{"objtype":"SOUNDG","valsou":19.2,"chart":"US5PWMDD"}},{"type":"Feature","geometry":{"type":"Point","coordinates":[-70.145639,43.685659]},"properties":{"objtype":"SOUNDG","valsou":13.7,"chart":"US5PWMDD"}},{"type":"Feature","geometry":{"type":"Point","coordinates":[-70.147425,43.716592]},"properties":{"objtype":"SOUNDG","valsou":0.3,"chart":"US5PWMDD"}},{"type":"Feature","geometry":{"type":"Point","coordinates":[-70.146017,43.718057]},"properties":{"objtype":"SOUNDG","valsou":2.1,"chart":"US5PWMDD"}},{"type":"Feature","geometry":{"type":"Point","coordinates":[-70.147236,43.701515]},"properties":{"objtype":"SOUNDG","valsou":1.2,"chart":"US5PWMDD"}},{"type":"Feature","geometry":{"type":"Point","coordinates":[-70.145939,43.658905]},"properties":{"objtype":"SOUNDG","valsou":2.7,"chart":"US5PWMDD"}},{"type":"Feature","geometry":{"type":"Point","coordinates":[-70.145823,43.707839]},"properties":{"objtype":"SOUNDG","valsou":0.6,"chart":"US5PWMDD"}},{"type":"Feature","geometry":{"type":"Point","coordinates":[-70.147039,43.6764]},"properties":{"objtype":"SOUNDG","valsou":23.7,"chart":"US5PWMDD"}},{"type":"Feature","geometry":{"type":"Point","coordinates":[-70.146532,43.650014]},"properties":{"objtype":"SOUNDG","valsou":32.3,"chart":"US5PWMDD"}},{"type":"Feature","geometry":{"type":"Point","coordinates":[-70.145488,43.654238]},"properties":{"objtype":"SOUNDG","valsou":17.6,"chart":"US5PWMDD"}},{"type":"Feature","geometry":{"type":"Point","coordinates":[-70.146279,43.664977]},"properties":{"objtype":"SOUNDG","valsou":24.6,"chart":"US5PWMDD"}},{"type":"Feature","geometry":{"type":"Point","coordinates":[-70.145563,43.657296]},"properties":{"objtype":"SOUNDG","valsou":15.2,"chart":"US5PWMDD"}},{"type":"Feature","geometry":{"type":"Point","coordinates":[-70.145841,43.684107]},"properties":{"objtype":"SOUNDG","valsou":4.8,"chart":"US5PWMDD"}},{"type":"Feature","geometry":{"type":"Point","coordinates":[-70.145982,43.703134]},"properties":{"objtype":"SOUNDG","valsou":3.0,"chart":"US5PWMDD"}},{"type":"Feature","geometry":{"type":"Point","coordinates":[-70.144574,43.721475]},"properties":{"objtype":"SOUNDG","valsou":6.4,"chart":"US5PWMDD"}},{"type":"Feature","geometry":{"type":"Point","coordinates":[-70.146009,43.680503]},"properties":{"objtype":"SOUNDG","valsou":14.0,"chart":"US5PWMDD"}},{"type":"Feature","geometry":{"type":"Point","coordinates":[-70.145916,43.688805]},"properties":{"objtype":"SOUNDG","valsou":13.4,"chart":"US5PWMDD"}},{"type":"Feature","geometry":{"type":"Point","coordinates":[-70.145782,43.723819]},"properties":{"objtype":"SOUNDG","valsou":8.8,"chart":"US5PWMDD"}},{"type":"Feature","geometry":{"type":"Point","coordinates":[-70.145752,43.661469]},"properties":{"objtype":"SOUNDG","valsou":23.4,"chart":"US5PWMDD"}},{"type":"Feature","geometry":{"type":"Point","coordinates":[-70.145707,43.673148]},"properties":{"objtype":"SOUNDG","valsou":25.2,"chart":"US5PWMDD"}},{"type":"Feature","geometry":{"type":"Point","coordinates":[-70.145483,43.668623]},"properties":{"objtype":"SOUNDG","valsou":20.1,"chart":"US5PWMDD"}},{"type":"Feature","geometry":{"type":"Point","coordinates":[-70.144966,43.711433]},"properties":{"objtype":"SOUNDG","valsou":0.6,"chart":"US5PWMDD"}},{"type":"Feature","geometry":{"type":"Point","coordinates":[-70.144609,43.670775]},"properties":{"objtype":"SOUNDG","valsou":19.2,"chart":"US5PWMDD"}},{"type":"Feature","geometry":{"type":"Point","coordinates":[-70.144506,43.690506]},"properties":{"objtype":"SOUNDG","valsou":3.3,"chart":"US5PWMDD"}},{"type":"Feature","geometry":{"type":"Point","coordinates":[-70.144455,43.716625]},"properties":{"objtype":"SOUNDG","valsou":0.3,"chart":"US5PWMDD"}},{"type":"Feature","geometry":{"type":"Point","coordinates":[-70.14175,43.706746]},"properties":{"objtype":"SOUNDG","valsou":1.8,"chart":"US5PWMDD"}},{"type":"Feature","geometry":{"type":"Point","coordinates":[-70.144349,43.666199]},"properties":{"objtype":"SOUNDG","valsou":25.2,"chart":"US5PWMDD"}},{"type":"Feature","geometry":{"type":"Point","coordinates":[-70.144299,43.671757]},"properties":{"objtype":"SOUNDG","valsou":15.5,"chart":"US5PWMDD"}},{"type":"Feature","geometry":{"type":"Point","coordinates":[-70.14406,43.709571]},"properties":{"objtype":"SOUNDG","valsou":4.8,"chart":"US5PWMDD"}},{"type":"Feature","geometry":{"type":"Point","coordinates":[-70.142002,43.718187]},"properties":{"objtype":"SOUNDG","valsou":0.1,"chart":"US5PWMDD"}},{"type":"Feature","geometry":{"type":"Point","coordinates":[-70.144027,43.704983]},"properties":{"objtype":"SOUNDG","valsou":4.2,"chart":"US5PWMDD"}},{"type":"Feature","geometry":{"type":"Point","coordinates":[-70.143989,43.724962]},"properties":{"objtype":"SOUNDG","valsou":8.5,"chart":"US5PWMDD"}},{"type":"Feature","geometry":{"type":"Point","coordinates":[-70.14201,43.66246]},"properties":{"objtype":"SOUNDG","valsou":10.3,"chart":"US5PWMDD"}},{"type":"Feature","geometry":{"type":"Point","coordinates":[-70.14281,43.65636]},"properties":{"objtype":"SOUNDG","valsou":24.0,"chart":"US5PWMDD"}},{"type":"Feature","geometry":{"type":"Point","coordinates":[-70.143224,43.720936]},"properties":{"objtype":"SOUNDG","valsou":3.3,"chart":"US5PWMDD"}},{"type":"Feature","geometry":{"type":"Point","coordinates":[-70.142629,43.673271]},"properties":{"objtype":"SOUNDG","valsou":22.8,"chart":"US5PWMDD"}},{"type":"Feature","geometry":{"type":"Point","coordinates":[-70.143543,43.713543]},"properties":{"objtype":"SOUNDG","valsou":0.9,"chart":"US5PWMDD"}},{"type":"Feature","geometry":{"type":"Point","coordinates":[-70.143516,43.685191]},"properties":{"objtype":"SOUNDG","valsou":19.8,"chart":"US5PWMDD"}},{"type":"Feature","geometry":{"type":"Point","coordinates":[-70.143318,43.652319]},"properties":{"objtype":"SOUNDG","valsou":28.3,"chart":"US5PWMDD"}},{"type":"Feature","geometry":{"type":"Point","coordinates":[-70.142702,43.689923]},"properties":{"objtype":"SOUNDG","valsou":7.0,"chart":"US5PWMDD"}},{"type":"Feature","geometry":{"type":"Point","coordinates":[-70.143153,43.691204]},"properties":{"objtype":"SOUNDG","valsou":0.9,"chart":"US5PWMDD"}},{"type":"Feature","geometry":{"type":"Point","coordinates":[-70.143135,43.694326]},"properties":{"objtype":"SOUNDG","valsou":1.5,"chart":"US5PWMDD"}},{"type":"Feature","geometry":{"type":"Point","coordinates":[-70.142176,43.669265]},"properties":{"objtype":"SOUNDG","valsou":24.6,"chart":"US5PWMDD"}},{"type":"Feature","geometry":{"type":"Point","coordinates":[-70.142717,43.68029]},"properties":{"objtype":"SOUNDG","valsou":23.1,"chart":"US5PWMDD"}},{"type":"Feature","geometry":{"type":"Point","coordinates":[-70.142642,43.682594]},"properties":{"objtype":"SOUNDG","valsou":22.5,"chart":"US5PWMDD"}},{"type":"Feature","geometry":{"type":"Point","coordinates":[-70.142541,43.677521]},"properties":{"objtype":"SOUNDG","valsou":23.7,"chart":"US5PWMDD"}},{"type":"Feature","geometry":{"type":"Point","coordinates":[-70.141483,43.711049]},"properties":{"objtype":"SOUNDG","valsou":12.4,"chart":"US5PWMDD"}},{"type":"Feature","geometry":{"type":"Point","coordinates":[-70.141465,43.688706]},"properties":{"objtype":"SOUNDG","valsou":16.4,"chart":"US5PWMDD"}},{"type":"Feature","geometry":{"type":"Point","coordinates":[-70.140448,43.713892]},"properties":{"objtype":"SOUNDG","valsou":4.8,"chart":"US5PWMDD"}},{"type":"Feature","geometry":{"type":"Point","coordinates":[-70.139143,43.723749]},"properties":{"objtype":"SOUNDG","valsou":0.3,"chart":"US5PWMDD"}},{"type":"Feature","geometry":{"type":"Point","coordinates":[-70.141128,43.693101]},"properties":{"objtype":"SOUNDG","valsou":4.5,"chart":"US5PWMDD"}},{"type":"Feature","geometry":{"type":"Point","coordinates":[-70.139196,43.694472]},"properties":{"objtype":"SOUNDG","valsou":1.2,"chart":"US5PWMDD"}},{"type":"Feature","geometry":{"type":"Point","coordinates":[-70.140925,43.650673]},"properties":{"objtype":"SOUNDG","valsou":35.9,"chart":"US5PWMDD"}},{"type":"Feature","geometry":{"type":"Point","coordinates":[-70.138743,43.664784]},"properties":{"objtype":"SOUNDG","valsou":23.1,"chart":"US5PWMDD"}},{"type":"Feature","geometry":{"type":"Point","coordinates":[-70.140425,43.722622]},"properties":{"objtype":"SOUNDG","valsou":0.6,"chart":"US5PWMDD"}},{"type":"Feature","geometry":{"type":"Point","coordinates":[-70.13936,43.716303]},"properties":{"objtype":"SOUNDG","valsou":0.6,"chart":"US5PWMDD"}},{"type":"Feature","geometry":{"type":"Point","coordinates":[-70.140299,43.652177]},"properties":{"objtype":"SOUNDG","valsou":34.7,"chart":"US5PWMDD"}},{"type":"Feature","geometry":{"type":"Point","coordinates":[-70.140236,43.685681]},"properties":{"objtype":"SOUNDG","valsou":21.0,"chart":"US5PWMDD"}},{"type":"Feature","geometry":{"type":"Point","coordinates":[-70.139297,43.65749]},"properties":{"objtype":"SOUNDG","valsou":31.6,"chart":"US5PWMDD"}},{"type":"Feature","geometry":{"type":"Point","coordinates":[-70.140171,43.707596]},"properties":{"objtype":"SOUNDG","valsou":0.3,"chart":"US5PWMDD"}},{"type":"Feature","geometry":{"type":"Point","coordinates":[-70.140102,43.672845]},"properties":{"objtype":"SOUNDG","valsou":24.3,"chart":"US5PWMDD"}},{"type":"Feature","geometry":{"type":"Point","coordinates":[-70.139937,43.696782]},"properties":{"objtype":"SOUNDG","valsou":1.2,"chart":"US5PWMDD"}},{"type":"Feature","geometry":{"type":"Point","coordinates":[-70.139896,43.67885]},"properties":{"objtype":"SOUNDG","valsou":24.0,"chart":"US5PWMDD"}},{"type":"Feature","geometry":{"type":"Point","coordinates":[-70.139773,43.67121]},"properties":{"objtype":"SOUNDG","valsou":24.6,"chart":"US5PWMDD"}},{"type":"Feature","geometry":{"type":"Point","coordinates":[-70.139702,43.683402]},"properties":{"objtype":"SOUNDG","valsou":23.1,"chart":"US5PWMDD"}},{"type":"Feature","geometry":{"type":"Point","coordinates":[-70.139677,43.663184]},"properties":{"objtype":"SOUNDG","valsou":18.8,"chart":"US5PWMDD"}},{"type":"Feature","geometry":{"type":"Point","coordinates":[-70.139508,43.669144]},"properties":{"objtype":"SOUNDG","valsou":25.2,"chart":"US5PWMDD"}},{"type":"Feature","geometry":{"type":"Point","coordinates":[-70.139413,43.676421]},"properties":{"objtype":"SOUNDG","valsou":24.3,"chart":"US5PWMDD"}},{"type":"Feature","geometry":{"type":"Point","coordinates":[-70.138493,43.713289]},"properties":{"objtype":"SOUNDG","valsou":12.4,"chart":"US5PWMDD"}},{"type":"Feature","geometry":{"type":"Point","coordinates":[-70.138435,43.687086]},"properties":{"objtype":"SOUNDG","valsou":21.9,"chart":"US5PWMDD"}},{"type":"Feature","geometry":{"type":"Point","coordinates":[-70.13835,43.707914]},"properties":{"objtype":"SOUNDG","valsou":0.3,"chart":"US5PWMDD"}},{"type":"Feature","geometry":{"type":"Point","coordinates":[-70.136214,43.710441]},"properties":{"objtype":"SOUNDG","valsou":15.2,"chart":"US5PWMDD"}},{"type":"Feature","geometry":{"type":"Point","coordinates":[-70.137083,43.692882]},"properties":{"objtype":"SOUNDG","valsou":0.3,"chart":"US5PWMDD"}},{"type":"Feature","geometry":{"type":"Point","coordinates":[-70.138005,43.653691]},"properties":{"objtype":"SOUNDG","valsou":33.8,"chart":"US5PWMDD"}},{"type":"Feature","geometry":{"type":"Point","coordinates":[-70.137969,43.70478]},"properties":{"objtype":"SOUNDG","valsou":0.6,"chart":"US5PWMDD"}},{"type":"Feature","geometry":{"type":"Point","coordinates":[-70.137924,43.68943]},"properties":{"objtype":"SOUNDG","valsou":13.7,"chart":"US5PWMDD"}},{"type":"Feature","geometry":{"type":"Point","coordinates":[-70.137624,43.717715]},"properties":{"objtype":"SOUNDG","valsou":0.3,"chart":"US5PWMDD"}},{"type":"Feature","geometry":{"type":"Point","coordinates":[-70.137551,43.698335]},"properties":{"objtype":"SOUNDG","valsou":4.5,"chart":"US5PWMDD"}},{"type":"Feature","geometry":{"type":"Point","coordinates":[-70.135926,43.67192]},"properties":{"objtype":"SOUNDG","valsou":24.9,"chart":"US5PWMDD"}},{"type":"Feature","geometry":{"type":"Point","coordinates":[-70.137112,43.672811]},"properties":{"objtype":"SOUNDG","valsou":25.9,"chart":"US5PWMDD"}},{"type":"Feature","geometry":{"type":"Point","coordinates":[-70.136806,43.695744]},"properties":{"objtype":"SOUNDG","valsou":3.3,"chart":"US5PWMDD"}},{"type":"Feature","geometry":{"type":"Point","coordinates":[-70.136967,43.684433]},"properties":{"objtype":"SOUNDG","valsou":24.3,"chart":"US5PWMDD"}},{"type":"Feature","geometry":{"type":"Point","coordinates":[-70.136796,43.715792]},"properties":{"objtype":"SOUNDG","valsou":10.3,"chart":"US5PWMDD"}},{"type":"Feature","geometry":{"type":"Point","coordinates":[-70.136705,43.677651]},"properties":{"objtype":"SOUNDG","valsou":25.2,"chart":"US5PWMDD"}},{"type":"Feature","geometry":{"type":"Point","coordinates":[-70.136113,43.700685]},"properties":{"objtype":"SOUNDG","valsou":3.3,"chart":"US5PWMDD"}},{"type":"Feature","geometry":{"type":"Point","coordinates":[-70.136073,43.680695]},"properties":{"objtype":"SOUNDG","valsou":25.2,"chart":"US5PWMDD"}},{"type":"Feature","geometry":{"type":"Point","coordinates":[-70.135496,43.718094]},"properties":{"objtype":"SOUNDG","valsou":0.6,"chart":"US5PWMDD"}},{"type":"Feature","geometry":{"type":"Point","coordinates":[-70.135489,43.667274]},"properties":{"objtype":"SOUNDG","valsou":27.7,"chart":"US5PWMDD"}},{"type":"Feature","geometry":{"type":"Point","coordinates":[-70.135086,43.704908]},"properties":{"objtype":"SOUNDG","valsou":4.2,"chart":"US5PWMDD"}},{"type":"Feature","geometry":{"type":"Point","coordinates":[-70.134932,43.697473]},"properties":{"objtype":"SOUNDG","valsou":11.5,"chart":"US5PWMDD"}},{"type":"Feature","geometry":{"type":"Point","coordinates":[-70.134879,43.686363]},"properties":{"objtype":"SOUNDG","valsou":25.6,"chart":"US5PWMDD"}},{"type":"Feature","geometry":{"type":"Point","coordinates":[-70.134738,43.713654]},"properties":{"objtype":"SOUNDG","valsou":17.3,"chart":"US5PWMDD"}},{"type":"Feature","geometry":{"type":"Point","coordinates":[-70.1347,43.706344]},"properties":{"objtype":"SOUNDG","valsou":8.5,"chart":"US5PWMDD"}},{"type":"Feature","geometry":{"type":"Point","coordinates":[-70.13468,43.709147]},"properties":{"objtype":"SOUNDG","valsou":3.3,"chart":"US5PWMDD"}},{"type":"Feature","geometry":{"type":"Point","coordinates":[-70.134524,43.692206]},"properties":{"objtype":"SOUNDG","valsou":11.8,"chart":"US5PWMDD"}},{"type":"Feature","geometry":{"type":"Point","coordinates":[-70.134081,43.696219]},"properties":{"objtype":"SOUNDG","valsou":13.4,"chart":"US5PWMDD"}},{"type":"Feature","geometry":{"type":"Point","coordinates":[-70.134081,43.71735]},"properties":{"objtype":"SOUNDG","valsou":4.5,"chart":"US5PWMDD"}},{"type":"Feature","geometry":{"type":"Point","coordinates":[-70.134073,43.672497]},"properties":{"objtype":"SOUNDG","valsou":27.4,"chart":"US5PWMDD"}},{"type":"Feature","geometry":{"type":"Point","coordinates":[-70.134058,43.683776]},"properties":{"objtype":"SOUNDG","valsou":26.2,"chart":"US5PWMDD"}},{"type":"Feature","geometry":{"type":"Point","coordinates":[-70.133787,43.677472]},"properties":{"objtype":"SOUNDG","valsou":27.7,"chart":"US5PWMDD"}},{"type":"Feature","geometry":{"type":"Point","coordinates":[-70.133705,43.701705]},"properties":{"objtype":"SOUNDG","valsou":8.5,"chart":"US5PWMDD"}},{"type":"Feature","geometry":{"type":"Point","coordinates":[-70.133456,43.690252]},"properties":{"objtype":"SOUNDG","valsou":21.0,"chart":"US5PWMDD"}},{"type":"Feature","geometry":{"type":"Point","coordinates":[-70.13303,43.652616]},"properties":{"objtype":"SOUNDG","valsou":36.2,"chart":"US5PWMDD"}},{"type":"Feature","geometry":{"type":"Point","coordinates":[-70.132943,43.681481]},"properties":{"objtype":"SOUNDG","valsou":27.7,"chart":"US5PWMDD"}},{"type":"Feature","geometry":{"type":"Point","coordinates":[-70.132464,43.716791]},"properties":{"objtype":"SOUNDG","valsou":6.0,"chart":"US5PWMDD"}},{"type":"Feature","geometry":{"type":"Point","coordinates":[-70.130391,43.706691]},"properties":{"objtype":"SOUNDG","valsou":3.3,"chart":"US5PWMDD"}},{"type":"Feature","geometry":{"type":"Point","coordinates":[-70.132428,43.697917]},"properties":{"objtype":"SOUNDG","valsou":14.3,"chart":"US5PWMDD"}},{"type":"Feature","geometry":{"type":"Point","coordinates":[-70.132338,43.705032]},"properties":{"objtype":"SOUNDG","valsou":10.6,"chart":"US5PWMDD"}},{"type":"Feature","geometry":{"type":"Point","coordinates":[-70.130305,43.712463]},"properties":{"objtype":"SOUNDG","valsou":6.4,"chart":"US5PWMDD"}},{"type":"Feature","geometry":{"type":"Point","coordinates":[-70.131179,43.708857]},"properties":{"objtype":"SOUNDG","valsou":15.2,"chart":"US5PWMDD"}},{"type":"Feature","geometry":{"type":"Point","coordinates":[-70.132144,43.688053]},"properties":{"objtype":"SOUNDG","valsou":28.6,"chart":"US5PWMDD"}},{"type":"Feature","geometry":{"type":"Point","coordinates":[-70.132106,43.670878]},"properties":{"objtype":"SOUNDG","valsou":28.3,"chart":"US5PWMDD"}},{"type":"Feature","geometry":{"type":"Point","coordinates":[-70.13199,43.696426]},"properties":{"objtype":"SOUNDG","valsou":15.8,"chart":"US5PWMDD"}},{"type":"Feature","geometry":{"type":"Point","coordinates":[-70.131988,43.685549]},"properties":{"objtype":"SOUNDG","valsou":28.0,"chart":"US5PWMDD"}},{"type":"Feature","geometry":{"type":"Point","coordinates":[-70.131854,43.692411]},"properties":{"objtype":"SOUNDG","valsou":19.8,"chart":"US5PWMDD"}},{"type":"Feature","geometry":{"type":"Point","coordinates":[-70.131421,43.718001]},"properties":{"objtype":"SOUNDG","valsou":3.6,"chart":"US5PWMDD"}},{"type":"Feature","geometry":{"type":"Point","coordinates":[-70.130693,43.683427]},"properties":{"objtype":"SOUNDG","valsou":31.0,"chart":"US5PWMDD"}},{"type":"Feature","geometry":{"type":"Point","coordinates":[-70.130408,43.652759]},"properties":{"objtype":"SOUNDG","valsou":29.5,"chart":"US5PWMDD"}},{"type":"Feature","geometry":{"type":"Point","coordinates":[-70.130267,43.676375]},"properties":{"objtype":"SOUNDG","valsou":30.7,"chart":"US5PWMDD"}},{"type":"Feature","geometry":{"type":"Point","coordinates":[-70.130159,43.70119]},"properties":{"objtype":"SOUNDG","valsou":18.8,"chart":"US5PWMDD"}},{"type":"Feature","geometry":{"type":"Point","coordinates":[-70.130076,43.680967]},"properties":{"objtype":"SOUNDG","valsou":32.6,"chart":"US5PWMDD"}},{"type":"Feature","geometry":{"type":"Point","coordinates":[-70.129675,43.674422]},"properties":{"objtype":"SOUNDG","valsou":29.8,"chart":"US5PWMDD"}},{"type":"Feature","geometry":{"type":"Point","coordinates":[-70.129305,43.687032]},"properties":{"objtype":"SOUNDG","valsou":29.8,"chart":"US5PWMDD"}},{"type":"Feature","geometry":{"type":"Point","coordinates":[-70.129298,43.678503]},"properties":{"objtype":"SOUNDG","valsou":31.6,"chart":"US5PWMDD"}},{"type":"Feature","geometry":{"type":"Point","coordinates":[-70.126739,43.71645]},"properties":{"objtype":"SOUNDG","valsou":3.3,"chart":"US5PWMDD"}},{"type":"Feature","geometry":{"type":"Point","coordinates":[-70.128509,43.708049]},"properties":{"objtype":"SOUNDG","valsou":0.3,"chart":"US5PWMDD"}},{"type":"Feature","geometry":{"type":"Point","coordinates":[-70.127076,43.714281]},"properties":{"objtype":"SOUNDG","valsou":1.8,"chart":"US5PWMDD"}},{"type":"Feature","geometry":{"type":"Point","coordinates":[-70.128995,43.709666]},"properties":{"objtype":"SOUNDG","valsou":1.2,"chart":"US5PWMDD"}},{"type":"Feature","geometry":{"type":"Point","coordinates":[-70.128781,43.670779]},"properties":{"objtype":"SOUNDG","valsou":25.6,"chart":"US5PWMDD"}},{"type":"Feature","geometry":{"type":"Point","coordinates":[-70.127305,43.719502]},"properties":{"objtype":"SOUNDG","valsou":0.1,"chart":"US5PWMDD"}},{"type":"Feature","geometry":{"type":"Point","coordinates":[-70.128681,43.696073]},"properties":{"objtype":"SOUNDG","valsou":20.4,"chart":"US5PWMDD"}},{"type":"Feature","geometry":{"type":"Point","coordinates":[-70.12862,43.691957]},"properties":{"objtype":"SOUNDG","valsou":29.5,"chart":"US5PWMDD"}},{"type":"Feature","geometry":{"type":"Point","coordinates":[-70.128562,43.703496]},"properties":{"objtype":"SOUNDG","valsou":19.5,"chart":"US5PWMDD"}},{"type":"Feature","geometry":{"type":"Point","coordinates":[-70.128073,43.653538]},"properties":{"objtype":"SOUNDG","valsou":24.9,"chart":"US5PWMDD"}},{"type":"Feature","geometry":{"type":"Point","coordinates":[-70.127519,43.682753]},"properties":{"objtype":"SOUNDG","valsou":31.0,"chart":"US5PWMDD"}},{"type":"Feature","geometry":{"type":"Point","coordinates":[-70.127376,43.700192]},"properties":{"objtype":"SOUNDG","valsou":20.7,"chart":"US5PWMDD"}},{"type":"Feature","geometry":{"type":"Point","coordinates":[-70.127328,43.689183]},"properties":{"objtype":"SOUNDG","valsou":30.1,"chart":"US5PWMDD"}},{"type":"Feature","geometry":{"type":"Point","coordinates":[-70.127152,43.67488]},"properties":{"objtype":"SOUNDG","valsou":20.1,"chart":"US5PWMDD"}},{"type":"Feature","geometry":{"type":"Point","coordinates":[-70.126739,43.655569]},"properties":{"objtype":"SOUNDG","valsou":25.2,"chart":"US5PWMDD"}},{"type":"Feature","geometry":{"type":"Point","coordinates":[-70.126582,43.677384]},"properties":{"objtype":"SOUNDG","valsou":24.6,"chart":"US5PWMDD"}},{"type":"Feature","geometry":{"type":"Point","coordinates":[-70.126497,43.702229]},"properties":{"objtype":"SOUNDG","valsou":21.9,"chart":"US5PWMDD"}},{"type":"Feature","geometry":{"type":"Point","coordinates":[-70.126487,43.69793]},"properties":{"objtype":"SOUNDG","valsou":20.7,"chart":"US5PWMDD"}},{"type":"Feature","geometry":{"type":"Point","coordinates":[-70.125721,43.675362]},"properties":{"objtype":"SOUNDG","valsou":12.8,"chart":"US5PWMDD"}},{"type":"Feature","geometry":{"type":"Point","coordinates":[-70.126411,43.671013]},"properties":{"objtype":"SOUNDG","valsou":18.8,"chart":"US5PWMDD"}},{"type":"Feature","geometry":{"type":"Point","coordinates":[-70.126265,43.705069]},"properties":{"objtype":"SOUNDG","valsou":19.2,"chart":"US5PWMDD"}},{"type":"Feature","geometry":{"type":"Point","coordinates":[-70.126237,43.706761]},"properties":{"objtype":"SOUNDG","valsou":15.2,"chart":"US5PWMDD"}},{"type":"Feature","geometry":{"type":"Point","coordinates":[-70.125953,43.718143]},"properties":{"objtype":"SOUNDG","valsou":0.3,"chart":"US5PWMDD"}},{"type":"Feature","geometry":{"type":"Point","coordinates":[-70.125945,43.714027]},"properties":{"objtype":"SOUNDG","valsou":0.3,"chart":"US5PWMDD"}},{"type":"Feature","geometry":{"type":"Point","coordinates":[-70.125421,43.652305]},"properties":{"objtype":"SOUNDG","valsou":11.5,"chart":"US5PWMDD"}},{"type":"Feature","geometry":{"type":"Point","coordinates":[-70.125396,43.679214]},"properties":{"objtype":"SOUNDG","valsou":25.6,"chart":"US5PWMDD"}},{"type":"Feature","geometry":{"type":"Point","coordinates":[-70.125336,43.691277]},"properties":{"objtype":"SOUNDG","valsou":28.0,"chart":"US5PWMDD"}},{"type":"Feature","geometry":{"type":"Point","coordinates":[-70.125323,43.669327]},"properties":{"objtype":"SOUNDG","valsou":19.5,"chart":"US5PWMDD"}},{"type":"Feature","geometry":{"type":"Point","coordinates":[-70.125195,43.695525]},"properties":{"objtype":"SOUNDG","valsou":22.5,"chart":"US5PWMDD"}},{"type":"Feature","geometry":{"type":"Point","coordinates":[-70.125129,43.68444]},"properties":{"objtype":"SOUNDG","valsou":29.8,"chart":"US5PWMDD"}},{"type":"Feature","geometry":{"type":"Point","coordinates":[-70.125096,43.68669]},"properties":{"objtype":"SOUNDG","valsou":28.6,"chart":"US5PWMDD"}},{"type":"Feature","geometry":{"type":"Point","coordinates":[-70.182572,43.651066]},"properties":{"objtype":"SOUNDG","valsou":6.7,"chart":"US5PWMDD"}},{"type":"Feature","geometry":{"type":"Point","coordinates":[-70.181901,43.65183]},"properties":{"objtype":"SOUNDG","valsou":0.3,"chart":"US5PWMDD"}},{"type":"Feature","geometry":{"type":"Point","coordinates":[-70.143929,43.659225]},"properties":{"objtype":"SOUNDG","valsou":16.1,"chart":"US5PWMDD"}},{"type":"Feature","geometry":{"type":"Point","coordinates":[-70.139312,43.659316]},"properties":{"objtype":"SOUNDG","valsou":31.0,"chart":"US5PWMDD"}},{"type":"Feature","geometry":{"type":"Point","coordinates":[-70.136828,43.660243]},"properties":{"objtype":"SOUNDG","valsou":30.7,"chart":"US5PWMDD"}},{"type":"Feature","geometry":{"type":"Point","coordinates":[-70.136914,43.655302]},"properties":{"objtype":"SOUNDG","valsou":32.9,"chart":"US5PWMDD"}},{"type":"Feature","geometry":{"type":"Point","coordinates":[-70.136687,43.662732]},"properties":{"objtype":"SOUNDG","valsou":29.8,"chart":"US5PWMDD"}},{"type":"Feature","geometry":{"type":"Point","coordinates":[-70.134914,43.65652]},"properties":{"objtype":"SOUNDG","valsou":31.6,"chart":"US5PWMDD"}},{"type":"Feature","geometry":{"type":"Point","coordinates":[-70.133121,43.662174]},"properties":{"objtype":"SOUNDG","valsou":28.9,"chart":"US5PWMDD"}},{"type":"Feature","geometry":{"type":"Point","coordinates":[-70.134677,43.658415]},"properties":{"objtype":"SOUNDG","valsou":30.4,"chart":"US5PWMDD"}},{"type":"Feature","geometry":{"type":"Point","coordinates":[-70.132149,43.666455]},"properties":{"objtype":"SOUNDG","valsou":28.0,"chart":"US5PWMDD"}},{"type":"Feature","geometry":{"type":"Point","coordinates":[-70.132144,43.660218]},"properties":{"objtype":"SOUNDG","valsou":28.9,"chart":"US5PWMDD"}},{"type":"Feature","geometry":{"type":"Point","coordinates":[-70.130073,43.655429]},"properties":{"objtype":"SOUNDG","valsou":33.8,"chart":"US5PWMDD"}},{"type":"Feature","geometry":{"type":"Point","coordinates":[-70.12961,43.661598]},"properties":{"objtype":"SOUNDG","valsou":28.0,"chart":"US5PWMDD"}},{"type":"Feature","geometry":{"type":"Point","coordinates":[-70.129504,43.668797]},"properties":{"objtype":"SOUNDG","valsou":28.3,"chart":"US5PWMDD"}},{"type":"Feature","geometry":{"type":"Point","coordinates":[-70.127409,43.660266]},"properties":{"objtype":"SOUNDG","valsou":28.0,"chart":"US5PWMDD"}},{"type":"Feature","geometry":{"type":"Point","coordinates":[-70.128217,43.666387]},"properties":{"objtype":"SOUNDG","valsou":28.0,"chart":"US5PWMDD"}},{"type":"Feature","geometry":{"type":"Point","coordinates":[-70.126872,43.661748]},"properties":{"objtype":"SOUNDG","valsou":28.3,"chart":"US5PWMDD"}},{"type":"Feature","geometry":{"type":"Point","coordinates":[-70.125187,43.658565]},"properties":{"objtype":"SOUNDG","valsou":28.9,"chart":"US5PWMDD"}},{"type":"Feature","geometry":{"type":"Point","coordinates":[-70.125061,43.661891]},"properties":{"objtype":"SOUNDG","valsou":29.5,"chart":"US5PWMDD"}},{"type":"Feature","geometry":{"type":"Point","coordinates":[-70.133862,43.674211]},"properties":{"objtype":"SOUNDG","valsou":28.0,"chart":"US5PWMDD"}}]}